partition,fold_id,mechanism,session_id,timestamp,expired_instrument_key,expiry_id,option_type,strike,entry_price_next_open,gross_return_pct,net_return_pct,stress_return_pct,forward_mfe_points,forward_mae_points,forward_expansion_pct,label_horizon_minutes,prior_5m_return_pct,previous_return,return_acceleration,prior_5m_volume_ratio,oi_change_ratio,breadth_positive,breadth_delta,surface_return_dispersion,option_asymmetry,mirror_return,directional_mass_shift,days_to_expiry,minute_of_day
research_oof,fold_1,extreme_pressure_continuation,2025-03-19,2025-03-19 04:45:00+00:00,NSE_FO|50183|20-03-2025,2025-03-20,CE,22450.0,460.05,2.162808390392346,2.062808390392346,1.162808390392346,20.149999999999977,1.75,4.379958700141284,5,8.76190476190477,6.511904761904774,2.2499999999999956,2.823529411764706,-0.0014569295210344199,0.8333333,0.0,3.122399581803868,23.99369284137496,-15.231788079470189,2.392569744577486,1,615
research_oof,fold_1,extreme_pressure_continuation,2025-03-21,2025-03-21 04:58:00+00:00,NSE_FO|49834|27-03-2025,2025-03-27,CE,23250.0,161.44,4.992566897918733,4.892566897918734,3.992566897918733,12.310000000000002,1.4399999999999977,7.6251238850346885,5,11.364419037123774,9.219858156028371,2.144560881095403,4.230051813471502,0.0,1.0,0.0,1.281023237064472,21.032092753135846,-9.667673716012072,1.115174777169159,6,628
research_oof,fold_1,extreme_pressure_continuation,2025-03-24,2025-03-24 04:20:00+00:00,NSE_FO|48251|27-03-2025,2025-03-27,CE,23050.0,499.1,-0.030054097375282328,-0.13005409737528234,-1.0300540973752823,0.3499999999999659,17.25,0.07012622720896933,5,7.9726651480637845,4.300251668672739,3.6724134793910457,2.810810810810811,0.0,1.0,0.0,1.2263598554908934,27.10099444588461,-19.128329297820823,-5.447397970216116,3,590
research_oof,fold_1,extreme_pressure_continuation,2025-03-26,2025-03-26 04:27:00+00:00,NSE_FO|49834|27-03-2025,2025-03-27,CE,23250.0,460.15,-1.9776159947843022,-2.0776159947843023,-2.977615994784302,8.150000000000034,20.149999999999977,1.7711615777463945,5,9.833155839545626,6.084656084656093,3.748499754889533,3.5,-0.00021077036568658446,1.0,0.0,3.318790720420149,33.261727268117056,-23.42857142857143,30.28790967131863,1,597
research_oof,fold_1,extreme_pressure_continuation,2025-03-27,2025-03-27 04:15:00+00:00,NSE_FO|48695|27-03-2025,2025-03-27,CE,23200.0,376.3,-7.175126229072548,-7.275126229072548,-8.175126229072548,16.099999999999966,35.0,4.278501195854362,5,8.468208092485563,13.377324535092994,-4.909116442607431,5.791271347248577,-0.053591003207340344,1.0,0.0,1.8623169257089696,11.736181948694712,-3.26797385620915,0.40138138739348506,0,585
research_oof,fold_1,extreme_pressure_continuation,2025-03-28,2025-03-28 05:00:00+00:00,NSE_FO|54755|03-04-2025,2025-04-03,CE,23700.0,111.1,18.856885688568873,18.75688568856887,17.856885688568873,28.340000000000003,0.6499999999999915,25.508550855085517,5,21.313240043057036,13.492927094668117,7.820312948388919,3.021868787276342,-0.005858791175943086,1.0,0.0,2.2416511830994588,35.13040682602981,-13.817166782972778,0.7484217898236238,6,630
research_oof,fold_1,extreme_pressure_continuation,2025-04-02,2025-04-02 05:47:00+00:00,NSE_FO|54754|03-04-2025,2025-04-03,PE,23650.0,381.95,-5.380285377667237,-5.4802853776672364,-6.380285377667237,2.75,20.55000000000001,0.7199895274250556,5,8.564552661381652,4.347212420606916,4.217340240774736,11.238095238095237,0.0,0.75,0.0,8.871040277843887,21.514192949151443,-12.949640287769792,422.5368148177913,1,677
research_oof,fold_1,extreme_pressure_continuation,2025-04-03,2025-04-03 04:54:00+00:00,NSE_FO|43892|09-04-2025,2025-04-09,CE,23100.0,304.35,-2.8256941021849915,-2.9256941021849916,-3.8256941021849915,2.1499999999999773,9.150000000000034,0.7064235255462386,5,9.276611021360615,5.3309156844968175,3.945695336863798,3.5,-0.038316878232252,1.0,0.0,1.5769129992535502,22.45026371597139,-13.173652694610771,-2.4318470123180305,6,624
research_oof,fold_1,extreme_pressure_continuation,2025-04-04,2025-04-04 05:31:00+00:00,NSE_FO|43892|09-04-2025,2025-04-09,CE,23100.0,94.6,-11.680761099365748,-11.780761099365748,-12.680761099365748,1.6500000000000057,14.509999999999991,1.7441860465116341,5,13.361294188136608,9.817073170731705,3.5442210174049027,2.838630806845966,0.0,1.0,0.0,0.6288139167585658,23.54692008056879,-10.185625892432181,1.1054880683332158,5,661
research_oof,fold_1,extreme_pressure_continuation,2025-04-08,2025-04-08 07:06:00+00:00,NSE_FO|43887|09-04-2025,2025-04-09,CE,23050.0,32.1,-5.295950155763249,-5.3959501557632485,-6.295950155763249,1.7999999999999972,6.850000000000001,5.6074766355140095,5,30.864197530864203,26.69584245076586,4.168355080098344,2.859341928035405,0.0,1.0,0.0,2.041987751846742,39.05801059217921,-8.193813061315003,-0.45076757605784223,1,756
research_oof,fold_1,extreme_pressure_continuation,2025-04-11,2025-04-11 05:06:00+00:00,NSE_FO|48189|17-04-2025,2025-04-17,PE,22700.0,198.4,-2.7217741935483897,-2.8217741935483898,-3.7217741935483897,7.599999999999994,6.599999999999994,3.83064516129032,5,18.252776943860695,4.689331770222749,13.563445173637946,4.864456567352077,-0.01821662865669961,0.875,0.25,8.685761332530484,30.099891303537873,-11.84711435967718,55.97618064853668,6,636
research_oof,fold_1,extreme_pressure_continuation,2025-04-16,2025-04-16 05:38:00+00:00,NSE_FO|48198|17-04-2025,2025-04-17,CE,22800.0,487.25,2.616726526423807,2.516726526423807,1.616726526423807,17.649999999999977,5.25,3.6223704463827557,5,8.997886775664554,4.811111111111099,4.186775664553455,3.8043478260869565,0.0,1.0,0.0,1.8036779862817605,26.961958631951976,-17.964071856287422,-36.476394752295164,1,668
research_oof,fold_1,extreme_pressure_continuation,2025-04-21,2025-04-21 04:25:00+00:00,NSE_FO|79537|24-04-2025,2025-04-24,CE,24050.0,144.9,-3.940648723257424,-4.040648723257424,-4.940648723257424,7.539999999999992,5.710000000000008,5.203588681849546,5,14.316736466573609,8.41944125526215,5.897295211311459,2.7531842626662892,0.0,0.85714287,0.023809552,5.414343080728382,31.011590296001,-16.69485382942739,-104.78489115209231,3,595
research_oof,fold_1,extreme_pressure_continuation,2025-04-22,2025-04-22 04:55:00+00:00,NSE_FO|79529|24-04-2025,2025-04-24,CE,24000.0,242.55,-7.895279323850754,-7.995279323850753,-8.895279323850755,0.549999999999983,22.200000000000017,0.2267573696145054,5,11.376564277588175,1.5761821366024442,9.80038214098573,3.0894151764137265,0.0,1.0,0.0,2.1846530572852507,20.854085541257675,-9.477521263669498,-12.592414092912804,2,625
research_oof,fold_1,extreme_pressure_continuation,2025-04-23,2025-04-23 04:37:00+00:00,NSE_FO|79546|24-04-2025,2025-04-24,PE,24050.0,31.45,-2.0667726550079446,-2.1667726550079447,-3.0667726550079446,3.0000000000000036,6.149999999999999,9.538950715421315,5,74.57142857142858,55.68862275449102,18.882805816937562,4.188109795759074,0.0,0.75,0.0,32.978772450105986,93.34631730415286,-18.774888732724282,-59.98244772470571,1,607
research_oof,fold_1,extreme_pressure_continuation,2025-04-24,2025-04-24 04:24:00+00:00,NSE_FO|79537|24-04-2025,2025-04-24,CE,24050.0,241.95,-5.703657780533161,-5.803657780533161,-6.703657780533161,4.900000000000006,27.25,2.025211820624098,5,17.682631833575236,8.53423336547734,9.148398468097897,2.8603896103896105,-0.031991229818616705,0.8333333,0.0,5.987454508864214,36.29965311017098,-18.617021276595747,-0.8679247047257377,0,594
research_oof,fold_1,extreme_pressure_continuation,2025-04-25,2025-04-25 06:17:00+00:00,NSE_FO|51989|30-04-2025,2025-04-30,PE,24200.0,382.8,2.089864158829676,1.989864158829676,1.089864158829676,18.599999999999966,6.900000000000034,4.858934169278988,5,11.250181924028514,7.771326485037955,3.478855438990559,3.93868349864743,0.0,0.875,0.0,3.738762861761184,24.64761782146442,-13.397435897435905,-249.85318209999605,5,707
research_oof,fold_1,extreme_pressure_continuation,2025-04-28,2025-04-28 04:35:00+00:00,NSE_FO|51990|30-04-2025,2025-04-30,CE,24250.0,128.8,5.240683229813664,5.140683229813664,4.240683229813664,11.799999999999983,3.8000000000000114,9.161490683229799,5,13.526570048309194,0.5134788189987249,13.013091229310469,3.1957947217254645,0.0,0.8333333,0.16666663,5.718759585266421,27.33294222008078,-13.806372171771585,-23.511849086204165,2,605
research_oof,fold_1,extreme_pressure_continuation,2025-04-29,2025-04-29 05:36:00+00:00,NSE_FO|52002|30-04-2025,2025-04-30,CE,24400.0,54.4,-8.731617647058824,-8.831617647058824,-9.731617647058824,1.1499999999999986,4.75,2.1139705882352913,5,22.086570477247513,11.419068736141913,10.6675017411056,2.864871167074735,-0.00023783063864012764,1.0,0.0,3.7963884647129778,36.08113569463882,-13.994565217391308,3.4059318866420654,1,666
research_oof,fold_1,extreme_pressure_continuation,2025-04-30,2025-04-30 05:26:00+00:00,NSE_FO|51990|30-04-2025,2025-04-30,CE,24250.0,87.4,7.151029748283752,7.051029748283752,6.151029748283752,10.949999999999989,3.4000000000000057,12.528604118993123,5,24.31289640591967,17.266811279826456,7.046085126093214,2.7952731601922483,0.0,1.0,0.0,22.565195893900118,19.165837582390253,5.147058823529416,6.7189138548747,0,656
research_oof,fold_1,extreme_pressure_continuation,2025-05-02,2025-05-02 05:53:00+00:00,NSE_FO|38601|08-05-2025,2025-05-08,PE,24250.0,125.9,0.19857029388403494,0.09857029388403493,-0.8014297061159651,11.599999999999994,4.950000000000003,9.213661636219218,5,13.580805794477136,12.393162393162394,1.1876434013147428,3.067058026642583,0.0,0.75,0.0,6.4008744314056125,21.270119885607354,-7.689314091130218,-8.714583229346317,6,683
research_oof,fold_1,extreme_pressure_continuation,2025-05-05,2025-05-05 04:21:00+00:00,NSE_FO|38606|08-05-2025,2025-05-08,CE,24400.0,175.25,11.897289586305275,11.797289586305276,10.897289586305275,23.349999999999994,2.8000000000000114,13.323823109843078,5,10.982478097622007,-2.5872442839951715,13.56972238161718,3.2110263072426113,-0.01670364296967943,1.0,1.0,0.8810422460431883,24.444862611480357,-13.46238451385835,,3,591
research_oof,fold_1,extreme_pressure_continuation,2025-05-06,2025-05-06 04:29:00+00:00,NSE_FO|38605|08-05-2025,2025-05-08,PE,24350.0,61.5,-6.829268292682931,-6.929268292682931,-7.829268292682931,4.5,4.950000000000003,7.317073170731707,5,7.8583765112262505,6.055209260908279,1.8031672503179719,3.2595981698826337,0.0,1.0,0.0,3.994726660005871,19.831952068616843,-11.973575557390593,-273.44829578022836,2,599
research_oof,fold_1,extreme_pressure_continuation,2025-05-07,2025-05-07 04:40:00+00:00,NSE_FO|38601|08-05-2025,2025-05-08,PE,24250.0,64.7,-4.327666151468321,-4.427666151468321,-5.327666151468321,1.1400000000000006,6.700000000000003,1.7619783616692433,5,24.762808349146106,27.916251246261226,-3.15344289711512,3.2884594268145384,0.0,0.875,0.25,12.385106862705882,43.17127829450129,-18.408469945355186,200.01381489746927,1,610
research_oof,fold_1,extreme_pressure_continuation,2025-05-08,2025-05-08 04:34:00+00:00,NSE_FO|38602|08-05-2025,2025-05-08,CE,24300.0,90.15,-7.154742096505827,-7.254742096505827,-8.154742096505828,1.1999999999999886,7.0,1.3311148086522335,5,21.189839572192515,5.449936628643859,15.739902943548657,2.9604542088373242,0.0,1.0,0.0,14.328359577640835,40.78443416678711,-19.594594594594593,6.584330129593582,0,604
research_oof,fold_1,extreme_pressure_continuation,2025-05-09,2025-05-09 04:41:00+00:00,NSE_FO|46237|15-05-2025,2025-05-15,CE,23950.0,289.8,17.78812974465149,17.688129744651487,16.78812974465149,51.849999999999966,4.300000000000011,17.89164941338853,5,11.17545541706615,4.718071175473737,6.457384241592413,4.436295251527974,0.0,1.0,0.0,0.9008227043047645,28.539434587473767,-17.363979170407617,-1.1804328672078555,6,611
research_oof,fold_1,extreme_pressure_continuation,2025-05-16,2025-05-16 04:32:00+00:00,NSE_FO|49255|22-05-2025,2025-05-22,CE,25050.0,182.35,-4.962983273923763,-5.062983273923763,-5.962983273923763,2.5999999999999943,11.349999999999994,1.4258294488620753,5,9.77534911961142,0.15033072760071153,9.625018392010709,2.77129354874162,0.0,1.0,0.0,0.9732438621978903,17.761131110132744,-7.985781990521323,-23.378820426041784,6,602
research_oof,fold_1,extreme_pressure_continuation,2025-05-19,2025-05-19 04:40:00+00:00,NSE_FO|49262|22-05-2025,2025-05-22,CE,25150.0,119.2,-1.7197986577181184,-1.8197986577181184,-2.719798657718118,2.299999999999997,6.5,1.9295302013422795,5,8.920402561756635,6.224066390041494,2.6963361717151413,3.7780229479258605,0.0,1.0,0.0,0.6743220294569306,13.368157403212255,-4.44775484145562,-0.1533674798301945,3,610
research_oof,fold_1,extreme_pressure_continuation,2025-05-20,2025-05-20 05:06:00+00:00,NSE_FO|49236|22-05-2025,2025-05-22,CE,24950.0,127.6,-0.7445141065830633,-0.8445141065830633,-1.7445141065830634,7.340000000000003,4.699999999999989,5.752351097178686,5,11.340659340659354,2.8761061946902755,8.464553145969077,6.4882585445245295,-0.004680126866248936,0.8333333,0.0,4.77474601518914,25.33642014739067,-13.995760806731317,14.077142828682554,2,636
research_oof,fold_1,extreme_pressure_continuation,2025-05-21,2025-05-21 05:35:00+00:00,NSE_FO|49256|22-05-2025,2025-05-22,PE,25050.0,227.7,-15.590689503732982,-15.690689503732981,-16.590689503732982,2.3000000000000114,40.599999999999994,1.0101010101010153,5,11.850931677018629,9.100050276520854,2.750881400497775,2.8604992657856094,0.0,0.75,0.0,8.041281975781239,37.0018371096142,-25.15090543259557,-667.1339233416147,1,665
research_oof,fold_1,extreme_pressure_continuation,2025-05-22,2025-05-22 06:07:00+00:00,NSE_FO|49237|22-05-2025,2025-05-22,PE,24950.0,419.05,0.7039732728791286,0.6039732728791286,-0.2960267271208714,8.849999999999966,13.0,2.1119198186373858,5,8.318026764628694,1.6411084207694548,6.676918343859239,19.894736842105264,-0.0037320762129247694,0.75,0.125,7.856525768359247,12.372080818682763,-4.054054054054069,1369.7436708965142,0,697
research_oof,fold_1,extreme_pressure_continuation,2025-05-23,2025-05-23 04:33:00+00:00,NSE_FO|61685|29-05-2025,2025-05-29,CE,24550.0,406.3,-1.7228648781688407,-1.8228648781688408,-2.7228648781688407,0.0,18.30000000000001,0.0,5,9.418918918918928,2.6582107677776134,6.760708151141315,4.595842956120093,-0.010818020154119739,1.0,0.0,1.0998065111454005,14.511280376732216,-5.092361457813288,0.7442502208177757,6,603
research_oof,fold_1,extreme_pressure_continuation,2025-05-26,2025-05-26 04:48:00+00:00,NSE_FO|61724|29-05-2025,2025-05-29,PE,24750.0,92.45,-0.3785830178474943,-0.47858301784749435,-1.3785830178474943,9.549999999999997,1.7999999999999972,10.329908058409949,5,9.99408633944412,13.125763125763124,-3.1316767863190034,3.561951219512195,-0.009935553168635876,0.875,0.25,5.7372640167637465,14.011420609765036,-4.017334270320916,567.5188953082688,3,618
research_oof,fold_2,extreme_pressure_continuation,2025-05-27,2025-05-27 05:25:00+00:00,NSE_FO|61687|29-05-2025,2025-05-29,CE,24600.0,332.7,-5.214908325819046,-5.3149083258190455,-6.214908325819046,2.8000000000000114,23.649999999999977,0.8415990381725312,5,7.935222672064768,4.0967975274544655,3.8384251446103024,4.808193668528864,0.0,1.0,0.0,0.48704192659435314,19.89535556243022,-11.960132890365449,-8.47641914279302,2,655
research_oof,fold_2,extreme_pressure_continuation,2025-05-28,2025-05-28 04:50:00+00:00,NSE_FO|61689|29-05-2025,2025-05-29,CE,24650.0,223.85,0.31270940361850214,0.21270940361850213,-0.6872905963814979,8.550000000000011,1.9499999999999886,3.8195220013401885,5,10.13563501849568,-0.8451347647327467,10.980769783228427,3.2359767891682787,0.0,1.0,0.8,0.5368725008664941,22.87694775980841,-12.741312741312727,110.49221377780486,1,620
research_oof,fold_2,extreme_pressure_continuation,2025-05-29,2025-05-29 04:32:00+00:00,NSE_FO|61693|29-05-2025,2025-05-29,CE,24750.0,113.7,10.554089709762533,10.454089709762533,9.554089709762533,20.700000000000003,9.0,18.20580474934037,5,13.972888425443152,-0.8474576271186529,14.820346052561804,3.0237980123556274,0.0,1.0,0.8,2.6141772521140845,30.096666927071812,-16.12377850162866,73.10973987828038,0,602
research_oof,fold_2,extreme_pressure_continuation,2025-06-02,2025-06-02 07:29:00+00:00,NSE_FO|40486|05-06-2025,2025-06-05,PE,24850.0,304.8,-2.477034120734912,-2.577034120734912,-3.477034120734912,0.0,17.900000000000034,0.0,5,8.321504613200847,6.178977272727271,2.1425273404735767,3.034990791896869,0.0,1.0,0.125,0.5607782786848667,26.61704800647684,-18.29554339327599,72.50023121166305,3,779
research_oof,fold_2,extreme_pressure_continuation,2025-06-03,2025-06-03 07:22:00+00:00,NSE_FO|40476|05-06-2025,2025-06-05,PE,24700.0,301.9,-2.2855250082808802,-2.3855250082808803,-3.2855250082808802,8.150000000000034,17.19999999999999,2.699569393839031,5,24.551268826077987,31.205211726384373,-6.653942900306387,4.597975603425902,0.0,0.875,0.25,8.002692425110007,40.06545322324111,-15.514184397163122,498.9259253715136,2,772
research_oof,fold_2,extreme_pressure_continuation,2025-06-04,2025-06-04 05:04:00+00:00,NSE_FO|40485|05-06-2025,2025-06-05,CE,24850.0,30.2,-4.470198675496682,-4.570198675496681,-5.470198675496682,1.0,3.5500000000000007,3.3112582781456954,5,19.09448818897639,14.970059880239518,4.124428308736871,3.047973224246932,0.0,1.0,0.0,7.221203232315814,25.42207439587295,-6.327586206896562,6.434780770112411,1,634
research_oof,fold_2,extreme_pressure_continuation,2025-06-05,2025-06-05 05:19:00+00:00,NSE_FO|40476|05-06-2025,2025-06-05,PE,24700.0,44.2,22.963800904977372,22.86380090497737,21.963800904977372,11.799999999999997,2.3500000000000014,26.696832579185514,5,30.814814814814806,3.183791606367592,27.631023208447214,3.8451797501345646,0.0,0.75,0.0,12.911831458788745,37.88677511258154,-7.071960297766733,-1152.0190152181785,0,649
research_oof,fold_2,extreme_pressure_continuation,2025-06-06,2025-06-06 04:36:00+00:00,NSE_FO|44858|12-06-2025,2025-06-12,CE,24850.0,161.55,-22.77932528628908,-22.87932528628908,-23.77932528628908,8.449999999999989,37.95000000000002,5.230578768183217,5,36.81318681318682,-1.2269938650306789,38.040180678217496,18.413692643845593,0.0,1.0,1.0,2.3825498194770667,67.82064236661829,-31.007455553431473,,6,606
research_oof,fold_2,extreme_pressure_continuation,2025-06-09,2025-06-09 08:45:00+00:00,NSE_FO|44855|12-06-2025,2025-06-12,PE,24750.0,36.5,-5.47945205479452,-5.57945205479452,-6.47945205479452,0.20000000000000284,2.8999999999999986,0.5479452054794599,5,9.090909090909104,5.2710843373493965,3.8198247535597076,5.438225976768743,0.0,0.75,-0.125,3.9011173317398766,10.456455309396494,-1.36554621848739,-152.20919215065805,3,855
research_oof,fold_2,extreme_pressure_continuation,2025-06-10,2025-06-10 04:21:00+00:00,NSE_FO|44858|12-06-2025,2025-06-12,CE,24850.0,317.1,-0.9303058971933287,-1.0303058971933288,-1.9303058971933287,0.0,12.100000000000023,0.0,5,10.423566323862632,3.7691001697792936,6.654466154083338,3.5535714285714284,-0.0022346368715083797,1.0,0.0,1.891403576491162,26.646970579181783,-16.223404255319153,1.1205239413575327,2,591
research_oof,fold_2,extreme_pressure_continuation,2025-06-11,2025-06-11 05:46:00+00:00,NSE_FO|44858|12-06-2025,2025-06-12,CE,24850.0,362.85,-3.238252721510266,-3.338252721510266,-4.238252721510266,0.049999999999954525,17.700000000000045,0.013779798814924768,5,9.31461352657006,1.6417910447761086,7.672822481793951,10.857142857142858,0.0,0.85714287,0.14285713,3.735566113384268,13.198108672201126,-3.8834951456310662,0.8432666778135172,1,676
research_oof,fold_2,extreme_pressure_continuation,2025-06-12,2025-06-12 05:48:00+00:00,NSE_FO|44858|12-06-2025,2025-06-12,CE,24850.0,206.9,8.893185113581442,8.793185113581442,7.893185113581442,22.5,2.9000000000000057,10.874818753020783,5,8.675078864353303,5.621761658031077,3.053317206322226,2.904,-0.03002910985138655,0.8333333,0.0,3.1578936404095392,32.062175638546854,-23.38709677419355,3.9704043088313483,0,678
research_oof,fold_2,extreme_pressure_continuation,2025-06-13,2025-06-13 05:42:00+00:00,NSE_FO|50983|19-06-2025,2025-06-19,PE,24400.0,101.7,-0.6882989183874167,-0.7882989183874167,-1.6882989183874169,1.7999999999999972,3.700000000000003,1.769911504424776,5,7.855626326963905,7.514761137949533,0.3408651890143721,3.1550232867598136,0.0,1.0,0.0,5.733002988349487,12.12865629366756,-4.273029966703657,433.09036239255875,6,672
research_oof,fold_2,extreme_pressure_continuation,2025-06-16,2025-06-16 04:17:00+00:00,NSE_FO|50980|19-06-2025,2025-06-19,PE,24350.0,41.65,-8.163265306122446,-8.263265306122445,-9.163265306122446,4.300000000000004,3.75,10.324129651860755,5,18.634423897581808,5.79310344827586,12.841320449305947,4.6973935155753335,0.0,1.0,0.0,5.0214454494554985,24.65117941928783,-6.016755521706019,-177.48888332318893,3,587
research_oof,fold_2,extreme_pressure_continuation,2025-06-17,2025-06-17 07:20:00+00:00,NSE_FO|50992|19-06-2025,2025-06-19,PE,24550.0,32.6,17.791411042944777,17.691411042944775,16.791411042944777,9.399999999999999,0.0,28.834355828220854,5,18.8405797101449,8.078994614003587,10.761585096141314,3.1027027027027025,0.0,0.75,-0.25,11.907287931240317,19.167784446822978,-0.32720473667807726,-345.2435809242452,2,770
research_oof,fold_2,extreme_pressure_continuation,2025-06-18,2025-06-18 06:37:00+00:00,NSE_FO|50991|19-06-2025,2025-06-19,CE,24550.0,290.25,-1.4814814814814854,-1.5814814814814855,-2.4814814814814854,5.550000000000011,7.25,1.9121447028423812,5,9.812819058423127,5.667938931297711,4.144880127125416,3.925925925925926,-0.014072847682119206,1.0,0.0,3.351685196201939,33.10952235512643,-23.296703296703303,-4.710748057394085,1,727
research_oof,fold_2,extreme_pressure_continuation,2025-06-20,2025-06-20 04:15:00+00:00,NSE_FO|62395|26-06-2025,2025-06-26,CE,24900.0,162.3,0.7085643869377555,0.6085643869377555,-0.2914356130622445,16.69999999999999,2.3000000000000114,10.289587184226733,5,21.034996276991812,16.73561489281685,4.299381384174961,3.6429032447339083,0.015377122182020595,1.0,0.0,2.5125838265778633,33.42195160721927,-12.386955330227456,0.5718890194839332,6,585
research_oof,fold_2,extreme_pressure_continuation,2025-06-23,2025-06-23 04:17:00+00:00,NSE_FO|62384|26-06-2025,2025-06-26,PE,24700.0,102.6,-14.814814814814806,-14.914814814814806,-15.814814814814806,2.4000000000000057,19.349999999999994,2.3391812865497132,5,14.317548746518094,11.473429951690829,2.8441187948272653,3.5233632862644417,0.0,0.75,0.125,5.909414267452852,21.085343378956843,-6.767794632438751,1.4964644842220878,3,587
research_oof,fold_2,extreme_pressure_continuation,2025-06-24,2025-06-24 05:36:00+00:00,NSE_FO|62393|26-06-2025,2025-06-26,CE,24850.0,469.9,-2.1068312406895036,-2.2068312406895036,-3.1068312406895036,9.600000000000023,16.75,2.042987869759528,5,8.574102234179449,5.722748815165879,2.85135341901357,3.74025974025974,-0.00015979546180888463,1.0,0.0,1.1581735249132377,15.308796111730462,-6.734693877551012,2.1556221184473543,2,666
research_oof,fold_2,extreme_pressure_continuation,2025-06-25,2025-06-25 06:54:00+00:00,NSE_FO|62393|26-06-2025,2025-06-26,CE,24850.0,383.85,1.0681255698840604,0.9681255698840604,0.06812556988406038,7.149999999999977,0.0,1.8627067865051392,5,8.072441387056006,1.6755319148936243,6.396909472162382,2.8461538461538463,0.0,1.0,0.0,1.3980548263364485,20.289635957191763,-12.217194570135758,-18.58386539577259,1,744
research_oof,fold_2,extreme_pressure_continuation,2025-06-26,2025-06-26 04:18:00+00:00,NSE_FO|62395|26-06-2025,2025-06-26,CE,24900.0,494.0,2.995951417004051,2.895951417004051,1.995951417004051,23.399999999999977,5.300000000000011,4.736842105263153,5,8.33057486483504,8.791208791208781,-0.4606339263737418,3.24,-0.007276269050074481,1.0,0.0,0.8682423613167076,19.75914629340646,-11.428571428571422,-1.0845608128220192,0,588
research_oof,fold_2,extreme_pressure_continuation,2025-06-27,2025-06-27 04:45:00+00:00,NSE_FO|56998|03-07-2025,2025-07-03,CE,25700.0,111.75,-4.250559284116331,-4.350559284116331,-5.250559284116331,2.0,5.950000000000003,1.7897091722595078,5,7.692307692307687,5.550146056475169,2.142161635832518,4.196778624047946,0.0,1.0,0.0,0.6423584460342056,12.435572716484533,-4.743265024176846,-0.8843057108279027,6,615
research_oof,fold_2,extreme_pressure_continuation,2025-06-30,2025-06-30 04:35:00+00:00,NSE_FO|56984|03-07-2025,2025-07-03,CE,25650.0,120.4,-0.8720930232558233,-0.9720930232558233,-1.8720930232558233,0.14999999999999147,10.300000000000011,0.12458471760796634,5,8.664259927797847,8.745950948634885,-0.08169102083703805,2.8418874987685943,0.0,0.8333333,0.0,3.3377692604519646,16.550793593633262,-7.886533665835415,-0.4002261157365865,3,605
research_oof,fold_2,extreme_pressure_continuation,2025-07-01,2025-07-01 05:09:00+00:00,NSE_FO|56998|03-07-2025,2025-07-03,CE,25700.0,54.4,-9.926470588235292,-10.026470588235291,-10.926470588235292,0.0,5.649999999999999,0.0,5,8.383233532934131,2.6785714285714413,5.70466210436269,2.890326463066045,-0.010798942510194023,1.0,0.0,1.400844586321892,11.340222780245956,-2.9569892473118253,-14.492024340550415,2,639
research_oof,fold_2,extreme_pressure_continuation,2025-07-02,2025-07-02 04:20:00+00:00,NSE_FO|56888|03-07-2025,2025-07-03,CE,25550.0,87.0,-2.126436781609189,-2.226436781609189,-3.126436781609189,1.0,6.700000000000003,1.1494252873563218,5,10.1010101010101,4.429195258889584,5.671814842120516,2.834798190971926,0.036302857053595136,0.8333333,0.0,4.804053655841141,20.81529581529582,-10.71428571428572,2.353867872945557,1,590
research_oof,fold_2,extreme_pressure_continuation,2025-07-03,2025-07-03 04:24:00+00:00,NSE_FO|56888|03-07-2025,2025-07-03,CE,25550.0,46.2,11.038961038961027,10.938961038961027,10.038961038961027,8.799999999999997,8.200000000000003,19.04761904761904,5,68.86446886446886,43.9453125,24.91915636446886,3.177043490901162,0.0,1.0,0.0,11.426181889589966,84.81888481888481,-15.954415954415957,6.635525307341595,0,594
research_oof,fold_2,extreme_pressure_continuation,2025-07-04,2025-07-04 05:52:00+00:00,NSE_FO|40041|10-07-2025,2025-07-10,PE,25350.0,113.1,-3.8461538461538414,-3.9461538461538415,-4.846153846153841,4.0,4.449999999999989,3.5366931918656057,5,13.239719157472418,8.386778490379875,4.852940667092543,4.452830188679245,0.0,1.0,0.375,3.411865965653284,20.98656789696821,-7.746848739495793,516.752251001566,6,682
research_oof,fold_2,extreme_pressure_continuation,2025-07-07,2025-07-07 04:24:00+00:00,NSE_FO|40040|10-07-2025,2025-07-10,CE,25350.0,200.0,-3.6249999999999996,-3.7249999999999996,-4.625,12.0,8.949999999999989,6.0,5,7.787658313123136,3.986181238373643,3.801477074749493,3.0414507772020727,0.0,0.8333333,0.0,4.160684023168314,15.20005723495602,-7.412398921832885,-3.475936191753135,3,594
research_oof,fold_2,extreme_pressure_continuation,2025-07-08,2025-07-08 06:56:00+00:00,NSE_FO|40051|10-07-2025,2025-07-10,CE,25550.0,60.85,-1.725554642563688,-1.8255546425636882,-2.7255546425636883,0.19999999999999574,3.6000000000000014,0.3286770747740275,5,10.636363636363644,6.495882891125349,4.140480745238295,3.975651189127973,0.0,0.8333333,0.0,3.831293573333609,18.303750245434927,-7.667386609071281,1.5684659791513695,2,746
research_oof,fold_2,extreme_pressure_continuation,2025-07-09,2025-07-09 04:26:00+00:00,NSE_FO|40051|10-07-2025,2025-07-10,CE,25550.0,55.5,6.036036036036039,5.93603603603604,5.036036036036039,8.900000000000006,0.20000000000000284,16.036036036036048,5,16.719242902208208,3.2820512820512793,13.437191620156929,3.235218421943786,0.009614225194736292,0.8333333,0.0,5.76054466171988,26.977001976379697,-10.25775907417149,5.638935760482127,1,596
research_oof,fold_2,extreme_pressure_continuation,2025-07-10,2025-07-10 04:24:00+00:00,NSE_FO|40046|10-07-2025,2025-07-10,PE,25400.0,39.2,-22.193877551020414,-22.293877551020415,-23.193877551020414,6.799999999999997,9.650000000000002,17.346938775510196,5,83.80281690140843,53.362255965292846,30.440560936115588,2.956797978941018,-0.10930722518279837,0.75,0.125,40.7661477384896,108.33566801653802,-24.532851115129596,42.62698736786842,0,594
research_oof,fold_2,extreme_pressure_continuation,2025-07-11,2025-07-11 04:30:00+00:00,NSE_FO|47286|17-07-2025,2025-07-17,PE,25150.0,64.8,9.027777777777791,8.927777777777791,8.027777777777791,9.200000000000003,0.3999999999999915,14.197530864197535,5,9.282700421940927,5.882352941176472,3.400347480764455,3.2377411108528933,0.008248341971799588,0.75,0.0,3.714451215474543,14.828627631646308,-5.545927209705381,57.20430358488011,6,600
research_oof,fold_2,extreme_pressure_continuation,2025-07-14,2025-07-14 04:22:00+00:00,NSE_FO|47287|17-07-2025,2025-07-17,CE,25200.0,82.65,3.7507562008469377,3.6507562008469376,2.7507562008469377,5.799999999999997,2.6500000000000057,7.017543859649118,5,14.068965517241395,11.950549450549453,2.1184160666919425,4.0802210062158,0.0,0.8333333,0.0,5.834747447499614,21.859249877430976,-7.790284360189581,-3.1836336766864406,3,592
research_oof,fold_2,extreme_pressure_continuation,2025-07-15,2025-07-15 05:01:00+00:00,NSE_FO|47282|17-07-2025,2025-07-17,CE,25150.0,84.0,4.702380952380956,4.6023809523809565,3.702380952380956,7.650000000000006,2.0,9.107142857142863,5,12.82740094022834,12.10670314637483,0.7206977938535104,3.005971040453799,0.0,0.8333333,0.0,5.580732774650807,26.086186882720355,-13.258785942492013,2.1373470269281825,2,631
research_oof,fold_2,extreme_pressure_continuation,2025-07-16,2025-07-16 05:14:00+00:00,NSE_FO|47286|17-07-2025,2025-07-17,PE,25150.0,70.8,0.07062146892654966,-0.029378531073450342,-0.9293785310734504,2.200000000000003,3.5999999999999943,3.1073446327683656,5,11.067503924646772,-4.4510385756676545,15.518542500314426,3.2609492912053035,0.0,0.75,0.625,5.0143156543134175,16.401966244714508,-5.334462320067734,-1835.7845925171787,1,644
research_oof,fold_2,extreme_pressure_continuation,2025-07-17,2025-07-17 07:18:00+00:00,NSE_FO|47292|17-07-2025,2025-07-17,PE,25250.0,66.25,-3.3962264150943398,-3.49622641509434,-4.39622641509434,3.0,6.399999999999999,4.528301886792453,5,32.732732732732714,-1.2422360248447228,33.974968757577436,3.016870481121128,-0.0325080966994578,0.75,0.625,25.734259551543207,76.62413544766484,-43.89140271493213,-2022.4563102063767,0,768
research_oof,fold_2,extreme_pressure_continuation,2025-07-18,2025-07-18 04:18:00+00:00,NSE_FO|49489|24-07-2025,2025-07-24,PE,25000.0,95.5,-6.439790575916236,-6.539790575916236,-7.439790575916236,0.5,7.5,0.5235602094240838,5,7.909604519774005,9.581881533101043,-1.6722770133270384,2.8939401174729,0.01189589373918425,0.75,0.0,4.839603392304045,10.980288181419418,-3.0706836616454125,37.90692043168019,6,588
research_oof,fold_2,extreme_pressure_continuation,2025-07-21,2025-07-21 04:17:00+00:00,NSE_FO|49519|24-07-2025,2025-07-24,CE,25200.0,45.8,12.663755458515293,12.563755458515294,11.663755458515293,10.600000000000001,2.0,23.144104803493455,5,35.45051698670605,15.955766192733023,19.494750793973026,3.7502362629944646,-0.039783227958035156,1.0,0.0,2.5414152667285244,49.137916737196164,-13.687399750490115,2.9821884981174662,3,587
research_oof,fold_2,extreme_pressure_continuation,2025-07-22,2025-07-22 06:21:00+00:00,NSE_FO|49491|24-07-2025,2025-07-24,PE,25050.0,70.3,-16.358463726884782,-16.458463726884784,-17.358463726884782,0.29999999999999716,15.0,0.42674253200568585,5,11.041009463722418,9.512761020881655,1.5282484428407628,4.647105788423153,0.0,0.75,0.125,4.979239121221247,19.68937818459243,-8.648368720870014,-0.3906551664658764,2,711
research_oof,fold_2,extreme_pressure_continuation,2025-07-23,2025-07-23 05:34:00+00:00,NSE_FO|49519|24-07-2025,2025-07-24,CE,25200.0,38.65,-6.338939197930131,-6.4389391979301305,-7.338939197930131,1.25,3.799999999999997,3.2341526520051747,5,21.800947867298582,23.452768729641683,-1.6518208623431008,5.234017270062584,0.0,0.85714287,0.14285713,8.287221019254185,33.736755289565394,-11.935807422266809,-20.56557595200502,1,664
research_oof,fold_2,extreme_pressure_continuation,2025-07-24,2025-07-24 06:28:00+00:00,NSE_FO|49495|24-07-2025,2025-07-24,PE,25100.0,48.65,38.84892086330935,38.74892086330935,37.84892086330935,19.699999999999996,1.1999999999999957,40.49331963001027,5,68.57638888888889,67.71378708551484,0.8626018033740479,3.011510442342152,0.0,0.75,0.125,35.29250052693437,95.57488059326295,-26.99849170437406,108.82593212745633,0,718
research_oof,fold_2,extreme_pressure_continuation,2025-07-25,2025-07-25 04:45:00+00:00,NSE_FO|55796|31-07-2025,2025-07-31,PE,24900.0,123.95,3.0657523194836602,2.96575231948366,2.0657523194836602,14.700000000000003,1.6000000000000085,11.859620814844698,5,12.61384335154827,5.234410559854341,7.3794327916939295,6.0558912999391605,0.0,0.75,0.0,5.027989083247762,20.412803490196453,-7.798960138648181,-253.40395056239868,6,615
research_oof,fold_3,extreme_pressure_continuation,2025-07-28,2025-07-28 04:39:00+00:00,NSE_FO|55799|31-07-2025,2025-07-31,CE,25000.0,65.85,6.074411541381929,5.974411541381929,5.074411541381929,4.050000000000011,4.699999999999996,6.150341685649221,5,12.564102564102564,10.630630630630634,1.93347193347193,4.018919708029197,-0.01186117223810002,1.0,0.0,0.9038034734056178,17.98317770861123,-5.419075144508668,-0.46338204704079544,3,609
research_oof,fold_3,extreme_pressure_continuation,2025-07-29,2025-07-29 04:43:00+00:00,NSE_FO|55802|31-07-2025,2025-07-31,PE,25050.0,372.75,4.896042924211938,4.796042924211938,3.8960429242119377,21.25,3.75,5.700871898054997,5,11.162513057752577,9.171820787449093,1.9906922703034837,4.6440677966101696,0.0,0.75,-0.125,6.004284128773862,28.645030540270056,-17.48251748251748,-9.458768808428431,2,613
research_oof,fold_3,extreme_pressure_continuation,2025-07-30,2025-07-30 05:42:00+00:00,NSE_FO|55795|31-07-2025,2025-07-31,CE,24900.0,43.7,21.052631578947356,20.952631578947354,20.052631578947356,17.349999999999994,0.7000000000000028,39.70251716247138,5,24.4665718349929,18.497109826589586,5.969462008403315,2.966686800167263,-0.002784918594687232,0.75,0.0,11.537797972974365,39.45228028742247,-14.98570845242957,1.875308343955112,1,672
research_oof,fold_3,extreme_pressure_continuation,2025-07-31,2025-07-31 04:31:00+00:00,NSE_FO|55798|31-07-2025,2025-07-31,PE,24950.0,294.0,1.088435374149656,0.988435374149656,0.08843537414965597,16.0,0.5500000000000114,5.442176870748299,5,16.08901142181962,15.47479484173504,0.6142165800845802,8.004089979550102,0.0,0.875,0.25,5.483604697573202,43.08901142181962,-27.0,596.0295694862034,0,601
research_oof,fold_3,extreme_pressure_continuation,2025-08-01,2025-08-01 04:51:00+00:00,NSE_FO|39860|07-08-2025,2025-08-07,CE,24850.0,120.05,-4.123281965847566,-4.2232819658475655,-5.123281965847566,1.9500000000000028,12.049999999999997,1.6243231986672244,5,14.449213161659525,8.826247689463962,5.622965472195563,3.282761006833319,0.014717906786590351,1.0,0.0,1.4888524811242156,24.031522743969106,-9.582309582309579,-1.242073932364292,6,621
research_oof,fold_3,extreme_pressure_continuation,2025-08-04,2025-08-04 04:15:00+00:00,NSE_FO|39853|07-08-2025,2025-08-07,PE,24650.0,160.6,-12.640099626400985,-12.740099626400985,-13.640099626400985,24.099999999999994,45.599999999999994,15.006226650062263,5,25.86206896551724,23.475851148060165,2.386217817457073,3.2647967061245495,0.0,1.0,0.0,2.294841379874212,45.70913187827358,-19.847062912756343,0.024661955892952392,3,585
research_oof,fold_3,extreme_pressure_continuation,2025-08-05,2025-08-05 05:01:00+00:00,NSE_FO|39857|07-08-2025,2025-08-07,PE,24750.0,189.0,-3.227513227513225,-3.327513227513225,-4.227513227513224,1.75,10.400000000000006,0.9259259259259258,5,10.461718293395684,7.8893740902474585,2.5723442031482255,3.2137823022709475,0.0,0.75,0.125,4.99935582487284,21.958823338887836,-11.497105045492152,88.70210050076275,2,631
research_oof,fold_3,extreme_pressure_continuation,2025-08-06,2025-08-06 04:22:00+00:00,NSE_FO|39852|07-08-2025,2025-08-07,CE,24650.0,93.5,-6.042780748663108,-6.142780748663108,-7.042780748663108,1.4000000000000057,10.099999999999994,1.4973262032085621,5,12.11031175059951,2.9922202274087484,9.118091523190763,3.070489565047786,0.0,1.0,0.0,2.2158623938668067,25.40657059792004,-13.29625884732053,-4.149241152903414,1,592
research_oof,fold_3,extreme_pressure_continuation,2025-08-07,2025-08-07 04:28:00+00:00,NSE_FO|39853|07-08-2025,2025-08-07,PE,24650.0,166.45,-0.3604686091919461,-0.4604686091919461,-1.3604686091919462,8.550000000000011,8.049999999999983,5.136677680985288,5,13.698630136986312,6.915629322268324,6.783000814717988,4.0392347600518805,0.0,0.75,0.0,8.844690170684002,33.59912764942412,-19.90049751243781,-309.919923351561,0,598
research_oof,fold_3,extreme_pressure_continuation,2025-08-08,2025-08-08 05:02:00+00:00,NSE_FO|44471|14-08-2025,2025-08-14,PE,24450.0,125.25,1.117764471057889,1.0177644710578888,0.1177644710578889,4.449999999999989,6.950000000000003,3.5528942115768376,5,10.512367491166064,16.481481481481474,-5.96911399031541,3.4876533375816474,0.0,1.0,0.0,0.9167558533251529,19.7095375926733,-9.197170101507234,-1.611839712710207,6,632
research_oof,fold_3,extreme_pressure_continuation,2025-08-11,2025-08-11 04:54:00+00:00,NSE_FO|44496|14-08-2025,2025-08-14,CE,24650.0,52.85,0.09460737937558591,-0.005392620624414091,-0.9053926206244141,1.5499999999999972,2.6000000000000014,2.932828760643325,5,8.410256410256412,-0.6916996047430901,9.101956014999502,3.222979193518689,-0.009167187209832357,1.0,1.0,0.849327555562988,12.151822552149683,-3.741566141893271,,3,624
research_oof,fold_3,extreme_pressure_continuation,2025-08-12,2025-08-12 04:15:00+00:00,NSE_FO|44496|14-08-2025,2025-08-14,CE,24650.0,97.0,-0.670103092783511,-0.770103092783511,-1.670103092783511,5.0,5.150000000000006,5.154639175257731,5,15.572792362768496,7.314218841427733,8.258573521340763,3.1623677727865527,-0.02508911721534913,1.0,0.0,2.08423402384606,30.30649072016023,-14.733698357391734,2.4125168273567397,2,585
research_oof,fold_3,extreme_pressure_continuation,2025-08-13,2025-08-13 04:18:00+00:00,NSE_FO|44496|14-08-2025,2025-08-14,CE,24650.0,61.8,-7.524271844660192,-7.624271844660192,-8.524271844660191,0.9000000000000057,8.5,1.4563106796116598,5,12.682481751824826,-0.27247956403269047,12.954961315857517,3.0427429630487666,0.0,1.0,1.0,2.0642835275965647,22.43107077183508,-9.748589020010257,,1,588
research_oof,fold_3,extreme_pressure_continuation,2025-08-14,2025-08-14 04:56:00+00:00,NSE_FO|44496|14-08-2025,2025-08-14,CE,24650.0,53.1,-5.461393596986815,-5.5613935969868145,-6.461393596986815,0.8999999999999986,6.550000000000004,1.6949152542372854,5,35.93350383631713,17.801047120418833,18.132456715898297,3.829908229681836,-0.10566300684790016,1.0,0.0,9.446835614766307,59.1893177898055,-23.25581395348837,6.820451779029099,0,626
research_oof,fold_3,extreme_pressure_continuation,2025-08-18,2025-08-18 07:14:00+00:00,NSE_FO|47221|21-08-2025,2025-08-21,CE,24950.0,111.3,0.8086253369272288,0.7086253369272288,-0.19137466307277118,5.700000000000003,2.3999999999999915,5.121293800539086,5,10.173697270471461,11.985957873620867,-1.8122606031494062,2.8333558588998513,0.0,1.0,0.0,0.9520542139355582,20.313432132528078,-10.139734862056615,2.525925863883458,3,764
research_oof,fold_3,extreme_pressure_continuation,2025-08-19,2025-08-19 04:43:00+00:00,NSE_FO|47231|21-08-2025,2025-08-21,CE,25000.0,61.55,-3.736799350121848,-3.836799350121848,-4.7367993501218475,0.8500000000000014,6.75,1.3809910641754695,5,21.90287413280474,17.021276595744684,4.881597537060056,3.231089720566051,0.0,0.8333333,0.0,8.415042218830575,34.70227533040953,-12.799401197604787,0.3160295208908792,2,613
research_oof,fold_3,extreme_pressure_continuation,2025-08-20,2025-08-20 05:07:00+00:00,NSE_FO|47248|21-08-2025,2025-08-21,CE,25050.0,52.4,7.061068702290083,6.961068702290083,6.061068702290083,3.8500000000000014,4.699999999999996,7.347328244274812,5,19.4508009153318,11.83628318584069,7.61451772949111,3.3566389960637593,0.0,1.0,0.0,3.804013388107515,30.172144788849597,-10.721343873517796,3.20376092551669,1,637
research_oof,fold_3,extreme_pressure_continuation,2025-08-21,2025-08-21 07:03:00+00:00,NSE_FO|47248|21-08-2025,2025-08-21,CE,25050.0,67.8,16.44542772861358,16.34542772861358,15.44542772861358,13.850000000000009,3.8499999999999943,20.427728613569336,5,16.82484900776531,-5.835962145110408,22.660811152875716,4.054408602150538,-0.028093844130499344,1.0,1.0,4.699227171512335,49.06974696694898,-32.244897959183675,,0,753
research_oof,fold_3,extreme_pressure_continuation,2025-08-22,2025-08-22 07:56:00+00:00,NSE_FO|71976|28-08-2025,2025-08-28,CE,25050.0,70.4,-3.6931818181818303,-3.7931818181818304,-4.693181818181831,0.7999999999999972,3.6000000000000085,1.1363636363636322,5,8.12260536398468,5.0808314087759765,3.041773955208704,3.1427293064876958,0.0,0.8333333,0.0,3.173703453712748,15.082628372325201,-6.960023008340521,1.9322510018864705,6,806
research_oof,fold_3,extreme_pressure_continuation,2025-08-25,2025-08-25 04:50:00+00:00,NSE_FO|71972|28-08-2025,2025-08-28,CE,24950.0,84.95,3.590347263095935,3.490347263095935,2.590347263095935,4.799999999999997,2.549999999999997,5.650382577987047,5,9.131832797427641,6.144200626959262,2.9876321704683795,3.0545832421789543,0.024238142049643648,0.8333333,0.0,3.9105084209665137,19.078973595121052,-9.947140797693411,-0.5432857472078467,3,620
research_oof,fold_3,extreme_pressure_continuation,2025-08-26,2025-08-26 04:45:00+00:00,NSE_FO|71973|28-08-2025,2025-08-28,PE,24950.0,188.5,-11.24668435013262,-11.34668435013262,-12.24668435013262,2.6999999999999886,24.400000000000006,1.4323607427055642,5,9.985401459854003,1.9971056439942014,7.988295815859802,3.0750367827366354,-0.004549180327868853,0.875,0.0,4.754170276252736,19.461207911466914,-9.475806451612911,-534.2073576155417,2,615
research_oof,fold_3,extreme_pressure_continuation,2025-08-28,2025-08-28 05:04:00+00:00,NSE_FO|48945|02-09-2025,2025-09-02,CE,24800.0,61.65,-7.380373073803727,-7.480373073803727,-8.380373073803728,5.750000000000007,5.049999999999997,9.326845093268462,5,16.03773584905661,5.982905982905984,10.054829866150627,4.5505836575875485,0.0,1.0,0.0,1.1638397347501617,24.769635805177714,-8.731899956121103,6.4501393985665345,5,634
research_oof,fold_3,extreme_pressure_continuation,2025-08-29,2025-08-29 04:52:00+00:00,NSE_FO|48937|02-09-2025,2025-09-02,CE,24650.0,52.75,5.213270142180095,5.113270142180095,4.213270142180095,4.600000000000001,1.1499999999999986,8.720379146919434,5,11.876988335100735,12.632696390658161,-0.7557080555574256,2.9795288550560644,0.0,1.0,0.0,1.2961590498814153,21.50703634413773,-9.630048009036996,-4.525189689571562,4,622
research_oof,fold_3,extreme_pressure_continuation,2025-09-01,2025-09-01 04:52:00+00:00,NSE_FO|48944|02-09-2025,2025-09-02,PE,24750.0,221.45,-9.70873786407767,-9.808737864077669,-10.70873786407767,0.5500000000000114,22.149999999999977,0.24836306163920135,5,7.456140350877205,6.216348507097402,1.2397918437798028,3.0614250614250613,0.0,1.0,0.0,2.7115310013782703,23.60197368421053,-16.145833333333325,-2.111701172500034,1,622
research_oof,fold_3,extreme_pressure_continuation,2025-09-02,2025-09-02 04:27:00+00:00,NSE_FO|48941|02-09-2025,2025-09-02,CE,24750.0,30.95,25.040387722132486,24.940387722132485,24.040387722132486,8.95,2.1499999999999986,28.91760904684976,5,18.32061068702291,17.28110599078341,1.0395046962395007,2.8474766790725092,0.0,1.0,0.0,4.702937033666568,32.16532537364594,-13.844714686623028,-4.134901791931043,0,597
research_oof,fold_3,extreme_pressure_continuation,2025-12-01,2025-12-01 06:12:00+00:00,NSE_FO|46808|02-12-2025,2025-12-02,PE,26250.0,78.45,37.60356915232632,37.50356915232632,36.60356915232632,31.0,2.8500000000000085,39.51561504142766,5,33.10696095076402,10.469011725293132,22.637949225470887,7.728358548515527,-0.2055124762555628,0.75,0.125,13.007599854681485,57.98618800390412,-24.879227053140095,102.44931374800944,1,702
research_oof,fold_3,extreme_pressure_continuation,2025-12-02,2025-12-02 09:07:00+00:00,NSE_FO|46808|02-12-2025,2025-12-02,PE,26250.0,241.45,-1.6773659142679573,-1.7773659142679574,-2.6773659142679573,3.5500000000000114,11.049999999999983,1.470283702629949,5,13.726415094339629,11.063627730294412,2.662787364045217,3.5182481751824817,0.0,0.75,0.125,14.794678551721645,22.817324185248722,-9.090909090909093,723.7907762970572,0,877
research_oof,fold_3,extreme_pressure_continuation,2025-12-03,2025-12-03 04:33:00+00:00,NSE_FO|41880|09-12-2025,2025-12-09,PE,25900.0,108.5,-0.04608294930875314,-0.14608294930875315,-1.0460829493087531,5.799999999999997,1.1500000000000057,5.3456221198156655,5,10.7033639143731,0.4451038575667754,10.258260056806325,3.303892215568862,-0.007767069252978732,1.0,0.0,2.8672406249363167,20.277258197005246,-9.573894282632144,-1329.7372706361566,6,603
research_oof,fold_3,extreme_pressure_continuation,2025-12-04,2025-12-04 04:37:00+00:00,NSE_FO|41905|09-12-2025,2025-12-09,CE,26050.0,124.15,-4.792589609343538,-4.8925896093435375,-5.792589609343538,0.04999999999999716,10.900000000000006,0.04027386226338877,5,7.542262678803646,2.203023758099354,5.339238920704292,3.478757530709647,0.0,1.0,0.0,0.5707017797784206,16.708929345470313,-9.166666666666668,-1.2843634956298047,5,607
research_oof,fold_3,extreme_pressure_continuation,2025-12-05,2025-12-05 04:33:00+00:00,NSE_FO|41903|09-12-2025,2025-12-09,CE,26000.0,151.0,5.397350993377487,5.297350993377488,4.397350993377487,35.80000000000001,0.4000000000000057,23.708609271523187,5,18.310412573673872,4.574383452665054,13.73602912100882,3.5554199963399014,-0.011881865196392699,1.0,0.0,1.6449965313428563,43.21338799411372,-24.902975420439844,-2.3358214080071775,4,603
research_oof,fold_3,extreme_pressure_continuation,2025-12-08,2025-12-08 04:45:00+00:00,NSE_FO|41905|09-12-2025,2025-12-09,CE,26050.0,120.4,-8.056478405315616,-8.156478405315616,-9.056478405315616,1.5999999999999943,16.35000000000001,1.328903654485045,5,9.05797101449275,9.795728876508814,-0.7377578620160641,3.104963774624274,0.07861737203394412,0.8333333,0.0,3.4819416669412817,27.828552792758387,-18.770581778265637,-1.50100770850986,1,615
research_oof,fold_3,extreme_pressure_continuation,2025-12-09,2025-12-09 06:36:00+00:00,NSE_FO|41879|09-12-2025,2025-12-09,CE,25900.0,40.85,-4.406364749082018,-4.506364749082017,-5.406364749082018,3.049999999999997,6.050000000000004,7.466340269277838,5,48.007246376811594,32.99389002036659,15.013356356445001,3.1907996818484086,-0.0748048196665017,0.8333333,0.0,20.958581113498916,78.904256343589,-30.89700996677741,7.152036604795285,0,726
research_oof,fold_3,extreme_pressure_continuation,2025-12-10,2025-12-10 05:25:00+00:00,NSE_FO|48211|16-12-2025,2025-12-16,PE,25750.0,75.3,14.608233731739709,14.50823373173971,13.608233731739709,14.350000000000009,5.849999999999994,19.05710491367863,5,17.76212832550861,16.55737704918032,1.2047512763282882,3.292515395547134,-0.010744614747307374,0.75,0.125,9.009163699011031,26.56159770423954,-8.79946937873093,49.50231248576165,6,655
research_oof,fold_3,extreme_pressure_continuation,2025-12-11,2025-12-11 04:36:00+00:00,NSE_FO|48218|16-12-2025,2025-12-16,CE,25850.0,100.35,-0.9965122072745392,-1.0965122072745392,-1.9965122072745392,2.3000000000000114,6.75,2.2919780767314513,5,21.40266021765418,15.032679738562083,6.3699804790920975,5.113191064520155,0.0,1.0,0.0,8.437114274736818,41.41416108021888,-20.011500862564702,14.63890367701606,5,606
research_oof,fold_3,extreme_pressure_continuation,2025-12-12,2025-12-12 04:45:00+00:00,NSE_FO|48222|16-12-2025,2025-12-16,CE,25950.0,140.0,-0.7142857142857143,-0.8142857142857143,-1.7142857142857144,3.0500000000000114,10.75,2.178571428571437,5,16.28003314001656,7.137096774193541,9.142936365823019,4.671115472685639,0.03730815974675673,0.8333333,0.0,6.604478793248133,35.82837470670675,-19.548341566690187,-0.0800754425690684,4,615
research_oof,fold_3,extreme_pressure_continuation,2025-12-15,2025-12-15 05:18:00+00:00,NSE_FO|48210|16-12-2025,2025-12-16,CE,25750.0,248.0,1.3911290322580598,1.2911290322580598,0.39112903225805984,7.0,6.800000000000011,2.82258064516129,5,8.075076385857693,3.829127932713594,4.245948453144099,3.1177730192719486,0.0,0.85714287,0.0,5.9215134918344425,23.993443732796457,-15.918367346938766,-1.3542131771719141,1,648
research_oof,fold_3,extreme_pressure_continuation,2025-12-16,2025-12-16 06:05:00+00:00,NSE_FO|48221|16-12-2025,2025-12-16,PE,25900.0,47.15,-2.651113467656416,-2.751113467656416,-3.651113467656416,4.399999999999999,3.9499999999999957,9.33191940615058,5,38.17914831130691,23.09985096870344,15.079297342603471,4.108577398321265,0.0,0.75,0.125,27.64558509254207,67.24123549756847,-29.062087186261554,13.314187367424893,0,695
research_oof,fold_3,extreme_pressure_continuation,2025-12-17,2025-12-17 08:46:00+00:00,NSE_FO|56994|23-12-2025,2025-12-23,CE,25850.0,116.6,-4.502572898799314,-4.6025728987993135,-5.502572898799314,1.8500000000000085,5.599999999999994,1.5866209262435753,5,8.352668213457083,5.166051660516602,3.186616552940481,3.014169323414807,0.0,1.0,0.16666669,3.034115395996633,16.00758923411322,-7.654921020656136,-18.836175910782913,6,856
research_oof,fold_3,extreme_pressure_continuation,2025-12-18,2025-12-18 04:41:00+00:00,NSE_FO|57003|23-12-2025,2025-12-23,CE,25950.0,55.2,2.5362318840579685,2.4362318840579684,1.5362318840579685,4.599999999999994,1.75,8.333333333333323,5,18.279569892473123,9.021739130434781,9.257830762038342,4.2248791656067155,0.0,1.0,0.16666669,6.549200951386493,28.719522330047432,-10.439952437574307,-7.422464992312598,5,611
research_oof,fold_3,extreme_pressure_continuation,2025-12-19,2025-12-19 06:00:00+00:00,NSE_FO|56995|23-12-2025,2025-12-23,PE,25850.0,48.15,-1.3499480789200387,-1.4499480789200387,-2.349948078920039,2.8000000000000043,1.3999999999999986,5.8151609553478805,5,11.200923787528883,8.675799086757996,2.5251247007708866,4.240362811791384,0.0,0.75,0.125,5.702357613012544,19.127955296649937,-7.927031509121052,65.78670454365056,4,690
research_oof,fold_4,extreme_pressure_continuation,2025-12-23,2025-12-23 04:18:00+00:00,NSE_FO|57005|23-12-2025,2025-12-23,CE,26000.0,143.1,-0.9433962264150905,-1.0433962264150904,-1.9433962264150906,3.9000000000000057,5.900000000000006,2.7253668763102765,5,12.62785208497248,-2.259887005649708,14.887739090622187,2.898938325634168,0.0,0.8333333,0.8333333,4.782649839529518,41.975678171929,-29.34782608695652,,0,588
research_oof,fold_4,extreme_pressure_continuation,2025-12-24,2025-12-24 04:45:00+00:00,NSE_FO|65640|30-12-2025,2025-12-30,CE,26250.0,104.0,-9.038461538461544,-9.138461538461543,-10.038461538461544,0.0,9.400000000000006,0.0,5,8.471933471933468,9.08599242833963,-0.6140589564061614,3.184111288024805,0.0,1.0,0.0,1.3330945598983364,15.476638124311936,-7.004704652378468,1.4414581505261594,6,615
research_oof,fold_4,extreme_pressure_continuation,2025-12-26,2025-12-26 06:52:00+00:00,NSE_FO|65628|30-12-2025,2025-12-30,PE,26100.0,83.55,-6.463195691202863,-6.563195691202862,-7.463195691202863,0.25,7.049999999999997,0.2992220227408737,5,8.419689119170993,1.78150379879487,6.638185320376123,4.432304739406467,0.0,0.75,0.0,4.718115640463607,18.161068429515815,-9.741379310344822,-2.9228189429013582,4,742
research_oof,fold_4,extreme_pressure_continuation,2025-12-29,2025-12-29 05:12:00+00:00,NSE_FO|65622|30-12-2025,2025-12-30,PE,26050.0,71.9,0.13908205841445662,0.03908205841445661,-0.8609179415855434,2.8499999999999943,3.3100000000000023,3.963838664812231,5,20.151770657672863,6.39386189258313,13.757908765089732,4.725519089082384,0.0,0.75,0.0,7.481419807475312,35.88906929459975,-15.737298636926889,-0.6361516565302736,1,642
research_oof,fold_4,extreme_pressure_continuation,2025-12-31,2025-12-31 05:01:00+00:00,NSE_FO|40469|06-01-2026,2026-01-06,CE,26050.0,115.8,-0.302245250431774,-0.40224525043177406,-1.302245250431774,2.9000000000000057,2.25,2.5043177892918873,5,10.666666666666668,4.6389287422285985,6.027737924438069,3.120442668306179,0.0,0.8333333,0.0,3.8403707265835756,21.006092254134032,-10.339425587467366,1.048741181846708,6,631
research_oof,fold_4,extreme_pressure_continuation,2026-01-01,2026-01-01 06:45:00+00:00,NSE_FO|40466|06-01-2026,2026-01-06,PE,26000.0,33.25,-5.263157894736842,-5.363157894736841,-6.263157894736842,1.5399999999999991,2.75,4.631578947368419,5,7.431340872374803,2.225755166931642,5.205585705443161,2.8958713920350747,0.0,0.75,0.125,6.5714438731974685,10.817584258618195,-3.3862433862433927,202.0548601205628,5,735
research_oof,fold_4,extreme_pressure_continuation,2026-01-05,2026-01-05 04:26:00+00:00,NSE_FO|40459|06-01-2026,2026-01-06,CE,25900.0,426.6,-1.00796999531177,-1.10796999531177,-2.00796999531177,5.399999999999977,8.300000000000011,1.2658227848101211,5,7.404159358556739,0.9229294018938017,6.481229956662937,3.977900552486188,0.0,0.8333333,0.0,3.672077789914117,15.298896200661993,-7.894736842105255,-22.79760981540676,1,596
research_oof,fold_4,extreme_pressure_continuation,2026-01-06,2026-01-06 04:26:00+00:00,NSE_FO|40461|06-01-2026,2026-01-06,CE,25950.0,304.39,2.7300502644633537,2.6300502644633537,1.7300502644633537,20.610000000000014,10.139999999999986,6.770918886954242,5,9.953827982390218,5.0965665236051505,4.857261458785067,2.9291784702549575,0.0,1.0,0.0,4.280117201275682,14.953827982390223,-5.000000000000004,0.13888154122105334,0,596
research_oof,fold_4,extreme_pressure_continuation,2026-01-07,2026-01-07 04:45:00+00:00,NSE_FO|46196|13-01-2026,2026-01-13,CE,26250.0,89.3,-8.174692049272112,-8.274692049272112,-9.174692049272112,0.5499999999999972,15.299999999999997,0.6159014557670741,5,16.9041450777202,4.166666666666674,12.737478411053527,3.9692118226600983,0.0,0.8333333,0.0,6.00802367699434,27.718905764603655,-10.814760686883451,-0.7279578041234345,6,615
research_oof,fold_4,extreme_pressure_continuation,2026-01-08,2026-01-08 04:24:00+00:00,NSE_FO|46181|13-01-2026,2026-01-13,CE,26100.0,98.85,-5.715730905412233,-5.815730905412233,-6.715730905412233,1.5500000000000114,8.25,1.568032372281246,5,8.415300546448101,6.7583046964490245,1.6569958499990767,2.8045101325613286,0.0,0.8333333,0.0,3.441186469622212,17.456549152914103,-9.041248606466002,-2.2899041093769483,5,594
research_oof,fold_4,extreme_pressure_continuation,2026-01-09,2026-01-09 06:08:00+00:00,NSE_FO|46197|13-01-2026,2026-01-13,PE,26250.0,458.0,-0.7423580786026152,-0.8423580786026151,-1.7423580786026152,0.0,12.699999999999989,0.0,5,9.279711884753894,10.745425518850539,-1.4657136340966446,4.844444444444444,0.0,0.85714287,0.0,5.7829255628310055,15.628918233960231,-6.349206349206337,-6.13813006145574,4,698
research_oof,fold_4,extreme_pressure_continuation,2026-01-14,2026-01-14 04:25:00+00:00,NSE_FO|47613|20-01-2026,2026-01-20,CE,25700.0,181.8,-9.65346534653466,-9.753465346534659,-10.65346534653466,0.25,25.30000000000001,0.1375137513751375,5,27.418803418803407,23.457675753228102,3.9611276655753045,3.3820681248730278,-0.04435206876508199,1.0,0.0,3.77949455135605,49.01348780418546,-21.594684385382056,1.4871568752605526,6,595
research_oof,fold_4,extreme_pressure_continuation,2026-01-16,2026-01-16 06:01:00+00:00,NSE_FO|47603|20-01-2026,2026-01-20,CE,25600.0,293.35,-8.934719618203522,-9.034719618203521,-9.934719618203522,1.6499999999999773,33.150000000000034,0.5624680415885384,5,8.094186902133927,5.069343065693421,3.024843836440506,3.1929643041903777,-0.010895660203139427,0.8333333,0.0,3.842925477803581,23.406686902133924,-15.312499999999996,-4.3584773727852735,4,691
research_oof,fold_4,extreme_pressure_continuation,2026-01-19,2026-01-19 05:30:00+00:00,NSE_FO|47603|20-01-2026,2026-01-20,CE,25600.0,58.65,13.043478260869563,12.943478260869563,12.043478260869563,9.649999999999999,3.25,16.453537936913897,5,12.82545805207329,18.61861861861862,-5.793160566545328,2.825869832173557,0.0,1.0,0.0,0.8592249100780041,22.521671119072884,-9.696213066999594,0.9031829328050662,1,660
research_oof,fold_4,extreme_pressure_continuation,2026-01-20,2026-01-20 04:24:00+00:00,NSE_FO|47602|20-01-2026,2026-01-20,PE,25550.0,132.94,-15.939521588686626,-16.039521588686625,-16.939521588686624,2.0,24.89,1.504438092372499,5,20.971402632773483,2.0674157303370855,18.903986902436397,2.927037744765662,0.0,1.0,0.0,5.145029763333432,44.43230113526933,-23.46089850249584,-681.907162808031,0,594
research_oof,fold_4,extreme_pressure_continuation,2026-01-21,2026-01-21 04:29:00+00:00,NSE_FO|58664|27-01-2026,2026-01-27,PE,25050.0,91.05,-0.054914881933000724,-0.15491488193300074,-1.0549148819330008,5.950000000000003,3.299999999999997,6.534870950027461,5,10.92796092796091,3.792048929663605,7.135911998297305,3.0422906659131583,0.0,1.0,0.0,0.4097563958897009,17.97021444908767,-7.042253521126762,5.580469137785258,6,599
research_oof,fold_4,extreme_pressure_continuation,2026-01-22,2026-01-22 04:50:00+00:00,NSE_FO|58694|27-01-2026,2026-01-27,PE,25250.0,89.25,-2.5210084033613445,-2.6210084033613446,-3.5210084033613445,2.299999999999997,9.099999999999994,2.5770308123249266,5,24.217118997912323,15.476984656437608,8.740134341474715,4.170435274166196,0.0,0.8333333,0.0,13.932238032432306,39.87265645719571,-15.655537459283387,-1.5076732252855436,5,620
research_oof,fold_4,extreme_pressure_continuation,2026-01-23,2026-01-23 04:15:00+00:00,NSE_FO|58694|27-01-2026,2026-01-27,PE,25250.0,99.35,-18.168092601912427,-18.26809260191243,-19.168092601912427,0.6500000000000057,23.349999999999994,0.6542526421741376,5,16.471277842907384,12.538795779019264,3.93248206388812,3.401830715335066,-0.028836958544866405,1.0,0.0,7.132585438631679,26.287228763152783,-9.815950920245397,-71.33090597302362,4,585
research_oof,fold_4,extreme_pressure_continuation,2026-01-27,2026-01-27 06:12:00+00:00,NSE_FO|58689|27-01-2026,2026-01-27,CE,25200.0,42.3,30.378250591016553,30.27825059101655,29.378250591016553,25.049999999999997,1.0,59.21985815602837,5,81.19658119658119,66.05080831408779,15.145772882493404,3.723381409083144,-0.18684575989285146,1.0,0.0,15.463947408415365,109.60973344818947,-28.413152251608288,4.474166720501671,0,702
research_oof,fold_4,extreme_pressure_continuation,2026-01-28,2026-01-28 04:38:00+00:00,NSE_FO|49794|03-02-2026,2026-02-03,PE,25250.0,220.4,2.4727767695099767,2.3727767695099766,1.4727767695099767,10.699999999999989,9.200000000000017,4.854809437386565,5,11.30742049469966,5.935717988595113,5.371702506104547,4.684795224672525,0.0,1.0,0.0,0.44893138916689085,19.419024338010825,-8.111603843311165,-0.5740351175882097,6,608
research_oof,fold_4,extreme_pressure_continuation,2026-01-29,2026-01-29 04:24:00+00:00,NSE_FO|49790|03-02-2026,2026-02-03,PE,25150.0,183.9,-1.5769439912996224,-1.6769439912996225,-2.5769439912996224,17.25,5.599999999999994,9.38009787928222,5,17.690339091490713,9.542106948447016,8.148232143043698,2.8018264840182647,0.0,1.0,0.0,1.1047931404139244,28.65919061069575,-10.968851519205035,1.2014115194615442,5,594
research_oof,fold_4,extreme_pressure_continuation,2026-01-30,2026-01-30 05:39:00+00:00,NSE_FO|49790|03-02-2026,2026-02-03,PE,25150.0,145.0,4.586206896551729,4.486206896551729,3.5862068965517286,10.75,1.0,7.413793103448276,5,14.291354125542831,9.004739336492907,5.286614789049924,2.799457994579946,0.0,1.0,0.0,0.8839604605961585,21.09547783688305,-6.804123711340216,0.5604016625402437,4,669
research_oof,fold_4,extreme_pressure_continuation,2026-02-01,2026-02-01 04:15:00+00:00,NSE_FO|49799|03-02-2026,2026-02-03,CE,25350.0,195.85,-8.424814909369417,-8.524814909369416,-9.424814909369417,3.1500000000000057,30.599999999999994,1.6083737554250732,5,7.465135356849872,4.237978810105947,3.2271565467439256,5.0569614429005245,0.04722699334251281,1.0,0.0,0.4431585197659779,15.141387675959328,-7.676252319109455,-0.18868057734289323,2,585
research_oof,fold_4,extreme_pressure_continuation,2026-02-02,2026-02-02 04:30:00+00:00,NSE_FO|49790|03-02-2026,2026-02-03,PE,25150.0,349.0,8.567335243553002,8.467335243553002,7.567335243553002,39.05000000000001,22.94999999999999,11.189111747851006,5,20.561719833564496,19.62170761887927,0.9400122146852254,4.071895424836601,0.0,1.0,0.0,6.047361881730067,55.41886269070735,-34.857142857142854,-47.665691275127756,1,600
research_oof,fold_4,extreme_pressure_continuation,2026-02-05,2026-02-05 08:39:00+00:00,NSE_FO|42527|10-02-2026,2026-02-10,PE,25600.0,125.85,2.383790226460072,2.283790226460072,1.3837902264600719,11.150000000000006,1.5499999999999972,8.859753675009937,5,10.279965004374446,10.117749672917565,0.16221533145688127,3.4726991492652743,0.0,0.75,0.125,5.655853123499386,17.16582108377891,-6.885856079404462,80.66688548529055,5,849
research_oof,fold_4,extreme_pressure_continuation,2026-02-06,2026-02-06 06:08:00+00:00,NSE_FO|42536|10-02-2026,2026-02-10,CE,25800.0,57.7,-6.845753899480074,-6.945753899480073,-7.845753899480074,1.2999999999999972,6.5,2.2530329289428024,5,46.06598984771573,30.42912873862158,15.636861109094149,2.9195359970539494,0.0,0.85714287,0.14285713,18.69302997309247,59.391097805766314,-13.325107958050586,-18.14288584235328,4,698
research_oof,fold_4,extreme_pressure_continuation,2026-02-09,2026-02-09 05:08:00+00:00,NSE_FO|42536|10-02-2026,2026-02-10,CE,25800.0,114.7,-1.7872711421098493,-1.8872711421098494,-2.7872711421098493,2.299999999999997,5.049999999999997,2.005231037489099,5,15.4233870967742,2.211302211302213,13.212084885471986,4.564522881001167,0.0,0.8333333,0.0,5.434342742432497,30.63900955405654,-15.21562245728234,0.683723374055262,1,638
research_oof,fold_4,extreme_pressure_continuation,2026-02-10,2026-02-10 07:17:00+00:00,NSE_FO|42536|10-02-2026,2026-02-10,CE,25800.0,174.0,7.0977011494252835,6.997701149425284,6.0977011494252835,19.0,1.9499999999999886,10.919540229885058,5,8.185496420790539,5.34087338988376,2.844623030906779,4.553876571105776,-0.09252815233676477,0.8333333,0.0,2.7743193619178514,10.268829754123864,-2.083333333333326,0.9803319998682127,0,767
research_oof,fold_4,extreme_pressure_continuation,2026-02-11,2026-02-11 04:32:00+00:00,NSE_FO|48233|17-02-2026,2026-02-17,PE,25900.0,99.5,2.0100502512562812,1.9100502512562811,1.0100502512562812,5.049999999999997,1.4000000000000057,5.075376884422108,5,12.239142695995486,11.636971046770594,0.6021716492248927,3.1846053935810232,0.0,0.75,-0.125,5.296824766267743,20.181380963143503,-7.942238267148016,-119.37862066270827,6,602
research_oof,fold_4,extreme_pressure_continuation,2026-02-12,2026-02-12 07:48:00+00:00,NSE_FO|48234|17-02-2026,2026-02-17,CE,25950.0,75.45,-5.235255135851561,-5.33525513585156,-6.235255135851561,0.45000000000000284,8.5,0.596421471172966,5,13.629518072289159,1.9316493313521477,11.697868740937011,3.240500568828214,0.0,1.0,0.0,0.8988701316273051,26.637648153589975,-13.008130081300816,24.708095711128408,5,798
research_oof,fold_4,extreme_pressure_continuation,2026-02-17,2026-02-17 08:42:00+00:00,NSE_FO|48241|17-02-2026,2026-02-17,PE,26100.0,411.8,-0.9713453132588635,-1.0713453132588635,-1.9713453132588636,21.19999999999999,13.449999999999989,5.148130160271974,5,8.378846410017315,3.8720761199947162,4.506770290022599,3.7704918032786887,0.0,0.875,0.0,33.08117726591276,8.378846410017315,0.0,-378.67039111786653,0,852
research_oof,fold_4,extreme_pressure_continuation,2026-02-18,2026-02-18 04:27:00+00:00,NSE_FO|64859|24-02-2026,2026-02-24,PE,25650.0,123.8,4.60420032310178,4.50420032310178,3.6042003231017796,10.850000000000009,3.6499999999999915,8.764135702746373,5,23.418036870951674,23.433520122261854,-0.015483251310179469,5.630104284457847,0.0,0.75,0.125,11.17689142444205,33.93128190406425,-10.513245033112572,43.991665358760656,6,597
research_oof,fold_4,extreme_pressure_continuation,2026-02-19,2026-02-19 04:44:00+00:00,NSE_FO|64859|24-02-2026,2026-02-24,PE,25650.0,79.2,-0.2525252525252561,-0.3525252525252561,-1.2525252525252561,2.950000000000003,5.049999999999997,3.724747474747478,5,17.420311341734607,12.414318354912401,5.005992986822205,4.0713471249389155,0.0,0.75,0.125,7.634553111092342,24.654149361441412,-7.233838019706806,50.14952643475408,5,614
research_oof,fold_4,extreme_pressure_continuation,2026-02-20,2026-02-20 04:18:00+00:00,NSE_FO|64866|24-02-2026,2026-02-24,CE,25850.0,31.75,-9.133858267716532,-9.233858267716531,-10.133858267716532,1.2000000000000028,3.3500000000000014,3.779527559055127,5,26.49402390438247,12.215320910973105,14.278702993409365,3.4859629130840153,0.0,1.0,0.0,1.8210543981601972,32.97063977406193,-6.476615869679458,4.83949014026075,4,588
research_oof,fold_4,extreme_pressure_continuation,2026-02-23,2026-02-23 08:34:00+00:00,NSE_FO|64859|24-02-2026,2026-02-24,PE,25650.0,105.95,-1.9348749410099075,-2.0348749410099076,-2.9348749410099075,5.1499999999999915,11.650000000000006,4.860783388390742,5,10.843373493975905,23.149171270718227,-12.305797776742322,2.809447735148819,0.0,0.75,0.125,4.1741154916526275,18.507607070618235,-7.6642335766423315,169.18131118684323,1,844
research_oof,fold_1,extreme_negative_pressure_rebound,2025-03-21,2025-03-21 04:38:00+00:00,NSE_FO|48346|27-03-2025,2025-03-27,PE,23050.0,46.6,15.128755364806858,15.028755364806859,14.128755364806858,8.0,0.20000000000000284,17.167381974248926,5,-17.066666666666674,-2.0389249304911927,-15.02774173617548,2.4341994970662197,0.0,0.0,0.0,1.0520955856180836,-27.266139756617758,10.199473089951084,,6,608
research_oof,fold_1,extreme_negative_pressure_rebound,2025-03-24,2025-03-24 04:20:00+00:00,NSE_FO|49835|27-03-2025,2025-03-27,PE,23250.0,39.45,-0.6337135614702154,-0.7337135614702154,-1.6337135614702154,4.449999999999996,1.25,11.280101394169824,5,-19.140225179119753,-12.257405515832486,-6.8828196632872665,1.872583719030765,0.0,0.0,0.0,0.37659531369672383,-29.60234508978801,10.462119910668255,,3,590
research_oof,fold_1,extreme_negative_pressure_rebound,2025-03-26,2025-03-26 07:48:00+00:00,NSE_FO|49834|27-03-2025,2025-03-27,CE,23250.0,332.3,5.311465543183863,5.211465543183864,4.311465543183863,28.44999999999999,2.3000000000000114,8.561540776406858,5,-10.128118678354692,-1.9815418023886977,-8.146576875965994,3.979381443298969,0.0,0.0,-0.2,1.5433009584088324,-64.72271327294928,54.59459459459459,,1,798
research_oof,fold_1,extreme_negative_pressure_rebound,2025-03-28,2025-03-28 05:04:00+00:00,NSE_FO|54754|03-04-2025,2025-04-03,PE,23650.0,134.1,1.267710663683831,1.1677106636838308,0.2677106636838309,6.590000000000003,5.659999999999997,4.914243102162568,5,-20.91209120912091,-14.63707258548289,-6.275018623638019,4.298387096774194,0.0,0.375,0.0,20.357844378377035,-51.91405584566314,31.001964636542233,-12.929559065971262,6,634
research_oof,fold_1,extreme_negative_pressure_rebound,2025-04-01,2025-04-01 04:53:00+00:00,NSE_FO|54712|03-04-2025,2025-04-03,CE,23500.0,65.5,-27.480916030534353,-27.580916030534354,-28.480916030534353,0.0,19.1,0.0,5,-32.31950844854071,-11.66317991631798,-20.65632853222273,3.0572710247811505,0.0,0.0,0.0,1.6659790129125096,-76.02811772006389,43.70860927152318,,2,623
research_oof,fold_1,extreme_negative_pressure_rebound,2025-04-02,2025-04-02 04:26:00+00:00,NSE_FO|54713|03-04-2025,2025-04-03,PE,23500.0,244.15,4.03440507884497,3.93440507884497,3.03440507884497,34.20000000000002,0.0,14.00778210116732,5,-18.7535429657541,-5.966995371302064,-12.786547594452037,2.385362694300518,0.0,0.0,-0.25,8.232010959765795,-66.2631215098154,47.509578544061306,,1,596
research_oof,fold_1,extreme_negative_pressure_rebound,2025-04-03,2025-04-03 04:54:00+00:00,NSE_FO|54713|03-04-2025,2025-04-03,PE,23500.0,202.35,4.423029404497167,4.323029404497167,3.423029404497167,11.650000000000006,0.0,5.757351124289601,5,-13.453389830508478,-6.365935919055643,-7.087453911452835,2.103187919463087,-0.0005913940340169848,0.125,0.0,9.293656737881784,-57.55819332395824,44.104803493449765,-100.0,0,624
research_oof,fold_1,extreme_negative_pressure_rebound,2025-04-04,2025-04-04 06:05:00+00:00,NSE_FO|43898|09-04-2025,2025-04-09,CE,23250.0,40.29,-13.253909158600141,-13.35390915860014,-14.253909158600141,1.259999999999998,5.939999999999998,3.1273268801191314,5,-11.597374179431085,0.574052812858783,-12.171426992289868,2.3012020866409615,0.0,0.0,-0.2,0.8317992755585275,-16.335792358046554,4.738418178615467,,5,695
research_oof,fold_1,extreme_negative_pressure_rebound,2025-04-08,2025-04-08 07:01:00+00:00,NSE_FO|43888|09-04-2025,2025-04-09,PE,23050.0,448.55,-7.70259725783079,-7.80259725783079,-8.70259725783079,0.0,49.150000000000034,0.0,5,-9.447791164658636,-2.0554156171284643,-7.392375547530172,2.142857142857143,-0.0005302226935312832,0.0,-0.2,4.262741306179006,-20.660605809967556,11.21281464530892,,1,751
research_oof,fold_1,extreme_negative_pressure_rebound,2025-04-11,2025-04-11 05:06:00+00:00,NSE_FO|48188|17-04-2025,2025-04-17,CE,22700.0,287.8,-2.1542738012508647,-2.2542738012508647,-3.1542738012508647,0.0,17.600000000000023,0.0,5,-11.84711435967718,-5.603644646924821,-6.243469712752359,3.408906882591093,0.009464464170242784,0.0,0.0,0.6875593625131156,-30.099891303537873,18.252776943860695,,6,636
research_oof,fold_1,extreme_negative_pressure_rebound,2025-04-21,2025-04-21 04:25:00+00:00,NSE_FO|79516|24-04-2025,2025-04-24,PE,23850.0,90.95,-2.144035184167128,-2.244035184167128,-3.144035184167128,2.8499999999999943,8.650000000000006,3.133589884551945,5,-20.49469964664311,-12.56351039260969,-7.93118925403342,2.1381124630055903,0.0,0.25,0.25,13.12150685105857,-33.711123940911705,13.216424294268592,,3,595
research_oof,fold_1,extreme_negative_pressure_rebound,2025-04-22,2025-04-22 04:55:00+00:00,NSE_FO|79546|24-04-2025,2025-04-24,PE,24050.0,47.35,12.988384371700102,12.888384371700102,11.988384371700102,6.75,1.0,14.255543822597676,5,-10.551330798479096,1.2244897959183598,-11.775820594397455,2.088962892483349,0.0,0.125,-0.5,5.131524176954416,-23.6606670694788,13.109336270999705,3487.5656789777677,2,625
research_oof,fold_1,extreme_negative_pressure_rebound,2025-04-23,2025-04-23 04:34:00+00:00,NSE_FO|79537|24-04-2025,2025-04-24,CE,24050.0,242.8,-13.261943986820434,-13.361943986820433,-14.261943986820434,0.0,39.95000000000002,0.0,5,-9.3796992481203,-2.8544423440453714,-6.525256904074928,3.3333333333333335,0.0,0.0,0.0,1.4802512053259838,-34.226325014991474,24.846625766871178,,1,604
research_oof,fold_1,extreme_negative_pressure_rebound,2025-04-24,2025-04-24 04:55:00+00:00,NSE_FO|51989|30-04-2025,2025-04-30,PE,24200.0,125.45,8.848146671980874,8.748146671980875,7.848146671980874,11.549999999999997,0.0,9.206855320844957,5,-9.974883387154643,-1.3417815877748818,-8.63310179937976,6.045207956600362,0.0,0.25,0.0,6.477327960785231,-16.927264339535597,6.952380952380954,0.7169072189572034,6,625
research_oof,fold_1,extreme_negative_pressure_rebound,2025-04-25,2025-04-25 04:30:00+00:00,NSE_FO|51994|30-04-2025,2025-04-30,CE,24300.0,96.0,-12.343749999999993,-12.443749999999993,-13.343749999999993,6.049999999999997,15.700000000000003,6.30208333333333,5,-16.803102111158985,-9.517819706498942,-7.285282404660043,1.9325089079857471,0.014983639059223975,0.0,0.0,0.8161771070267287,-46.13092643496633,29.327824323807338,,5,600
research_oof,fold_1,extreme_negative_pressure_rebound,2025-04-28,2025-04-28 04:35:00+00:00,NSE_FO|51989|30-04-2025,2025-04-30,PE,24200.0,91.3,-7.612267250821471,-7.712267250821471,-8.612267250821471,3.299999999999997,9.599999999999994,3.614457831325298,5,-14.979195561719838,-1.5834932821497172,-13.39570227957012,1.7456881448316137,0.0,0.25,0.25,9.665193609225483,-27.58958058467992,12.610385022960081,,2,605
research_oof,fold_1,extreme_negative_pressure_rebound,2025-04-29,2025-04-29 05:17:00+00:00,NSE_FO|52001|30-04-2025,2025-04-30,PE,24350.0,85.5,1.461988304093567,1.361988304093567,0.46198830409356706,2.299999999999997,6.299999999999997,2.6900584795321607,5,-17.971014492753625,-7.8748651564185534,-10.09614933633507,1.9064513793353124,0.0,0.125,-0.125,10.88731352987542,-34.09147507734174,16.120460584588116,-28.158684256915876,1,647
research_oof,fold_1,extreme_negative_pressure_rebound,2025-04-30,2025-04-30 04:41:00+00:00,NSE_FO|51994|30-04-2025,2025-04-30,CE,24300.0,61.45,-3.986981285598051,-4.086981285598051,-4.986981285598051,3.049999999999997,8.700000000000003,4.963384865744503,5,-13.93210749646393,-6.283856988082337,-7.648250508381593,2.131707035533581,0.0,0.0,0.0,8.556586250116235,-17.169517568406377,3.237410071942448,,0,611
research_oof,fold_1,extreme_negative_pressure_rebound,2025-05-02,2025-05-02 05:09:00+00:00,NSE_FO|38599|08-05-2025,2025-05-08,PE,24200.0,78.5,2.4203821656051026,2.3203821656051025,1.4203821656051026,3.700000000000003,5.799999999999997,4.713375796178347,5,-11.23209169054441,-4.792518994739914,-6.439572695804496,2.447266703478741,-0.017043366409408307,0.375,0.375,7.073496524037098,-16.106573776822753,4.874482086278342,,6,639
research_oof,fold_1,extreme_negative_pressure_rebound,2025-05-05,2025-05-05 04:21:00+00:00,NSE_FO|38607|08-05-2025,2025-05-08,PE,24400.0,98.7,-11.144883485309016,-11.244883485309016,-12.144883485309016,2.299999999999997,11.100000000000009,2.3302938196555187,5,-13.46238451385835,0.8780036968576654,-14.340388210716014,1.7520074696545285,0.03009940487868681,0.0,-0.625,5.425601624391904,-24.444862611480357,10.982478097622007,,3,591
research_oof,fold_1,extreme_negative_pressure_rebound,2025-05-06,2025-05-06 04:22:00+00:00,NSE_FO|38602|08-05-2025,2025-05-08,CE,24300.0,172.15,-10.339819924484466,-10.439819924484466,-11.339819924484466,0.0,19.150000000000006,0.0,5,-9.329140461215935,-0.9966777408637828,-8.332462720352153,1.9466019417475728,0.0,0.0,0.0,2.288568163516502,-18.600663640023885,9.27152317880795,,2,592
research_oof,fold_1,extreme_negative_pressure_rebound,2025-05-07,2025-05-07 04:53:00+00:00,NSE_FO|38603|08-05-2025,2025-05-08,PE,24300.0,67.9,-5.375552282768785,-5.475552282768785,-6.375552282768785,0.0,15.550000000000004,0.0,5,-15.927318295739346,5.293367346938771,-21.220685642678117,3.0629812438302073,0.0,0.0,-0.625,5.329310115637961,-28.749367426955644,12.822049131216296,,1,623
research_oof,fold_1,extreme_negative_pressure_rebound,2025-05-08,2025-05-08 04:34:00+00:00,NSE_FO|38607|08-05-2025,2025-05-08,PE,24400.0,32.7,10.214067278287448,10.114067278287449,9.214067278287448,3.9499999999999957,0.8500000000000014,12.079510703363901,5,-27.894156560088202,-10.582639714625442,-17.311516845462762,2.5407041089365516,0.0,0.25,0.25,19.81661792622546,-64.1491366397695,36.25498007968129,,0,604
research_oof,fold_1,extreme_negative_pressure_rebound,2025-05-09,2025-05-09 04:41:00+00:00,NSE_FO|46235|15-05-2025,2025-05-15,PE,23900.0,213.45,-6.840009369875847,-6.940009369875846,-7.840009369875847,6.550000000000011,16.349999999999994,3.068634340594993,5,-17.717370348949302,-6.507936507936507,-11.209433841012796,1.9541455611836844,0.0,0.0,0.0,5.058638312476212,-28.177907928130963,10.460537579181661,,6,611
research_oof,fold_1,extreme_negative_pressure_rebound,2025-05-14,2025-05-14 07:20:00+00:00,NSE_FO|46248|15-05-2025,2025-05-15,CE,24050.0,487.2,0.5747126436781632,0.47471264367816324,-0.4252873563218368,15.550000000000011,24.75,3.191707717569789,5,-11.847672778561357,-5.405890160347237,-6.44178261821412,14.181818181818182,0.0,0.0,-0.2,5.908770154682803,-55.28201621290478,43.434343434343425,,1,770
research_oof,fold_1,extreme_negative_pressure_rebound,2025-05-15,2025-05-15 04:15:00+00:00,NSE_FO|46248|15-05-2025,2025-05-15,CE,24050.0,431.6,8.966635773864686,8.866635773864687,7.966635773864686,55.799999999999955,12.5,12.928637627432796,5,-13.052168698780731,-4.555444555444554,-8.496724143336177,6.4,-0.00029291154071470416,0.0,0.0,4.071039605329467,-75.12113421602213,62.068965517241395,,0,585
research_oof,fold_1,extreme_negative_pressure_rebound,2025-05-16,2025-05-16 06:02:00+00:00,NSE_FO|49237|22-05-2025,2025-05-22,PE,24950.0,155.6,0.28920308483291585,0.18920308483291584,-0.7107969151670841,4.840000000000003,2.5999999999999943,3.1105398457583573,5,-10.999999999999998,-3.1457431457431406,-7.854256854256858,3.440966842268361,0.0,0.375,0.375,7.159478899221769,-21.339506172839492,10.339506172839496,,6,692
research_oof,fold_1,extreme_negative_pressure_rebound,2025-05-20,2025-05-20 05:06:00+00:00,NSE_FO|49237|22-05-2025,2025-05-22,PE,24950.0,132.0,2.727272727272723,2.627272727272723,1.727272727272723,6.849999999999994,2.0,5.189393939393935,5,-13.995760806731317,-6.3251106894370634,-7.670650117294254,3.927090453406243,-0.024209110578328752,0.0,0.0,6.33775128677279,-25.33642014739067,11.340659340659354,,2,636
research_oof,fold_1,extreme_negative_pressure_rebound,2025-05-21,2025-05-21 04:46:00+00:00,NSE_FO|49263|22-05-2025,2025-05-22,PE,25150.0,280.25,-0.10704727921499067,-0.20704727921499066,-1.1070472792149906,8.199999999999989,8.899999999999977,2.9259589652096305,5,-10.71428571428571,-1.9814844891992922,-8.732801225086417,5.219047619047619,0.0,0.375,0.375,14.45996634924302,-46.84873949579832,36.13445378151261,,1,616
research_oof,fold_1,extreme_negative_pressure_rebound,2025-05-22,2025-05-22 09:10:00+00:00,NSE_FO|49237|22-05-2025,2025-05-22,PE,24950.0,401.3,4.859207575380014,4.759207575380015,3.8592075753800144,34.64999999999998,22.650000000000034,8.634438076252174,5,-18.270528391985884,-4.117156556180945,-14.15337183580494,9.9375,-0.011681728014106238,0.125,0.0,22.649121761498048,-211.60386172531926,193.33333333333337,100.0,0,880
research_oof,fold_1,extreme_negative_pressure_rebound,2025-05-23,2025-05-23 06:19:00+00:00,NSE_FO|61685|29-05-2025,2025-05-29,CE,24550.0,401.65,5.365367857587454,5.265367857587455,4.365367857587454,23.150000000000034,2.75,5.763724635877017,5,-12.340659340659332,-6.128318584070791,-6.212340756588541,10.157894736842104,-0.007140428425705543,0.0,0.0,0.8045193701604264,-35.48115520842792,23.140495867768585,,6,709
research_oof,fold_1,extreme_negative_pressure_rebound,2025-05-26,2025-05-26 04:15:00+00:00,NSE_FO|61690|29-05-2025,2025-05-29,PE,24650.0,58.85,4.672897196261682,4.572897196261683,3.6728971962616823,2.9499999999999957,1.0,5.012744265080706,5,-9.160892994611247,0.9463722397476282,-10.107265234358875,1.8283867176021158,-0.0014459975529272182,0.25,-0.375,8.80751734212519,-15.049815727883665,5.888922733272417,4291.853090556084,3,585
research_oof,fold_2,extreme_negative_pressure_rebound,2025-05-27,2025-05-27 05:34:00+00:00,NSE_FO|61690|29-05-2025,2025-05-29,PE,24650.0,96.9,2.9411764705882293,2.841176470588229,1.9411764705882293,15.149999999999991,22.25,15.634674922600608,5,-22.41044370191935,-10.32669921141569,-12.083744490503658,8.326980942828486,0.0,0.375,0.25,19.97350248428971,-45.29863157433435,22.888187872415,-8.210569457842212,2,664
research_oof,fold_2,extreme_negative_pressure_rebound,2025-05-28,2025-05-28 04:45:00+00:00,NSE_FO|61691|29-05-2025,2025-05-29,CE,24700.0,176.6,10.419026047565122,10.319026047565123,9.419026047565122,18.700000000000017,3.9499999999999886,10.58890147225369,5,-11.69060216679264,-3.878326996197723,-7.812275170594917,3.5331073446327683,0.03215083549280672,0.0,0.0,0.9547124217030178,-21.84550750242086,10.154905335628218,,1,615
research_oof,fold_2,extreme_negative_pressure_rebound,2025-05-29,2025-05-29 04:42:00+00:00,NSE_FO|61693|29-05-2025,2025-05-29,CE,24750.0,92.3,-11.91765980498375,-12.017659804983749,-12.91765980498375,9.75,13.709999999999994,10.56338028169014,5,-26.650755767700872,-19.984139571768434,-6.666616195932438,1.7876470588235294,0.014249171009000474,0.0,0.0,5.250026966255122,-81.54825007294005,54.89749430523918,,0,612
research_oof,fold_2,extreme_negative_pressure_rebound,2025-06-02,2025-06-02 04:45:00+00:00,NSE_FO|40487|05-06-2025,2025-06-05,CE,24900.0,81.6,2.3897058823529447,2.2897058823529446,1.3897058823529447,3.9000000000000057,0.3499999999999943,4.779411764705889,5,-9.756097560975608,-3.2438478747203625,-6.512249686255245,1.987772925764192,0.004231241701927014,0.0,0.0,3.8371477108221796,-14.266988139658421,4.5108905786828135,,3,615
research_oof,fold_2,extreme_negative_pressure_rebound,2025-06-03,2025-06-03 04:27:00+00:00,NSE_FO|40487|05-06-2025,2025-06-05,CE,24900.0,118.1,1.566469093988153,1.4664690939881528,0.5664690939881529,4.150000000000006,3.0999999999999943,3.5139712108382777,5,-14.082451659978112,-7.571214392803604,-6.511237267174508,2.155779519721289,0.016391498557179186,0.16666667,0.0,5.509814541486002,-24.404248867021227,10.321797207043115,,2,597
research_oof,fold_2,extreme_negative_pressure_rebound,2025-06-05,2025-06-05 04:17:00+00:00,NSE_FO|40479|05-06-2025,2025-06-05,PE,24750.0,54.2,-18.81918819188192,-18.919188191881922,-19.81918819188192,1.3499999999999943,10.650000000000006,2.490774907749067,5,-12.338709677419358,-3.676470588235292,-8.662239089184066,1.8039529914529915,0.12331801008728667,0.125,-0.125,10.976960916173892,-5.6782101399540545,-6.660499537465303,2528.231497236651,0,587
research_oof,fold_2,extreme_negative_pressure_rebound,2025-06-06,2025-06-06 04:36:00+00:00,NSE_FO|44845|12-06-2025,2025-06-12,PE,24650.0,95.75,32.32375979112272,32.22375979112272,31.32375979112272,31.950000000000003,3.6500000000000057,33.36814621409922,5,-37.82113821138212,2.2564102564102573,-40.077548467792376,7.520610191496267,0.0,0.375,-0.25,23.356954341428203,-68.58854702237218,30.76740881099007,2423.0755513898403,6,606
research_oof,fold_2,extreme_negative_pressure_rebound,2025-06-09,2025-06-09 09:00:00+00:00,NSE_FO|44855|12-06-2025,2025-06-12,PE,24750.0,31.5,2.5396825396825307,2.4396825396825306,1.5396825396825307,1.7000000000000028,0.0,5.396825396825406,5,-10.511363636363647,-2.7142857142857246,-7.797077922077923,4.340983606557377,0.0,0.0,-0.125,3.90130490970967,-13.69449174744566,3.183128111082012,,3,870
research_oof,fold_2,extreme_negative_pressure_rebound,2025-06-12,2025-06-12 05:13:00+00:00,NSE_FO|44858|12-06-2025,2025-06-12,CE,24850.0,202.0,-1.4603960396039548,-1.560396039603955,-2.460396039603955,2.0999999999999943,15.550000000000011,1.0396039603960368,5,-16.062926930242195,-0.19157088122606636,-15.871356049016129,5.1678832116788325,0.0,0.0,-0.33333334,5.585813378462651,-109.8129269302422,93.75,,0,643
research_oof,fold_2,extreme_negative_pressure_rebound,2025-06-16,2025-06-16 04:45:00+00:00,NSE_FO|50980|19-06-2025,2025-06-19,PE,24350.0,31.15,-5.457463884430175,-5.557463884430175,-6.457463884430175,0.9500000000000028,2.0,3.0497592295345197,5,-9.090909090909093,-1.4814814814814836,-7.60942760942761,1.806221315655278,0.015123042505592842,0.0,0.0,2.426073969882622,-9.993083003952574,0.9021739130434803,,3,615
research_oof,fold_2,extreme_negative_pressure_rebound,2025-06-20,2025-06-20 04:42:00+00:00,NSE_FO|62396|26-06-2025,2025-06-26,PE,24900.0,136.55,-8.055657268399862,-8.155657268399862,-9.055657268399862,2.6999999999999886,12.500000000000014,1.977297693152683,5,-9.907529722589171,-3.47056822048315,-6.436961502106021,2.456429052285137,0.008957992628572824,0.375,0.25,8.586621094016895,-26.686917806325084,16.779388083735913,58.05446298874995,6,612
research_oof,fold_2,extreme_negative_pressure_rebound,2025-06-23,2025-06-23 05:12:00+00:00,NSE_FO|62392|26-06-2025,2025-06-26,PE,24800.0,96.05,-3.800104112441428,-3.900104112441428,-4.800104112441428,2.75,4.1499999999999915,2.8630921395106714,5,-12.846118928733553,-4.3396226415094326,-8.50649628722412,1.9012400354295838,0.0,0.0,-0.125,6.576509576467516,-23.88591353720595,11.039794608472398,,3,642
research_oof,fold_2,extreme_negative_pressure_rebound,2025-06-24,2025-06-24 04:18:00+00:00,NSE_FO|62395|26-06-2025,2025-06-26,CE,24900.0,283.35,7.093700370566425,6.993700370566425,6.093700370566425,41.64999999999998,2.3500000000000227,14.699135344979696,5,-16.204250295159394,-7.434052757793763,-8.77019753736563,2.327067669172932,-0.0049365174781864215,0.0,0.0,1.6110419495070454,-71.58886567977478,55.38461538461539,,2,588
research_oof,fold_2,extreme_negative_pressure_rebound,2025-06-26,2025-06-26 05:14:00+00:00,NSE_FO|62395|26-06-2025,2025-06-26,CE,24900.0,413.7,8.41189267585207,8.31189267585207,7.411892675852069,38.19999999999999,20.599999999999966,9.233744259124967,5,-15.155880234592034,-9.148393676695566,-6.007486557896469,4.775510204081633,0.0,0.0,0.0,1.9246208006810508,-77.15588023459202,61.999999999999986,,0,644
research_oof,fold_2,extreme_negative_pressure_rebound,2025-06-27,2025-06-27 05:06:00+00:00,NSE_FO|56998|03-07-2025,2025-07-03,CE,25700.0,94.6,2.0084566596194566,1.9084566596194565,1.0084566596194566,5.3500000000000085,0.25,5.655391120507409,5,-10.251542477456098,-1.6129032258064613,-8.638639251649638,3.932431036264077,-0.003064425029742949,0.0,0.0,0.7841214027208339,-20.49822179434415,10.246679316888052,,6,636
research_oof,fold_2,extreme_negative_pressure_rebound,2025-06-30,2025-06-30 07:45:00+00:00,NSE_FO|56888|03-07-2025,2025-07-03,CE,25550.0,110.15,3.49523377212891,3.39523377212891,2.49523377212891,6.299999999999997,1.5,5.719473445301858,5,-9.926470588235304,-1.8510727808161431,-8.075397807419161,2.949657672170761,0.0,0.0,0.0,4.174610354841858,-25.20571189487386,15.279241306638557,,3,795
research_oof,fold_2,extreme_negative_pressure_rebound,2025-07-02,2025-07-02 04:31:00+00:00,NSE_FO|56925|03-07-2025,2025-07-03,CE,25600.0,50.6,0.09881422924900624,-0.0011857707509937698,-0.9011857707509938,3.8999999999999986,0.25,7.707509881422922,5,-17.685411572942133,-6.347897774113775,-11.337513798828358,3.6200176280481835,0.0,0.0,0.0,7.153080001782916,-41.269827157357724,23.584415584415595,,1,601
research_oof,fold_2,extreme_negative_pressure_rebound,2025-07-03,2025-07-03 04:26:00+00:00,NSE_FO|56924|03-07-2025,2025-07-03,PE,25550.0,59.75,-12.97071129707113,-13.07071129707113,-13.97071129707113,3.549999999999997,12.549999999999997,5.941422594142255,5,-22.229465449804444,-13.54748603351955,-8.681979416284893,1.8270063028261059,0.0,0.0,0.0,10.063925299841403,-77.38317250224567,55.15370705244123,,0,596
research_oof,fold_2,extreme_negative_pressure_rebound,2025-07-04,2025-07-04 06:11:00+00:00,NSE_FO|40051|10-07-2025,2025-07-10,CE,25550.0,70.15,-7.341411261582332,-7.441411261582331,-8.341411261582332,0.5,6.550000000000004,0.7127583749109051,5,-12.030075187969913,-2.4421593830334043,-9.58791580493651,3.857966457023061,0.015756991321118612,0.0,-0.16666667,4.501767002030731,-23.524072520117535,11.493997332147622,,6,701
research_oof,fold_2,extreme_negative_pressure_rebound,2025-07-07,2025-07-07 05:08:00+00:00,NSE_FO|40051|10-07-2025,2025-07-10,CE,25550.0,75.15,7.252162341982686,7.152162341982686,6.252162341982686,6.25,0.05000000000001137,8.3166999334664,5,-10.369487485101313,0.1890359168241984,-10.558523401925513,2.534440344403444,0.0,0.0,-0.8333333,3.747294053711003,-15.10249719383916,4.733009708737845,,3,638
research_oof,fold_2,extreme_negative_pressure_rebound,2025-07-09,2025-07-09 04:26:00+00:00,NSE_FO|40050|10-07-2025,2025-07-10,PE,25500.0,59.55,-5.037783375314862,-5.137783375314862,-6.037783375314862,0.20000000000000284,5.849999999999994,0.33585222502099554,5,-11.581291759465472,-4.374057315233781,-7.207234444231691,2.4435079269516358,0.0,0.25,0.25,11.1732541240117,-25.539774221884937,13.958482462419465,,1,596
research_oof,fold_2,extreme_negative_pressure_rebound,2025-07-10,2025-07-10 05:20:00+00:00,NSE_FO|40042|10-07-2025,2025-07-10,CE,25400.0,49.5,-11.010101010101016,-11.110101010101015,-12.010101010101016,1.3999999999999986,7.75,2.828282828282825,5,-20.19386106623586,-8.691983122362867,-11.501877943872994,3.2472220553787015,0.06359949710266857,0.0,0.0,7.796146224145128,-58.2524126841095,38.05855161787364,,0,650
research_oof,fold_2,extreme_negative_pressure_rebound,2025-07-11,2025-07-11 07:39:00+00:00,NSE_FO|47293|17-07-2025,2025-07-17,CE,25300.0,73.15,8.954203691045793,8.854203691045793,7.954203691045793,6.699999999999989,0.25,9.159261790840723,5,-11.090909090909095,-2.6429010448678403,-8.448008046041256,5.48241489561783,0.0,0.0,0.0,4.257909850558964,-21.296670407781527,10.20576131687243,,6,789
research_oof,fold_2,extreme_negative_pressure_rebound,2025-07-14,2025-07-14 07:37:00+00:00,NSE_FO|47282|17-07-2025,2025-07-17,CE,25150.0,64.85,-1.1565150346954511,-1.2565150346954512,-2.156515034695451,0.45000000000000284,4.099999999999994,0.6939090208172751,5,-9.553695955369612,0.4953998584571684,-10.049095813826781,3.76490727532097,0.0,0.0,-0.33333334,3.843059036389683,-18.840108467588568,9.286412512218956,,3,787
research_oof,fold_2,extreme_negative_pressure_rebound,2025-07-15,2025-07-15 05:21:00+00:00,NSE_FO|47286|17-07-2025,2025-07-17,PE,25150.0,61.95,0.3228410008070956,0.2228410008070956,-0.6771589991929043,1.0499999999999972,2.950000000000003,1.6949152542372836,5,-14.265927977839343,-4.641350210970463,-9.62457776686888,2.206693637366679,0.0014695340501792115,0.25,0.25,9.19906229289229,-31.1108477639356,16.844919786096256,,2,651
research_oof,fold_2,extreme_negative_pressure_rebound,2025-07-16,2025-07-16 05:03:00+00:00,NSE_FO|47287|17-07-2025,2025-07-17,CE,25200.0,37.15,1.0767160161507365,0.9767160161507366,0.07671601615073653,3.25,0.3999999999999986,8.748317631224765,5,-11.01796407185629,4.332129963898934,-15.350094035755225,3.072536268134067,0.0,0.0,-0.625,5.538265603779783,-17.001343573241346,5.9833795013850555,,1,633
research_oof,fold_2,extreme_negative_pressure_rebound,2025-07-17,2025-07-17 05:00:00+00:00,NSE_FO|47282|17-07-2025,2025-07-17,CE,25150.0,40.15,5.728518057285192,5.628518057285192,4.728518057285192,5.700000000000003,0.8500000000000014,14.196762141967628,5,-16.59751037344398,-6.237006237006238,-10.360504136437743,2.225639640334967,0.038064414979394376,0.0,0.0,8.827942568413162,-40.757510373443964,24.159999999999982,,0,630
research_oof,fold_2,extreme_negative_pressure_rebound,2025-07-18,2025-07-18 05:00:00+00:00,NSE_FO|49492|24-07-2025,2025-07-24,CE,25100.0,81.15,1.29390018484288,1.1939001848428799,0.29390018484287994,5.199999999999989,2.6500000000000057,6.407886629698075,5,-10.077519379844958,-3.3277870216306127,-6.749732358214345,1.9321010939268202,0.01108339321303163,0.0,0.0,3.9849867906602285,-19.516819791367592,9.439300411522634,,6,630
research_oof,fold_2,extreme_negative_pressure_rebound,2025-07-21,2025-07-21 04:17:00+00:00,NSE_FO|49491|24-07-2025,2025-07-24,PE,25050.0,136.65,-12.916209293816323,-13.016209293816322,-13.916209293816323,3.3499999999999943,21.650000000000006,2.45151847786315,5,-17.50679142770902,-11.395348837209296,-6.111442590499726,2.7189222290263317,0.0,0.25,0.25,11.364124553255332,-49.397123318040926,31.8903318903319,,3,587
research_oof,fold_2,extreme_negative_pressure_rebound,2025-07-22,2025-07-22 05:41:00+00:00,NSE_FO|49489|24-07-2025,2025-07-24,PE,25000.0,49.0,0.20408163265306412,0.10408163265306411,-0.7959183673469359,1.5,2.299999999999997,3.061224489795918,5,-10.228310502283112,13.20960698689957,-23.43791748918268,1.8345996960729425,0.0,0.0,-0.75,4.370465731216991,-13.939566619738265,3.711256117455153,,2,671
research_oof,fold_2,extreme_negative_pressure_rebound,2025-07-23,2025-07-23 04:28:00+00:00,NSE_FO|49491|24-07-2025,2025-07-24,PE,25050.0,33.1,12.839879154078549,12.73987915407855,11.839879154078549,5.5,2.200000000000003,16.61631419939577,5,-15.45338441890165,-4.160688665710199,-11.292695753191449,2.1842624736233067,0.0,0.0,-0.125,7.042986781832759,-28.268510469321818,12.815126050420167,,1,598
research_oof,fold_2,extreme_negative_pressure_rebound,2025-07-24,2025-07-24 04:19:00+00:00,NSE_FO|49496|24-07-2025,2025-07-24,CE,25150.0,52.3,-8.413001912045887,-8.513001912045887,-9.413001912045887,0.5,5.099999999999994,0.9560229445506693,5,-15.645161290322584,-3.586321934945802,-12.058839355376781,1.753168044077135,0.0,0.0,0.0,6.523742597273838,-31.939091002782646,16.293929712460063,,0,589
research_oof,fold_2,extreme_negative_pressure_rebound,2025-07-25,2025-07-25 04:46:00+00:00,NSE_FO|55795|31-07-2025,2025-07-31,CE,24900.0,121.85,2.995486253590485,2.895486253590485,1.9954862535904851,5.700000000000003,1.8499999999999943,4.677882642593355,5,-16.961250849762056,-7.798960138648181,-9.162290711113876,3.999805523142746,0.0,0.0,0.0,7.321864951129601,-41.49807868527947,24.536827835517407,,6,616
research_oof,fold_3,extreme_negative_pressure_rebound,2025-07-28,2025-07-28 04:45:00+00:00,NSE_FO|55796|31-07-2025,2025-07-31,PE,24900.0,111.65,-1.7465293327362317,-1.8465293327362318,-2.7465293327362317,1.9499999999999886,6.6000000000000085,1.746529332736219,5,-16.753343239227338,-7.256235827664403,-9.497107411562935,6.2159571468846915,0.016718372974836263,0.25,0.25,11.413920237258942,-40.03269546594798,23.27935222672064,,3,615
research_oof,fold_3,extreme_negative_pressure_rebound,2025-07-29,2025-07-29 08:03:00+00:00,NSE_FO|55798|31-07-2025,2025-07-31,PE,24950.0,202.7,-1.5786877158362058,-1.678687715836206,-2.578687715836206,9.800000000000011,5.099999999999994,4.834731129748403,5,-12.35496347228191,-4.846386845521411,-7.508576626760498,13.657894736842104,0.0,0.25,0.25,9.615600674555122,-38.340626554719194,25.985663082437284,,2,813
research_oof,fold_3,extreme_negative_pressure_rebound,2025-07-30,2025-07-30 04:52:00+00:00,NSE_FO|55797|31-07-2025,2025-07-31,CE,24950.0,31.85,-18.21036106750393,-18.31036106750393,-19.21036106750393,0.09999999999999787,6.150000000000002,0.3139717425431644,5,-8.999999999999996,4.6242774566473965,-13.624277456647393,2.587031997747959,0.0,0.0,-0.8333333,3.6281881090807313,-11.428091146806128,2.428091146806133,,1,622
research_oof,fold_3,extreme_negative_pressure_rebound,2025-07-31,2025-07-31 05:18:00+00:00,NSE_FO|55796|31-07-2025,2025-07-31,PE,24900.0,191.0,0.7853403141361256,0.6853403141361256,-0.2146596858638744,12.849999999999994,10.349999999999994,6.727748691099474,5,-19.916317991631793,-13.071487946799664,-6.844830044832129,3.0636103151862466,0.0269049799475795,0.125,0.0,10.690877293361122,-95.497713340469,75.5813953488372,,0,648
research_oof,fold_3,extreme_negative_pressure_rebound,2025-08-01,2025-08-01 04:33:00+00:00,NSE_FO|39853|07-08-2025,2025-08-07,PE,24650.0,112.4,2.5800711743772164,2.4800711743772164,1.5800711743772164,5.099999999999994,0.75,4.537366548042699,5,-12.4951342934994,-6.354775828460046,-6.140358465039353,1.8649011362619665,-0.06575447455029079,0.0,0.0,0.8847506572106255,-24.122386545751652,11.627252252252251,,6,603
research_oof,fold_3,extreme_negative_pressure_rebound,2025-08-04,2025-08-04 04:20:00+00:00,NSE_FO|39853|07-08-2025,2025-08-07,PE,24650.0,140.55,7.826396300249021,7.7263963002490215,6.826396300249021,19.44999999999999,5.900000000000006,13.838491639985762,5,-12.64009962640099,-5.771080474511059,-6.8690191518899315,1.9973939725106133,0.0,0.0,0.0,1.3210960273852543,-25.823100493703677,13.183000867302685,,3,590
research_oof,fold_3,extreme_negative_pressure_rebound,2025-08-05,2025-08-05 04:17:00+00:00,NSE_FO|39858|07-08-2025,2025-08-07,CE,24800.0,44.3,0.22573363431151566,0.12573363431151566,-0.7742663656884843,1.6000000000000014,2.299999999999997,3.6117381489842018,5,-10.222672064777328,-1.7819706498951815,-8.440701414882145,2.3522317403065824,0.0,0.0,0.0,0.35334091776106874,-19.60778533338573,9.385113268608404,,2,587
research_oof,fold_3,extreme_negative_pressure_rebound,2025-08-06,2025-08-06 04:33:00+00:00,NSE_FO|39856|07-08-2025,2025-08-07,CE,24750.0,35.85,-1.8131101813110142,-1.9131101813110143,-2.813110181311014,3.8999999999999986,5.350000000000001,10.878661087866103,5,-21.444201312910295,-4.0837696335078615,-17.36043167940243,6.865508253692441,0.02078292980190275,0.0,0.0,1.781882801608627,-31.4442013129103,10.000000000000009,,1,603
research_oof,fold_3,extreme_negative_pressure_rebound,2025-08-07,2025-08-07 08:48:00+00:00,NSE_FO|39853|07-08-2025,2025-08-07,PE,24650.0,182.1,-9.088412959912127,-9.188412959912126,-10.088412959912127,7.400000000000006,46.5,4.0637012630422875,5,-22.082355451248137,-9.585666293393057,-12.49668915785508,5.403128760529483,0.0,0.0,0.0,8.946223765734402,-110.3176495688952,88.23529411764707,,0,858
research_oof,fold_3,extreme_negative_pressure_rebound,2025-08-08,2025-08-08 05:01:00+00:00,NSE_FO|44496|14-08-2025,2025-08-14,CE,24650.0,65.6,-2.515243902439012,-2.615243902439012,-3.515243902439012,1.9500000000000028,3.999999999999993,2.9725609756097606,5,-13.540290620871865,-5.078929306794766,-8.461361314077099,1.956319514661274,0.0,0.0,0.0,0.8655891391821642,-25.83975586151358,12.299465240641716,,6,631
research_oof,fold_3,extreme_negative_pressure_rebound,2025-08-11,2025-08-11 04:47:00+00:00,NSE_FO|44491|14-08-2025,2025-08-14,PE,24550.0,175.55,3.674166904015943,3.574166904015943,2.674166904015943,10.0,5.550000000000011,5.696382796923953,5,-9.371781668383106,-2.580473530194194,-6.791308138188912,1.7820945945945945,0.0,0.0,0.0,1.1453584452536985,-23.616385984929877,14.244604316546772,,3,617
research_oof,fold_3,extreme_negative_pressure_rebound,2025-08-12,2025-08-12 04:58:00+00:00,NSE_FO|44496|14-08-2025,2025-08-14,CE,24650.0,88.0,-18.181818181818183,-18.281818181818185,-19.181818181818183,1.6500000000000057,18.549999999999997,1.8750000000000064,5,-20.89887640449438,-13.021316033364238,-7.8775603711301425,2.2378761387687494,0.0,0.0,0.0,2.8374882075200825,-45.39636384168032,24.49748743718594,,2,628
research_oof,fold_3,extreme_negative_pressure_rebound,2025-08-13,2025-08-13 04:18:00+00:00,NSE_FO|44491|14-08-2025,2025-08-14,PE,24550.0,44.8,12.165178571428578,12.065178571428579,11.165178571428578,7.350000000000001,0.6499999999999986,16.406250000000007,5,-11.19920713577801,2.266009852216744,-13.465216987994754,1.8296802449360288,0.0,0.25,-0.5,9.311427639681293,-21.305836713895776,10.106629578117765,1885.0236201925436,1,588
research_oof,fold_3,extreme_negative_pressure_rebound,2025-08-14,2025-08-14 05:55:00+00:00,NSE_FO|44492|14-08-2025,2025-08-14,CE,24600.0,57.8,1.9031141868512136,1.8031141868512135,0.9031141868512136,4.200000000000003,2.0,7.266435986159175,5,-17.542613636363647,-3.690036900369009,-13.852576735994639,3.9448511063051073,0.0,0.0,0.0,6.269856179720849,-47.48611646122241,29.943502824858758,,0,685
research_oof,fold_3,extreme_negative_pressure_rebound,2025-08-18,2025-08-18 06:38:00+00:00,NSE_FO|47248|21-08-2025,2025-08-21,CE,25050.0,66.5,-5.488721804511276,-5.588721804511276,-6.488721804511276,0.4000000000000057,4.299999999999997,0.6015037593985048,5,-13.589076723016912,-7.124183006535956,-6.464893716480956,3.979668111825385,0.0,0.0,0.0,1.1440525184908814,-26.613162360840292,13.02408563782338,,3,728
research_oof,fold_3,extreme_negative_pressure_rebound,2025-08-19,2025-08-19 04:20:00+00:00,NSE_FO|47215|21-08-2025,2025-08-21,PE,24850.0,56.2,1.779359430604982,1.679359430604982,0.779359430604982,2.299999999999997,3.1000000000000014,4.092526690391454,5,-17.32745961820852,-7.360594795539033,-9.966864822669486,1.9670014347202296,0.0,0.0,0.0,5.975614699131637,-33.029938957051485,15.702479338842966,,2,590
research_oof,fold_3,extreme_negative_pressure_rebound,2025-08-20,2025-08-20 05:05:00+00:00,NSE_FO|47217|21-08-2025,2025-08-21,PE,24900.0,30.45,-5.418719211822656,-5.518719211822655,-6.418719211822656,0.40000000000000213,2.4499999999999993,1.3136288998358034,5,-9.763313609467449,-2.6645768025078342,-7.098736806959614,1.9240944145828465,0.0,0.125,0.125,9.309719624159932,-16.222549529120855,6.4592359196534055,,1,635
research_oof,fold_3,extreme_negative_pressure_rebound,2025-08-21,2025-08-21 06:58:00+00:00,NSE_FO|47248|21-08-2025,2025-08-21,CE,25050.0,57.8,17.12802768166091,17.02802768166091,16.12802768166091,13.299999999999997,7.199999999999996,23.010380622837367,5,-17.214285714285715,-8.182476466328747,-9.031809247956968,2.565970639190298,0.0,0.0,0.0,4.553028814386614,-56.418831168831154,39.20454545454544,,0,748
research_oof,fold_3,extreme_negative_pressure_rebound,2025-08-22,2025-08-22 04:47:00+00:00,NSE_FO|71976|28-08-2025,2025-08-28,CE,25050.0,76.05,-5.654174884944112,-5.754174884944112,-6.654174884944112,0.15000000000000568,6.049999999999997,0.1972386587771278,5,-10.277613703484946,-4.266826923076916,-6.010786780408029,2.5100531305344305,0.0,0.0,0.0,0.44170016105544135,-20.896506211628285,10.61889250814334,,6,617
research_oof,fold_3,extreme_negative_pressure_rebound,2025-08-25,2025-08-25 06:15:00+00:00,NSE_FO|71973|28-08-2025,2025-08-28,PE,24950.0,64.6,10.91331269349847,10.813312693498471,9.91331269349847,9.75,0.09999999999999432,15.092879256965947,5,-12.550881953867032,-6.490066225165569,-6.060815728701463,7.996222851746931,0.0,0.0,-0.125,5.5404807007138,-27.46131398758672,14.91043203371969,,3,705
research_oof,fold_3,extreme_negative_pressure_rebound,2025-08-28,2025-08-28 05:28:00+00:00,NSE_FO|71973|28-08-2025,2025-08-28,PE,24950.0,274.6,6.263656227239617,6.163656227239617,5.263656227239617,27.849999999999966,0.10000000000002274,10.14202476329205,5,-12.171952986636613,-4.868186964256815,-7.303766022379798,8.118518518518519,0.0,0.0,-0.125,4.747946606164041,-65.50528631996995,53.33333333333334,,0,658
research_oof,fold_3,extreme_negative_pressure_rebound,2025-08-29,2025-08-29 05:42:00+00:00,NSE_FO|48936|02-09-2025,2025-09-02,PE,24600.0,97.1,1.544799176107106,1.444799176107106,0.544799176107106,8.450000000000003,3.4499999999999886,8.702368692070033,5,-10.886541111621495,-2.248803827751189,-8.637737283870306,1.9724451898885826,-0.014268334455429172,0.0,0.0,1.3278751820754622,-24.19904111162151,13.312500000000016,,4,672
research_oof,fold_3,extreme_negative_pressure_rebound,2025-09-01,2025-09-01 04:57:00+00:00,NSE_FO|48940|02-09-2025,2025-09-02,PE,24700.0,157.1,10.884786760025458,10.784786760025458,9.884786760025458,19.599999999999994,4.5,12.476129853596433,5,-10.722411831626866,-3.7358818418766426,-6.986529989750224,2.258949481431917,0.009318128300871262,0.0,0.0,3.0856718842005773,-25.2205530955674,14.498141263940534,,1,627
research_oof,fold_3,extreme_negative_pressure_rebound,2025-09-02,2025-09-02 04:21:00+00:00,NSE_FO|48946|02-09-2025,2025-09-02,PE,24800.0,96.4,-8.091286307053954,-8.191286307053954,-9.091286307053954,0.75,11.400000000000006,0.7780082987551866,5,-13.903743315508033,-4.613978985838285,-9.289764329669747,1.8324716968784764,0.08928384370962673,0.0,0.0,2.878323615247041,-47.9173487576849,34.01360544217687,,0,591
research_oof,fold_3,extreme_negative_pressure_rebound,2025-12-01,2025-12-01 05:08:00+00:00,NSE_FO|46813|02-12-2025,2025-12-02,CE,26350.0,41.65,-6.242496998799523,-6.342496998799523,-7.242496998799523,0.7000000000000028,3.3500000000000014,1.68067226890757,5,-18.011811023622048,-9.727626459143968,-8.28418456447808,2.593225737948609,0.0,0.0,0.0,9.44138627202063,-32.6734651589604,14.661654135338352,,1,638
research_oof,fold_3,extreme_negative_pressure_rebound,2025-12-02,2025-12-02 05:20:00+00:00,NSE_FO|46808|02-12-2025,2025-12-02,PE,26250.0,153.1,-0.32658393207054215,-0.4265839320705421,-1.3265839320705421,2.5500000000000114,8.650000000000006,1.6655780535597724,5,-10.103092783505163,-1.3803230543318668,-8.722769729173297,1.8194503171247358,0.0,0.125,-0.125,9.599249126190207,-24.103092783505176,14.000000000000012,,0,650
research_oof,fold_3,extreme_negative_pressure_rebound,2025-12-03,2025-12-03 04:33:00+00:00,NSE_FO|41907|09-12-2025,2025-12-09,CE,26100.0,75.95,-1.2508229098090886,-1.3508229098090887,-2.250822909809089,1.0499999999999972,5.049999999999997,1.382488479262669,5,-11.473500291205585,-1.501501501501501,-9.971998789704084,3.1772374911909798,0.0,0.0,0.0,5.168972789353885,-20.367972653014633,8.894472361809047,,6,603
research_oof,fold_3,extreme_negative_pressure_rebound,2025-12-04,2025-12-04 04:37:00+00:00,NSE_FO|41882|09-12-2025,2025-12-09,PE,25950.0,64.8,4.475308641975317,4.375308641975318,3.4753086419753174,7.1000000000000085,0.29999999999999716,10.956790123456804,5,-10.20833333333333,-3.7552155771905515,-6.453117756142779,3.4699254086652913,0.013969244004731691,0.0,0.0,4.961834722688219,-17.02914258188826,6.8208092485549265,,5,607
research_oof,fold_3,extreme_negative_pressure_rebound,2025-12-05,2025-12-05 04:27:00+00:00,NSE_FO|41907|09-12-2025,2025-12-09,CE,26100.0,75.55,4.831237590999346,4.7312375909993465,3.831237590999346,3.75,4.3999999999999915,4.963600264725348,5,-16.68508287292817,-5.163511187607572,-11.521571685320598,2.544395302729907,0.0,0.0,0.0,1.888833026993147,-33.78853114879023,17.103448275862053,,4,597
research_oof,fold_3,extreme_negative_pressure_rebound,2025-12-08,2025-12-08 04:17:00+00:00,NSE_FO|41907|09-12-2025,2025-12-09,CE,26100.0,85.3,-3.282532239155917,-3.382532239155917,-4.282532239155917,2.3500000000000085,6.6499999999999915,2.7549824150058715,5,-15.810276679841895,-3.0428055698813905,-12.767471109960503,1.8352984695057104,0.0,0.0,0.0,5.565767297384524,-36.705799067901594,20.895522388059696,,1,587
research_oof,fold_3,extreme_negative_pressure_rebound,2025-12-09,2025-12-09 04:38:00+00:00,NSE_FO|41880|09-12-2025,2025-12-09,PE,25900.0,121.6,4.5230263157894735,4.423026315789474,3.5230263157894735,14.5,0.5,11.924342105263158,5,-17.345553292600147,-11.129848229342333,-6.215705063257815,2.1381831044037023,0.0,0.25,0.25,9.681874267590107,-39.52865188414947,22.18309859154932,,0,608
research_oof,fold_3,extreme_negative_pressure_rebound,2025-12-10,2025-12-10 07:49:00+00:00,NSE_FO|48211|16-12-2025,2025-12-16,PE,25750.0,80.3,-1.1207970112079595,-1.2207970112079596,-2.1207970112079595,2.700000000000003,2.950000000000003,3.362391033623914,5,-13.62660944206009,-3.3726812816188834,-10.253928160441207,3.0299360914900775,0.0,0.375,0.0,8.775615647323436,-22.17981326925638,8.553203827196288,3.4781963915411325,6,799
research_oof,fold_3,extreme_negative_pressure_rebound,2025-12-11,2025-12-11 04:34:00+00:00,NSE_FO|48211|16-12-2025,2025-12-16,PE,25750.0,104.9,-13.632030505243097,-13.732030505243097,-14.632030505243097,5.349999999999994,17.55000000000001,5.100095328884646,5,-13.993453355155495,-1.0780508840017244,-12.91540247115377,1.9068072866730585,-0.005274406115571143,0.0,-0.125,5.74634742959226,-26.20843706851055,12.214983713355053,,5,604
research_oof,fold_3,extreme_negative_pressure_rebound,2025-12-12,2025-12-12 04:38:00+00:00,NSE_FO|48222|16-12-2025,2025-12-16,CE,25950.0,118.3,6.297548605240916,6.197548605240916,5.297548605240916,8.400000000000006,2.450000000000003,7.100591715976336,5,-12.207792207792211,-5.880256593014965,-6.327535614777246,3.640271089709292,0.0,0.0,0.0,4.428174993023907,-28.738736833199376,16.530944625407162,,4,608
research_oof,fold_3,extreme_negative_pressure_rebound,2025-12-15,2025-12-15 04:38:00+00:00,NSE_FO|48219|16-12-2025,2025-12-16,PE,25850.0,31.8,1.4150943396226392,1.315094339622639,0.4150943396226392,5.349999999999998,0.8000000000000007,16.823899371069174,5,-13.351498637602187,-0.7621951219512146,-12.589303515650972,1.8023704227843622,0.0,0.375,0.0,11.566620506661314,-22.53945136348856,9.187952725886372,-3.326903112938453,1,608
research_oof,fold_3,extreme_negative_pressure_rebound,2025-12-16,2025-12-16 04:28:00+00:00,NSE_FO|48220|16-12-2025,2025-12-16,CE,25900.0,49.0,-19.285714285714292,-19.385714285714293,-20.285714285714292,1.75,10.399999999999999,3.571428571428571,5,-29.971387696709584,-13.59940872135994,-16.371978975349645,1.9929783045127,0.0,0.0,0.0,13.3465019348502,-85.15029541799018,55.1789077212806,,0,598
research_oof,fold_3,extreme_negative_pressure_rebound,2025-12-17,2025-12-17 04:36:00+00:00,NSE_FO|57003|23-12-2025,2025-12-23,CE,25950.0,82.65,2.903811252268592,2.803811252268592,1.903811252268592,5.6499999999999915,0.8500000000000085,6.8360556563823245,5,-14.28571428571429,-7.882534775888706,-6.403179509825584,1.7714764451891474,0.0,0.0,0.0,5.549707470508926,-28.409090909090907,14.123376623376615,,6,606
research_oof,fold_3,extreme_negative_pressure_rebound,2025-12-18,2025-12-18 04:47:00+00:00,NSE_FO|56991|23-12-2025,2025-12-23,PE,25800.0,85.9,-7.9161816065192205,-8.01618160651922,-8.91618160651922,1.25,8.900000000000006,1.4551804423748544,5,-11.024844720496885,-4.9221496735308845,-6.102695046966001,2.2814321398834303,0.0,0.375,0.0,9.229920091273023,-19.583216137198193,8.558371416701306,8.481075866646279,5,617
research_oof,fold_3,extreme_negative_pressure_rebound,2025-12-19,2025-12-19 04:35:00+00:00,NSE_FO|57005|23-12-2025,2025-12-23,CE,26000.0,69.15,5.422993492407809,5.322993492407809,4.422993492407809,5.049999999999997,5.150000000000006,7.302964569775845,5,-13.345864661654128,-0.8951406649616356,-12.450723996692492,2.278711858375589,0.0,0.0,0.0,3.4989876847724046,-25.312101007235064,11.966236345580938,,4,605
research_oof,fold_4,extreme_negative_pressure_rebound,2025-12-23,2025-12-23 09:11:00+00:00,NSE_FO|57003|23-12-2025,2025-12-23,CE,25950.0,229.0,-1.8777292576419264,-1.9777292576419265,-2.8777292576419264,5.199999999999989,19.599999999999994,2.2707423580785977,5,-9.695181907571293,-3.263631033808867,-6.431550873762426,6.369318181818182,0.0019313792319927288,0.0,0.0,4.011046851693002,15.304818092428707,-25.0,,0,881
research_oof,fold_4,extreme_negative_pressure_rebound,2025-12-24,2025-12-24 05:32:00+00:00,NSE_FO|65640|30-12-2025,2025-12-30,CE,26250.0,78.4,5.803571428571424,5.703571428571425,4.803571428571424,5.599999999999994,0.6500000000000057,7.142857142857135,5,-9.562211981566815,0.35149384885766466,-9.91370583042448,2.1682812067533908,0.0,0.0,-0.8,1.2120913208759214,-19.557189379859132,9.994977398292315,,6,662
research_oof,fold_4,extreme_negative_pressure_rebound,2025-12-26,2025-12-26 06:52:00+00:00,NSE_FO|65623|30-12-2025,2025-12-30,CE,26100.0,52.7,8.349146110056923,8.249146110056923,7.349146110056923,5.649999999999999,0.0,10.721062618595823,5,-9.741379310344822,-2.6382978723404227,-7.103081438004399,4.7484011430126545,0.0,0.0,0.0,0.7872945283487659,-18.161068429515815,8.419689119170993,,4,742
research_oof,fold_4,extreme_negative_pressure_rebound,2025-12-29,2025-12-29 04:24:00+00:00,NSE_FO|65623|30-12-2025,2025-12-30,CE,26100.0,38.29,-27.918516583964475,-28.018516583964477,-28.918516583964475,0.0,11.189999999999998,0.0,5,-19.49420442571127,-10.36960985626284,-9.12459456944843,2.7360972203875984,0.0,0.0,0.0,2.6196819707682706,-38.60801850042891,19.113814074717638,,1,594
research_oof,fold_4,extreme_negative_pressure_rebound,2025-12-30,2025-12-30 04:54:00+00:00,NSE_FO|65622|30-12-2025,2025-12-30,PE,26050.0,87.05,2.4698449167145387,2.3698449167145386,1.4698449167145387,4.900000000000006,1.0,5.628948879954057,5,-13.233830845771145,-7.084337349397584,-6.149493496373561,2.1283215989098343,0.0,0.0,0.0,5.888054131306006,-46.046330845771145,32.8125,,0,624
research_oof,fold_4,extreme_negative_pressure_rebound,2025-12-31,2025-12-31 05:01:00+00:00,NSE_FO|40460|06-01-2026,2026-01-06,PE,25900.0,38.0,-0.6578947368421052,-0.7578947368421052,-1.6578947368421053,0.3999999999999986,1.2100000000000009,1.0526315789473648,5,-12.48554913294797,-4.734411085450341,-7.751138047497629,3.239718495711458,0.0,0.25,0.25,8.359691477107228,-20.34269199009082,7.857142857142851,,6,631
research_oof,fold_4,extreme_negative_pressure_rebound,2026-01-05,2026-01-05 05:53:00+00:00,NSE_FO|40469|06-01-2026,2026-01-06,CE,26050.0,280.75,1.4603739982190642,1.3603739982190641,0.4603739982190642,7.25,10.5,2.5823686553873553,5,-10.296661754340997,-3.347401655981186,-6.949260098359812,7.569620253164557,0.0,0.0,0.0,3.2633706028056513,-29.46332842100766,19.166666666666664,,1,683
research_oof,fold_4,extreme_negative_pressure_rebound,2026-01-06,2026-01-06 05:07:00+00:00,NSE_FO|40469|06-01-2026,2026-01-06,CE,26050.0,157.4,4.224904701397716,4.124904701397717,3.2249047013977163,9.75,5.960000000000008,6.1944091486658195,5,-12.663731425426528,-2.8081999438359984,-9.85553148159053,2.489091831557585,-0.011371301917702612,0.0,0.0,4.247604444873081,-49.96102872272382,37.29729729729729,,0,637
research_oof,fold_4,extreme_negative_pressure_rebound,2026-01-07,2026-01-07 04:27:00+00:00,NSE_FO|46197|13-01-2026,2026-01-13,PE,26250.0,156.19,-4.53934310775338,-4.63934310775338,-5.53934310775338,1.460000000000008,10.939999999999998,0.9347589474358206,5,-11.111111111111116,-0.7144983626079071,-10.396612748503209,3.5896670150813796,0.0,0.0,0.0,5.866462861313615,-24.22005708099597,13.108945969884855,,6,597
research_oof,fold_4,extreme_negative_pressure_rebound,2026-01-08,2026-01-08 04:49:00+00:00,NSE_FO|46179|13-01-2026,2026-01-13,CE,26050.0,97.75,-0.6138107416879738,-0.7138107416879738,-1.6138107416879737,1.9000000000000057,7.349999999999994,1.9437340153452745,5,-9.733270940570883,-1.4684983420179987,-8.264772598552884,2.277621653601538,0.03186038182870052,0.0,0.0,4.075446517174582,-22.57399782459013,12.840726884019249,,5,619
research_oof,fold_4,extreme_negative_pressure_rebound,2026-01-12,2026-01-12 06:44:00+00:00,NSE_FO|46180|13-01-2026,2026-01-13,PE,26050.0,452.1,-3.8265870382658727,-3.9265870382658727,-4.826587038265872,22.799999999999955,34.75,5.04313205043131,5,-13.418105902448286,-2.708153269951019,-10.709952632497266,7.076923076923077,-0.0005173305742369374,0.0,0.0,2.3930810236216513,-29.620637548017903,16.202531645569618,,1,734
research_oof,fold_4,extreme_negative_pressure_rebound,2026-01-13,2026-01-13 04:16:00+00:00,NSE_FO|46180|13-01-2026,2026-01-13,PE,26050.0,271.6,4.565537555228269,4.465537555228269,3.5655375552282687,54.14999999999998,3.1000000000000227,19.93740795287186,5,-16.958358479179235,-10.19485580670304,-6.763502672476195,2.1502145922746783,0.0022678593927176515,0.0,0.0,3.034863642183434,-31.958358479179225,14.999999999999991,,0,586
research_oof,fold_4,extreme_negative_pressure_rebound,2026-01-14,2026-01-14 04:48:00+00:00,NSE_FO|47611|20-01-2026,2026-01-20,CE,25650.0,162.05,-7.16445541499538,-7.264455414995379,-8.16445541499538,2.299999999999983,14.400000000000006,1.4193150262264627,5,-8.86755153911325,-2.349570200573059,-6.517981338540192,3.1116603010559425,0.0,0.0,0.0,0.7762102846787541,-18.691750091336612,9.824198552223361,,6,618
research_oof,fold_4,extreme_negative_pressure_rebound,2026-01-16,2026-01-16 04:33:00+00:00,NSE_FO|47610|20-01-2026,2026-01-20,PE,25600.0,37.0,0.2702702702702741,0.1702702702702741,-0.7297297297297258,3.289999999999999,1.25,8.89189189189189,5,-12.735849056603765,-6.826347305389224,-5.909501751214541,2.070282550049695,0.0,0.2857143,0.0,8.203090766337075,-18.707692834987057,5.97184377838329,16.08589805309748,4,603
research_oof,fold_4,extreme_negative_pressure_rebound,2026-01-19,2026-01-19 04:30:00+00:00,NSE_FO|47601|20-01-2026,2026-01-20,CE,25550.0,69.34,-2.523795788866455,-2.623795788866455,-3.523795788866455,2.25,3.3400000000000034,3.244880299971156,5,-18.09133489461359,0.12730744748568057,-18.21864234209927,2.571065120602769,0.0,0.0,-0.6,0.9253929589961958,-46.053717339754655,27.962382445141067,,1,600
research_oof,fold_4,extreme_negative_pressure_rebound,2026-01-20,2026-01-20 04:48:00+00:00,NSE_FO|47602|20-01-2026,2026-01-20,PE,25550.0,90.4,-6.415929203539836,-6.5159292035398355,-7.415929203539836,6.1499999999999915,9.150000000000006,6.803097345132733,5,-10.09495252373812,0.60882800608828,-10.7037805298264,2.3908794788273617,0.0,0.0,-0.875,3.782718310918846,-13.685616796628597,3.590664272890476,,0,618
research_oof,fold_4,extreme_negative_pressure_rebound,2026-01-21,2026-01-21 05:12:00+00:00,NSE_FO|58663|27-01-2026,2026-01-27,CE,25050.0,172.5,-1.0724637681159388,-1.1724637681159389,-2.072463768115939,8.650000000000006,6.300000000000011,5.014492753623192,5,-14.136386261821809,-6.894853484363461,-7.241532777458348,4.652539276580197,0.0,0.0,0.0,0.32680444232412226,-38.768584664512005,24.632198402690197,,6,642
research_oof,fold_4,extreme_negative_pressure_rebound,2026-01-22,2026-01-22 04:57:00+00:00,NSE_FO|58693|27-01-2026,2026-01-27,CE,25250.0,191.35,-13.404755683302852,-13.504755683302852,-14.404755683302852,1.0,39.650000000000006,0.5226025607525477,5,-11.767409790852689,-2.4773701762744293,-9.290039614578259,2.226691042047532,0.0,0.0,0.0,1.0304332134897967,-26.767409790852703,15.000000000000014,,5,627
research_oof,fold_4,extreme_negative_pressure_rebound,2026-01-23,2026-01-23 04:17:00+00:00,NSE_FO|58666|27-01-2026,2026-01-27,PE,25100.0,42.3,4.728132387706856,4.628132387706857,3.7281323877068564,2.75,3.549999999999997,6.501182033096928,5,-11.562499999999998,-3.19735391400221,-8.365146085997788,1.9847832448476235,0.0,0.0,0.0,4.575785797591646,-16.14424904942967,4.581749049429673,,4,587
research_oof,fold_4,extreme_negative_pressure_rebound,2026-01-27,2026-01-27 04:17:00+00:00,NSE_FO|58675|27-01-2026,2026-01-27,PE,25150.0,70.7,3.2531824611032487,3.1531824611032486,2.2531824611032487,9.0,3.4000000000000057,12.729844413012728,5,-36.8632707774799,-29.26631536278881,-7.596955414691088,4.436378508256224,0.0,0.25,0.0,21.660860800228942,-91.47865539286451,54.61538461538462,42.128411762936594,0,587
research_oof,fold_4,extreme_negative_pressure_rebound,2026-01-29,2026-01-29 04:51:00+00:00,NSE_FO|49793|03-02-2026,2026-02-03,CE,25250.0,180.65,6.836424024356487,6.736424024356487,5.836424024356487,18.549999999999983,0.9000000000000057,10.268474951563787,5,-8.770161290322587,-2.4892049784099646,-6.280956311912623,2.2452610090405365,0.0,0.0,0.0,0.12749579188601048,-22.25598449737526,13.485823207052672,,5,621
research_oof,fold_4,extreme_negative_pressure_rebound,2026-01-30,2026-01-30 09:17:00+00:00,NSE_FO|49790|03-02-2026,2026-02-03,PE,25150.0,118.35,2.534854245880862,2.434854245880862,1.534854245880862,5.5,2.1999999999999886,4.647232784114914,5,-9.57284515636918,8.785942492012765,-18.358787648381945,3.1736725663716814,-0.028035503978398876,0.0,-1.0,0.6053576576822249,-14.959883114267413,5.387037957898233,,4,887
research_oof,fold_4,extreme_negative_pressure_rebound,2026-02-01,2026-02-01 04:20:00+00:00,NSE_FO|49799|03-02-2026,2026-02-03,CE,25350.0,179.4,5.546265328874018,5.446265328874018,4.546265328874018,14.199999999999989,0.45000000000001705,7.91527313266443,5,-8.727735368956747,1.4334115194162056,-10.161146888372953,4.268412711652348,0.0,0.0,-1.0,0.7684976431867331,-16.238411078577442,7.5106757096206955,,2,590
research_oof,fold_4,extreme_negative_pressure_rebound,2026-02-02,2026-02-02 04:24:00+00:00,NSE_FO|49792|03-02-2026,2026-02-03,PE,25200.0,320.65,19.273351005769534,19.173351005769533,18.273351005769534,67.35000000000002,2.2999999999999545,21.00421019803525,5,-10.756419153365716,-4.4911881750994915,-6.265230978266224,1.9967689822294024,0.0,0.0,0.0,1.774514767724981,-13.925433237872765,3.169014084507049,,1,594
research_oof,fold_4,extreme_negative_pressure_rebound,2026-02-03,2026-02-03 04:35:00+00:00,NSE_FO|49793|03-02-2026,2026-02-03,CE,25250.0,424.6,1.3188883655204817,1.2188883655204816,0.3188883655204817,20.399999999999977,35.450000000000045,4.804521902967493,5,-9.968085106382985,-1.5537805011489159,-8.414304605234069,1.8012422360248448,0.0,0.0,0.0,5.013057696329009,-39.498286448664864,29.53020134228188,,0,605
research_oof,fold_4,extreme_negative_pressure_rebound,2026-02-04,2026-02-04 04:23:00+00:00,NSE_FO|42530|10-02-2026,2026-02-10,CE,25700.0,210.25,7.395957193816891,7.295957193816891,6.395957193816891,16.55000000000001,2.25,7.871581450653989,5,-10.264618011096893,-4.307954787801238,-5.956663223295655,1.9062638335546702,0.0,0.0,0.0,5.043933212197653,-19.818758138485425,9.554140127388532,,6,593
research_oof,fold_4,extreme_negative_pressure_rebound,2026-02-05,2026-02-05 06:18:00+00:00,NSE_FO|42532|10-02-2026,2026-02-10,CE,25750.0,98.0,-0.45918367346939065,-0.5591836734693907,-1.4591836734693906,1.3499999999999943,2.1500000000000057,1.3775510204081574,5,-10.909090909090914,-3.2015065913371,-7.707584317753813,2.2533762057877813,0.0,0.0,0.0,5.106947258454782,-22.06980519480519,11.16071428571428,,5,708
research_oof,fold_4,extreme_negative_pressure_rebound,2026-02-06,2026-02-06 06:30:00+00:00,NSE_FO|42527|10-02-2026,2026-02-10,PE,25600.0,87.1,18.771526980482214,18.671526980482213,17.771526980482214,17.5,3.0999999999999943,20.091848450057405,5,-9.896373056994811,-3.357438016528924,-6.538935040465887,2.3844432882414153,-0.0095761852922407,0.0,0.0,3.860695646822238,-21.256496704599137,11.360123647604325,,4,720
research_oof,fold_4,extreme_negative_pressure_rebound,2026-02-09,2026-02-09 04:30:00+00:00,NSE_FO|42537|10-02-2026,2026-02-10,PE,25800.0,64.65,-4.872389791183303,-4.972389791183303,-5.872389791183303,1.75,4.650000000000006,2.7068832173240525,5,-11.134020618556695,-4.725503822098687,-6.4085167964580085,1.8093750554658241,0.0,0.125,-0.25,7.197500200920362,-19.79751771311559,8.663497094558892,50.94569411013799,1,600
research_oof,fold_4,extreme_negative_pressure_rebound,2026-02-10,2026-02-10 08:00:00+00:00,NSE_FO|42536|10-02-2026,2026-02-10,CE,25800.0,115.3,1.4744145706851717,1.3744145706851716,0.4744145706851717,10.400000000000006,3.8499999999999943,9.019947961838687,5,-18.57344632768362,-1.831501831501836,-16.741944496181784,3.069210576861515,0.0,0.0,0.0,6.2309077765672924,-67.77979553403283,49.20634920634921,,0,810
research_oof,fold_4,extreme_negative_pressure_rebound,2026-02-12,2026-02-12 07:48:00+00:00,NSE_FO|48233|17-02-2026,2026-02-17,PE,25900.0,111.3,4.941599281221923,4.8415992812219235,3.941599281221923,15.150000000000006,1.0,13.611859838274937,5,-14.070932922127977,-2.602952602952602,-11.467980319175375,2.5931346460883447,0.0,0.0,-0.125,5.213873873127489,-27.121977005654664,13.051044083526687,,5,798
research_oof,fold_4,extreme_negative_pressure_rebound,2026-02-17,2026-02-17 04:50:00+00:00,NSE_FO|48233|17-02-2026,2026-02-17,PE,25900.0,211.65,2.6458776281596945,2.5458776281596944,1.6458776281596945,10.400000000000006,0.30000000000001137,4.913772738010869,5,-12.18853820598007,-6.307090039147456,-5.881448166832614,2.216666666666667,0.0,0.0,-0.125,3.6865179542403683,-59.68853820598008,47.50000000000001,,0,620
research_oof,fold_4,extreme_negative_pressure_rebound,2026-02-18,2026-02-18 04:25:00+00:00,NSE_FO|64858|24-02-2026,2026-02-24,CE,25650.0,163.75,-4.793893129770989,-4.893893129770989,-5.793893129770989,2.9499999999999886,10.099999999999994,1.8015267175572451,5,-11.285946825827464,-4.9945711183496115,-6.291375707477853,2.543766578249337,0.012495803648028648,0.0,0.0,4.883055433460219,-35.294085177811205,24.008138351983742,,6,595
research_oof,fold_4,extreme_negative_pressure_rebound,2026-02-20,2026-02-20 04:48:00+00:00,NSE_FO|64859|24-02-2026,2026-02-24,PE,25650.0,182.7,-0.08210180623972484,-0.18210180623972483,-1.0821018062397247,3.8000000000000114,10.5,2.079912424740017,5,-19.090909090909093,-9.148191365227532,-9.942717725681561,4.231523378582202,-0.038839006055543954,0.375,0.25,9.631535554538825,-48.692712246431256,29.601803155522166,2.9226236016329494,4,618
research_oof,fold_4,extreme_negative_pressure_rebound,2026-02-23,2026-02-23 04:23:00+00:00,NSE_FO|64864|24-02-2026,2026-02-24,CE,25800.0,67.05,7.457121551081284,7.357121551081284,6.457121551081284,10.75,2.3999999999999915,16.03281133482476,5,-17.466174661746624,-2.9299363057324834,-14.536238356014142,1.944219580065773,0.0,0.0,0.0,7.943906309116999,-34.01705328863669,16.550878626890064,,1,593
research_oof,fold_1,volume_leads_price_underreaction,2025-03-19,2025-03-19 05:16:00+00:00,NSE_FO|50183|20-03-2025,2025-03-20,CE,22450.0,474.55,-6.44821409756612,-6.548214097566119,-7.44821409756612,0.39999999999997726,30.600000000000023,0.08429038036033658,5,1.031366294524183,3.121338020666875,-2.089971726142692,5.166666666666667,0.0,0.8333333,0.0,0.6178752338189449,1.8860671492250347,-0.8547008547008517,13.918064430283266,1,646
research_oof,fold_1,volume_leads_price_underreaction,2025-03-21,2025-03-21 06:56:00+00:00,NSE_FO|48251|27-03-2025,2025-03-27,CE,23050.0,399.2,-1.0896793587174265,-1.1896793587174266,-2.0896793587174267,0.05000000000001137,13.75,0.012525050100203248,5,0.3899861617813638,5.458221024258769,-5.068234862477405,3.0625,0.0,1.0,0.0,0.17029596561989999,-1.143756169506971,1.5337423312883347,1.2382810777744453,6,746
research_oof,fold_1,volume_leads_price_underreaction,2025-03-24,2025-03-24 05:12:00+00:00,NSE_FO|48349|27-03-2025,2025-03-27,CE,23150.0,472.9,0.930429266229654,0.8304292662296541,-0.06957073377034595,5.350000000000023,8.5,1.1313174032565072,5,0.35260177369378365,1.8087295570237139,-1.4561277833299302,3.0,0.0,1.0,0.0,0.45086162650862577,1.733272385133633,-1.3806706114398493,12.245883394578414,3,642
research_oof,fold_1,volume_leads_price_underreaction,2025-03-26,2025-03-26 05:42:00+00:00,NSE_FO|49834|27-03-2025,2025-03-27,CE,23250.0,434.9,-0.6898137502874224,-0.7898137502874224,-1.6898137502874224,8.350000000000023,3.0,1.9199816049666645,5,0.7417873542917786,-0.652045050385297,1.3938324046770756,3.3,0.0,1.0,0.39999998,0.4234889772103769,-3.258212645708225,4.0000000000000036,,1,672
research_oof,fold_1,volume_leads_price_underreaction,2025-03-27,2025-03-27 04:59:00+00:00,NSE_FO|48349|27-03-2025,2025-03-27,CE,23150.0,497.95,-6.1251129631489105,-6.22511296314891,-7.1251129631489105,0.05000000000001137,33.69999999999999,0.010041168792049679,5,0.45586406962287995,-1.770364306180927,2.226228375803807,4.571428571428571,0.0,1.0,0.8,1.12394909102193,-0.5645440936424162,1.0204081632652962,57.89572233290528,0,629
research_oof,fold_1,volume_leads_price_underreaction,2025-04-01,2025-04-01 06:02:00+00:00,NSE_FO|54756|03-04-2025,2025-04-03,PE,23700.0,450.45,3.3633033633033707,3.2633033633033706,2.3633033633033707,35.55000000000001,2.4499999999999886,7.892107892107895,5,-0.17706949977867037,2.8450766837075037,-3.022146183486174,6.702702702702703,0.0,0.5,-0.25,4.007018775982851,1.2447314480886318,-1.4218009478673022,-1571.5704937313894,2,692
research_oof,fold_1,volume_leads_price_underreaction,2025-04-02,2025-04-02 05:02:00+00:00,NSE_FO|54715|03-04-2025,2025-04-03,PE,23550.0,296.7,0.9268621503201888,0.8268621503201888,-0.07313784967981118,7.100000000000023,14.699999999999989,2.3929895517357678,5,0.91049647826833,-1.3458950201884257,2.2563914984567557,2.7698744769874475,0.0,0.625,0.375,6.350739507115776,11.976070248760129,-11.065573770491799,64.19829351968656,1,632
research_oof,fold_1,volume_leads_price_underreaction,2025-04-03,2025-04-03 05:45:00+00:00,NSE_FO|54754|03-04-2025,2025-04-03,PE,23650.0,386.2,0.983946141895394,0.883946141895394,-0.016053858104606022,3.8000000000000114,2.25,0.983946141895394,5,1.1445862386527894,-2.2447125989360384,3.3892988375888278,3.125,0.0,0.75,0.75,6.678525263162631,5.6900407841073415,-4.545454545454552,,0,675
research_oof,fold_1,volume_leads_price_underreaction,2025-04-08,2025-04-08 08:02:00+00:00,NSE_FO|43888|09-04-2025,2025-04-09,PE,23050.0,420.55,12.459873974557121,12.359873974557122,11.459873974557121,52.39999999999998,1.6000000000000227,12.459873974557121,5,0.17564402810303914,0.9168777898419522,-0.7412337617389131,4.666666666666667,0.0,0.6,-0.19999999,0.41392429864489727,-6.361886238240788,6.537530266343827,-81.4894032477896,1,812
research_oof,fold_1,volume_leads_price_underreaction,2025-04-11,2025-04-11 06:32:00+00:00,NSE_FO|48187|17-04-2025,2025-04-17,PE,22650.0,117.9,3.68956743002544,3.58956743002544,2.68956743002544,4.799999999999997,1.7000000000000028,4.07124681933842,5,0.5508474576271238,-2.1132713440405793,2.664118801667703,2.89648033126294,0.0,0.5,0.5,0.8488692559025626,1.3135933428137903,-0.7627458851866664,,6,722
research_oof,fold_1,volume_leads_price_underreaction,2025-04-21,2025-04-21 07:52:00+00:00,NSE_FO|79515|24-04-2025,2025-04-24,CE,23850.0,366.65,-4.541115505250233,-4.641115505250233,-5.541115505250233,0.0,17.0,0.0,5,0.27247956403269047,-3.3762711864406714,3.648750750473362,3.4455445544554455,0.005568505568505569,0.5,0.5,0.16955250023324667,2.8555053942909914,-2.583025830258301,,3,802
research_oof,fold_1,volume_leads_price_underreaction,2025-04-22,2025-04-22 06:55:00+00:00,NSE_FO|79515|24-04-2025,2025-04-24,CE,23850.0,368.0,-1.8206521739130404,-1.9206521739130404,-2.8206521739130404,0.30000000000001137,8.050000000000011,0.08152173913043786,5,0.6077348066298338,1.630136986301367,-1.0224021796715332,3.6470588235294117,0.0,1.0,0.0,0.45528062550264115,2.4778646767597,-1.8701298701298663,8.800793536138372,2,745
research_oof,fold_1,volume_leads_price_underreaction,2025-04-23,2025-04-23 04:47:00+00:00,NSE_FO|79515|24-04-2025,2025-04-24,CE,23850.0,392.8,-3.475050916496954,-3.575050916496954,-4.475050916496954,0.8499999999999659,19.69999999999999,0.21639511201628459,5,0.2562459961563013,-3.328153328153338,3.5843993243096395,3.0933333333333333,0.0,1.0,1.0,0.6981568250392136,-1.844594339978145,2.1008403361344463,,1,617
research_oof,fold_1,volume_leads_price_underreaction,2025-04-24,2025-04-24 05:33:00+00:00,NSE_FO|79519|24-04-2025,2025-04-24,CE,23950.0,324.1,1.6352977476087487,1.5352977476087486,0.6352977476087487,6.2999999999999545,3.3000000000000114,1.9438444924405904,5,1.1023133053873702,-0.3688321348871759,1.471145440274546,5.559322033898305,0.0,0.8333333,0.49999997,0.48530736542286207,4.399016602090655,-3.296703296703285,-68.95433901695651,0,663
research_oof,fold_1,volume_leads_price_underreaction,2025-04-25,2025-04-25 07:02:00+00:00,NSE_FO|51999|30-04-2025,2025-04-30,PE,24300.0,402.65,-3.861914814354888,-3.961914814354888,-4.861914814354888,9.350000000000023,16.099999999999966,2.322115981621762,5,0.08716224629559122,-2.2918444471534793,2.3790066934490706,4.112540192926045,0.0,0.625,0.375,1.2014329132362371,0.004449260356809148,0.08271298593878207,-908.1199945128501,5,752
research_oof,fold_1,volume_leads_price_underreaction,2025-04-28,2025-04-28 05:23:00+00:00,NSE_FO|52000|30-04-2025,2025-04-30,CE,24350.0,87.0,2.5287356321839116,2.4287356321839115,1.5287356321839116,3.5,3.4000000000000057,4.022988505747127,5,0.8586147681740153,16.86595342983006,-16.007338661656046,2.9269406392694064,0.0,0.8333333,0.0,0.7411005320329114,4.5608061388014765,-3.702191370627461,-21.72115884418963,2,653
research_oof,fold_1,volume_leads_price_underreaction,2025-04-30,2025-04-30 07:36:00+00:00,NSE_FO|51994|30-04-2025,2025-04-30,CE,24300.0,47.45,5.584826132771335,5.484826132771335,4.584826132771335,3.3499999999999943,1.0,7.060063224446774,5,0.3208556149732589,0.31880977683316214,0.002045838140096734,3.6309784993418166,0.0,0.6,0.0,10.978838830702104,20.762844565249505,-20.441988950276247,8.193740023882128,0,786
research_oof,fold_1,volume_leads_price_underreaction,2025-05-02,2025-05-02 07:06:00+00:00,NSE_FO|38600|08-05-2025,2025-05-08,CE,24250.0,202.95,-5.099778270509976,-5.1997782705099755,-6.099778270509976,1.8000000000000114,16.049999999999983,0.8869179600886975,5,0.34696406443617267,2.932330827067675,-2.5853667626315024,3.037344398340249,0.10659868729488983,1.0,0.0,0.1875108839438979,1.7193099991850147,-1.372345934748842,6.463439024599211,6,756
research_oof,fold_1,volume_leads_price_underreaction,2025-05-05,2025-05-05 05:45:00+00:00,NSE_FO|38598|08-05-2025,2025-05-08,CE,24200.0,332.4,-1.2484957882069727,-1.3484957882069728,-2.2484957882069727,2.1000000000000227,15.099999999999966,0.6317689530685989,5,1.0385310054184194,0.6249047401310825,0.4136262652873368,2.971619365609349,0.018049777903123457,1.0,0.0,0.17957917172937068,3.9697598667487566,-2.931228861330337,-14.68636039015837,3,675
research_oof,fold_1,volume_leads_price_underreaction,2025-05-07,2025-05-07 09:20:00+00:00,NSE_FO|38603|08-05-2025,2025-05-08,PE,24300.0,43.45,4.372842347525888,4.272842347525889,3.3728423475258884,3.6999999999999957,1.5,8.515535097813569,5,0.11614401858304202,2.0310633213858953,-1.9149193028028533,2.833058629620909,0.0,0.875,-0.125,3.2069322851522424,-0.07524354122556698,0.191387559808609,165.19908521077014,1,890
research_oof,fold_1,volume_leads_price_underreaction,2025-05-08,2025-05-08 06:19:00+00:00,NSE_FO|38598|08-05-2025,2025-05-08,CE,24200.0,198.15,-0.3280343174362885,-0.4280343174362885,-1.3280343174362885,2.049999999999983,1.200000000000017,1.0345697703759693,5,0.17726006583946852,-0.6072874493927016,0.7845475152321701,3.3333333333333335,0.0,0.6,0.6,3.534228998059958,8.510593399172794,-8.333333333333325,,0,709
research_oof,fold_1,volume_leads_price_underreaction,2025-05-09,2025-05-09 04:37:00+00:00,NSE_FO|46234|15-05-2025,2025-05-15,CE,23900.0,303.14,7.062743286930139,6.96274328693014,6.062743286930139,22.160000000000025,8.439999999999998,7.310153724351793,5,0.9988346928583303,-6.529044647143534,7.527879340001864,5.429936305732484,0.0,1.0,1.0,0.6092779852908835,-0.36084238383595757,1.3596770766942878,,6,607
research_oof,fold_1,volume_leads_price_underreaction,2025-05-12,2025-05-12 06:59:00+00:00,NSE_FO|46251|15-05-2025,2025-05-15,PE,24050.0,32.54,-4.425322679778727,-4.525322679778727,-5.425322679778727,0.0,3.9399999999999977,0.0,5,0.18438844499077955,6.4251968503936885,-6.240808405402909,4.485549132947977,0.0,0.5,-0.5,2.1427874265247744,0.7964276154976968,-0.6120391705069173,-605.5618020558977,3,749
research_oof,fold_1,volume_leads_price_underreaction,2025-05-16,2025-05-16 04:51:00+00:00,NSE_FO|49262|22-05-2025,2025-05-22,CE,25150.0,133.35,-8.398950131233587,-8.498950131233586,-9.398950131233587,0.4000000000000057,14.349999999999994,0.2999625046869184,5,-0.3750937734433579,11.996811478676772,-12.37190525212013,2.7997762863534676,0.028011745614712927,0.6,-0.39999998,0.5225139707606995,0.14720433824808588,-0.5222981116914438,-32.14033923261013,6,621
research_oof,fold_1,volume_leads_price_underreaction,2025-05-19,2025-05-19 06:20:00+00:00,NSE_FO|49236|22-05-2025,2025-05-22,CE,24950.0,203.15,0.8614324390844204,0.7614324390844204,-0.13856756091557965,4.5,1.1500000000000057,2.215111986217081,5,0.4433497536945774,-3.1836130306021615,3.626962784296739,3.8405797101449277,0.0,1.0,1.0,0.2542214482601036,3.021618630306,-2.5782688766114226,,3,710
research_oof,fold_1,volume_leads_price_underreaction,2025-05-20,2025-05-20 04:47:00+00:00,NSE_FO|49256|22-05-2025,2025-05-22,PE,25050.0,225.45,-3.127079174983359,-3.227079174983359,-4.1270791749833595,7.75,7.449999999999989,3.4375693058327794,5,1.1984021304926706,0.6009347874471382,0.5974673430455324,5.472543352601156,0.0,0.625,-0.125,3.033909661571593,5.651682448584117,-4.453280318091446,-1799.574076138364,2,617
research_oof,fold_1,volume_leads_price_underreaction,2025-05-21,2025-05-21 08:27:00+00:00,NSE_FO|49263|22-05-2025,2025-05-22,PE,25150.0,392.95,5.764092123679866,5.6640921236798665,4.764092123679866,22.650000000000034,0.0,5.764092123679866,5,0.8342959825439644,-2.7232425585813846,3.557538541125349,8.956521739130435,0.0,0.625,0.625,6.072697269294889,0.37558038621370304,0.4587155963302614,,1,837
research_oof,fold_1,volume_leads_price_underreaction,2025-05-22,2025-05-22 05:55:00+00:00,NSE_FO|49256|22-05-2025,2025-05-22,PE,25050.0,475.0,-0.5578947368421004,-0.6578947368421004,-1.5578947368421003,5.949999999999989,3.8000000000000114,1.2526315789473659,5,0.18081259306530484,1.9385593220338837,-1.7577467289685789,9.076923076923077,0.0011484098939929328,0.5,-0.125,12.378404081619868,1.6959641082168186,-1.5151515151515138,-60.640845544894546,0,685
research_oof,fold_1,volume_leads_price_underreaction,2025-05-23,2025-05-23 05:56:00+00:00,NSE_FO|61689|29-05-2025,2025-05-29,CE,24650.0,381.45,5.767466247214577,5.667466247214577,4.767466247214577,28.75,6.649999999999977,7.537029754882685,5,0.5423997883317933,-0.8061318884630686,1.3485316767948619,3.060810810810811,0.0,1.0,1.0,0.18857902056549855,1.5186306881620038,-0.9762308998302105,,6,686
research_oof,fold_1,volume_leads_price_underreaction,2025-05-26,2025-05-26 05:54:00+00:00,NSE_FO|61691|29-05-2025,2025-05-29,CE,24700.0,430.05,-5.150563887920017,-5.250563887920016,-6.150563887920017,0.0,28.80000000000001,0.0,5,0.5358182877111206,-0.3121748178980144,0.847993105609135,3.0813397129186604,0.0,0.5,0.16666666,0.6289021036676142,-0.04039962742770076,0.5762179151388214,142.81912774162265,3,684
research_oof,fold_2,volume_leads_price_underreaction,2025-05-27,2025-05-27 06:23:00+00:00,NSE_FO|61689|29-05-2025,2025-05-29,CE,24650.0,410.0,7.317073170731707,7.217073170731707,6.317073170731707,45.05000000000001,0.0,10.987804878048783,5,0.02489729864310064,-2.563168124392612,2.5880654230357125,3.606837606837607,0.0,1.0,1.0,0.40814687105086134,-0.25180441690753064,0.2767017155506313,,2,713
research_oof,fold_2,volume_leads_price_underreaction,2025-05-28,2025-05-28 06:59:00+00:00,NSE_FO|61687|29-05-2025,2025-05-29,CE,24600.0,247.05,5.565674964582068,5.465674964582068,4.565674964582068,19.05000000000001,2.5,7.710989678202797,5,1.1029411764705843,1.6889074228523704,-0.5859662463817861,3.3777777777777778,0.0,1.0,0.0,0.8521643615528622,2.6257838160644975,-1.5228426395939132,11.745779713779484,1,749
research_oof,fold_2,volume_leads_price_underreaction,2025-05-30,2025-05-30 04:30:00+00:00,NSE_FO|40482|05-06-2025,2025-06-05,PE,24800.0,186.95,4.680395827761434,4.580395827761435,3.6803958277614344,14.450000000000017,1.1499999999999773,7.72933939556032,5,0.4027926960257888,-0.05425935973957241,0.45705205576536123,3.157135834835327,0.0,0.625,0.25,2.060785228607591,1.5593763259190374,-1.1565836298932486,-2464.2413623090833,6,600
research_oof,fold_2,volume_leads_price_underreaction,2025-06-02,2025-06-02 05:45:00+00:00,NSE_FO|40486|05-06-2025,2025-06-05,PE,24850.0,346.5,-6.305916305916312,-6.405916305916311,-7.305916305916312,2.4499999999999886,22.05000000000001,0.7070707070707039,5,0.8715862870424251,-0.5388087956895382,1.4103950827319633,7.512820512820513,0.00016056518946692356,0.625,0.625,2.9388643090345745,4.199759661655412,-3.328173374612986,,3,675
research_oof,fold_2,volume_leads_price_underreaction,2025-06-04,2025-06-04 08:32:00+00:00,NSE_FO|40486|05-06-2025,2025-06-05,PE,24850.0,254.0,-3.6417322834645667,-3.7417322834645668,-4.641732283464567,1.5999999999999943,10.150000000000006,0.6299212598425175,5,1.0557768924302824,-0.6578947368421129,1.7136716292723952,3.6984126984126986,0.0,0.625,0.625,0.8852678941921869,3.3813582877791126,-2.3255813953488302,,1,842
research_oof,fold_2,volume_leads_price_underreaction,2025-06-06,2025-06-06 06:16:00+00:00,NSE_FO|44844|12-06-2025,2025-06-12,CE,24650.0,442.5,3.050847457627119,2.950847457627119,2.050847457627119,13.649999999999977,0.8999999999999773,3.0847457627118593,5,1.027984009137639,5.751173708920199,-4.7231896997825595,3.86,0.0,1.0,0.0,0.6182863698400205,0.3281395301329759,0.6998444790046632,9.36845635278587,6,706
research_oof,fold_2,volume_leads_price_underreaction,2025-06-09,2025-06-09 04:43:00+00:00,NSE_FO|44852|12-06-2025,2025-06-12,CE,24700.0,443.85,-1.261687507040672,-1.361687507040672,-2.261687507040672,10.199999999999989,8.850000000000023,2.298073673538355,5,0.6818181818181834,-2.6999999999999913,3.3818181818181747,7.32824427480916,0.0,0.6666667,0.6666667,0.6245577900600336,2.2487697487697633,-1.5669515669515799,,3,613
research_oof,fold_2,volume_leads_price_underreaction,2025-06-10,2025-06-10 04:48:00+00:00,NSE_FO|44852|12-06-2025,2025-06-12,CE,24700.0,469.5,0.22364217252396407,0.12364217252396406,-0.7763578274760359,17.5,0.0,3.727369542066028,5,-0.23324851569126448,-0.34217279726261873,0.10892428157135425,4.47887323943662,0.0055958647507943285,0.8,0.8,0.36931732641851067,-1.6772918369909018,1.4440433212996373,,2,618
research_oof,fold_2,volume_leads_price_underreaction,2025-06-11,2025-06-11 04:32:00+00:00,NSE_FO|44856|12-06-2025,2025-06-12,CE,24800.0,342.85,0.3208400175003546,0.22084001750035462,-0.6791599824996454,3.75,9.850000000000023,1.0937727869330611,5,0.8849557522123908,3.2238805970149276,-2.338924844802537,3.318725099601594,0.0,1.0,0.0,0.4201348231647694,2.5895012067578493,-1.7045454545454586,-13.939280434537068,1,602
research_oof,fold_2,volume_leads_price_underreaction,2025-06-12,2025-06-12 04:59:00+00:00,NSE_FO|44854|12-06-2025,2025-06-12,CE,24750.0,345.9,-3.9751373229257014,-4.075137322925701,-4.975137322925701,9.400000000000034,15.899999999999977,2.7175484244001256,5,-0.512520134719574,7.3846153846153895,-7.897135519334963,3.78125,0.0,0.6666667,-0.16666663,1.3667327461368142,-0.512520134719574,0.0,43.249127425802726,0,629
research_oof,fold_2,volume_leads_price_underreaction,2025-06-13,2025-06-13 06:39:00+00:00,NSE_FO|50977|19-06-2025,2025-06-19,CE,24350.0,408.15,0.9800318510351587,0.8800318510351587,-0.019968148964841337,4.900000000000034,0.8999999999999773,1.2005390175180777,5,1.005025125628145,1.8718592964824143,-0.8668341708542693,3.5294117647058822,0.0,0.71428573,-0.14285713,0.7496510472742128,-0.9894728110981355,1.9944979367262805,318.7865440479145,6,729
research_oof,fold_2,volume_leads_price_underreaction,2025-06-16,2025-06-16 04:50:00+00:00,NSE_FO|50985|19-06-2025,2025-06-19,CE,24450.0,389.95,1.641236055904612,1.5412360559046119,0.641236055904612,6.400000000000034,12.25,1.641236055904612,5,0.6141382464393219,7.039934129271308,-6.425795882831986,2.943396226415094,0.0,1.0,0.0,0.8707529750785089,5.730417316206771,-5.116279069767449,-12.431476872214262,3,620
research_oof,fold_2,volume_leads_price_underreaction,2025-06-17,2025-06-17 04:39:00+00:00,NSE_FO|50985|19-06-2025,2025-06-19,CE,24450.0,418.3,2.4862538847716893,2.386253884771689,1.4862538847716893,12.699999999999989,5.100000000000023,3.036098493903894,5,0.48360462373202573,1.56138259833134,-1.0777779745993143,3.4285714285714284,0.0,0.8,-0.19999999,0.5151136055459227,-8.309851408987813,8.793456032719838,33.649590862205514,2,609
research_oof,fold_2,volume_leads_price_underreaction,2025-06-18,2025-06-18 04:58:00+00:00,NSE_FO|50991|19-06-2025,2025-06-19,CE,24550.0,348.0,-1.3936781609195468,-1.4936781609195469,-2.3936781609195465,3.0,8.5,0.8620689655172413,5,0.0,-0.9106192210703301,0.9106192210703301,3.935483870967742,0.008938547486033519,0.5,0.5,0.5765526180385308,5.517241379310345,-5.517241379310345,,1,628
research_oof,fold_2,volume_leads_price_underreaction,2025-06-19,2025-06-19 05:19:00+00:00,NSE_FO|50977|19-06-2025,2025-06-19,CE,24350.0,483.55,-0.27918519284459165,-0.3791851928445916,-1.2791851928445916,0.44999999999998863,1.3500000000000227,0.09306173094819328,5,0.8446298227320126,1.2680779710752432,-0.42344814834323063,3.0,0.0,0.71428573,0.0,0.5870518821079918,-8.24627926817707,9.090909090909083,-30.11505320292781,0,649
research_oof,fold_2,volume_leads_price_underreaction,2025-06-20,2025-06-20 05:44:00+00:00,NSE_FO|62385|26-06-2025,2025-06-26,CE,24750.0,382.05,-4.38424290014396,-4.484242900143959,-5.38424290014396,2.0,17.900000000000034,0.523491689569428,5,0.7611548556430314,-1.5289310662976119,2.2900859219406433,4.933333333333334,0.0,1.0,1.0,0.11956930203080338,1.7298582833628395,-0.9687034277198081,,6,674
research_oof,fold_2,volume_leads_price_underreaction,2025-06-23,2025-06-23 05:39:00+00:00,NSE_FO|62385|26-06-2025,2025-06-26,CE,24750.0,250.4,3.53434504792332,3.43434504792332,2.53434504792332,11.249999999999972,3.4000000000000057,4.492811501597433,5,-0.2783300198807126,-2.22747880938301,1.9491487895022974,2.859375,0.003959584926269798,0.8,0.8,0.39740475045416995,1.8543714019202517,-2.1327014218009643,,3,669
research_oof,fold_2,volume_leads_price_underreaction,2025-06-24,2025-06-24 06:27:00+00:00,NSE_FO|62393|26-06-2025,2025-06-26,CE,24850.0,484.7,1.2688260779863905,1.1688260779863904,0.26882607798639047,16.80000000000001,0.5,3.466061481328659,5,0.3427859146151402,2.5288791757727136,-2.1860932611575734,2.962962962962963,0.0,1.0,0.0,0.19819059337308093,5.072515644344877,-4.729729729729737,-19.787239690580464,2,717
research_oof,fold_2,volume_leads_price_underreaction,2025-06-25,2025-06-25 05:48:00+00:00,NSE_FO|62387|26-06-2025,2025-06-26,CE,24800.0,430.35,2.2307424189613028,2.1307424189613027,1.2307424189613028,15.0,0.0,3.4855350296270475,5,0.279752884951634,-0.326036329762458,0.605789214714092,3.3174603174603177,0.0,0.8,0.4,0.3855992951425082,5.96157106676981,-5.681818181818176,36.12959578280788,1,678
research_oof,fold_2,volume_leads_price_underreaction,2025-06-26,2025-06-26 05:18:00+00:00,NSE_FO|62393|26-06-2025,2025-06-26,CE,24850.0,494.3,-2.063524175601859,-2.163524175601859,-3.063524175601859,22.30000000000001,18.150000000000034,4.511430305482503,5,-0.3225806451612967,-3.14184036603965,2.819259720878353,3.652173913043478,0.00010620220900594733,0.8,0.8,0.28814788857653423,4.3285821455363855,-4.651162790697683,,0,648
research_oof,fold_2,volume_leads_price_underreaction,2025-07-01,2025-07-01 06:29:00+00:00,NSE_FO|56984|03-07-2025,2025-07-03,CE,25650.0,51.9,-0.7707129094412304,-0.8707129094412304,-1.7707129094412304,0.7000000000000028,1.3500000000000014,1.3487475915221636,5,0.19305019305020377,-1.8147086914995225,2.0077588845497263,2.8484623934790663,0.0,0.8333333,0.8333333,0.2042096326030504,-0.22361647361646142,0.4166666666666652,,2,719
research_oof,fold_2,volume_leads_price_underreaction,2025-07-04,2025-07-04 09:11:00+00:00,NSE_FO|40047|10-07-2025,2025-07-10,CE,25450.0,141.75,7.548500881834206,7.448500881834207,6.548500881834206,21.0,1.0,14.814814814814813,5,0.8534850640113945,13.697575990765687,-12.844090926754292,3.168167372881356,0.0,0.8333333,0.0,0.52891369169708,1.5538168000969188,-0.7003317360855243,18.29036873791847,6,881
research_oof,fold_2,volume_leads_price_underreaction,2025-07-07,2025-07-07 05:05:00+00:00,NSE_FO|40042|10-07-2025,2025-07-10,CE,25400.0,147.5,0.30508474576270417,0.20508474576270416,-0.6949152542372958,7.5,3.5,5.084745762711865,5,1.130524152106882,3.607007901064918,-2.476483748958036,2.8575342465753426,0.0,0.8333333,0.0,0.5635081261055299,3.3157478773930382,-2.185223725286156,-0.31356113102447125,3,635
research_oof,fold_2,volume_leads_price_underreaction,2025-07-08,2025-07-08 07:00:00+00:00,NSE_FO|40040|10-07-2025,2025-07-10,CE,25350.0,170.8,4.156908665105383,4.056908665105383,3.156908665105383,8.149999999999977,0.20000000000001705,4.771662763466029,5,0.8846947803007987,1.780863265922128,-0.8961684856213292,3.4359447004608294,0.010455449584332126,0.8333333,0.0,0.4153319651650232,2.5183003812342952,-1.6336056009334965,-6.297236220329069,2,750
research_oof,fold_2,volume_leads_price_underreaction,2025-07-11,2025-07-11 07:08:00+00:00,NSE_FO|47287|17-07-2025,2025-07-17,CE,25200.0,131.55,6.0433295324971406,5.943329532497141,5.0433295324971406,8.199999999999989,2.950000000000017,6.233371341695164,5,0.9607993850883956,2.7540729247478524,-1.7932735396594568,2.910629985349178,0.0,0.8333333,0.0,0.4260074155977383,3.646423397726617,-2.6856240126382214,-0.969031351916783,6,758
research_oof,fold_2,volume_leads_price_underreaction,2025-07-14,2025-07-14 05:49:00+00:00,NSE_FO|47296|17-07-2025,2025-07-17,PE,25350.0,292.0,3.4246575342465753,3.324657534246575,2.4246575342465753,11.0,0.39999999999997726,3.767123287671233,5,1.0907202216066336,0.260778859527111,0.8299413620795226,4.467532467532467,0.0,0.625,0.0,2.523810480042931,3.5417006137634988,-2.450980392156865,-1916.487854666484,3,679
research_oof,fold_2,volume_leads_price_underreaction,2025-07-15,2025-07-15 06:53:00+00:00,NSE_FO|47286|17-07-2025,2025-07-17,PE,25150.0,51.5,-4.368932038834951,-4.468932038834951,-5.368932038834951,0.7000000000000028,3.0,1.3592233009708794,5,1.077375122429003,8.061224489795915,-6.983849367366912,3.296022201665125,0.0,0.75,-0.125,2.6779934344749745,5.798924759232881,-4.7215496368038785,488.50077845263877,2,743
research_oof,fold_2,volume_leads_price_underreaction,2025-07-16,2025-07-16 07:50:00+00:00,NSE_FO|47296|17-07-2025,2025-07-17,PE,25350.0,151.0,2.6490066225165565,2.5490066225165564,1.6490066225165565,4.599999999999994,2.3499999999999943,3.046357615894036,5,0.4666666666666597,0.0,0.4666666666666597,3.575868372943327,0.0,0.625,0.5,4.758796075741405,4.269798657718116,-3.803131991051456,-2275.6104887509064,1,800
research_oof,fold_2,volume_leads_price_underreaction,2025-07-18,2025-07-18 04:41:00+00:00,NSE_FO|49519|24-07-2025,2025-07-24,CE,25200.0,67.7,-7.75480059084195,-7.85480059084195,-8.754800590841949,0.5,5.550000000000004,0.7385524372230428,5,0.14781966001478075,-4.755043227665723,4.902862887680504,3.593304401735896,0.0,0.8333333,0.8333333,0.8859003876995828,0.6598047659026052,-0.5119851058878244,,6,611
research_oof,fold_2,volume_leads_price_underreaction,2025-07-22,2025-07-22 08:27:00+00:00,NSE_FO|49496|24-07-2025,2025-07-24,CE,25150.0,51.45,2.8182701652089324,2.7182701652089323,1.8182701652089324,3.6999999999999957,2.0500000000000043,7.19144800777453,5,0.6849315068493178,6.188605108055012,-5.503673601205694,2.844914642943015,0.0,0.71428573,0.0,0.5742012008945119,2.292971707854341,-1.6080402010050232,-0.1398217831410875,2,837
research_oof,fold_2,volume_leads_price_underreaction,2025-07-23,2025-07-23 07:53:00+00:00,NSE_FO|49520|24-07-2025,2025-07-24,PE,25200.0,66.85,-5.459985041136861,-5.55998504113686,-6.459985041136861,1.0,3.6499999999999915,1.4958863126402395,5,0.6028636021100375,8.615384615384603,-8.012521013274565,3.5600403632694246,0.0,0.625,0.0,6.285872701276019,7.217213377894794,-6.614349775784756,43.6976423047563,1,803
research_oof,fold_2,volume_leads_price_underreaction,2025-07-25,2025-07-25 06:03:00+00:00,NSE_FO|55802|31-07-2025,2025-07-31,PE,25050.0,222.7,4.243376740008989,4.143376740008989,3.243376740008989,10.900000000000006,1.1499999999999773,4.8944768747193566,5,0.42715827338128953,-2.263374485596703,2.6905327589779926,2.9292929292929295,0.0009112575353988504,0.5,0.5,2.994019295326108,2.3923888100404134,-1.9652305366591238,,6,693
research_oof,fold_3,volume_leads_price_underreaction,2025-07-28,2025-07-28 04:52:00+00:00,NSE_FO|55804|31-07-2025,2025-07-31,PE,25100.0,238.7,-3.6447423544197695,-3.7447423544197695,-4.644742354419769,1.8500000000000227,13.0,0.7750314201927201,5,0.8040626322471267,-0.40434134922323617,1.2084039814703629,3.155482815057283,0.0,0.625,0.625,4.931881261757355,2.5405284136567285,-1.7364657814096018,,3,622
research_oof,fold_3,volume_leads_price_underreaction,2025-07-29,2025-07-29 04:51:00+00:00,NSE_FO|55802|31-07-2025,2025-07-31,PE,25050.0,389.8,2.1549512570548943,2.0549512570548942,1.1549512570548943,9.099999999999966,7.600000000000023,2.334530528476133,5,0.9850939727803043,2.7444253859348233,-1.759331413154519,4.08955223880597,0.011690363349131122,0.625,-0.125,3.447222585195377,0.9850939727803043,0.0,-772.6719979444424,2,621
research_oof,fold_3,volume_leads_price_underreaction,2025-07-30,2025-07-30 07:06:00+00:00,NSE_FO|55802|31-07-2025,2025-07-31,PE,25050.0,197.7,-5.108750632271115,-5.208750632271115,-6.108750632271115,3.450000000000017,10.199999999999989,1.745068285280737,5,0.614282057844906,4.1088580576307265,-3.4945759997858206,3.8701298701298703,0.0,0.75,0.125,5.698565542758448,1.8012256780229663,-1.1869436201780603,1676.3764997157123,1,756
research_oof,fold_3,volume_leads_price_underreaction,2025-08-01,2025-08-01 07:11:00+00:00,NSE_FO|39861|07-08-2025,2025-08-07,PE,24850.0,268.5,1.8063314711359488,1.7063314711359487,0.8063314711359488,20.5,1.1000000000000227,7.635009310986965,5,0.3181733108740481,3.236545219160347,-2.918371908286299,2.8594507269789986,0.0,1.0,0.0,0.46507031251379094,-0.1519408597102201,0.4701141705842682,26.95273506707599,6,761
research_oof,fold_3,volume_leads_price_underreaction,2025-08-05,2025-08-05 05:12:00+00:00,NSE_FO|39855|07-08-2025,2025-08-07,PE,24700.0,150.9,1.4579191517561223,1.3579191517561222,0.4579191517561223,4.849999999999994,4.849999999999994,3.214049039098737,5,0.43275632490014093,-3.728362183754985,4.161118508655126,3.0602063705697624,0.0032883462860212862,0.625,0.625,0.23561907498039464,3.409368656579792,-2.976612331679651,,2,642
research_oof,fold_3,volume_leads_price_underreaction,2025-08-07,2025-08-07 06:13:00+00:00,NSE_FO|39859|07-08-2025,2025-08-07,PE,24800.0,376.0,1.3962765957446808,1.2962765957446807,0.39627659574468077,11.0,0.5,2.925531914893617,5,0.6129247168554341,-0.8491442218389378,1.462068938694372,5.0,0.0,0.625,0.625,10.74220096813668,7.929997887587137,-7.317073170731703,,0,703
research_oof,fold_3,volume_leads_price_underreaction,2025-08-13,2025-08-13 08:44:00+00:00,NSE_FO|44470|14-08-2025,2025-08-14,CE,24450.0,230.05,-1.956096500760704,-2.056096500760704,-2.956096500760704,2.9499999999999886,9.950000000000017,1.2823299282764566,5,0.6315331010453118,-3.1633311814073584,3.79486428245267,3.1295746785361027,0.0,0.6,0.6,0.30222933593098117,3.8835656213705216,-3.25203252032521,,1,854
research_oof,fold_3,volume_leads_price_underreaction,2025-08-14,2025-08-14 06:18:00+00:00,NSE_FO|44472|14-08-2025,2025-08-14,CE,24500.0,124.5,0.24096385542168447,0.14096385542168446,-0.7590361445783156,3.049999999999997,7.75,2.449799196787146,5,0.6852075775896971,-0.6119951040391647,1.2972026816288618,3.192841163310962,0.05384092454112848,1.0,1.0,2.963989433116508,5.447112339494453,-4.761904761904756,,0,708
research_oof,fold_3,volume_leads_price_underreaction,2025-08-18,2025-08-18 09:01:00+00:00,NSE_FO|47249|21-08-2025,2025-08-21,PE,25050.0,158.6,6.715006305170243,6.615006305170243,5.715006305170243,12.599999999999994,0.75,7.944514501891548,5,0.3795066413662118,0.31347962382444194,0.06602701754176987,2.8864097363083165,0.01376912378303199,0.625,0.125,1.9284605418127316,2.1361754767598273,-1.7566688353936155,-417.1561250605955,3,871
research_oof,fold_3,volume_leads_price_underreaction,2025-08-19,2025-08-19 06:32:00+00:00,NSE_FO|47222|21-08-2025,2025-08-21,PE,24950.0,70.25,-2.135231316725979,-2.235231316725979,-3.135231316725979,0.09999999999999432,3.450000000000003,0.14234875444839049,5,0.2855103497501732,-1.783166904422251,2.068677254172424,3.5496461994978317,0.0,0.75,0.75,2.692987137113703,0.8931052864590283,-0.6075949367088551,,2,722
research_oof,fold_3,volume_leads_price_underreaction,2025-08-21,2025-08-21 08:14:00+00:00,NSE_FO|47231|21-08-2025,2025-08-21,CE,25000.0,96.4,15.612033195020745,15.512033195020745,14.612033195020745,17.44999999999999,4.200000000000003,18.10165975103733,5,0.8390141583639377,-11.838790931989928,12.677805090353866,3.1253916709394405,0.0,1.0,1.0,0.2593242684692826,27.50568082503061,-26.66666666666667,,0,824
research_oof,fold_3,volume_leads_price_underreaction,2025-08-22,2025-08-22 07:59:00+00:00,NSE_FO|71991|28-08-2025,2025-08-28,PE,25150.0,238.0,-2.6470588235294166,-2.7470588235294167,-3.6470588235294166,1.5500000000000114,6.449999999999989,0.6512605042016855,5,0.6149279050042367,-1.3984554372782343,2.013383342282471,3.228426395939086,0.0,0.75,0.625,3.849835186917033,3.090175429756714,-2.4752475247524774,-2429.2358476909176,6,809
research_oof,fold_3,volume_leads_price_underreaction,2025-08-25,2025-08-25 06:19:00+00:00,NSE_FO|71991|28-08-2025,2025-08-28,PE,25150.0,200.15,-1.9735198601049295,-2.0735198601049296,-2.9735198601049295,2.75,5.450000000000017,1.3739695228578566,5,-0.024956326428737796,1.3664596273291973,-1.3914159537579351,4.688888888888889,0.0,0.5,-0.125,6.827109065519092,-1.4874791783482832,1.4625228519195455,21.829859670720907,3,709
research_oof,fold_3,volume_leads_price_underreaction,2025-08-26,2025-08-26 07:14:00+00:00,NSE_FO|71991|28-08-2025,2025-08-28,PE,25150.0,375.0,-0.5866666666666637,-0.6866666666666636,-1.5866666666666638,2.1999999999999886,2.6999999999999886,0.5866666666666637,5,0.0,2.181571815718164,-2.181571815718164,7.7894736842105265,0.0,0.5,-0.125,3.026322030375713,1.5503875968992276,-1.5503875968992276,4.836183493123826,2,764
research_oof,fold_3,volume_leads_price_underreaction,2025-08-28,2025-08-28 07:22:00+00:00,NSE_FO|48944|02-09-2025,2025-09-02,PE,24750.0,197.15,-0.05072279989855152,-0.15072279989855153,-1.0507227998985516,2.4499999999999886,4.400000000000006,1.242708597514577,5,0.4868050217781139,2.423929860752949,-1.9371248389748352,7.953125,0.016244541484716157,1.0,0.0,0.3377182635161712,1.7886764619734041,-1.3018714401952902,16.845693073624716,5,772
research_oof,fold_3,volume_leads_price_underreaction,2025-09-01,2025-09-01 04:45:00+00:00,NSE_FO|48946|02-09-2025,2025-09-02,PE,24800.0,254.85,1.4518344123994573,1.3518344123994572,0.4518344123994573,11.549999999999983,9.400000000000006,4.532077692760441,5,0.9722222222222188,4.625684723067569,-3.6534625008453503,2.9469598965071153,0.022056309130286104,1.0,0.0,0.2810916064822421,2.6115664845172915,-1.6393442622950727,-11.84659099831697,1,615
research_oof,fold_3,volume_leads_price_underreaction,2025-12-01,2025-12-01 07:13:00+00:00,NSE_FO|46825|02-12-2025,2025-12-02,PE,26450.0,284.45,-1.0195113376691782,-1.1195113376691783,-2.0195113376691785,0.0,12.349999999999966,0.0,5,0.40478704681450317,0.26548672566371057,0.1393003211507926,3.554083885209713,0.0,0.75,0.0,3.423045293631152,-0.37646295318549683,0.78125,-455.1260909295888,1,763
research_oof,fold_3,volume_leads_price_underreaction,2025-12-02,2025-12-02 06:31:00+00:00,NSE_FO|46825|02-12-2025,2025-12-02,PE,26450.0,395.55,-1.1502970547339177,-1.2502970547339178,-2.150297054733918,2.0500000000000114,14.850000000000023,0.5182657059790194,5,0.38148524923702354,1.025641025641022,-0.6441557764039985,5.217391304347826,0.0,0.625,0.0,7.278207751165535,-3.61851475076298,4.0000000000000036,24.002006288556004,0,721
research_oof,fold_3,volume_leads_price_underreaction,2025-12-08,2025-12-08 07:31:00+00:00,NSE_FO|41879|09-12-2025,2025-12-09,CE,25900.0,178.15,4.715127701375248,4.615127701375249,3.7151277013752484,11.299999999999983,0.8000000000000114,6.342969407802404,5,0.5355129650507218,-0.31563845050215367,0.8511514155528754,4.378957169459963,0.0,0.8333333,0.8333333,0.19736074463976827,-0.03591560637785651,0.5714285714285783,,1,781
research_oof,fold_3,volume_leads_price_underreaction,2025-12-12,2025-12-12 04:27:00+00:00,NSE_FO|48218|16-12-2025,2025-12-16,CE,25850.0,225.0,-4.866666666666662,-4.9666666666666615,-5.866666666666662,0.05000000000001137,17.650000000000006,0.022222222222227275,5,0.2004008016031955,1.2866015971606082,-1.0862007955574127,2.8585572842998586,0.0,0.6666667,-0.16666663,0.15264723090876883,1.0241240305982502,-0.8237232289950547,-37.39296627329895,4,597
research_oof,fold_3,volume_leads_price_underreaction,2025-12-15,2025-12-15 06:37:00+00:00,NSE_FO|48218|16-12-2025,2025-12-16,CE,25850.0,191.8,-1.61626694473411,-1.7162669447341101,-2.61626694473411,3.549999999999983,3.700000000000017,1.850886339937426,5,0.3129890453834161,1.6684045881126153,-1.3554155427291992,3.894867696679098,0.0,0.71428573,0.0,0.2393550776466136,4.0593867399079215,-3.746397694524506,-11.271374008352723,1,727
research_oof,fold_3,volume_leads_price_underreaction,2025-12-17,2025-12-17 08:50:00+00:00,NSE_FO|56995|23-12-2025,2025-12-23,PE,25850.0,118.65,4.466919511167297,4.366919511167297,3.466919511167297,5.799999999999997,2.200000000000003,4.888327012220815,5,0.7656316461080337,-3.5532994923857864,4.31893113849382,3.2649630127774043,0.036409793900524436,0.75,0.625,1.6043625293850365,2.7831755057571517,-2.017543859649118,-1242.4098461001595,6,860
research_oof,fold_4,volume_leads_price_underreaction,2025-12-22,2025-12-22 06:21:00+00:00,NSE_FO|56994|23-12-2025,2025-12-23,CE,25850.0,296.7,-0.5561172901921055,-0.6561172901921055,-1.5561172901921054,2.0500000000000114,3.3999999999999773,0.6909336029659627,5,1.0212765957446912,2.4689226519337026,-1.4476460561890114,10.137254901960784,0.0,0.8333333,0.0,0.8453531846559666,1.0212765957446912,0.0,0.9076125781466544,1,711
research_oof,fold_4,volume_leads_price_underreaction,2025-12-23,2025-12-23 05:21:00+00:00,NSE_FO|56994|23-12-2025,2025-12-23,CE,25850.0,331.0,-1.0574018126888218,-1.157401812688822,-2.0574018126888216,1.5,5.600000000000023,0.4531722054380665,5,0.6363636363636349,0.5315110098709219,0.10485262649271299,3.9322033898305087,0.0,0.8333333,0.0,0.5002450891594157,4.984189723320142,-4.347826086956507,-4.389107383409282,0,651
research_oof,fold_4,volume_leads_price_underreaction,2025-12-26,2025-12-26 07:36:00+00:00,NSE_FO|65639|30-12-2025,2025-12-30,PE,26200.0,163.35,-1.744719926538105,-1.8447199265381051,-2.744719926538105,0.9000000000000057,2.8499999999999943,0.5509641873278271,5,0.7980204144757197,0.8865790278202335,-0.08855861334451376,2.806977626090254,0.0,0.625,0.0,0.46343011791141253,2.773329056451024,-1.975308641975304,-8.27779658444706,4,786
research_oof,fold_4,volume_leads_price_underreaction,2025-12-29,2025-12-29 06:08:00+00:00,NSE_FO|65634|30-12-2025,2025-12-30,PE,26150.0,171.25,-2.18978102189781,-2.2897810218978103,-3.18978102189781,0.3499999999999943,3.75,0.2043795620437923,5,0.4700352526439522,-0.29239766081871066,0.7624329134626628,2.890817724988579,0.0,0.625,0.625,0.27664005397436586,0.8724497395654729,-0.4024144869215207,,1,698
research_oof,fold_4,volume_leads_price_underreaction,2025-12-30,2025-12-30 07:22:00+00:00,NSE_FO|65647|30-12-2025,2025-12-30,PE,26250.0,348.15,-0.359040643400833,-0.45904064340083306,-1.359040643400833,0.7000000000000455,9.149999999999977,0.20106276030447956,5,0.8263264714410079,-0.11544011544011301,0.9417665868811209,4.787878787878788,0.0,0.625,0.125,0.7022577021827986,0.8263264714410079,0.0,-6.057602787790529,0,772
research_oof,fold_4,volume_leads_price_underreaction,2025-12-31,2025-12-31 08:54:00+00:00,NSE_FO|40470|06-01-2026,2026-01-06,PE,26050.0,50.45,1.5857284440039587,1.4857284440039586,0.5857284440039587,0.7999999999999972,0.8500000000000014,1.5857284440039587,5,0.4950495049504955,2.3762376237623783,-1.8811881188118829,2.8366701791359326,0.0,0.5,-0.125,1.3500473853712867,2.586006117600781,-2.0909566126502854,-23.219049399744108,6,864
research_oof,fold_4,volume_leads_price_underreaction,2026-01-01,2026-01-01 06:21:00+00:00,NSE_FO|40457|06-01-2026,2026-01-06,CE,25850.0,327.25,0.39724980901451834,0.29724980901451836,-0.6027501909854817,5.050000000000011,7.25,1.5431627196333113,5,0.10467980295565393,-0.15307372030369804,0.25775352325935197,5.0256410256410255,0.0,0.8333333,0.8333333,0.2778079443219336,-1.2406116768649778,1.3452914798206317,,5,711
research_oof,fold_4,volume_leads_price_underreaction,2026-01-02,2026-01-02 05:12:00+00:00,NSE_FO|40457|06-01-2026,2026-01-06,CE,25850.0,433.5,0.922722029988466,0.822722029988466,-0.07727797001153403,4.0,1.8000000000000114,0.922722029988466,5,0.6268136970400517,1.6598955310504815,-1.0330818340104297,5.333333333333333,0.0,0.8333333,0.0,0.25426191297227224,1.4888826625572893,-0.8620689655172376,-4.980375099403318,4,642
research_oof,fold_4,volume_leads_price_underreaction,2026-01-05,2026-01-05 05:15:00+00:00,NSE_FO|40465|06-01-2026,2026-01-06,CE,26000.0,362.7,0.3170664460987136,0.2170664460987136,-0.6829335539012864,6.650000000000034,9.899999999999977,1.8334711883099073,5,0.6511499030202428,-3.9387014383653662,4.589851341385609,3.3471502590673574,0.0,0.6666667,0.6666667,1.0955768441883618,-2.410074586775668,3.0612244897959107,,1,645
research_oof,fold_4,volume_leads_price_underreaction,2026-01-06,2026-01-06 05:12:00+00:00,NSE_FO|40457|06-01-2026,2026-01-06,CE,25850.0,360.65,0.9288784139747741,0.8288784139747741,-0.07112158602522589,3.3500000000000227,6.2999999999999545,0.9288784139747741,5,0.8757297748123616,-3.276715260131069,4.1524450349434305,5.411764705882353,0.0,0.8333333,0.8333333,1.673494544011928,13.375729774812372,-12.50000000000001,,0,642
research_oof,fold_4,volume_leads_price_underreaction,2026-01-09,2026-01-09 06:42:00+00:00,NSE_FO|46192|13-01-2026,2026-01-13,PE,26150.0,376.8,0.583864118895963,0.48386411889596304,-0.416135881104037,13.199999999999989,7.800000000000011,3.503184713375793,5,0.5504833512352425,2.393509127789062,-1.8430257765538194,3.0697674418604652,0.0,0.71428573,0.0,2.334110645435485,2.2617132977593046,-1.7112299465240621,-10.292391093560582,4,732
research_oof,fold_4,volume_leads_price_underreaction,2026-01-12,2026-01-12 05:42:00+00:00,NSE_FO|46180|13-01-2026,2026-01-13,PE,26050.0,491.5,6.8158697863682605,6.715869786368261,5.8158697863682605,37.75,0.0,7.6805696846388605,5,0.5062778452814998,0.06064281382656134,0.44563503145493844,6.222222222222222,0.0,0.5,0.0,1.5738013004486775,3.929260730367068,-3.422982885085568,1483.9250672455382,1,672
research_oof,fold_4,volume_leads_price_underreaction,2026-01-13,2026-01-13 05:43:00+00:00,NSE_FO|46194|13-01-2026,2026-01-13,PE,26200.0,420.8,-2.4001901140684465,-2.5001901140684466,-3.4001901140684465,0.0,25.80000000000001,0.0,5,0.4880952380952319,-3.977006100422331,4.465101338517563,4.551724137931035,0.0014300212196697113,0.75,0.625,9.818849729527095,5.249999999999999,-4.761904761904767,-599.5517185513163,0,673
research_oof,fold_4,volume_leads_price_underreaction,2026-01-20,2026-01-20 08:28:00+00:00,NSE_FO|47616|20-01-2026,2026-01-20,PE,25750.0,372.0,4.986559139784949,4.886559139784949,3.9865591397849487,21.899999999999977,4.0,5.887096774193543,5,-0.013548299688392884,-0.9032084119708683,0.8896601122824754,3.693548387096774,0.0,0.75,0.75,10.745731867305059,-6.910100023826338,6.896551724137945,,0,838
research_oof,fold_4,volume_leads_price_underreaction,2026-01-21,2026-01-21 07:12:00+00:00,NSE_FO|58694|27-01-2026,2026-01-27,PE,25250.0,154.75,-7.625201938610669,-7.7252019386106685,-8.625201938610669,0.9000000000000057,16.75,0.5815831987075966,5,-0.7062600321027235,-10.175763182238672,9.46950315013595,3.041785534485652,0.0,0.6,0.6,0.6032926758955173,-3.7374816144003953,3.031221582297672,,6,762
research_oof,fold_4,volume_leads_price_underreaction,2026-01-23,2026-01-23 04:35:00+00:00,NSE_FO|58663|27-01-2026,2026-01-27,CE,25050.0,309.55,-3.7635277015021917,-3.863527701502192,-4.763527701502191,13.050000000000011,19.94999999999999,4.215797124858669,5,-0.6578947368421129,-0.3270645952575646,-0.33083014158454827,2.854014598540146,0.0,0.8,0.8,1.0679673784166728,3.934697855750468,-4.592592592592581,,4,605
research_oof,fold_4,volume_leads_price_underreaction,2026-01-29,2026-01-29 07:15:00+00:00,NSE_FO|49794|03-02-2026,2026-02-03,PE,25250.0,162.0,-9.320987654320984,-9.420987654320983,-10.320987654320984,1.8000000000000114,17.44999999999999,1.111111111111118,5,0.2167853824713628,2.1522145976294427,-1.9354292151580799,3.010923987255348,0.0,1.0,0.0,0.3299827872934816,0.5764167603090731,-0.35963137783771026,25.672146952914773,5,765
research_oof,fold_4,volume_leads_price_underreaction,2026-01-30,2026-01-30 05:15:00+00:00,NSE_FO|49789|03-02-2026,2026-02-03,CE,25150.0,291.0,-1.872852233676972,-1.972852233676972,-2.872852233676972,10.0,7.800000000000011,3.436426116838488,5,0.5680840075744653,0.35965062510703305,0.20843338246743226,2.9744435284418795,0.0,1.0,0.19999999,0.09928658675056554,2.0606213210073165,-1.4925373134328512,54.67299839988482,4,645
research_oof,fold_4,volume_leads_price_underreaction,2026-02-01,2026-02-01 04:51:00+00:00,NSE_FO|49791|03-02-2026,2026-02-03,CE,25200.0,295.15,2.1514484160596385,2.0514484160596385,1.1514484160596385,15.150000000000034,2.599999999999966,5.13298322886669,5,0.4583262603972127,0.3782018222451278,0.08012443815208492,3.5066974595842955,0.0,1.0,0.0,0.14437944944610856,2.2052206703351063,-1.7468944099378936,-2.235656330409256,2,621
research_oof,fold_4,volume_leads_price_underreaction,2026-02-02,2026-02-02 04:53:00+00:00,NSE_FO|49794|03-02-2026,2026-02-03,PE,25250.0,454.25,-3.2361034672537126,-3.3361034672537127,-4.236103467253713,4.600000000000023,36.69999999999999,1.0126582278481062,5,0.5089621597698546,1.6008653326122113,-1.0919031728423567,2.9523809523809526,0.0,1.0,0.0,3.0095404938686445,11.813309985856812,-11.304347826086957,294.7703559699439,1,623
research_oof,fold_4,volume_leads_price_underreaction,2026-02-03,2026-02-03 07:45:00+00:00,NSE_FO|49799|03-02-2026,2026-02-03,CE,25350.0,445.45,-0.61735323829835,-0.71735323829835,-1.61735323829835,8.550000000000011,7.050000000000011,1.9194073408912362,5,0.9763851044505056,0.638904734740442,0.3374803697100637,3.0384615384615383,0.0,0.71428573,0.2857143,0.683597646564114,-0.2894376803596055,1.2658227848101111,-3.5582657105478575,0,795
research_oof,fold_4,volume_leads_price_underreaction,2026-02-04,2026-02-04 05:10:00+00:00,NSE_FO|42528|10-02-2026,2026-02-10,CE,25650.0,222.6,-0.20215633423180082,-0.3021563342318008,-1.202156334231801,9.800000000000011,3.1999999999999886,4.4025157232704455,5,0.9045680687471691,2.2191718142301475,-1.3146037454829784,3.150499001996008,0.06455274171809605,0.625,0.0,0.6106546937311603,3.18247239676539,-2.277904328018221,-8.651131616570638,6,640
research_oof,fold_4,volume_leads_price_underreaction,2026-02-06,2026-02-06 05:57:00+00:00,NSE_FO|42535|10-02-2026,2026-02-10,PE,25750.0,208.4,-0.45585412667947073,-0.5558541266794708,-1.4558541266794707,3.4000000000000057,5.700000000000017,1.6314779270633424,5,-0.11990407673860837,-0.36214389183969464,0.24223981510108628,3.335414498785987,0.0,0.5,0.125,7.093925677139135,0.37029200169276244,-0.4901960784313708,2.598060322117817,4,687
research_oof,fold_4,volume_leads_price_underreaction,2026-02-10,2026-02-10 05:44:00+00:00,NSE_FO|42526|10-02-2026,2026-02-10,CE,25600.0,360.0,-1.1111111111111112,-1.2111111111111112,-2.111111111111111,1.9499999999999886,7.350000000000023,0.5416666666666635,5,0.3072196620583556,-1.6609471516815355,1.968166813739891,3.6842105263157894,0.0,0.8333333,0.8333333,0.32104369893140977,-7.10018774534904,7.407407407407396,,0,674
research_oof,fold_4,volume_leads_price_underreaction,2026-02-11,2026-02-11 04:43:00+00:00,NSE_FO|48241|17-02-2026,2026-02-17,PE,26100.0,206.7,-9.04692791485244,-9.146927914852439,-10.04692791485244,2.6500000000000057,18.69999999999999,1.282051282051285,5,-0.09666505558241223,0.07253384912957461,-0.16919890471198684,3.594872720707709,0.05377779224584134,0.5,-0.25,1.0878027901727707,0.6424332444915026,-0.7390983000739149,1325.98504497037,6,613
research_oof,fold_4,volume_leads_price_underreaction,2026-02-12,2026-02-12 07:19:00+00:00,NSE_FO|48237|17-02-2026,2026-02-17,PE,26000.0,181.9,-3.5459043430456387,-3.645904343045639,-4.545904343045638,0.19999999999998863,7.550000000000011,0.1099505222649745,5,0.24827586206896957,-0.19125683060109422,0.4395326926700638,3.956496519721578,0.0,0.75,0.25,0.8342198198812096,-0.11338779073393201,0.3616636528029016,-2670.989303038783,5,769
research_oof,fold_4,volume_leads_price_underreaction,2026-02-13,2026-02-13 04:44:00+00:00,NSE_FO|48239|17-02-2026,2026-02-17,PE,26050.0,500.0,-0.7100000000000023,-0.8100000000000023,-1.7100000000000022,8.600000000000023,6.399999999999977,1.7200000000000044,5,0.030671710459051482,-0.5001020616452356,0.5307737721042871,3.5789473684210527,0.0,0.625,0.25,3.093893038443749,1.2306717104590525,-1.200000000000001,-14.992576161312172,4,614
research_oof,fold_4,volume_leads_price_underreaction,2026-02-16,2026-02-16 04:48:00+00:00,NSE_FO|48235|17-02-2026,2026-02-17,PE,25950.0,396.9,3.2501889644746873,3.150188964474687,2.2501889644746873,14.150000000000034,3.5499999999999545,3.565129755605955,5,0.33011681056374087,-0.3277448632295399,0.6578616737932808,3.7045454545454546,0.0,0.75,0.0,3.1266705682957685,5.355242438704444,-5.025125628140703,-11.819652510239393,1,618
research_oof,fold_4,volume_leads_price_underreaction,2026-02-18,2026-02-18 07:32:00+00:00,NSE_FO|64865|24-02-2026,2026-02-24,PE,25800.0,155.65,-1.2528107934468469,-1.352810793446847,-2.252810793446847,5.25,6.950000000000017,3.3729521362030197,5,0.4516129032257954,-4.121056020605285,4.57266892383108,2.8467459762071377,0.009690856025615596,0.625,0.375,0.7467213433714215,1.5237376595610752,-1.0721247563352798,-2617.5670666029,6,782
research_oof,fold_4,volume_leads_price_underreaction,2026-02-20,2026-02-20 08:06:00+00:00,NSE_FO|64864|24-02-2026,2026-02-24,CE,25800.0,51.15,-4.00782013685239,-4.107820136852389,-5.00782013685239,1.9500000000000028,2.299999999999997,3.8123167155425275,5,0.5905511811023612,14.098690835850958,-13.508139654748597,3.4508196721311477,0.0,0.8333333,0.0,0.28361281585996323,0.6286536768158157,-0.03810249571345459,23.5972635122489,4,816
research_oof,fold_1,oi_accumulation_underreaction,2025-03-19,2025-03-19 05:40:00+00:00,NSE_FO|50183|20-03-2025,2025-03-20,CE,22450.0,464.6,2.04476969436074,1.94476969436074,1.04476969436074,9.5,9.600000000000023,2.04476969436074,5,-0.37882773860885566,-1.3481032500783807,0.9692755114695251,5.090909090909091,797625.0,0.33333334,0.33333334,0.5497797472111214,-0.37882773860885566,0.0,,1,670
research_oof,fold_1,oi_accumulation_underreaction,2025-03-26,2025-03-26 07:09:00+00:00,NSE_FO|49834|27-03-2025,2025-03-27,CE,23250.0,403.2,-1.7113095238095182,-1.8113095238095183,-2.7113095238095184,4.900000000000034,6.899999999999977,1.2152777777777863,5,-0.1474926253687392,-0.2843016069221216,0.1368089815533824,3.6,695175.0,0.0,-0.2,0.5075924486162959,-9.051602214409849,8.90410958904111,,1,759
research_oof,fold_1,oi_accumulation_underreaction,2025-03-27,2025-03-27 06:58:00+00:00,NSE_FO|48349|27-03-2025,2025-03-27,CE,23150.0,455.75,-1.8760285244103152,-1.9760285244103153,-2.876028524410315,2.6499999999999773,11.100000000000023,0.5814591332967586,5,-0.7404181184668901,0.29563122741707026,-1.0360493458839604,18.666666666666668,545625.0,0.0,-0.4,0.18795523169526682,-5.57912779588624,4.8387096774193505,,0,748
research_oof,fold_1,oi_accumulation_underreaction,2025-04-02,2025-04-02 07:52:00+00:00,NSE_FO|54715|03-04-2025,2025-04-03,PE,23550.0,269.64,-1.7949859071354306,-1.8949859071354307,-2.7949859071354304,7.810000000000002,6.789999999999964,2.8964545319685517,5,-0.44839725773578865,-1.253744591146122,0.8053473334103334,2.208588957055215,0.005920120070040857,0.0,-0.25,0.22391040005977442,-3.647571664340543,3.1991744066047545,,1,802
research_oof,fold_1,oi_accumulation_underreaction,2025-04-03,2025-04-03 06:21:00+00:00,NSE_FO|43894|09-04-2025,2025-04-09,CE,23150.0,243.05,1.193170129602953,1.093170129602953,0.1931701296029531,6.75,0.10000000000002274,2.777206336144826,5,-0.8151620134501769,-0.8972267536704659,0.08206474022028898,2.392857142857143,0.014138817480719794,0.0,0.0,0.22764152721391775,-1.4975767116129024,0.6824146981627255,,6,711
research_oof,fold_1,oi_accumulation_underreaction,2025-04-04,2025-04-04 07:24:00+00:00,NSE_FO|43893|09-04-2025,2025-04-09,PE,23100.0,222.0,-3.4909909909909906,-3.5909909909909907,-4.490990990990991,5.949999999999989,12.0,2.680180180180175,5,-0.1799775028121564,2.934485896269323,-3.1144633990814796,1.7466732380482997,0.0056215663728120605,0.0,-1.0,0.17444308938668485,-0.010772765079491986,-0.16920473773266442,,5,774
research_oof,fold_1,oi_accumulation_underreaction,2025-04-11,2025-04-11 07:10:00+00:00,NSE_FO|48190|17-04-2025,2025-04-17,CE,22750.0,304.64,3.9390756302521006,3.8390756302521005,2.9390756302521006,12.75,4.25,4.185267857142858,5,-0.47354670150228095,-3.9649008774780614,3.4913541759757805,2.885586924219911,0.011916708479678876,0.0,0.0,0.2649368271878974,-1.1519727530626689,0.6784260515603879,,6,760
research_oof,fold_1,oi_accumulation_underreaction,2025-04-21,2025-04-21 04:15:00+00:00,NSE_FO|79546|24-04-2025,2025-04-24,PE,24050.0,185.9,11.323292092522852,11.223292092522852,10.323292092522852,21.44999999999999,2.3000000000000114,11.538461538461533,5,-0.37735849056602655,-6.521739130434789,6.144380639868762,3.3333333333333335,0.24927486777000513,0.0,0.0,1.911287912495354,1.0925057755567735,-1.4698642661228,,3,585
research_oof,fold_1,oi_accumulation_underreaction,2025-04-24,2025-04-24 06:07:00+00:00,NSE_FO|52001|30-04-2025,2025-04-30,PE,24350.0,217.75,-1.3318025258323791,-1.4318025258323792,-2.331802525832379,1.0999999999999943,4.25,0.5051664753157264,5,0.0,-0.9403669724770691,0.9403669724770691,1.8325581395348838,0.010006901311249138,0.875,0.75,2.1880346643575623,-0.6713889744379475,0.6713889744379475,-788.5376497921752,6,697
research_oof,fold_1,oi_accumulation_underreaction,2025-04-28,2025-04-28 06:39:00+00:00,NSE_FO|51999|30-04-2025,2025-04-30,PE,24300.0,113.55,-6.3848524878907975,-6.484852487890797,-7.3848524878907975,1.7000000000000028,8.950000000000003,1.4971378247468101,5,-0.3931847968545288,1.867030965391625,-2.260215762246154,2.3618002959867677,0.009560273546065758,0.125,-0.625,1.100840866758405,-1.177679489978667,0.7844946931241381,63.04314661753233,2,729
research_oof,fold_1,oi_accumulation_underreaction,2025-05-02,2025-05-02 09:16:00+00:00,NSE_FO|38604|08-05-2025,2025-05-08,CE,24350.0,156.6,9.16347381864623,9.06347381864623,8.16347381864623,20.150000000000006,1.6599999999999966,12.867177522349941,5,-0.6685768863419317,-1.4461172741679906,0.7775403878260589,1.993886462882096,0.01820919399614172,0.4,0.4,0.40023950658479046,0.3946873348170232,-1.063264221158955,,6,886
research_oof,fold_1,oi_accumulation_underreaction,2025-05-06,2025-05-06 06:12:00+00:00,NSE_FO|38598|08-05-2025,2025-05-08,CE,24200.0,199.4,0.050150451354059336,-0.04984954864594067,-0.9498495486459406,2.4000000000000057,1.5999999999999943,1.2036108324974952,5,-0.7938476804763228,-2.898550724637683,2.10470304416136,1.7941176470588236,0.030293824052775486,0.0,0.0,0.9181646206891054,0.4739811626298662,-1.267828843106189,,2,702
research_oof,fold_1,oi_accumulation_underreaction,2025-05-08,2025-05-08 08:46:00+00:00,NSE_FO|38600|08-05-2025,2025-05-08,CE,24250.0,95.0,1.263157894736845,1.1631578947368448,0.2631578947368449,5.849999999999994,1.7000000000000028,6.157894736842099,5,-0.7314524555903867,-4.209979209979209,3.478526754388822,1.9554737194509542,0.030671168470543686,0.2,0.2,6.904907098197756,26.665807818382216,-27.397260273972602,,0,856
research_oof,fold_1,oi_accumulation_underreaction,2025-05-09,2025-05-09 05:30:00+00:00,NSE_FO|46245|15-05-2025,2025-05-15,CE,24000.0,237.55,4.735845085245211,4.6358450852452115,3.735845085245211,14.199999999999989,2.0,5.977688907598395,5,-0.6249999999999978,-1.1113440972950195,0.4863440972950217,1.7845872995175383,0.04757737744212148,0.0,0.0,0.12761785395747294,-0.26959408903853843,-0.35540591096145935,,6,660
research_oof,fold_1,oi_accumulation_underreaction,2025-05-16,2025-05-16 04:51:00+00:00,NSE_FO|49262|22-05-2025,2025-05-22,CE,25150.0,133.35,-8.398950131233587,-8.498950131233586,-9.398950131233587,0.4000000000000057,14.349999999999994,0.2999625046869184,5,-0.3750937734433579,11.996811478676772,-12.37190525212013,2.7997762863534676,0.028011745614712927,0.6,-0.39999998,0.5225139707606995,0.14720433824808588,-0.5222981116914438,-32.14033923261013,6,621
research_oof,fold_1,oi_accumulation_underreaction,2025-05-19,2025-05-19 06:36:00+00:00,NSE_FO|49263|22-05-2025,2025-05-22,PE,25150.0,250.5,2.335329341317374,2.235329341317374,1.3353293413173741,8.100000000000023,2.8000000000000114,3.2335329341317456,5,-0.1389440254069063,-0.04022526146419958,-0.09871876394270673,2.0952380952380953,0.013384574609064405,0.125,-0.375,3.0245953807487482,-1.4896193630757448,1.3506753376688385,-2239.366694651104,3,726
research_oof,fold_1,oi_accumulation_underreaction,2025-05-20,2025-05-20 08:55:00+00:00,NSE_FO|49245|22-05-2025,2025-05-22,CE,25000.0,42.2,0.8293838862559108,0.7293838862559108,-0.17061611374408925,1.1999999999999957,1.3000000000000043,2.843601895734587,5,-0.11820330969266601,-5.017103762827824,4.898900453135157,1.8672353625436215,0.009594580817634998,0.42857143,0.42857143,0.3708817512948882,-0.8830852518276866,0.7648819421350206,,2,865
research_oof,fold_1,oi_accumulation_underreaction,2025-05-21,2025-05-21 04:51:00+00:00,NSE_FO|49237|22-05-2025,2025-05-22,PE,24950.0,149.05,-5.608856088560894,-5.708856088560894,-6.608856088560894,1.6399999999999864,9.650000000000006,1.1003019121100208,5,-0.13445378151260012,-8.580246913580247,8.445793132067646,2.8377835199540624,0.11108238092775508,0.125,-0.25,3.904615915602773,-1.3005173118704638,1.1660635303578637,-2908.781182233968,1,621
research_oof,fold_1,oi_accumulation_underreaction,2025-05-23,2025-05-23 05:06:00+00:00,NSE_FO|61693|29-05-2025,2025-05-29,CE,24750.0,230.1,10.321599304650151,10.221599304650152,9.321599304650151,25.900000000000006,0.0,11.255975662755327,5,-0.36868358273693946,-7.791936494673079,7.42325291193614,2.2347923681257016,0.15241135105481024,0.0,0.0,0.30688876988272273,0.8250976499115881,-1.1937812326485275,,6,636
research_oof,fold_1,oi_accumulation_underreaction,2025-05-26,2025-05-26 04:36:00+00:00,NSE_FO|61692|29-05-2025,2025-05-29,PE,24700.0,73.09,-2.1754001915446755,-2.2754001915446755,-3.1754001915446755,2.9599999999999937,3.0400000000000063,4.049801614447932,5,-0.4768392370572361,2.923076923076917,-3.399916160134153,1.8669623059866962,0.02110139570152366,0.0,-0.75,2.2623792134069776,-0.7992118998554343,0.3223726627981982,,3,606
research_oof,fold_2,oi_accumulation_underreaction,2025-05-27,2025-05-27 08:34:00+00:00,NSE_FO|61689|29-05-2025,2025-05-29,CE,24650.0,282.7,-1.2203749557835122,-1.3203749557835123,-2.2203749557835124,8.900000000000034,5.199999999999989,3.148213654050242,5,-0.03526714865104141,-8.69426751592357,8.65900036727253,2.5786163522012577,0.01366120218579235,0.0,0.0,0.6256762760300945,1.9623826750857498,-1.9976498237367912,,2,844
research_oof,fold_2,oi_accumulation_underreaction,2025-05-30,2025-05-30 04:30:00+00:00,NSE_FO|40475|05-06-2025,2025-06-05,CE,24700.0,279.2,-1.8624641833810847,-1.9624641833810847,-2.8624641833810847,1.0500000000000114,10.699999999999989,0.3760744985673393,5,-0.6223328591749677,-0.014278574998205507,-0.6080542841767622,4.691599539700806,0.04767852294325278,0.0,-0.42857143,0.5167170201783667,-1.2198724022329577,0.59753954305799,,6,600
research_oof,fold_2,oi_accumulation_underreaction,2025-06-02,2025-06-02 05:15:00+00:00,NSE_FO|40476|05-06-2025,2025-06-05,PE,24700.0,246.2,-0.06092607636067314,-0.16092607636067313,-1.0609260763606732,1.8000000000000114,6.199999999999989,0.7311129163281931,5,-0.1623047271251732,0.6463719766472087,-0.8086767037723819,2.16499162479062,0.01855964096210935,0.375,-0.5,2.552681461081376,-1.2913369851896839,1.1290322580645107,491.2564297655081,3,645
research_oof,fold_2,oi_accumulation_underreaction,2025-06-03,2025-06-03 06:30:00+00:00,NSE_FO|40481|05-06-2025,2025-06-05,CE,24800.0,141.35,5.553590378493099,5.453590378493099,4.553590378493099,10.650000000000006,0.9000000000000057,7.5344888574460605,5,-0.5979599015124792,0.0707964601769806,-0.6687563616894598,1.8181084896148416,0.006503035709147412,0.0,-0.42857143,0.4705050217791164,-2.5732685434878055,1.9753086419753263,,2,720
research_oof,fold_2,oi_accumulation_underreaction,2025-06-04,2025-06-04 08:40:00+00:00,NSE_FO|40486|05-06-2025,2025-06-05,PE,24850.0,245.8,2.379983726606995,2.279983726606995,1.3799837266069952,9.199999999999989,0.0,3.7428803905614276,5,-0.363636363636366,-2.7511961722488043,2.3875598086124383,1.8041237113402062,0.0117012617012617,0.125,0.125,0.2622309457094198,-4.946969696969705,4.583333333333339,,1,850
research_oof,fold_2,oi_accumulation_underreaction,2025-06-06,2025-06-06 07:40:00+00:00,NSE_FO|44859|12-06-2025,2025-06-12,PE,24850.0,117.05,0.17086715079026302,0.07086715079026301,-0.829132849209737,3.4000000000000057,2.049999999999997,2.9047415634344347,5,-0.17050298380222317,1.4792899408283988,-1.649792924630622,1.994,0.00609183111370338,0.125,-0.625,3.0937999416709197,0.8856393174762722,-1.0561423012784954,2023.657040010392,6,790
research_oof,fold_2,oi_accumulation_underreaction,2025-06-10,2025-06-10 04:48:00+00:00,NSE_FO|44852|12-06-2025,2025-06-12,CE,24700.0,469.5,0.22364217252396407,0.12364217252396406,-0.7763578274760359,17.5,0.0,3.727369542066028,5,-0.23324851569126448,-0.34217279726261873,0.10892428157135425,4.47887323943662,0.0055958647507943285,0.8,0.8,0.36931732641851067,-1.6772918369909018,1.4440433212996373,,2,618
research_oof,fold_2,oi_accumulation_underreaction,2025-06-11,2025-06-11 06:21:00+00:00,NSE_FO|44858|12-06-2025,2025-06-12,CE,24850.0,348.8,4.902522935779807,4.802522935779807,3.902522935779807,26.19999999999999,0.0,7.511467889908253,5,-0.028727377190473913,0.4027038688336093,-0.4314312460240832,2.6666666666666665,0.005361397934868944,0.375,-0.125,0.35171963779111576,-0.028727377190473913,0.0,-9.870767904656532,1,711
research_oof,fold_2,oi_accumulation_underreaction,2025-06-13,2025-06-13 04:45:00+00:00,NSE_FO|50982|19-06-2025,2025-06-19,CE,24400.0,341.25,-1.4505494505494472,-1.5505494505494473,-2.450549450549447,6.75,12.050000000000011,1.9780219780219779,5,-0.20524849728777994,2.9325081049218937,-3.1377566022096737,2.7437722419928825,0.05063291139240506,0.42857143,-0.2857143,0.2710494754419478,-1.9001637515250636,1.6949152542372836,-88.3668014509858,6,615
research_oof,fold_2,oi_accumulation_underreaction,2025-06-16,2025-06-16 05:52:00+00:00,NSE_FO|50985|19-06-2025,2025-06-19,CE,24450.0,499.65,-1.7612328630040939,-1.861232863004094,-2.7612328630040937,0.0,11.799999999999955,0.0,5,-0.535236396074934,-0.029667721518988888,-0.5055686745559451,2.857142857142857,0.015625,0.0,0.0,0.8870881474535147,-2.3397476742704315,1.8045112781954975,,3,682
research_oof,fold_2,oi_accumulation_underreaction,2025-06-17,2025-06-17 06:35:00+00:00,NSE_FO|50985|19-06-2025,2025-06-19,CE,24450.0,433.0,1.3625866050808262,1.262586605080826,0.3625866050808262,5.949999999999989,0.0,1.3741339491916833,5,-0.6178489702517109,-0.1827318410232981,-0.43511712922841284,2.0,0.010144927536231883,0.0,0.0,0.3179637919934234,1.6356721565088495,-2.2535211267605604,,2,725
research_oof,fold_2,oi_accumulation_underreaction,2025-06-18,2025-06-18 04:58:00+00:00,NSE_FO|50991|19-06-2025,2025-06-19,CE,24550.0,348.0,-1.3936781609195468,-1.4936781609195469,-2.3936781609195465,3.0,8.5,0.8620689655172413,5,0.0,-0.9106192210703301,0.9106192210703301,3.935483870967742,0.008938547486033519,0.5,0.5,0.5765526180385308,5.517241379310345,-5.517241379310345,,1,628
research_oof,fold_2,oi_accumulation_underreaction,2025-06-19,2025-06-19 05:32:00+00:00,NSE_FO|50977|19-06-2025,2025-06-19,CE,24350.0,479.6,-1.2197664720600547,-1.3197664720600548,-2.219766472060055,0.0,5.850000000000023,0.0,5,-0.5568732597710735,-0.6636250518457065,0.10675179207463303,2.0,0.02040816326530612,0.0,0.0,0.4726052756664623,6.109793406895603,-6.666666666666677,,0,662
research_oof,fold_2,oi_accumulation_underreaction,2025-06-23,2025-06-23 05:21:00+00:00,NSE_FO|62396|26-06-2025,2025-06-26,PE,24900.0,131.8,2.6555386949924125,2.5555386949924124,1.6555386949924125,8.0,0.6500000000000057,6.069802731411229,5,-0.67924528301887,1.400454201362611,-2.079699484381481,2.0138548820543445,0.03075700240181086,0.375,-0.5,4.320077649293353,-0.028889135604825977,-0.650356147414044,3856.7853137056118,3,651
research_oof,fold_2,oi_accumulation_underreaction,2025-06-27,2025-06-27 07:15:00+00:00,NSE_FO|56985|03-07-2025,2025-07-03,PE,25650.0,137.75,0.18148820326678766,0.08148820326678766,-0.8185117967332123,2.25,1.75,1.6333938294010888,5,-0.36271309394269036,-0.9729729729729741,0.6102598790302838,1.9985925404644616,0.07742934572202866,0.25,-0.125,2.4123370776892465,-0.5586634531850265,0.19595035924233617,-18.780702701438713,6,765
research_oof,fold_2,oi_accumulation_underreaction,2025-07-01,2025-07-01 07:30:00+00:00,NSE_FO|57008|03-07-2025,2025-07-03,PE,25700.0,186.65,0.7232788641842991,0.6232788641842991,-0.2767211358157009,5.299999999999983,0.5500000000000114,2.8395392445753993,5,-0.7180851063829707,-0.2929427430093279,-0.42514236337364286,2.3062381852551983,0.005296142642775179,0.0,0.0,0.9375927241497257,-0.3467979776700991,-0.3712871287128716,,2,780
research_oof,fold_2,oi_accumulation_underreaction,2025-07-04,2025-07-04 08:52:00+00:00,NSE_FO|40049|10-07-2025,2025-07-10,CE,25500.0,87.45,2.3441966838193222,2.244196683819322,1.3441966838193222,2.3499999999999943,1.8500000000000085,2.6872498570611714,5,-0.2277904328018221,0.8595988538681931,-1.0873892866700152,2.182512029201925,0.005648868347549444,0.0,-0.8333333,0.21860715977946157,-0.9493629632820411,0.721572530480219,,6,862
research_oof,fold_2,oi_accumulation_underreaction,2025-07-07,2025-07-07 08:46:00+00:00,NSE_FO|40041|10-07-2025,2025-07-10,PE,25350.0,66.65,-1.9504876219054932,-2.0504876219054933,-2.950487621905493,0.3999999999999915,2.5,0.6001500375093646,5,-0.07473841554560545,0.4511278195488577,-0.5258662350944632,1.8906926406926408,0.011496185452176289,0.625,-0.125,5.085364164187352,1.6725734124113822,-1.7473118279569877,259.6632448080709,3,856
research_oof,fold_2,oi_accumulation_underreaction,2025-07-10,2025-07-10 09:00:00+00:00,NSE_FO|40048|10-07-2025,2025-07-10,PE,25450.0,46.1,-6.290672451193055,-6.390672451193055,-7.290672451193055,4.149999999999999,6.450000000000003,9.00216919739696,5,0.0,-16.01272534464474,16.01272534464474,2.010611628982403,0.03383484780773623,0.25,0.25,21.038167575917242,2.9585798816568087,-2.9585798816568087,,0,870
research_oof,fold_2,oi_accumulation_underreaction,2025-07-11,2025-07-11 06:39:00+00:00,NSE_FO|47295|17-07-2025,2025-07-17,CE,25350.0,64.35,5.050505050505051,4.950505050505051,4.050505050505051,3.950000000000003,1.749999999999993,6.1383061383061435,5,-0.38580246913579863,0.8352315869400329,-1.2210340560758315,3.0131705750080306,0.013735721336905937,0.33333334,-0.49999997,0.4041547899040672,2.2554618737955723,-2.641264342931371,-70.54052920226968,6,729
research_oof,fold_2,oi_accumulation_underreaction,2025-07-14,2025-07-14 08:49:00+00:00,NSE_FO|47286|17-07-2025,2025-07-17,PE,25150.0,148.0,-5.168918918918923,-5.2689189189189225,-6.168918918918923,1.0,10.0,0.6756756756756757,5,-0.7377598926894713,-2.610707204230023,1.8729473115405515,1.754977029096478,0.006430011794696191,0.125,0.0,3.4703856761683607,-1.506453114212869,0.7686932215233977,50.0,3,859
research_oof,fold_2,oi_accumulation_underreaction,2025-07-15,2025-07-15 06:27:00+00:00,NSE_FO|47295|17-07-2025,2025-07-17,CE,25350.0,38.85,1.1583011583011473,1.0583011583011472,0.15830115830114733,3.3500000000000014,0.3500000000000014,8.622908622908627,5,-0.25673940949936247,-8.333333333333337,8.076593923833975,2.3854274477333886,0.025424613671168036,0.0,0.0,0.16954978934623327,0.36437860292299895,-0.6211180124223614,,2,717
research_oof,fold_2,oi_accumulation_underreaction,2025-07-17,2025-07-17 05:31:00+00:00,NSE_FO|47296|17-07-2025,2025-07-17,PE,25350.0,184.0,1.8206521739130404,1.7206521739130403,0.8206521739130404,6.349999999999994,1.4499999999999886,3.4510869565217357,5,-0.433721875847104,-0.02714440825188902,-0.40657746759521496,1.8175313059033988,0.02767446948151389,0.0,-0.5,5.661920488178604,-2.3945061895726094,1.9607843137255054,,0,661
research_oof,fold_2,oi_accumulation_underreaction,2025-07-18,2025-07-18 06:51:00+00:00,NSE_FO|49487|24-07-2025,2025-07-24,CE,25000.0,118.6,3.035413153457006,2.935413153457006,2.035413153457006,4.25,0.5999999999999943,3.583473861720068,5,-0.21034917963820288,-3.14569536423841,2.935346184600207,1.9095574085952534,0.0175155128730296,0.0,0.0,0.13865521240696055,-0.1762543961400742,-0.03409478349812867,,6,741
research_oof,fold_2,oi_accumulation_underreaction,2025-07-22,2025-07-22 05:30:00+00:00,NSE_FO|49491|24-07-2025,2025-07-24,PE,25050.0,55.45,13.886384129846702,13.786384129846702,12.886384129846702,9.25,0.0,16.681695220919746,5,-0.35842293906809264,3.8674033149171283,-4.225826253985221,1.821014181349377,0.013116599817043136,0.0,-0.625,3.8620076675780184,-0.12747605685100583,-0.2309468822170868,,2,660
research_oof,fold_3,oi_accumulation_underreaction,2025-07-28,2025-07-28 05:57:00+00:00,NSE_FO|55800|31-07-2025,2025-07-31,PE,25000.0,208.85,-2.3461814699545154,-2.4461814699545155,-3.3461814699545154,4.150000000000006,7.799999999999983,1.9870720612880084,5,-0.16734401147501243,-4.978004167631401,4.810660156156388,2.399129961935835,0.004821762971103062,0.0,0.0,0.19539438196582215,-2.5169680716253917,2.3496240601503793,,3,687
research_oof,fold_3,oi_accumulation_underreaction,2025-07-29,2025-07-29 05:51:00+00:00,NSE_FO|55800|31-07-2025,2025-07-31,PE,25000.0,325.2,-3.5670356703566934,-3.6670356703566935,-4.5670356703566934,1.1999999999999886,23.19999999999999,0.36900369003689687,5,-0.13846153846153175,-4.757575757575749,4.619114219114217,3.66839378238342,0.005436071126164267,0.375,0.25,3.947332665797504,5.14695072369492,-5.285412262156452,-43.84932959386788,2,681
research_oof,fold_3,oi_accumulation_underreaction,2025-08-04,2025-08-04 06:30:00+00:00,NSE_FO|39859|07-08-2025,2025-08-07,PE,24800.0,193.9,-0.5673027333677124,-0.6673027333677124,-1.5673027333677125,9.049999999999983,3.6500000000000057,4.6673543063434675,5,-0.410888546481758,-1.6116454380036394,1.2007568915218814,1.7853783668234289,0.0350463183792333,0.0,0.0,0.3753740331744029,0.40981852422532494,-0.8207070707070829,,3,720
research_oof,fold_3,oi_accumulation_underreaction,2025-08-05,2025-08-05 05:51:00+00:00,NSE_FO|39858|07-08-2025,2025-08-07,CE,24800.0,42.25,1.8934911242603485,1.7934911242603484,0.8934911242603485,2.700000000000003,1.25,6.390532544378705,5,0.0,3.9555006180469476,-3.9555006180469476,1.821505685907586,0.01333407756091813,0.2,-0.8,0.23870879906694809,1.319648093841641,-1.319648093841641,-100.29612128719236,2,681
research_oof,fold_3,oi_accumulation_underreaction,2025-08-06,2025-08-06 08:01:00+00:00,NSE_FO|39859|07-08-2025,2025-08-07,PE,24800.0,190.9,-1.1262441068622346,-1.2262441068622347,-2.1262441068622344,3.0999999999999943,5.900000000000006,1.6238868517548424,5,-0.5729166666666674,-4.442148760330578,3.86923209366391,2.6107617051013277,0.008941258014208977,0.125,0.0,4.645286000306239,-0.0014880952380891266,-0.5714285714285783,,1,811
research_oof,fold_3,oi_accumulation_underreaction,2025-08-11,2025-08-11 04:36:00+00:00,NSE_FO|44471|14-08-2025,2025-08-14,PE,24450.0,126.05,2.6180087266957535,2.5180087266957534,1.6180087266957535,12.950000000000003,0.8499999999999943,10.273700912336377,5,-0.19731649565903897,0.5118110236220552,-0.7091275192810942,1.7900138696255201,0.02011600641737628,0.0,-1.0,0.5295559279336721,1.4197047809367147,-1.6170212765957537,,3,606
research_oof,fold_3,oi_accumulation_underreaction,2025-08-13,2025-08-13 06:18:00+00:00,NSE_FO|44490|14-08-2025,2025-08-14,CE,24550.0,90.45,6.799336650082909,6.699336650082909,5.799336650082909,8.549999999999997,0.75,9.452736318407958,5,-0.055370985603542255,1.4469453376205976,-1.5023163232241399,2.0639044419559536,0.024326536618565424,0.8,-0.19999999,0.24060768438601313,-0.15274196905047388,0.09737098344693162,23.65371234623308,1,708
research_oof,fold_3,oi_accumulation_underreaction,2025-08-18,2025-08-18 05:00:00+00:00,NSE_FO|47221|21-08-2025,2025-08-21,CE,24950.0,162.7,-3.288260602335584,-3.388260602335584,-4.288260602335583,1.1500000000000057,11.199999999999989,0.7068223724646624,5,-0.4272200183094266,-6.045265038713521,5.618045020404095,2.1602573475654334,0.05607521010398367,0.2,0.2,0.3105051179109754,2.5067653117639255,-2.933985330073352,,3,630
research_oof,fold_3,oi_accumulation_underreaction,2025-08-20,2025-08-20 07:34:00+00:00,NSE_FO|47232|21-08-2025,2025-08-21,PE,25000.0,40.2,8.955223880597,8.855223880597,7.955223880597,3.9499999999999957,2.0,9.825870646766157,5,0.0,-1.1180124223602594,1.1180124223602594,1.7587557516066472,0.006480624587750516,0.375,0.25,6.348783391555036,0.36213140196585947,-0.36213140196585947,-35.91695044035805,1,784
research_oof,fold_3,oi_accumulation_underreaction,2025-08-21,2025-08-21 05:15:00+00:00,NSE_FO|47212|21-08-2025,2025-08-21,CE,24850.0,285.7,-0.10500525026251711,-0.20500525026251712,-1.1050052502625172,6.050000000000011,2.5,2.1176058802940187,5,-0.2966323503751589,-0.9187034148032458,0.6220710644280869,10.160642570281125,0.006751687921980495,0.0,0.0,0.46134513928880744,-6.963299017041824,6.666666666666665,,0,645
research_oof,fold_3,oi_accumulation_underreaction,2025-08-25,2025-08-25 08:46:00+00:00,NSE_FO|71987|28-08-2025,2025-08-28,PE,25050.0,94.5,16.08465608465609,15.98465608465609,15.084656084656089,16.0,1.5999999999999943,16.93121693121693,5,-0.10582010582009804,3.0026809651474418,-3.10850107096754,3.9443396226415093,0.020399500035374857,0.25,-0.375,4.862207935001441,-1.289252058482826,1.183431952662728,2364.519199782506,3,856
research_oof,fold_3,oi_accumulation_underreaction,2025-12-05,2025-12-05 09:14:00+00:00,NSE_FO|41903|09-12-2025,2025-12-09,CE,26000.0,201.75,-1.9578686493184578,-2.0578686493184577,-2.957868649318458,5.099999999999994,21.75,2.5278810408921903,5,-0.5667816658452507,2.3681640625,-2.9349457283452507,2.9338582677165355,0.004209269348458841,0.0,-1.0,0.11896405408249647,-3.219842890335034,2.6530612244897833,,4,884
research_oof,fold_3,oi_accumulation_underreaction,2025-12-08,2025-12-08 07:29:00+00:00,NSE_FO|41881|09-12-2025,2025-12-09,CE,25950.0,136.7,5.157278712509153,5.057278712509153,4.157278712509153,8.650000000000006,9.699999999999989,6.327724945135338,5,-0.14582573824281075,-1.9314868804664598,1.785661142223649,1.8156754627806222,0.026529054766144564,0.0,0.0,0.21868106841606058,-1.2528368083534969,1.1070110701106861,,1,779
research_oof,fold_3,oi_accumulation_underreaction,2025-12-15,2025-12-15 04:40:00+00:00,NSE_FO|48223|16-12-2025,2025-12-16,PE,25950.0,73.3,-9.549795361527966,-9.649795361527966,-10.549795361527966,3.3500000000000085,11.75,4.570259208731253,5,-0.33944331296673624,5.198555956678685,-5.537999269645422,1.9144567654864526,0.025740101295277335,0.375,-0.5,5.126655667523666,3.1753740543661313,-3.5148173673328675,1418.9095733154427,1,610
research_oof,fold_3,oi_accumulation_underreaction,2025-12-17,2025-12-17 07:20:00+00:00,NSE_FO|57003|23-12-2025,2025-12-23,CE,25950.0,70.95,-8.033826638477805,-8.133826638477805,-9.033826638477805,1.7000000000000028,6.950000000000003,2.3960535588442604,5,-0.07052186177716191,-0.7795889440113335,0.7090670822341716,1.95653385344107,0.007915795129627142,0.5,0.5,0.13023658642066877,0.8360715448162526,-0.9065934065934145,,6,770
research_oof,fold_3,oi_accumulation_underreaction,2025-12-18,2025-12-18 06:28:00+00:00,NSE_FO|57004|23-12-2025,2025-12-23,PE,25950.0,125.15,-0.6791849780263751,-0.7791849780263751,-1.6791849780263752,2.8499999999999943,5.150000000000006,2.277267279264877,5,-0.51669316375198,-3.6733098866744807,3.1566167229225006,2.24092582851131,0.08868029660108868,0.125,-0.25,1.4323779641151773,0.7251755529836812,-1.2418687167356612,56.14656510819623,5,718
research_oof,fold_4,oi_accumulation_underreaction,2025-12-24,2025-12-24 06:19:00+00:00,NSE_FO|65621|30-12-2025,2025-12-30,CE,26050.0,198.4,0.8568548387096716,0.7568548387096716,-0.1431451612903284,2.3499999999999943,2.700000000000017,1.1844758064516099,5,-0.27638190954774045,-3.1127450980392157,2.8363631884914753,2.232662192393736,0.031956071653614186,0.0,0.0,0.4400083077326744,-0.5522439785132671,0.2758620689655267,,6,709
research_oof,fold_4,oi_accumulation_underreaction,2025-12-26,2025-12-26 06:56:00+00:00,NSE_FO|65647|30-12-2025,2025-12-30,PE,26250.0,184.6,5.092091007583969,4.992091007583969,4.092091007583969,9.75,0.9499999999999886,5.28169014084507,5,-0.108108108108107,3.588058066283195,-3.696166174391302,4.14421768707483,0.03291726499502927,0.25,-0.375,0.17163681788662166,-1.432611419366392,1.324503311258285,49.384128390353,4,746
research_oof,fold_4,oi_accumulation_underreaction,2025-12-30,2025-12-30 04:16:00+00:00,NSE_FO|65622|30-12-2025,2025-12-30,PE,26050.0,130.0,-4.2692307692307665,-4.369230769230766,-5.2692307692307665,18.599999999999994,7.25,14.307692307692305,5,-0.30522701259061424,-5.426356589147286,5.121129576556672,2.0542893139388387,0.06895481628599802,0.125,0.0,19.98003752192061,5.11645973439735,-5.421686746987964,,0,586
research_oof,fold_4,oi_accumulation_underreaction,2026-01-06,2026-01-06 05:55:00+00:00,NSE_FO|40457|06-01-2026,2026-01-06,CE,25850.0,304.55,4.810375964537835,4.710375964537835,3.810375964537835,15.300000000000011,0.30000000000001137,5.023805614841573,5,-0.3292181069958877,-1.594342655094838,1.2651245480989504,1.8775510204081634,0.020353508302088912,0.0,0.0,1.0176613690123932,-9.420127197904971,9.090909090909083,,0,685
research_oof,fold_4,oi_accumulation_underreaction,2026-01-07,2026-01-07 06:46:00+00:00,NSE_FO|46179|13-01-2026,2026-01-13,CE,26050.0,161.25,-3.10077519379845,-3.20077519379845,-4.10077519379845,3.9000000000000057,9.150000000000006,2.418604651162794,5,-0.6153846153846176,-0.9334743916858512,0.3180897763012336,1.88293162813576,0.010625737898465172,0.0,0.0,0.4736729820510225,-1.6643356643356588,1.0489510489510412,,6,736
research_oof,fold_4,oi_accumulation_underreaction,2026-01-08,2026-01-08 05:55:00+00:00,NSE_FO|46185|13-01-2026,2026-01-13,CE,26150.0,43.65,3.3218785796105452,3.221878579610545,2.3218785796105452,1.8500000000000014,0.0,4.238258877434139,5,-0.34207525655644,-9.148264984227117,8.806189727670677,1.7951026682771494,0.004790172798871517,0.16666667,0.16666667,1.0705733447207806,-4.374333321072566,4.0322580645161255,,5,685
research_oof,fold_4,oi_accumulation_underreaction,2026-01-14,2026-01-14 04:55:00+00:00,NSE_FO|47603|20-01-2026,2026-01-20,CE,25600.0,189.75,-1.9762845849802373,-2.0762845849802374,-2.9762845849802373,4.0,9.050000000000011,2.1080368906455864,5,-0.36813042334999935,-3.5214914552045506,3.1533610318545513,3.528756017228275,0.04924675042149344,0.0,0.0,0.13468227466244825,0.35853251684005993,-0.7266629401900593,,6,625
research_oof,fold_4,oi_accumulation_underreaction,2026-01-16,2026-01-16 05:49:00+00:00,NSE_FO|47610|20-01-2026,2026-01-20,PE,25600.0,32.1,0.9345794392523276,0.8345794392523276,-0.06542056074767244,1.8500000000000014,2.200000000000003,5.763239875389412,5,-0.15503875968991832,-2.9893647599885,2.8343260002985815,1.8271631395660326,0.01933017658084246,0.5714286,0.42857146,1.1732991169489873,1.0995066948555343,-1.2545454545454526,-897.5240454283885,4,679
research_oof,fold_4,oi_accumulation_underreaction,2026-01-21,2026-01-21 05:28:00+00:00,NSE_FO|58665|27-01-2026,2026-01-27,CE,25100.0,138.05,-0.10865628395509284,-0.20865628395509284,-1.1086562839550929,9.699999999999989,3.8500000000000227,7.026439695762396,5,-0.21684134441631864,-7.7086280056577134,7.491786661241395,2.224967490247074,0.015799960710577272,0.6,0.6,0.8160266182285153,-8.374665924528278,8.15782458011196,,6,658
research_oof,fold_4,oi_accumulation_underreaction,2026-01-23,2026-01-23 04:34:00+00:00,NSE_FO|58663|27-01-2026,2026-01-27,CE,25050.0,302.5,-3.2561983471074454,-3.3561983471074455,-4.256198347107445,20.100000000000023,12.899999999999977,6.644628099173561,5,-0.3270645952575646,-7.543802725502924,7.216738130245359,2.0583941605839415,0.024387723468016948,0.0,0.0,0.3665532714973922,2.1367035206844687,-2.4637681159420333,,4,604
research_oof,fold_4,oi_accumulation_underreaction,2026-01-29,2026-01-29 04:16:00+00:00,NSE_FO|49789|03-02-2026,2026-02-03,CE,25150.0,259.3,0.17354415734669829,0.07354415734669828,-0.8264558426533017,5.699999999999989,4.950000000000017,2.1982259930582293,5,-0.17301038062285112,-4.651162790697672,4.478152410074821,2.2510322047894302,0.08618174239266362,0.8,0.8,0.45636377570937603,-1.5041792117916897,1.3311688311688386,,5,586
research_oof,fold_4,oi_accumulation_underreaction,2026-01-30,2026-01-30 07:31:00+00:00,NSE_FO|49799|03-02-2026,2026-02-03,CE,25350.0,172.85,-3.355510558287523,-3.455510558287523,-4.3555105582875235,3.3499999999999943,6.75,1.9380966155626234,5,-0.6027554535017132,-2.0084865629420134,1.4057311094403002,2.658644946316179,0.009863356428021556,0.0,0.0,0.206845464958181,-2.680103519800048,2.0773480662983346,,4,781
research_oof,fold_4,oi_accumulation_underreaction,2026-02-05,2026-02-05 06:16:00+00:00,NSE_FO|42531|10-02-2026,2026-02-10,PE,25700.0,146.55,8.870692596383487,8.770692596383487,7.870692596383487,17.049999999999983,0.9000000000000057,11.634254520641408,5,-0.27210884353742193,2.1505376344086002,-2.422646477946022,1.8745608596817525,0.01444991789819376,0.0,-0.625,0.19771776369615565,-0.27210884353742193,0.0,,5,706
research_oof,fold_4,oi_accumulation_underreaction,2026-02-11,2026-02-11 04:43:00+00:00,NSE_FO|48241|17-02-2026,2026-02-17,PE,26100.0,206.7,-9.04692791485244,-9.146927914852439,-10.04692791485244,2.6500000000000057,18.69999999999999,1.282051282051285,5,-0.09666505558241223,0.07253384912957461,-0.16919890471198684,3.594872720707709,0.05377779224584134,0.5,-0.25,1.0878027901727707,0.6424332444915026,-0.7390983000739149,1325.98504497037,6,613
research_oof,fold_4,oi_accumulation_underreaction,2026-02-12,2026-02-12 04:31:00+00:00,NSE_FO|48239|17-02-2026,2026-02-17,PE,26050.0,208.6,-0.8389261744966443,-0.9389261744966443,-1.8389261744966443,4.400000000000006,9.099999999999994,2.1093000958772796,5,-0.1677852348993314,-4.369942196531785,4.202156961632453,1.9577235772357724,0.05041780114543235,0.125,0.125,0.8531957077792343,1.3473662802521824,-1.5151515151515138,,5,601
research_oof,fold_4,oi_accumulation_underreaction,2026-02-13,2026-02-13 06:29:00+00:00,NSE_FO|48235|17-02-2026,2026-02-17,PE,25950.0,385.0,0.4155844155844215,0.3155844155844215,-0.5844155844155785,6.0,5.600000000000023,1.5584415584415585,5,-0.5636689725851851,-0.4214559386973127,-0.14221303388787243,3.8333333333333335,0.007115948095437421,0.0,-0.125,2.2732714668440273,-1.5440611294479267,0.9803921568627416,,4,719
research_oof,fold_4,oi_accumulation_underreaction,2026-02-18,2026-02-18 04:34:00+00:00,NSE_FO|64858|24-02-2026,2026-02-24,CE,25650.0,159.65,0.03131850923894954,-0.06868149076105046,-0.9686814907610505,4.849999999999994,8.400000000000006,3.037895396179138,5,-0.4364089775561242,-0.43791054113230254,0.0015015635761783663,2.270042194092827,0.1260014566642389,0.0,-0.33333334,0.1810829412013214,-2.437209297684184,2.00080032012806,,6,604
research_oof,fold_4,oi_accumulation_underreaction,2026-02-19,2026-02-19 08:23:00+00:00,NSE_FO|64864|24-02-2026,2026-02-24,CE,25800.0,59.2,-4.307432432432439,-4.407432432432438,-5.307432432432439,1.5999999999999943,2.9000000000000057,2.7027027027026933,5,-0.5042016806722671,-2.5231286795626584,2.0189269988903913,2.0683723462166577,0.006658390700823835,0.2,0.2,1.0000602170281838,-6.8871804040765205,6.382978723404253,,5,833
research_oof,fold_4,oi_accumulation_underreaction,2026-02-20,2026-02-20 05:16:00+00:00,NSE_FO|64859|24-02-2026,2026-02-24,PE,25650.0,153.3,5.055446836268754,4.955446836268754,4.055446836268754,11.699999999999989,0.5500000000000114,7.632093933463789,5,-0.13003901170351995,-0.06531678641410466,-0.06472222528941529,1.837394564198688,0.07425689832735538,0.375,0.375,4.469062580173019,1.936237791415396,-2.066276803118916,,4,646
research_oof,fold_1,extreme_mass_migration_continuation,2025-04-01,2025-04-01 05:28:00+00:00,NSE_FO|54756|03-04-2025,2025-04-03,PE,23700.0,435.6,-1.285583103764927,-1.385583103764927,-2.2855831037649272,8.599999999999966,12.200000000000045,1.9742883379246936,5,15.83686440677965,15.054901441989688,0.7819629647899617,2.640973630831643,0.0,0.75,0.125,10.943816025124653,35.763063668772276,-19.92619926199263,672.004543618983,2,658
research_oof,fold_1,extreme_mass_migration_continuation,2025-04-02,2025-04-02 06:00:00+00:00,NSE_FO|54756|03-04-2025,2025-04-03,PE,23700.0,435.7,-4.246040853798486,-4.346040853798486,-5.246040853798486,3.1000000000000227,20.5,0.7114987376635352,5,2.417840375586855,3.0249320571901217,-0.6070916816032668,1.9375,0.0,0.75,0.125,3.9237877681321356,9.08450704225352,-6.666666666666665,1537.0121482213253,1,690
research_oof,fold_1,extreme_mass_migration_continuation,2025-04-03,2025-04-03 05:01:00+00:00,NSE_FO|54756|03-04-2025,2025-04-03,PE,23700.0,416.4,-0.8165225744476411,-0.9165225744476411,-1.816522574447641,0.05000000000001137,9.049999999999955,0.012007684918350473,5,1.39109212934716,2.8888888888888964,-1.4977967595417363,1.875,0.0,0.75,0.125,4.666790230553493,1.39109212934716,0.0,1388.3561075351572,0,631
research_oof,fold_1,extreme_mass_migration_continuation,2025-04-11,2025-04-11 05:07:00+00:00,NSE_FO|48197|17-04-2025,2025-04-17,PE,22750.0,224.1,-6.626506024096384,-6.726506024096383,-7.626506024096384,1.700000000000017,18.0,0.7585899152164289,5,19.75773889636607,17.13976750473103,2.6179713916350416,6.4258651174539025,0.0,1.0,0.125,3.554784801106769,36.23270506686676,-16.474966170500682,528.5919570316473,6,637
research_oof,fold_1,extreme_mass_migration_continuation,2025-04-21,2025-04-21 08:04:00+00:00,NSE_FO|79518|24-04-2025,2025-04-24,PE,23900.0,51.3,2.7290448343080036,2.6290448343080035,1.7290448343080036,1.5,1.8999999999999986,2.9239766081871346,5,0.6769825918762074,4.932301740812384,-4.255319148936176,1.784507862550961,-0.002368069428091389,0.75,0.125,1.9051660431152866,1.340413012588182,-0.6634304207119746,1365.6020801142986,3,814
research_oof,fold_1,extreme_mass_migration_continuation,2025-04-22,2025-04-22 07:05:00+00:00,NSE_FO|79528|24-04-2025,2025-04-24,PE,23950.0,30.3,0.6600660066006577,0.5600660066006578,-0.33993399339934227,0.75,1.1000000000000014,2.4752475247524752,5,4.159445407279017,3.220035778175312,0.9394096291037046,1.9091534755677908,0.0,0.875,0.25,3.374239138012315,6.196482444316054,-2.037037037037037,1200.8108136739174,2,755
research_oof,fold_1,extreme_mass_migration_continuation,2025-04-23,2025-04-23 05:26:00+00:00,NSE_FO|79546|24-04-2025,2025-04-24,PE,24050.0,49.95,-22.42242242242243,-22.52242242242243,-23.42242242242243,0.5,12.160000000000004,1.001001001001001,5,14.022988505747126,28.985507246376805,-14.96251874062968,2.6568609865470854,0.0,1.0,0.0,3.061174690046555,23.83075625780675,-9.807767752059625,536.2187013962539,1,656
research_oof,fold_1,extreme_mass_migration_continuation,2025-04-24,2025-04-24 04:15:00+00:00,NSE_FO|51993|30-04-2025,2025-04-30,PE,24250.0,165.6,0.39251207729468945,0.2925120772946894,-0.6074879227053105,10.099999999999994,7.799999999999983,6.099033816425117,5,2.0351526364477124,13.449443638122883,-11.41429100167517,2.2495457298606905,0.020524515393386546,0.75,-0.125,1.5608824713981222,1.7015969326451774,0.33355570380253496,805.4924087545005,6,585
research_oof,fold_1,extreme_mass_migration_continuation,2025-04-25,2025-04-25 05:01:00+00:00,NSE_FO|51999|30-04-2025,2025-04-30,PE,24300.0,399.1,-1.4783262340265682,-1.5783262340265682,-2.478326234026568,11.649999999999977,20.80000000000001,2.919067902781252,5,8.564025637528982,15.381448957189914,-6.817423319660932,1.9621911922663802,0.0,0.875,0.0,2.9907819047128896,24.49146858662202,-15.92744294909304,481.57424914494186,5,631
research_oof,fold_1,extreme_mass_migration_continuation,2025-04-28,2025-04-28 04:27:00+00:00,NSE_FO|52001|30-04-2025,2025-04-30,PE,24350.0,195.9,-7.274119448698316,-7.374119448698315,-8.274119448698315,0.0,19.80000000000001,0.0,5,0.33583053474552926,3.7622272385252176,-3.4263967037796883,2.0232288037166084,0.014944966171867111,0.875,0.125,1.5721347844098934,2.56631380612099,-2.2304832713754608,1725.483873985162,2,597
research_oof,fold_1,extreme_mass_migration_continuation,2025-04-29,2025-04-29 04:50:00+00:00,NSE_FO|51999|30-04-2025,2025-04-30,PE,24300.0,68.09,-2.261712439418426,-2.361712439418426,-3.261712439418426,2.1099999999999994,7.990000000000002,3.098839770891466,5,8.709677419354843,21.104699093157464,-12.39502167380262,1.8956095722630488,0.0,0.875,0.0,3.593670728922055,17.492493648471793,-8.782816229116952,907.9864404965629,1,620
research_oof,fold_1,extreme_mass_migration_continuation,2025-04-30,2025-04-30 04:41:00+00:00,NSE_FO|52004|30-04-2025,2025-04-30,PE,24400.0,65.05,-0.32282859338969067,-0.4228285933896907,-1.3228285933896906,7.700000000000003,3.8499999999999943,11.837048424289014,5,11.216216216216225,4.489436619718323,6.726779596497901,2.2052562730407894,0.0,0.75,0.625,14.085191640407107,36.13833459627853,-24.922118380062308,2260.97884121483,0,611
research_oof,fold_1,extreme_mass_migration_continuation,2025-05-02,2025-05-02 05:07:00+00:00,NSE_FO|38605|08-05-2025,2025-05-08,PE,24350.0,123.55,-12.747875354107649,-12.847875354107648,-13.747875354107649,0.6000000000000085,24.89999999999999,0.4856333468231554,5,3.9583333333333304,6.9651741293532465,-3.006840796019916,1.7465001891789633,0.0,0.75,0.125,2.7432293806444914,9.928725394501392,-5.970392061168061,652.7005424575691,6,637
research_oof,fold_1,extreme_mass_migration_continuation,2025-05-05,2025-05-05 05:57:00+00:00,NSE_FO|38601|08-05-2025,2025-05-08,PE,24250.0,49.75,-3.015075376884422,-3.115075376884422,-4.015075376884422,3.75,1.5,7.537688442211055,5,2.3760330578512345,5.358948432760369,-2.982915374909134,3.129241326725124,0.03253321038526928,0.75,0.125,2.1998104653512254,5.831558847128592,-3.4555257892773583,966.2875707473904,3,687
research_oof,fold_1,extreme_mass_migration_continuation,2025-05-06,2025-05-06 05:59:00+00:00,NSE_FO|38599|08-05-2025,2025-05-08,PE,24200.0,30.95,-5.97738287560581,-6.077382875605809,-6.97738287560581,0.0,2.5500000000000007,0.0,5,5.660377358490565,9.314586994727602,-3.654209636237037,1.8715399086267133,0.0,1.0,0.25,1.4122672787343307,7.45240754005152,-1.7920301815609552,1129.5725439612906,2,689
research_oof,fold_1,extreme_mass_migration_continuation,2025-05-07,2025-05-07 07:24:00+00:00,NSE_FO|38607|08-05-2025,2025-05-08,PE,24400.0,77.65,5.0740502253702475,4.974050225370248,4.0740502253702475,4.349999999999994,1.0600000000000023,5.602060528010295,5,2.2473386778814497,-0.838354728844648,3.0856934067260977,1.7660444444444445,0.0,0.75,0.375,6.107664815939547,4.723529154071926,-2.4761904761904763,1223.0067792097325,1,774
research_oof,fold_1,extreme_mass_migration_continuation,2025-05-08,2025-05-08 08:39:00+00:00,NSE_FO|38607|08-05-2025,2025-05-08,PE,24400.0,62.1,10.789049919484695,10.689049919484695,9.789049919484695,10.740000000000002,2.5,17.29468599033817,5,4.745762711864399,3.74087591240877,1.0048867994556288,2.09750504808515,0.0,0.875,0.25,19.180144359983284,30.936238902340584,-26.190476190476186,3194.2168016331125,0,849
research_oof,fold_1,extreme_mass_migration_continuation,2025-05-09,2025-05-09 08:01:00+00:00,NSE_FO|46233|15-05-2025,2025-05-15,PE,23850.0,213.45,0.09369875849145798,-0.006301241508542027,-0.9063012415085421,2.5500000000000114,14.899999999999977,1.1946591707659926,5,3.6982968369829727,2.7784431137724663,0.9198537232105064,1.8150684931506849,-0.05168456807123841,1.0,0.0,0.9194924154395223,5.416827636625876,-1.7185307996429033,741.4637545498226,6,811
research_oof,fold_1,extreme_mass_migration_continuation,2025-05-12,2025-05-12 05:55:00+00:00,NSE_FO|46251|15-05-2025,2025-05-15,PE,24050.0,30.2,-2.4834437086092715,-2.5834437086092716,-3.4834437086092715,0.0,1.8999999999999986,0.0,5,1.5126050420168013,2.0168067226890907,-0.5042016806722893,3.25177304964539,0.0,0.875,0.125,1.9699330076169228,-3.849713798562915,5.362318840579716,746.1873457063593,3,685
research_oof,fold_1,extreme_mass_migration_continuation,2025-05-16,2025-05-16 08:07:00+00:00,NSE_FO|49263|22-05-2025,2025-05-22,PE,25150.0,229.8,8.159268929503916,8.059268929503917,7.1592689295039165,19.19999999999999,0.5500000000000114,8.355091383812004,5,0.8526453869698303,2.7430326969497543,-1.890387309979924,2.0594059405940595,-0.007378836156297166,0.75,0.125,2.0714649431032224,2.0190528519776096,-1.1664074650077794,1231.5101680869375,6,817
research_oof,fold_1,extreme_mass_migration_continuation,2025-05-19,2025-05-19 04:30:00+00:00,NSE_FO|49263|22-05-2025,2025-05-22,PE,25150.0,251.7,-6.654747715534366,-6.754747715534366,-7.654747715534366,4.100000000000023,22.75,1.6289233214143914,5,2.104208416833675,3.1334865260079336,-1.0292781091742587,1.821561338289963,0.002413904087544255,0.875,0.25,2.2040294013346764,4.572125494819856,-2.4679170779861814,1346.7399784191912,3,600
research_oof,fold_1,extreme_mass_migration_continuation,2025-05-20,2025-05-20 04:24:00+00:00,NSE_FO|49261|22-05-2025,2025-05-22,PE,25100.0,282.8,-7.284299858557292,-7.384299858557291,-8.284299858557292,2.5,25.100000000000023,0.884016973125884,5,9.405553382870547,10.570371812341817,-1.1648184294712696,1.7526017029328287,-0.036223966093837955,0.875,0.25,6.421065886410565,10.976645291747213,-1.571091908876665,544.6848633481495,2,594
research_oof,fold_1,extreme_mass_migration_continuation,2025-05-21,2025-05-21 05:34:00+00:00,NSE_FO|49263|22-05-2025,2025-05-22,PE,25150.0,290.45,-6.421070752280936,-6.521070752280935,-7.421070752280936,19.400000000000034,18.849999999999966,6.67929075572389,5,7.575813405062837,3.589743589743599,3.9860698153192375,1.8373983739837398,0.0,0.75,0.125,6.885538368413513,28.53206976315031,-20.956256358087476,674.8081068581669,1,664
research_oof,fold_1,extreme_mass_migration_continuation,2025-05-22,2025-05-22 04:58:00+00:00,NSE_FO|49246|22-05-2025,2025-05-22,PE,25000.0,445.9,-4.77685579726395,-4.87685579726395,-5.77685579726395,3.6000000000000227,21.399999999999977,0.8073559093967309,5,10.272794298353416,8.051470588235299,2.221323710118117,2.3526785714285716,0.0,0.875,0.25,8.906340614128158,37.138465940144464,-26.865671641791046,1765.2395756847545,0,628
research_oof,fold_1,extreme_mass_migration_continuation,2025-05-23,2025-05-23 05:48:00+00:00,NSE_FO|61686|29-05-2025,2025-05-29,PE,24550.0,90.4,2.2676991150442443,2.167699115044244,1.2676991150442443,2.049999999999997,2.3500000000000085,2.2676991150442443,5,3.563218390804601,4.157043879907629,-0.5938254891030281,2.4644194756554305,0.02608269906974674,0.75,0.125,4.169670227839974,6.697032242261825,-3.1338138514572234,835.445487615154,6,678
research_oof,fold_1,extreme_mass_migration_continuation,2025-05-26,2025-05-26 04:35:00+00:00,NSE_FO|61724|29-05-2025,2025-05-29,PE,24750.0,84.4,-0.6516587677725253,-0.7516587677725253,-1.6516587677725254,3.1999999999999886,2.4000000000000057,3.7914691943127825,5,3.593179049939099,5.5279503105590155,-1.9347712606199163,1.9112662013958126,0.0,0.75,0.125,4.064217211449246,5.357274518635046,-1.7640954686959476,953.2944907748715,3,605
research_oof,fold_2,extreme_mass_migration_continuation,2025-05-27,2025-05-27 04:27:00+00:00,NSE_FO|61724|29-05-2025,2025-05-29,PE,24750.0,195.75,5.798212005108554,5.698212005108554,4.798212005108554,15.949999999999989,4.25,8.148148148148142,5,3.86130811662726,1.017042330951079,2.844265785676181,2.0613608748481167,0.022024565861922914,0.75,0.125,4.8497633321510705,8.767898139209896,-4.906590022582636,1131.020817030094,2,597
research_oof,fold_2,extreme_mass_migration_continuation,2025-05-28,2025-05-28 07:50:00+00:00,NSE_FO|61692|29-05-2025,2025-05-29,PE,24700.0,78.45,-5.28999362651371,-5.38999362651371,-6.28999362651371,3.25,4.75,4.1427660930529,5,6.4189189189189255,2.752293577981657,3.6666253409372684,1.9185049609864175,0.0,0.75,0.125,10.343490340782681,9.545574986751449,-3.126656067832523,1255.6518044489349,1,800
research_oof,fold_2,extreme_mass_migration_continuation,2025-05-29,2025-05-29 07:36:00+00:00,NSE_FO|61724|29-05-2025,2025-05-29,PE,24750.0,43.15,-2.20162224797218,-2.30162224797218,-3.20162224797218,1.9500000000000028,5.609999999999999,4.519119351100818,5,7.449494949494939,16.77943166441136,-9.32993671491642,1.950160570546774,0.0,0.75,0.125,18.794537889847103,8.358585858585844,-0.9090909090909038,1741.0746413968336,0,786
research_oof,fold_2,extreme_mass_migration_continuation,2025-05-30,2025-05-30 05:16:00+00:00,NSE_FO|40476|05-06-2025,2025-06-05,PE,24700.0,187.15,-4.087630243120494,-4.187630243120494,-5.087630243120494,4.699999999999989,9.450000000000017,2.5113545284531065,5,2.4863387978142137,3.008945513689354,-0.5226067158751402,1.8161474330846863,0.0,0.875,0.125,2.678338727296707,4.19011420923725,-1.7037754114230363,574.1408944347422,6,646
research_oof,fold_2,extreme_mass_migration_continuation,2025-06-02,2025-06-02 04:25:00+00:00,NSE_FO|40482|05-06-2025,2025-06-05,PE,24800.0,326.95,-7.32527909466279,-7.425279094662789,-8.32527909466279,1.0500000000000114,27.75,0.32115002293929085,5,1.789883268482484,0.15624999999999112,1.6336332684824928,1.8810754912099277,0.0,0.75,0.5,2.883830814620811,6.2913353497990325,-4.501452081316549,1187.2037373344174,3,595
research_oof,fold_2,extreme_mass_migration_continuation,2025-06-03,2025-06-03 04:58:00+00:00,NSE_FO|40479|05-06-2025,2025-06-05,PE,24750.0,205.9,-2.6226323457989342,-2.7226323457989343,-3.6226323457989342,8.099999999999994,12.900000000000006,3.9339485186983945,5,1.1307767944936042,4.892418032786883,-3.7616412382932785,2.3891698899137164,0.0,0.75,0.125,2.9259401571511265,2.2077343892883072,-1.076957594794703,1058.87671216546,2,628
research_oof,fold_2,extreme_mass_migration_continuation,2025-06-04,2025-06-04 04:21:00+00:00,NSE_FO|40482|05-06-2025,2025-06-05,PE,24800.0,286.85,-7.9832665156005,-8.0832665156005,-8.9832665156005,0.3499999999999659,28.75,0.122014990413096,5,7.692307692307687,1.6299480566003943,6.062359635707293,2.0964912280701755,-0.021339239187076604,0.875,0.25,6.94638754634529,24.9607535321821,-17.268445839874413,1060.7842899661373,1,591
research_oof,fold_2,extreme_mass_migration_continuation,2025-06-05,2025-06-05 07:43:00+00:00,NSE_FO|40479|05-06-2025,2025-06-05,PE,24750.0,39.75,-17.987421383647796,-18.087421383647797,-18.987421383647796,1.8999999999999986,8.2,4.779874213836474,5,39.40455341506129,10.873440285204982,28.531113129856305,2.0277165905676067,0.03378943516558196,0.75,0.125,41.8445947776013,69.13048454647381,-29.72593113141252,632.4868017909648,0,793
research_oof,fold_2,extreme_mass_migration_continuation,2025-06-06,2025-06-06 06:43:00+00:00,NSE_FO|44859|12-06-2025,2025-06-12,PE,24850.0,118.9,1.7661900756938556,1.6661900756938555,0.7661900756938556,3.6499999999999915,1.9000000000000057,3.0698065601345594,5,1.6211604095563104,2.765773552290418,-1.1446131427341077,2.5345957756737074,0.0,1.0,0.25,5.300103141804095,4.531297921548627,-2.9101375119923167,1410.190174280062,6,733
research_oof,fold_2,extreme_mass_migration_continuation,2025-06-09,2025-06-09 05:38:00+00:00,NSE_FO|44859|12-06-2025,2025-06-12,PE,24850.0,53.5,-0.46728971962616817,-0.5672897196261681,-1.467289719626168,2.3999999999999986,1.2999999999999972,4.485981308411213,5,3.578336557059947,10.62124248496994,-7.0429059279099935,2.2041800643086815,0.0,0.875,0.25,2.633510878251986,5.26737290150272,-1.6890363444427736,933.7356145600352,3,668
research_oof,fold_2,extreme_mass_migration_continuation,2025-06-10,2025-06-10 05:27:00+00:00,NSE_FO|44859|12-06-2025,2025-06-12,PE,24850.0,32.8,-9.146341463414624,-9.246341463414623,-10.146341463414624,0.10000000000000142,3.6999999999999957,0.30487804878049213,5,5.844155844155852,18.309859154929597,-12.465703310773746,6.534825870646766,-0.0011504012709194994,1.0,0.375,0.9961847041558719,7.691963672141744,-1.8478078279858923,851.1635959236919,2,657
research_oof,fold_2,extreme_mass_migration_continuation,2025-06-13,2025-06-13 07:05:00+00:00,NSE_FO|50986|19-06-2025,2025-06-19,PE,24450.0,97.85,5.569749616760351,5.469749616760351,4.569749616760351,6.800000000000011,0.8999999999999915,6.9494123658661335,5,0.6157003591585442,2.1966527196652708,-1.5809523605067266,1.7531787584143605,0.0,0.75,-0.125,1.3867178455493507,1.1349111587431793,-0.5192107995846351,847.6226929393015,6,755
research_oof,fold_2,extreme_mass_migration_continuation,2025-06-16,2025-06-16 08:11:00+00:00,NSE_FO|50990|19-06-2025,2025-06-19,PE,24500.0,32.5,1.6923076923076836,1.5923076923076835,0.6923076923076836,0.75,1.0,2.307692307692308,5,0.3091190108191588,-0.6079027355622935,0.9170217463814523,1.7806236080178173,0.0,0.75,0.625,1.197740175322053,-3.821514827821604,4.130633838640763,811.4841467330043,3,821
research_oof,fold_2,extreme_mass_migration_continuation,2025-06-20,2025-06-20 05:29:00+00:00,NSE_FO|62396|26-06-2025,2025-06-26,PE,24900.0,108.95,-4.68104635153741,-4.78104635153741,-5.68104635153741,1.3499999999999943,5.450000000000003,1.239100504818719,5,8.927680798004989,8.20487319741423,0.7228076005907589,2.0993734518432174,0.0,0.75,0.0,5.096003437539448,16.854286302592147,-7.926605504587158,1250.7620368979224,6,659
research_oof,fold_2,extreme_mass_migration_continuation,2025-06-23,2025-06-23 08:41:00+00:00,NSE_FO|62386|26-06-2025,2025-06-26,PE,24750.0,52.35,6.590257879656152,6.490257879656152,5.590257879656152,4.350000000000001,0.20000000000000284,8.309455587392552,5,3.8690476190476275,3.6453201970443327,0.22372742200329476,2.0434272300469485,0.0,0.75,0.0,5.218880079518698,8.352036278153696,-4.482988659106068,1749.065472967588,3,851
research_oof,fold_2,extreme_mass_migration_continuation,2025-06-24,2025-06-24 07:46:00+00:00,NSE_FO|62396|26-06-2025,2025-06-26,PE,24900.0,32.05,9.828393135725449,9.72839313572545,8.828393135725449,4.550000000000004,3.349999999999998,14.196567862714524,5,27.833001988071572,33.11258278145694,-5.279580793385371,2.0813008130081303,-0.008473227410188472,0.75,0.0,15.181305844811071,38.10097416019216,-10.267972172120587,675.395941021703,2,796
research_oof,fold_2,extreme_mass_migration_continuation,2025-06-27,2025-06-27 07:43:00+00:00,NSE_FO|56960|03-07-2025,2025-07-03,PE,25600.0,126.0,2.063492063492059,1.9634920634920587,1.0634920634920588,2.5999999999999943,2.25,2.063492063492059,5,2.1897810218978186,2.273666804464658,-0.08388578256683932,2.092971776425014,0.0,0.75,0.125,1.5653300118611644,3.758180673364575,-1.5683996514667564,769.9727779608402,6,793
research_oof,fold_2,extreme_mass_migration_continuation,2025-06-30,2025-06-30 04:59:00+00:00,NSE_FO|56887|03-07-2025,2025-07-03,PE,25500.0,95.4,-6.970649895178202,-7.070649895178201,-7.970649895178202,1.2999999999999972,7.200000000000003,1.3626834381551332,5,4.950495049504955,7.15083798882683,-2.2003429393218754,1.8036540065195967,0.0,0.75,0.125,2.911344071678551,6.53986451276708,-1.5893694632621247,749.9654603449126,3,629
research_oof,fold_2,extreme_mass_migration_continuation,2025-07-01,2025-07-01 06:03:00+00:00,NSE_FO|56960|03-07-2025,2025-07-03,PE,25600.0,134.4,-3.7574404761904843,-3.8574404761904844,-4.757440476190484,0.4000000000000057,5.650000000000006,0.29761904761905184,5,2.5504377617053597,2.65384615384614,-0.10340839214078024,1.7581952767007403,0.008269434812570416,1.0,0.25,4.17656604809929,7.254738836974172,-4.704301075268813,782.2266363665804,2,693
research_oof,fold_2,extreme_mass_migration_continuation,2025-07-02,2025-07-02 08:52:00+00:00,NSE_FO|56887|03-07-2025,2025-07-03,PE,25500.0,117.0,5.982905982905983,5.882905982905983,4.982905982905983,9.349999999999994,0.6500000000000057,7.991452991452987,5,5.770964833183045,6.944444444444442,-1.1734796112613965,2.0407930395093423,0.00816576503011126,0.75,0.125,11.014916213236612,15.984741555273319,-10.213776722090273,830.9546887834331,1,862
research_oof,fold_2,extreme_mass_migration_continuation,2025-07-03,2025-07-03 05:21:00+00:00,NSE_FO|56924|03-07-2025,2025-07-03,PE,25550.0,52.55,-3.2350142721217807,-3.335014272121781,-4.235014272121781,2.4000000000000057,7.399999999999999,4.567078972407242,5,12.620320855614974,15.542857142857148,-2.922536287242174,1.852560061637599,0.0,0.75,0.125,13.002328508740337,39.39311390916055,-26.772793053545573,604.7247621777205,0,651
research_oof,fold_2,extreme_mass_migration_continuation,2025-07-04,2025-07-04 08:00:00+00:00,NSE_FO|40057|10-07-2025,2025-07-10,PE,25550.0,244.6,-2.6982829108748954,-2.7982829108748954,-3.6982829108748954,1.4000000000000057,8.199999999999989,0.5723630417007383,5,1.0123966942148677,1.5569856757317924,-0.5445889815169247,1.7766497461928934,0.0,0.75,0.125,2.2801933309936326,1.528620883005416,-0.5162241887905483,794.1232336423091,6,810
research_oof,fold_2,extreme_mass_migration_continuation,2025-07-07,2025-07-07 07:59:00+00:00,NSE_FO|40057|10-07-2025,2025-07-10,PE,25550.0,166.3,-3.4876728803367474,-3.5876728803367475,-4.487672880336747,0.0,6.400000000000006,0.0,5,2.6851851851851904,0.33971587399628245,2.345469311188908,3.4104401228249746,0.0,0.75,0.125,3.8385203540317407,7.146151727936134,-4.460966542750944,588.2317128836075,3,809
research_oof,fold_2,extreme_mass_migration_continuation,2025-07-08,2025-07-08 05:17:00+00:00,NSE_FO|40057|10-07-2025,2025-07-10,PE,25550.0,144.8,0.03453038674031971,-0.06546961325968029,-0.9654696132596803,3.6999999999999886,2.4000000000000057,2.5552486187845225,5,2.2960084775697664,3.715612718828165,-1.4196042412583987,3.2469079248740265,0.0,0.75,0.125,3.798119061088619,4.90243766957672,-2.6064291920069538,737.3746210615427,2,647
research_oof,fold_2,extreme_mass_migration_continuation,2025-07-09,2025-07-09 05:33:00+00:00,NSE_FO|40057|10-07-2025,2025-07-10,PE,25550.0,71.0,0.42253521126760163,0.32253521126760165,-0.5774647887323984,1.4500000000000028,3.0,2.0422535211267645,5,2.081837760229699,5.840455840455827,-3.758618080226128,2.1786449864498647,0.01223470661672909,0.875,0.25,4.777713363818321,6.4065722063602175,-4.324734446130519,1002.3784389455286,1,663
research_oof,fold_2,extreme_mass_migration_continuation,2025-07-10,2025-07-10 05:19:00+00:00,NSE_FO|40046|10-07-2025,2025-07-10,PE,25400.0,41.35,12.696493349455865,12.596493349455866,11.696493349455865,13.649999999999999,0.7000000000000028,33.01088270858524,5,13.114754098360649,6.685236768802216,6.429517329558433,2.271865809824638,0.0,0.75,0.125,14.92949012314029,21.806737220723516,-8.691983122362867,796.9108559737397,0,649
research_oof,fold_2,extreme_mass_migration_continuation,2025-07-11,2025-07-11 05:18:00+00:00,NSE_FO|47286|17-07-2025,2025-07-17,PE,25150.0,94.8,-5.274261603375527,-5.374261603375527,-6.274261603375527,6.5,5.349999999999994,6.856540084388185,5,6.341189674523018,13.386308068459662,-7.045118393936645,2.196000331922662,0.0,1.0,0.0,3.8584131842305798,8.091046243656697,-1.7498565691336787,545.647428860957,6,648
research_oof,fold_2,extreme_mass_migration_continuation,2025-07-14,2025-07-14 05:29:00+00:00,NSE_FO|47292|17-07-2025,2025-07-17,PE,25250.0,202.9,-2.3164120256283964,-2.4164120256283965,-3.3164120256283964,2.75,12.550000000000011,1.3553474618038444,5,1.9085886489201398,2.2137404580152564,-0.30515180909511663,3.9582417582417584,0.0,0.875,0.25,3.604473381402164,5.045120014233795,-3.136531365313655,1217.3980463075532,3,659
research_oof,fold_2,extreme_mass_migration_continuation,2025-07-16,2025-07-16 04:38:00+00:00,NSE_FO|47292|17-07-2025,2025-07-17,PE,25250.0,127.0,1.2992125984252014,1.1992125984252013,0.2992125984252014,5.800000000000011,3.9000000000000057,4.5669291338582765,5,3.588907014681908,2.321792260692468,1.26711475398944,1.9535667963683527,0.0,0.75,0.125,4.506340826281363,7.480615982533012,-3.891708967851104,700.3682727865453,1,608
research_oof,fold_2,extreme_mass_migration_continuation,2025-07-17,2025-07-17 05:40:00+00:00,NSE_FO|47288|17-07-2025,2025-07-17,PE,25200.0,56.4,-23.04964539007092,-23.149645390070923,-24.04964539007092,0.30000000000000426,20.799999999999997,0.5319148936170288,5,3.673094582185499,3.5230352303522894,0.1500593518332094,2.392396436742443,0.0,0.875,0.25,9.526106686923653,12.536730945821862,-8.863636363636363,1436.295603936047,0,670
research_oof,fold_2,extreme_mass_migration_continuation,2025-07-18,2025-07-18 06:42:00+00:00,NSE_FO|49489|24-07-2025,2025-07-24,PE,25000.0,144.8,2.3480662983425256,2.2480662983425255,1.3480662983425256,4.5,2.75,3.107734806629834,5,1.5050752537626888,1.0243730130695683,0.4807022406931205,2.0190344827586206,0.0019671742608283463,0.75,0.125,2.8052961029832693,2.534305389621072,-1.0292301358583833,892.1933687749988,6,732
research_oof,fold_2,extreme_mass_migration_continuation,2025-07-21,2025-07-21 08:19:00+00:00,NSE_FO|49520|24-07-2025,2025-07-24,PE,25200.0,188.15,4.8631411108158416,4.763141110815842,3.8631411108158416,11.400000000000006,0.05000000000001137,6.058995482327933,5,4.57824639289679,2.912087912087924,1.6661584808088659,2.6529516994633275,-0.019939151643157075,0.875,0.25,2.9478877485887294,8.205189398078138,-3.626943005181349,600.2647551415466,3,829
research_oof,fold_2,extreme_mass_migration_continuation,2025-07-22,2025-07-22 04:35:00+00:00,NSE_FO|49491|24-07-2025,2025-07-24,PE,25050.0,57.7,-4.419410745233976,-4.519410745233976,-5.419410745233976,2.299999999999997,5.050000000000004,3.9861351819757314,5,2.118270079435125,3.8495971351835356,-1.7313270557484106,2.0255269773738154,0.0,0.75,0.125,6.062546464195981,2.248365482730863,-0.130095403295738,1032.5674301040272,2,605
research_oof,fold_2,extreme_mass_migration_continuation,2025-07-23,2025-07-23 04:52:00+00:00,NSE_FO|49495|24-07-2025,2025-07-24,PE,25100.0,57.05,-10.867659947414541,-10.96765994741454,-11.867659947414541,0.3500000000000014,8.199999999999996,0.61349693251534,5,4.670329670329676,4.470359572400384,0.19997009792929177,1.7692857318845936,0.0,0.75,0.0,6.352104627678155,7.366785756616279,-2.6964560862866027,896.1389058453642,1,622
research_oof,fold_2,extreme_mass_migration_continuation,2025-07-25,2025-07-25 06:04:00+00:00,NSE_FO|55796|31-07-2025,2025-07-31,PE,24900.0,132.2,4.084720121028749,3.9847201210287486,3.0847201210287487,7.300000000000011,0.5999999999999943,5.521936459909237,5,2.5145067698259194,0.15232292460014563,2.3621838452257737,2.2499547838668836,0.0,0.75,0.25,4.742363490497394,3.789407168232284,-1.2749003984063645,1233.005432075901,6,694
research_oof,fold_3,extreme_mass_migration_continuation,2025-07-28,2025-07-28 06:38:00+00:00,NSE_FO|55798|31-07-2025,2025-07-31,PE,24950.0,190.05,4.446198368850297,4.346198368850297,3.446198368850297,9.399999999999977,5.25,4.946066824519851,5,4.966887417218535,7.625899280575532,-2.659011863356997,1.759009009009009,0.0,0.75,0.125,6.85165422800428,11.236983880241047,-6.270096463022512,761.2559412164337,3,728
research_oof,fold_3,extreme_mass_migration_continuation,2025-07-29,2025-07-29 04:49:00+00:00,NSE_FO|55800|31-07-2025,2025-07-31,PE,25000.0,344.05,-0.4359831419851766,-0.5359831419851766,-1.4359831419851767,7.949999999999989,8.550000000000011,2.3107106525214327,5,3.452934994745527,5.616605616605619,-2.163670621860092,1.97090203685742,0.0,0.875,0.25,3.3558555303058974,6.511758524157285,-3.0588235294117583,1378.0211481773076,2,619
research_oof,fold_3,extreme_mass_migration_continuation,2025-07-30,2025-07-30 04:53:00+00:00,NSE_FO|55796|31-07-2025,2025-07-31,PE,24900.0,106.35,18.617771509167856,18.517771509167854,17.617771509167856,23.599999999999994,1.75,22.190879172543486,5,12.930577636459994,2.071753410813537,10.858824225646456,1.9352306182531893,0.0,0.875,0.25,5.373011070433851,30.683174425883983,-17.75259678942399,599.595432872793,1,623
research_oof,fold_3,extreme_mass_migration_continuation,2025-07-31,2025-07-31 04:31:00+00:00,NSE_FO|55796|31-07-2025,2025-07-31,PE,24900.0,246.0,0.7926829268292637,0.6926829268292637,-0.20731707317073633,15.050000000000011,1.8499999999999943,6.117886178861793,5,18.69136396439739,18.721461187214604,-0.03009722281721494,2.445333333333333,0.0,0.875,0.25,5.483604697573202,48.552475075508504,-29.861111111111114,596.0295694862034,0,601
research_oof,fold_3,extreme_mass_migration_continuation,2025-08-05,2025-08-05 08:31:00+00:00,NSE_FO|39855|07-08-2025,2025-08-07,PE,24700.0,138.15,4.379297864639872,4.279297864639872,3.379297864639872,6.400000000000006,0.75,4.632645674990956,5,1.6200294550809957,3.3482142857142794,-1.7281848306332837,2.4058679706601467,0.0012886738672229078,0.875,0.25,3.928995160901579,4.311001677303228,-2.690972222222232,1085.6289463053145,2,841
research_oof,fold_3,extreme_mass_migration_continuation,2025-08-06,2025-08-06 06:29:00+00:00,NSE_FO|39857|07-08-2025,2025-08-07,PE,24750.0,180.75,-5.836791147994473,-5.936791147994473,-6.836791147994473,3.0999999999999943,14.550000000000011,1.7150760719225415,5,1.1781206171108005,1.9087136929460513,-0.7305930758352508,2.38525564803805,0.0,0.75,0.125,3.312887182406085,4.978120617110793,-3.7999999999999923,883.5989573501247,1,719
research_oof,fold_3,extreme_mass_migration_continuation,2025-08-07,2025-08-07 04:36:00+00:00,NSE_FO|39857|07-08-2025,2025-08-07,PE,24750.0,262.45,1.7336635549628543,1.6336635549628542,0.7336635549628543,11.5,1.8999999999999773,4.3817870070489615,5,0.5355776587605332,2.8648336858296375,-2.3292560270691043,2.439814814814815,-0.008766514384491912,0.75,0.0,6.485089033954703,11.346388469571355,-10.810810810810823,1097.1350998393027,0,606
research_oof,fold_3,extreme_mass_migration_continuation,2025-08-22,2025-08-22 05:31:00+00:00,NSE_FO|71973|28-08-2025,2025-08-28,PE,24950.0,128.0,-6.0546875,-6.1546875,-7.0546875,0.15000000000000568,10.0,0.11718750000000444,5,2.0684168655529023,4.3006430868167245,-2.232226221263822,3.7374184038745,0.0,0.75,0.125,2.3991206282392095,3.534961320181673,-1.466544454628771,959.5668149324883,6,661
research_oof,fold_3,extreme_mass_migration_continuation,2025-08-26,2025-08-26 06:21:00+00:00,NSE_FO|71973|28-08-2025,2025-08-28,PE,24950.0,167.7,-0.5963029218843172,-0.6963029218843172,-1.5963029218843172,2.1500000000000057,7.599999999999994,1.2820512820512855,5,1.981707317073167,-1.2924556657649577,3.2741629828381247,1.7718780727630286,0.009141098741967599,0.75,0.625,2.423619432349289,7.689469874150789,-5.707762557077622,1207.9893632195417,2,711
research_oof,fold_3,extreme_mass_migration_continuation,2025-08-28,2025-08-28 05:25:00+00:00,NSE_FO|71973|28-08-2025,2025-08-28,PE,24950.0,307.0,-2.8338762214983677,-2.933876221498368,-3.8338762214983677,1.75,39.39999999999998,0.5700325732899023,5,3.658125421443015,2.2975012577561627,1.3606241636868521,2.280701754385965,0.0,1.0,0.375,6.077590711504791,14.978880138424145,-11.32075471698113,1907.1069116352228,0,655
research_oof,fold_3,extreme_mass_migration_continuation,2025-12-01,2025-12-01 07:51:00+00:00,NSE_FO|46808|02-12-2025,2025-12-02,PE,26250.0,103.7,6.316297010607519,6.216297010607519,5.316297010607519,9.349999999999994,1.0499999999999972,9.016393442622945,5,4.068307383224501,0.10362694300518616,3.9646804402193148,2.361936284650393,0.0,0.75,0.625,3.1417057708001113,8.225856617360183,-4.157549234135683,671.0502798877278,1,801
research_oof,fold_3,extreme_mass_migration_continuation,2025-12-02,2025-12-02 04:37:00+00:00,NSE_FO|46825|02-12-2025,2025-12-02,PE,26450.0,370.7,3.5473428648502927,3.4473428648502926,2.5473428648502927,16.75,4.199999999999989,4.518478554086863,5,0.16207455429497752,1.426592797783921,-1.2645182434889435,2.1724137931034484,-0.002894821486008363,0.75,0.125,6.9869528462308255,-5.720278386881494,5.882352941176472,2285.0469028623083,0,607
research_oof,fold_3,extreme_mass_migration_continuation,2025-12-03,2025-12-03 07:10:00+00:00,NSE_FO|41904|09-12-2025,2025-12-09,PE,26000.0,141.25,2.9026548672566332,2.802654867256633,1.9026548672566332,9.300000000000011,0.0,6.5840707964601854,5,0.46230440967283126,2.5521207764198417,-2.0898163667470104,1.854326561324304,0.0,0.75,0.125,3.6193118717323505,1.5012654486338706,-1.0389610389610393,1226.5785924908014,6,760
research_oof,fold_3,extreme_mass_migration_continuation,2025-12-04,2025-12-04 05:58:00+00:00,NSE_FO|41882|09-12-2025,2025-12-09,PE,25950.0,55.2,0.09057971014492239,-0.009420289855077618,-0.9094202898550776,2.5999999999999943,1.5,4.710144927536222,5,1.0064043915828158,4.9289099526066416,-3.9225055610238257,1.7640739149119038,0.004474296594034271,0.875,0.125,2.5254003314922464,0.2888236637509367,0.7175807278318791,1311.13006506487,5,688
research_oof,fold_3,extreme_mass_migration_continuation,2025-12-09,2025-12-09 08:36:00+00:00,NSE_FO|41880|09-12-2025,2025-12-09,PE,25900.0,36.95,5.006765899864666,4.906765899864666,4.006765899864666,5.75,9.900000000000002,15.561569688768607,5,23.372287145242087,57.16753022452505,-33.79524307928297,2.654110549943883,0.0,0.75,0.125,23.31081622699266,50.455620478575426,-27.083333333333336,679.6262290827835,0,846
research_oof,fold_3,extreme_mass_migration_continuation,2025-12-15,2025-12-15 05:50:00+00:00,NSE_FO|48223|16-12-2025,2025-12-16,PE,25950.0,58.25,-6.437768240343347,-6.537768240343347,-7.437768240343347,1.6499999999999986,7.0,2.8326180257510707,5,2.2847100175747093,2.5800711743772187,-0.2953611568025094,1.8767343362056375,0.0,0.875,0.25,2.2822050061213464,6.037736651957271,-3.7530266343825613,801.6703371338554,1,680
research_oof,fold_3,extreme_mass_migration_continuation,2025-12-18,2025-12-18 07:53:00+00:00,NSE_FO|56990|23-12-2025,2025-12-23,CE,25800.0,165.0,-0.1818181818181887,-0.28181818181818874,-1.1818181818181888,6.449999999999989,1.6999999999999886,3.9090909090909025,5,0.9791921664626724,-2.564102564102555,3.5432947305652274,2.1821668264621286,-0.004161477476382856,1.0,0.8333333,0.3298115366974675,2.105708630934089,-1.1265164644714165,1830.3715440334418,5,803
research_oof,fold_3,extreme_mass_migration_continuation,2025-12-19,2025-12-19 05:37:00+00:00,NSE_FO|57004|23-12-2025,2025-12-23,PE,25950.0,80.0,-2.5624999999999964,-2.6624999999999965,-3.5624999999999964,1.0,3.4000000000000057,1.25,5,1.5883100381194337,6.609947643979064,-5.02163760585963,2.206504228755538,-0.001187744378405857,0.875,0.25,2.1631286654739035,4.156444210027188,-2.5681341719077544,754.1673847190832,4,667
research_oof,fold_4,extreme_mass_migration_continuation,2025-12-23,2025-12-23 08:18:00+00:00,NSE_FO|57005|23-12-2025,2025-12-23,CE,26000.0,185.4,0.8090614886731391,0.7090614886731391,-0.1909385113268609,4.900000000000006,4.300000000000011,2.6429341963322575,5,2.770850651149903,-1.6216216216216162,4.392472272771519,4.6172218730358265,0.0,0.8333333,0.6666666,0.9799196432581812,-2.784704904405655,5.555555555555558,1940.6651639554038,0,828
research_oof,fold_4,extreme_mass_migration_continuation,2025-12-24,2025-12-24 06:12:00+00:00,NSE_FO|65634|30-12-2025,2025-12-30,PE,26150.0,60.0,8.833333333333329,8.733333333333329,7.833333333333329,6.700000000000003,0.25,11.166666666666671,5,7.657657657657668,3.4545454545454435,4.203112203112225,1.8466588511137163,0.0,0.875,0.125,8.174228744262823,13.199908769529035,-5.542251111871366,3318.134058268475,6,702
research_oof,fold_4,extreme_mass_migration_continuation,2025-12-26,2025-12-26 06:35:00+00:00,NSE_FO|65622|30-12-2025,2025-12-30,PE,26050.0,53.6,0.37313432835820104,0.27313432835820106,-0.626865671641799,1.3500000000000014,0.9500000000000028,2.518656716417913,5,0.7532956685499137,3.441682600382423,-2.6883869318325093,2.14826153509731,0.0,0.75,0.125,4.2753580357080905,1.167251907461797,-0.4139562389118834,6408.2438598123845,4,725
research_oof,fold_4,extreme_mass_migration_continuation,2025-12-29,2025-12-29 05:10:00+00:00,NSE_FO|65639|30-12-2025,2025-12-30,PE,26200.0,179.05,6.8695895001396154,6.769589500139616,5.8695895001396154,16.94999999999999,0.35000000000002274,9.466629433119234,5,3.267973856209161,-0.028288543140031486,3.2962623993491924,1.7819604008799805,-0.012863776643304202,0.75,0.375,5.3102124592501125,6.579232134354851,-3.31125827814569,2246.811248680373,1,640
research_oof,fold_4,extreme_mass_migration_continuation,2025-12-30,2025-12-30 07:32:00+00:00,NSE_FO|65639|30-12-2025,2025-12-30,PE,26200.0,307.0,1.172638436482092,1.072638436482092,0.1726384364820921,7.100000000000023,0.39999999999997726,2.3127035830618965,5,3.6993639102778753,4.414261460101865,-0.7148975498239896,2.760233918128655,0.0015175946125391255,0.75,0.125,34.17521556437729,28.699363910277874,-25.0,6296.042961370127,0,782
research_oof,fold_4,extreme_mass_migration_continuation,2025-12-31,2025-12-31 07:01:00+00:00,NSE_FO|40465|06-01-2026,2026-01-06,CE,26000.0,184.1,1.575230852797396,1.4752308527973959,0.5752308527973959,8.5,0.9499999999999886,4.6170559478544275,5,1.4946028231386688,-0.19379844961240345,1.6884012727510722,1.9114669889711438,-0.001074358640447975,0.85714287,0.71428573,0.6749560115566369,2.605713934249776,-1.1111111111111072,1941.0515312016978,6,751
research_oof,fold_4,extreme_mass_migration_continuation,2026-01-01,2026-01-01 07:40:00+00:00,NSE_FO|40469|06-01-2026,2026-01-06,CE,26050.0,160.65,2.614379084967313,2.514379084967313,1.6143790849673132,4.199999999999989,7.300000000000011,2.614379084967313,5,0.8160703075957176,0.031036623215396908,0.7850336843803207,1.990950226244344,0.0,1.0,0.3333333,0.4786343225622594,2.6902336275421823,-1.8741633199464647,1237.882902911988,5,790
research_oof,fold_4,extreme_mass_migration_continuation,2026-01-02,2026-01-02 04:34:00+00:00,NSE_FO|40465|06-01-2026,2026-01-06,CE,26000.0,289.8,-2.988267770876475,-3.088267770876475,-3.988267770876475,1.1999999999999886,9.050000000000011,0.4140786749482362,5,0.32672923183871827,-1.3234990004825198,1.650228232321238,1.9014925373134328,-0.0005223807502693525,1.0,0.8333333,0.8101462228040069,1.5663986533263285,-1.2396694214876103,1205.054329679202,4,604
research_oof,fold_4,extreme_mass_migration_continuation,2026-01-08,2026-01-08 06:33:00+00:00,NSE_FO|46184|13-01-2026,2026-01-13,PE,26100.0,197.5,2.101265822784813,2.001265822784813,1.1012658227848129,35.25,3.5999999999999943,17.848101265822784,5,8.790904048807535,16.696859903381657,-7.905955854574122,1.9039320822162644,0.0,1.0,0.0,11.303188927580756,13.198347731471593,-4.407443682664058,742.0812559529368,5,723
research_oof,fold_4,extreme_mass_migration_continuation,2026-01-09,2026-01-09 06:10:00+00:00,NSE_FO|46197|13-01-2026,2026-01-13,PE,26250.0,449.55,1.9686353019686278,1.8686353019686277,0.9686353019686278,15.099999999999966,1.0,3.3589144700255735,5,0.8864452423698266,4.7209302325581515,-3.834484990188325,6.653846153846154,-0.017785369774919613,1.0,0.14285713,3.6031425911167054,0.8864452423698266,0.0,1450.1676633557618,4,700
research_oof,fold_4,extreme_mass_migration_continuation,2026-01-12,2026-01-12 04:30:00+00:00,NSE_FO|46180|13-01-2026,2026-01-13,PE,26050.0,471.0,-4.8832271762208075,-4.983227176220807,-5.8832271762208075,2.3000000000000114,31.0,0.48832271762208307,5,4.6469861937366685,5.8559064853321185,-1.20892029159545,2.8214285714285716,0.0,1.0,0.0,2.329696514035828,10.361271908022385,-5.714285714285716,623.7328244933269,1,600
research_oof,fold_4,extreme_mass_migration_continuation,2026-01-13,2026-01-13 04:45:00+00:00,NSE_FO|46180|13-01-2026,2026-01-13,PE,26050.0,295.2,-1.2906504065040658,-1.390650406504066,-2.290650406504066,33.19999999999999,4.649999999999977,11.246612466124658,5,1.8634399308556482,6.8534112390445046,-4.989971308188856,2.213776722090261,0.0,0.75,0.0,4.150240045504834,11.863439930855646,-9.999999999999998,1399.941576273879,0,615
research_oof,fold_4,extreme_mass_migration_continuation,2026-01-19,2026-01-19 08:11:00+00:00,NSE_FO|47602|20-01-2026,2026-01-20,PE,25550.0,70.5,-5.673758865248227,-5.773758865248227,-6.673758865248227,3.549999999999997,5.349999999999994,5.035460992907797,5,2.0408163265306145,3.970037453183539,-1.9292211266529247,1.9854992222310106,0.010178417205569482,0.85714287,0.14285713,2.257707541381216,2.111238861741882,-0.07042253521126751,575.699495110508,1,821
research_oof,fold_4,extreme_mass_migration_continuation,2026-01-20,2026-01-20 04:25:00+00:00,NSE_FO|47612|20-01-2026,2026-01-20,PE,25650.0,192.3,0.5720228809152337,0.4720228809152337,-0.4279771190847663,14.099999999999994,5.850000000000023,7.332293291731666,5,1.3291634089132254,14.59911203969706,-13.269948630783833,1.7765647743813682,-0.09527928129010658,1.0,0.0,4.700400265994471,10.420072499822318,-9.090909090909093,654.3488852590126,0,595
research_oof,fold_4,extreme_mass_migration_continuation,2026-01-27,2026-01-27 07:08:00+00:00,NSE_FO|58664|27-01-2026,2026-01-27,PE,25050.0,42.2,-2.9620853080568716,-3.0620853080568717,-3.9620853080568716,4.75,4.700000000000003,11.255924170616113,5,7.25190839694656,28.73239436619719,-21.48048596925063,1.9112991882896857,0.037887891425743975,0.875,0.25,10.01109294932043,9.92206546500939,-2.6701570680628284,821.5505133356637,0,758
research_oof,fold_4,extreme_mass_migration_continuation,2026-02-02,2026-02-02 04:31:00+00:00,NSE_FO|49790|03-02-2026,2026-02-03,PE,25150.0,335.4,11.299940369707823,11.199940369707823,10.299940369707823,52.650000000000034,5.399999999999977,15.697674418604663,5,18.01754385964913,20.561719833564496,-2.5441759739153653,3.3449920508744038,-0.06169481820784426,1.0,0.0,21.691855468656303,51.98159305548641,-33.964049195837276,1130.4689102934317,1,601
research_oof,fold_4,extreme_mass_migration_continuation,2026-02-05,2026-02-05 08:33:00+00:00,NSE_FO|42529|10-02-2026,2026-02-10,PE,25650.0,137.7,9.331880900508368,9.231880900508369,8.331880900508368,13.300000000000011,1.25,9.658678286129275,5,0.8813808299669379,0.6275378368401752,0.25384299312676273,1.9134116361649822,0.0,0.75,0.125,2.3906277853135918,2.061321832916785,-1.179941002949847,700.6205378603845,5,843
research_oof,fold_4,extreme_mass_migration_continuation,2026-02-12,2026-02-12 09:14:00+00:00,NSE_FO|48233|17-02-2026,2026-02-17,PE,25900.0,138.5,24.368231046931406,24.268231046931405,23.368231046931406,39.80000000000001,2.3499999999999943,28.736462093862826,5,5.441400304414001,3.480892924706769,1.9605073797072325,4.920926982648189,-0.06553610503282276,1.0,0.375,1.0902805046511173,7.950360877890716,-2.508960573476715,671.0974347558404,5,884
research_oof,fold_4,extreme_mass_migration_continuation,2026-02-13,2026-02-13 04:40:00+00:00,NSE_FO|48239|17-02-2026,2026-02-17,PE,26050.0,488.7,1.8927767546552077,1.7927767546552076,0.8927767546552077,11.5,7.899999999999977,2.353181911192961,5,1.1569052783803269,0.7831014940752112,0.3738037843051156,2.8421052631578947,-0.0003755163349605708,0.875,0.25,3.0413257221926067,1.5553116528823296,-0.3984063745020028,1140.7582339932342,4,610
research_oof,fold_4,extreme_mass_migration_continuation,2026-02-16,2026-02-16 05:24:00+00:00,NSE_FO|48233|17-02-2026,2026-02-17,PE,25900.0,377.05,-1.86977854395969,-1.96977854395969,-2.86977854395969,3.3000000000000114,8.400000000000034,0.8752154886619842,5,0.3606250834780278,1.8636920146918756,-1.5030669312138478,1.8285714285714285,0.0,0.75,0.125,2.9751642678391583,2.6463393691923076,-2.28571428571428,2065.1213092366233,1,654
research_oof,fold_4,extreme_mass_migration_continuation,2026-02-17,2026-02-17 05:06:00+00:00,NSE_FO|48241|17-02-2026,2026-02-17,PE,26100.0,394.45,4.449233109392829,4.349233109392829,3.4492331093928286,19.5,2.099999999999966,4.943592343769806,5,4.642857142857149,6.052490626673812,-1.4096334838166635,2.202247191011236,0.0,0.75,0.125,8.673112933243834,19.794372294372298,-15.151515151515149,690.5218123102786,0,636
research_oof,fold_4,extreme_mass_migration_continuation,2026-02-18,2026-02-18 05:47:00+00:00,NSE_FO|64867|24-02-2026,2026-02-24,PE,25850.0,218.15,-2.956681182672481,-3.056681182672481,-3.956681182672481,3.4499999999999886,7.349999999999994,1.5814806325922477,5,0.5521048999310052,2.9721955896452545,-2.4200906897142493,2.403830806065443,0.0,0.75,0.125,2.0516849126370746,2.037587681835118,-1.4854827819041128,2182.7370954557373,6,677
research_oof,fold_4,extreme_mass_migration_continuation,2026-02-19,2026-02-19 04:32:00+00:00,NSE_FO|64863|24-02-2026,2026-02-24,PE,25750.0,104.3,-4.362416107382548,-4.4624161073825475,-5.362416107382548,0.10000000000000853,9.599999999999994,0.09587727708533895,5,2.6535626535626466,2.8487229862475427,-0.19516033268489608,1.7657667876588021,0.0,1.0,0.25,2.08913943758407,5.574041189804735,-2.920478536242088,947.6503401350637,5,602
research_oof,fold_4,extreme_mass_migration_continuation,2026-02-20,2026-02-20 05:41:00+00:00,NSE_FO|64861|24-02-2026,2026-02-24,PE,25700.0,193.8,-2.347781217750264,-2.447781217750264,-3.347781217750264,7.5,10.650000000000006,3.8699690402476774,5,1.2565445026178068,5.065666041275785,-3.809121538657978,2.5888860950465173,0.0,0.875,0.25,0.5565014181283561,3.1167474338466783,-1.8602029312288715,809.9343448839427,4,671
research_oof,fold_1,extreme_mass_migration_rebound,2025-04-21,2025-04-21 09:04:00+00:00,NSE_FO|79537|24-04-2025,2025-04-24,CE,24050.0,172.4,-0.3770301624129963,-0.47703016241299634,-1.3770301624129964,10.25,3.0,5.945475638051044,5,-5.037159372419486,4.105409153952855,-9.14256852637234,2.3994795055302536,-0.005829358770535241,0.125,-0.5,2.760691095828604,-8.614142265109992,3.5769828926905056,-3560.872441153042,3,874
research_oof,fold_1,extreme_mass_migration_rebound,2025-04-30,2025-04-30 05:48:00+00:00,NSE_FO|52004|30-04-2025,2025-04-30,PE,24400.0,50.2,35.85657370517928,35.75657370517928,34.85657370517928,22.049999999999997,0.0,43.924302788844614,5,-30.93709884467266,0.13324450366423157,-31.07034334833689,3.681986191505684,0.009186535764375876,0.125,-0.875,13.66401950573134,-197.42061532818917,166.48351648351652,-3064.649565833057,0,678
research_oof,fold_1,extreme_mass_migration_rebound,2025-05-07,2025-05-07 08:37:00+00:00,NSE_FO|38607|08-05-2025,2025-05-08,PE,24400.0,77.55,-2.321083172146998,-2.4210831721469983,-3.321083172146998,1.8500000000000085,4.959999999999994,2.385557704706652,5,-6.0084797092671005,-7.097518753606469,1.0890390443393683,2.5667152510931497,0.01864574212523293,0.5,0.125,4.755632084430626,-32.33728069814226,26.328800988875155,-1804.8613520334548,1,847
research_oof,fold_2,extreme_mass_migration_rebound,2025-06-05,2025-06-05 05:59:00+00:00,NSE_FO|40477|05-06-2025,2025-06-05,CE,24750.0,36.45,-21.124828532235945,-21.224828532235946,-22.124828532235945,2.049999999999997,9.400000000000002,5.6241426611796905,5,-10.97560975609756,13.265306122448962,-24.240915878546524,1.8127590030934453,0.04800465199720385,0.14285715,-0.71428573,5.845167174145217,-8.894083303365564,-2.0815264527319965,-2531.5401626619896,0,689
research_oof,fold_2,extreme_mass_migration_rebound,2025-06-20,2025-06-20 04:46:00+00:00,NSE_FO|62396|26-06-2025,2025-06-26,PE,24900.0,130.1,-8.224442736356641,-8.324442736356641,-9.224442736356641,0.09999999999999432,12.399999999999991,0.07686395080706711,5,-8.459640465280227,-13.604060913705585,5.1444204484253575,2.463245102857544,0.0,0.125,-0.125,5.560670350005654,-25.54056532077156,17.080924855491332,-548.0026412186271,6,616
research_oof,fold_2,extreme_mass_migration_rebound,2025-07-03,2025-07-03 05:55:00+00:00,NSE_FO|56985|03-07-2025,2025-07-03,PE,25650.0,98.3,23.855544252288915,23.755544252288914,22.855544252288915,29.700000000000003,4.8999999999999915,30.213631739572737,5,-8.239700374531832,-6.3888888888889,-1.8508114856429323,2.538703398712382,0.0,0.125,-0.125,5.439043588603528,-59.71899031536026,51.47928994082842,-1492.019511635488,0,685
research_oof,fold_2,extreme_mass_migration_rebound,2025-07-24,2025-07-24 08:17:00+00:00,NSE_FO|49495|24-07-2025,2025-07-24,PE,25100.0,34.25,-35.912408759124084,-36.012408759124085,-36.912408759124084,0.04999999999999716,15.8,0.14598540145984573,5,-5.647382920110189,-36.20111731843575,30.55373439832556,2.6223803341707272,0.0,0.375,0.25,12.482433630260024,-10.83256810529537,5.185185185185182,-572.881373006745,0,827
research_oof,fold_1,mirror_spike_opposite_wing_rebound,2025-03-19,2025-03-19 05:21:00+00:00,NSE_FO|50183|20-03-2025,2025-03-20,CE,22450.0,444.0,4.605855855855853,4.505855855855853,3.605855855855853,21.25,10.699999999999989,4.786036036036036,5,-6.556514418017267,-8.130165289256208,1.5736508712389412,2.6153846153846154,-0.002793296089385475,0.0,0.0,2.2696336626807705,-24.659962693879343,18.10344827586208,,1,651
research_oof,fold_1,mirror_spike_opposite_wing_rebound,2025-03-21,2025-03-21 04:15:00+00:00,NSE_FO|49835|27-03-2025,2025-03-27,PE,23250.0,110.65,6.326253953908721,6.226253953908722,5.326253953908721,10.849999999999994,2.6500000000000057,9.805693628558512,5,-13.325517780382956,-9.123940250302788,-4.2015775300801685,1.9081484553182666,0.2346115035317861,0.0,0.0,0.6370802193864761,-28.922256105067913,15.596738324684956,,6,585
research_oof,fold_1,mirror_spike_opposite_wing_rebound,2025-03-24,2025-03-24 04:20:00+00:00,NSE_FO|49835|27-03-2025,2025-03-27,PE,23250.0,39.45,-0.6337135614702154,-0.7337135614702154,-1.6337135614702154,4.449999999999996,1.25,11.280101394169824,5,-19.140225179119753,-12.257405515832486,-6.8828196632872665,1.872583719030765,0.0,0.0,0.0,0.37659531369672383,-29.60234508978801,10.462119910668255,,3,590
research_oof,fold_1,mirror_spike_opposite_wing_rebound,2025-03-25,2025-03-25 05:25:00+00:00,NSE_FO|49834|27-03-2025,2025-03-27,CE,23250.0,483.15,4.0670599192797345,3.9670599192797344,3.0670599192797345,29.139999999999986,29.099999999999966,6.031253233985303,5,-7.5354139837890965,-4.263786242183054,-3.271627741606043,4.545454545454546,0.0,0.0,0.0,1.3231256479811906,-25.565153760740777,18.02973977695168,,2,655
research_oof,fold_1,mirror_spike_opposite_wing_rebound,2025-03-26,2025-03-26 05:11:00+00:00,NSE_FO|49834|27-03-2025,2025-03-27,CE,23250.0,463.2,3.2923143350604493,3.1923143350604493,2.2923143350604493,15.600000000000023,0.39999999999997726,3.3678756476683986,5,-6.8691541788192705,-5.0422705314009715,-1.826883647418299,1.894736842105263,0.0,0.0,0.0,1.8401079334205277,-21.548053261388077,14.678899082568808,,1,641
research_oof,fold_1,mirror_spike_opposite_wing_rebound,2025-03-27,2025-03-27 05:05:00+00:00,NSE_FO|48349|27-03-2025,2025-03-27,CE,23150.0,455.95,-0.3728478999890314,-0.47284789998903143,-1.3728478999890315,4.949999999999989,8.800000000000011,1.0856453558504198,5,-7.09183673469388,-3.578795379537958,-3.513041355155922,2.3076923076923075,0.0,0.0,0.0,1.4755493206283516,-25.45918367346939,18.36734693877551,,0,635
research_oof,fold_1,mirror_spike_opposite_wing_rebound,2025-03-28,2025-03-28 05:00:00+00:00,NSE_FO|54756|03-04-2025,2025-04-03,PE,23700.0,187.7,-12.972828982418752,-13.072828982418752,-13.972828982418752,2.3000000000000114,33.50999999999999,1.2253596164091698,5,-13.817166782972778,-9.209302325581403,-4.607864457391376,2.6189473684210527,0.012797582336252621,0.375,0.0,11.630421212509628,-35.13040682602981,21.313240043057036,38.326275025534414,6,630
research_oof,fold_1,mirror_spike_opposite_wing_rebound,2025-04-01,2025-04-01 04:53:00+00:00,NSE_FO|54712|03-04-2025,2025-04-03,CE,23500.0,65.5,-27.480916030534353,-27.580916030534354,-28.480916030534353,0.0,19.1,0.0,5,-32.31950844854071,-11.66317991631798,-20.65632853222273,3.0572710247811505,0.0,0.0,0.0,1.6659790129125096,-76.02811772006389,43.70860927152318,,2,623
research_oof,fold_1,mirror_spike_opposite_wing_rebound,2025-04-02,2025-04-02 04:26:00+00:00,NSE_FO|54713|03-04-2025,2025-04-03,PE,23500.0,244.15,4.03440507884497,3.93440507884497,3.03440507884497,34.20000000000002,0.0,14.00778210116732,5,-18.7535429657541,-5.966995371302064,-12.786547594452037,2.385362694300518,0.0,0.0,-0.25,8.232010959765795,-66.2631215098154,47.509578544061306,,1,596
research_oof,fold_1,mirror_spike_opposite_wing_rebound,2025-04-03,2025-04-03 04:36:00+00:00,NSE_FO|54713|03-04-2025,2025-04-03,PE,23500.0,239.9,0.04168403501458704,-0.058315964985412964,-0.9583159649854129,6.75,2.8499999999999943,2.8136723634847853,5,-11.265799596995784,-6.123585080719984,-5.1422145162758,2.3675324675324676,-0.007516040329972502,0.0,0.0,4.646712058532842,-28.9128584205252,17.647058823529417,,0,606
research_oof,fold_1,mirror_spike_opposite_wing_rebound,2025-04-04,2025-04-04 04:54:00+00:00,NSE_FO|43892|09-04-2025,2025-04-09,CE,23100.0,70.65,4.515215852795467,4.415215852795467,3.5152158527954667,6.189999999999998,0.4000000000000057,8.761500353857038,5,-15.783204288266827,-12.68917345750874,-3.0940308307580864,1.876376811594203,0.015437427844583618,0.0,0.0,0.46206217124485754,-31.984450537978336,16.20124624971151,,5,624
research_oof,fold_1,mirror_spike_opposite_wing_rebound,2025-04-08,2025-04-08 07:01:00+00:00,NSE_FO|43888|09-04-2025,2025-04-09,PE,23050.0,448.55,-7.70259725783079,-7.80259725783079,-8.70259725783079,0.0,49.150000000000034,0.0,5,-9.447791164658636,-2.0554156171284643,-7.392375547530172,2.142857142857143,-0.0005302226935312832,0.0,-0.2,4.262741306179006,-20.660605809967556,11.21281464530892,,1,751
research_oof,fold_1,mirror_spike_opposite_wing_rebound,2025-04-11,2025-04-11 05:06:00+00:00,NSE_FO|48188|17-04-2025,2025-04-17,CE,22700.0,287.8,-2.1542738012508647,-2.2542738012508647,-3.1542738012508647,0.0,17.600000000000023,0.0,5,-11.84711435967718,-5.603644646924821,-6.243469712752359,3.408906882591093,0.009464464170242784,0.0,0.0,0.6875593625131156,-30.099891303537873,18.252776943860695,,6,636
research_oof,fold_1,mirror_spike_opposite_wing_rebound,2025-04-16,2025-04-16 04:49:00+00:00,NSE_FO|48198|17-04-2025,2025-04-17,CE,22800.0,487.35,-2.3494408535959876,-2.4494408535959877,-3.3494408535959876,4.399999999999977,16.850000000000023,0.9028419000718123,5,-8.06695668621147,-6.7143178748311545,-1.3526388113803147,4.0,0.0,0.0,0.0,0.9156668368690407,-27.8343985466766,19.76744186046513,,1,619
research_oof,fold_1,mirror_spike_opposite_wing_rebound,2025-04-21,2025-04-21 04:25:00+00:00,NSE_FO|79516|24-04-2025,2025-04-24,PE,23850.0,90.95,-2.144035184167128,-2.244035184167128,-3.144035184167128,2.8499999999999943,8.650000000000006,3.133589884551945,5,-20.49469964664311,-12.56351039260969,-7.93118925403342,2.1381124630055903,0.0,0.25,0.25,13.12150685105857,-33.711123940911705,13.216424294268592,,3,595
research_oof,fold_1,mirror_spike_opposite_wing_rebound,2025-04-22,2025-04-22 04:23:00+00:00,NSE_FO|79515|24-04-2025,2025-04-24,CE,23850.0,310.25,7.010475423045931,6.9104754230459315,6.010475423045931,32.5,7.050000000000011,10.475423045930702,5,-9.339704604691567,-5.123339658444026,-4.216364946247541,2.2203389830508473,0.0,0.0,0.0,1.6214436065274782,-28.927333470670945,19.58762886597938,,2,593
research_oof,fold_1,mirror_spike_opposite_wing_rebound,2025-04-23,2025-04-23 04:34:00+00:00,NSE_FO|79537|24-04-2025,2025-04-24,CE,24050.0,242.8,-13.261943986820434,-13.361943986820433,-14.261943986820434,0.0,39.95000000000002,0.0,5,-9.3796992481203,-2.8544423440453714,-6.525256904074928,3.3333333333333335,0.0,0.0,0.0,1.4802512053259838,-34.226325014991474,24.846625766871178,,1,604
research_oof,fold_1,mirror_spike_opposite_wing_rebound,2025-04-24,2025-04-24 04:55:00+00:00,NSE_FO|52001|30-04-2025,2025-04-30,PE,24350.0,186.65,7.4738815965711165,7.373881596571117,6.4738815965711165,16.19999999999999,0.0,8.67934637021162,5,-8.99950956351152,-1.2626262626262652,-7.736883300885255,5.587786259541985,-0.0005277973258268825,0.25,0.0,6.477327960785231,-17.07037570524379,8.07086614173227,0.7169072189572034,6,625
research_oof,fold_1,mirror_spike_opposite_wing_rebound,2025-04-25,2025-04-25 04:16:00+00:00,NSE_FO|51988|30-04-2025,2025-04-30,CE,24200.0,196.95,-9.34247270880933,-9.44247270880933,-10.34247270880933,2.700000000000017,23.19999999999999,1.3709063214013797,5,-7.44631185807656,-4.841287965288876,-2.605023892787684,2.097936863037534,0.0,0.0,0.0,0.30719152499904295,-20.549063688422418,13.10275183034586,,5,586
research_oof,fold_1,mirror_spike_opposite_wing_rebound,2025-04-28,2025-04-28 04:35:00+00:00,NSE_FO|51989|30-04-2025,2025-04-30,PE,24200.0,91.3,-7.612267250821471,-7.712267250821471,-8.612267250821471,3.299999999999997,9.599999999999994,3.614457831325298,5,-14.979195561719838,-1.5834932821497172,-13.39570227957012,1.7456881448316137,0.0,0.25,0.25,9.665193609225483,-27.58958058467992,12.610385022960081,,2,605
research_oof,fold_1,mirror_spike_opposite_wing_rebound,2025-04-29,2025-04-29 04:50:00+00:00,NSE_FO|51990|30-04-2025,2025-04-30,CE,24250.0,127.45,0.5806198509219261,0.48061985092192616,-0.41938014907807386,10.549999999999997,1.7999999999999972,8.277755982738325,5,-7.873902403915356,-16.296038915913837,8.422136511998481,1.874493927125506,0.0,0.0,0.0,1.9096109977681635,-16.994423576553796,9.12052117263844,,1,620
research_oof,fold_1,mirror_spike_opposite_wing_rebound,2025-04-30,2025-04-30 04:19:00+00:00,NSE_FO|52004|30-04-2025,2025-04-30,PE,24400.0,50.95,-5.789990186457317,-5.889990186457316,-6.789990186457317,2.8999999999999986,5.550000000000004,5.691854759568201,5,-25.275532696546655,-22.43633860977289,-2.839194086773766,1.8558973168105724,0.0,0.25,-0.125,31.348025647550376,-95.41442158543555,70.13888888888889,-41.847448779393744,0,589
research_oof,fold_1,mirror_spike_opposite_wing_rebound,2025-05-02,2025-05-02 05:00:00+00:00,NSE_FO|38606|08-05-2025,2025-05-08,CE,24400.0,274.85,-5.512097507731502,-5.612097507731502,-6.512097507731502,10.149999999999977,16.150000000000034,3.692923412770593,5,-12.042465536365077,-8.800533943554534,-3.241931592810543,3.89859363434493,0.0012701949860724235,0.0,0.0,1.0731923575831934,-26.974783641272015,14.932318104906939,,6,630
research_oof,fold_1,mirror_spike_opposite_wing_rebound,2025-05-05,2025-05-05 04:21:00+00:00,NSE_FO|38607|08-05-2025,2025-05-08,PE,24400.0,98.7,-11.144883485309016,-11.244883485309016,-12.144883485309016,2.299999999999997,11.100000000000009,2.3302938196555187,5,-13.46238451385835,0.8780036968576654,-14.340388210716014,1.7520074696545285,0.03009940487868681,0.0,-0.625,5.425601624391904,-24.444862611480357,10.982478097622007,,3,591
research_oof,fold_1,mirror_spike_opposite_wing_rebound,2025-05-06,2025-05-06 04:22:00+00:00,NSE_FO|38602|08-05-2025,2025-05-08,CE,24300.0,172.15,-10.339819924484466,-10.439819924484466,-11.339819924484466,0.0,19.150000000000006,0.0,5,-9.329140461215935,-0.9966777408637828,-8.332462720352153,1.9466019417475728,0.0,0.0,0.0,2.288568163516502,-18.600663640023885,9.27152317880795,,2,592
research_oof,fold_1,mirror_spike_opposite_wing_rebound,2025-05-07,2025-05-07 04:17:00+00:00,NSE_FO|38604|08-05-2025,2025-05-08,CE,24350.0,92.2,-17.24511930585684,-17.34511930585684,-18.24511930585684,0.0,15.900000000000006,0.0,5,-26.93398136897529,-23.809523809523814,-3.124457559451475,1.8601866251944013,0.0,0.0,0.0,5.407902469580958,-40.74043298187853,13.806451612903237,,1,587
research_oof,fold_1,mirror_spike_opposite_wing_rebound,2025-05-08,2025-05-08 04:34:00+00:00,NSE_FO|38607|08-05-2025,2025-05-08,PE,24400.0,32.7,10.214067278287448,10.114067278287449,9.214067278287448,3.9499999999999957,0.8500000000000014,12.079510703363901,5,-27.894156560088202,-10.582639714625442,-17.311516845462762,2.5407041089365516,0.0,0.25,0.25,19.81661792622546,-64.1491366397695,36.25498007968129,,0,604
research_oof,fold_1,mirror_spike_opposite_wing_rebound,2025-05-09,2025-05-09 04:32:00+00:00,NSE_FO|46245|15-05-2025,2025-05-15,CE,24000.0,235.65,2.524931041799274,2.4249310417992738,1.5249310417992739,9.199999999999989,10.650000000000006,3.904095056227451,5,-9.056171188383644,-10.966143081016067,1.9099718926324236,2.3944451522486943,0.0,0.0,0.0,0.46848590221208697,-18.05577102831961,8.999599839935968,,6,602
research_oof,fold_1,mirror_spike_opposite_wing_rebound,2025-05-12,2025-05-12 07:01:00+00:00,NSE_FO|46251|15-05-2025,2025-05-15,PE,24050.0,30.2,2.814569536423846,2.714569536423846,1.8145695364238459,1.4000000000000021,0.25,4.63576158940398,5,-11.225997045790248,-13.283582089552237,2.057585043761989,4.27456647398844,0.0,0.25,0.25,6.195580480125181,-22.497630956027848,11.2716339102376,,3,751
research_oof,fold_1,mirror_spike_opposite_wing_rebound,2025-05-14,2025-05-14 07:20:00+00:00,NSE_FO|46248|15-05-2025,2025-05-15,CE,24050.0,487.2,0.5747126436781632,0.47471264367816324,-0.4252873563218368,15.550000000000011,24.75,3.191707717569789,5,-11.847672778561357,-5.405890160347237,-6.44178261821412,14.181818181818182,0.0,0.0,-0.2,5.908770154682803,-55.28201621290478,43.434343434343425,,1,770
research_oof,fold_1,mirror_spike_opposite_wing_rebound,2025-05-15,2025-05-15 04:15:00+00:00,NSE_FO|46248|15-05-2025,2025-05-15,CE,24050.0,431.6,8.966635773864686,8.866635773864687,7.966635773864686,55.799999999999955,12.5,12.928637627432796,5,-13.052168698780731,-4.555444555444554,-8.496724143336177,6.4,-0.00029291154071470416,0.0,0.0,4.071039605329467,-75.12113421602213,62.068965517241395,,0,585
research_oof,fold_1,mirror_spike_opposite_wing_rebound,2025-05-16,2025-05-16 04:24:00+00:00,NSE_FO|49236|22-05-2025,2025-05-22,CE,24950.0,206.85,1.2811215856901164,1.1811215856901163,0.28112158569011636,16.700000000000017,4.5,8.073483200386763,5,-7.761529808773904,-4.8888888888888875,-2.8726409198850167,2.008507621410847,0.08700708320118405,0.0,0.0,0.5765052981297712,-23.411136107986497,15.649606299212593,,6,594
research_oof,fold_1,mirror_spike_opposite_wing_rebound,2025-05-19,2025-05-19 04:33:00+00:00,NSE_FO|49261|22-05-2025,2025-05-22,PE,25100.0,200.5,-1.2468827930174564,-1.3468827930174565,-2.2468827930174564,6.199999999999989,2.5,3.092269326683286,5,-8.16843074091118,-5.260770975056683,-2.907659765854497,2.0917748917748917,-0.009509163142381136,0.0,-0.125,4.123747773847387,-16.170089115703878,8.001658374792697,,3,603
research_oof,fold_1,mirror_spike_opposite_wing_rebound,2025-05-20,2025-05-20 04:15:00+00:00,NSE_FO|49236|22-05-2025,2025-05-22,CE,24950.0,111.15,4.363472784525411,4.263472784525411,3.3634727845254107,4.849999999999994,4.25,4.363472784525411,5,-7.110563090834365,-9.87795575896262,2.767392668128256,1.9221593703885882,0.02913969795037756,0.0,0.0,1.1097570116917532,-25.69008708025636,18.579523989421997,,2,585
research_oof,fold_1,mirror_spike_opposite_wing_rebound,2025-05-21,2025-05-21 04:32:00+00:00,NSE_FO|49256|22-05-2025,2025-05-22,PE,25050.0,255.9,-4.6893317702227435,-4.789331770222743,-5.6893317702227435,8.700000000000017,16.599999999999994,3.3997655334114953,5,-7.415445831072532,-0.1865671641791078,-7.228878666893424,1.8476821192052981,0.0,0.25,-0.125,9.328294862358566,-21.91103838738987,14.495592556317337,18.707857998600957,1,602
research_oof,fold_1,mirror_spike_opposite_wing_rebound,2025-05-22,2025-05-22 04:29:00+00:00,NSE_FO|49246|22-05-2025,2025-05-22,PE,25000.0,392.9,5.955713922117596,5.855713922117596,4.955713922117596,28.100000000000023,0.0,7.1519470603206985,5,-10.66483579356905,-5.191100969766116,-5.473734823802935,2.0572792362768495,0.0,0.125,0.125,10.339531231000901,-37.565420588890674,26.900584795321624,,0,599
research_oof,fold_1,mirror_spike_opposite_wing_rebound,2025-05-23,2025-05-23 04:33:00+00:00,NSE_FO|61724|29-05-2025,2025-05-29,PE,24750.0,157.85,4.30788723471651,4.207887234716511,3.3078872347165102,9.150000000000006,0.0,5.79664238200824,5,-6.692307692307697,0.26865671641791433,-6.960964408725611,2.125489172971563,-0.03458769825013168,0.125,-0.5,4.3047838384396355,-18.90064102564103,12.208333333333332,4227.827443341939,6,603
research_oof,fold_1,mirror_spike_opposite_wing_rebound,2025-05-26,2025-05-26 04:16:00+00:00,NSE_FO|61690|29-05-2025,2025-05-29,PE,24650.0,58.3,5.917667238421961,5.817667238421961,4.917667238421961,3.75,0.25,6.432246998284734,5,-12.0440156768164,-9.160892994611247,-2.883122682205153,2.1592712312665294,0.0,0.25,0.0,8.771595281200252,-20.695207005173078,8.651191328356678,-9.182535396648746,3,586
research_oof,fold_2,mirror_spike_opposite_wing_rebound,2025-05-27,2025-05-27 04:31:00+00:00,NSE_FO|61693|29-05-2025,2025-05-29,CE,24750.0,220.65,4.803988216632674,4.703988216632674,3.803988216632674,21.650000000000006,3.6500000000000057,9.811919329254478,5,-11.169249345944854,-8.853754940711466,-2.3154944052333875,2.538003965631196,0.0,0.0,0.0,0.5852144568339682,-22.488977237101324,11.319727891156472,,2,601
research_oof,fold_2,mirror_spike_opposite_wing_rebound,2025-05-28,2025-05-28 04:45:00+00:00,NSE_FO|61691|29-05-2025,2025-05-29,CE,24700.0,176.6,10.419026047565122,10.319026047565123,9.419026047565122,18.700000000000017,3.9499999999999886,10.58890147225369,5,-11.69060216679264,-3.878326996197723,-7.812275170594917,3.5331073446327683,0.03215083549280672,0.0,0.0,0.9547124217030178,-21.84550750242086,10.154905335628218,,1,615
research_oof,fold_2,mirror_spike_opposite_wing_rebound,2025-05-29,2025-05-29 04:42:00+00:00,NSE_FO|61693|29-05-2025,2025-05-29,CE,24750.0,92.3,-11.91765980498375,-12.017659804983749,-12.91765980498375,9.75,13.709999999999994,10.56338028169014,5,-26.650755767700872,-19.984139571768434,-6.666616195932438,1.7876470588235294,0.014249171009000474,0.0,0.0,5.250026966255122,-81.54825007294005,54.89749430523918,,0,612
research_oof,fold_2,mirror_spike_opposite_wing_rebound,2025-05-30,2025-05-30 04:48:00+00:00,NSE_FO|40477|05-06-2025,2025-06-05,CE,24750.0,234.0,-0.7692307692307742,-0.8692307692307741,-1.769230769230774,4.650000000000006,6.900000000000006,1.9871794871794894,5,-6.638755980861244,-2.4939172749391725,-4.144838705922072,2.091651542649728,0.07017763322491868,0.0,0.0,3.350681287512828,-20.112686853737628,13.473930872876384,,6,618
research_oof,fold_2,mirror_spike_opposite_wing_rebound,2025-06-02,2025-06-02 04:30:00+00:00,NSE_FO|40486|05-06-2025,2025-06-05,PE,24850.0,338.65,4.709877454599157,4.609877454599157,3.709877454599157,22.600000000000023,0.0,6.6735567695260665,5,-6.9515043275175215,-3.847780126849887,-3.1037242006676347,1.8909090909090909,-0.010880469172004012,0.25,0.0,6.880273708049003,-20.7994713281068,13.847967000589279,-1.9381105917345849,3,600
research_oof,fold_2,mirror_spike_opposite_wing_rebound,2025-06-03,2025-06-03 04:27:00+00:00,NSE_FO|40487|05-06-2025,2025-06-05,CE,24900.0,118.1,1.566469093988153,1.4664690939881528,0.5664690939881529,4.150000000000006,3.0999999999999943,3.5139712108382777,5,-14.082451659978112,-7.571214392803604,-6.511237267174508,2.155779519721289,0.016391498557179186,0.16666667,0.0,5.509814541486002,-24.404248867021227,10.321797207043115,,2,597
research_oof,fold_2,mirror_spike_opposite_wing_rebound,2025-06-04,2025-06-04 04:25:00+00:00,NSE_FO|40482|05-06-2025,2025-06-05,PE,24800.0,262.9,-1.7306960821605002,-1.8306960821605003,-2.7306960821605,10.700000000000045,9.349999999999966,4.069988588817059,5,-7.331688403242865,-4.202127659574472,-3.1295607436683923,2.224,0.0,0.0,0.0,3.999392802044349,-22.934525282675487,15.602836879432624,,1,595
research_oof,fold_2,mirror_spike_opposite_wing_rebound,2025-06-05,2025-06-05 04:43:00+00:00,NSE_FO|40475|05-06-2025,2025-06-05,CE,24700.0,52.6,-16.53992395437263,-16.63992395437263,-17.53992395437263,2.799999999999997,9.300000000000004,5.323193916349804,5,-8.67302688638335,-3.26797385620915,-5.4050530301742015,2.7288526816021723,0.0,0.33333334,0.0,6.0171332013491385,-16.500502924722017,7.8274760383386655,-2.882405634107272,0,613
research_oof,fold_2,mirror_spike_opposite_wing_rebound,2025-06-06,2025-06-06 04:34:00+00:00,NSE_FO|44844|12-06-2025,2025-06-12,CE,24650.0,201.5,31.687344913151378,31.587344913151377,30.687344913151378,85.25,2.0999999999999943,42.30769230769231,5,-7.035755478662054,-8.041958041958042,1.0062025632959877,3.2460481099656358,0.0,0.0,0.0,0.5131151509557933,-16.612743634330418,9.576988155668364,,6,604
research_oof,fold_2,mirror_spike_opposite_wing_rebound,2025-06-10,2025-06-10 04:21:00+00:00,NSE_FO|44859|12-06-2025,2025-06-12,PE,24850.0,31.5,-4.444444444444439,-4.544444444444439,-5.444444444444439,1.2000000000000028,1.8000000000000007,3.809523809523819,5,-16.223404255319153,-11.564625850340137,-4.6587784049790155,2.091254752851711,0.012107329842931938,0.375,0.125,14.800947084314709,-26.646970579181783,10.423566323862632,27.122854834193276,2,591
research_oof,fold_2,mirror_spike_opposite_wing_rebound,2025-06-11,2025-06-11 08:00:00+00:00,NSE_FO|44858|12-06-2025,2025-06-12,CE,24850.0,334.2,-0.1346499102333898,-0.2346499102333898,-1.1346499102333898,3.150000000000034,7.199999999999989,0.9425493716337625,5,-5.34675932491846,-4.464666571875442,-0.8820927530430174,5.666666666666667,0.0,0.0,0.0,2.239984301966073,-17.541881276137982,12.195121951219523,,1,810
research_oof,fold_2,mirror_spike_opposite_wing_rebound,2025-06-12,2025-06-12 04:15:00+00:00,NSE_FO|44854|12-06-2025,2025-06-12,CE,24750.0,344.55,4.469598026411254,4.369598026411254,3.469598026411254,17.25,21.0,5.006530256856769,5,-9.844424107726491,-12.098828323993882,2.2544042162673907,1.9375,0.00015386982612709647,0.0,0.0,1.3968459520956114,-46.68652937088439,36.8421052631579,,0,585
research_oof,fold_2,mirror_spike_opposite_wing_rebound,2025-06-13,2025-06-13 04:42:00+00:00,NSE_FO|50992|19-06-2025,2025-06-19,PE,24550.0,151.55,3.926096997690524,3.8260969976905237,2.926096997690524,10.449999999999989,0.35000000000002274,6.895414054767396,5,-6.90184049079755,-4.930232558139524,-1.971607932658026,2.4175123224122936,-0.011475536946576723,0.0,0.0,2.281370506856375,-15.512951601908654,8.611111111111104,,6,612
research_oof,fold_2,mirror_spike_opposite_wing_rebound,2025-06-16,2025-06-16 04:17:00+00:00,NSE_FO|50985|19-06-2025,2025-06-19,CE,24450.0,343.5,2.2561863173216885,2.1561863173216884,1.2561863173216885,9.199999999999989,9.800000000000011,2.6783114992721946,5,-7.6111630391240475,-4.268292682926833,-3.3428703561972144,4.602739726027397,0.0,0.0,0.0,1.1480026947864082,-25.082899935321368,17.47173689619732,,3,587
research_oof,fold_2,mirror_spike_opposite_wing_rebound,2025-06-17,2025-06-17 07:22:00+00:00,NSE_FO|50985|19-06-2025,2025-06-19,CE,24450.0,393.5,-0.5082592121982211,-0.6082592121982211,-1.508259212198221,3.25,11.550000000000011,0.8259212198221092,5,-4.972309174091027,-3.128054740957975,-1.844254433133052,10.0,-0.013157894736842105,0.0,0.0,2.2509292664076463,-31.168782725728306,26.19647355163728,,2,772
research_oof,fold_2,mirror_spike_opposite_wing_rebound,2025-06-18,2025-06-18 04:52:00+00:00,NSE_FO|50989|19-06-2025,2025-06-19,CE,24500.0,403.65,-1.0528923572401834,-1.1528923572401835,-2.052892357240183,3.9500000000000455,15.649999999999977,0.9785705437879464,5,-8.30296127562642,-2.8744846541456703,-5.428476621480749,1.77116704805492,0.0,0.16666667,0.0,5.169073729991057,-19.97808817917972,11.675126903553302,,1,622
research_oof,fold_2,mirror_spike_opposite_wing_rebound,2025-06-19,2025-06-19 05:02:00+00:00,NSE_FO|50991|19-06-2025,2025-06-19,CE,24550.0,283.8,-3.171247357293869,-3.271247357293869,-4.171247357293868,1.349999999999966,19.25,0.4756871035940683,5,-5.877497110780916,-0.5364626990779664,-5.34103441170295,4.116504854368932,0.0,0.0,0.0,2.413437960527723,-21.607834189432594,15.73033707865168,,0,632
research_oof,fold_2,mirror_spike_opposite_wing_rebound,2025-06-20,2025-06-20 04:15:00+00:00,NSE_FO|62396|26-06-2025,2025-06-26,PE,24900.0,159.65,-0.6890072032571214,-0.7890072032571214,-1.6890072032571215,1.3499999999999943,7.650000000000006,0.8455997494519226,5,-12.386955330227456,-11.393088552915764,-0.9938667773116929,1.9248105501427024,0.06309176984705026,0.0,-0.25,6.774969564648728,-33.42195160721927,21.034996276991812,,6,585
research_oof,fold_2,mirror_spike_opposite_wing_rebound,2025-06-23,2025-06-23 04:15:00+00:00,NSE_FO|62385|26-06-2025,2025-06-26,CE,24750.0,216.95,2.834754551740035,2.734754551740035,1.8347545517400352,8.600000000000023,12.049999999999983,3.964047015441357,5,-7.989800254993629,-6.336260978670016,-1.6535392763236123,3.1437980241492864,0.06991025035427492,0.0,0.0,0.6786351967705845,-19.809883937002006,11.820083682008375,,3,585
research_oof,fold_2,mirror_spike_opposite_wing_rebound,2025-06-24,2025-06-24 04:18:00+00:00,NSE_FO|62395|26-06-2025,2025-06-26,CE,24900.0,283.35,7.093700370566425,6.993700370566425,6.093700370566425,41.64999999999998,2.3500000000000227,14.699135344979696,5,-16.204250295159394,-7.434052757793763,-8.77019753736563,2.327067669172932,-0.0049365174781864215,0.0,0.0,1.6110419495070454,-71.58886567977478,55.38461538461539,,2,588
research_oof,fold_2,mirror_spike_opposite_wing_rebound,2025-06-25,2025-06-25 05:15:00+00:00,NSE_FO|62395|26-06-2025,2025-06-26,CE,24900.0,321.9,2.656104380242315,2.556104380242315,1.656104380242315,12.100000000000023,0.5499999999999545,3.758931345138249,5,-6.5841223597960745,-3.1804733727810675,-3.403648987015007,2.2131147540983607,-0.00034631177954781576,0.0,0.0,0.8976939699669881,-16.395443114513053,9.811320754716979,,1,645
research_oof,fold_2,mirror_spike_opposite_wing_rebound,2025-06-26,2025-06-26 05:11:00+00:00,NSE_FO|62395|26-06-2025,2025-06-26,CE,24900.0,443.0,-6.264108352144469,-6.364108352144469,-7.264108352144469,19.850000000000023,49.89999999999998,4.480812641083527,5,-7.104166666666667,-4.54826095904507,-2.555905707621597,3.9489795918367347,0.0,0.0,0.0,1.2649591066789851,-25.104166666666682,18.000000000000014,,0,641
research_oof,fold_2,mirror_spike_opposite_wing_rebound,2025-06-27,2025-06-27 05:06:00+00:00,NSE_FO|56998|03-07-2025,2025-07-03,CE,25700.0,94.6,2.0084566596194566,1.9084566596194565,1.0084566596194566,5.3500000000000085,0.25,5.655391120507409,5,-10.251542477456098,-1.6129032258064613,-8.638639251649638,3.932431036264077,-0.003064425029742949,0.0,0.0,0.7841214027208339,-20.49822179434415,10.246679316888052,,6,636
research_oof,fold_2,mirror_spike_opposite_wing_rebound,2025-06-30,2025-06-30 04:21:00+00:00,NSE_FO|56998|03-07-2025,2025-07-03,CE,25700.0,89.0,4.438202247191015,4.338202247191015,3.4382022471910147,4.200000000000003,0.9500000000000028,4.719101123595508,5,-8.152734778121784,-2.5369978858350906,-5.615736892286694,1.9962139138665405,0.04273675937650089,0.0,0.0,3.0930021463823905,-15.814369639984495,7.6616348618627095,,3,591
research_oof,fold_2,mirror_spike_opposite_wing_rebound,2025-07-01,2025-07-01 04:24:00+00:00,NSE_FO|56984|03-07-2025,2025-07-03,CE,25650.0,76.95,4.288499025341127,4.188499025341128,3.2884990253411273,4.8999999999999915,1.1500000000000057,6.36777128005197,5,-8.412887828162285,-6.929510155316598,-1.4833776728456867,1.7859778597785978,0.04824881321072834,0.0,0.0,0.7112066249982965,-17.25835852087986,8.845470692717573,,2,594
research_oof,fold_2,mirror_spike_opposite_wing_rebound,2025-07-02,2025-07-02 04:31:00+00:00,NSE_FO|56925|03-07-2025,2025-07-03,CE,25600.0,50.6,0.09881422924900624,-0.0011857707509937698,-0.9011857707509938,3.8999999999999986,0.25,7.707509881422922,5,-17.685411572942133,-6.347897774113775,-11.337513798828358,3.6200176280481835,0.0,0.0,0.0,7.153080001782916,-41.269827157357724,23.584415584415595,,1,601
research_oof,fold_2,mirror_spike_opposite_wing_rebound,2025-07-03,2025-07-03 04:15:00+00:00,NSE_FO|56887|03-07-2025,2025-07-03,PE,25500.0,38.15,4.718217562254271,4.618217562254271,3.718217562254271,11.300000000000004,2.1499999999999986,29.619921363040643,5,-41.10854503464203,-36.783988957902004,-4.3245560767400235,1.8758113168781927,0.14985428222243113,0.375,0.375,26.821420688623714,-121.80352572962272,80.69498069498069,,0,585
research_oof,fold_2,mirror_spike_opposite_wing_rebound,2025-07-04,2025-07-04 05:52:00+00:00,NSE_FO|40051|10-07-2025,2025-07-10,CE,25550.0,82.5,0.6060606060606061,0.5060606060606061,-0.3939393939393939,0.5,3.9000000000000057,0.6060606060606061,5,-9.8082191780822,-6.064008983717006,-3.744210194365195,4.138403562863995,0.0,0.0,0.0,3.617226976254921,-19.913271704345327,10.105052526263126,,6,682
research_oof,fold_2,mirror_spike_opposite_wing_rebound,2025-07-07,2025-07-07 04:36:00+00:00,NSE_FO|40042|10-07-2025,2025-07-10,CE,25400.0,149.4,-0.4016064257028074,-0.5016064257028074,-1.4016064257028074,3.25,7.150000000000006,2.175368139223561,5,-6.4890282131661365,-4.987834549878356,-1.501193663287781,2.2615905848787445,-0.0018649806888524417,0.0,-0.16666667,2.647894157345472,-16.219995585804945,9.73096737263881,,3,606
research_oof,fold_2,mirror_spike_opposite_wing_rebound,2025-07-08,2025-07-08 04:30:00+00:00,NSE_FO|40051|10-07-2025,2025-07-10,CE,25550.0,60.4,1.3245033112582854,1.2245033112582853,0.32450331125828535,2.8500000000000014,0.3500000000000014,4.718543046357619,5,-10.880829015544036,-5.925925925925924,-4.954903089618112,3.270600604547247,0.0,0.0,0.0,3.643756954728632,-19.90935917083476,9.028530155290726,,2,600
research_oof,fold_2,mirror_spike_opposite_wing_rebound,2025-07-09,2025-07-09 04:26:00+00:00,NSE_FO|40050|10-07-2025,2025-07-10,PE,25500.0,59.55,-5.037783375314862,-5.137783375314862,-6.037783375314862,0.20000000000000284,5.849999999999994,0.33585222502099554,5,-11.581291759465472,-4.374057315233781,-7.207234444231691,2.4435079269516358,0.0,0.25,0.25,11.1732541240117,-25.539774221884937,13.958482462419465,,1,596
research_oof,fold_2,mirror_spike_opposite_wing_rebound,2025-07-10,2025-07-10 04:24:00+00:00,NSE_FO|40040|10-07-2025,2025-07-10,CE,25350.0,96.65,10.50181065700982,10.40181065700982,9.50181065700982,11.699999999999989,3.6000000000000085,12.105535437144322,5,-21.552769915082905,-17.466887417218537,-4.085882497864368,2.659910913140312,0.1368456716923598,0.0,0.0,9.761812643639024,-119.42511034061482,97.87234042553192,,0,594
research_oof,fold_2,mirror_spike_opposite_wing_rebound,2025-07-11,2025-07-11 04:31:00+00:00,NSE_FO|47295|17-07-2025,2025-07-17,CE,25350.0,98.2,-2.545824847250509,-2.645824847250509,-3.545824847250509,1.0999999999999943,5.5,1.1201629327902183,5,-12.5222816399287,-7.368896925858948,-5.153384714069752,2.8513333333333333,0.0,0.16666667,0.16666667,4.589376756677071,-23.958068075715122,11.435786435786422,,6,601
research_oof,fold_2,mirror_spike_opposite_wing_rebound,2025-07-14,2025-07-14 04:21:00+00:00,NSE_FO|47296|17-07-2025,2025-07-17,PE,25350.0,265.0,-3.264150943396218,-3.364150943396218,-4.264150943396218,0.5,11.550000000000011,0.18867924528301888,5,-5.350454788657033,-2.9585798816568087,-2.3918749070002243,2.0,0.015553151203678658,0.0,-0.125,3.06474687341955,-20.24407180993364,14.893617021276606,,3,591
research_oof,fold_2,mirror_spike_opposite_wing_rebound,2025-07-15,2025-07-15 05:01:00+00:00,NSE_FO|47286|17-07-2025,2025-07-17,PE,25150.0,81.5,-4.355828220858892,-4.4558282208588915,-5.355828220858892,2.0,5.5,2.4539877300613497,5,-13.258785942492013,-11.712184873949582,-1.5466010685424312,2.9458050555719484,0.0,0.125,0.0,7.047898003197407,-26.086186882720355,12.82740094022834,50.0,2,631
research_oof,fold_2,mirror_spike_opposite_wing_rebound,2025-07-16,2025-07-16 04:17:00+00:00,NSE_FO|47287|17-07-2025,2025-07-17,CE,25200.0,42.15,8.896797153024911,8.796797153024912,7.896797153024911,7.75,1.0,18.386714116251486,5,-14.300202839756594,-16.018957345971575,1.7187545062149816,2.185030850397925,0.0,0.0,0.0,7.090719147171028,-24.98149614229701,10.681293302540418,,1,587
research_oof,fold_2,mirror_spike_opposite_wing_rebound,2025-07-17,2025-07-17 04:39:00+00:00,NSE_FO|47282|17-07-2025,2025-07-17,CE,25150.0,51.1,-5.968688845401182,-6.068688845401182,-6.968688845401182,4.25,5.149999999999999,8.317025440313111,5,-19.33701657458563,-17.904612978889766,-1.4324035956958632,4.629049184915693,0.0,0.0,0.0,10.029354306426269,-64.79156202913109,45.45454545454546,,0,609
research_oof,fold_2,mirror_spike_opposite_wing_rebound,2025-07-18,2025-07-18 04:15:00+00:00,NSE_FO|49496|24-07-2025,2025-07-24,CE,25150.0,92.05,-0.7061379684953737,-0.8061379684953737,-1.7061379684953737,2.200000000000003,3.700000000000003,2.39000543183053,5,-10.092637737688925,-12.588401697312579,2.4957639596236536,1.7574724698479287,0.07006682792833423,0.0,0.0,4.016021693214604,-18.503233764178983,8.410596026490058,,6,585
research_oof,fold_2,mirror_spike_opposite_wing_rebound,2025-07-21,2025-07-21 04:15:00+00:00,NSE_FO|49491|24-07-2025,2025-07-24,PE,25050.0,153.05,-20.777523685070246,-20.877523685070248,-21.777523685070246,2.9499999999999886,33.400000000000006,1.927474681476634,5,-10.172969803576681,-11.471389645776576,1.2984198421998947,1.9506021637068789,0.024522383803820928,0.0,0.0,1.9613776944470855,-24.58806414319933,14.415094339622648,,3,585
research_oof,fold_2,mirror_spike_opposite_wing_rebound,2025-07-22,2025-07-22 04:28:00+00:00,NSE_FO|49487|24-07-2025,2025-07-24,CE,25000.0,145.7,2.7796842827728288,2.6796842827728287,1.7796842827728288,10.300000000000011,3.6999999999999886,7.069320521619775,5,-12.840466926070048,-11.48809523809524,-1.3523716879748076,1.7859282983779317,0.0,0.0,0.0,6.51080909123129,-36.36987869077591,23.529411764705866,,2,598
research_oof,fold_2,mirror_spike_opposite_wing_rebound,2025-07-23,2025-07-23 04:15:00+00:00,NSE_FO|49490|24-07-2025,2025-07-24,CE,25050.0,98.35,5.388917132689387,5.288917132689387,4.388917132689387,7.0,8.549999999999997,7.11743772241993,5,-6.997635933806157,-7.333333333333336,0.33569739952717903,1.8729943119110282,0.04826254826254826,0.0,0.0,0.8132084488895723,-21.920712856883085,14.923076923076927,,1,585
research_oof,fold_2,mirror_spike_opposite_wing_rebound,2025-07-24,2025-07-24 04:19:00+00:00,NSE_FO|49496|24-07-2025,2025-07-24,CE,25150.0,52.3,-8.413001912045887,-8.513001912045887,-9.413001912045887,0.5,5.099999999999994,0.9560229445506693,5,-15.645161290322584,-3.586321934945802,-12.058839355376781,1.753168044077135,0.0,0.0,0.0,6.523742597273838,-31.939091002782646,16.293929712460063,,0,589
research_oof,fold_2,mirror_spike_opposite_wing_rebound,2025-07-25,2025-07-25 04:45:00+00:00,NSE_FO|55795|31-07-2025,2025-07-31,CE,24900.0,133.0,-5.15037593984962,-5.2503759398496195,-6.15037593984962,1.4499999999999886,13.0,1.0902255639097658,5,-7.798960138648181,-4.817218995558581,-2.9817411430896,4.401254573967591,0.002419792918401949,0.0,0.0,3.3705144979946313,-20.412803490196453,12.61384335154827,,6,615
research_oof,fold_3,mirror_spike_opposite_wing_rebound,2025-07-28,2025-07-28 04:39:00+00:00,NSE_FO|55800|31-07-2025,2025-07-31,PE,25000.0,196.35,-6.137000254647305,-6.237000254647304,-7.137000254647305,4.550000000000011,12.349999999999994,2.317290552584676,5,-5.419075144508668,-4.5561296383278655,-0.862945506180802,1.8202578268876612,-0.0006467791532866593,0.0,-0.125,2.8810985932296673,-17.98317770861123,12.564102564102564,,3,609
research_oof,fold_3,mirror_spike_opposite_wing_rebound,2025-07-29,2025-07-29 04:24:00+00:00,NSE_FO|55802|31-07-2025,2025-07-31,PE,25050.0,320.0,9.265624999999993,9.165624999999993,8.265624999999993,30.0,0.6499999999999773,9.375,5,-10.25712688652879,-6.218767351471399,-4.03835953505739,2.7058823529411766,-0.0009267840593141798,0.0,0.0,6.350512361104578,-37.4591994253889,27.20207253886011,,2,594
research_oof,fold_3,mirror_spike_opposite_wing_rebound,2025-07-30,2025-07-30 04:48:00+00:00,NSE_FO|55804|31-07-2025,2025-07-31,PE,25100.0,253.55,8.045750345099577,7.945750345099578,7.045750345099577,20.399999999999977,3.950000000000017,8.045750345099577,5,-7.4270072992700715,-1.5888027236618307,-5.838204575608241,1.863080684596577,0.00395778364116095,0.0,-0.25,5.437607886165038,-22.881552753815527,15.454545454545453,,1,618
research_oof,fold_3,mirror_spike_opposite_wing_rebound,2025-07-31,2025-07-31 05:15:00+00:00,NSE_FO|55796|31-07-2025,2025-07-31,PE,24900.0,212.3,-9.185115402731983,-9.285115402731982,-10.185115402731983,3.75,31.650000000000006,1.7663683466792275,5,-11.210668889351938,-7.28601252609603,-3.9246563632559077,3.754276827371695,0.003676587112928275,0.0,0.0,3.7453092269200527,-37.09302183052841,25.882352941176467,,0,645
research_oof,fold_3,mirror_spike_opposite_wing_rebound,2025-08-01,2025-08-01 04:33:00+00:00,NSE_FO|39853|07-08-2025,2025-08-07,PE,24650.0,112.4,2.5800711743772164,2.4800711743772164,1.5800711743772164,5.099999999999994,0.75,4.537366548042699,5,-12.4951342934994,-6.354775828460046,-6.140358465039353,1.8649011362619665,-0.06575447455029079,0.0,0.0,0.8847506572106255,-24.122386545751652,11.627252252252251,,6,603
research_oof,fold_3,mirror_spike_opposite_wing_rebound,2025-08-04,2025-08-04 04:15:00+00:00,NSE_FO|39858|07-08-2025,2025-08-07,CE,24800.0,60.2,15.780730897009965,15.680730897009965,14.780730897009965,18.75,4.900000000000006,31.14617940199335,5,-22.22222222222222,-21.689059500959694,-0.5331627212625278,1.9271449704142012,-0.0057418606071712175,0.0,0.0,1.1096461845251466,-43.660968660968656,21.438746438746435,,3,585
research_oof,fold_3,mirror_spike_opposite_wing_rebound,2025-08-05,2025-08-05 04:17:00+00:00,NSE_FO|39858|07-08-2025,2025-08-07,CE,24800.0,44.3,0.22573363431151566,0.12573363431151566,-0.7742663656884843,1.6000000000000014,2.299999999999997,3.6117381489842018,5,-10.222672064777328,-1.7819706498951815,-8.440701414882145,2.3522317403065824,0.0,0.0,0.0,0.35334091776106874,-19.60778533338573,9.385113268608404,,2,587
research_oof,fold_3,mirror_spike_opposite_wing_rebound,2025-08-06,2025-08-06 04:22:00+00:00,NSE_FO|39861|07-08-2025,2025-08-07,PE,24850.0,216.75,4.913494809688584,4.813494809688584,3.9134948096885838,18.25,1.1999999999999886,8.419838523644751,5,-8.173178458289332,-1.3791640144281803,-6.794014443861151,2.635228848821082,0.0,0.25,0.25,9.168783953209463,-25.61503892340562,17.44186046511629,,1,592
research_oof,fold_3,mirror_spike_opposite_wing_rebound,2025-08-07,2025-08-07 06:09:00+00:00,NSE_FO|39853|07-08-2025,2025-08-07,PE,24650.0,214.85,7.889225040726096,7.789225040726096,6.889225040726096,17.5,8.349999999999994,8.145217593670003,5,-8.57385398981324,-5.234505862646566,-3.3393481271666747,5.766478342749529,0.010027662517289074,0.0,-0.25,5.286107703314266,-17.78438030560273,9.21052631578949,,0,699
research_oof,fold_3,mirror_spike_opposite_wing_rebound,2025-08-08,2025-08-08 04:30:00+00:00,NSE_FO|44492|14-08-2025,2025-08-14,CE,24600.0,88.0,-5.22727272727272,-5.32727272727272,-6.22727272727272,1.6500000000000057,5.200000000000003,1.8750000000000064,5,-8.285565398645133,-5.125523012552291,-3.160042386092842,1.9794121455392981,0.045625613828324495,0.0,0.0,0.6323008232610232,-16.301260465909692,8.015695067264561,,6,600
research_oof,fold_3,mirror_spike_opposite_wing_rebound,2025-08-11,2025-08-11 04:47:00+00:00,NSE_FO|44491|14-08-2025,2025-08-14,PE,24550.0,175.55,3.674166904015943,3.574166904015943,2.674166904015943,10.0,5.550000000000011,5.696382796923953,5,-9.371781668383106,-2.580473530194194,-6.791308138188912,1.7820945945945945,0.0,0.0,0.0,1.1453584452536985,-23.616385984929877,14.244604316546772,,3,617
research_oof,fold_3,mirror_spike_opposite_wing_rebound,2025-08-12,2025-08-12 04:15:00+00:00,NSE_FO|44497|14-08-2025,2025-08-14,PE,24650.0,85.6,2.6285046728971966,2.5285046728971965,1.6285046728971966,5.050000000000011,0.9499999999999886,5.899532710280388,5,-14.733698357391734,-10.465698547821722,-4.2679998095700125,2.288302358269561,0.09961029612530096,0.375,0.0,13.39897645354984,-30.30649072016023,15.572792362768496,2.8240205202855577,2,585
research_oof,fold_3,mirror_spike_opposite_wing_rebound,2025-08-13,2025-08-13 04:18:00+00:00,NSE_FO|44491|14-08-2025,2025-08-14,PE,24550.0,44.8,12.165178571428578,12.065178571428579,11.165178571428578,7.350000000000001,0.6499999999999986,16.406250000000007,5,-11.19920713577801,2.266009852216744,-13.465216987994754,1.8296802449360288,0.0,0.25,-0.5,9.311427639681293,-21.305836713895776,10.106629578117765,1885.0236201925436,1,588
research_oof,fold_3,mirror_spike_opposite_wing_rebound,2025-08-14,2025-08-14 04:29:00+00:00,NSE_FO|44470|14-08-2025,2025-08-14,CE,24450.0,196.0,-4.617346938775516,-4.717346938775516,-5.617346938775516,6.900000000000006,12.050000000000011,3.5204081632653086,5,-11.697350696003584,-6.096158270071317,-5.6011924259322665,1.9318637274549098,0.0,0.0,0.0,5.401036533187863,-41.886029941286615,30.188679245283033,,0,599
research_oof,fold_3,mirror_spike_opposite_wing_rebound,2025-08-18,2025-08-18 04:16:00+00:00,NSE_FO|47249|21-08-2025,2025-08-21,PE,25050.0,136.15,1.2486228424531682,1.1486228424531681,0.24862284245316824,3.8499999999999943,2.5500000000000114,2.8277634961439544,5,-7.220708446866498,-6.501862512698942,-0.7188459341675557,1.9361353711790392,0.0,0.25,0.25,5.537590904862147,-16.716003570904135,9.49529512403764,,3,586
research_oof,fold_3,mirror_spike_opposite_wing_rebound,2025-08-19,2025-08-19 04:15:00+00:00,NSE_FO|47231|21-08-2025,2025-08-21,CE,25000.0,46.7,20.66381156316916,20.563811563169157,19.66381156316916,10.199999999999996,0.20000000000000284,21.84154175588864,5,-13.863216266173751,-8.925143953934732,-4.938072312239019,2.3061555749781495,0.030340588220595217,0.0,0.0,5.259620787676157,-23.46876776361715,9.605551497443399,,2,585
research_oof,fold_3,mirror_spike_opposite_wing_rebound,2025-08-20,2025-08-20 04:44:00+00:00,NSE_FO|47249|21-08-2025,2025-08-21,PE,25050.0,101.05,-3.117268678871837,-3.217268678871837,-4.117268678871837,1.1500000000000057,5.700000000000003,1.1380504700643301,5,-5.391467416783868,0.5636449037106583,-5.955112320494527,2.0207779044723173,0.0,0.0,-0.75,4.008230359458048,-15.936921962238415,10.545454545454547,,1,614
research_oof,fold_3,mirror_spike_opposite_wing_rebound,2025-08-21,2025-08-21 05:32:00+00:00,NSE_FO|47248|21-08-2025,2025-08-21,CE,25050.0,82.85,-6.517803258901619,-6.617803258901619,-7.517803258901619,0.8500000000000085,7.6499999999999915,1.0259505129752668,5,-8.08416389811738,-6.025428413488121,-2.058735484629259,2.0228679042238364,0.0019691313057730833,0.0,0.0,2.093727216659854,-17.21658398944158,9.1324200913242,,0,662
research_oof,fold_3,mirror_spike_opposite_wing_rebound,2025-08-22,2025-08-22 04:47:00+00:00,NSE_FO|71976|28-08-2025,2025-08-28,CE,25050.0,76.05,-5.654174884944112,-5.754174884944112,-6.654174884944112,0.15000000000000568,6.049999999999997,0.1972386587771278,5,-10.277613703484946,-4.266826923076916,-6.010786780408029,2.5100531305344305,0.0,0.0,0.0,0.44170016105544135,-20.896506211628285,10.61889250814334,,6,617
research_oof,fold_3,mirror_spike_opposite_wing_rebound,2025-08-25,2025-08-25 06:15:00+00:00,NSE_FO|71991|28-08-2025,2025-08-28,PE,25150.0,187.85,7.000266169816347,6.900266169816347,6.000266169816347,16.599999999999994,0.4000000000000057,8.836837902581845,5,-8.302808302808307,-3.4225114485418096,-4.880296854266497,16.723214285714285,-0.02805575411007863,0.0,-0.125,5.5404807007138,-30.46080444924376,22.157996146435455,,3,705
research_oof,fold_3,mirror_spike_opposite_wing_rebound,2025-08-26,2025-08-26 05:32:00+00:00,NSE_FO|71975|28-08-2025,2025-08-28,PE,25000.0,205.75,3.1105710814094802,3.01057108140948,2.1105710814094802,7.400000000000006,4.449999999999989,3.5965978128797116,5,-9.444322424774876,-11.063829787234047,1.6195073624591707,2.029899252518687,0.0,0.0,0.0,5.181213141851926,-17.228753562499435,7.784431137724557,,2,662
research_oof,fold_3,mirror_spike_opposite_wing_rebound,2025-08-28,2025-08-28 04:50:00+00:00,NSE_FO|48939|02-09-2025,2025-09-02,CE,24700.0,75.1,7.789613848202409,7.689613848202409,6.789613848202409,5.8500000000000085,1.3499999999999943,7.789613848202409,5,-7.990165949600492,-5.955334987593053,-2.0348309620074385,1.8487825715506194,0.0,0.0,0.0,0.25048961660418556,-16.04732618067377,8.05716023107328,,5,620
research_oof,fold_3,mirror_spike_opposite_wing_rebound,2025-08-29,2025-08-29 05:10:00+00:00,NSE_FO|48936|02-09-2025,2025-09-02,PE,24600.0,102.75,3.3576642335766453,3.2576642335766453,2.3576642335766453,8.200000000000003,2.450000000000003,7.980535279805355,5,-9.227373068432676,-6.719022687609066,-2.50835038082361,2.5909838762750903,0.0,0.0,0.0,1.210686555078081,-19.83628706717716,10.608913998744484,,4,640
research_oof,fold_3,mirror_spike_opposite_wing_rebound,2025-09-01,2025-09-01 04:57:00+00:00,NSE_FO|48940|02-09-2025,2025-09-02,PE,24700.0,157.1,10.884786760025458,10.784786760025458,9.884786760025458,19.599999999999994,4.5,12.476129853596433,5,-10.722411831626866,-3.7358818418766426,-6.986529989750224,2.258949481431917,0.009318128300871262,0.0,0.0,3.0856718842005773,-25.2205530955674,14.498141263940534,,1,627
research_oof,fold_3,mirror_spike_opposite_wing_rebound,2025-09-02,2025-09-02 04:21:00+00:00,NSE_FO|48946|02-09-2025,2025-09-02,PE,24800.0,96.4,-8.091286307053954,-8.191286307053954,-9.091286307053954,0.75,11.400000000000006,0.7780082987551866,5,-13.903743315508033,-4.613978985838285,-9.289764329669747,1.8324716968784764,0.08928384370962673,0.0,0.0,2.878323615247041,-47.9173487576849,34.01360544217687,,0,591
research_oof,fold_3,mirror_spike_opposite_wing_rebound,2025-12-01,2025-12-01 05:02:00+00:00,NSE_FO|46817|02-12-2025,2025-12-02,PE,26350.0,92.6,6.425485961123114,6.325485961123114,5.425485961123114,9.0,2.8499999999999943,9.719222462203025,5,-8.992628992629005,-8.826382153249268,-0.1662468393797365,2.005434782608696,0.0,0.25,0.0,7.528841446176194,-18.93915305680012,9.946524064171115,-50.00000000000364,1,632
research_oof,fold_3,mirror_spike_opposite_wing_rebound,2025-12-02,2025-12-02 05:20:00+00:00,NSE_FO|46808|02-12-2025,2025-12-02,PE,26250.0,153.1,-0.32658393207054215,-0.4265839320705421,-1.3265839320705421,2.5500000000000114,8.650000000000006,1.6655780535597724,5,-10.103092783505163,-1.3803230543318668,-8.722769729173297,1.8194503171247358,0.0,0.125,-0.125,9.599249126190207,-24.103092783505176,14.000000000000012,,0,650
research_oof,fold_3,mirror_spike_opposite_wing_rebound,2025-12-03,2025-12-03 04:33:00+00:00,NSE_FO|41907|09-12-2025,2025-12-09,CE,26100.0,75.95,-1.2508229098090886,-1.3508229098090887,-2.250822909809089,1.0499999999999972,5.049999999999997,1.382488479262669,5,-11.473500291205585,-1.501501501501501,-9.971998789704084,3.1772374911909798,0.0,0.0,0.0,5.168972789353885,-20.367972653014633,8.894472361809047,,6,603
research_oof,fold_3,mirror_spike_opposite_wing_rebound,2025-12-04,2025-12-04 04:37:00+00:00,NSE_FO|41906|09-12-2025,2025-12-09,PE,26050.0,103.6,4.584942084942085,4.484942084942086,3.584942084942085,10.400000000000006,0.29999999999999716,10.038610038610045,5,-9.166666666666668,-3.038309114927351,-6.128357551739317,2.7941803587106486,0.03375051764597616,0.0,0.0,4.961834722688219,-16.708929345470313,7.542262678803646,,5,607
research_oof,fold_3,mirror_spike_opposite_wing_rebound,2025-12-05,2025-12-05 04:27:00+00:00,NSE_FO|41907|09-12-2025,2025-12-09,CE,26100.0,75.55,4.831237590999346,4.7312375909993465,3.831237590999346,3.75,4.3999999999999915,4.963600264725348,5,-16.68508287292817,-5.163511187607572,-11.521571685320598,2.544395302729907,0.0,0.0,0.0,1.888833026993147,-33.78853114879023,17.103448275862053,,4,597
research_oof,fold_3,mirror_spike_opposite_wing_rebound,2025-12-08,2025-12-08 04:17:00+00:00,NSE_FO|41907|09-12-2025,2025-12-09,CE,26100.0,85.3,-3.282532239155917,-3.382532239155917,-4.282532239155917,2.3500000000000085,6.6499999999999915,2.7549824150058715,5,-15.810276679841895,-3.0428055698813905,-12.767471109960503,1.8352984695057104,0.0,0.0,0.0,5.565767297384524,-36.705799067901594,20.895522388059696,,1,587
research_oof,fold_3,mirror_spike_opposite_wing_rebound,2025-12-09,2025-12-09 04:37:00+00:00,NSE_FO|41880|09-12-2025,2025-12-09,PE,25900.0,131.6,0.3799392097264438,0.2799392097264438,-0.6200607902735562,4.5,12.25,3.4194528875379944,5,-11.129848229342333,-13.589076723016912,2.45922849367458,1.786948063432176,0.0,0.0,0.0,3.218983005675312,-27.366010590965953,16.23616236162362,,0,607
research_oof,fold_3,mirror_spike_opposite_wing_rebound,2025-12-10,2025-12-10 05:17:00+00:00,NSE_FO|48212|16-12-2025,2025-12-16,CE,25800.0,202.9,-6.678166584524401,-6.778166584524401,-7.678166584524401,6.5,16.900000000000006,3.2035485460818136,5,-5.660377358490565,-2.3826374144845452,-3.2777399440060195,1.8298589176668771,0.0,0.0,0.0,3.11972473068645,-15.503777805917874,9.843400447427308,,6,647
research_oof,fold_3,mirror_spike_opposite_wing_rebound,2025-12-11,2025-12-11 04:34:00+00:00,NSE_FO|48211|16-12-2025,2025-12-16,PE,25750.0,104.9,-13.632030505243097,-13.732030505243097,-14.632030505243097,5.349999999999994,17.55000000000001,5.100095328884646,5,-13.993453355155495,-1.0780508840017244,-12.91540247115377,1.9068072866730585,-0.005274406115571143,0.0,-0.125,5.74634742959226,-26.20843706851055,12.214983713355053,,5,604
research_oof,fold_3,mirror_spike_opposite_wing_rebound,2025-12-12,2025-12-12 04:28:00+00:00,NSE_FO|48222|16-12-2025,2025-12-16,CE,25950.0,136.75,-1.4625228519195612,-1.5625228519195613,-2.4625228519195614,10.25,2.75,7.495429616087751,5,-6.925963834868654,0.16705646508519134,-7.093020299953845,3.810355135716848,0.03472420182440137,0.0,-0.6666667,2.4726320287615664,-15.081992203662974,8.15602836879432,,4,598
research_oof,fold_3,mirror_spike_opposite_wing_rebound,2025-12-15,2025-12-15 04:38:00+00:00,NSE_FO|48219|16-12-2025,2025-12-16,PE,25850.0,31.8,1.4150943396226392,1.315094339622639,0.4150943396226392,5.349999999999998,0.8000000000000007,16.823899371069174,5,-13.351498637602187,-0.7621951219512146,-12.589303515650972,1.8023704227843622,0.0,0.375,0.0,11.566620506661314,-22.53945136348856,9.187952725886372,-3.326903112938453,1,608
research_oof,fold_3,mirror_spike_opposite_wing_rebound,2025-12-16,2025-12-16 04:28:00+00:00,NSE_FO|48220|16-12-2025,2025-12-16,CE,25900.0,49.0,-19.285714285714292,-19.385714285714293,-20.285714285714292,1.75,10.399999999999999,3.571428571428571,5,-29.971387696709584,-13.59940872135994,-16.371978975349645,1.9929783045127,0.0,0.0,0.0,13.3465019348502,-85.15029541799018,55.1789077212806,,0,598
research_oof,fold_3,mirror_spike_opposite_wing_rebound,2025-12-17,2025-12-17 04:18:00+00:00,NSE_FO|56994|23-12-2025,2025-12-23,CE,25850.0,148.0,-1.7905405405405443,-1.8905405405405444,-2.7905405405405443,4.849999999999994,5.599999999999994,3.277027027027023,5,-9.957498482088633,-12.146327522149193,2.1888290400605594,1.9177330895795246,0.07005922146017181,0.0,0.0,3.4205187493447498,-23.03905294295344,13.081554460864808,,6,588
research_oof,fold_3,mirror_spike_opposite_wing_rebound,2025-12-18,2025-12-18 04:15:00+00:00,NSE_FO|57003|23-12-2025,2025-12-23,CE,25950.0,44.6,-2.4663677130044874,-2.5663677130044875,-3.4663677130044874,0.3500000000000014,3.3000000000000043,0.7847533632287027,5,-14.367816091954023,-15.719696969696962,1.3518808777429392,1.774855997996494,0.0,0.0,0.0,5.150955494957789,-24.649146015227686,10.281329923273663,,5,585
research_oof,fold_3,mirror_spike_opposite_wing_rebound,2025-12-19,2025-12-19 04:35:00+00:00,NSE_FO|57005|23-12-2025,2025-12-23,CE,26000.0,69.15,5.422993492407809,5.322993492407809,4.422993492407809,5.049999999999997,5.150000000000006,7.302964569775845,5,-13.345864661654128,-0.8951406649616356,-12.450723996692492,2.278711858375589,0.0,0.0,0.0,3.4989876847724046,-25.312101007235064,11.966236345580938,,4,605
research_oof,fold_4,mirror_spike_opposite_wing_rebound,2025-12-22,2025-12-22 07:16:00+00:00,NSE_FO|57005|23-12-2025,2025-12-23,CE,26000.0,148.25,1.0455311973018626,0.9455311973018626,0.045531197301862614,2.3499999999999943,3.25,1.5851602023608728,5,-4.902274911887217,-5.0540368722187035,0.1517619603314868,3.5933257918552037,0.0,0.0,0.0,1.6581840977183024,-15.516800051552027,10.61452513966481,,1,766
research_oof,fold_4,mirror_spike_opposite_wing_rebound,2025-12-23,2025-12-23 04:15:00+00:00,NSE_FO|57005|23-12-2025,2025-12-23,CE,26000.0,130.15,9.028044563964656,8.928044563964656,8.028044563964656,18.049999999999983,1.75,13.868613138686117,5,-11.05029079712624,-11.21816930488645,0.16787850776021074,1.8447276940903823,0.0,0.0,0.0,3.3892562667520463,-31.791031537866985,20.740740740740748,,0,585
research_oof,fold_4,mirror_spike_opposite_wing_rebound,2025-12-24,2025-12-24 04:43:00+00:00,NSE_FO|65647|30-12-2025,2025-12-30,PE,26250.0,91.95,-1.5769439912996224,-1.6769439912996225,-2.5769439912996224,1.3999999999999915,3.8500000000000085,1.5225666122892783,5,-10.235063663075405,-4.8186785891704,-5.416385073905005,1.7559474494022962,0.04584893597588821,0.0,-0.125,5.478909858738022,-21.79061921863097,11.555555555555564,,6,613
research_oof,fold_4,mirror_spike_opposite_wing_rebound,2025-12-26,2025-12-26 04:23:00+00:00,NSE_FO|65623|30-12-2025,2025-12-30,CE,26100.0,66.34,5.893880012059085,5.793880012059085,4.893880012059085,3.9099999999999966,0.0,5.893880012059085,5,-6.923076923076932,-6.596491228070178,-0.32658569500675405,1.86839908867384,0.0,0.0,0.0,0.6592441559670956,-15.090407600367785,8.167330677290852,,4,593
research_oof,fold_4,mirror_spike_opposite_wing_rebound,2025-12-29,2025-12-29 04:24:00+00:00,NSE_FO|65623|30-12-2025,2025-12-30,CE,26100.0,38.29,-27.918516583964475,-28.018516583964477,-28.918516583964475,0.0,11.189999999999998,0.0,5,-19.49420442571127,-10.36960985626284,-9.12459456944843,2.7360972203875984,0.0,0.0,0.0,2.6196819707682706,-38.60801850042891,19.113814074717638,,1,594
research_oof,fold_4,mirror_spike_opposite_wing_rebound,2025-12-30,2025-12-30 04:25:00+00:00,NSE_FO|65622|30-12-2025,2025-12-30,PE,26050.0,106.6,11.116322701688564,11.016322701688564,10.116322701688564,12.300000000000011,2.0,11.53846153846155,5,-27.26017943409248,-22.146507666098803,-5.113671767993676,1.9787115883006294,0.06330254561838251,0.125,0.0,16.898488734012357,-151.58450375841676,124.3243243243243,,0,595
research_oof,fold_4,mirror_spike_opposite_wing_rebound,2025-12-31,2025-12-31 05:01:00+00:00,NSE_FO|40460|06-01-2026,2026-01-06,PE,25900.0,38.0,-0.6578947368421052,-0.7578947368421052,-1.6578947368421053,0.3999999999999986,1.2100000000000009,1.0526315789473648,5,-12.48554913294797,-4.734411085450341,-7.751138047497629,3.239718495711458,0.0,0.25,0.25,8.359691477107228,-20.34269199009082,7.857142857142851,,6,631
research_oof,fold_4,mirror_spike_opposite_wing_rebound,2026-01-01,2026-01-01 04:28:00+00:00,NSE_FO|40469|06-01-2026,2026-01-06,CE,26050.0,165.9,2.6522001205545545,2.5522001205545544,1.6522001205545545,8.099999999999994,5.849999999999994,4.882459312839056,5,-12.761450886947312,-7.854751480813804,-4.906699406133508,2.435688700748942,-0.01428925415049145,0.0,0.0,4.447901247627338,-33.65906659522222,20.89761570827491,,5,598
research_oof,fold_4,mirror_spike_opposite_wing_rebound,2026-01-02,2026-01-02 09:03:00+00:00,NSE_FO|40469|06-01-2026,2026-01-06,CE,26050.0,263.2,-0.40273556231003127,-0.5027355623100312,-1.4027355623100313,1.6899999999999977,3.3999999999999773,0.6420972644376892,5,-4.905046120455781,-4.1666666666666625,-0.7383794537891184,2.6382978723404253,0.0,0.0,0.0,1.8438503624669063,-15.109127753108831,10.20408163265305,,4,873
research_oof,fold_4,mirror_spike_opposite_wing_rebound,2026-01-05,2026-01-05 05:53:00+00:00,NSE_FO|40469|06-01-2026,2026-01-06,CE,26050.0,280.75,1.4603739982190642,1.3603739982190641,0.4603739982190642,7.25,10.5,2.5823686553873553,5,-10.296661754340997,-3.347401655981186,-6.949260098359812,7.569620253164557,0.0,0.0,0.0,3.2633706028056513,-29.46332842100766,19.166666666666664,,1,683
research_oof,fold_4,mirror_spike_opposite_wing_rebound,2026-01-06,2026-01-06 05:07:00+00:00,NSE_FO|40469|06-01-2026,2026-01-06,CE,26050.0,157.4,4.224904701397716,4.124904701397717,3.2249047013977163,9.75,5.960000000000008,6.1944091486658195,5,-12.663731425426528,-2.8081999438359984,-9.85553148159053,2.489091831557585,-0.011371301917702612,0.0,0.0,4.247604444873081,-49.96102872272382,37.29729729729729,,0,637
research_oof,fold_4,mirror_spike_opposite_wing_rebound,2026-01-07,2026-01-07 04:27:00+00:00,NSE_FO|46197|13-01-2026,2026-01-13,PE,26250.0,156.19,-4.53934310775338,-4.63934310775338,-5.53934310775338,1.460000000000008,10.939999999999998,0.9347589474358206,5,-11.111111111111116,-0.7144983626079071,-10.396612748503209,3.5896670150813796,0.0,0.0,0.0,5.866462861313615,-24.22005708099597,13.108945969884855,,6,597
research_oof,fold_4,mirror_spike_opposite_wing_rebound,2026-01-08,2026-01-08 04:24:00+00:00,NSE_FO|46192|13-01-2026,2026-01-13,PE,26150.0,107.45,5.351326198231736,5.2513261982317365,4.351326198231736,8.549999999999997,1.4000000000000057,7.957189390414143,5,-8.290378006872857,-6.145022531749278,-2.145355475123578,1.9195315451454478,0.0,0.2857143,0.14285715,6.928436058770465,-16.970173776384158,8.679795769511301,3.637978807091713e-12,5,594
research_oof,fold_4,mirror_spike_opposite_wing_rebound,2026-01-09,2026-01-09 04:15:00+00:00,NSE_FO|46197|13-01-2026,2026-01-13,PE,26250.0,363.85,0.7145801841418072,0.6145801841418073,-0.28541981585819276,2.599999999999966,41.5,0.7145801841418072,5,-6.419657789785149,-11.019867549668882,4.600209759883733,2.6,0.0,0.0,-0.2857143,3.37062357075659,-23.48972148405266,17.07006369426751,,4,585
research_oof,fold_4,mirror_spike_opposite_wing_rebound,2026-01-12,2026-01-12 06:44:00+00:00,NSE_FO|46180|13-01-2026,2026-01-13,PE,26050.0,452.1,-3.8265870382658727,-3.9265870382658727,-4.826587038265872,22.799999999999955,34.75,5.04313205043131,5,-13.418105902448286,-2.708153269951019,-10.709952632497266,7.076923076923077,-0.0005173305742369374,0.0,0.0,2.3930810236216513,-29.620637548017903,16.202531645569618,,1,734
research_oof,fold_4,mirror_spike_opposite_wing_rebound,2026-01-13,2026-01-13 04:16:00+00:00,NSE_FO|46180|13-01-2026,2026-01-13,PE,26050.0,271.6,4.565537555228269,4.465537555228269,3.5655375552282687,54.14999999999998,3.1000000000000227,19.93740795287186,5,-16.958358479179235,-10.19485580670304,-6.763502672476195,2.1502145922746783,0.0022678593927176515,0.0,0.0,3.034863642183434,-31.958358479179225,14.999999999999991,,0,586
research_oof,fold_4,mirror_spike_opposite_wing_rebound,2026-01-14,2026-01-14 04:18:00+00:00,NSE_FO|47601|20-01-2026,2026-01-20,CE,25550.0,234.0,10.769230769230765,10.669230769230765,9.769230769230765,26.100000000000023,0.4000000000000057,11.153846153846164,5,-8.96957801766437,-10.436614324013792,1.4670363063494225,2.086206896551724,0.0,0.0,0.0,1.1530807455442007,-23.13233232126376,14.162754303599389,,6,588
research_oof,fold_4,mirror_spike_opposite_wing_rebound,2026-01-16,2026-01-16 04:41:00+00:00,NSE_FO|47616|20-01-2026,2026-01-20,PE,25750.0,77.15,-14.906027219701878,-15.006027219701878,-15.906027219701878,1.0499999999999972,12.0,1.3609850939727766,5,-6.344410876132933,-6.763678696158326,0.419267820025393,2.0696248292852744,0.0,0.2857143,0.0,4.812968494309708,-16.27844269607861,9.934031819945677,-8.425493372971687,4,611
research_oof,fold_4,mirror_spike_opposite_wing_rebound,2026-01-19,2026-01-19 04:30:00+00:00,NSE_FO|47601|20-01-2026,2026-01-20,CE,25550.0,69.34,-2.523795788866455,-2.623795788866455,-3.523795788866455,2.25,3.3400000000000034,3.244880299971156,5,-18.09133489461359,0.12730744748568057,-18.21864234209927,2.571065120602769,0.0,0.0,-0.6,0.9253929589961958,-46.053717339754655,27.962382445141067,,1,600
research_oof,fold_4,mirror_spike_opposite_wing_rebound,2026-01-20,2026-01-20 05:07:00+00:00,NSE_FO|47602|20-01-2026,2026-01-20,PE,25550.0,80.2,1.5586034912718203,1.4586034912718202,0.5586034912718203,4.799999999999997,7.799999999999997,5.985037406483787,5,-12.390829694323136,-1.819126819126815,-10.571702875196321,2.567347450194211,0.05094316398436779,0.0,0.0,6.108150177655324,-25.81495420794181,13.424124513618674,,0,637
research_oof,fold_4,mirror_spike_opposite_wing_rebound,2026-01-21,2026-01-21 04:29:00+00:00,NSE_FO|58667|27-01-2026,2026-01-27,CE,25150.0,178.7,2.462227196418582,2.3622271964185817,1.4622271964185818,8.150000000000006,5.199999999999989,4.560716284275325,5,-8.314087759815237,-5.059149257488049,-3.254938502327188,2.0764062200038396,0.0,0.0,0.0,0.8521149032625103,-18.569369449956085,10.25528169014085,,6,599
research_oof,fold_4,mirror_spike_opposite_wing_rebound,2026-01-22,2026-01-22 04:49:00+00:00,NSE_FO|58689|27-01-2026,2026-01-27,CE,25200.0,245.95,2.1955682049197014,2.0955682049197013,1.1955682049197014,14.050000000000011,9.549999999999983,5.71254319983737,5,-10.36563071297989,-6.944201504285474,-3.4214292086944154,2.1038348082595872,0.008864997406516716,0.0,0.0,1.0229968601950699,-26.577508722610734,16.211878009630844,,5,619
research_oof,fold_4,mirror_spike_opposite_wing_rebound,2026-01-23,2026-01-23 04:15:00+00:00,NSE_FO|58693|27-01-2026,2026-01-27,CE,25250.0,147.0,11.122448979591832,11.022448979591832,10.122448979591832,26.75,1.0500000000000114,18.197278911564627,5,-9.815950920245397,-7.149213883120742,-2.666737037124655,1.8820391586349032,0.017585542775887825,0.0,0.0,1.4769365955860787,-26.287228763152783,16.471277842907384,,4,585
research_oof,fold_4,mirror_spike_opposite_wing_rebound,2026-01-27,2026-01-27 04:15:00+00:00,NSE_FO|58675|27-01-2026,2026-01-27,PE,25150.0,76.85,-0.9759271307742355,-1.0759271307742355,-1.9759271307742354,12.600000000000009,9.549999999999997,16.39557579700717,5,-30.890287769784173,-33.20105820105821,2.3107704312740367,7.096799683919399,0.5272220363555258,0.375,0.375,19.190705074038608,-70.35417459033516,39.463886820551,,0,585
research_oof,fold_4,mirror_spike_opposite_wing_rebound,2026-01-28,2026-01-28 04:38:00+00:00,NSE_FO|49799|03-02-2026,2026-02-03,CE,25350.0,197.5,-1.341772151898737,-1.4417721518987372,-2.341772151898737,8.300000000000011,5.5,4.202531645569626,5,-8.570108570108559,-5.4254840162089035,-3.1446245538996553,2.7291785348068816,0.0,0.0,0.0,0.6518785516576323,-19.108317280051047,10.538208709942488,,6,608
research_oof,fold_4,mirror_spike_opposite_wing_rebound,2026-01-29,2026-01-29 04:23:00+00:00,NSE_FO|49799|03-02-2026,2026-02-03,CE,25350.0,144.9,-2.7260179434092593,-2.8260179434092594,-3.7260179434092593,0.04999999999998295,10.400000000000006,0.03450655624567491,5,-7.721761327377152,-4.472329472329484,-3.2494318550476677,1.8386081193040598,0.0,0.0,0.0,0.2809714110446107,-16.285792396885224,8.564031069508072,,5,593
research_oof,fold_4,mirror_spike_opposite_wing_rebound,2026-01-30,2026-01-30 05:39:00+00:00,NSE_FO|49789|03-02-2026,2026-02-03,CE,25150.0,271.6,-3.2400589101620065,-3.3400589101620066,-4.2400589101620065,1.5,13.300000000000011,0.5522827687776141,5,-6.804123711340216,-4.6224961479198745,-2.1816275634203413,3.0225563909774436,0.0,0.0,0.0,0.18005133414949198,-21.09547783688305,14.291354125542831,,4,669
research_oof,fold_4,mirror_spike_opposite_wing_rebound,2026-02-01,2026-02-01 04:15:00+00:00,NSE_FO|49800|03-02-2026,2026-02-03,PE,25350.0,199.05,7.510675709620693,7.410675709620693,6.510675709620693,27.19999999999999,2.0500000000000114,13.66490831449384,5,-7.676252319109455,-7.328990228013033,-0.3472620910964226,2.491348402182385,0.0,0.0,0.0,0.6549109558645151,-15.141387675959328,7.465135356849872,,2,585
research_oof,fold_4,mirror_spike_opposite_wing_rebound,2026-02-02,2026-02-02 04:25:00+00:00,NSE_FO|49790|03-02-2026,2026-02-03,PE,25150.0,287.55,20.91810119979133,20.81810119979133,19.91810119979133,71.80000000000001,4.400000000000034,24.969570509476615,5,-13.897596656217349,-11.925891328039839,-1.97170532817751,5.982942430703624,0.041274044077564055,0.0,0.0,4.305982407475219,-23.27259665621735,9.375,,1,595
research_oof,fold_4,mirror_spike_opposite_wing_rebound,2026-02-03,2026-02-03 04:35:00+00:00,NSE_FO|49793|03-02-2026,2026-02-03,CE,25250.0,424.6,1.3188883655204817,1.2188883655204816,0.3188883655204817,20.399999999999977,35.450000000000045,4.804521902967493,5,-9.968085106382985,-1.5537805011489159,-8.414304605234069,1.8012422360248448,0.0,0.0,0.0,5.013057696329009,-39.498286448664864,29.53020134228188,,0,605
research_oof,fold_4,mirror_spike_opposite_wing_rebound,2026-02-04,2026-02-04 04:23:00+00:00,NSE_FO|42530|10-02-2026,2026-02-10,CE,25700.0,210.25,7.395957193816891,7.295957193816891,6.395957193816891,16.55000000000001,2.25,7.871581450653989,5,-10.264618011096893,-4.307954787801238,-5.956663223295655,1.9062638335546702,0.0,0.0,0.0,5.043933212197653,-19.818758138485425,9.554140127388532,,6,593
research_oof,fold_4,mirror_spike_opposite_wing_rebound,2026-02-05,2026-02-05 04:15:00+00:00,NSE_FO|42528|10-02-2026,2026-02-10,CE,25650.0,151.85,2.502469542311499,2.402469542311499,1.5024695423114989,5.75,3.4000000000000057,3.786631544287126,5,-8.954776879305172,-9.636098981077158,0.6813221017719862,2.717422532320952,0.342456090851379,0.0,0.0,4.357373780487103,-23.22919364482514,14.27441676551997,,5,585
research_oof,fold_4,mirror_spike_opposite_wing_rebound,2026-02-06,2026-02-06 04:33:00+00:00,NSE_FO|42526|10-02-2026,2026-02-10,CE,25600.0,87.1,2.640642939150415,2.540642939150415,1.640642939150415,7.450000000000003,4.199999999999989,8.55338691159587,5,-10.946291560102306,-6.856272219400705,-4.090019340701601,1.9405600676385437,0.0,0.0,0.0,0.42289037465832396,-18.433692568021687,7.487401007919381,,4,603
research_oof,fold_4,mirror_spike_opposite_wing_rebound,2026-02-09,2026-02-09 04:30:00+00:00,NSE_FO|42537|10-02-2026,2026-02-10,PE,25800.0,64.65,-4.872389791183303,-4.972389791183303,-5.872389791183303,1.75,4.650000000000006,2.7068832173240525,5,-11.134020618556695,-4.725503822098687,-6.4085167964580085,1.8093750554658241,0.0,0.125,-0.25,7.197500200920362,-19.79751771311559,8.663497094558892,50.94569411013799,1,600
research_oof,fold_4,mirror_spike_opposite_wing_rebound,2026-02-10,2026-02-10 06:07:00+00:00,NSE_FO|42536|10-02-2026,2026-02-10,CE,25800.0,147.5,1.8305084745762634,1.7305084745762633,0.8305084745762634,7.75,0.25,5.2542372881355925,5,-6.639266519127407,-2.208706786171566,-4.430559732955841,2.789144050104384,0.0457857693551195,0.0,0.0,2.238132101890506,-22.6392665191274,15.999999999999993,,0,697
research_oof,fold_4,mirror_spike_opposite_wing_rebound,2026-02-11,2026-02-11 04:30:00+00:00,NSE_FO|48240|17-02-2026,2026-02-17,CE,26100.0,69.3,-3.4632034632034507,-3.563203463203451,-4.463203463203451,1.2000000000000028,4.5,1.7316017316017358,5,-8.695652173913048,-3.8943894389439015,-4.801262734969146,2.660287081339713,0.0,0.0,0.0,3.238323110639515,-16.926544744730798,8.23089257081775,,6,600
research_oof,fold_4,mirror_spike_opposite_wing_rebound,2026-02-12,2026-02-12 04:43:00+00:00,NSE_FO|48233|17-02-2026,2026-02-17,PE,25900.0,106.55,1.4547160957297018,1.3547160957297018,0.45471609572970184,5.3500000000000085,2.3999999999999915,5.021116846550923,5,-12.243221035332786,-7.531380753138073,-4.7118402821947125,1.9659518434913468,-0.010394363202891287,0.125,-0.125,5.99891868811551,-23.194658101735165,10.95143706640238,,5,613
research_oof,fold_4,mirror_spike_opposite_wing_rebound,2026-02-13,2026-02-13 06:57:00+00:00,NSE_FO|48233|17-02-2026,2026-02-17,PE,25900.0,305.1,3.9003605375286714,3.8003605375286713,2.9003605375286714,19.099999999999966,0.0,6.260242543428372,5,-7.38601823708207,-2.756740381702516,-4.629277855379554,4.572052401746725,0.0,0.375,0.25,5.565127252481355,-17.89883874990259,10.51282051282052,-7.594826476462913,4,747
research_oof,fold_4,mirror_spike_opposite_wing_rebound,2026-02-16,2026-02-16 04:31:00+00:00,NSE_FO|48235|17-02-2026,2026-02-17,PE,25950.0,444.45,-4.016199797502524,-4.1161997975025235,-5.016199797502524,0.0,26.80000000000001,0.0,5,-7.062885842837707,-3.6608457816116213,-3.4020400612260855,2.3333333333333335,-0.0005916459590580997,0.375,0.0,9.883359707153733,-15.211033990985856,8.148148148148149,-14.542731168898172,1,601
research_oof,fold_4,mirror_spike_opposite_wing_rebound,2026-02-17,2026-02-17 04:15:00+00:00,NSE_FO|48233|17-02-2026,2026-02-17,PE,25900.0,258.45,1.3929193267556677,1.2929193267556676,0.39291932675566765,14.150000000000034,7.549999999999983,5.474946798220172,5,-14.631718646317172,-12.185654008438828,-2.4460646378783437,1.8570281124497992,0.0,0.0,0.0,5.723741564758424,-67.1740915276731,52.542372881355924,,0,585
research_oof,fold_4,mirror_spike_opposite_wing_rebound,2026-02-18,2026-02-18 04:25:00+00:00,NSE_FO|64858|24-02-2026,2026-02-24,CE,25650.0,163.75,-4.793893129770989,-4.893893129770989,-5.793893129770989,2.9499999999999886,10.099999999999994,1.8015267175572451,5,-11.285946825827464,-4.9945711183496115,-6.291375707477853,2.543766578249337,0.012495803648028648,0.0,0.0,4.883055433460219,-35.294085177811205,24.008138351983742,,6,595
research_oof,fold_4,mirror_spike_opposite_wing_rebound,2026-02-19,2026-02-19 04:44:00+00:00,NSE_FO|64858|24-02-2026,2026-02-24,CE,25650.0,193.3,-0.28453181583032144,-0.3845318158303215,-1.2845318158303214,5.699999999999989,5.300000000000011,2.948784273150537,5,-7.233838019706806,-5.885144755576643,-1.348693264130163,2.858373721055466,0.0,0.0,0.0,0.32114961139990855,-24.654149361441412,17.420311341734607,,5,614
research_oof,fold_4,mirror_spike_opposite_wing_rebound,2026-02-20,2026-02-20 04:16:00+00:00,NSE_FO|64859|24-02-2026,2026-02-24,PE,25650.0,218.05,-11.92387067186425,-12.02387067186425,-12.92387067186425,1.1999999999999886,27.5,0.5503324925475755,5,-9.098497495826374,-8.286014721345946,-0.8124827744804275,3.226525198938992,0.026332115530433582,0.25,-0.125,5.056564851418969,-24.10298985880931,15.004492362982935,-9.69396076628982,4,586
research_oof,fold_4,mirror_spike_opposite_wing_rebound,2026-02-23,2026-02-23 04:23:00+00:00,NSE_FO|64864|24-02-2026,2026-02-24,CE,25800.0,67.05,7.457121551081284,7.357121551081284,6.457121551081284,10.75,2.3999999999999915,16.03281133482476,5,-17.466174661746624,-2.9299363057324834,-14.536238356014142,1.944219580065773,0.0,0.0,0.0,7.943906309116999,-34.01705328863669,16.550878626890064,,1,593
research_oof,fold_1,opposite_wing_capitulation_rebound,2025-03-21,2025-03-21 04:58:00+00:00,NSE_FO|48350|27-03-2025,2025-03-27,PE,23150.0,69.3,-3.0303030303030223,-3.1303030303030224,-4.030303030303022,0.29000000000000625,3.5,0.41847041847042754,5,-9.910494227526268,-10.444993819530291,0.534499592004023,3.5467026783704703,0.0,0.0,0.0,0.20237438356131876,-19.576191901944874,9.665697674418606,,6,628
research_oof,fold_1,opposite_wing_capitulation_rebound,2025-03-24,2025-03-24 05:33:00+00:00,NSE_FO|49835|27-03-2025,2025-03-27,PE,23250.0,32.95,-0.9104704097116972,-1.0104704097116972,-1.9104704097116971,2.049999999999997,1.6500000000000021,6.221547799696501,5,-12.807621063773478,0.40816326530612734,-13.215784329079606,2.817994222038795,0.0,0.0,-0.6,0.5701332402813338,-17.0273287488277,4.219707685054219,,3,663
research_oof,fold_1,opposite_wing_capitulation_rebound,2025-03-25,2025-03-25 05:27:00+00:00,NSE_FO|49834|27-03-2025,2025-03-27,CE,23250.0,459.25,9.384866630375617,9.284866630375618,8.384866630375617,53.039999999999964,2.9499999999999886,11.549265106151326,5,-9.631836970104768,-10.395532805956265,0.7636958358514967,8.545454545454545,-0.0017187342028106359,0.0,0.0,0.9482510474540482,-45.475210464080675,35.8433734939759,,2,657
research_oof,fold_1,opposite_wing_capitulation_rebound,2025-03-26,2025-03-26 05:34:00+00:00,NSE_FO|49834|27-03-2025,2025-03-27,CE,23250.0,419.45,1.3350816545476274,1.2350816545476273,0.3350816545476274,13.550000000000011,1.1499999999999773,3.2304207891286234,5,-9.818979703784969,-6.969630762508183,-2.8493489412767854,10.0,0.0,0.0,0.0,1.8697077000949585,-44.778329297280905,34.959349593495936,,1,664
research_oof,fold_1,opposite_wing_capitulation_rebound,2025-03-28,2025-03-28 05:00:00+00:00,NSE_FO|54754|03-04-2025,2025-04-03,PE,23650.0,160.5,-12.965732087227416,-13.065732087227415,-13.965732087227416,2.4399999999999977,29.400000000000006,1.5202492211837992,5,-13.439697133585716,-10.016198704103662,-3.423498429482054,2.8115615615615615,-0.01968633472252687,0.375,0.0,11.630421212509628,-32.52899863668032,19.089301503094603,38.326275025534414,6,630
research_oof,fold_1,opposite_wing_capitulation_rebound,2025-04-01,2025-04-01 04:53:00+00:00,NSE_FO|54712|03-04-2025,2025-04-03,CE,23500.0,65.5,-27.480916030534353,-27.580916030534354,-28.480916030534353,0.0,19.1,0.0,5,-32.31950844854071,-11.66317991631798,-20.65632853222273,3.0572710247811505,0.0,0.0,0.0,1.6659790129125096,-76.02811772006389,43.70860927152318,,2,623
research_oof,fold_1,opposite_wing_capitulation_rebound,2025-04-02,2025-04-02 04:26:00+00:00,NSE_FO|54752|03-04-2025,2025-04-03,PE,23600.0,333.9,3.5938903863432166,3.4938903863432165,2.5938903863432166,37.400000000000034,0.0,11.200958370769703,5,-16.293329996245788,-4.181585677749366,-12.111744318496422,2.8317214700193425,0.0,0.0,-0.25,8.232010959765795,-53.74013850688407,37.446808510638284,,1,596
research_oof,fold_1,opposite_wing_capitulation_rebound,2025-04-03,2025-04-03 04:37:00+00:00,NSE_FO|43888|09-04-2025,2025-04-09,PE,23050.0,82.0,-0.8048780487804836,-0.9048780487804836,-1.8048780487804836,1.1500000000000057,1.7999999999999972,1.402439024390251,5,-9.801762114537437,-10.954446854663779,1.1526847401263414,3.3986486486486487,0.0,0.0,0.0,0.9688421173339931,-17.013432910023273,7.211670795485836,,6,607
research_oof,fold_1,opposite_wing_capitulation_rebound,2025-04-04,2025-04-04 07:44:00+00:00,NSE_FO|43896|09-04-2025,2025-04-09,CE,23200.0,32.0,4.531250000000009,4.431250000000009,3.531250000000009,1.9500000000000028,0.05000000000000071,6.093750000000009,5,-14.552736982643532,-10.358565737051794,-4.194171245591738,3.219718309859155,0.0,0.0,0.0,0.31117006742498965,-24.352450859610627,9.799713876967097,,5,794
research_oof,fold_1,opposite_wing_capitulation_rebound,2025-04-08,2025-04-08 07:02:00+00:00,NSE_FO|43893|09-04-2025,2025-04-09,PE,23100.0,467.45,-3.508396619959349,-3.608396619959349,-4.508396619959349,6.900000000000034,22.44999999999999,1.476093699860955,5,-14.32602166196415,-10.099099099099096,-4.226922562865054,4.883720930232558,0.0,0.0,0.0,1.6911408806466672,-39.12386532773233,24.797843665768184,,1,752
research_oof,fold_1,opposite_wing_capitulation_rebound,2025-04-11,2025-04-11 05:06:00+00:00,NSE_FO|48188|17-04-2025,2025-04-17,CE,22700.0,287.8,-2.1542738012508647,-2.2542738012508647,-3.1542738012508647,0.0,17.600000000000023,0.0,5,-11.84711435967718,-5.603644646924821,-6.243469712752359,3.408906882591093,0.009464464170242784,0.0,0.0,0.6875593625131156,-30.099891303537873,18.252776943860695,,6,636
research_oof,fold_1,opposite_wing_capitulation_rebound,2025-04-21,2025-04-21 06:48:00+00:00,NSE_FO|79528|24-04-2025,2025-04-24,PE,23950.0,57.6,-1.041666666666669,-1.141666666666669,-2.0416666666666687,1.25,1.8999999999999986,2.170138888888889,5,-12.191358024691358,-9.118086696562045,-3.0732713281293123,2.899349023535303,0.0,0.375,0.0,7.668564519723712,-17.166967780788923,4.975609756097565,16.10600091730157,3,738
research_oof,fold_1,opposite_wing_capitulation_rebound,2025-04-22,2025-04-22 09:17:00+00:00,NSE_FO|79537|24-04-2025,2025-04-24,CE,24050.0,154.85,7.717145624798204,7.617145624798204,6.717145624798204,11.950000000000017,6.349999999999994,7.717145624798204,5,-10.817031070195638,-5.300655457395265,-5.516375612800373,5.643625192012289,0.0,0.0,0.0,4.639385755164126,-32.910054326009586,22.093023255813947,,2,887
research_oof,fold_1,opposite_wing_capitulation_rebound,2025-04-23,2025-04-23 04:34:00+00:00,NSE_FO|79537|24-04-2025,2025-04-24,CE,24050.0,242.8,-13.261943986820434,-13.361943986820433,-14.261943986820434,0.0,39.95000000000002,0.0,5,-9.3796992481203,-2.8544423440453714,-6.525256904074928,3.3333333333333335,0.0,0.0,0.0,1.4802512053259838,-34.226325014991474,24.846625766871178,,1,604
research_oof,fold_1,opposite_wing_capitulation_rebound,2025-04-24,2025-04-24 04:55:00+00:00,NSE_FO|51989|30-04-2025,2025-04-30,PE,24200.0,125.45,8.848146671980874,8.748146671980875,7.848146671980874,11.549999999999997,0.0,9.206855320844957,5,-9.974883387154643,-1.3417815877748818,-8.63310179937976,6.045207956600362,0.0,0.25,0.0,6.477327960785231,-16.927264339535597,6.952380952380954,0.7169072189572034,6,625
research_oof,fold_1,opposite_wing_capitulation_rebound,2025-04-25,2025-04-25 05:49:00+00:00,NSE_FO|51994|30-04-2025,2025-04-30,CE,24300.0,54.05,-4.347826086956511,-4.4478260869565105,-5.347826086956511,1.3000000000000043,6.349999999999994,2.4051803885291476,5,-12.944983818770229,-11.816720257234724,-1.1282635615355048,2.8837883546750422,0.0,0.0,0.0,0.4919500540914266,-19.226607908613502,6.281624089843274,,5,679
research_oof,fold_1,opposite_wing_capitulation_rebound,2025-04-28,2025-04-28 04:35:00+00:00,NSE_FO|51993|30-04-2025,2025-04-30,PE,24250.0,111.55,-8.068130883012103,-8.168130883012102,-9.068130883012103,3.200000000000003,12.149999999999991,2.8686687584043056,5,-13.806372171771585,-2.408211606790378,-11.398160564981207,3.0546486870120653,0.0,0.25,0.25,9.665193609225483,-27.33294222008078,13.526570048309194,,2,605
research_oof,fold_1,opposite_wing_capitulation_rebound,2025-04-29,2025-04-29 06:24:00+00:00,NSE_FO|52002|30-04-2025,2025-04-30,CE,24400.0,37.0,-8.378378378378383,-8.478378378378382,-9.378378378378383,1.3999999999999986,3.25,3.7837837837837798,5,-12.36494597839135,-5.421686746987953,-6.943259231403398,2.7665460394049055,-0.019274205059741218,0.0,0.0,1.870646175335391,-22.848816946133297,10.483870967741948,,1,714
research_oof,fold_1,opposite_wing_capitulation_rebound,2025-04-30,2025-04-30 05:01:00+00:00,NSE_FO|51994|30-04-2025,2025-04-30,CE,24300.0,30.15,-20.066334991708118,-20.16633499170812,-21.066334991708118,3.1000000000000014,7.0,10.28192371475954,5,-46.364414029084685,-40.27993779160186,-6.084476237482825,4.133019715831947,0.0,0.0,0.0,8.77315458016077,-151.94580937792193,105.58139534883723,,0,631
research_oof,fold_1,opposite_wing_capitulation_rebound,2025-05-02,2025-05-02 05:00:00+00:00,NSE_FO|38606|08-05-2025,2025-05-08,CE,24400.0,274.85,-5.512097507731502,-5.612097507731502,-6.512097507731502,10.149999999999977,16.150000000000034,3.692923412770593,5,-12.042465536365077,-8.800533943554534,-3.241931592810543,3.89859363434493,0.0012701949860724235,0.0,0.0,1.0731923575831934,-26.974783641272015,14.932318104906939,,6,630
research_oof,fold_1,opposite_wing_capitulation_rebound,2025-05-05,2025-05-05 05:26:00+00:00,NSE_FO|38606|08-05-2025,2025-05-08,CE,24400.0,172.65,1.4190558934259998,1.3190558934259997,0.4190558934259998,5.849999999999994,3.0500000000000114,3.3883579496090324,5,-15.631115459882594,-13.51087222086489,-2.1202432390177037,3.0004070004070003,0.0,0.0,0.0,1.9249359802622277,-31.24673107549819,15.615615615615596,,3,656
research_oof,fold_1,opposite_wing_capitulation_rebound,2025-05-06,2025-05-06 04:23:00+00:00,NSE_FO|38600|08-05-2025,2025-05-08,CE,24250.0,204.3,-5.237395986294673,-5.3373959862946725,-6.237395986294673,3.8499999999999943,11.300000000000011,1.8844836025452738,5,-12.263950774453637,-8.075857660345198,-4.1880931141084385,3.793846153846154,0.0,0.0,0.0,3.1934983593007487,-34.341872852375715,22.077922077922075,,2,593
research_oof,fold_1,opposite_wing_capitulation_rebound,2025-05-07,2025-05-07 04:53:00+00:00,NSE_FO|38603|08-05-2025,2025-05-08,PE,24300.0,67.9,-5.375552282768785,-5.475552282768785,-6.375552282768785,0.0,15.550000000000004,0.0,5,-15.927318295739346,5.293367346938771,-21.220685642678117,3.0629812438302073,0.0,0.0,-0.625,5.329310115637961,-28.749367426955644,12.822049131216296,,1,623
research_oof,fold_1,opposite_wing_capitulation_rebound,2025-05-08,2025-05-08 07:47:00+00:00,NSE_FO|38604|08-05-2025,2025-05-08,CE,24350.0,39.95,2.377972465581967,2.277972465581967,1.377972465581967,3.0,1.1000000000000014,7.50938673341677,5,-9.920182440136838,-9.100418410041833,-0.8197640300950049,5.026147015293537,0.0,0.0,0.0,6.402415673779722,-20.237642757597165,10.317460317460325,,0,797
research_oof,fold_1,opposite_wing_capitulation_rebound,2025-05-09,2025-05-09 05:59:00+00:00,NSE_FO|46251|15-05-2025,2025-05-15,PE,24050.0,228.0,0.7675438596491228,0.6675438596491228,-0.23245614035087725,6.099999999999994,8.699999999999989,2.6754385964912255,5,-10.7421875,-8.980866848887159,-1.7613206511128414,3.1066225165562913,0.0,0.0,0.0,3.1840304372688313,-33.52379669540231,22.781609195402307,,6,689
research_oof,fold_1,opposite_wing_capitulation_rebound,2025-05-12,2025-05-12 07:01:00+00:00,NSE_FO|46251|15-05-2025,2025-05-15,PE,24050.0,30.2,2.814569536423846,2.714569536423846,1.8145695364238459,1.4000000000000021,0.25,4.63576158940398,5,-11.225997045790248,-13.283582089552237,2.057585043761989,4.27456647398844,0.0,0.25,0.25,6.195580480125181,-22.497630956027848,11.2716339102376,,3,751
research_oof,fold_1,opposite_wing_capitulation_rebound,2025-05-14,2025-05-14 07:20:00+00:00,NSE_FO|46248|15-05-2025,2025-05-15,CE,24050.0,487.2,0.5747126436781632,0.47471264367816324,-0.4252873563218368,15.550000000000011,24.75,3.191707717569789,5,-11.847672778561357,-5.405890160347237,-6.44178261821412,14.181818181818182,0.0,0.0,-0.2,5.908770154682803,-55.28201621290478,43.434343434343425,,1,770
research_oof,fold_1,opposite_wing_capitulation_rebound,2025-05-15,2025-05-15 04:15:00+00:00,NSE_FO|46248|15-05-2025,2025-05-15,CE,24050.0,431.6,8.966635773864686,8.866635773864687,7.966635773864686,55.799999999999955,12.5,12.928637627432796,5,-13.052168698780731,-4.555444555444554,-8.496724143336177,6.4,-0.00029291154071470416,0.0,0.0,4.071039605329467,-75.12113421602213,62.068965517241395,,0,585
research_oof,fold_1,opposite_wing_capitulation_rebound,2025-05-16,2025-05-16 06:02:00+00:00,NSE_FO|49237|22-05-2025,2025-05-22,PE,24950.0,155.6,0.28920308483291585,0.18920308483291584,-0.7107969151670841,4.840000000000003,2.5999999999999943,3.1105398457583573,5,-10.999999999999998,-3.1457431457431406,-7.854256854256858,3.440966842268361,0.0,0.375,0.375,7.159478899221769,-21.339506172839492,10.339506172839496,,6,692
research_oof,fold_1,opposite_wing_capitulation_rebound,2025-05-20,2025-05-20 05:06:00+00:00,NSE_FO|49237|22-05-2025,2025-05-22,PE,24950.0,132.0,2.727272727272723,2.627272727272723,1.727272727272723,6.849999999999994,2.0,5.189393939393935,5,-13.995760806731317,-6.3251106894370634,-7.670650117294254,3.927090453406243,-0.024209110578328752,0.0,0.0,6.33775128677279,-25.33642014739067,11.340659340659354,,2,636
research_oof,fold_1,opposite_wing_capitulation_rebound,2025-05-21,2025-05-21 04:46:00+00:00,NSE_FO|49263|22-05-2025,2025-05-22,PE,25150.0,280.25,-0.10704727921499067,-0.20704727921499066,-1.1070472792149906,8.199999999999989,8.899999999999977,2.9259589652096305,5,-10.71428571428571,-1.9814844891992922,-8.732801225086417,5.219047619047619,0.0,0.375,0.375,14.45996634924302,-46.84873949579832,36.13445378151261,,1,616
research_oof,fold_1,opposite_wing_capitulation_rebound,2025-05-22,2025-05-22 09:10:00+00:00,NSE_FO|49237|22-05-2025,2025-05-22,PE,24950.0,401.3,4.859207575380014,4.759207575380015,3.8592075753800144,34.64999999999998,22.650000000000034,8.634438076252174,5,-18.270528391985884,-4.117156556180945,-14.15337183580494,9.9375,-0.011681728014106238,0.125,0.0,22.649121761498048,-211.60386172531926,193.33333333333337,100.0,0,880
research_oof,fold_1,opposite_wing_capitulation_rebound,2025-05-23,2025-05-23 06:19:00+00:00,NSE_FO|61685|29-05-2025,2025-05-29,CE,24550.0,401.65,5.365367857587454,5.265367857587455,4.365367857587454,23.150000000000034,2.75,5.763724635877017,5,-12.340659340659332,-6.128318584070791,-6.212340756588541,10.157894736842104,-0.007140428425705543,0.0,0.0,0.8045193701604264,-35.48115520842792,23.140495867768585,,6,709
research_oof,fold_1,opposite_wing_capitulation_rebound,2025-05-26,2025-05-26 04:16:00+00:00,NSE_FO|61688|29-05-2025,2025-05-29,PE,24600.0,50.9,5.402750491159136,5.302750491159136,4.402750491159136,3.1000000000000014,0.5499999999999972,6.090373280943028,5,-11.575282854656233,-8.591674047829944,-2.9836088068262896,3.5945987893838276,0.0,0.25,0.0,8.771595281200252,-18.946765031016444,7.371482176360211,-9.182535396648746,3,586
research_oof,fold_2,opposite_wing_capitulation_rebound,2025-05-27,2025-05-27 04:31:00+00:00,NSE_FO|61685|29-05-2025,2025-05-29,CE,24550.0,336.95,3.872978186674584,3.772978186674584,2.872978186674584,28.900000000000034,3.9499999999999886,8.576940198842568,5,-9.987950194135763,-7.592592592592585,-2.3953576015431786,4.449438202247191,0.0,0.0,0.0,0.5852144568339682,-21.368547209061138,11.380597014925375,,2,601
research_oof,fold_2,opposite_wing_capitulation_rebound,2025-05-28,2025-05-28 04:45:00+00:00,NSE_FO|61691|29-05-2025,2025-05-29,CE,24700.0,176.6,10.419026047565122,10.319026047565123,9.419026047565122,18.700000000000017,3.9499999999999886,10.58890147225369,5,-11.69060216679264,-3.878326996197723,-7.812275170594917,3.5331073446327683,0.03215083549280672,0.0,0.0,0.9547124217030178,-21.84550750242086,10.154905335628218,,1,615
research_oof,fold_2,opposite_wing_capitulation_rebound,2025-05-29,2025-05-29 04:59:00+00:00,NSE_FO|61689|29-05-2025,2025-05-29,CE,24650.0,142.05,-0.3167898627244048,-0.41678986272440477,-1.3167898627244048,3.1399999999999864,11.5,2.2104892643435314,5,-14.667842445620217,-5.66860465116279,-8.999237794457427,2.8624161073825505,0.0,0.0,0.0,3.6863298446192054,-72.66040750138231,57.99256505576209,,0,629
research_oof,fold_2,opposite_wing_capitulation_rebound,2025-05-30,2025-05-30 08:26:00+00:00,NSE_FO|40476|05-06-2025,2025-06-05,PE,24700.0,148.6,-0.06729475100941744,-0.16729475100941743,-1.0672947510094175,4.25,3.8499999999999943,2.8600269179004036,5,-9.229828850855748,-4.38871473354231,-4.841114117313438,5.378342245989304,0.0,0.0,0.0,3.746488790985898,-17.128661535680646,7.898832684824897,,6,836
research_oof,fold_2,opposite_wing_capitulation_rebound,2025-06-02,2025-06-02 07:03:00+00:00,NSE_FO|40476|05-06-2025,2025-06-05,PE,24700.0,209.5,-2.887828162291175,-2.987828162291175,-3.887828162291175,1.5,11.349999999999994,0.7159904534606205,5,-9.525862068965518,-3.0045721750489918,-6.521289893916526,3.6389386293342016,0.0,0.375,0.375,8.880640690425336,-22.258499381720853,12.732637312755335,,3,753
research_oof,fold_2,opposite_wing_capitulation_rebound,2025-06-03,2025-06-03 04:49:00+00:00,NSE_FO|40479|05-06-2025,2025-06-05,PE,24750.0,221.25,-9.740112994350287,-9.840112994350287,-10.740112994350287,0.30000000000001137,32.05000000000001,0.13559322033898819,5,-11.014901329037464,-4.742519845308369,-6.272381483729095,3.1825121443442055,0.0,0.0,0.0,5.433568216069989,-27.205115732555864,16.1902144035184,,2,619
research_oof,fold_2,opposite_wing_capitulation_rebound,2025-06-04,2025-06-04 05:46:00+00:00,NSE_FO|40475|05-06-2025,2025-06-05,CE,24700.0,48.45,6.501547987616096,6.401547987616096,5.501547987616096,4.549999999999997,0.30000000000000426,9.391124871001026,5,-11.876699909338162,-6.824385805277522,-5.05231410406064,3.3053965160190035,0.0,0.0,0.0,4.965881488823746,-20.381854548513434,8.505154639175272,,1,676
research_oof,fold_2,opposite_wing_capitulation_rebound,2025-06-05,2025-06-05 05:53:00+00:00,NSE_FO|40479|05-06-2025,2025-06-05,PE,24750.0,57.8,-8.391003460207603,-8.491003460207603,-9.391003460207603,1.9000000000000057,6.599999999999994,3.28719723183392,5,-14.612546125461257,-12.288135593220328,-2.324410532240929,3.3421011265391667,0.09921270655009841,0.0,0.0,8.196105255235404,-61.70447858324739,47.091932457786136,,0,683
research_oof,fold_2,opposite_wing_capitulation_rebound,2025-06-06,2025-06-06 04:36:00+00:00,NSE_FO|44845|12-06-2025,2025-06-12,PE,24650.0,95.75,32.32375979112272,32.22375979112272,31.32375979112272,31.950000000000003,3.6500000000000057,33.36814621409922,5,-37.82113821138212,2.2564102564102573,-40.077548467792376,7.520610191496267,0.0,0.375,-0.25,23.356954341428203,-68.58854702237218,30.76740881099007,2423.0755513898403,6,606
research_oof,fold_2,opposite_wing_capitulation_rebound,2025-06-12,2025-06-12 04:30:00+00:00,NSE_FO|44852|12-06-2025,2025-06-12,CE,24700.0,357.9,3.143336127409891,3.043336127409891,2.143336127409891,15.200000000000045,3.0499999999999545,4.246996367700488,5,-9.12878787878787,-6.756756756756754,-2.3720311220311157,2.8828828828828827,0.0005649398339076889,0.0,0.0,2.1347395858525853,-35.95805617147082,26.82926829268295,,0,600
research_oof,fold_2,opposite_wing_capitulation_rebound,2025-06-16,2025-06-16 07:04:00+00:00,NSE_FO|50992|19-06-2025,2025-06-19,PE,24550.0,40.65,-5.043050430504299,-5.1430504305042986,-6.043050430504299,1.25,3.0,3.075030750307503,5,-9.55555555555555,-5.704697986577189,-3.850857568978361,7.480801335559265,0.0,0.25,0.25,4.842040927982243,-20.408559177386454,10.853003621830904,,3,754
research_oof,fold_2,opposite_wing_capitulation_rebound,2025-06-18,2025-06-18 06:03:00+00:00,NSE_FO|50991|19-06-2025,2025-06-19,CE,24550.0,254.0,3.070866141732288,2.9708661417322877,2.070866141732288,8.449999999999989,9.599999999999994,3.3267716535433025,5,-10.985915492957743,-8.056537102473504,-2.9293783904842385,9.19047619047619,0.041326067211625794,0.0,0.0,3.9446614402475766,-52.03069161236073,41.04477611940298,,1,693
research_oof,fold_2,opposite_wing_capitulation_rebound,2025-06-20,2025-06-20 04:45:00+00:00,NSE_FO|62386|26-06-2025,2025-06-26,PE,24750.0,81.2,-5.172413793103452,-5.272413793103452,-6.172413793103452,2.299999999999997,5.950000000000003,2.8325123152709324,5,-12.358337830545063,-10.101549973276324,-2.2567878572687388,3.0737538148524925,0.0004162850720173175,0.25,0.0,9.136829104285171,-31.05155259953792,18.69321476899286,42.389188470549925,6,615
research_oof,fold_2,opposite_wing_capitulation_rebound,2025-06-23,2025-06-23 07:50:00+00:00,NSE_FO|62396|26-06-2025,2025-06-26,PE,24900.0,99.75,-4.862155388471172,-4.962155388471172,-5.862155388471172,1.4000000000000057,9.599999999999994,1.4035087719298303,5,-10.648769574944073,-4.955357142857142,-5.69341243208693,4.967078724788549,0.0,0.125,0.125,7.165621007432386,-33.526998357231875,22.878228782287803,,3,800
research_oof,fold_2,opposite_wing_capitulation_rebound,2025-06-24,2025-06-24 04:18:00+00:00,NSE_FO|62387|26-06-2025,2025-06-26,CE,24800.0,366.4,6.290938864628824,6.190938864628825,5.290938864628824,45.60000000000002,2.349999999999966,12.44541484716158,5,-14.14519906323185,-6.579881656804732,-7.565317406427118,3.3140243902439024,-0.007910832532982864,0.0,0.0,1.6110419495070454,-68.23610815414094,54.09090909090908,,2,588
research_oof,fold_2,opposite_wing_capitulation_rebound,2025-06-26,2025-06-26 05:13:00+00:00,NSE_FO|62395|26-06-2025,2025-06-26,CE,24900.0,444.65,0.1911615877656635,0.0911615877656635,-0.8088384122343365,2.5500000000000114,51.549999999999955,0.5734847632969777,5,-9.148393676695566,-8.878600823045257,-0.2697928536503085,3.0510204081632653,0.0,0.0,0.0,1.0721112667204942,-25.14839367669556,15.999999999999993,,0,643
research_oof,fold_2,opposite_wing_capitulation_rebound,2025-06-27,2025-06-27 05:06:00+00:00,NSE_FO|56998|03-07-2025,2025-07-03,CE,25700.0,94.6,2.0084566596194566,1.9084566596194565,1.0084566596194566,5.3500000000000085,0.25,5.655391120507409,5,-10.251542477456098,-1.6129032258064613,-8.638639251649638,3.932431036264077,-0.003064425029742949,0.0,0.0,0.7841214027208339,-20.49822179434415,10.246679316888052,,6,636
research_oof,fold_2,opposite_wing_capitulation_rebound,2025-06-30,2025-06-30 07:30:00+00:00,NSE_FO|56843|03-07-2025,2025-07-03,CE,25500.0,144.3,4.747054747054743,4.647054747054743,3.747054747054743,7.699999999999989,4.300000000000011,5.3361053361053274,5,-9.696590553644047,-8.974749011256467,-0.7218415423875797,3.24388933655654,0.0,0.0,0.0,4.184076157070242,-30.67037332517961,20.973782771535564,,3,780
research_oof,fold_2,opposite_wing_capitulation_rebound,2025-07-01,2025-07-01 06:26:00+00:00,NSE_FO|56984|03-07-2025,2025-07-03,CE,25650.0,49.45,3.5389282103134474,3.4389282103134473,2.5389282103134474,3.1499999999999986,0.7000000000000028,6.3700707785642035,5,-10.740072202166061,-5.459508644222022,-5.280563557944039,6.713419913419913,0.0,0.0,0.0,4.169167035461889,-19.539823445947135,8.799751243781074,,2,716
research_oof,fold_2,opposite_wing_capitulation_rebound,2025-07-02,2025-07-02 04:31:00+00:00,NSE_FO|56925|03-07-2025,2025-07-03,CE,25600.0,50.6,0.09881422924900624,-0.0011857707509937698,-0.9011857707509938,3.8999999999999986,0.25,7.707509881422922,5,-17.685411572942133,-6.347897774113775,-11.337513798828358,3.6200176280481835,0.0,0.0,0.0,7.153080001782916,-41.269827157357724,23.584415584415595,,1,601
research_oof,fold_2,opposite_wing_capitulation_rebound,2025-07-03,2025-07-03 04:55:00+00:00,NSE_FO|57008|03-07-2025,2025-07-03,PE,25700.0,151.7,5.471324983520113,5.371324983520114,4.471324983520113,12.25,2.6999999999999886,8.075148319050758,5,-10.768779342723,-12.196515281348198,1.4277359386251973,2.930650154798762,0.0,0.0,-0.25,6.697259100432227,-41.87989045383411,31.11111111111111,,0,625
research_oof,fold_2,opposite_wing_capitulation_rebound,2025-07-04,2025-07-04 05:52:00+00:00,NSE_FO|40051|10-07-2025,2025-07-10,CE,25550.0,82.5,0.6060606060606061,0.5060606060606061,-0.3939393939393939,0.5,3.9000000000000057,0.6060606060606061,5,-9.8082191780822,-6.064008983717006,-3.744210194365195,4.138403562863995,0.0,0.0,0.0,3.617226976254921,-19.913271704345327,10.105052526263126,,6,682
research_oof,fold_2,opposite_wing_capitulation_rebound,2025-07-07,2025-07-07 09:01:00+00:00,NSE_FO|40051|10-07-2025,2025-07-10,CE,25550.0,69.4,4.899135446685866,4.799135446685867,3.8991354466858663,4.3999999999999915,0.0,6.340057636887596,5,-13.545568039950052,-3.900928792569669,-9.644639247380383,6.548915917503966,-0.004394161321278852,0.0,0.0,4.904531755344966,-23.202493071716233,9.656925031766184,,3,871
research_oof,fold_2,opposite_wing_capitulation_rebound,2025-07-08,2025-07-08 04:30:00+00:00,NSE_FO|40051|10-07-2025,2025-07-10,CE,25550.0,60.4,1.3245033112582854,1.2245033112582853,0.32450331125828535,2.8500000000000014,0.3500000000000014,4.718543046357619,5,-10.880829015544036,-5.925925925925924,-4.954903089618112,3.270600604547247,0.0,0.0,0.0,3.643756954728632,-19.90935917083476,9.028530155290726,,2,600
research_oof,fold_2,opposite_wing_capitulation_rebound,2025-07-09,2025-07-09 04:27:00+00:00,NSE_FO|40048|10-07-2025,2025-07-10,PE,25450.0,39.25,-2.6751592356687826,-2.7751592356687826,-3.6751592356687826,0.20000000000000284,3.299999999999997,0.5095541401273957,5,-11.022727272727273,-12.781954887218038,1.759227614490765,3.1284068558583873,0.0,0.0,-0.25,3.743557053148195,-21.95567187914126,10.932944606413987,,1,597
research_oof,fold_2,opposite_wing_capitulation_rebound,2025-07-10,2025-07-10 05:20:00+00:00,NSE_FO|40042|10-07-2025,2025-07-10,CE,25400.0,49.5,-11.010101010101016,-11.110101010101015,-12.010101010101016,1.3999999999999986,7.75,2.828282828282825,5,-20.19386106623586,-8.691983122362867,-11.501877943872994,3.2472220553787015,0.06359949710266857,0.0,0.0,7.796146224145128,-58.2524126841095,38.05855161787364,,0,650
research_oof,fold_2,opposite_wing_capitulation_rebound,2025-07-11,2025-07-11 04:31:00+00:00,NSE_FO|47295|17-07-2025,2025-07-17,CE,25350.0,98.2,-2.545824847250509,-2.645824847250509,-3.545824847250509,1.0999999999999943,5.5,1.1201629327902183,5,-12.5222816399287,-7.368896925858948,-5.153384714069752,2.8513333333333333,0.0,0.16666667,0.16666667,4.589376756677071,-23.958068075715122,11.435786435786422,,6,601
research_oof,fold_2,opposite_wing_capitulation_rebound,2025-07-14,2025-07-14 05:02:00+00:00,NSE_FO|47289|17-07-2025,2025-07-17,CE,25250.0,58.35,-2.227934875749793,-2.327934875749793,-3.227934875749793,1.2999999999999972,3.200000000000003,2.227934875749781,5,-11.439393939393938,-9.955089820359275,-1.4843041190346629,3.1554816047328527,0.0,0.0,0.0,4.623546441766654,-19.30076333922489,7.861369399830953,,3,632
research_oof,fold_2,opposite_wing_capitulation_rebound,2025-07-15,2025-07-15 05:01:00+00:00,NSE_FO|47286|17-07-2025,2025-07-17,PE,25150.0,81.5,-4.355828220858892,-4.4558282208588915,-5.355828220858892,2.0,5.5,2.4539877300613497,5,-13.258785942492013,-11.712184873949582,-1.5466010685424312,2.9458050555719484,0.0,0.125,0.0,7.047898003197407,-26.086186882720355,12.82740094022834,50.0,2,631
research_oof,fold_2,opposite_wing_capitulation_rebound,2025-07-16,2025-07-16 05:03:00+00:00,NSE_FO|47287|17-07-2025,2025-07-17,CE,25200.0,37.15,1.0767160161507365,0.9767160161507366,0.07671601615073653,3.25,0.3999999999999986,8.748317631224765,5,-11.01796407185629,4.332129963898934,-15.350094035755225,3.072536268134067,0.0,0.0,-0.625,5.538265603779783,-17.001343573241346,5.9833795013850555,,1,633
research_oof,fold_2,opposite_wing_capitulation_rebound,2025-07-17,2025-07-17 04:39:00+00:00,NSE_FO|47282|17-07-2025,2025-07-17,CE,25150.0,51.1,-5.968688845401182,-6.068688845401182,-6.968688845401182,4.25,5.149999999999999,8.317025440313111,5,-19.33701657458563,-17.904612978889766,-1.4324035956958632,4.629049184915693,0.0,0.0,0.0,10.029354306426269,-64.79156202913109,45.45454545454546,,0,609
research_oof,fold_2,opposite_wing_capitulation_rebound,2025-07-18,2025-07-18 04:46:00+00:00,NSE_FO|49487|24-07-2025,2025-07-24,CE,25000.0,144.5,-8.166089965397932,-8.266089965397931,-9.166089965397932,2.0999999999999943,16.650000000000006,1.45328719723183,5,-9.053756680289215,-3.143040410519571,-5.910716269769644,4.497073884418435,0.0,0.0,0.0,3.524377063938611,-34.279839497995084,25.226082817705866,,6,616
research_oof,fold_2,opposite_wing_capitulation_rebound,2025-07-21,2025-07-21 04:17:00+00:00,NSE_FO|49495|24-07-2025,2025-07-24,PE,25100.0,168.25,-12.035661218424963,-12.135661218424962,-13.035661218424963,3.75,24.5,2.2288261515601784,5,-16.559086395233358,-10.180505415162456,-6.378580980070902,2.7837666455294863,0.0,0.25,0.25,11.364124553255332,-49.619195684850844,33.060109289617486,,3,587
research_oof,fold_2,opposite_wing_capitulation_rebound,2025-07-22,2025-07-22 05:36:00+00:00,NSE_FO|49490|24-07-2025,2025-07-24,CE,25050.0,91.2,3.8925438596491198,3.7925438596491197,2.8925438596491198,5.299999999999997,1.2000000000000028,5.811403508771926,5,-12.132883967260465,-8.194444444444438,-3.9384395228160276,6.258568329718004,0.015595224205654727,0.0,0.0,4.733676205123267,-39.538382249047416,27.405498281786954,,2,666
research_oof,fold_2,opposite_wing_capitulation_rebound,2025-07-23,2025-07-23 05:25:00+00:00,NSE_FO|49495|24-07-2025,2025-07-24,PE,25100.0,41.15,2.5516403402187224,2.4516403402187223,1.5516403402187224,2.8500000000000014,0.14999999999999858,6.925880923450793,5,-11.290322580645162,-9.978540772532185,-1.3117818081129773,3.4878646043210066,0.0,0.25,0.25,12.798128744984453,-22.00460829493086,10.714285714285698,,1,655
research_oof,fold_2,opposite_wing_capitulation_rebound,2025-07-24,2025-07-24 04:20:00+00:00,NSE_FO|49487|24-07-2025,2025-07-24,CE,25000.0,183.85,-2.0669023660592782,-2.1669023660592783,-3.0669023660592782,2.6500000000000057,8.849999999999994,1.4413924394887168,5,-9.312638580931253,-6.157697121401762,-3.154941459529491,4.036214953271028,0.0,0.0,0.0,8.347971407216251,-29.009608277900956,19.696969696969703,,0,590
research_oof,fold_2,opposite_wing_capitulation_rebound,2025-07-25,2025-07-25 04:46:00+00:00,NSE_FO|55795|31-07-2025,2025-07-31,CE,24900.0,121.85,2.995486253590485,2.895486253590485,1.9954862535904851,5.700000000000003,1.8499999999999943,4.677882642593355,5,-16.961250849762056,-7.798960138648181,-9.162290711113876,3.999805523142746,0.0,0.0,0.0,7.321864951129601,-41.49807868527947,24.536827835517407,,6,616
research_oof,fold_3,opposite_wing_capitulation_rebound,2025-07-28,2025-07-28 04:45:00+00:00,NSE_FO|55796|31-07-2025,2025-07-31,PE,24900.0,111.65,-1.7465293327362317,-1.8465293327362318,-2.7465293327362317,1.9499999999999886,6.6000000000000085,1.746529332736219,5,-16.753343239227338,-7.256235827664403,-9.497107411562935,6.2159571468846915,0.016718372974836263,0.25,0.25,11.413920237258942,-40.03269546594798,23.27935222672064,,3,615
research_oof,fold_3,opposite_wing_capitulation_rebound,2025-07-29,2025-07-29 04:25:00+00:00,NSE_FO|55802|31-07-2025,2025-07-31,PE,25050.0,326.75,5.263963274674825,5.163963274674825,4.263963274674825,23.25,1.6000000000000227,7.115531752104055,5,-8.788732394366194,-10.25712688652879,1.468394492162595,3.7254901960784315,0.0,0.25,0.25,11.222826475419279,-29.66502105416002,20.87628865979383,,2,595
research_oof,fold_3,opposite_wing_capitulation_rebound,2025-07-30,2025-07-30 05:46:00+00:00,NSE_FO|55800|31-07-2025,2025-07-31,PE,25000.0,152.65,-3.046184081231579,-3.146184081231579,-4.046184081231579,9.150000000000006,8.25,5.994104159842781,5,-18.47014925373135,-12.159002338269664,-6.311146915461686,2.9355112431056427,0.0,0.25,0.125,16.589371282319302,-65.87755666113875,47.40740740740741,-22.454584955739847,1,676
research_oof,fold_3,opposite_wing_capitulation_rebound,2025-07-31,2025-07-31 05:15:00+00:00,NSE_FO|55796|31-07-2025,2025-07-31,PE,24900.0,212.3,-9.185115402731983,-9.285115402731982,-10.185115402731983,3.75,31.650000000000006,1.7663683466792275,5,-11.210668889351938,-7.28601252609603,-3.9246563632559077,3.754276827371695,0.003676587112928275,0.0,0.0,3.7453092269200527,-37.09302183052841,25.882352941176467,,0,645
research_oof,fold_3,opposite_wing_capitulation_rebound,2025-08-01,2025-08-01 05:48:00+00:00,NSE_FO|39852|07-08-2025,2025-08-07,CE,24650.0,171.05,6.986261327097333,6.886261327097333,5.986261327097333,15.799999999999983,0.05000000000001137,9.23706518561823,5,-9.494842634223755,-3.47132939058884,-6.023513243634914,3.3569384835479257,0.09004739336492891,0.0,0.0,1.0333209407092836,-18.750115987646044,9.25527335342229,,6,678
research_oof,fold_3,opposite_wing_capitulation_rebound,2025-08-04,2025-08-04 04:20:00+00:00,NSE_FO|39859|07-08-2025,2025-08-07,PE,24800.0,229.15,6.327732926030984,6.227732926030984,5.327732926030984,24.75,7.599999999999994,10.800785511673576,5,-10.322580645161295,-5.000000000000004,-5.322580645161291,2.8392499544875296,0.0,0.0,0.0,1.3210960273852543,-26.10331154217127,15.780730897009976,,3,590
research_oof,fold_3,opposite_wing_capitulation_rebound,2025-08-05,2025-08-05 04:18:00+00:00,NSE_FO|39858|07-08-2025,2025-08-07,CE,24800.0,43.7,2.5171624713958676,2.4171624713958675,1.5171624713958676,1.2999999999999972,1.7000000000000028,2.9748283752860343,5,-10.256410256410254,-10.222672064777328,-0.03373819163292602,3.3108459869848157,-0.043580024575935086,0.0,0.0,0.49514007067940125,-18.394240168433704,8.137829912023452,,2,588
research_oof,fold_3,opposite_wing_capitulation_rebound,2025-08-06,2025-08-06 04:33:00+00:00,NSE_FO|39856|07-08-2025,2025-08-07,CE,24750.0,35.85,-1.8131101813110142,-1.9131101813110143,-2.813110181311014,3.8999999999999986,5.350000000000001,10.878661087866103,5,-21.444201312910295,-4.0837696335078615,-17.36043167940243,6.865508253692441,0.02078292980190275,0.0,0.0,1.781882801608627,-31.4442013129103,10.000000000000009,,1,603
research_oof,fold_3,opposite_wing_capitulation_rebound,2025-08-07,2025-08-07 08:35:00+00:00,NSE_FO|39853|07-08-2025,2025-08-07,PE,24650.0,231.25,3.2432432432432434,3.1432432432432433,2.2432432432432434,16.25,3.25,7.027027027027027,5,-10.29212613658348,-6.924682223487,-3.36744391309648,4.42798353909465,0.0,0.25,-0.125,18.717303032089195,-49.18101502547236,38.888888888888886,-30.164054706441675,0,845
research_oof,fold_3,opposite_wing_capitulation_rebound,2025-08-08,2025-08-08 05:02:00+00:00,NSE_FO|44496|14-08-2025,2025-08-14,CE,24650.0,64.5,0.23255813953489252,0.1325581395348925,-0.7674418604651074,3.049999999999997,0.75,4.728682170542632,5,-11.11878453038676,-13.540290620871865,2.4215060904851047,3.1987866531850355,0.0,0.0,0.0,0.8276423522816635,-19.560634552838486,8.441850022451725,,6,632
research_oof,fold_3,opposite_wing_capitulation_rebound,2025-08-11,2025-08-11 05:42:00+00:00,NSE_FO|44496|14-08-2025,2025-08-14,CE,24650.0,45.75,6.557377049180328,6.457377049180328,5.557377049180328,3.200000000000003,2.75,6.994535519125689,5,-10.381978452497542,-6.666666666666677,-3.715311785830865,3.9560499186109603,-0.012792728684176477,0.0,0.0,0.6395134292878265,-18.063919153306173,7.681940700808632,,3,672
research_oof,fold_3,opposite_wing_capitulation_rebound,2025-08-12,2025-08-12 04:32:00+00:00,NSE_FO|44493|14-08-2025,2025-08-14,PE,24600.0,51.2,-0.2929687500000111,-0.3929687500000111,-1.292968750000011,1.4499999999999957,2.200000000000003,2.8320312499999916,5,-13.575042158516016,-14.024896265560171,0.44985410704415507,3.110428924703675,-0.010788194051792379,0.375,0.125,12.753090287967476,-32.825042158516005,19.24999999999999,10.439324596205552,2,602
research_oof,fold_3,opposite_wing_capitulation_rebound,2025-08-13,2025-08-13 05:15:00+00:00,NSE_FO|44496|14-08-2025,2025-08-14,CE,24650.0,45.2,2.8761061946902586,2.7761061946902585,1.8761061946902586,6.349999999999994,4.0,14.048672566371668,5,-12.921890067502417,-2.0750988142292592,-10.846791253273159,3.201830841895116,-0.0007201970253290722,0.0,0.0,2.167027619186107,-22.772328437796375,9.850438370293958,,1,645
research_oof,fold_3,opposite_wing_capitulation_rebound,2025-08-14,2025-08-14 05:55:00+00:00,NSE_FO|44492|14-08-2025,2025-08-14,CE,24600.0,57.8,1.9031141868512136,1.8031141868512135,0.9031141868512136,4.200000000000003,2.0,7.266435986159175,5,-17.542613636363647,-3.690036900369009,-13.852576735994639,3.9448511063051073,0.0,0.0,0.0,6.269856179720849,-47.48611646122241,29.943502824858758,,0,685
research_oof,fold_3,opposite_wing_capitulation_rebound,2025-08-18,2025-08-18 06:38:00+00:00,NSE_FO|47248|21-08-2025,2025-08-21,CE,25050.0,66.5,-5.488721804511276,-5.588721804511276,-6.488721804511276,0.4000000000000057,4.299999999999997,0.6015037593985048,5,-13.589076723016912,-7.124183006535956,-6.464893716480956,3.979668111825385,0.0,0.0,0.0,1.1440525184908814,-26.613162360840292,13.02408563782338,,3,728
research_oof,fold_3,opposite_wing_capitulation_rebound,2025-08-19,2025-08-19 04:43:00+00:00,NSE_FO|47217|21-08-2025,2025-08-21,PE,24900.0,66.0,1.4393939393939437,1.3393939393939436,0.43939393939394367,4.549999999999997,0.6500000000000057,6.89393939393939,5,-14.893617021276595,-9.38697318007662,-5.506643841199976,4.022711275866923,0.0,0.125,0.0,7.890809828031663,-31.95522839568418,17.061611374407583,-0.0,2,613
research_oof,fold_3,opposite_wing_capitulation_rebound,2025-08-20,2025-08-20 06:28:00+00:00,NSE_FO|47232|21-08-2025,2025-08-21,PE,25000.0,50.0,-1.0999999999999943,-1.1999999999999944,-2.0999999999999943,1.3999999999999986,2.75,2.799999999999997,5,-11.504424778761058,-4.094631483166511,-7.409793295594547,4.181900826446281,0.0,0.125,0.0,9.11086459098872,-26.985859643455832,15.481434864694776,-0.0,1,718
research_oof,fold_3,opposite_wing_capitulation_rebound,2025-08-21,2025-08-21 06:58:00+00:00,NSE_FO|47231|21-08-2025,2025-08-21,CE,25000.0,102.35,11.724474841231071,11.624474841231072,10.724474841231071,15.600000000000009,9.349999999999994,15.241817293600398,5,-11.800172265288534,-5.5989583333333375,-6.201213931955197,3.0952116842299873,-0.0015097933913607393,0.0,0.0,4.553028814386614,-44.49247995759622,32.692307692307686,,0,748
research_oof,fold_3,opposite_wing_capitulation_rebound,2025-08-22,2025-08-22 08:07:00+00:00,NSE_FO|71973|28-08-2025,2025-08-28,PE,24950.0,99.05,5.249873801110553,5.149873801110553,4.249873801110553,5.950000000000003,0.04999999999999716,6.00706713780919,5,-9.360730593607302,-7.513661202185795,-1.847069391421507,2.9045226130653266,-0.004058014578793116,0.0,0.0,4.183588343320387,-17.43247947253107,8.071748878923767,,6,817
research_oof,fold_3,opposite_wing_capitulation_rebound,2025-08-25,2025-08-25 06:15:00+00:00,NSE_FO|71987|28-08-2025,2025-08-28,PE,25050.0,116.6,9.090909090909099,8.9909090909091,8.090909090909099,13.700000000000017,0.09999999999999432,11.749571183533462,5,-10.334229734921252,-5.277044854881263,-5.057184880039989,10.01388246182323,0.0059926244622003685,0.0,-0.125,5.5404807007138,-29.200309891323993,18.86608015640274,,3,705
research_oof,fold_3,opposite_wing_capitulation_rebound,2025-08-26,2025-08-26 05:58:00+00:00,NSE_FO|71973|28-08-2025,2025-08-28,PE,24950.0,142.0,5.316901408450712,5.216901408450712,4.316901408450712,8.099999999999994,1.4499999999999886,5.704225352112672,5,-9.60254372019077,-5.780164245104236,-3.8223794750865343,3.554224883566201,0.0,0.0,-0.125,2.8389850469134434,-25.162709695294495,15.560165975103724,,2,688
research_oof,fold_3,opposite_wing_capitulation_rebound,2025-08-28,2025-08-28 05:04:00+00:00,NSE_FO|48944|02-09-2025,2025-09-02,PE,24750.0,174.0,3.8793103448275863,3.779310344827586,2.8793103448275863,7.5,8.0,4.310344827586207,5,-8.913213448006251,-4.737116085372195,-4.1760973626340565,5.253218884120171,0.0,0.0,0.0,0.45126745317730305,-24.240594400387202,15.327380952380953,,5,634
research_oof,fold_3,opposite_wing_capitulation_rebound,2025-08-29,2025-08-29 05:34:00+00:00,NSE_FO|48944|02-09-2025,2025-09-02,PE,24750.0,196.15,5.760897272495531,5.660897272495531,4.760897272495531,16.5,0.6500000000000057,8.411929645679326,5,-11.060845962451937,-7.900834105653387,-3.1600118567985502,4.981481481481482,0.0,0.0,0.0,1.8222996145924,-32.67256757417356,21.611721611721624,,4,664
research_oof,fold_3,opposite_wing_capitulation_rebound,2025-09-01,2025-09-01 06:54:00+00:00,NSE_FO|48938|02-09-2025,2025-09-02,PE,24650.0,96.7,-6.721820062047569,-6.821820062047569,-7.721820062047569,2.5,7.5,2.5853154084798344,5,-9.120827456511504,-4.712535344015079,-4.408292112496426,3.0404159773103285,0.01121459185975315,0.0,0.0,2.0620553467214218,-26.486096917589343,17.365269461077837,,1,744
research_oof,fold_3,opposite_wing_capitulation_rebound,2025-09-02,2025-09-02 04:22:00+00:00,NSE_FO|48946|02-09-2025,2025-09-02,PE,24800.0,89.75,-10.640668523676878,-10.740668523676877,-11.640668523676878,4.700000000000003,12.450000000000003,5.236768802228416,5,-17.79197080291971,-13.903743315508033,-3.888227487411678,3.1947727130619645,0.0,0.0,0.0,3.2375944971091797,-82.45863746958638,64.66666666666667,,0,592
research_oof,fold_3,opposite_wing_capitulation_rebound,2025-12-01,2025-12-01 05:09:00+00:00,NSE_FO|46813|02-12-2025,2025-12-02,CE,26350.0,39.3,-0.6361323155216285,-0.7361323155216285,-1.6361323155216285,2.1500000000000057,1.0,5.47073791348602,5,-17.418677859391384,-18.011811023622048,0.5931331642306645,4.932141804969066,0.0,0.0,0.0,8.664427051411991,-30.9779998932897,13.559322033898313,,1,639
research_oof,fold_3,opposite_wing_capitulation_rebound,2025-12-02,2025-12-02 07:05:00+00:00,NSE_FO|46808|02-12-2025,2025-12-02,PE,26250.0,156.4,8.216112531969305,8.116112531969305,7.216112531969305,15.650000000000006,2.0999999999999943,10.006393861892587,5,-10.083070753365808,-5.427020851185372,-4.6560499021804365,3.0103842159916927,0.033792835227518254,0.125,0.125,21.26924172457472,-25.872544437576316,15.78947368421051,,0,755
research_oof,fold_3,opposite_wing_capitulation_rebound,2025-12-03,2025-12-03 04:33:00+00:00,NSE_FO|41907|09-12-2025,2025-12-09,CE,26100.0,75.95,-1.2508229098090886,-1.3508229098090887,-2.250822909809089,1.0499999999999972,5.049999999999997,1.382488479262669,5,-11.473500291205585,-1.501501501501501,-9.971998789704084,3.1772374911909798,0.0,0.0,0.0,5.168972789353885,-20.367972653014633,8.894472361809047,,6,603
research_oof,fold_3,opposite_wing_capitulation_rebound,2025-12-04,2025-12-04 04:37:00+00:00,NSE_FO|41882|09-12-2025,2025-12-09,PE,25950.0,64.8,4.475308641975317,4.375308641975318,3.4753086419753174,7.1000000000000085,0.29999999999999716,10.956790123456804,5,-10.20833333333333,-3.7552155771905515,-6.453117756142779,3.4699254086652913,0.013969244004731691,0.0,0.0,4.961834722688219,-17.02914258188826,6.8208092485549265,,5,607
research_oof,fold_3,opposite_wing_capitulation_rebound,2025-12-05,2025-12-05 04:27:00+00:00,NSE_FO|41881|09-12-2025,2025-12-09,CE,25950.0,156.75,3.9872408293460926,3.8872408293460925,2.9872408293460926,6.25,7.0,3.9872408293460926,5,-13.117027176927342,-4.083380925185609,-9.033646251741732,2.8782659183278496,0.0,0.0,0.0,1.888833026993147,-32.95342799492326,19.836400817995916,,4,597
research_oof,fold_3,opposite_wing_capitulation_rebound,2025-12-08,2025-12-08 05:28:00+00:00,NSE_FO|41907|09-12-2025,2025-12-09,CE,26100.0,68.7,-4.803493449781655,-4.903493449781655,-5.803493449781655,2.299999999999997,6.700000000000003,3.347889374090243,5,-14.623522090852525,4.659014179608367,-19.28253627046089,3.207817589576547,-0.015832743849720977,0.0,-0.8333333,5.114015797299009,-31.476488556888636,16.85296646603611,,1,658
research_oof,fold_3,opposite_wing_capitulation_rebound,2025-12-09,2025-12-09 04:46:00+00:00,NSE_FO|41882|09-12-2025,2025-12-09,PE,25950.0,145.2,-10.709366391184561,-10.809366391184561,-11.709366391184561,10.050000000000011,43.19999999999999,6.921487603305794,5,-16.881627973631407,-6.174654513378419,-10.706973460252987,2.8623893805309732,0.0,0.0,0.0,4.6272455290874595,-35.56294665495011,18.681318681318704,,0,616
research_oof,fold_3,opposite_wing_capitulation_rebound,2025-12-10,2025-12-10 05:19:00+00:00,NSE_FO|48210|16-12-2025,2025-12-16,CE,25750.0,230.4,-7.942708333333338,-8.042708333333339,-8.94270833333334,2.4499999999999886,19.700000000000017,1.0633680555555505,5,-9.726027397260273,-5.921831819976308,-3.8041955772839646,2.8681948424068766,-0.02238430583501006,0.0,0.0,5.726389834591237,-28.866652397260275,19.140625,,6,649
research_oof,fold_3,opposite_wing_capitulation_rebound,2025-12-11,2025-12-11 04:36:00+00:00,NSE_FO|48217|16-12-2025,2025-12-16,PE,25800.0,113.5,1.2775330396475797,1.1775330396475796,0.2775330396475797,7.099999999999994,5.5,6.255506607929511,5,-21.73462335867311,-16.437389770723097,-5.297233587950014,2.982864347527079,-0.036783428183044725,0.0,0.0,9.30723460752329,-42.4610156104891,20.726392251815984,,5,606
research_oof,fold_3,opposite_wing_capitulation_rebound,2025-12-12,2025-12-12 04:38:00+00:00,NSE_FO|48222|16-12-2025,2025-12-16,CE,25950.0,118.3,6.297548605240916,6.197548605240916,5.297548605240916,8.400000000000006,2.450000000000003,7.100591715976336,5,-12.207792207792211,-5.880256593014965,-6.327535614777246,3.640271089709292,0.0,0.0,0.0,4.428174993023907,-28.738736833199376,16.530944625407162,,4,608
research_oof,fold_3,opposite_wing_capitulation_rebound,2025-12-15,2025-12-15 06:03:00+00:00,NSE_FO|48218|16-12-2025,2025-12-16,CE,25850.0,150.4,-4.022606382978731,-4.122606382978731,-5.022606382978731,1.799999999999983,15.950000000000017,1.1968085106382864,5,-11.088052179069086,-2.930402930402942,-8.157649248666143,2.9654027124273457,0.0,0.0,0.0,5.9843469174203925,-32.30756437419103,21.219512195121947,,1,693
research_oof,fold_3,opposite_wing_capitulation_rebound,2025-12-16,2025-12-16 06:03:00+00:00,NSE_FO|48220|16-12-2025,2025-12-16,CE,25900.0,30.0,-8.999999999999998,-9.099999999999998,-9.999999999999998,1.8999999999999986,4.550000000000001,6.333333333333329,5,-21.773142112125164,-7.926023778071334,-13.84711833405383,3.721908446968515,0.02176100934984616,0.0,0.0,9.863267445563787,-44.88492458946654,23.11178247734138,,0,693
research_oof,fold_3,opposite_wing_capitulation_rebound,2025-12-17,2025-12-17 05:25:00+00:00,NSE_FO|57005|23-12-2025,2025-12-23,CE,26000.0,59.25,6.413502109704637,6.313502109704637,5.413502109704637,6.150000000000006,0.5,10.379746835443047,5,-10.174639331814728,-5.2511415525114185,-4.923497779303309,3.687871077184054,0.00392754473170591,0.0,0.0,3.82757298328832,-17.971333138871227,7.796693807056498,,6,655
research_oof,fold_3,opposite_wing_capitulation_rebound,2025-12-18,2025-12-18 04:41:00+00:00,NSE_FO|56995|23-12-2025,2025-12-23,PE,25850.0,125.3,-4.788507581803671,-4.888507581803671,-5.788507581803671,0.15000000000000568,10.0,0.11971268954509631,5,-11.991584852734915,-7.231833910034591,-4.759750942700324,2.9115089514066494,0.0,0.125,0.125,6.618878948638786,-29.101851012430735,17.11026615969582,,5,611
research_oof,fold_3,opposite_wing_capitulation_rebound,2025-12-19,2025-12-19 05:12:00+00:00,NSE_FO|57002|23-12-2025,2025-12-23,PE,25900.0,52.9,3.49716446124764,3.3971644612476397,2.49716446124764,2.0,0.29999999999999716,3.780718336483932,5,-11.54811715481171,-2.1132713440405793,-9.43484581077113,4.3142816215441915,0.0,0.25,0.0,7.1785605408737565,-20.06620350253633,8.51808634772462,-73.56309730840076,4,642
research_oof,fold_4,opposite_wing_capitulation_rebound,2025-12-23,2025-12-23 09:14:00+00:00,NSE_FO|56998|23-12-2025,2025-12-23,CE,25900.0,269.85,3.6316472114137315,3.5316472114137314,2.6316472114137315,10.149999999999977,9.75,3.7613488975356595,5,-10.581222056631889,-8.32104832104832,-2.260173735583569,3.1801980198019804,-0.008257053883174484,0.0,0.0,4.998543689382142,-23.081222056631887,12.5,,0,884
research_oof,fold_4,opposite_wing_capitulation_rebound,2025-12-24,2025-12-24 05:18:00+00:00,NSE_FO|65640|30-12-2025,2025-12-30,CE,26250.0,83.2,1.5624999999999964,1.4624999999999964,0.5624999999999964,3.75,1.5,4.507211538461538,5,-10.860215053763433,-5.898123324396787,-4.962091729366646,3.6034715960324615,0.0,0.0,0.0,1.728255185384835,-21.266976807593316,10.406761753829885,,6,648
research_oof,fold_4,opposite_wing_capitulation_rebound,2025-12-26,2025-12-26 05:38:00+00:00,NSE_FO|65629|30-12-2025,2025-12-30,CE,26150.0,43.55,-7.003444316877147,-7.103444316877146,-8.003444316877147,0.6000000000000014,3.759999999999998,1.3777267508610826,5,-12.296747967479682,-7.946336429308564,-4.350411538171118,3.5092898072582046,0.0,0.0,0.0,1.1425070076093256,-23.97674796747968,11.680000000000001,,4,668
research_oof,fold_4,opposite_wing_capitulation_rebound,2025-12-29,2025-12-29 04:25:00+00:00,NSE_FO|65623|30-12-2025,2025-12-30,CE,26100.0,35.5,-23.661971830985912,-23.761971830985914,-24.661971830985912,0.5,8.55,1.4084507042253522,5,-24.41613588110403,-19.49420442571127,-4.921931455392759,3.241446983563867,0.004257933739315687,0.0,0.0,2.1205279477958765,-49.89109270321113,25.474956822107096,,1,595
research_oof,fold_4,opposite_wing_capitulation_rebound,2025-12-30,2025-12-30 08:06:00+00:00,NSE_FO|65622|30-12-2025,2025-12-30,PE,26050.0,124.95,-3.5214085634253744,-3.6214085634253745,-4.521408563425375,6.950000000000003,5.799999999999997,5.562224889955984,5,-12.883008356545966,-10.134301767849795,-2.7487065886961712,3.77267595031991,0.0,0.0,0.0,4.829236764237063,-32.883008356545965,19.999999999999996,,0,816
research_oof,fold_4,opposite_wing_capitulation_rebound,2025-12-31,2025-12-31 05:01:00+00:00,NSE_FO|40460|06-01-2026,2026-01-06,PE,25900.0,38.0,-0.6578947368421052,-0.7578947368421052,-1.6578947368421053,0.3999999999999986,1.2100000000000009,1.0526315789473648,5,-12.48554913294797,-4.734411085450341,-7.751138047497629,3.239718495711458,0.0,0.25,0.25,8.359691477107228,-20.34269199009082,7.857142857142851,,6,631
research_oof,fold_4,opposite_wing_capitulation_rebound,2026-01-01,2026-01-01 04:28:00+00:00,NSE_FO|40461|06-01-2026,2026-01-06,CE,25950.0,246.2,2.1121039805036625,2.0121039805036625,1.1121039805036625,9.0,6.049999999999983,3.6555645816409426,5,-9.860703812316718,-6.0478503327936695,-3.8128534795230484,2.8903508771929824,0.003885877901625933,0.0,0.0,4.447901247627338,-27.85556242414191,17.994858611825194,,5,598
research_oof,fold_4,opposite_wing_capitulation_rebound,2026-01-05,2026-01-05 05:53:00+00:00,NSE_FO|40469|06-01-2026,2026-01-06,CE,26050.0,280.75,1.4603739982190642,1.3603739982190641,0.4603739982190642,7.25,10.5,2.5823686553873553,5,-10.296661754340997,-3.347401655981186,-6.949260098359812,7.569620253164557,0.0,0.0,0.0,3.2633706028056513,-29.46332842100766,19.166666666666664,,1,683
research_oof,fold_4,opposite_wing_capitulation_rebound,2026-01-06,2026-01-06 05:07:00+00:00,NSE_FO|40465|06-01-2026,2026-01-06,CE,26000.0,206.3,3.6354823073194376,3.5354823073194375,2.6354823073194376,10.199999999999989,5.700000000000017,4.94425593795443,5,-9.891774891774885,-3.3624454148471594,-6.5293294769277255,2.8923341946597763,0.004253070263740688,0.0,0.0,4.247604444873081,-30.581430064188673,20.68965517241379,,0,637
research_oof,fold_4,opposite_wing_capitulation_rebound,2026-01-07,2026-01-07 04:27:00+00:00,NSE_FO|46197|13-01-2026,2026-01-13,PE,26250.0,156.19,-4.53934310775338,-4.63934310775338,-5.53934310775338,1.460000000000008,10.939999999999998,0.9347589474358206,5,-11.111111111111116,-0.7144983626079071,-10.396612748503209,3.5896670150813796,0.0,0.0,0.0,5.866462861313615,-24.22005708099597,13.108945969884855,,6,597
research_oof,fold_4,opposite_wing_capitulation_rebound,2026-01-08,2026-01-08 05:50:00+00:00,NSE_FO|46181|13-01-2026,2026-01-13,CE,26100.0,59.0,-0.5084745762711816,-0.6084745762711816,-1.5084745762711815,1.1000000000000014,1.8500000000000014,1.8644067796610195,5,-10.498489425981871,-1.470137825421125,-9.028351600560747,2.9698573549344864,0.0,0.0,0.0,4.129176391549901,-25.603171572917546,15.104682146935676,,5,680
research_oof,fold_4,opposite_wing_capitulation_rebound,2026-01-12,2026-01-12 06:44:00+00:00,NSE_FO|46180|13-01-2026,2026-01-13,PE,26050.0,452.1,-3.8265870382658727,-3.9265870382658727,-4.826587038265872,22.799999999999955,34.75,5.04313205043131,5,-13.418105902448286,-2.708153269951019,-10.709952632497266,7.076923076923077,-0.0005173305742369374,0.0,0.0,2.3930810236216513,-29.620637548017903,16.202531645569618,,1,734
research_oof,fold_4,opposite_wing_capitulation_rebound,2026-01-14,2026-01-14 04:48:00+00:00,NSE_FO|47611|20-01-2026,2026-01-20,CE,25650.0,162.05,-7.16445541499538,-7.264455414995379,-8.16445541499538,2.299999999999983,14.400000000000006,1.4193150262264627,5,-8.86755153911325,-2.349570200573059,-6.517981338540192,3.1116603010559425,0.0,0.0,0.0,0.7762102846787541,-18.691750091336612,9.824198552223361,,6,618
research_oof,fold_4,opposite_wing_capitulation_rebound,2026-01-16,2026-01-16 05:43:00+00:00,NSE_FO|47615|20-01-2026,2026-01-20,CE,25750.0,156.3,0.28790786948175856,0.18790786948175855,-0.7120921305182415,13.349999999999994,0.0,8.541266794625715,5,-13.659217877094964,-4.7818791946308785,-8.877338682464085,2.8352675693101226,0.01097158687054621,0.16666667,0.0,5.4286749403140355,-34.609258827135925,20.95004095004096,,4,673
research_oof,fold_4,opposite_wing_capitulation_rebound,2026-01-19,2026-01-19 05:29:00+00:00,NSE_FO|47612|20-01-2026,2026-01-20,PE,25650.0,141.19,-7.642184290672138,-7.742184290672138,-8.642184290672137,5.060000000000002,15.590000000000003,3.5838232169417115,5,-10.788643533123022,-6.005385434278921,-4.783258098844101,3.2710608424336973,0.0,0.2857143,0.0,8.564755301876358,-29.008982516173887,18.220338983050866,-2.46281263808487,1,659
research_oof,fold_4,opposite_wing_capitulation_rebound,2026-01-20,2026-01-20 05:08:00+00:00,NSE_FO|47602|20-01-2026,2026-01-20,PE,25550.0,72.84,17.723778143876988,17.623778143876986,16.723778143876988,12.959999999999994,0.0,17.792421746293236,5,-24.679979518689198,-12.390829694323136,-12.289149824366062,2.9419245708557824,0.0,0.125,0.125,11.740796020580396,-59.44392801654327,34.76394849785407,,0,638
research_oof,fold_4,opposite_wing_capitulation_rebound,2026-01-21,2026-01-21 04:56:00+00:00,NSE_FO|58665|27-01-2026,2026-01-27,CE,25100.0,177.95,-1.5453779151447036,-1.6453779151447037,-2.5453779151447034,8.300000000000011,5.849999999999994,4.664231525709476,5,-9.424350483953138,-13.922813873961893,4.498463390008755,3.4827521909379078,0.0,0.0,0.0,0.7085654194674937,-24.454758824526568,15.03040834057343,,6,626
research_oof,fold_4,opposite_wing_capitulation_rebound,2026-01-22,2026-01-22 04:50:00+00:00,NSE_FO|58665|27-01-2026,2026-01-27,CE,25100.0,320.1,0.29678225554513854,0.19678225554513853,-0.7032177444548615,20.599999999999966,4.050000000000011,6.435488909715703,5,-11.96980096087852,-8.910472972972972,-3.0593279879055473,2.868632707774799,0.0,0.0,0.0,1.699378716051512,-36.852430068859746,24.882629107981224,,5,620
research_oof,fold_4,opposite_wing_capitulation_rebound,2026-01-23,2026-01-23 04:48:00+00:00,NSE_FO|58663|27-01-2026,2026-01-27,CE,25050.0,268.7,1.6375139560848657,1.5375139560848656,0.6375139560848657,9.400000000000034,0.6999999999999886,3.498325269817653,5,-9.44603468597407,-4.921325744894545,-4.524708941079525,3.041095890410959,0.0,0.0,0.0,1.7333728718796473,-33.517357122823995,24.07132243684993,,4,618
research_oof,fold_4,opposite_wing_capitulation_rebound,2026-01-27,2026-01-27 04:15:00+00:00,NSE_FO|58675|27-01-2026,2026-01-27,PE,25150.0,76.85,-0.9759271307742355,-1.0759271307742355,-1.9759271307742354,12.600000000000009,9.549999999999997,16.39557579700717,5,-30.890287769784173,-33.20105820105821,2.3107704312740367,7.096799683919399,0.5272220363555258,0.375,0.375,19.190705074038608,-70.35417459033516,39.463886820551,,0,585
research_oof,fold_4,opposite_wing_capitulation_rebound,2026-01-28,2026-01-28 07:52:00+00:00,NSE_FO|49789|03-02-2026,2026-02-03,CE,25150.0,278.2,0.41337167505393035,0.3133716750539304,-0.5866283249460696,6.5,6.199999999999989,2.3364485981308416,5,-12.250712250712247,-6.706336442586025,-5.544375808126222,6.178832116788321,0.0,0.0,0.0,0.6980183761596847,-32.147922236027966,19.897209985315722,,6,802
research_oof,fold_4,opposite_wing_capitulation_rebound,2026-01-29,2026-01-29 04:24:00+00:00,NSE_FO|49789|03-02-2026,2026-02-03,CE,25150.0,232.85,1.266910027914974,1.166910027914974,0.2669100279149741,7.450000000000017,8.150000000000006,3.1994846467683127,5,-10.968851519205035,-7.011494252873563,-3.9573572663314724,3.408271474019088,0.0,0.0,0.0,0.26744000317446714,-28.65919061069575,17.690339091490713,,5,594
research_oof,fold_4,opposite_wing_capitulation_rebound,2026-01-30,2026-01-30 08:11:00+00:00,NSE_FO|49796|03-02-2026,2026-02-03,PE,25300.0,204.75,-4.395604395604396,-4.495604395604396,-5.395604395604396,0.25,16.0,0.1221001221001221,5,-10.203634771184579,-5.1441241685144075,-5.059510602670171,3.0902497985495567,0.003830330543339481,0.0,0.0,0.6706762080682164,-17.06741513021308,6.863780359028504,,4,821
research_oof,fold_4,opposite_wing_capitulation_rebound,2026-02-01,2026-02-01 04:20:00+00:00,NSE_FO|49799|03-02-2026,2026-02-03,CE,25350.0,179.4,5.546265328874018,5.446265328874018,4.546265328874018,14.199999999999989,0.45000000000001705,7.91527313266443,5,-8.727735368956747,1.4334115194162056,-10.161146888372953,4.268412711652348,0.0,0.0,-1.0,0.7684976431867331,-16.238411078577442,7.5106757096206955,,2,590
research_oof,fold_4,opposite_wing_capitulation_rebound,2026-02-02,2026-02-02 04:25:00+00:00,NSE_FO|49790|03-02-2026,2026-02-03,PE,25150.0,287.55,20.91810119979133,20.81810119979133,19.91810119979133,71.80000000000001,4.400000000000034,24.969570509476615,5,-13.897596656217349,-11.925891328039839,-1.97170532817751,5.982942430703624,0.041274044077564055,0.0,0.0,4.305982407475219,-23.27259665621735,9.375,,1,595
research_oof,fold_4,opposite_wing_capitulation_rebound,2026-02-03,2026-02-03 04:37:00+00:00,NSE_FO|49799|03-02-2026,2026-02-03,CE,25350.0,316.75,1.8468823993685946,1.7468823993685945,0.8468823993685946,31.75,13.25,10.023677979479084,5,-13.028121179187602,-11.6543871399866,-1.3737340392010022,3.6259259259259258,-0.010860226140151906,0.0,0.0,5.78238266360034,-65.63856294625589,52.61044176706828,,0,607
research_oof,fold_4,opposite_wing_capitulation_rebound,2026-02-04,2026-02-04 06:57:00+00:00,NSE_FO|42527|10-02-2026,2026-02-10,PE,25600.0,88.3,7.361268403171008,7.261268403171008,6.361268403171008,9.400000000000006,0.6499999999999915,10.645526613816541,5,-10.374493927125506,-5.441478439425063,-4.933015487700444,2.8469740201231417,-0.04822699399085297,0.375,0.0,6.515884353403306,-18.073101625733212,7.698607698607707,-10.491402800809738,6,747
research_oof,fold_4,opposite_wing_capitulation_rebound,2026-02-06,2026-02-06 04:33:00+00:00,NSE_FO|42536|10-02-2026,2026-02-10,CE,25800.0,33.1,0.755287009063444,0.6552870090634441,-0.24471299093655596,2.8999999999999986,2.200000000000003,8.761329305135947,5,-11.968085106382976,-8.661417322834652,-3.306667783548324,3.233061974789916,0.0,0.0,0.0,0.42289037465832396,-17.88630605329832,5.918220946915342,,4,603
research_oof,fold_4,opposite_wing_capitulation_rebound,2026-02-09,2026-02-09 05:08:00+00:00,NSE_FO|42535|10-02-2026,2026-02-10,PE,25750.0,36.85,0.1356852103120683,0.03568521031206828,-0.8643147896879317,1.25,1.0,3.3921302578018993,5,-15.849486887115171,-3.3957845433255307,-12.45370234378964,4.401716068642746,0.0,0.375,0.25,9.411607211419382,-29.52046936997884,13.67098248286367,-47.8195943566825,1,638
research_oof,fold_4,opposite_wing_capitulation_rebound,2026-02-10,2026-02-10 07:52:00+00:00,NSE_FO|42536|10-02-2026,2026-02-10,CE,25800.0,139.3,5.886575735821959,5.786575735821959,4.886575735821959,11.099999999999994,7.300000000000011,7.968413496051682,5,-15.44518473652332,-13.228894691035675,-2.2162900454876446,3.2532262199811983,0.0,0.0,0.0,5.276424890660789,-96.5262658176044,81.08108108108108,,0,802
research_oof,fold_4,opposite_wing_capitulation_rebound,2026-02-11,2026-02-11 04:32:00+00:00,NSE_FO|48236|17-02-2026,2026-02-17,CE,26000.0,110.25,-1.8594104308389998,-1.959410430839,-2.8594104308389996,0.25,4.700000000000003,0.22675736961451248,5,-9.349258649093905,-8.495648570244507,-0.8536100788493979,2.8266897147796026,0.0,0.0,0.0,3.8486920846772352,-20.01694859537171,10.667689946277804,,6,602
research_oof,fold_4,opposite_wing_capitulation_rebound,2026-02-12,2026-02-12 07:48:00+00:00,NSE_FO|48235|17-02-2026,2026-02-17,PE,25950.0,138.95,4.605973371716449,4.50597337171645,3.6059733717164493,17.55000000000001,1.6999999999999886,12.630442605253696,5,-13.008130081300816,-2.55118110236221,-10.456948978938605,3.6302883319859878,0.0,0.0,-0.125,5.213873873127489,-26.637648153589975,13.629518072289159,,5,798
research_oof,fold_4,opposite_wing_capitulation_rebound,2026-02-16,2026-02-16 04:43:00+00:00,NSE_FO|48233|17-02-2026,2026-02-17,PE,25900.0,345.75,0.520607375271153,0.420607375271153,-0.479392624728847,13.600000000000023,5.75,3.933477946493137,5,-8.763837638376382,-8.376001050282266,-0.3878365880941157,4.622641509433962,-0.006445745017399557,0.125,0.125,4.377914746565401,-39.408998928698956,30.645161290322577,,1,613
research_oof,fold_4,opposite_wing_capitulation_rebound,2026-02-17,2026-02-17 04:56:00+00:00,NSE_FO|48235|17-02-2026,2026-02-17,PE,25950.0,243.9,-5.65805658056581,-5.7580565805658095,-6.65805658056581,2.9000000000000057,21.30000000000001,1.1890118901189035,5,-9.204630321135177,1.6592706926490397,-10.863901013784217,3.0762711864406778,0.0,0.0,-0.625,3.420909072205332,-54.79286561525284,45.588235294117666,,0,626
research_oof,fold_4,opposite_wing_capitulation_rebound,2026-02-18,2026-02-18 04:27:00+00:00,NSE_FO|64858|24-02-2026,2026-02-24,CE,25650.0,162.05,-2.4683739586547357,-2.568373958654736,-3.4683739586547357,2.4499999999999886,8.800000000000011,1.5118790496760188,5,-10.513245033112572,-10.002718129926603,-0.5105269031859692,2.949602122015915,0.25007368110816386,0.0,0.0,4.553300730276378,-33.93128190406425,23.418036870951674,,6,597
research_oof,fold_4,opposite_wing_capitulation_rebound,2026-02-19,2026-02-19 08:47:00+00:00,NSE_FO|64865|24-02-2026,2026-02-24,PE,25800.0,257.2,3.7713841368584715,3.6713841368584714,2.7713841368584715,10.400000000000034,7.949999999999989,4.043545878693637,5,-8.65470055091524,-7.1107110711071115,-1.543989479808129,3.6051177667926724,-0.04768589539494631,0.0,0.0,3.160353868337153,-16.013191116952964,7.358490566037723,,5,857
research_oof,fold_4,opposite_wing_capitulation_rebound,2026-02-20,2026-02-20 04:16:00+00:00,NSE_FO|64859|24-02-2026,2026-02-24,PE,25650.0,218.05,-11.92387067186425,-12.02387067186425,-12.92387067186425,1.1999999999999886,27.5,0.5503324925475755,5,-9.098497495826374,-8.286014721345946,-0.8124827744804275,3.226525198938992,0.026332115530433582,0.25,-0.125,5.056564851418969,-24.10298985880931,15.004492362982935,-9.69396076628982,4,586
research_oof,fold_4,opposite_wing_capitulation_rebound,2026-02-23,2026-02-23 05:14:00+00:00,NSE_FO|64858|24-02-2026,2026-02-24,CE,25650.0,107.45,-0.9306654257794323,-1.0306654257794323,-1.9306654257794325,4.200000000000003,5.3500000000000085,3.9087947882736183,5,-12.895377128953767,-7.727272727272727,-5.16810440168104,3.39930505284494,0.0,0.0,0.0,6.548118027167444,-38.86117826891577,25.965801139962007,,1,644
research_oof,fold_1,synchronised_negative_surface_rebound,2025-03-21,2025-03-21 04:15:00+00:00,NSE_FO|49835|27-03-2025,2025-03-27,PE,23250.0,110.65,6.326253953908721,6.226253953908722,5.326253953908721,10.849999999999994,2.6500000000000057,9.805693628558512,5,-13.325517780382956,-9.123940250302788,-4.2015775300801685,1.9081484553182666,0.2346115035317861,0.0,0.0,0.6370802193864761,-28.922256105067913,15.596738324684956,,6,585
research_oof,fold_1,synchronised_negative_surface_rebound,2025-03-24,2025-03-24 04:18:00+00:00,NSE_FO|48696|27-03-2025,2025-03-27,PE,23200.0,34.15,0.14641288433383387,0.046412884333833865,-0.8535871156661661,1.3900000000000006,3.9499999999999993,4.070278184480236,5,-12.65984654731458,4.306864064602967,-16.966710611917545,0.8282526993974826,-0.0010033864291985452,0.0,-1.0,0.46255842017110255,-18.795377682845693,6.135531135531114,,3,588
research_oof,fold_1,synchronised_negative_surface_rebound,2025-03-28,2025-03-28 06:52:00+00:00,NSE_FO|54714|03-04-2025,2025-04-03,CE,23550.0,139.3,-3.847810480976319,-3.9478104809763193,-4.847810480976319,0.799999999999983,7.300000000000011,0.5743000717874966,5,-10.17058255551978,-9.740259740259738,-0.4303228152600429,2.283083511777302,0.0,0.0,0.0,0.4869124471495049,-23.01901461126893,12.848432055749148,,6,742
research_oof,fold_1,synchronised_negative_surface_rebound,2025-04-03,2025-04-03 04:36:00+00:00,NSE_FO|43888|09-04-2025,2025-04-09,PE,23050.0,81.65,-0.796080832823032,-0.896080832823032,-1.796080832823032,1.5,1.4500000000000028,1.8371096142069807,5,-10.954446854663779,-7.809939923539044,-3.1445069311247345,2.5135135135135136,0.01910577112467993,0.0,0.0,0.5707748681966249,-17.826874838202865,6.872427983539087,,6,606
research_oof,fold_1,synchronised_negative_surface_rebound,2025-04-04,2025-04-04 04:43:00+00:00,NSE_FO|43896|09-04-2025,2025-04-09,CE,23200.0,48.95,12.665985699693556,12.565985699693556,11.665985699693556,7.099999999999994,2.5500000000000043,14.504596527068426,5,-10.675182481751811,-6.672443674176776,-4.002738807575035,1.3410485220301172,0.0,0.0,0.0,0.5788627385325191,-16.22827605598054,5.553093574228729,,5,613
research_oof,fold_1,synchronised_negative_surface_rebound,2025-04-08,2025-04-08 08:05:00+00:00,NSE_FO|43887|09-04-2025,2025-04-09,CE,23050.0,41.65,-20.288115246098428,-20.38811524609843,-21.288115246098428,1.75,12.7,4.201680672268908,5,-12.605042016806722,-9.051724137931028,-3.553317878875694,1.2125540311971434,0.0,0.0,0.0,0.4189007501623575,-20.86236902641394,8.257327009607218,,1,815
research_oof,fold_1,synchronised_negative_surface_rebound,2025-04-25,2025-04-25 04:17:00+00:00,NSE_FO|51994|30-04-2025,2025-04-30,CE,24300.0,134.4,-6.808035714285718,-6.908035714285718,-7.808035714285718,10.099999999999994,10.900000000000006,7.514880952380948,5,-11.89773844641101,-7.575185604630674,-4.322552841780336,1.1906611637128752,0.0,0.0,0.0,0.5459894114642668,-22.920624948045756,11.022886501634744,,5,587
research_oof,fold_1,synchronised_negative_surface_rebound,2025-05-02,2025-05-02 06:59:00+00:00,NSE_FO|38598|08-05-2025,2025-05-08,CE,24200.0,225.05,2.688291490779819,2.588291490779819,1.688291490779819,11.949999999999989,0.0,5.3099311264163465,5,-13.218502032126967,-8.72069924513309,-4.497802786993876,5.214788732394366,0.0,0.0,0.0,0.6421617430860609,-35.22065778529323,22.002155753166264,,6,749
research_oof,fold_1,synchronised_negative_surface_rebound,2025-05-09,2025-05-09 04:44:00+00:00,NSE_FO|46251|15-05-2025,2025-05-15,PE,24050.0,254.0,2.0472440944881845,1.9472440944881844,1.0472440944881845,8.0,9.150000000000006,3.149606299212598,5,-15.659843567981358,-12.051324779203476,-3.6085187887778822,1.0468826465694432,0.0,0.0,0.0,0.5350211595965945,-37.188114209098,21.52827064111664,,6,614
research_oof,fold_1,synchronised_negative_surface_rebound,2025-05-16,2025-05-16 08:12:00+00:00,NSE_FO|49262|22-05-2025,2025-05-22,CE,25150.0,114.35,0.8307826847398364,0.7307826847398364,-0.1692173152601636,0.9500000000000028,2.549999999999997,0.8307826847398364,5,-10.503540519276156,-5.443548387096775,-5.059992132179381,1.3280757097791798,0.0,0.0,0.0,0.5383963834771947,-18.26421686872337,7.760676349447215,,6,822
research_oof,fold_2,synchronised_negative_surface_rebound,2025-05-27,2025-05-27 04:31:00+00:00,NSE_FO|61693|29-05-2025,2025-05-29,CE,24750.0,220.65,4.803988216632674,4.703988216632674,3.803988216632674,21.650000000000006,3.6500000000000057,9.811919329254478,5,-11.169249345944854,-8.853754940711466,-2.3154944052333875,2.538003965631196,0.0,0.0,0.0,0.5852144568339682,-22.488977237101324,11.319727891156472,,2,601
research_oof,fold_2,synchronised_negative_surface_rebound,2025-06-04,2025-06-04 04:21:00+00:00,NSE_FO|40475|05-06-2025,2025-06-05,CE,24700.0,41.3,19.491525423728824,19.391525423728822,18.491525423728824,10.200000000000003,0.0,24.69733656174335,5,-16.61600810536982,-2.8697571743929284,-13.74625093097689,1.0157195909853995,0.010329575863455486,0.0,0.0,0.30244328163623285,-25.17673576722107,8.560727661851253,,1,591
research_oof,fold_3,synchronised_negative_surface_rebound,2025-07-28,2025-07-28 04:15:00+00:00,NSE_FO|55799|31-07-2025,2025-07-31,CE,25000.0,53.85,11.23491179201485,11.13491179201485,10.23491179201485,6.799999999999997,2.25,12.62766945218198,5,-10.918114143920599,-21.12449799196787,10.206383848047272,1.0253695643649767,0.0,0.0,0.0,0.32091664002352566,-19.02487393439204,8.10675979047144,,3,585
research_oof,fold_3,synchronised_negative_surface_rebound,2025-07-30,2025-07-30 04:17:00+00:00,NSE_FO|55795|31-07-2025,2025-07-31,CE,24900.0,49.2,-14.634146341463419,-14.734146341463418,-15.634146341463419,0.19999999999999574,8.200000000000003,0.4065040650406417,5,-18.75,5.992509363295895,-24.742509363295895,1.1596789013008366,-0.025652127357458438,0.0,-1.0,0.31159146604345733,-39.60499711149623,20.854997111496232,,1,587
research_oof,fold_3,synchronised_negative_surface_rebound,2025-08-01,2025-08-01 04:34:00+00:00,NSE_FO|39853|07-08-2025,2025-08-07,PE,24650.0,113.0,-1.1061946902654867,-1.2061946902654868,-2.106194690265487,4.5,2.8499999999999943,3.982300884955752,5,-10.047846889952162,-12.4951342934994,2.4472874035472376,0.9163460678178402,0.0,0.0,0.0,0.634412017587133,-19.093627364304055,9.045780474351893,,6,604
research_oof,fold_3,synchronised_negative_surface_rebound,2025-08-04,2025-08-04 04:18:00+00:00,NSE_FO|39852|07-08-2025,2025-08-07,CE,24650.0,110.7,14.950316169828362,14.850316169828362,13.950316169828362,37.3,0.29999999999999716,33.694670280036135,5,-15.113156885308776,-20.15005359056805,5.036896705259274,1.378635725063739,0.05281944564871817,0.0,0.0,0.29061555604453654,-38.05536354030002,22.94220665499125,,3,588
research_oof,fold_3,synchronised_negative_surface_rebound,2025-08-05,2025-08-05 04:17:00+00:00,NSE_FO|39854|07-08-2025,2025-08-07,CE,24700.0,75.9,-0.3952569169960624,-0.49525691699606245,-1.3952569169960625,1.0999999999999943,4.450000000000003,1.449275362318833,5,-10.448642266824093,-1.5834348355663774,-8.865207431257716,1.6360817219992703,0.0,0.0,0.0,0.35334091776106874,-22.295588550856472,11.846946284032377,,2,587
research_oof,fold_3,synchronised_negative_surface_rebound,2025-08-06,2025-08-06 07:21:00+00:00,NSE_FO|39852|07-08-2025,2025-08-07,CE,24650.0,49.45,3.5389282103134474,3.4389282103134473,2.5389282103134474,2.25,2.9000000000000057,4.55005055611729,5,-15.92844974446338,-7.1367884451996595,-8.79166129926372,1.7120053956834533,0.0,0.0,0.0,0.5396307959486855,-30.92261543874576,14.99416569428238,,1,771
research_oof,fold_3,synchronised_negative_surface_rebound,2025-08-08,2025-08-08 06:32:00+00:00,NSE_FO|44496|14-08-2025,2025-08-14,CE,24650.0,56.35,1.5084294587400202,1.4084294587400201,0.5084294587400202,1.4499999999999957,2.3000000000000043,2.573203194321199,5,-9.687750200160139,-7.775211701308704,-1.9125384988514345,5.407932011331445,0.0,0.0,0.0,0.43993744097634246,-16.846817664571113,7.159067464410973,,6,722
research_oof,fold_3,synchronised_negative_surface_rebound,2025-08-11,2025-08-11 05:42:00+00:00,NSE_FO|44496|14-08-2025,2025-08-14,CE,24650.0,45.75,6.557377049180328,6.457377049180328,5.557377049180328,3.200000000000003,2.75,6.994535519125689,5,-10.381978452497542,-6.666666666666677,-3.715311785830865,3.9560499186109603,-0.012792728684176477,0.0,0.0,0.6395134292878265,-18.063919153306173,7.681940700808632,,3,672
research_oof,fold_3,synchronised_negative_surface_rebound,2025-08-18,2025-08-18 06:45:00+00:00,NSE_FO|47212|21-08-2025,2025-08-21,CE,24850.0,146.9,8.74744724302246,8.64744724302246,7.74744724302246,14.299999999999983,3.6500000000000057,9.73451327433627,5,-7.764558547276124,-6.632814979371638,-1.1317435679044863,5.666900913562896,0.0,0.0,0.0,0.4865388517703087,-22.850272832990406,15.08571428571428,,3,735
research_oof,fold_3,synchronised_negative_surface_rebound,2025-08-22,2025-08-22 04:47:00+00:00,NSE_FO|71976|28-08-2025,2025-08-28,CE,25050.0,76.05,-5.654174884944112,-5.754174884944112,-6.654174884944112,0.15000000000000568,6.049999999999997,0.1972386587771278,5,-10.277613703484946,-4.266826923076916,-6.010786780408029,2.5100531305344305,0.0,0.0,0.0,0.44170016105544135,-20.896506211628285,10.61889250814334,,6,617
research_oof,fold_3,synchronised_negative_surface_rebound,2025-08-28,2025-08-28 05:04:00+00:00,NSE_FO|48944|02-09-2025,2025-09-02,PE,24750.0,174.0,3.8793103448275863,3.779310344827586,2.8793103448275863,7.5,8.0,4.310344827586207,5,-8.913213448006251,-4.737116085372195,-4.1760973626340565,5.253218884120171,0.0,0.0,0.0,0.45126745317730305,-24.240594400387202,15.327380952380953,,5,634
research_oof,fold_3,synchronised_negative_surface_rebound,2025-08-29,2025-08-29 04:30:00+00:00,NSE_FO|48939|02-09-2025,2025-09-02,CE,24700.0,34.35,-1.8922852983988312,-1.9922852983988313,-2.892285298398831,2.0,2.5,5.822416302765648,5,-12.515964240102173,-2.5503355704698083,-9.965628669632364,1.6980607584883183,0.010807916674448866,0.0,0.0,0.4983584527471969,-21.452448730500983,8.936484490398811,,4,600
research_oof,fold_3,synchronised_negative_surface_rebound,2025-09-01,2025-09-01 06:17:00+00:00,NSE_FO|48935|02-09-2025,2025-09-02,CE,24600.0,36.35,-0.13755158184320293,-0.23755158184320294,-1.137551581843203,1.5,1.3500000000000014,4.126547455295736,5,-10.880195599021992,-5.1470588235293935,-5.733136775492598,2.003431066749844,0.0,0.0,0.0,0.6607804517633139,-23.38019559902199,12.5,,1,707
research_oof,fold_4,synchronised_negative_surface_rebound,2025-12-26,2025-12-26 07:03:00+00:00,NSE_FO|65629|30-12-2025,2025-12-30,CE,26150.0,32.7,0.15290519877674968,0.05290519877674968,-0.8470948012232503,1.0,0.7000000000000028,3.0581039755351678,5,-11.660777385159005,-11.087589309341094,-0.5731880758179102,3.2455232789494626,0.0,0.0,0.0,0.5136839448548278,-23.322191162736683,11.661413777577678,,4,753
research_oof,fold_4,synchronised_negative_surface_rebound,2026-01-14,2026-01-14 08:53:00+00:00,NSE_FO|47611|20-01-2026,2026-01-20,CE,25650.0,118.25,2.2410147991543385,2.1410147991543385,1.2410147991543385,6.75,4.599999999999994,5.708245243128964,5,-10.281797410510297,-4.006046863189727,-6.27575054732057,1.734472193853867,0.00588339222614841,0.0,0.0,0.5386263370339878,-22.522186274849656,12.240388864339359,,6,863
research_oof,fold_4,synchronised_negative_surface_rebound,2026-01-19,2026-01-19 04:24:00+00:00,NSE_FO|47611|20-01-2026,2026-01-20,CE,25650.0,41.1,-0.9732360097323567,-1.0732360097323568,-1.9732360097323567,3.799999999999997,1.1000000000000014,9.245742092457414,5,-13.679745493107099,-4.496788008565311,-9.182957484541788,1.4763128352251467,0.0,0.0,0.0,0.6676791147556361,-23.8027631305756,10.1230176374685,,1,594
research_oof,fold_4,synchronised_negative_surface_rebound,2026-01-21,2026-01-21 05:12:00+00:00,NSE_FO|58663|27-01-2026,2026-01-27,CE,25050.0,172.5,-1.0724637681159388,-1.1724637681159389,-2.072463768115939,8.650000000000006,6.300000000000011,5.014492753623192,5,-14.136386261821809,-6.894853484363461,-7.241532777458348,4.652539276580197,0.0,0.0,0.0,0.32680444232412226,-38.768584664512005,24.632198402690197,,6,642
research_oof,fold_4,synchronised_negative_surface_rebound,2026-01-22,2026-01-22 06:12:00+00:00,NSE_FO|58663|27-01-2026,2026-01-27,CE,25050.0,256.35,-4.739613809245186,-4.8396138092451855,-5.739613809245186,3.6499999999999773,15.100000000000023,1.4238346011312568,5,-10.467355154909852,-7.982683982683991,-2.4846711722258608,2.7636363636363637,0.0,0.0,0.0,0.6357916758691793,-26.038027868439706,15.570672713529854,,5,702
research_oof,fold_4,synchronised_negative_surface_rebound,2026-01-23,2026-01-23 07:50:00+00:00,NSE_FO|58663|27-01-2026,2026-01-27,CE,25050.0,183.7,-2.1774632553075666,-2.2774632553075667,-3.1774632553075666,3.0500000000000114,13.349999999999994,1.6603157321720259,5,-8.174999999999999,-14.10788381742738,5.932883817427381,2.198369565217391,0.07872846108140226,0.0,0.0,0.5464772915374422,-29.681550218340625,21.506550218340625,,4,800
research_oof,fold_4,synchronised_negative_surface_rebound,2026-01-27,2026-01-27 05:21:00+00:00,NSE_FO|58663|27-01-2026,2026-01-27,CE,25050.0,59.55,-14.777497900923589,-14.877497900923588,-15.777497900923589,1.0500000000000043,12.899999999999999,1.7632241813602088,5,-12.711241734019108,-8.333333333333325,-4.377908400685783,1.4161040597713566,0.0,0.0,0.0,0.3720602390727579,-27.827520803786555,15.116279069767447,,0,651
research_oof,fold_4,synchronised_negative_surface_rebound,2026-01-28,2026-01-28 05:07:00+00:00,NSE_FO|49792|03-02-2026,2026-02-03,PE,25200.0,182.05,-1.126064268058232,-1.226064268058232,-2.126064268058232,1.0,11.050000000000011,0.549299642955232,5,-10.103499260719563,-5.498880318487176,-4.604618942232387,1.01057630045327,-0.019031606312785228,0.0,0.0,0.4109802717953672,-18.819351332825107,8.715852072105545,,6,637
research_oof,fold_4,synchronised_negative_surface_rebound,2026-01-29,2026-01-29 04:24:00+00:00,NSE_FO|49789|03-02-2026,2026-02-03,CE,25150.0,232.85,1.266910027914974,1.166910027914974,0.2669100279149741,7.450000000000017,8.150000000000006,3.1994846467683127,5,-10.968851519205035,-7.011494252873563,-3.9573572663314724,3.408271474019088,0.0,0.0,0.0,0.26744000317446714,-28.65919061069575,17.690339091490713,,5,594
research_oof,fold_4,synchronised_negative_surface_rebound,2026-01-30,2026-01-30 06:23:00+00:00,NSE_FO|49790|03-02-2026,2026-02-03,PE,25150.0,135.3,12.158167036215808,12.058167036215808,11.158167036215808,17.849999999999994,1.0500000000000114,13.192904656319286,5,-10.437375745526833,-7.269089696565512,-3.1682860489613205,1.5389377647442164,0.0,0.0,0.0,0.6521456260704677,-16.629441003220567,6.192065257693735,,4,713
research_oof,fold_4,synchronised_negative_surface_rebound,2026-02-01,2026-02-01 05:42:00+00:00,NSE_FO|49790|03-02-2026,2026-02-03,PE,25150.0,93.0,8.870967741935484,8.770967741935484,7.870967741935484,11.799999999999997,1.4000000000000057,12.68817204301075,5,-15.237226277372251,-20.161290322580648,4.924064045208397,2.012958963282937,0.0,0.0,0.0,0.6681133170330319,-24.729885094060734,9.492658816688483,,2,672
research_oof,fold_4,synchronised_negative_surface_rebound,2026-02-06,2026-02-06 04:33:00+00:00,NSE_FO|42532|10-02-2026,2026-02-10,CE,25750.0,42.3,1.0638297872340492,0.9638297872340492,0.0638297872340492,3.6000000000000014,2.75,8.510638297872344,5,-11.89979123173277,-7.979274611398967,-3.920516620333803,2.7229842061512883,0.0,0.0,0.0,0.42289037465832396,-18.242684260830533,6.3428930290977625,,4,603
research_oof,fold_4,synchronised_negative_surface_rebound,2026-02-12,2026-02-12 08:19:00+00:00,NSE_FO|48232|17-02-2026,2026-02-17,CE,25900.0,83.7,1.1350059737156546,1.0350059737156545,0.1350059737156546,1.5499999999999972,2.1000000000000085,1.8518518518518483,5,-9.214092140921403,-6.382978723404264,-2.8311134175171393,2.7419136960600374,0.0,0.0,0.0,0.6315379378099893,-20.902403829233087,11.688311688311682,,5,829
research_oof,fold_4,synchronised_negative_surface_rebound,2026-02-19,2026-02-19 04:45:00+00:00,NSE_FO|64858|24-02-2026,2026-02-24,CE,25650.0,189.45,0.5014515703351898,0.40145157033518986,-0.49854842966481017,9.550000000000011,0.5,5.040907891264192,5,-8.499879605104743,-7.233838019706806,-1.2660415853979368,1.8018114011720832,0.0,0.0,0.0,0.32600834911767596,-27.954559045045805,19.45467943994106,,5,615
research_oof,fold_4,synchronised_negative_surface_rebound,2026-02-20,2026-02-20 04:38:00+00:00,NSE_FO|64860|24-02-2026,2026-02-24,CE,25700.0,51.1,3.0332681017612466,2.9332681017612465,2.0332681017612466,7.799999999999997,2.950000000000003,15.264187866927587,5,-9.94718309859155,-4.773662551440328,-5.173520547151222,2.534765862558281,0.0,0.0,0.0,0.23742486970811036,-18.045266758183566,8.098083659592014,,4,608
research_oof,fold_1,late_day_inventory_reversal,2025-03-21,2025-03-21 07:50:00+00:00,NSE_FO|48346|27-03-2025,2025-03-27,PE,23050.0,33.85,-5.1698670605613,-5.2698670605613,-6.1698670605613,0.6899999999999977,2.6000000000000014,2.0384047267355916,5,-13.247753530166884,-0.38578120694405804,-12.861972323222826,2.9174950298210733,0.0,0.0,0.0,0.6767408194246037,-20.42028191565567,7.172528385488786,,6,800
research_oof,fold_1,late_day_inventory_reversal,2025-03-26,2025-03-26 07:48:00+00:00,NSE_FO|49834|27-03-2025,2025-03-27,CE,23250.0,332.3,5.311465543183863,5.211465543183864,4.311465543183863,28.44999999999999,2.3000000000000114,8.561540776406858,5,-10.128118678354692,-1.9815418023886977,-8.146576875965994,3.979381443298969,0.0,0.0,-0.2,1.5433009584088324,-64.72271327294928,54.59459459459459,,1,798
research_oof,fold_1,late_day_inventory_reversal,2025-03-28,2025-03-28 08:18:00+00:00,NSE_FO|54714|03-04-2025,2025-04-03,CE,23550.0,93.3,1.7684887459807137,1.6684887459807136,0.7684887459807137,4.1000000000000085,2.0,4.394426580921767,5,-14.836660617059893,-0.18832391713747842,-14.648336699922414,3.3835438937479756,-0.005992159411752757,0.0,-0.4,0.7382569020885136,-30.33363731384636,15.496976696786469,,6,828
research_oof,fold_1,late_day_inventory_reversal,2025-04-25,2025-04-25 08:20:00+00:00,NSE_FO|52001|30-04-2025,2025-04-30,PE,24350.0,294.25,3.653355989804588,3.553355989804588,2.653355989804588,18.94999999999999,0.0,6.4401019541206415,5,-11.441387559808614,-4.866326224091311,-6.575061335717304,4.578512396694215,0.0,0.125,-0.125,6.863460805427796,-31.218200951005137,19.776813391196523,-3.6092331940235454,5,830
research_oof,fold_1,late_day_inventory_reversal,2025-04-30,2025-04-30 07:30:00+00:00,NSE_FO|51994|30-04-2025,2025-04-30,CE,24300.0,46.9,0.6396588486140816,0.5396588486140816,-0.3603411513859184,3.75,0.14999999999999858,7.995735607675907,5,-19.641332194705384,-11.158798283261806,-8.482533911443578,3.3243073612480947,0.0,0.0,0.0,10.49861050965565,-64.17258219470538,44.53125,,0,780
research_oof,fold_1,late_day_inventory_reversal,2025-05-08,2025-05-08 07:53:00+00:00,NSE_FO|38604|08-05-2025,2025-05-08,CE,24350.0,30.95,9.369951534733447,9.269951534733448,8.369951534733447,4.84,6.099999999999998,15.638126009693053,5,-23.536585365853657,3.544303797468351,-27.08088916332201,5.052220698385906,0.0,0.0,-1.0,6.883638855010997,-114.01277584204414,90.47619047619048,,0,803
research_oof,fold_1,late_day_inventory_reversal,2025-05-20,2025-05-20 07:42:00+00:00,NSE_FO|49245|22-05-2025,2025-05-22,CE,25000.0,60.35,-1.1599005799502948,-1.259900579950295,-2.159900579950295,2.3500000000000014,2.25,3.893951946975976,5,-14.457831325301196,-5.595930232558133,-8.861901092743064,2.9851720047449586,0.0,0.0,0.0,5.463764581257205,-22.88336324019481,8.425531914893615,,2,792
research_oof,fold_1,late_day_inventory_reversal,2025-05-21,2025-05-21 07:48:00+00:00,NSE_FO|49237|22-05-2025,2025-05-22,PE,24950.0,187.5,6.026666666666673,5.926666666666673,5.026666666666673,11.300000000000011,12.050000000000011,6.026666666666673,5,-13.039443155452435,-4.361726421557421,-8.677716733895014,4.161354581673307,0.0,0.375,0.25,15.395405275598579,-26.543691180493433,13.504248025040999,51.02157930799876,1,798
research_oof,fold_1,late_day_inventory_reversal,2025-05-22,2025-05-22 09:10:00+00:00,NSE_FO|49237|22-05-2025,2025-05-22,PE,24950.0,401.3,4.859207575380014,4.759207575380015,3.8592075753800144,34.64999999999998,22.650000000000034,8.634438076252174,5,-18.270528391985884,-4.117156556180945,-14.15337183580494,9.9375,-0.011681728014106238,0.125,0.0,22.649121761498048,-211.60386172531926,193.33333333333337,100.0,0,880
research_oof,fold_2,late_day_inventory_reversal,2025-05-27,2025-05-27 08:29:00+00:00,NSE_FO|61689|29-05-2025,2025-05-29,CE,24650.0,286.75,-1.150828247602445,-1.250828247602445,-2.150828247602445,5.449999999999989,14.050000000000011,1.900610287707058,5,-9.37709738246667,-1.5519673930083022,-7.825129989458368,7.430555555555555,0.0,0.0,0.0,0.39872070073020305,-25.422551927921212,16.04545454545454,,2,839
research_oof,fold_2,late_day_inventory_reversal,2025-05-28,2025-05-28 08:38:00+00:00,NSE_FO|61692|29-05-2025,2025-05-29,PE,24700.0,63.35,1.3417521704814546,1.2417521704814545,0.34175217048145456,1.9499999999999957,1.8000000000000043,3.0781373322809715,5,-16.060806345009926,-9.895150720838785,-6.165655624171141,3.43463458919655,0.0,0.0,0.0,9.693155202420575,-26.086400951414813,10.025594606404887,,1,848
research_oof,fold_2,late_day_inventory_reversal,2025-05-29,2025-05-29 08:31:00+00:00,NSE_FO|61685|29-05-2025,2025-05-29,CE,24550.0,181.4,-3.4729878721058496,-3.5729878721058497,-4.47298787210585,9.150000000000006,8.900000000000006,5.044101433296585,5,-10.853658536585364,1.8011161846778423,-12.654774721263205,3.422319474835886,0.001967799642218247,0.0,-0.8333333,13.232354702659595,-39.801026957638015,28.947368421052655,,0,841
research_oof,fold_2,late_day_inventory_reversal,2025-06-02,2025-06-02 09:02:00+00:00,NSE_FO|40487|05-06-2025,2025-06-05,CE,24900.0,126.5,-1.027667984189721,-1.127667984189721,-2.027667984189721,1.3499999999999943,7.5,1.0671936758893237,5,-12.992398064961975,-5.3475935828877,-7.644804482074275,3.848605577689243,0.0,0.0,0.0,5.894806400008974,-20.792909573913377,7.800511508951402,,3,872
research_oof,fold_2,late_day_inventory_reversal,2025-06-03,2025-06-03 07:53:00+00:00,NSE_FO|40487|05-06-2025,2025-06-05,CE,24900.0,65.45,-10.847975553857909,-10.947975553857908,-11.847975553857909,0.45000000000000284,7.450000000000003,0.6875477463712801,5,-12.608405603735829,-0.47554347826086474,-12.132862125474965,3.5986680686996144,0.0,0.0,-0.5714286,5.419658249735157,-12.348504613636813,-0.2599009900990157,,2,803
research_oof,fold_2,late_day_inventory_reversal,2025-06-05,2025-06-05 08:00:00+00:00,NSE_FO|40475|05-06-2025,2025-06-05,CE,24700.0,63.95,-24.784988272087567,-24.88498827208757,-25.784988272087567,0.45000000000000284,19.900000000000006,0.703674745895235,5,-19.698870765370135,-3.4825870646766344,-16.216283700693502,5.119631103343126,0.1339972838388411,0.14285715,-0.28571427,8.157593508286721,-120.95673240059025,101.25786163522012,34.5323823079234,0,810
research_oof,fold_2,late_day_inventory_reversal,2025-06-09,2025-06-09 09:00:00+00:00,NSE_FO|44855|12-06-2025,2025-06-12,PE,24750.0,31.5,2.5396825396825307,2.4396825396825306,1.5396825396825307,1.7000000000000028,0.0,5.396825396825406,5,-10.511363636363647,-2.7142857142857246,-7.797077922077923,4.340983606557377,0.0,0.0,-0.125,3.90130490970967,-13.69449174744566,3.183128111082012,,3,870
research_oof,fold_2,late_day_inventory_reversal,2025-06-12,2025-06-12 07:56:00+00:00,NSE_FO|44858|12-06-2025,2025-06-12,CE,24850.0,159.5,-25.391849529780565,-25.491849529780566,-26.391849529780565,0.09999999999999432,51.7,0.06269592476488672,5,-12.510288065843621,-2.908399021473218,-9.601889044370402,3.5505050505050506,0.0,0.0,0.0,4.8971381454978635,-60.051271672401,47.54098360655738,,0,806
research_oof,fold_2,late_day_inventory_reversal,2025-06-23,2025-06-23 07:51:00+00:00,NSE_FO|62396|26-06-2025,2025-06-26,PE,24900.0,92.8,1.8857758620689655,1.7857758620689654,0.8857758620689655,3.8500000000000085,2.6499999999999915,4.148706896551733,5,-16.681614349775774,-10.648769574944073,-6.032844774831702,4.730764465369843,0.0,0.125,0.0,9.595703939621623,-47.823580912541445,31.141966562765667,-0.0,3,801
research_oof,fold_2,late_day_inventory_reversal,2025-06-24,2025-06-24 07:30:00+00:00,NSE_FO|62387|26-06-2025,2025-06-26,CE,24800.0,462.25,3.1368307193077336,3.0368307193077335,2.1368307193077336,20.94999999999999,9.649999999999977,4.5321795565170335,5,-11.855670103092775,-4.648956356736244,-7.206713746356531,3.6790697674418604,0.0,0.0,0.0,1.1082789458018116,-37.50502075244343,25.649350649350655,,2,780
research_oof,fold_2,late_day_inventory_reversal,2025-06-30,2025-06-30 07:45:00+00:00,NSE_FO|56888|03-07-2025,2025-07-03,CE,25550.0,110.15,3.49523377212891,3.39523377212891,2.49523377212891,6.299999999999997,1.5,5.719473445301858,5,-9.926470588235304,-1.8510727808161431,-8.075397807419161,2.949657672170761,0.0,0.0,0.0,4.174610354841858,-25.20571189487386,15.279241306638557,,3,795
research_oof,fold_2,late_day_inventory_reversal,2025-07-03,2025-07-03 08:04:00+00:00,NSE_FO|56960|03-07-2025,2025-07-03,PE,25600.0,101.3,-39.73346495557749,-39.83346495557749,-40.73346495557749,3.3500000000000085,44.0,3.3070088845014896,5,-11.429813124728373,-1.58052114480991,-9.849291979918462,3.0913909549457124,0.018434456449928607,0.125,-0.125,27.520222296987022,-41.79418559436401,30.364372469635637,90.55823888150553,0,814
research_oof,fold_2,late_day_inventory_reversal,2025-07-04,2025-07-04 09:05:00+00:00,NSE_FO|40057|10-07-2025,2025-07-10,PE,25550.0,207.0,-10.144927536231885,-10.244927536231884,-11.144927536231885,0.4000000000000057,27.0,0.19323671497584816,5,-9.32166301969366,-1.5749778172138518,-7.746685202479807,8.828358208955224,0.0,0.0,-0.125,3.838182406643123,-29.486838518661294,20.165175498967635,,6,875
research_oof,fold_2,late_day_inventory_reversal,2025-07-07,2025-07-07 09:01:00+00:00,NSE_FO|40051|10-07-2025,2025-07-10,CE,25550.0,69.4,4.899135446685866,4.799135446685867,3.8991354466858663,4.3999999999999915,0.0,6.340057636887596,5,-13.545568039950052,-3.900928792569669,-9.644639247380383,6.548915917503966,-0.004394161321278852,0.0,0.0,4.904531755344966,-23.202493071716233,9.656925031766184,,3,871
research_oof,fold_2,late_day_inventory_reversal,2025-07-09,2025-07-09 07:34:00+00:00,NSE_FO|40047|10-07-2025,2025-07-10,CE,25450.0,116.1,4.565030146425506,4.465030146425506,3.5650301464255056,8.900000000000006,0.9499999999999886,7.665805340223949,5,-11.542857142857144,-3.424657534246578,-8.118199608610567,8.412565445026178,-0.004797115114220965,0.0,0.0,6.100490824035619,-43.13041851765256,31.587561374795413,,1,784
research_oof,fold_2,late_day_inventory_reversal,2025-07-10,2025-07-10 07:36:00+00:00,NSE_FO|40040|10-07-2025,2025-07-10,CE,25350.0,50.95,-0.29440628066733204,-0.3944062806673321,-1.294406280667332,4.199999999999996,2.1500000000000057,8.243375858684976,5,-14.117647058823524,-5.731394354148844,-8.386252704674678,2.8837240635947183,0.055391615580855195,0.0,0.0,10.27595546882608,-32.217194570135746,18.09954751131222,,0,786
research_oof,fold_2,late_day_inventory_reversal,2025-07-11,2025-07-11 07:39:00+00:00,NSE_FO|47293|17-07-2025,2025-07-17,CE,25300.0,73.15,8.954203691045793,8.854203691045793,7.954203691045793,6.699999999999989,0.25,9.159261790840723,5,-11.090909090909095,-2.6429010448678403,-8.448008046041256,5.48241489561783,0.0,0.0,0.0,4.257909850558964,-21.296670407781527,10.20576131687243,,6,789
research_oof,fold_2,late_day_inventory_reversal,2025-07-14,2025-07-14 07:37:00+00:00,NSE_FO|47282|17-07-2025,2025-07-17,CE,25150.0,64.85,-1.1565150346954511,-1.2565150346954512,-2.156515034695451,0.45000000000000284,4.099999999999994,0.6939090208172751,5,-9.553695955369612,0.4953998584571684,-10.049095813826781,3.76490727532097,0.0,0.0,-0.33333334,3.843059036389683,-18.840108467588568,9.286412512218956,,3,787
research_oof,fold_2,late_day_inventory_reversal,2025-07-15,2025-07-15 08:37:00+00:00,NSE_FO|47282|17-07-2025,2025-07-17,CE,25150.0,94.7,11.87961985216473,11.77961985216473,10.87961985216473,12.849999999999994,0.20000000000000284,13.56916578669482,5,-9.871244635193133,-2.622950819672132,-7.248293815521,4.552059794889622,0.013399062250968327,0.0,0.0,3.6784202409571614,-27.29981606376455,17.428571428571416,,2,847
research_oof,fold_2,late_day_inventory_reversal,2025-07-17,2025-07-17 07:35:00+00:00,NSE_FO|47282|17-07-2025,2025-07-17,CE,25150.0,40.1,7.231920199501244,7.131920199501244,6.231920199501244,5.299999999999997,2.6000000000000014,13.21695760598503,5,-20.238095238095234,-1.5594541910331383,-18.678641047062094,6.245076079400634,0.0,0.0,0.0,10.923816381304288,-52.1658060814687,31.927710843373468,,0,785
research_oof,fold_2,late_day_inventory_reversal,2025-07-18,2025-07-18 07:30:00+00:00,NSE_FO|49489|24-07-2025,2025-07-24,PE,25000.0,124.7,6.495589414595035,6.395589414595035,5.495589414595035,8.249999999999986,4.6000000000000085,6.615878107457887,5,-12.675070028011215,-5.677464298153955,-6.997605729857259,3.4159873463925052,0.002337579542637215,0.25,-0.125,7.513138028934574,-23.983086905648356,11.30801687763714,-0.6305887492490001,6,780
research_oof,fold_2,late_day_inventory_reversal,2025-07-21,2025-07-21 09:05:00+00:00,NSE_FO|49492|24-07-2025,2025-07-24,CE,25100.0,71.7,-1.1157601115760072,-1.2157601115760073,-2.115760111576007,1.2999999999999972,4.700000000000003,1.8131101813110142,5,-10.785536159601005,-1.1650485436893288,-9.620487615911676,2.9272262264589632,0.0,0.0,0.0,4.33151727372356,-21.73059110465596,10.945054945054956,,3,875
research_oof,fold_2,late_day_inventory_reversal,2025-07-22,2025-07-22 07:35:00+00:00,NSE_FO|49519|24-07-2025,2025-07-24,CE,25200.0,37.2,0.8064516129032182,0.7064516129032182,-0.1935483870967818,1.2999999999999972,2.200000000000003,3.4946236559139705,5,-15.489749430523913,-1.4134275618374548,-14.076321868686458,3.9757660491669577,0.0,0.0,0.0,6.516873728935905,-25.51089107957253,10.021141649048616,,2,785
research_oof,fold_2,late_day_inventory_reversal,2025-07-23,2025-07-23 07:52:00+00:00,NSE_FO|49519|24-07-2025,2025-07-24,CE,25200.0,39.8,10.050251256281408,9.950251256281408,9.050251256281408,4.950000000000003,1.75,12.43718592964825,5,-13.47826086956523,1.2008733624454315,-14.67913423201066,3.407400942572875,-0.002076588508453514,0.0,-0.625,5.307065612622228,-22.093645484949832,8.615384615384603,,1,802
research_oof,fold_2,late_day_inventory_reversal,2025-07-24,2025-07-24 08:12:00+00:00,NSE_FO|49495|24-07-2025,2025-07-24,PE,25100.0,36.3,-5.647382920110186,-5.747382920110185,-6.647382920110186,3.6000000000000014,8.999999999999996,9.91735537190083,5,-31.509433962264154,-16.51119402985075,-14.998239932413405,2.919680063197393,0.06732470014073051,0.125,0.0,26.26883177661996,-94.16003637190269,62.65060240963854,-0.0,0,822
research_oof,fold_3,late_day_inventory_reversal,2025-07-29,2025-07-29 08:03:00+00:00,NSE_FO|55798|31-07-2025,2025-07-31,PE,24950.0,202.7,-1.5786877158362058,-1.678687715836206,-2.578687715836206,9.800000000000011,5.099999999999994,4.834731129748403,5,-12.35496347228191,-4.846386845521411,-7.508576626760498,13.657894736842104,0.0,0.25,0.25,9.615600674555122,-38.340626554719194,25.985663082437284,,2,813
research_oof,fold_3,late_day_inventory_reversal,2025-07-30,2025-07-30 07:42:00+00:00,NSE_FO|55797|31-07-2025,2025-07-31,CE,24950.0,30.35,5.930807248764405,5.830807248764406,4.930807248764405,3.9499999999999957,0.10000000000000142,13.014827018121897,5,-14.22535211267606,-3.934871099050208,-10.290481013625852,4.60277554304103,0.0,0.0,0.0,7.102335940151614,-23.603129890453832,9.377777777777773,,1,792
research_oof,fold_3,late_day_inventory_reversal,2025-07-31,2025-07-31 08:07:00+00:00,NSE_FO|55802|31-07-2025,2025-07-31,PE,25050.0,100.25,27.83042394014963,27.730423940149628,26.83042394014963,32.25,8.200000000000003,32.16957605985037,5,-17.491749174917494,-6.268282490597576,-11.223466684319918,2.95125786163522,0.055019192741654066,0.375,0.0,36.736717698995285,-44.414826097994435,26.923076923076938,3.204227357629861,0,817
research_oof,fold_3,late_day_inventory_reversal,2025-08-04,2025-08-04 07:57:00+00:00,NSE_FO|39860|07-08-2025,2025-08-07,CE,24850.0,58.25,5.493562231759661,5.393562231759661,4.493562231759661,3.75,4.350000000000001,6.437768240343347,5,-8.634222919937207,-1.6733067729083673,-6.96091614702884,2.8555422168867546,0.0,0.0,0.0,1.061911099416338,-13.592323478596423,4.9581005586592175,,3,807
research_oof,fold_3,late_day_inventory_reversal,2025-08-06,2025-08-06 08:12:00+00:00,NSE_FO|39854|07-08-2025,2025-08-07,CE,24700.0,35.5,3.5211267605633805,3.4211267605633804,2.5211267605633805,5.049999999999997,0.14999999999999858,14.225352112676049,5,-14.216867469879514,-3.0266343825665842,-11.19023308731293,5.154223924307276,0.0,0.0,0.0,1.6768734864189025,-23.069180637139297,8.852313167259783,,1,822
research_oof,fold_3,late_day_inventory_reversal,2025-08-07,2025-08-07 08:48:00+00:00,NSE_FO|39853|07-08-2025,2025-08-07,PE,24650.0,182.1,-9.088412959912127,-9.188412959912126,-10.088412959912127,7.400000000000006,46.5,4.0637012630422875,5,-22.082355451248137,-9.585666293393057,-12.49668915785508,5.403128760529483,0.0,0.0,0.0,8.946223765734402,-110.3176495688952,88.23529411764707,,0,858
research_oof,fold_3,late_day_inventory_reversal,2025-08-11,2025-08-11 09:00:00+00:00,NSE_FO|44471|14-08-2025,2025-08-14,PE,24450.0,58.85,-1.444350042480886,-1.544350042480886,-2.444350042480886,0.3500000000000014,4.350000000000001,0.5947323704333074,5,-11.127933383800148,-1.9504876219054945,-9.177445761894653,5.184730481488586,0.0,0.0,0.0,0.911593548122403,-20.389398541632186,9.261465157832038,,3,870
research_oof,fold_3,late_day_inventory_reversal,2025-08-12,2025-08-12 08:28:00+00:00,NSE_FO|44493|14-08-2025,2025-08-14,PE,24600.0,70.1,28.744650499286745,28.644650499286744,27.744650499286745,21.80000000000001,0.8999999999999915,31.09843081312413,5,-17.508813160987067,-7.6474022183304236,-9.861410942656644,3.2074600798403194,0.0,0.125,0.0,10.144510457456935,-36.82345490553536,19.31464174454829,,2,838
research_oof,fold_3,late_day_inventory_reversal,2025-08-14,2025-08-14 07:59:00+00:00,NSE_FO|44492|14-08-2025,2025-08-14,CE,24600.0,47.25,7.301587301587308,7.201587301587308,6.301587301587308,3.75,4.149999999999999,7.936507936507936,5,-14.27280939476061,0.37105751391466324,-14.643866908675275,3.218931448890489,0.0,0.0,-0.4,5.34230653281364,-42.78158132458516,28.50877192982455,,0,809
research_oof,fold_3,late_day_inventory_reversal,2025-08-18,2025-08-18 08:30:00+00:00,NSE_FO|47248|21-08-2025,2025-08-21,CE,25050.0,67.2,10.937499999999991,10.837499999999991,9.937499999999991,7.599999999999994,0.5,11.309523809523801,5,-9.292929292929298,-2.6917900403768513,-6.601139252552446,3.160096540627514,0.0,0.0,0.0,1.0017277742962718,-16.614411667138405,7.3214823742091095,,3,840
research_oof,fold_3,late_day_inventory_reversal,2025-08-19,2025-08-19 08:22:00+00:00,NSE_FO|47248|21-08-2025,2025-08-21,CE,25050.0,46.25,-0.8648648648648618,-0.9648648648648618,-1.8648648648648618,3.6499999999999986,1.3999999999999986,7.891891891891889,5,-12.982126058325495,-2.658111824014653,-10.324014234310841,4.296353285120788,-0.00028472097344602287,0.0,0.0,4.582813392766845,-20.840502569551745,7.8583765112262505,,2,832
research_oof,fold_3,late_day_inventory_reversal,2025-08-21,2025-08-21 08:11:00+00:00,NSE_FO|47248|21-08-2025,2025-08-21,CE,25050.0,39.5,20.506329113924053,20.406329113924052,19.506329113924053,15.200000000000003,2.5,38.481012658227854,5,-26.281453867660765,-12.24862888482633,-14.032824982834436,3.4996632996632995,0.0,0.0,0.0,7.335664013629304,-97.19054477675166,70.9090909090909,,0,821
research_oof,fold_3,late_day_inventory_reversal,2025-08-29,2025-08-29 08:27:00+00:00,NSE_FO|48935|02-09-2025,2025-09-02,CE,24600.0,49.95,0.6006006006005948,0.5006006006005949,-0.39939939939940516,1.6499999999999986,2.450000000000003,3.3033033033033004,5,-16.331658291457284,-10.291595197255576,-6.040063094201708,2.908239569501712,0.0,0.0,0.0,0.8425409646005001,-32.80024912337578,16.468590831918494,,4,837
research_oof,fold_3,late_day_inventory_reversal,2025-09-01,2025-09-01 08:00:00+00:00,NSE_FO|48936|02-09-2025,2025-09-02,PE,24600.0,47.25,-4.338624338624332,-4.438624338624332,-5.338624338624332,0.9500000000000028,4.75,2.0105820105820165,5,-16.117542297417632,-4.93942218080149,-11.178120116616142,3.700718468876411,0.019724404668990756,0.0,0.0,3.0207777322830425,-35.76904278144474,19.651500484027107,,1,810
research_oof,fold_3,late_day_inventory_reversal,2025-09-02,2025-09-02 07:41:00+00:00,NSE_FO|48939|02-09-2025,2025-09-02,CE,24700.0,47.55,2.523659305993697,2.423659305993697,1.523659305993697,4.25,2.549999999999997,8.937960042060988,5,-19.932716568544993,-11.332801276935356,-8.599915291609637,4.5530014448968865,0.0,0.0,0.0,7.053814519284122,-53.90400843457371,33.97129186602872,,0,791
research_oof,fold_3,late_day_inventory_reversal,2025-12-01,2025-12-01 08:31:00+00:00,NSE_FO|46817|02-12-2025,2025-12-02,PE,26350.0,154.0,-0.876623376623373,-0.976623376623373,-1.8766233766233729,4.400000000000006,11.300000000000011,2.8571428571428608,5,-9.160756501182032,-0.9192760700948099,-8.241480431087222,3.0051546391752577,0.0,0.0,0.0,5.106150291199072,-22.585414035428606,13.424657534246576,,1,841
research_oof,fold_3,late_day_inventory_reversal,2025-12-04,2025-12-04 08:40:00+00:00,NSE_FO|41906|09-12-2025,2025-12-09,PE,26050.0,113.35,2.646669607410675,2.5466696074106747,1.6466696074106748,5.400000000000006,2.75,4.76400529333922,5,-11.913077221575474,-3.205128205128205,-8.70794901644727,3.8030161981009125,0.0,0.0,0.0,3.8747972506771453,-28.05342809876846,16.140350877192986,,5,850
research_oof,fold_3,late_day_inventory_reversal,2025-12-05,2025-12-05 09:16:00+00:00,NSE_FO|41907|09-12-2025,2025-12-09,CE,26100.0,111.15,13.720197930724245,13.620197930724245,12.720197930724245,16.69999999999999,2.3500000000000085,15.024741340530804,5,-13.875968992248067,-3.716744913928016,-10.159224078320051,4.855930259233769,0.0,0.0,0.0,1.933887713722242,-36.06346899224807,22.187500000000004,,4,886
research_oof,fold_3,late_day_inventory_reversal,2025-12-08,2025-12-08 07:50:00+00:00,NSE_FO|41903|09-12-2025,2025-12-09,CE,26000.0,79.15,-7.83322804801011,-7.933228048010109,-8.83322804801011,3.5,8.450000000000003,4.421983575489576,5,-25.165250236071767,-11.059044048734767,-14.106206187337,4.315254330947973,0.0,0.0,0.0,10.76254875532109,-74.83499924531878,49.66974900924701,,1,800
research_oof,fold_3,late_day_inventory_reversal,2025-12-10,2025-12-10 07:49:00+00:00,NSE_FO|48211|16-12-2025,2025-12-16,PE,25750.0,80.3,-1.1207970112079595,-1.2207970112079596,-2.1207970112079595,2.700000000000003,2.950000000000003,3.362391033623914,5,-13.62660944206009,-3.3726812816188834,-10.253928160441207,3.0299360914900775,0.0,0.375,0.0,8.775615647323436,-22.17981326925638,8.553203827196288,3.4781963915411325,6,799
research_oof,fold_3,late_day_inventory_reversal,2025-12-12,2025-12-12 08:34:00+00:00,NSE_FO|48223|16-12-2025,2025-12-16,PE,25950.0,40.05,-10.237203495630448,-10.337203495630447,-11.237203495630448,1.25,4.25,3.1210986267166048,5,-12.948857453754082,-4.471101417666312,-8.477756036087769,3.963736696886086,0.0,0.125,0.125,6.946522382012512,-25.030371281992803,12.081513828238721,,4,844
research_oof,fold_3,late_day_inventory_reversal,2025-12-16,2025-12-16 08:16:00+00:00,NSE_FO|48223|16-12-2025,2025-12-16,PE,25950.0,38.2,-1.0471204188481824,-1.1471204188481825,-2.0471204188481824,3.1499999999999986,3.8000000000000043,8.246073298429316,5,-24.05566600397613,-12.44635193133048,-11.609314072645649,3.3189015920504326,0.07588490788970062,0.0,-0.25,13.426084327914904,-69.43011534318318,45.37444933920705,,0,826
research_oof,fold_4,late_day_inventory_reversal,2025-12-23,2025-12-23 09:11:00+00:00,NSE_FO|57003|23-12-2025,2025-12-23,CE,25950.0,229.0,-1.8777292576419264,-1.9777292576419265,-2.8777292576419264,5.199999999999989,19.599999999999994,2.2707423580785977,5,-9.695181907571293,-3.263631033808867,-6.431550873762426,6.369318181818182,0.0019313792319927288,0.0,0.0,4.011046851693002,15.304818092428707,-25.0,,0,881
research_oof,fold_4,late_day_inventory_reversal,2025-12-24,2025-12-24 08:02:00+00:00,NSE_FO|65640|30-12-2025,2025-12-30,CE,26250.0,56.4,3.8120567375886503,3.71205673758865,2.8120567375886503,3.0,0.8500000000000014,5.319148936170213,5,-13.394216133942171,-6.1162079510703515,-7.27800818287182,3.9117052697030936,0.0020413949532180325,0.0,0.0,1.6153982012572048,-27.248006747660583,13.85379061371841,,6,812
research_oof,fold_4,late_day_inventory_reversal,2025-12-29,2025-12-29 08:53:00+00:00,NSE_FO|65622|30-12-2025,2025-12-30,PE,26050.0,110.7,-2.439024390243905,-2.539024390243905,-3.439024390243905,0.0,10.900000000000006,0.0,5,-14.005492349941163,-1.388888888888884,-12.616603461052279,2.8187474077146413,-0.0048424243617251625,0.125,0.0,10.092066037170573,-36.44138978583861,22.435897435897445,,1,863
research_oof,fold_4,late_day_inventory_reversal,2025-12-30,2025-12-30 08:13:00+00:00,NSE_FO|65622|30-12-2025,2025-12-30,PE,26050.0,103.75,-11.662650602409633,-11.762650602409632,-12.662650602409633,3.5999999999999943,17.400000000000006,3.469879518072284,5,-19.172787011982994,-8.206166303332285,-10.966620708650709,3.067248908296943,0.0,0.0,0.0,8.688723646258197,-75.42278701198299,56.25,,0,823
research_oof,fold_4,late_day_inventory_reversal,2026-01-05,2026-01-05 08:19:00+00:00,NSE_FO|40469|06-01-2026,2026-01-06,CE,26050.0,220.65,-5.347835939270343,-5.447835939270343,-6.347835939270343,0.4000000000000057,13.75,0.1812825742125564,5,-11.887279222067871,-2.003680228992033,-9.883598993075838,3.711442786069652,0.0,0.0,-0.14285715,4.769462278197203,-44.03013636492503,32.14285714285716,,1,829
research_oof,fold_4,late_day_inventory_reversal,2026-01-06,2026-01-06 08:40:00+00:00,NSE_FO|40469|06-01-2026,2026-01-06,CE,26050.0,83.1,7.821901323706379,7.721901323706379,6.821901323706379,11.900000000000006,2.0999999999999943,14.32009626955476,5,-24.17127071823204,-13.636363636363635,-10.534907081868406,3.0147554806070826,0.0,0.0,0.0,7.947838090521748,-57.504604051565366,33.33333333333333,,0,850
research_oof,fold_4,late_day_inventory_reversal,2026-01-12,2026-01-12 08:02:00+00:00,NSE_FO|46194|13-01-2026,2026-01-13,PE,26200.0,456.8,-0.8318739054290742,-0.9318739054290742,-1.8318739054290742,0.0,26.80000000000001,0.0,5,-9.35258964143426,-3.5402770651616233,-5.812312576272637,4.653061224489796,-0.0008678761829978923,0.375,0.125,8.806486656008055,-42.68592297476759,33.33333333333333,14.078162442310713,1,812
research_oof,fold_4,late_day_inventory_reversal,2026-01-13,2026-01-13 09:01:00+00:00,NSE_FO|46192|13-01-2026,2026-01-13,PE,26150.0,487.7,-0.6151322534344884,-0.7151322534344884,-1.6151322534344885,19.05000000000001,3.0,3.906089809309004,5,-8.84867429948779,1.5442208703790428,-10.392895169866833,11.8125,0.0,0.0,-0.25,7.769935096715232,34.90132570051221,-43.75,,0,871
research_oof,fold_4,late_day_inventory_reversal,2026-01-14,2026-01-14 08:10:00+00:00,NSE_FO|47613|20-01-2026,2026-01-20,CE,25700.0,112.5,-3.7333333333333356,-3.8333333333333357,-4.733333333333336,6.200000000000003,7.0,5.511111111111114,5,-15.396169733383402,-8.756296009298726,-6.639873724084676,3.0784986713906113,0.0,0.0,0.0,1.122606729292281,-38.072749659033974,22.676579925650575,,6,820
research_oof,fold_4,late_day_inventory_reversal,2026-01-16,2026-01-16 07:55:00+00:00,NSE_FO|47615|20-01-2026,2026-01-20,CE,25750.0,82.05,12.431444241316274,12.331444241316275,11.431444241316274,14.100000000000009,2.799999999999997,17.184643510054855,5,-15.634674922600622,-9.341199606686335,-6.2934753159142875,3.2823329832781325,0.0,0.0,0.0,5.670050812768559,-39.87157697271451,24.236902050113883,,4,805
research_oof,fold_4,late_day_inventory_reversal,2026-01-19,2026-01-19 08:19:00+00:00,NSE_FO|47602|20-01-2026,2026-01-20,PE,25550.0,50.95,-6.18253189401375,-6.28253189401375,-7.18253189401375,1.0999999999999943,7.650000000000006,2.158979391560342,5,-28.21852060982496,-13.781163434903053,-14.437357174921907,3.344392099617367,0.0,0.0,0.0,10.25377528510222,-56.984661212407445,28.76614060258249,,1,829
research_oof,fold_4,late_day_inventory_reversal,2026-01-21,2026-01-21 07:40:00+00:00,NSE_FO|58665|27-01-2026,2026-01-27,CE,25100.0,258.7,4.252029377657519,4.152029377657519,3.252029377657519,24.05000000000001,0.0,9.296482412060305,5,-17.621776504298005,-6.762820512820522,-10.858955991477483,2.8598785614198974,0.0,0.0,0.0,2.401056857095383,-38.06220564037933,20.440429136081327,,6,790
research_oof,fold_4,late_day_inventory_reversal,2026-01-23,2026-01-23 08:00:00+00:00,NSE_FO|58663|27-01-2026,2026-01-27,CE,25050.0,150.8,-5.139257294429708,-5.239257294429708,-6.139257294429708,3.0999999999999943,12.800000000000011,2.055702917771879,5,-15.971062882582077,-3.0895691609977405,-12.881493721584336,5.634279475982533,0.0,0.0,0.0,0.631744512041061,-55.62623529637518,39.6551724137931,,4,810
research_oof,fold_4,late_day_inventory_reversal,2026-01-27,2026-01-27 07:59:00+00:00,NSE_FO|58675|27-01-2026,2026-01-27,PE,25150.0,58.4,16.866438356164387,16.766438356164386,15.866438356164387,10.300000000000004,5.75,17.63698630136987,5,-16.92745376955903,-1.8048128342245895,-15.12264093533444,3.0683378326263018,0.013337809108201858,0.0,0.0,9.240049101201432,-39.56455995392308,22.637106184364054,,0,809
research_oof,fold_4,late_day_inventory_reversal,2026-01-30,2026-01-30 09:17:00+00:00,NSE_FO|49790|03-02-2026,2026-02-03,PE,25150.0,118.35,2.534854245880862,2.434854245880862,1.534854245880862,5.5,2.1999999999999886,4.647232784114914,5,-9.57284515636918,8.785942492012765,-18.358787648381945,3.1736725663716814,-0.028035503978398876,0.0,-1.0,0.6053576576822249,-14.959883114267413,5.387037957898233,,4,887
research_oof,fold_4,late_day_inventory_reversal,2026-02-03,2026-02-03 09:02:00+00:00,NSE_FO|49799|03-02-2026,2026-02-03,CE,25350.0,386.25,12.155339805825239,12.05533980582524,11.155339805825239,47.55000000000001,2.4499999999999886,12.310679611650489,5,-10.902696365767884,2.292161520190028,-13.194857885957912,11.298245614035087,-0.006780014603108376,0.0,-0.71428573,4.128439456689171,-60.90269636576788,50.0,,0,872
research_oof,fold_4,late_day_inventory_reversal,2026-02-06,2026-02-06 08:07:00+00:00,NSE_FO|42531|10-02-2026,2026-02-10,PE,25700.0,170.0,-2.941176470588235,-3.041176470588235,-3.941176470588235,1.3000000000000114,9.349999999999994,0.7647058823529479,5,-11.192277589355603,-5.06673930809044,-6.125538281265163,3.0893153997279734,0.0,0.25,0.25,7.262555334093092,-28.0820819147933,16.889804325437694,,4,817
research_oof,fold_4,late_day_inventory_reversal,2026-02-10,2026-02-10 08:00:00+00:00,NSE_FO|42536|10-02-2026,2026-02-10,CE,25800.0,115.3,1.4744145706851717,1.3744145706851716,0.4744145706851717,10.400000000000006,3.8499999999999943,9.019947961838687,5,-18.57344632768362,-1.831501831501836,-16.741944496181784,3.069210576861515,0.0,0.0,0.0,6.2309077765672924,-67.77979553403283,49.20634920634921,,0,810
research_oof,fold_4,late_day_inventory_reversal,2026-02-12,2026-02-12 07:48:00+00:00,NSE_FO|48235|17-02-2026,2026-02-17,PE,25950.0,138.95,4.605973371716449,4.50597337171645,3.6059733717164493,17.55000000000001,1.6999999999999886,12.630442605253696,5,-13.008130081300816,-2.55118110236221,-10.456948978938605,3.6302883319859878,0.0,0.0,-0.125,5.213873873127489,-26.637648153589975,13.629518072289159,,5,798
research_oof,fold_4,late_day_inventory_reversal,2026-02-17,2026-02-17 07:39:00+00:00,NSE_FO|48237|17-02-2026,2026-02-17,PE,26000.0,243.3,9.062885326757094,8.962885326757094,8.062885326757094,29.649999999999977,4.200000000000017,12.186600904233448,5,-14.72134595162986,-5.2102716784518055,-9.511074273178055,3.626829268292683,0.0,0.0,0.0,7.2124710049990055,-23.41699812554292,8.69565217391306,,0,789
research_oof,fold_4,late_day_inventory_reversal,2026-02-23,2026-02-23 08:33:00+00:00,NSE_FO|64858|24-02-2026,2026-02-24,CE,25650.0,72.8,5.837912087912088,5.737912087912088,4.837912087912088,10.150000000000006,3.3999999999999915,13.9423076923077,5,-15.995397008055246,-9.149560117302046,-6.8458368907531995,3.061855319148936,0.0,0.0,0.0,7.944790989717852,-39.14456827877348,23.149171270718227,,1,843
research_oof,fold_1,near_expiry_underreaction,2025-03-19,2025-03-19 05:00:00+00:00,NSE_FO|50183|20-03-2025,2025-03-20,CE,22450.0,472.95,1.141769743101815,1.041769743101815,0.141769743101815,5.400000000000034,7.949999999999989,1.141769743101815,5,-0.7560066280033251,-2.1013975313679434,1.3453909033646183,3.5428571428571427,0.0,0.0,0.0,0.9775596235568789,-2.4654083374050506,1.7094017094017255,,1,630
research_oof,fold_1,near_expiry_underreaction,2025-03-26,2025-03-26 05:42:00+00:00,NSE_FO|49834|27-03-2025,2025-03-27,CE,23250.0,434.9,-0.6898137502874224,-0.7898137502874224,-1.6898137502874224,8.350000000000023,3.0,1.9199816049666645,5,0.7417873542917786,-0.652045050385297,1.3938324046770756,3.3,0.0,1.0,0.39999998,0.4234889772103769,-3.258212645708225,4.0000000000000036,,1,672
research_oof,fold_1,near_expiry_underreaction,2025-03-27,2025-03-27 04:59:00+00:00,NSE_FO|48349|27-03-2025,2025-03-27,CE,23150.0,497.95,-6.1251129631489105,-6.22511296314891,-7.1251129631489105,0.05000000000001137,33.69999999999999,0.010041168792049679,5,0.45586406962287995,-1.770364306180927,2.226228375803807,4.571428571428571,0.0,1.0,0.8,1.12394909102193,-0.5645440936424162,1.0204081632652962,57.89572233290528,0,629
research_oof,fold_1,near_expiry_underreaction,2025-04-02,2025-04-02 05:02:00+00:00,NSE_FO|54715|03-04-2025,2025-04-03,PE,23550.0,296.7,0.9268621503201888,0.8268621503201888,-0.07313784967981118,7.100000000000023,14.699999999999989,2.3929895517357678,5,0.91049647826833,-1.3458950201884257,2.2563914984567557,2.7698744769874475,0.0,0.625,0.375,6.350739507115776,11.976070248760129,-11.065573770491799,64.19829351968656,1,632
research_oof,fold_1,near_expiry_underreaction,2025-04-03,2025-04-03 04:45:00+00:00,NSE_FO|54756|03-04-2025,2025-04-03,PE,23700.0,435.35,-0.3330653497186276,-0.43306534971862765,-1.3330653497186276,10.649999999999977,4.350000000000023,2.4463075686229416,5,-0.8065432239009351,-4.573687182382836,3.7671439584819004,3.709090909090909,0.0012263919548687761,0.125,0.0,5.373160364087723,-0.8065432239009351,0.0,-50.0,0,615
research_oof,fold_1,near_expiry_underreaction,2025-04-08,2025-04-08 08:02:00+00:00,NSE_FO|43888|09-04-2025,2025-04-09,PE,23050.0,420.55,12.459873974557121,12.359873974557122,11.459873974557121,52.39999999999998,1.6000000000000227,12.459873974557121,5,0.17564402810303914,0.9168777898419522,-0.7412337617389131,4.666666666666667,0.0,0.6,-0.19999999,0.41392429864489727,-6.361886238240788,6.537530266343827,-81.4894032477896,1,812
research_oof,fold_1,near_expiry_underreaction,2025-04-16,2025-04-16 08:03:00+00:00,NSE_FO|48198|17-04-2025,2025-04-17,CE,22800.0,472.95,0.4968812770906063,0.3968812770906063,-0.5031187229093936,8.150000000000034,4.550000000000011,1.7232265567184764,5,-0.0210792580101149,-1.4791666666666758,1.458087408656561,4.530612244897959,0.0,0.0,0.0,1.0249784611870676,0.7919288720712014,-0.8130081300813163,,1,813
research_oof,fold_1,near_expiry_underreaction,2025-04-23,2025-04-23 04:42:00+00:00,NSE_FO|79517|24-04-2025,2025-04-24,CE,23900.0,338.8,1.313459268004719,1.213459268004719,0.313459268004719,8.550000000000011,35.30000000000001,2.5236127508854813,5,-0.3076923076923088,-3.9451114922813058,3.637419184588997,3.891472868217054,0.001903311762466692,0.4,0.4,0.720473908772997,0.38434921479904016,-0.692041522491349,,1,612
research_oof,fold_1,near_expiry_underreaction,2025-04-24,2025-04-24 05:05:00+00:00,NSE_FO|79515|24-04-2025,2025-04-24,CE,23850.0,427.85,0.8764754002570994,0.7764754002570994,-0.12352459974290064,5.899999999999977,1.8000000000000114,1.3789879630711643,5,-1.0351966873705987,-2.781501340482584,1.7463046531119852,6.333333333333333,0.0,0.0,0.0,0.9020671977396051,-3.77492271476787,2.7397260273972712,,0,635
research_oof,fold_1,near_expiry_underreaction,2025-04-30,2025-04-30 07:36:00+00:00,NSE_FO|51994|30-04-2025,2025-04-30,CE,24300.0,47.45,5.584826132771335,5.484826132771335,4.584826132771335,3.3499999999999943,1.0,7.060063224446774,5,0.3208556149732589,0.31880977683316214,0.002045838140096734,3.6309784993418166,0.0,0.6,0.0,10.978838830702104,20.762844565249505,-20.441988950276247,8.193740023882128,0,786
research_oof,fold_1,near_expiry_underreaction,2025-05-07,2025-05-07 09:20:00+00:00,NSE_FO|38603|08-05-2025,2025-05-08,PE,24300.0,43.45,4.372842347525888,4.272842347525889,3.3728423475258884,3.6999999999999957,1.5,8.515535097813569,5,0.11614401858304202,2.0310633213858953,-1.9149193028028533,2.833058629620909,0.0,0.875,-0.125,3.2069322851522424,-0.07524354122556698,0.191387559808609,165.19908521077014,1,890
research_oof,fold_1,near_expiry_underreaction,2025-05-08,2025-05-08 06:17:00+00:00,NSE_FO|38598|08-05-2025,2025-05-08,CE,24200.0,195.85,1.838141434771506,1.7381414347715058,0.8381414347715059,4.349999999999994,0.5,2.2210875670155703,5,-0.8343868520859665,-0.7850088630032781,-0.04937798908268842,3.0125874125874126,0.0,0.0,0.0,4.183301704126913,8.780997763298648,-9.615384615384615,,0,707
research_oof,fold_1,near_expiry_underreaction,2025-05-21,2025-05-21 04:51:00+00:00,NSE_FO|49237|22-05-2025,2025-05-22,PE,24950.0,149.05,-5.608856088560894,-5.708856088560894,-6.608856088560894,1.6399999999999864,9.650000000000006,1.1003019121100208,5,-0.13445378151260012,-8.580246913580247,8.445793132067646,2.8377835199540624,0.11108238092775508,0.125,-0.25,3.904615915602773,-1.3005173118704638,1.1660635303578637,-2908.781182233968,1,621
research_oof,fold_1,near_expiry_underreaction,2025-05-22,2025-05-22 05:55:00+00:00,NSE_FO|49256|22-05-2025,2025-05-22,PE,25050.0,475.0,-0.5578947368421004,-0.6578947368421004,-1.5578947368421003,5.949999999999989,3.8000000000000114,1.2526315789473659,5,0.18081259306530484,1.9385593220338837,-1.7577467289685789,9.076923076923077,0.0011484098939929328,0.5,-0.125,12.378404081619868,1.6959641082168186,-1.5151515151515138,-60.640845544894546,0,685
research_oof,fold_2,near_expiry_underreaction,2025-05-28,2025-05-28 06:27:00+00:00,NSE_FO|61685|29-05-2025,2025-05-29,CE,24550.0,281.6,-3.1605113636363757,-3.260511363636376,-4.160511363636376,4.399999999999977,10.600000000000023,1.5624999999999918,5,-0.7437577474765478,-1.1551448373911533,0.4113870899146055,2.8503937007874014,0.0,0.0,0.0,0.5969926230588787,3.4739293273533756,-4.217687074829923,,1,717
research_oof,fold_2,near_expiry_underreaction,2025-06-04,2025-06-04 05:14:00+00:00,NSE_FO|40486|05-06-2025,2025-06-05,PE,24850.0,277.0,3.808664259927802,3.708664259927802,2.808664259927802,11.550000000000011,2.9499999999999886,4.169675090252712,5,-0.5745062836624903,-3.991408627170223,3.416902343507733,3.347517730496454,0.0,0.125,0.0,7.297489917758598,-3.6940903391217583,3.119584055459268,-50.0,1,644
research_oof,fold_2,near_expiry_underreaction,2025-06-05,2025-06-05 05:59:00+00:00,NSE_FO|40488|05-06-2025,2025-06-05,PE,24900.0,179.55,1.837928153717618,1.7379281537176179,0.837928153717618,8.899999999999977,2.25,4.956836535783891,5,0.9590973201692554,-4.655075715086943,5.614173035256198,3.0755693581780537,0.0,0.375,0.375,8.862643976497449,9.080924731336758,-8.121827411167503,,0,689
research_oof,fold_2,near_expiry_underreaction,2025-06-11,2025-06-11 04:16:00+00:00,NSE_FO|44844|12-06-2025,2025-06-12,CE,24650.0,469.55,1.5866254924928098,1.4866254924928097,0.5866254924928098,10.099999999999966,0.5500000000000114,2.150995634117765,5,-1.1272997979368204,1.7485518129156885,-2.875851610852509,3.6666666666666665,0.0,0.0,-0.8,0.33940889144873393,-4.2851945347789355,3.157894736842115,,1,586
research_oof,fold_2,near_expiry_underreaction,2025-06-12,2025-06-12 04:59:00+00:00,NSE_FO|44854|12-06-2025,2025-06-12,CE,24750.0,345.9,-3.9751373229257014,-4.075137322925701,-4.975137322925701,9.400000000000034,15.899999999999977,2.7175484244001256,5,-0.512520134719574,7.3846153846153895,-7.897135519334963,3.78125,0.0,0.6666667,-0.16666663,1.3667327461368142,-0.512520134719574,0.0,43.249127425802726,0,629
research_oof,fold_2,near_expiry_underreaction,2025-06-18,2025-06-18 04:58:00+00:00,NSE_FO|50991|19-06-2025,2025-06-19,CE,24550.0,348.0,-1.3936781609195468,-1.4936781609195469,-2.3936781609195465,3.0,8.5,0.8620689655172413,5,0.0,-0.9106192210703301,0.9106192210703301,3.935483870967742,0.008938547486033519,0.5,0.5,0.5765526180385308,5.517241379310345,-5.517241379310345,,1,628
research_oof,fold_2,near_expiry_underreaction,2025-06-19,2025-06-19 04:18:00+00:00,NSE_FO|50977|19-06-2025,2025-06-19,CE,24350.0,485.45,-0.4531877639303715,-0.5531877639303715,-1.4531877639303716,0.44999999999998863,5.75,0.09269749716757414,5,-0.7688364941055847,3.17380352644836,-3.9426400205539447,7.25,0.029154518950437316,0.14285715,-0.71428573,1.2423495148143886,6.207907691940928,-6.976744186046513,,0,588
research_oof,fold_2,near_expiry_underreaction,2025-06-25,2025-06-25 04:43:00+00:00,NSE_FO|62385|26-06-2025,2025-06-26,CE,24750.0,452.95,4.2057622254111955,4.105762225411196,3.2057622254111955,19.05000000000001,0.0,4.2057622254111955,5,-0.021739130434783593,-0.17237664296487765,0.15063751253009405,3.0,0.00028208744710860365,0.0,0.0,0.8059359721597009,-1.9825234441602668,1.9607843137254832,,1,613
research_oof,fold_2,near_expiry_underreaction,2025-06-26,2025-06-26 05:18:00+00:00,NSE_FO|62393|26-06-2025,2025-06-26,CE,24850.0,494.3,-2.063524175601859,-2.163524175601859,-3.063524175601859,22.30000000000001,18.150000000000034,4.511430305482503,5,-0.3225806451612967,-3.14184036603965,2.819259720878353,3.652173913043478,0.00010620220900594733,0.8,0.8,0.28814788857653423,4.3285821455363855,-4.651162790697683,,0,648
research_oof,fold_2,near_expiry_underreaction,2025-07-16,2025-07-16 07:50:00+00:00,NSE_FO|47296|17-07-2025,2025-07-17,PE,25350.0,151.0,2.6490066225165565,2.5490066225165564,1.6490066225165565,4.599999999999994,2.3499999999999943,3.046357615894036,5,0.4666666666666597,0.0,0.4666666666666597,3.575868372943327,0.0,0.625,0.5,4.758796075741405,4.269798657718116,-3.803131991051456,-2275.6104887509064,1,800
research_oof,fold_2,near_expiry_underreaction,2025-07-17,2025-07-17 08:20:00+00:00,NSE_FO|47296|17-07-2025,2025-07-17,PE,25350.0,174.0,-5.172413793103448,-5.272413793103448,-6.172413793103448,0.4000000000000057,21.55000000000001,0.2298850574712676,5,-0.9985734664764601,4.042806183115344,-5.0413796495918035,2.8152274837511606,0.0,0.25,-0.5,24.81054096486088,15.001426533523533,-15.999999999999993,1367.667869100187,0,830
research_oof,fold_2,near_expiry_underreaction,2025-07-23,2025-07-23 07:53:00+00:00,NSE_FO|49520|24-07-2025,2025-07-24,PE,25200.0,66.85,-5.459985041136861,-5.55998504113686,-6.459985041136861,1.0,3.6499999999999915,1.4958863126402395,5,0.6028636021100375,8.615384615384603,-8.012521013274565,3.5600403632694246,0.0,0.625,0.0,6.285872701276019,7.217213377894794,-6.614349775784756,43.6976423047563,1,803
research_oof,fold_3,near_expiry_underreaction,2025-07-30,2025-07-30 07:06:00+00:00,NSE_FO|55802|31-07-2025,2025-07-31,PE,25050.0,197.7,-5.108750632271115,-5.208750632271115,-6.108750632271115,3.450000000000017,10.199999999999989,1.745068285280737,5,0.614282057844906,4.1088580576307265,-3.4945759997858206,3.8701298701298703,0.0,0.75,0.125,5.698565542758448,1.8012256780229663,-1.1869436201780603,1676.3764997157123,1,756
research_oof,fold_3,near_expiry_underreaction,2025-07-31,2025-07-31 05:07:00+00:00,NSE_FO|55804|31-07-2025,2025-07-31,PE,25100.0,438.0,0.011415525114157846,-0.08858447488584216,-0.9885844748858421,8.199999999999989,5.050000000000011,1.8721461187214585,5,0.0,0.5860475600135251,-0.5860475600135251,6.555555555555555,0.0,0.125,-0.625,4.610404063192261,4.545454545454552,-4.545454545454552,-2048.752311199605,0,637
research_oof,fold_3,near_expiry_underreaction,2025-08-06,2025-08-06 08:03:00+00:00,NSE_FO|39861|07-08-2025,2025-08-07,PE,24850.0,236.65,-2.831185294739073,-2.9311852947390733,-3.831185294739073,0.0,7.650000000000006,0.0,5,0.08438818565399409,-2.7253668763102756,2.8097550619642697,2.8955223880597014,0.0,0.25,0.0,4.531386905705316,-1.7013261000603075,1.7857142857143016,-2050.0,1,813
research_oof,fold_3,near_expiry_underreaction,2025-08-07,2025-08-07 06:05:00+00:00,NSE_FO|39861|07-08-2025,2025-08-07,PE,24850.0,430.0,-4.1046511627906925,-4.204651162790692,-5.1046511627906925,3.6999999999999886,25.0,0.8604651162790671,5,-0.1280409731113985,1.0864485981308292,-1.2144895712422277,5.666666666666667,0.0,0.25,-0.5,7.0787719576088515,-0.1280409731113985,0.0,611.086574253739,0,695
research_oof,fold_3,near_expiry_underreaction,2025-08-13,2025-08-13 08:44:00+00:00,NSE_FO|44470|14-08-2025,2025-08-14,CE,24450.0,230.05,-1.956096500760704,-2.056096500760704,-2.956096500760704,2.9499999999999886,9.950000000000017,1.2823299282764566,5,0.6315331010453118,-3.1633311814073584,3.79486428245267,3.1295746785361027,0.0,0.6,0.6,0.30222933593098117,3.8835656213705216,-3.25203252032521,,1,854
research_oof,fold_3,near_expiry_underreaction,2025-08-14,2025-08-14 06:18:00+00:00,NSE_FO|44472|14-08-2025,2025-08-14,CE,24500.0,124.5,0.24096385542168447,0.14096385542168446,-0.7590361445783156,3.049999999999997,7.75,2.449799196787146,5,0.6852075775896971,-0.6119951040391647,1.2972026816288618,3.192841163310962,0.05384092454112848,1.0,1.0,2.963989433116508,5.447112339494453,-4.761904761904756,,0,708
research_oof,fold_3,near_expiry_underreaction,2025-08-20,2025-08-20 06:55:00+00:00,NSE_FO|47249|21-08-2025,2025-08-21,PE,25050.0,70.2,-0.5698005698005779,-0.6698005698005779,-1.569800569800578,3.799999999999997,2.700000000000003,5.413105413105409,5,-0.8468595624558817,-0.7052186177715081,-0.1416409446843736,2.81947261663286,0.0,0.125,-0.125,6.529335523864905,-1.6256757618328233,0.7788161993769416,-29.74681238165431,1,745
research_oof,fold_3,near_expiry_underreaction,2025-08-21,2025-08-21 05:15:00+00:00,NSE_FO|47212|21-08-2025,2025-08-21,CE,24850.0,285.7,-0.10500525026251711,-0.20500525026251712,-1.1050052502625172,6.050000000000011,2.5,2.1176058802940187,5,-0.2966323503751589,-0.9187034148032458,0.6220710644280869,10.160642570281125,0.006751687921980495,0.0,0.0,0.46134513928880744,-6.963299017041824,6.666666666666665,,0,645
research_oof,fold_3,near_expiry_underreaction,2025-08-28,2025-08-28 06:08:00+00:00,NSE_FO|71973|28-08-2025,2025-08-28,PE,24950.0,277.2,3.787878787878788,3.687878787878788,2.787878787878788,17.80000000000001,0.0,6.421356421356425,5,-0.8698739570388692,-0.7142857142857117,-0.1555882427531574,14.857142857142858,0.0,0.125,0.125,7.279445551546232,-12.497780933783055,11.627906976744185,,0,698
research_oof,fold_3,near_expiry_underreaction,2025-09-01,2025-09-01 04:45:00+00:00,NSE_FO|48946|02-09-2025,2025-09-02,PE,24800.0,254.85,1.4518344123994573,1.3518344123994572,0.4518344123994573,11.549999999999983,9.400000000000006,4.532077692760441,5,0.9722222222222188,4.625684723067569,-3.6534625008453503,2.9469598965071153,0.022056309130286104,1.0,0.0,0.2810916064822421,2.6115664845172915,-1.6393442622950727,-11.84659099831697,1,615
research_oof,fold_3,near_expiry_underreaction,2025-09-02,2025-09-02 07:55:00+00:00,NSE_FO|48935|02-09-2025,2025-09-02,CE,24600.0,111.75,-2.863534675615215,-2.963534675615215,-3.863534675615215,5.450000000000003,13.150000000000006,4.876957494407161,5,-0.972590627763037,-15.953947368421051,14.981356740658015,3.259564225994426,0.0773962741590681,0.0,0.0,3.327956859399194,9.896974589628272,-10.869565217391308,,0,805
research_oof,fold_3,near_expiry_underreaction,2025-12-01,2025-12-01 07:13:00+00:00,NSE_FO|46825|02-12-2025,2025-12-02,PE,26450.0,284.45,-1.0195113376691782,-1.1195113376691783,-2.0195113376691785,0.0,12.349999999999966,0.0,5,0.40478704681450317,0.26548672566371057,0.1393003211507926,3.554083885209713,0.0,0.75,0.0,3.423045293631152,-0.37646295318549683,0.78125,-455.1260909295888,1,763
research_oof,fold_3,near_expiry_underreaction,2025-12-02,2025-12-02 06:29:00+00:00,NSE_FO|46825|02-12-2025,2025-12-02,PE,26450.0,391.0,-1.291560102301793,-1.3915601023017932,-2.2915601023017933,9.699999999999989,10.300000000000011,2.480818414322248,5,-0.6546014632268005,0.7792207792207684,-1.4338222424475688,4.0,0.0047011417058428475,0.0,-0.5,6.790165646252425,-0.6546014632268005,0.0,,0,719
research_oof,fold_3,near_expiry_underreaction,2025-12-08,2025-12-08 06:14:00+00:00,NSE_FO|41903|09-12-2025,2025-12-09,CE,26000.0,128.25,6.705653021442491,6.605653021442492,5.705653021442491,10.75,3.0999999999999943,8.382066276803119,5,-0.19500780031199705,-3.630623520126286,3.435615719814289,4.098882814357024,0.0,0.0,0.0,0.3978185725394488,2.7318214679806774,-2.9268292682926744,,1,704
research_oof,fold_3,near_expiry_underreaction,2025-12-15,2025-12-15 06:37:00+00:00,NSE_FO|48218|16-12-2025,2025-12-16,CE,25850.0,191.8,-1.61626694473411,-1.7162669447341101,-2.61626694473411,3.549999999999983,3.700000000000017,1.850886339937426,5,0.3129890453834161,1.6684045881126153,-1.3554155427291992,3.894867696679098,0.0,0.71428573,0.0,0.2393550776466136,4.0593867399079215,-3.746397694524506,-11.271374008352723,1,727
research_oof,fold_4,near_expiry_underreaction,2025-12-22,2025-12-22 04:59:00+00:00,NSE_FO|56990|23-12-2025,2025-12-23,CE,25800.0,334.6,0.9862522414823534,0.8862522414823534,-0.013747758517646647,4.0499999999999545,3.3000000000000114,1.2104004781828912,5,-1.02055908889217,-1.971748087110059,0.9511889982178889,3.3138075313807533,0.0,0.0,0.0,0.5583906248170164,-1.02055908889217,0.0,,1,629
research_oof,fold_4,near_expiry_underreaction,2025-12-23,2025-12-23 05:21:00+00:00,NSE_FO|56994|23-12-2025,2025-12-23,CE,25850.0,331.0,-1.0574018126888218,-1.157401812688822,-2.0574018126888216,1.5,5.600000000000023,0.4531722054380665,5,0.6363636363636349,0.5315110098709219,0.10485262649271299,3.9322033898305087,0.0,0.8333333,0.0,0.5002450891594157,4.984189723320142,-4.347826086956507,-4.389107383409282,0,651
research_oof,fold_4,near_expiry_underreaction,2025-12-29,2025-12-29 06:08:00+00:00,NSE_FO|65634|30-12-2025,2025-12-30,PE,26150.0,171.25,-2.18978102189781,-2.2897810218978103,-3.18978102189781,0.3499999999999943,3.75,0.2043795620437923,5,0.4700352526439522,-0.29239766081871066,0.7624329134626628,2.890817724988579,0.0,0.625,0.625,0.27664005397436586,0.8724497395654729,-0.4024144869215207,,1,698
research_oof,fold_4,near_expiry_underreaction,2025-12-30,2025-12-30 07:16:00+00:00,NSE_FO|65647|30-12-2025,2025-12-30,PE,26250.0,347.2,-0.316820276497686,-0.41682027649768605,-1.316820276497686,0.6999999999999886,10.199999999999989,0.2016129032258032,5,-0.11530700490054446,0.5779511631267109,-0.6932581680272554,5.8125,0.0,0.25,-0.375,0.23475109071161562,5.147850889836292,-5.263157894736836,41.47259145016869,0,766
research_oof,fold_4,near_expiry_underreaction,2026-01-05,2026-01-05 04:17:00+00:00,NSE_FO|40457|06-01-2026,2026-01-06,CE,25850.0,442.7,-0.21459227467810904,-0.314592274678109,-1.214592274678109,24.19999999999999,1.8000000000000114,5.466455839168735,5,0.15824573301683742,-0.09193288899104202,0.25017862200787944,3.0285714285714285,0.0,0.33333334,-0.33333334,1.2816675967329463,1.7711489588232987,-1.6129032258064613,-1409.7435891186979,1,587
research_oof,fold_4,near_expiry_underreaction,2026-01-06,2026-01-06 05:12:00+00:00,NSE_FO|40457|06-01-2026,2026-01-06,CE,25850.0,360.65,0.9288784139747741,0.8288784139747741,-0.07112158602522589,3.3500000000000227,6.2999999999999545,0.9288784139747741,5,0.8757297748123616,-3.276715260131069,4.1524450349434305,5.411764705882353,0.0,0.8333333,0.8333333,1.673494544011928,13.375729774812372,-12.50000000000001,,0,642
research_oof,fold_4,near_expiry_underreaction,2026-01-12,2026-01-12 05:33:00+00:00,NSE_FO|46180|13-01-2026,2026-01-13,PE,26050.0,490.0,-0.9795918367346963,-1.0795918367346964,-1.9795918367346963,11.5,6.699999999999989,2.3469387755102042,5,-0.7418699186991784,1.9158683881715932,-2.6577383068707716,2.857142857142857,0.0,0.25,-0.5,2.5546003485553768,-4.588023764853033,3.8461538461538547,1447.405055424315,1,663
research_oof,fold_4,near_expiry_underreaction,2026-01-13,2026-01-13 05:43:00+00:00,NSE_FO|46194|13-01-2026,2026-01-13,PE,26200.0,420.8,-2.4001901140684465,-2.5001901140684466,-3.4001901140684465,0.0,25.80000000000001,0.0,5,0.4880952380952319,-3.977006100422331,4.465101338517563,4.551724137931035,0.0014300212196697113,0.75,0.625,9.818849729527095,5.249999999999999,-4.761904761904767,-599.5517185513163,0,673
research_oof,fold_4,near_expiry_underreaction,2026-01-19,2026-01-19 08:27:00+00:00,NSE_FO|47611|20-01-2026,2026-01-20,CE,25650.0,51.55,15.615906886517953,15.515906886517953,14.615906886517953,11.850000000000001,4.099999999999994,22.98739088263822,5,-0.760456273764254,5.43589743589743,-6.196353709661684,2.9934643746763014,0.0,0.4,-0.6,1.4302301558484174,-0.760456273764254,0.0,-75.79375527672892,1,837
research_oof,fold_4,near_expiry_underreaction,2026-01-20,2026-01-20 08:28:00+00:00,NSE_FO|47616|20-01-2026,2026-01-20,PE,25750.0,372.0,4.986559139784949,4.886559139784949,3.9865591397849487,21.899999999999977,4.0,5.887096774193543,5,-0.013548299688392884,-0.9032084119708683,0.8896601122824754,3.693548387096774,0.0,0.75,0.75,10.745731867305059,-6.910100023826338,6.896551724137945,,0,838
research_oof,fold_4,near_expiry_underreaction,2026-02-02,2026-02-02 04:53:00+00:00,NSE_FO|49794|03-02-2026,2026-02-03,PE,25250.0,454.25,-3.2361034672537126,-3.3361034672537127,-4.236103467253713,4.600000000000023,36.69999999999999,1.0126582278481062,5,0.5089621597698546,1.6008653326122113,-1.0919031728423567,2.9523809523809526,0.0,1.0,0.0,3.0095404938686445,11.813309985856812,-11.304347826086957,294.7703559699439,1,623
research_oof,fold_4,near_expiry_underreaction,2026-02-03,2026-02-03 07:27:00+00:00,NSE_FO|49795|03-02-2026,2026-02-03,CE,25300.0,488.5,3.0706243602865912,2.970624360286591,2.0706243602865912,28.950000000000045,4.75,5.926305015353131,5,-0.7799837925445696,1.804230609705515,-2.5842144022500846,2.8413793103448275,0.0,0.14285715,-0.5714286,0.47752779981206106,-3.8102868228475972,3.0303030303030276,92.29108168654784,0,777
research_oof,fold_4,near_expiry_underreaction,2026-02-10,2026-02-10 05:44:00+00:00,NSE_FO|42526|10-02-2026,2026-02-10,CE,25600.0,360.0,-1.1111111111111112,-1.2111111111111112,-2.111111111111111,1.9499999999999886,7.350000000000023,0.5416666666666635,5,0.3072196620583556,-1.6609471516815355,1.968166813739891,3.6842105263157894,0.0,0.8333333,0.8333333,0.32104369893140977,-7.10018774534904,7.407407407407396,,0,674
research_oof,fold_4,near_expiry_underreaction,2026-02-16,2026-02-16 04:48:00+00:00,NSE_FO|48235|17-02-2026,2026-02-17,PE,25950.0,396.9,3.2501889644746873,3.150188964474687,2.2501889644746873,14.150000000000034,3.5499999999999545,3.565129755605955,5,0.33011681056374087,-0.3277448632295399,0.6578616737932808,3.7045454545454546,0.0,0.75,0.0,3.1266705682957685,5.355242438704444,-5.025125628140703,-11.819652510239393,1,618
research_oof,fold_4,near_expiry_underreaction,2026-02-17,2026-02-17 04:48:00+00:00,NSE_FO|48239|17-02-2026,2026-02-17,PE,26050.0,371.65,-2.2870980761469126,-2.3870980761469127,-3.2870980761469126,0.0,13.75,0.0,5,-0.8201058201058209,-1.9658561821003673,1.1457503619945464,8.0,0.0,0.125,-0.125,4.222709211692397,-0.8201058201058209,0.0,,0,618
