session_id,session_date,instrument,event_type,event_timestamp,causal_trigger_timestamp,direction,event_parameters,source_provenance,feature_availability_mask,eligibility_flags,semantic_hash,close,ts,minute_index,gap_pct,opening_range_width,prior_session_return,prior_session_range,rolling_range_5,rolling_range_15,realized_vol_15,atr_14,vwap_distance,dist_session_high,dist_session_low,body_range_ratio,upper_wick_ratio,lower_wick_ratio,compression_duration,prior_failed_breaks,ret_1,range,body,volume,entry_timestamp,entry_price,horizon_min,mfe_points,mae_points,gross_points,net_points,target_10_before_stop_10,target_20_before_stop_20,path_efficiency
BANKNIFTY:2024-07-01,2024-07-01,BANKNIFTY,compression_expansion_down,2024-07-01T10:34:00+05:30,2024-07-01T10:34:00+05:30,DOWN,{},"{'source_path': '/Users/madhuram/tradebot-structural-edge-discovery-v3/runtime/upstox_candidate_replay.zip!upstox_candidate_replay/20240701/underlying/BANKNIFTY_20240701.parquet', 'source_hash': '4357f109ed631802b3774c34db9c318f71742f8e99de307408af71bf00810707'}",{'completed_bar_only': True},"{'buy_ce_allowed': False, 'buy_pe_allowed': True, 'research_only': True}",4ce76e4f42673f5df8495ac54a081840ea68ae374ffd8e2a89362a66eee7c362,52427.55,2024-07-01 10:33:00+05:30,78,0.0,251.5,0.0,0.0,21.94000000000087,22.79333333333246,0.00031298967646587323,21.653571428570494,13.622151898736774,117.64999999999418,261.5,0.5112994350281864,0.052259887005606465,0.43644067796620706,18,4,-0.00033749481602241005,35.400000000001455,18.099999999998545,0.0,2024-07-01T10:34:00+05:30,52427.25,30,88.44999999999709,31.75,29.44999999999709,27.94999999999709,True,True,0.3329564725833585
BANKNIFTY:2024-07-01,2024-07-01,BANKNIFTY,compression_expansion_down,2024-07-01T11:59:00+05:30,2024-07-01T11:59:00+05:30,DOWN,{},"{'source_path': '/Users/madhuram/tradebot-structural-edge-discovery-v3/runtime/upstox_candidate_replay.zip!upstox_candidate_replay/20240701/underlying/BANKNIFTY_20240701.parquet', 'source_hash': '4357f109ed631802b3774c34db9c318f71742f8e99de307408af71bf00810707'}",{'completed_bar_only': True},"{'buy_ce_allowed': False, 'buy_pe_allowed': True, 'research_only': True}",955737eafb8908588fe1c8eb9be8e0e15ac6410cfc4f13be24293a4af143d6e0,52531.05,2024-07-01 11:58:00+05:30,163,0.0,251.5,0.0,0.0,21.859999999999125,22.783333333334305,0.0002706176347667171,23.610714285715535,84.32317073171725,76.5,365.0,0.7081659973225735,0.12717536813922853,0.16465863453819798,5,7,-0.0004899461154408424,37.349999999998545,26.44999999999709,0.0,2024-07-01T11:59:00+05:30,52530.6,30,3.25,86.30000000000291,-35.349999999998545,-36.849999999998545,False,False,-10.87692307692263
BANKNIFTY:2024-07-01,2024-07-01,BANKNIFTY,compression_expansion_down,2024-07-01T12:10:00+05:30,2024-07-01T12:10:00+05:30,DOWN,{},"{'source_path': '/Users/madhuram/tradebot-structural-edge-discovery-v3/runtime/upstox_candidate_replay.zip!upstox_candidate_replay/20240701/underlying/BANKNIFTY_20240701.parquet', 'source_hash': '4357f109ed631802b3774c34db9c318f71742f8e99de307408af71bf00810707'}",{'completed_bar_only': True},"{'buy_ce_allowed': False, 'buy_pe_allowed': True, 'research_only': True}",c574542b3e95d1615769cb775d9118bb52b8076649000d2e8f7aa4bcccc811b2,52546.6,2024-07-01 12:09:00+05:30,174,0.0,251.5,0.0,0.0,15.399999999998546,17.8066666666656,0.00020716441823216046,17.828571428570285,93.0065714285738,60.950000000004366,380.54999999999563,0.5074906367042842,0.20973782771532418,0.28277153558039164,16,7,-0.0002378275122671969,26.69999999999709,13.55000000000291,0.0,2024-07-01T12:10:00+05:30,52545.85,30,21.049999999995634,71.05000000000291,-9.349999999998545,-10.849999999998545,False,False,-0.4441805225653436
BANKNIFTY:2024-07-01,2024-07-01,BANKNIFTY,compression_expansion_down,2024-07-01T12:12:00+05:30,2024-07-01T12:12:00+05:30,DOWN,{},"{'source_path': '/Users/madhuram/tradebot-structural-edge-discovery-v3/runtime/upstox_candidate_replay.zip!upstox_candidate_replay/20240701/underlying/BANKNIFTY_20240701.parquet', 'source_hash': '4357f109ed631802b3774c34db9c318f71742f8e99de307408af71bf00810707'}",{'completed_bar_only': True},"{'buy_ce_allowed': False, 'buy_pe_allowed': True, 'research_only': True}",caf21ca06acce9dd1669d4845d82170981ed56df440b0d24bf6b0577c8d735fa,52539.0,2024-07-01 12:11:00+05:30,176,0.0,251.5,0.0,0.0,20.30999999999913,18.33666666666589,0.00023219072482393992,18.139285714284988,84.32429378531378,68.55000000000291,372.9499999999971,0.8574144486692173,0.08935361216723516,0.053231939163547536,0,7,-0.00039478878799836803,26.30000000000291,22.55000000000291,0.0,2024-07-01T12:12:00+05:30,52543.2,30,18.39999999999418,73.70000000000437,1.5,0.0,False,False,0.08152173913046057
BANKNIFTY:2024-07-01,2024-07-01,BANKNIFTY,compression_expansion_down,2024-07-01T14:05:00+05:30,2024-07-01T14:05:00+05:30,DOWN,{},"{'source_path': '/Users/madhuram/tradebot-structural-edge-discovery-v3/runtime/upstox_candidate_replay.zip!upstox_candidate_replay/20240701/underlying/BANKNIFTY_20240701.parquet', 'source_hash': '4357f109ed631802b3774c34db9c318f71742f8e99de307408af71bf00810707'}",{'completed_bar_only': True},"{'buy_ce_allowed': False, 'buy_pe_allowed': True, 'research_only': True}",e253a92536fe3e6629245675eb6147d7083aae5605a3c4f20f65014d3f1dfb60,52571.1,2024-07-01 14:04:00+05:30,289,0.0,251.5,0.0,0.0,26.360000000000582,19.266666666666183,0.0002965003076083466,19.578571428571326,68.99051724137826,67.34999999999854,405.04999999999563,0.636129032258102,0.014193548387077997,0.34967741935481994,0,14,-0.0009748700173310976,77.5,49.30000000000291,0.0,2024-07-01T14:05:00+05:30,52566.95,30,44.89999999999418,35.55000000000291,13.349999999998545,11.849999999998545,True,True,0.2973273942093603
BANKNIFTY:2024-07-01,2024-07-01,BANKNIFTY,compression_expansion_down,2024-07-01T14:19:00+05:30,2024-07-01T14:19:00+05:30,DOWN,{},"{'source_path': '/Users/madhuram/tradebot-structural-edge-discovery-v3/runtime/upstox_candidate_replay.zip!upstox_candidate_replay/20240701/underlying/BANKNIFTY_20240701.parquet', 'source_hash': '4357f109ed631802b3774c34db9c318f71742f8e99de307408af71bf00810707'}",{'completed_bar_only': True},"{'buy_ce_allowed': False, 'buy_pe_allowed': True, 'research_only': True}",fe966a2d5021f977ddd44c71e2773d7b7ec5e486af619881a13579e8449d3aaa,52572.8,2024-07-01 14:18:00+05:30,303,0.0,251.5,0.0,0.0,19.679999999998834,25.033333333333335,0.0003361933137098711,21.285714285714285,67.24638157894515,65.64999999999418,406.75,0.5404364569960772,0.12836970474968867,0.3311938382542341,9,14,-0.00040783925999510195,38.94999999999709,21.049999999995634,0.0,2024-07-01T14:19:00+05:30,52574.45,30,86.5,26.5,35.14999999999418,33.64999999999418,True,True,0.4063583815028229
BANKNIFTY:2024-07-01,2024-07-01,BANKNIFTY,compression_expansion_down,2024-07-01T14:42:00+05:30,2024-07-01T14:42:00+05:30,DOWN,{},"{'source_path': '/Users/madhuram/tradebot-structural-edge-discovery-v3/runtime/upstox_candidate_replay.zip!upstox_candidate_replay/20240701/underlying/BANKNIFTY_20240701.parquet', 'source_hash': '4357f109ed631802b3774c34db9c318f71742f8e99de307408af71bf00810707'}",{'completed_bar_only': True},"{'buy_ce_allowed': False, 'buy_pe_allowed': True, 'research_only': True}",c373c762ad8de4d4ddfa26a7dc8114e2bb39737fda2d3aaa1aad9d59e16060d8,52514.65,2024-07-01 14:41:00+05:30,326,0.0,251.5,0.0,0.0,29.519999999998255,27.726666666665793,0.00032081335065583356,26.785714285713766,5.567125382258382,123.79999999999563,348.59999999999854,0.2643902439023538,0.2146341463414634,0.5209756097561827,0,14,-0.0003102932652083723,51.25,13.549999999995634,0.0,2024-07-01T14:42:00+05:30,52515.85,30,18.25,140.3000000000029,-87.34999999999854,-88.84999999999854,False,False,-4.786301369862934
BANKNIFTY:2024-07-01,2024-07-01,BANKNIFTY,compression_expansion_down,2024-07-01T15:02:00+05:30,2024-07-01T15:02:00+05:30,DOWN,{},"{'source_path': '/Users/madhuram/tradebot-structural-edge-discovery-v3/runtime/upstox_candidate_replay.zip!upstox_candidate_replay/20240701/underlying/BANKNIFTY_20240701.parquet', 'source_hash': '4357f109ed631802b3774c34db9c318f71742f8e99de307408af71bf00810707'}",{'completed_bar_only': True},"{'buy_ce_allowed': False, 'buy_pe_allowed': True, 'research_only': True}",09642c28ddd03e5f1bca5413b357688ad14597996ca41abce25730e1a1b71c2e,52538.6,2024-07-01 15:01:00+05:30,346,0.0,251.5,0.0,0.0,29.079999999998837,28.133333333332363,0.0002887722833069292,27.785714285713247,27.69855907780584,99.84999999999854,372.54999999999563,0.23200000000005175,0.039111111111059374,0.7288888888888889,0,14,-0.00024071739492403932,56.25,13.05000000000291,0.0,2024-07-01T15:02:00+05:30,52540.25,30,35.69999999999709,115.90000000000146,18.80000000000291,17.30000000000291,False,False,0.5266106442578276
BANKNIFTY:2024-07-02,2024-07-02,BANKNIFTY,compression_expansion_down,2024-07-02T09:29:00+05:30,2024-07-02T09:29:00+05:30,DOWN,{},"{'source_path': '/Users/madhuram/tradebot-structural-edge-discovery-v3/runtime/upstox_candidate_replay.zip!upstox_candidate_replay/20240702/underlying/BANKNIFTY_20240702.parquet', 'source_hash': '4357f109ed631802b3774c34db9c318f71742f8e99de307408af71bf00810707'}",{'completed_bar_only': True},"{'buy_ce_allowed': False, 'buy_pe_allowed': True, 'research_only': True}",5b4345ccb108f2479a22789251d5700479241b11f3071aa13ef689ead9e48dbe,52465.85,2024-07-02 09:28:00+05:30,13,0.0005464434055039297,388.6499999999942,0.0,490.09999999999854,64.89999999999854,70.05714285714306,0.0008544084520174102,70.05714285714306,-129.16428571428696,362.59999999999854,26.049999999995634,0.7385019710907333,0.0332895313184041,0.22820849759086256,9,0,-0.0017058157566762766,114.14999999999418,84.30000000000291,0.0,2024-07-02T09:29:00+05:30,52461.35,30,341.09999999999854,18.400000000001455,221.84999999999854,220.34999999999854,True,True,0.6503957783641146
BANKNIFTY:2024-07-02,2024-07-02,BANKNIFTY,compression_expansion_down,2024-07-02T09:43:00+05:30,2024-07-02T09:43:00+05:30,DOWN,{},"{'source_path': '/Users/madhuram/tradebot-structural-edge-discovery-v3/runtime/upstox_candidate_replay.zip!upstox_candidate_replay/20240702/underlying/BANKNIFTY_20240702.parquet', 'source_hash': '4357f109ed631802b3774c34db9c318f71742f8e99de307408af71bf00810707'}",{'completed_bar_only': True},"{'buy_ce_allowed': False, 'buy_pe_allowed': True, 'research_only': True}",9149bba4f5cb97fc16869800ca44c5e4ef6d4018ee93da21a85c5161c206c70e,52327.7,2024-07-02 09:42:00+05:30,27,-0.0021543578861587826,390.1999999999971,0.0,490.09999999999854,45.59000000000087,52.35999999999961,0.0006839195344726174,47.94642857142857,-172.8339285714319,500.75,7.149999999994179,0.8648068669528791,0.05847639484975601,0.07671673819736484,10,0,-0.0014902930591653707,93.19999999999709,80.60000000000582,0.0,2024-07-02T09:43:00+05:30,52330.8,30,210.5500000000029,59.549999999995634,68.70000000000437,67.20000000000437,True,True,0.3262882925671024
BANKNIFTY:2024-07-02,2024-07-02,BANKNIFTY,compression_expansion_down,2024-07-02T10:42:00+05:30,2024-07-02T10:42:00+05:30,DOWN,{},"{'source_path': '/Users/madhuram/tradebot-structural-edge-discovery-v3/runtime/upstox_candidate_replay.zip!upstox_candidate_replay/20240702/underlying/BANKNIFTY_20240702.parquet', 'source_hash': '4357f109ed631802b3774c34db9c318f71742f8e99de307408af71bf00810707'}",{'completed_bar_only': True},"{'buy_ce_allowed': False, 'buy_pe_allowed': True, 'research_only': True}",d59687299f00d4b026caba0586f96cf0ee70537cd74f993ea0b345591583a679,52322.0,2024-07-02 10:41:00+05:30,86,-0.003360531744649091,390.1999999999971,0.0,490.09999999999854,24.91999999999971,24.28666666666686,0.00032062095908599886,23.889285714286025,-32.101724137923156,506.4499999999971,201.75,0.6161073825502574,0.2080536912751678,0.17583892617457478,0,0,-0.00040692887150795,37.25,22.94999999999709,0.0,2024-07-02T10:42:00+05:30,52318.35,30,41.150000000001455,33.950000000004366,-11.400000000001455,-12.900000000001455,True,True,-0.27703523693805715
BANKNIFTY:2024-07-02,2024-07-02,BANKNIFTY,compression_expansion_down,2024-07-02T11:14:00+05:30,2024-07-02T11:14:00+05:30,DOWN,{},"{'source_path': '/Users/madhuram/tradebot-structural-edge-discovery-v3/runtime/upstox_candidate_replay.zip!upstox_candidate_replay/20240702/underlying/BANKNIFTY_20240702.parquet', 'source_hash': '4357f109ed631802b3774c34db9c318f71742f8e99de307408af71bf00810707'}",{'completed_bar_only': True},"{'buy_ce_allowed': False, 'buy_pe_allowed': True, 'research_only': True}",ba79b2e073165272958278230767a12e4edd690df54866854fe4e95331bbf625,52301.9,2024-07-02 11:13:00+05:30,118,-0.003612809623496686,390.1999999999971,0.0,490.09999999999854,27.569999999998252,24.319999999999222,0.00022743629025601927,23.960714285713557,-42.48739495797781,526.5499999999956,181.65000000000146,0.4779470729750815,0.31916599839618154,0.20288692862873697,0,0,-0.0005322020456814958,62.349999999998545,29.799999999995634,0.0,2024-07-02T11:14:00+05:30,52299.35,30,242.04999999999563,113.30000000000291,203.9499999999971,202.4499999999971,True,True,0.8425945052675099
BANKNIFTY:2024-07-02,2024-07-02,BANKNIFTY,compression_expansion_down,2024-07-02T11:39:00+05:30,2024-07-02T11:39:00+05:30,DOWN,{},"{'source_path': '/Users/madhuram/tradebot-structural-edge-discovery-v3/runtime/upstox_candidate_replay.zip!upstox_candidate_replay/20240702/underlying/BANKNIFTY_20240702.parquet', 'source_hash': '4357f109ed631802b3774c34db9c318f71742f8e99de307408af71bf00810707'}",{'completed_bar_only': True},"{'buy_ce_allowed': False, 'buy_pe_allowed': True, 'research_only': True}",e2f0fed37225d3c29c96027e540f729b6788ea3f8b8eed96b6765aeedba04430,52247.85,2024-07-02 11:38:00+05:30,143,-0.003697536911109596,390.1999999999971,0.0,490.09999999999854,32.189999999999415,23.959999999999614,0.0004442303346965721,24.317857142856415,-97.2368055555562,580.5999999999985,127.59999999999854,1.0,0.0,0.0,0,0,-0.0015326388046182915,79.40000000000146,79.40000000000146,0.0,2024-07-02T11:39:00+05:30,52222.85,30,165.54999999999563,37.400000000001455,42.25,40.75,True,True,0.2552099063727038
BANKNIFTY:2024-07-02,2024-07-02,BANKNIFTY,compression_expansion_down,2024-07-02T12:24:00+05:30,2024-07-02T12:24:00+05:30,DOWN,{},"{'source_path': '/Users/madhuram/tradebot-structural-edge-discovery-v3/runtime/upstox_candidate_replay.zip!upstox_candidate_replay/20240702/underlying/BANKNIFTY_20240702.parquet', 'source_hash': '4357f109ed631802b3774c34db9c318f71742f8e99de307408af71bf00810707'}",{'completed_bar_only': True},"{'buy_ce_allowed': False, 'buy_pe_allowed': True, 'research_only': True}",6d75b666fa68941d2ef28b9a787202d145abe86a74d30180be98021ac82921eb,52143.15,2024-07-02 12:23:00+05:30,188,-0.006880046152571922,390.1999999999971,0.0,490.09999999999854,21.390000000000875,22.44000000000087,0.00021595636568124232,22.485714285715012,-157.38544973544776,685.2999999999956,85.84999999999854,0.48016997167126607,0.4008498583569487,0.11898016997178525,7,0,-0.00035849955475120154,35.30000000000291,16.94999999999709,0.0,2024-07-02T12:24:00+05:30,52138.85,30,119.79999999999563,47.5,76.09999999999854,74.59999999999854,True,True,0.6352253756260544
BANKNIFTY:2024-07-02,2024-07-02,BANKNIFTY,compression_expansion_down,2024-07-02T12:40:00+05:30,2024-07-02T12:40:00+05:30,DOWN,{},"{'source_path': '/Users/madhuram/tradebot-structural-edge-discovery-v3/runtime/upstox_candidate_replay.zip!upstox_candidate_replay/20240702/underlying/BANKNIFTY_20240702.parquet', 'source_hash': '4357f109ed631802b3774c34db9c318f71742f8e99de307408af71bf00810707'}",{'completed_bar_only': True},"{'buy_ce_allowed': False, 'buy_pe_allowed': True, 'research_only': True}",6454ed0ab516ffe7e90c991a74cdc68714e674a80c67ecbbd4edcf4a4fb987df,52106.9,2024-07-02 12:39:00+05:30,204,-0.0071009082955629955,390.1999999999971,0.0,490.09999999999854,25.380000000001747,23.489999999999903,0.00028635811690569895,23.803571428571427,-181.71292682927015,721.5499999999956,49.599999999998545,0.7661141804787535,0.09484346224679888,0.1390423572744476,0,0,-0.0007019091545445999,54.30000000000291,41.599999999998545,0.0,2024-07-02T12:40:00+05:30,52108.35,30,111.69999999999709,10.400000000001455,48.150000000001455,46.650000000001455,True,True,0.4310653536258076
BANKNIFTY:2024-07-02,2024-07-02,BANKNIFTY,compression_expansion_down,2024-07-02T13:00:00+05:30,2024-07-02T13:00:00+05:30,DOWN,{},"{'source_path': '/Users/madhuram/tradebot-structural-edge-discovery-v3/runtime/upstox_candidate_replay.zip!upstox_candidate_replay/20240702/underlying/BANKNIFTY_20240702.parquet', 'source_hash': '4357f109ed631802b3774c34db9c318f71742f8e99de307408af71bf00810707'}",{'completed_bar_only': True},"{'buy_ce_allowed': False, 'buy_pe_allowed': True, 'research_only': True}",991e695abab86603fc943f8dd7aaf473a5af42b9bd8c14ecf04c8793b24c7b33,52022.0,2024-07-02 12:59:00+05:30,224,-0.009118179334348046,390.1999999999971,0.0,490.09999999999854,24.420000000001163,28.043333333332946,0.0003326860523116727,28.04999999999979,-246.76777777777897,806.4499999999971,22.400000000001455,0.4691780821918161,0.019406392694029415,0.5114155251141544,9,0,-0.0004227192375682032,43.80000000000291,20.55000000000291,0.0,2024-07-02T13:00:00+05:30,52016.65,30,20.0,196.04999999999563,-116.59999999999854,-118.09999999999854,False,False,-5.829999999999927
BANKNIFTY:2024-07-03,2024-07-03,BANKNIFTY,compression_expansion_down,2024-07-03T10:23:00+05:30,2024-07-03T10:23:00+05:30,DOWN,{},"{'source_path': '/Users/madhuram/tradebot-structural-edge-discovery-v3/runtime/upstox_candidate_replay.zip!upstox_candidate_replay/20240703/underlying/BANKNIFTY_20240703.parquet', 'source_hash': '4357f109ed631802b3774c34db9c318f71742f8e99de307408af71bf00810707'}",{'completed_bar_only': True},"{'buy_ce_allowed': False, 'buy_pe_allowed': True, 'research_only': True}",23822f9fe4cfc343ac4864e87398528e87642a0f29b7a1996c8f6b9b3e04485f,53027.7,2024-07-03 10:22:00+05:30,67,0.017620967973905118,471.5,0.0,831.7999999999956,31.80999999999913,34.713333333332656,0.0004286726318240877,35.61785714285673,29.32647058823204,173.8000000000029,545.0499999999956,0.7586872586873789,0.1322393822393653,0.1090733590732559,6,4,-0.0007292750214825672,51.799999999995634,39.30000000000291,0.0,2024-07-03T10:23:00+05:30,53027.1,30,18.44999999999709,229.59999999999854,-102.90000000000146,-104.40000000000146,False,False,-5.577235772358682
BANKNIFTY:2024-07-03,2024-07-03,BANKNIFTY,compression_expansion_down,2024-07-03T11:02:00+05:30,2024-07-03T11:02:00+05:30,DOWN,{},"{'source_path': '/Users/madhuram/tradebot-structural-edge-discovery-v3/runtime/upstox_candidate_replay.zip!upstox_candidate_replay/20240703/underlying/BANKNIFTY_20240703.parquet', 'source_hash': '4357f109ed631802b3774c34db9c318f71742f8e99de307408af71bf00810707'}",{'completed_bar_only': True},"{'buy_ce_allowed': False, 'buy_pe_allowed': True, 'research_only': True}",29e9dd7180ec9fd1066a62148d4ec5e2f0259bf6a56796e9f8f6b105d5ee4695,53061.8,2024-07-03 11:01:00+05:30,106,0.01884057137268664,471.5,0.0,831.7999999999956,37.83000000000029,29.793333333332946,0.0004044321054796321,29.26071428571387,9.994859813086805,194.89999999999418,579.1500000000015,0.6370370370369967,0.06712962962962964,0.29583333333337375,0,4,-0.0012526268931746243,108.0,68.79999999999563,0.0,2024-07-03T11:02:00+05:30,53052.35,30,84.94999999999709,63.950000000004366,-26.950000000004366,-28.450000000004366,True,True,-0.31724543849329356
BANKNIFTY:2024-07-03,2024-07-03,BANKNIFTY,compression_expansion_down,2024-07-03T11:24:00+05:30,2024-07-03T11:24:00+05:30,DOWN,{},"{'source_path': '/Users/madhuram/tradebot-structural-edge-discovery-v3/runtime/upstox_candidate_replay.zip!upstox_candidate_replay/20240703/underlying/BANKNIFTY_20240703.parquet', 'source_hash': '4357f109ed631802b3774c34db9c318f71742f8e99de307408af71bf00810707'}",{'completed_bar_only': True},"{'buy_ce_allowed': False, 'buy_pe_allowed': True, 'research_only': True}",2de3fad1a0cb8f01d04c5053fe91660f551517982b0a170a15baea9d03b2416f,53045.4,2024-07-03 11:23:00+05:30,128,0.017409071471443802,471.5,0.0,831.7999999999956,23.529999999998836,21.66333333333314,0.00021760991826878963,21.66785714285652,-10.52713178293925,211.29999999999563,562.75,0.20767716535426262,0.09842519685040216,0.6938976377953352,0,4,-0.0001941355971176728,50.799999999995634,10.549999999995634,0.0,2024-07-03T11:24:00+05:30,53041.45,30,74.04999999999563,78.05000000000291,-52.200000000004366,-53.700000000004366,False,False,-0.7049291019582369
BANKNIFTY:2024-07-03,2024-07-03,BANKNIFTY,compression_expansion_down,2024-07-03T11:55:00+05:30,2024-07-03T11:55:00+05:30,DOWN,{},"{'source_path': '/Users/madhuram/tradebot-structural-edge-discovery-v3/runtime/upstox_candidate_replay.zip!upstox_candidate_replay/20240703/underlying/BANKNIFTY_20240703.parquet', 'source_hash': '4357f109ed631802b3774c34db9c318f71742f8e99de307408af71bf00810707'}",{'completed_bar_only': True},"{'buy_ce_allowed': False, 'buy_pe_allowed': True, 'research_only': True}",f89239d5e3ecbad2805135920cdd09e443e7afe7708cf424ccf96b5425df3ab6,53093.65,2024-07-03 11:54:00+05:30,159,0.018350620636226524,471.5,0.0,831.7999999999956,22.0,19.416666666667638,0.00018458610677290433,19.69642857142961,34.27375000000757,163.04999999999563,611.0,0.3449319213313298,0.43721633888035755,0.2178517397883126,0,4,-0.00023067116836361645,33.05000000000291,11.400000000001455,0.0,2024-07-03T11:55:00+05:30,53096.1,30,51.5,24.099999999998545,-11.200000000004366,-12.700000000004366,True,True,-0.21747572815542457
BANKNIFTY:2024-07-03,2024-07-03,BANKNIFTY,compression_expansion_down,2024-07-03T12:44:00+05:30,2024-07-03T12:44:00+05:30,DOWN,{},"{'source_path': '/Users/madhuram/tradebot-structural-edge-discovery-v3/runtime/upstox_candidate_replay.zip!upstox_candidate_replay/20240703/underlying/BANKNIFTY_20240703.parquet', 'source_hash': '4357f109ed631802b3774c34db9c318f71742f8e99de307408af71bf00810707'}",{'completed_bar_only': True},"{'buy_ce_allowed': False, 'buy_pe_allowed': True, 'research_only': True}",8b4e3575f26f005f896183b2bfa503773464235368ca4491c8ad6bd183751e4a,53115.5,2024-07-03 12:43:00+05:30,208,0.01895562829709999,471.5,0.0,831.7999999999956,16.05999999999913,17.886666666666862,0.0002122624554331906,18.22857142857174,47.34210526316019,141.1999999999971,632.8499999999985,0.7250859106529072,0.0017182130585193431,0.27319587628857345,9,4,-0.0003462949265911064,29.099999999998545,21.099999999998545,0.0,2024-07-03T12:44:00+05:30,53116.95,30,59.0,13.650000000001455,32.799999999995634,31.299999999995634,True,True,0.5559322033897565
BANKNIFTY:2024-07-03,2024-07-03,BANKNIFTY,compression_expansion_down,2024-07-03T13:58:00+05:30,2024-07-03T13:58:00+05:30,DOWN,{},"{'source_path': '/Users/madhuram/tradebot-structural-edge-discovery-v3/runtime/upstox_candidate_replay.zip!upstox_candidate_replay/20240703/underlying/BANKNIFTY_20240703.parquet', 'source_hash': '4357f109ed631802b3774c34db9c318f71742f8e99de307408af71bf00810707'}",{'completed_bar_only': True},"{'buy_ce_allowed': False, 'buy_pe_allowed': True, 'research_only': True}",54d693ed1b6e5c03b649e6b38275ea00384bd04a135a4890e128e5ed879dd6ce,53131.25,2024-07-03 13:57:00+05:30,282,0.019592276612187296,471.5,0.0,831.7999999999956,25.990000000000872,25.350000000001454,0.00032126207236404407,25.660714285715844,50.3409893992939,125.44999999999709,648.5999999999985,0.7671641791045355,0.08557213930339572,0.14726368159206876,0,4,-0.0007334928837084975,50.25,38.55000000000291,0.0,2024-07-03T13:58:00+05:30,53127.0,30,73.90000000000146,17.650000000001455,52.349999999998545,50.849999999998545,True,True,0.708389715832172
BANKNIFTY:2024-07-03,2024-07-03,BANKNIFTY,compression_expansion_down,2024-07-03T14:50:00+05:30,2024-07-03T14:50:00+05:30,DOWN,{},"{'source_path': '/Users/madhuram/tradebot-structural-edge-discovery-v3/runtime/upstox_candidate_replay.zip!upstox_candidate_replay/20240703/underlying/BANKNIFTY_20240703.parquet', 'source_hash': '4357f109ed631802b3774c34db9c318f71742f8e99de307408af71bf00810707'}",{'completed_bar_only': True},"{'buy_ce_allowed': False, 'buy_pe_allowed': True, 'research_only': True}",5b8586750f5b87c887857652d26295254287ee316bfd0f37b3677dd16d22fcf3,53090.75,2024-07-03 14:49:00+05:30,334,0.018386096521253947,471.5,0.0,831.7999999999956,23.249999999998543,22.689999999998932,0.00019707599860646312,22.674999999998754,5.900149253735435,165.9499999999971,608.0999999999985,0.4329758713137626,0.30026809651470243,0.266756032171535,0,4,-0.00034269176852486094,37.299999999995634,16.150000000001455,0.0,2024-07-03T14:50:00+05:30,53098.4,30,51.30000000000291,47.0,-26.150000000001455,-27.650000000001455,True,True,-0.5097465886939566
BANKNIFTY:2024-07-04,2024-07-04,BANKNIFTY,compression_expansion_down,2024-07-04T09:40:00+05:30,2024-07-04T09:40:00+05:30,DOWN,{},"{'source_path': '/Users/madhuram/tradebot-structural-edge-discovery-v3/runtime/upstox_candidate_replay.zip!upstox_candidate_replay/20240704/underlying/BANKNIFTY_20240704.parquet', 'source_hash': '4357f109ed631802b3774c34db9c318f71742f8e99de307408af71bf00810707'}",{'completed_bar_only': True},"{'buy_ce_allowed': False, 'buy_pe_allowed': True, 'research_only': True}",9304d099d3c0c71c1be40b175527c613a87ca662561af4ab3ea3041d6149a2cd,53097.45,2024-07-04 09:39:00+05:30,24,0.0019475077839038507,313.1999999999971,0.0,774.0499999999956,35.26999999999971,33.61666666666667,0.0004364062102206411,34.20357142857132,-32.56999999999971,260.25,52.94999999999709,0.7174887892377306,0.07473841554559693,0.20777279521667247,0,0,-0.0008778020514036422,66.89999999999418,48.0,0.0,2024-07-04T09:40:00+05:30,53098.95,30,9.64999999999418,126.90000000000146,-102.90000000000146,-104.40000000000146,False,False,-10.663212435239743
BANKNIFTY:2024-07-04,2024-07-04,BANKNIFTY,compression_expansion_down,2024-07-04T09:55:00+05:30,2024-07-04T09:55:00+05:30,DOWN,{},"{'source_path': '/Users/madhuram/tradebot-structural-edge-discovery-v3/runtime/upstox_candidate_replay.zip!upstox_candidate_replay/20240704/underlying/BANKNIFTY_20240704.parquet', 'source_hash': '4357f109ed631802b3774c34db9c318f71742f8e99de307408af71bf00810707'}",{'completed_bar_only': True},"{'buy_ce_allowed': False, 'buy_pe_allowed': True, 'research_only': True}",7cd5560edf1c53ce21cf948ab6ac2703e902c5bc249618011eed1f446ef7b238,53163.7,2024-07-04 09:54:00+05:30,39,0.0026610912265057404,313.1999999999971,0.0,774.0499999999956,33.109999999999125,28.053333333332073,0.00036565592043310793,27.42857142857039,18.696250000000873,194.0,119.19999999999709,0.4004085801840038,0.18488253319706174,0.41470888661893446,0,0,-0.0004108258728170444,48.94999999999709,19.60000000000582,0.0,2024-07-04T09:55:00+05:30,53161.45,30,133.25,60.650000000001455,70.84999999999854,69.34999999999854,True,True,0.5317073170731598
BANKNIFTY:2024-07-04,2024-07-04,BANKNIFTY,compression_expansion_down,2024-07-04T10:13:00+05:30,2024-07-04T10:13:00+05:30,DOWN,{},"{'source_path': '/Users/madhuram/tradebot-structural-edge-discovery-v3/runtime/upstox_candidate_replay.zip!upstox_candidate_replay/20240704/underlying/BANKNIFTY_20240704.parquet', 'source_hash': '4357f109ed631802b3774c34db9c318f71742f8e99de307408af71bf00810707'}",{'completed_bar_only': True},"{'buy_ce_allowed': False, 'buy_pe_allowed': True, 'research_only': True}",6c27947007da0dd2252df806c85ddc4c08d870c0a12287fe936f6df0e222bf5c,53194.9,2024-07-04 10:12:00+05:30,57,0.0030513469005309653,313.1999999999971,0.0,774.0499999999956,19.289999999997963,19.716666666665695,0.00019745304953223776,19.210714285713557,36.01896551724349,162.79999999999563,150.40000000000146,0.31985940246043854,0.2636203866432607,0.41652021089630076,14,0,-0.00019359010021569034,28.44999999999709,9.099999999998545,0.0,2024-07-04T10:13:00+05:30,53190.9,30,326.90000000000146,11.400000000001455,281.75,280.25,True,True,0.8618843683083474
BANKNIFTY:2024-07-04,2024-07-04,BANKNIFTY,compression_expansion_down,2024-07-04T10:34:00+05:30,2024-07-04T10:34:00+05:30,DOWN,{},"{'source_path': '/Users/madhuram/tradebot-structural-edge-discovery-v3/runtime/upstox_candidate_replay.zip!upstox_candidate_replay/20240704/underlying/BANKNIFTY_20240704.parquet', 'source_hash': '4357f109ed631802b3774c34db9c318f71742f8e99de307408af71bf00810707'}",{'completed_bar_only': True},"{'buy_ce_allowed': False, 'buy_pe_allowed': True, 'research_only': True}",85d8801759730c67186ddbbf4dbb8d3ff3761f32ff46afe61b5d7a4db0be7a76,52971.65,2024-07-04 10:33:00+05:30,78,-0.00031484394957603275,313.1999999999971,0.0,774.0499999999956,31.669999999998254,35.55333333333256,0.000535325676529108,35.38928571428499,-172.01265822783898,386.04999999999563,4.5,0.8663446054749903,0.061191626409066016,0.07246376811594372,4,0,-0.0010654718295848298,62.099999999998545,53.799999999995634,0.0,2024-07-04T10:34:00+05:30,52973.0,30,157.09999999999854,3.349999999998545,101.40000000000146,99.90000000000146,True,True,0.6454487587524023
BANKNIFTY:2024-07-04,2024-07-04,BANKNIFTY,compression_expansion_down,2024-07-04T10:47:00+05:30,2024-07-04T10:47:00+05:30,DOWN,{},"{'source_path': '/Users/madhuram/tradebot-structural-edge-discovery-v3/runtime/upstox_candidate_replay.zip!upstox_candidate_replay/20240704/underlying/BANKNIFTY_20240704.parquet', 'source_hash': '4357f109ed631802b3774c34db9c318f71742f8e99de307408af71bf00810707'}",{'completed_bar_only': True},"{'buy_ce_allowed': False, 'buy_pe_allowed': True, 'research_only': True}",6ad4687ad0dde626f7321f2636578c7e64f9cedcfd58f7f25b3a73a9ce730d9a,52829.95,2024-07-04 10:46:00+05:30,91,-0.0024263722341572574,313.1999999999971,0.0,774.0499999999956,32.439999999999415,37.51333333333265,0.0005312610467141356,38.753571428571114,-280.54456521739485,527.75,5.94999999999709,0.9334823923980181,0.0,0.06651760760198193,5,0,-0.0015591793613790594,89.44999999999709,83.5,0.0,2024-07-04T10:47:00+05:30,52826.5,30,10.599999999998545,76.65000000000146,-59.94999999999709,-61.44999999999709,False,False,-5.655660377358992
BANKNIFTY:2024-07-04,2024-07-04,BANKNIFTY,compression_expansion_down,2024-07-04T10:59:00+05:30,2024-07-04T10:59:00+05:30,DOWN,{},"{'source_path': '/Users/madhuram/tradebot-structural-edge-discovery-v3/runtime/upstox_candidate_replay.zip!upstox_candidate_replay/20240704/underlying/BANKNIFTY_20240704.parquet', 'source_hash': '4357f109ed631802b3774c34db9c318f71742f8e99de307408af71bf00810707'}",{'completed_bar_only': True},"{'buy_ce_allowed': False, 'buy_pe_allowed': True, 'research_only': True}",aa9b5c71eb80e8d39f3cfa874a14f2d7ea74703f5f03397dddc26a811d225255,52845.8,2024-07-04 10:58:00+05:30,103,-0.0027402735371774814,313.1999999999971,0.0,774.0499999999956,26.790000000000873,29.576666666667247,0.0005491698538981688,30.203571428571845,-237.6163461538381,511.8999999999942,29.900000000001455,1.0,0.0,0.0,8,0,-0.0009735846631113709,51.0,51.0,0.0,2024-07-04T10:59:00+05:30,52850.35,30,27.349999999998545,74.84999999999854,-74.30000000000291,-75.80000000000291,False,False,-2.716636197440836
BANKNIFTY:2024-07-04,2024-07-04,BANKNIFTY,compression_expansion_down,2024-07-04T13:25:00+05:30,2024-07-04T13:25:00+05:30,DOWN,{},"{'source_path': '/Users/madhuram/tradebot-structural-edge-discovery-v3/runtime/upstox_candidate_replay.zip!upstox_candidate_replay/20240704/underlying/BANKNIFTY_20240704.parquet', 'source_hash': '4357f109ed631802b3774c34db9c318f71742f8e99de307408af71bf00810707'}",{'completed_bar_only': True},"{'buy_ce_allowed': False, 'buy_pe_allowed': True, 'research_only': True}",80e360bf7101a63e2115a90eb2c6401be2f5c40987c51dcb0c4acd267e1abb53,52973.65,2024-07-04 13:24:00+05:30,249,-0.0010274847456221137,313.1999999999971,0.0,774.0499999999956,15.819999999998254,15.35666666666463,0.00016626378497801156,14.785714285712206,-25.641799999997602,384.04999999999563,157.75,0.5957446808510638,0.27446808510625914,0.12978723404267703,0,0,-0.0003123219010306988,23.5,14.0,0.0,2024-07-04T13:25:00+05:30,52970.1,30,46.150000000001455,11.950000000004366,-2.599999999998545,-4.099999999998545,True,True,-0.05633802816898078
BANKNIFTY:2024-07-04,2024-07-04,BANKNIFTY,compression_expansion_down,2024-07-04T13:47:00+05:30,2024-07-04T13:47:00+05:30,DOWN,{},"{'source_path': '/Users/madhuram/tradebot-structural-edge-discovery-v3/runtime/upstox_candidate_replay.zip!upstox_candidate_replay/20240704/underlying/BANKNIFTY_20240704.parquet', 'source_hash': '4357f109ed631802b3774c34db9c318f71742f8e99de307408af71bf00810707'}",{'completed_bar_only': True},"{'buy_ce_allowed': False, 'buy_pe_allowed': True, 'research_only': True}",7b0dfd220201eac8980ac172342a21a920c7aded0f9a054eeeffd179370cf813,52933.65,2024-07-04 13:46:00+05:30,271,-0.0015157756614315493,313.1999999999971,0.0,774.0499999999956,18.91999999999971,16.626666666667248,0.00020716762245741072,17.035714285714807,-62.057904411769414,424.04999999999563,117.75,0.6746698679471204,0.0924369747898778,0.23289315726300183,0,0,-0.0005532169186194258,41.650000000001455,28.099999999998545,0.0,2024-07-04T13:47:00+05:30,52932.65,30,1.5,160.1999999999971,-99.34999999999854,-100.84999999999854,False,False,-66.23333333333237
BANKNIFTY:2024-07-05,2024-07-05,BANKNIFTY,compression_expansion_down,2024-07-05T09:31:00+05:30,2024-07-05T09:31:00+05:30,DOWN,{},"{'source_path': '/Users/madhuram/tradebot-structural-edge-discovery-v3/runtime/upstox_candidate_replay.zip!upstox_candidate_replay/20240705/underlying/BANKNIFTY_20240705.parquet', 'source_hash': '4357f109ed631802b3774c34db9c318f71742f8e99de307408af71bf00810707'}",{'completed_bar_only': True},"{'buy_ce_allowed': False, 'buy_pe_allowed': True, 'research_only': True}",33d8a2dece7458bbd7112d81c28643b5fb997e30365aac08fc9b91a08e4f902f,52351.35,2024-07-05 09:30:00+05:30,15,-0.010701014905691532,311.34999999999854,0.0,541.7999999999956,81.87000000000262,58.656666666669,0.0008343137307057028,58.985714285716575,-268.24687500000437,466.5,60.900000000001455,0.7040051402869799,0.03512529449562738,0.2608695652173927,0,0,-0.0031580129938382218,233.45000000000437,164.34999999999854,0.0,2024-07-05T09:31:00+05:30,52355.8,30,65.75,119.34999999999854,-45.099999999998545,-46.599999999998545,False,False,-0.6859315589353391
BANKNIFTY:2024-07-05,2024-07-05,BANKNIFTY,compression_expansion_down,2024-07-05T09:53:00+05:30,2024-07-05T09:53:00+05:30,DOWN,{},"{'source_path': '/Users/madhuram/tradebot-structural-edge-discovery-v3/runtime/upstox_candidate_replay.zip!upstox_candidate_replay/20240705/underlying/BANKNIFTY_20240705.parquet', 'source_hash': '4357f109ed631802b3774c34db9c318f71742f8e99de307408af71bf00810707'}",{'completed_bar_only': True},"{'buy_ce_allowed': False, 'buy_pe_allowed': True, 'research_only': True}",b4cd17b3c2d66cbbf99426504b25847698cff293634aee953f2918536027d021,52306.7,2024-07-05 09:52:00+05:30,37,-0.013606800574563835,311.34999999999854,0.0,541.7999999999956,35.91000000000058,38.77666666666676,0.0005297012950988954,38.0,-182.26578947368398,511.15000000000146,16.25,0.9147869674185686,0.04177109440267437,0.04344193817875703,18,0,-0.0012115680401909579,59.849999999998545,54.75,0.0,2024-07-05T09:53:00+05:30,52302.45,30,12.39999999999418,149.20000000000437,-70.70000000000437,-72.20000000000437,False,False,-5.701612903228835
BANKNIFTY:2024-07-05,2024-07-05,BANKNIFTY,compression_expansion_down,2024-07-05T10:24:00+05:30,2024-07-05T10:24:00+05:30,DOWN,{},"{'source_path': '/Users/madhuram/tradebot-structural-edge-discovery-v3/runtime/upstox_candidate_replay.zip!upstox_candidate_replay/20240705/underlying/BANKNIFTY_20240705.parquet', 'source_hash': '4357f109ed631802b3774c34db9c318f71742f8e99de307408af71bf00810707'}",{'completed_bar_only': True},"{'buy_ce_allowed': False, 'buy_pe_allowed': True, 'research_only': True}",b8a9ef21a642befa595d13caa3566387dda77ebaff2f995527042692a2884f3f,52373.15,2024-07-05 10:23:00+05:30,68,-0.012910730685002446,311.34999999999854,0.0,541.7999999999956,29.119999999998253,26.939999999999902,0.00030579075021487765,27.439285714285298,-64.57463768115849,444.6999999999971,83.09999999999854,0.6516129032258065,0.24774193548383341,0.10064516129036014,0,0,-0.0006010916970153879,38.75,25.25,0.0,2024-07-05T10:24:00+05:30,52379.15,30,18.30000000000291,284.40000000000146,-223.0,-224.5,False,False,-12.185792349724839
BANKNIFTY:2024-07-05,2024-07-05,BANKNIFTY,compression_expansion_down,2024-07-05T11:12:00+05:30,2024-07-05T11:12:00+05:30,DOWN,{},"{'source_path': '/Users/madhuram/tradebot-structural-edge-discovery-v3/runtime/upstox_candidate_replay.zip!upstox_candidate_replay/20240705/underlying/BANKNIFTY_20240705.parquet', 'source_hash': '4357f109ed631802b3774c34db9c318f71742f8e99de307408af71bf00810707'}",{'completed_bar_only': True},"{'buy_ce_allowed': False, 'buy_pe_allowed': True, 'research_only': True}",6185b67b7ef2fd26d6556ea9c19e5cd557e23cb7b08bd60fb1551cc3c1ab1af6,52549.35,2024-07-05 11:11:00+05:30,116,-0.009809028186591887,311.34999999999854,0.0,541.7999999999956,22.23999999999942,19.56333333333314,0.00022078938229687462,19.039285714285402,71.13547008547175,268.5,259.29999999999563,0.36778523489944603,0.37583892617449666,0.2563758389260573,0,0,-0.00031103932792675426,37.25,13.700000000004366,0.0,2024-07-05T11:12:00+05:30,52554.05,30,9.650000000001455,106.54999999999563,-71.54999999999563,-73.04999999999563,False,False,-7.414507772019155
BANKNIFTY:2024-07-05,2024-07-05,BANKNIFTY,compression_expansion_down,2024-07-05T11:55:00+05:30,2024-07-05T11:55:00+05:30,DOWN,{},"{'source_path': '/Users/madhuram/tradebot-structural-edge-discovery-v3/runtime/upstox_candidate_replay.zip!upstox_candidate_replay/20240705/underlying/BANKNIFTY_20240705.parquet', 'source_hash': '4357f109ed631802b3774c34db9c318f71742f8e99de307408af71bf00810707'}",{'completed_bar_only': True},"{'buy_ce_allowed': False, 'buy_pe_allowed': True, 'research_only': True}",dfec8aff67b13196995dcc106246305e46772542fd80a15bed42f413d1a4d5ba,52593.25,2024-07-05 11:54:00+05:30,159,-0.008573245107966159,311.34999999999854,0.0,541.7999999999956,18.600000000001454,19.433333333332847,0.00026221762504829223,19.192857142856415,79.81656250000378,224.59999999999854,303.1999999999971,0.9516129032257339,0.0,0.04838709677426611,13,0,-0.0006470026013115637,37.200000000004366,35.400000000001455,0.0,2024-07-05T11:55:00+05:30,52592.25,30,46.849999999998545,28.650000000001455,-13.0,-14.5,True,True,-0.27748132337247394
BANKNIFTY:2024-07-05,2024-07-05,BANKNIFTY,compression_expansion_down,2024-07-05T12:10:00+05:30,2024-07-05T12:10:00+05:30,DOWN,{},"{'source_path': '/Users/madhuram/tradebot-structural-edge-discovery-v3/runtime/upstox_candidate_replay.zip!upstox_candidate_replay/20240705/underlying/BANKNIFTY_20240705.parquet', 'source_hash': '4357f109ed631802b3774c34db9c318f71742f8e99de307408af71bf00810707'}",{'completed_bar_only': True},"{'buy_ce_allowed': False, 'buy_pe_allowed': True, 'research_only': True}",f0c43bfd94de4c0cbc7db52710fae1d6ef897e6217ded4ad2d23c4d32b010696,52558.7,2024-07-05 12:09:00+05:30,174,-0.009287211246379542,311.34999999999854,0.0,541.7999999999956,18.829999999998837,20.51999999999971,0.0002707308905473973,19.58571428571408,39.23971428570803,259.15000000000146,268.6499999999942,0.9922600619195053,0.007739938080494659,0.0,5,0,-0.0006616787245572464,32.30000000000291,32.05000000000291,0.0,2024-07-05T12:10:00+05:30,52564.95,30,19.549999999995634,59.10000000000582,-17.450000000004366,-18.950000000004366,False,False,-0.8925831202050262
BANKNIFTY:2024-07-05,2024-07-05,BANKNIFTY,compression_expansion_down,2024-07-05T13:07:00+05:30,2024-07-05T13:07:00+05:30,DOWN,{},"{'source_path': '/Users/madhuram/tradebot-structural-edge-discovery-v3/runtime/upstox_candidate_replay.zip!upstox_candidate_replay/20240705/underlying/BANKNIFTY_20240705.parquet', 'source_hash': '4357f109ed631802b3774c34db9c318f71742f8e99de307408af71bf00810707'}",{'completed_bar_only': True},"{'buy_ce_allowed': False, 'buy_pe_allowed': True, 'research_only': True}",ce875a39bce0f459d354a4d78c60840e831354fd5e5895a7525dbe4e5a30c565,52584.0,2024-07-05 13:06:00+05:30,231,-0.009189252831610482,311.34999999999854,0.0,541.7999999999956,15.760000000000582,14.463333333333624,0.0001174994912283482,14.47857142857174,48.23060344827536,233.84999999999854,293.9499999999971,0.5571095571094971,0.17482517482519855,0.26806526806530445,0,0,-0.00023860880609094526,21.44999999999709,11.94999999999709,0.0,2024-07-05T13:07:00+05:30,52583.95,30,99.04999999999563,5.55000000000291,6.44999999999709,4.94999999999709,True,True,0.06511862695605627
BANKNIFTY:2024-07-05,2024-07-05,BANKNIFTY,compression_expansion_down,2024-07-05T15:16:00+05:30,2024-07-05T15:16:00+05:30,DOWN,{},"{'source_path': '/Users/madhuram/tradebot-structural-edge-discovery-v3/runtime/upstox_candidate_replay.zip!upstox_candidate_replay/20240705/underlying/BANKNIFTY_20240705.parquet', 'source_hash': '4357f109ed631802b3774c34db9c318f71742f8e99de307408af71bf00810707'}",{'completed_bar_only': True},"{'buy_ce_allowed': False, 'buy_pe_allowed': True, 'research_only': True}",d2ca096f3a7e84cd0e6b80202e75010bd77b244e213327687484a4b97be89643,52657.65,2024-07-05 15:15:00+05:30,360,-0.007473096757482226,311.34999999999854,0.0,541.7999999999956,29.06999999999971,30.166666666666668,0.0004095589133617467,29.85357142857122,125.25858725761645,160.1999999999971,367.59999999999854,0.6497237569061095,0.02651933701651027,0.3237569060773802,5,0,-0.0005342995645886139,45.25,29.400000000001455,0.0,2024-07-05T15:16:00+05:30,52660.85,30,39.25,54.200000000004366,27.69999999999709,26.19999999999709,False,False,0.705732484076359
BANKNIFTY:2024-07-08,2024-07-08,BANKNIFTY,compression_expansion_down,2024-07-08T09:41:00+05:30,2024-07-08T09:41:00+05:30,DOWN,{},"{'source_path': '/Users/madhuram/tradebot-structural-edge-discovery-v3/runtime/upstox_candidate_replay.zip!upstox_candidate_replay/20240708/underlying/BANKNIFTY_20240708.parquet', 'source_hash': '4357f109ed631802b3774c34db9c318f71742f8e99de307408af71bf00810707'}",{'completed_bar_only': True},"{'buy_ce_allowed': False, 'buy_pe_allowed': True, 'research_only': True}",731ddc60a1f1acb89ac532a71f21181681173a145a0439f35400feb6993ca0c1,52568.85,2024-07-08 09:40:00+05:30,25,-0.0001491455480053644,335.3500000000058,0.0,527.7999999999956,43.810000000002034,46.25000000000097,0.0006301189420319334,46.07500000000073,9.538461538453703,141.95000000000437,247.65000000000146,0.7895104895105506,0.14335664335664336,0.06713286713280607,21,5,-0.00106413604979394,71.5,56.450000000004366,0.0,2024-07-08T09:41:00+05:30,52578.65,30,184.25,50.150000000001455,6.400000000001455,4.900000000001455,True,True,0.03473541383989935
BANKNIFTY:2024-07-08,2024-07-08,BANKNIFTY,compression_expansion_down,2024-07-08T09:42:00+05:30,2024-07-08T09:42:00+05:30,DOWN,{},"{'source_path': '/Users/madhuram/tradebot-structural-edge-discovery-v3/runtime/upstox_candidate_replay.zip!upstox_candidate_replay/20240708/underlying/BANKNIFTY_20240708.parquet', 'source_hash': '4357f109ed631802b3774c34db9c318f71742f8e99de307408af71bf00810707'}",{'completed_bar_only': True},"{'buy_ce_allowed': False, 'buy_pe_allowed': True, 'research_only': True}",90841ea039af7b7dd5cf1d4ee8ca11feff5e3c5cd50240421ec74dbca25efb07,52466.4,2024-07-08 09:41:00+05:30,26,-0.0010354690912476262,335.3500000000058,0.0,527.7999999999956,62.44000000000233,51.280000000000776,0.0007814092983661377,51.6071428571439,-89.4703703703708,244.40000000000146,145.20000000000437,0.9041482078131187,0.0,0.09585179218688132,0,5,-0.001948872764003684,124.15000000000146,112.25,0.0,2024-07-08T09:42:00+05:30,52465.55,30,71.15000000000146,163.25,-91.64999999999418,-93.14999999999418,False,False,-1.2881236823611006
BANKNIFTY:2024-07-08,2024-07-08,BANKNIFTY,compression_expansion_down,2024-07-08T10:57:00+05:30,2024-07-08T10:57:00+05:30,DOWN,{},"{'source_path': '/Users/madhuram/tradebot-structural-edge-discovery-v3/runtime/upstox_candidate_replay.zip!upstox_candidate_replay/20240708/underlying/BANKNIFTY_20240708.parquet', 'source_hash': '4357f109ed631802b3774c34db9c318f71742f8e99de307408af71bf00810707'}",{'completed_bar_only': True},"{'buy_ce_allowed': False, 'buy_pe_allowed': True, 'research_only': True}",c1361c201c8580798762a63f0a4c19b69906c9a4789c1ea80312c37dc454573b,52477.95,2024-07-08 10:56:00+05:30,101,-0.0022941815186816672,335.3500000000058,0.0,527.7999999999956,23.9,23.93000000000029,0.00026785426886515376,23.778571428572054,-65.29901960784628,232.85000000000582,156.75,0.6644165863067567,0.05882352941168216,0.2767598842815612,18,5,-0.0006769687794567769,51.849999999998545,34.450000000004366,0.0,2024-07-08T10:57:00+05:30,52479.45,30,90.69999999999709,43.75,48.75,47.25,True,True,0.5374862183021121
BANKNIFTY:2024-07-08,2024-07-08,BANKNIFTY,compression_expansion_down,2024-07-08T11:10:00+05:30,2024-07-08T11:10:00+05:30,DOWN,{},"{'source_path': '/Users/madhuram/tradebot-structural-edge-discovery-v3/runtime/upstox_candidate_replay.zip!upstox_candidate_replay/20240708/underlying/BANKNIFTY_20240708.parquet', 'source_hash': '4357f109ed631802b3774c34db9c318f71742f8e99de307408af71bf00810707'}",{'completed_bar_only': True},"{'buy_ce_allowed': False, 'buy_pe_allowed': True, 'research_only': True}",df864cce878143eeee4cf4d8c25d068e4ea991253846f9ee3b86daca53a6bfe5,52449.4,2024-07-08 11:09:00+05:30,114,-0.0028518148733260034,335.3500000000058,0.0,527.7999999999956,27.010000000002037,25.08000000000029,0.0003057938960333019,25.932142857143067,-87.3639130434749,261.40000000000146,128.20000000000437,0.5083081570996864,0.03021148036253577,0.46148036253777786,0,5,-0.0005868880072864568,66.20000000000437,33.650000000001455,0.0,2024-07-08T11:10:00+05:30,52447.3,30,96.05000000000291,22.39999999999418,92.35000000000582,90.85000000000582,True,True,0.9614783966684334
BANKNIFTY:2024-07-08,2024-07-08,BANKNIFTY,compression_expansion_down,2024-07-08T11:41:00+05:30,2024-07-08T11:41:00+05:30,DOWN,{},"{'source_path': '/Users/madhuram/tradebot-structural-edge-discovery-v3/runtime/upstox_candidate_replay.zip!upstox_candidate_replay/20240708/underlying/BANKNIFTY_20240708.parquet', 'source_hash': '4357f109ed631802b3774c34db9c318f71742f8e99de307408af71bf00810707'}",{'completed_bar_only': True},"{'buy_ce_allowed': False, 'buy_pe_allowed': True, 'research_only': True}",3f9e3eee862a27e13d76374a07629cf0c3f2ab49a06754efefc53f07df599eb7,52354.95,2024-07-08 11:40:00+05:30,145,-0.003953781979607881,335.3500000000058,0.0,527.7999999999956,27.710000000002037,22.090000000000874,0.0003677608774296479,22.7464285714294,-159.01575342466094,355.8500000000058,33.75,0.9498644986450279,0.0,0.050135501354972134,0,5,-0.0012819008758703232,73.80000000000291,70.10000000000582,0.0,2024-07-08T11:41:00+05:30,52357.85,30,57.099999999998545,81.84999999999854,-5.5,-7.0,False,False,-0.0963222416812634
BANKNIFTY:2024-07-08,2024-07-08,BANKNIFTY,compression_expansion_down,2024-07-08T12:14:00+05:30,2024-07-08T12:14:00+05:30,DOWN,{},"{'source_path': '/Users/madhuram/tradebot-structural-edge-discovery-v3/runtime/upstox_candidate_replay.zip!upstox_candidate_replay/20240708/underlying/BANKNIFTY_20240708.parquet', 'source_hash': '4357f109ed631802b3774c34db9c318f71742f8e99de307408af71bf00810707'}",{'completed_bar_only': True},"{'buy_ce_allowed': False, 'buy_pe_allowed': True, 'research_only': True}",9dd3d77b906df8e0af6430b93d6adde0d729a8db90f8ff9350e3b5956d524808,52272.75,2024-07-08 12:13:00+05:30,178,-0.005473736608962195,335.3500000000058,0.0,527.7999999999956,32.39000000000233,27.19333333333343,0.0004065682392576774,26.657142857143167,-214.8625698324031,438.0500000000029,15.30000000000291,0.8206583427922604,0.005675368898978059,0.17366628830876163,0,5,-0.0014403565359998316,88.10000000000582,72.30000000000291,0.0,2024-07-08T12:14:00+05:30,52275.5,30,28.80000000000291,106.90000000000146,-75.40000000000146,-76.90000000000146,False,False,-2.6180555555553413
BANKNIFTY:2024-07-08,2024-07-08,BANKNIFTY,compression_expansion_down,2024-07-08T13:04:00+05:30,2024-07-08T13:04:00+05:30,DOWN,{},"{'source_path': '/Users/madhuram/tradebot-structural-edge-discovery-v3/runtime/upstox_candidate_replay.zip!upstox_candidate_replay/20240708/underlying/BANKNIFTY_20240708.parquet', 'source_hash': '4357f109ed631802b3774c34db9c318f71742f8e99de307408af71bf00810707'}",{'completed_bar_only': True},"{'buy_ce_allowed': False, 'buy_pe_allowed': True, 'research_only': True}",128a9a5dbb4fab7ea31ebbb1af5daaff60eda606d1408524658a26079f499fd6,52374.2,2024-07-08 13:03:00+05:30,228,-0.00466436076883105,335.3500000000058,0.0,527.7999999999956,21.390000000000875,20.853333333333044,0.00023188368546444755,21.38571428571387,-84.44344978166191,336.6000000000058,127.5,0.45516074450094895,0.39763113367170366,0.1472081218273474,0,5,-0.0002949055777239362,29.55000000000291,13.450000000004366,0.0,2024-07-08T13:04:00+05:30,52376.6,30,42.799999999995634,70.55000000000291,11.0,9.5,False,False,0.25700934579441875
BANKNIFTY:2024-07-08,2024-07-08,BANKNIFTY,compression_expansion_down,2024-07-08T13:27:00+05:30,2024-07-08T13:27:00+05:30,DOWN,{},"{'source_path': '/Users/madhuram/tradebot-structural-edge-discovery-v3/runtime/upstox_candidate_replay.zip!upstox_candidate_replay/20240708/underlying/BANKNIFTY_20240708.parquet', 'source_hash': '4357f109ed631802b3774c34db9c318f71742f8e99de307408af71bf00810707'}",{'completed_bar_only': True},"{'buy_ce_allowed': False, 'buy_pe_allowed': True, 'research_only': True}",b8d8a2aaaf0a7c0d8c6b4c51caae9c0d810e3051974c22dc72f409d659b21b04,52390.7,2024-07-08 13:26:00+05:30,251,-0.004009830306565404,335.3500000000058,0.0,527.7999999999956,20.86999999999971,21.99333333333343,0.0002598833911843401,21.110714285714494,-63.3704365079393,320.1000000000058,144.0,0.9415292353823935,0.0,0.05847076461760644,6,5,-0.0004998387924506353,33.349999999998545,31.400000000001455,0.0,2024-07-08T13:27:00+05:30,52396.8,30,63.0,121.44999999999709,-79.04999999999563,-80.54999999999563,False,False,-1.2547619047618355
BANKNIFTY:2024-07-09,2024-07-09,BANKNIFTY,compression_expansion_down,2024-07-09T09:48:00+05:30,2024-07-09T09:48:00+05:30,DOWN,{},"{'source_path': '/Users/madhuram/tradebot-structural-edge-discovery-v3/runtime/upstox_candidate_replay.zip!upstox_candidate_replay/20240709/underlying/BANKNIFTY_20240709.parquet', 'source_hash': '4357f109ed631802b3774c34db9c318f71742f8e99de307408af71bf00810707'}",{'completed_bar_only': True},"{'buy_ce_allowed': False, 'buy_pe_allowed': True, 'research_only': True}",ab429f6c0d7f423caa27631a2fee35ac2af2eb4c8507433f109865277ab017f6,52477.45,2024-07-09 09:47:00+05:30,32,0.0010253468407214331,293.3500000000058,0.0,464.1000000000058,31.779999999998836,31.839999999999904,0.00043984719101987856,30.446428571428573,-53.349999999998545,108.85000000000582,184.5,0.7040971168437091,0.11608497723825928,0.17981790591803162,13,2,-0.0009528342296892811,65.90000000000146,46.400000000001455,0.0,2024-07-09T09:48:00+05:30,52480.55,30,64.20000000000437,54.0,-28.599999999998545,-30.099999999998545,True,True,-0.44548286604356074
BANKNIFTY:2024-07-09,2024-07-09,BANKNIFTY,compression_expansion_down,2024-07-09T09:49:00+05:30,2024-07-09T09:49:00+05:30,DOWN,{},"{'source_path': '/Users/madhuram/tradebot-structural-edge-discovery-v3/runtime/upstox_candidate_replay.zip!upstox_candidate_replay/20240709/underlying/BANKNIFTY_20240709.parquet', 'source_hash': '4357f109ed631802b3774c34db9c318f71742f8e99de307408af71bf00810707'}",{'completed_bar_only': True},"{'buy_ce_allowed': False, 'buy_pe_allowed': True, 'research_only': True}",5a8188a4f589af328c9acffa729fa485efcbb3ba650ee28566abd1aaa29e7468,52459.0,2024-07-09 09:48:00+05:30,33,0.0002001141603638647,293.3500000000058,0.0,464.1000000000058,37.08000000000029,31.99333333333343,0.00038975073274207504,31.642857142857142,-69.68823529411748,127.30000000000291,166.0500000000029,0.40167753960861746,0.1835973904939101,0.41472506989747243,0,2,-0.0003515795832305102,53.650000000001455,21.55000000000291,0.0,2024-07-09T09:49:00+05:30,52450.5,30,34.150000000001455,84.05000000000291,-44.5,-46.0,False,False,-1.3030746705709548
BANKNIFTY:2024-07-09,2024-07-09,BANKNIFTY,compression_expansion_down,2024-07-09T10:08:00+05:30,2024-07-09T10:08:00+05:30,DOWN,{},"{'source_path': '/Users/madhuram/tradebot-structural-edge-discovery-v3/runtime/upstox_candidate_replay.zip!upstox_candidate_replay/20240709/underlying/BANKNIFTY_20240709.parquet', 'source_hash': '4357f109ed631802b3774c34db9c318f71742f8e99de307408af71bf00810707'}",{'completed_bar_only': True},"{'buy_ce_allowed': False, 'buy_pe_allowed': True, 'research_only': True}",7cc02427b17fca2252622e2c30b09944a9201cdd0bc99504c73638996222a484,52424.75,2024-07-09 10:07:00+05:30,52,-0.00038116982926450423,293.3500000000058,0.0,464.1000000000058,25.710000000000583,26.803333333333526,0.0003024193154690716,26.39642857142878,-81.96792452829686,161.5500000000029,131.8000000000029,0.6657894736842871,0.2355263157893971,0.09868421052631579,4,2,-0.0004337671004337462,38.0,25.30000000000291,0.0,2024-07-09T10:08:00+05:30,52428.3,30,11.950000000004366,117.29999999999563,-111.19999999999709,-112.69999999999709,False,False,-9.30543933054029
BANKNIFTY:2024-07-09,2024-07-09,BANKNIFTY,compression_expansion_down,2024-07-09T10:50:00+05:30,2024-07-09T10:50:00+05:30,DOWN,{},"{'source_path': '/Users/madhuram/tradebot-structural-edge-discovery-v3/runtime/upstox_candidate_replay.zip!upstox_candidate_replay/20240709/underlying/BANKNIFTY_20240709.parquet', 'source_hash': '4357f109ed631802b3774c34db9c318f71742f8e99de307408af71bf00810707'}",{'completed_bar_only': True},"{'buy_ce_allowed': False, 'buy_pe_allowed': True, 'research_only': True}",55ca0c3a3fdd7e60988ac4b226e25b242d3ded3778e20677347e344e10944865,52551.15,2024-07-09 10:49:00+05:30,94,0.0016075837549230187,293.3500000000058,0.0,464.1000000000058,18.4,18.526666666665793,0.00016423463707542486,18.578571428570804,41.974736842101265,35.150000000001455,258.20000000000437,0.10961214165260845,0.5682967959527055,0.32209106239468605,9,2,-9.894142192135025e-05,29.650000000001455,3.25,0.0,2024-07-09T10:50:00+05:30,52547.45,30,50.549999999995634,27.10000000000582,-11.25,-12.75,True,True,-0.22255192878340202
BANKNIFTY:2024-07-09,2024-07-09,BANKNIFTY,compression_expansion_down,2024-07-09T12:05:00+05:30,2024-07-09T12:05:00+05:30,DOWN,{},"{'source_path': '/Users/madhuram/tradebot-structural-edge-discovery-v3/runtime/upstox_candidate_replay.zip!upstox_candidate_replay/20240709/underlying/BANKNIFTY_20240709.parquet', 'source_hash': '4357f109ed631802b3774c34db9c318f71742f8e99de307408af71bf00810707'}",{'completed_bar_only': True},"{'buy_ce_allowed': False, 'buy_pe_allowed': True, 'research_only': True}",4436005d3cd5d8622a71a64253a982603ca9992c1919de7f71d9cb325675b182,52566.75,2024-07-09 12:04:00+05:30,169,0.0021383627421738133,293.3500000000058,0.0,464.1000000000058,17.680000000001748,16.413333333333625,0.00013148725929425397,16.675000000000313,37.05588235294272,59.849999999998545,273.8000000000029,0.6187624750498283,0.3812375249501717,0.0,0,5,-0.00023773636938528853,25.05000000000291,15.5,0.0,2024-07-09T12:05:00+05:30,52567.8,30,41.700000000004366,26.19999999999709,18.30000000000291,16.80000000000291,True,True,0.4388489208633332
BANKNIFTY:2024-07-09,2024-07-09,BANKNIFTY,compression_expansion_down,2024-07-09T12:45:00+05:30,2024-07-09T12:45:00+05:30,DOWN,{},"{'source_path': '/Users/madhuram/tradebot-structural-edge-discovery-v3/runtime/upstox_candidate_replay.zip!upstox_candidate_replay/20240709/underlying/BANKNIFTY_20240709.parquet', 'source_hash': '4357f109ed631802b3774c34db9c318f71742f8e99de307408af71bf00810707'}",{'completed_bar_only': True},"{'buy_ce_allowed': False, 'buy_pe_allowed': True, 'research_only': True}",74d1508c570a2f3f64aa99cfb44beea661f7e0cda6253be02b5c44065aa0dba9,52493.95,2024-07-09 12:44:00+05:30,209,0.0011111100523059465,293.3500000000058,0.0,464.1000000000058,23.360000000000582,18.88000000000029,0.00018778424638193824,18.996428571428883,-39.36285714285623,132.65000000000146,201.0,0.6673132880698257,0.13385063045588877,0.19883608147428558,0,5,-0.0005854388506740804,51.55000000000291,34.400000000001455,0.0,2024-07-09T12:45:00+05:30,52492.0,30,0.9499999999970896,83.55000000000291,-76.75,-78.25,False,False,-80.78947368445803
BANKNIFTY:2024-07-09,2024-07-09,BANKNIFTY,compression_expansion_down,2024-07-09T13:36:00+05:30,2024-07-09T13:36:00+05:30,DOWN,{},"{'source_path': '/Users/madhuram/tradebot-structural-edge-discovery-v3/runtime/upstox_candidate_replay.zip!upstox_candidate_replay/20240709/underlying/BANKNIFTY_20240709.parquet', 'source_hash': '4357f109ed631802b3774c34db9c318f71742f8e99de307408af71bf00810707'}",{'completed_bar_only': True},"{'buy_ce_allowed': False, 'buy_pe_allowed': True, 'research_only': True}",574b9afc6c84077241524afce1f7dc826cdf033bc9821d6f1679c0553f7d1c43,52536.65,2024-07-09 13:35:00+05:30,260,0.0014894211078509392,293.3500000000058,0.0,464.1000000000058,15.210000000000582,13.87666666666822,0.0001510084438116985,14.317857142858495,-0.022796934863436036,89.94999999999709,243.70000000000437,0.5760598503739726,0.40648379052385186,0.017456359102175613,0,5,-0.00025594623035918307,20.049999999995634,11.549999999995634,0.0,2024-07-09T13:36:00+05:30,52536.95,30,2.849999999998545,57.25,-39.75,-41.25,False,False,-13.947368421059753
BANKNIFTY:2024-07-09,2024-07-09,BANKNIFTY,compression_expansion_down,2024-07-09T14:59:00+05:30,2024-07-09T14:59:00+05:30,DOWN,{},"{'source_path': '/Users/madhuram/tradebot-structural-edge-discovery-v3/runtime/upstox_candidate_replay.zip!upstox_candidate_replay/20240709/underlying/BANKNIFTY_20240709.parquet', 'source_hash': '4357f109ed631802b3774c34db9c318f71742f8e99de307408af71bf00810707'}",{'completed_bar_only': True},"{'buy_ce_allowed': False, 'buy_pe_allowed': True, 'research_only': True}",27a3695c008a4beed698a3b14e84c0c7bbafd5a51ae2691a50c2ea8e0b4c599f,52513.5,2024-07-09 14:58:00+05:30,343,0.0009719830646244857,293.3500000000058,0.0,464.1000000000058,19.949999999998546,20.70666666666657,0.00026074098064963645,20.910714285714285,-27.020639534886868,113.09999999999854,220.5500000000029,0.25378151260513987,0.6672268907562536,0.07899159663860655,4,5,-4.189223413186838e-05,29.75,7.55000000000291,0.0,2024-07-09T14:59:00+05:30,52513.25,30,24.849999999998545,94.40000000000146,-8.150000000001455,-9.650000000001455,False,False,-0.32796780684112403
BANKNIFTY:2024-07-10,2024-07-10,BANKNIFTY,compression_expansion_down,2024-07-10T09:45:00+05:30,2024-07-10T09:45:00+05:30,DOWN,{},"{'source_path': '/Users/madhuram/tradebot-structural-edge-discovery-v3/runtime/upstox_candidate_replay.zip!upstox_candidate_replay/20240710/underlying/BANKNIFTY_20240710.parquet', 'source_hash': '4357f109ed631802b3774c34db9c318f71742f8e99de307408af71bf00810707'}",{'completed_bar_only': True},"{'buy_ce_allowed': False, 'buy_pe_allowed': True, 'research_only': True}",8646bb063d9c93b68f77f43fc4c2d85eddab4501fdf5a01ce4f3b9493c094de2,52299.4,2024-07-10 09:44:00+05:30,29,-0.0035071418507504437,353.6000000000058,0.0,333.65000000000146,33.48999999999942,36.93000000000029,0.0003696128799551042,35.71785714285735,-1.7316666666665697,229.40000000000146,124.20000000000437,0.6551126516464045,0.22616984402085907,0.1187175043327364,25,0,-0.0007260582298700413,57.69999999999709,37.799999999995634,0.0,2024-07-10T09:45:00+05:30,52299.05,30,97.20000000000437,87.34999999999854,27.75,26.25,True,True,0.285493827160481
BANKNIFTY:2024-07-10,2024-07-10,BANKNIFTY,compression_expansion_down,2024-07-10T09:46:00+05:30,2024-07-10T09:46:00+05:30,DOWN,{},"{'source_path': '/Users/madhuram/tradebot-structural-edge-discovery-v3/runtime/upstox_candidate_replay.zip!upstox_candidate_replay/20240710/underlying/BANKNIFTY_20240710.parquet', 'source_hash': '4357f109ed631802b3774c34db9c318f71742f8e99de307408af71bf00810707'}",{'completed_bar_only': True},"{'buy_ce_allowed': False, 'buy_pe_allowed': True, 'research_only': True}",948efe176f66f9da35c77009aa6380694e3ac6a5a632b1e7128e35b041fcd5ec,52210.95,2024-07-10 09:45:00+05:30,30,-0.004233512434931258,353.6000000000058,0.0,333.65000000000146,44.80999999999767,39.55,0.0005387485719244922,39.535714285714285,-87.27258064516354,317.8500000000058,35.75,0.9452789699571735,0.004291845493499911,0.05042918454932657,0,0,-0.0016912239910974458,93.19999999999709,88.10000000000582,0.0,2024-07-10T09:46:00+05:30,52211.5,30,9.650000000001455,174.90000000000146,-82.90000000000146,-84.40000000000146,False,False,-8.590673575128388
BANKNIFTY:2024-07-10,2024-07-10,BANKNIFTY,compression_expansion_down,2024-07-10T10:21:00+05:30,2024-07-10T10:21:00+05:30,DOWN,{},"{'source_path': '/Users/madhuram/tradebot-structural-edge-discovery-v3/runtime/upstox_candidate_replay.zip!upstox_candidate_replay/20240710/underlying/BANKNIFTY_20240710.parquet', 'source_hash': '4357f109ed631802b3774c34db9c318f71742f8e99de307408af71bf00810707'}",{'completed_bar_only': True},"{'buy_ce_allowed': False, 'buy_pe_allowed': True, 'research_only': True}",1db1a7f309293f395743da2634248ec3219bfdc5604582f0e7f669e0f65b6499,52210.65,2024-07-10 10:20:00+05:30,65,-0.004852307821192857,353.6000000000058,0.0,333.65000000000146,31.609999999997672,30.139999999999418,0.0003602832571218765,31.296428571428155,-88.78712121212448,318.15000000000146,35.450000000004366,0.9278008298755428,0.0,0.07219917012445717,0,0,-0.0010599614855150152,60.25,55.900000000001455,0.0,2024-07-10T10:21:00+05:30,52212.4,30,134.5,22.400000000001455,79.15000000000146,77.65000000000146,True,True,0.5884758364312376
BANKNIFTY:2024-07-10,2024-07-10,BANKNIFTY,compression_expansion_down,2024-07-10T10:36:00+05:30,2024-07-10T10:36:00+05:30,DOWN,{},"{'source_path': '/Users/madhuram/tradebot-structural-edge-discovery-v3/runtime/upstox_candidate_replay.zip!upstox_candidate_replay/20240710/underlying/BANKNIFTY_20240710.parquet', 'source_hash': '4357f109ed631802b3774c34db9c318f71742f8e99de307408af71bf00810707'}",{'completed_bar_only': True},"{'buy_ce_allowed': False, 'buy_pe_allowed': True, 'research_only': True}",379377287029c83cf3c7c782078773e9c6f729974c2294aa6fa3078bf96314e3,52118.65,2024-07-10 10:35:00+05:30,80,-0.006355504613357658,353.6000000000058,0.0,333.65000000000146,32.919999999998254,31.973333333333237,0.0005005535027638371,31.485714285713975,-161.3006172839523,410.15000000000146,0.25,0.9963872832369941,0.0,0.0036127167630059325,0,0,-0.0014063444528429336,69.19999999999709,68.94999999999709,0.0,2024-07-10T10:36:00+05:30,52123.2,30,45.299999999995634,42.55000000000291,-28.80000000000291,-30.30000000000291,True,True,-0.635761589404099
BANKNIFTY:2024-07-10,2024-07-10,BANKNIFTY,compression_expansion_down,2024-07-10T11:14:00+05:30,2024-07-10T11:14:00+05:30,DOWN,{},"{'source_path': '/Users/madhuram/tradebot-structural-edge-discovery-v3/runtime/upstox_candidate_replay.zip!upstox_candidate_replay/20240710/underlying/BANKNIFTY_20240710.parquet', 'source_hash': '4357f109ed631802b3774c34db9c318f71742f8e99de307408af71bf00810707'}",{'completed_bar_only': True},"{'buy_ce_allowed': False, 'buy_pe_allowed': True, 'research_only': True}",920099bd50cce100d054a0b1495e3e00fd1f9b82cb51afbff9ec573d0255e3ad,52106.7,2024-07-10 11:13:00+05:30,118,-0.007176122494830706,353.6000000000058,0.0,333.65000000000146,21.43999999999942,19.63333333333382,0.0002617593507261259,19.5214285714293,-126.69831932773377,422.1000000000058,28.799999999995634,0.8353591160221637,0.06850828729278552,0.09613259668505071,0,0,-0.0006731643326468584,45.25,37.80000000000291,0.0,2024-07-10T11:14:00+05:30,52107.6,30,25.44999999999709,60.950000000004366,-37.700000000004366,-39.200000000004366,False,False,-1.481335952849064
BANKNIFTY:2024-07-10,2024-07-10,BANKNIFTY,compression_expansion_down,2024-07-10T13:16:00+05:30,2024-07-10T13:16:00+05:30,DOWN,{},"{'source_path': '/Users/madhuram/tradebot-structural-edge-discovery-v3/runtime/upstox_candidate_replay.zip!upstox_candidate_replay/20240710/underlying/BANKNIFTY_20240710.parquet', 'source_hash': '4357f109ed631802b3774c34db9c318f71742f8e99de307408af71bf00810707'}",{'completed_bar_only': True},"{'buy_ce_allowed': False, 'buy_pe_allowed': True, 'research_only': True}",75b1bdca2cabf0c47466430ab7b8e6e5c68199c8ec6ccb31db59cdac84964f45,52115.0,2024-07-10 13:15:00+05:30,240,-0.007486472180863502,353.6000000000058,0.0,333.65000000000146,18.910000000000583,18.123333333333235,0.00021980121680481113,17.84642857142847,-72.50975103734527,413.8000000000029,37.099999999998545,0.5136186770427464,0.23346303501948168,0.2529182879377718,0,0,-0.0002743178979960348,25.69999999999709,13.19999999999709,0.0,2024-07-10T13:16:00+05:30,52113.05,30,15.85000000000582,34.799999999995634,-0.2999999999956344,-1.7999999999956344,False,False,-0.0189274447946703
BANKNIFTY:2024-07-10,2024-07-10,BANKNIFTY,compression_expansion_down,2024-07-10T14:04:00+05:30,2024-07-10T14:04:00+05:30,DOWN,{},"{'source_path': '/Users/madhuram/tradebot-structural-edge-discovery-v3/runtime/upstox_candidate_replay.zip!upstox_candidate_replay/20240710/underlying/BANKNIFTY_20240710.parquet', 'source_hash': '4357f109ed631802b3774c34db9c318f71742f8e99de307408af71bf00810707'}",{'completed_bar_only': True},"{'buy_ce_allowed': False, 'buy_pe_allowed': True, 'research_only': True}",85b7d1c84f3016e126d9eb03ed077c028c66c32e1c6b23aae7a7bb566fdf35d8,52100.6,2024-07-10 14:03:00+05:30,288,-0.0078044378101117156,353.6000000000058,0.0,333.65000000000146,15.999999999998545,14.429999999998836,0.0001139142554006087,14.489285714284572,-75.11972318339394,428.20000000000437,22.69999999999709,0.4168260038241242,0.0019120458892125278,0.5812619502866633,0,0,-0.00016407866948520144,26.150000000001455,10.900000000001455,0.0,2024-07-10T14:04:00+05:30,52097.85,30,22.44999999999709,115.15000000000146,-66.59999999999854,-68.09999999999854,False,False,-2.9665924276172464
BANKNIFTY:2024-07-11,2024-07-11,BANKNIFTY,compression_expansion_down,2024-07-11T09:33:00+05:30,2024-07-11T09:33:00+05:30,DOWN,{},"{'source_path': '/Users/madhuram/tradebot-structural-edge-discovery-v3/runtime/upstox_candidate_replay.zip!upstox_candidate_replay/20240711/underlying/BANKNIFTY_20240711.parquet', 'source_hash': '4357f109ed631802b3774c34db9c318f71742f8e99de307408af71bf00810707'}",{'completed_bar_only': True},"{'buy_ce_allowed': False, 'buy_pe_allowed': True, 'research_only': True}",4374ce640ecbd4b107de8a662a7247bd4818bd3c77f89f5c93231283a3bb8ab0,52165.35,2024-07-11 09:32:00+05:30,17,3.734394539735087e-05,230.60000000000582,0.0,453.40000000000146,36.42000000000117,41.24333333333489,0.0005313004589644595,41.9928571428588,-73.01111111111095,234.95000000000437,2.2999999999956344,0.8172858225929315,0.14783927217589735,0.03487490523117113,13,0,-0.001002533623656321,65.94999999999709,53.900000000001455,0.0,2024-07-11T09:33:00+05:30,52163.85,30,53.849999999998545,100.84999999999854,-95.25,-96.75,False,False,-1.7688022284123042
BANKNIFTY:2024-07-11,2024-07-11,BANKNIFTY,compression_expansion_down,2024-07-11T09:57:00+05:30,2024-07-11T09:57:00+05:30,DOWN,{},"{'source_path': '/Users/madhuram/tradebot-structural-edge-discovery-v3/runtime/upstox_candidate_replay.zip!upstox_candidate_replay/20240711/underlying/BANKNIFTY_20240711.parquet', 'source_hash': '4357f109ed631802b3774c34db9c318f71742f8e99de307408af71bf00810707'}",{'completed_bar_only': True},"{'buy_ce_allowed': False, 'buy_pe_allowed': True, 'research_only': True}",f4df6a22247d9e2d3cc201a4bcb0e046296857cf9f86b6e42f6d02829b6b6b75,52209.45,2024-07-11 09:56:00+05:30,41,0.0005419659767930482,230.60000000000582,0.0,453.40000000000146,30.779999999998836,27.883333333331393,0.00042067888759321845,27.432142857140985,6.9333333333270275,190.85000000000582,99.44999999999709,0.8406976744186385,0.12209302325581395,0.037209302325547554,0,0,-0.0007598209731642935,43.0,36.150000000001455,0.0,2024-07-11T09:57:00+05:30,52209.15,30,342.09999999999854,96.54999999999563,276.75,275.25,True,True,0.8089739842151452
BANKNIFTY:2024-07-11,2024-07-11,BANKNIFTY,compression_expansion_down,2024-07-11T10:30:00+05:30,2024-07-11T10:30:00+05:30,DOWN,{},"{'source_path': '/Users/madhuram/tradebot-structural-edge-discovery-v3/runtime/upstox_candidate_replay.zip!upstox_candidate_replay/20240711/underlying/BANKNIFTY_20240711.parquet', 'source_hash': '4357f109ed631802b3774c34db9c318f71742f8e99de307408af71bf00810707'}",{'completed_bar_only': True},"{'buy_ce_allowed': False, 'buy_pe_allowed': True, 'research_only': True}",4aba3487fa5b2de3552d0dcddfb67eb67ceea45613bea04bdd551258bc24f6de,51859.25,2024-07-11 10:29:00+05:30,74,-0.0056408508291313966,230.60000000000582,0.0,453.40000000000146,37.08999999999942,46.20666666666609,0.0005885293491106617,46.5892857142852,-304.3153333333321,541.0500000000029,1.3000000000029104,0.9216255442670342,0.059506531204622036,0.018867924528343728,7,0,-0.0012037344658066829,68.90000000000146,63.5,0.0,2024-07-11T10:30:00+05:30,51857.9,30,91.70000000000437,89.94999999999709,56.80000000000291,55.30000000000291,True,True,0.6194111232279194
BANKNIFTY:2024-07-11,2024-07-11,BANKNIFTY,compression_expansion_down,2024-07-11T10:45:00+05:30,2024-07-11T10:45:00+05:30,DOWN,{},"{'source_path': '/Users/madhuram/tradebot-structural-edge-discovery-v3/runtime/upstox_candidate_replay.zip!upstox_candidate_replay/20240711/underlying/BANKNIFTY_20240711.parquet', 'source_hash': '4357f109ed631802b3774c34db9c318f71742f8e99de307408af71bf00810707'}",{'completed_bar_only': True},"{'buy_ce_allowed': False, 'buy_pe_allowed': True, 'research_only': True}",6100cc8c34584f95e9f0523140b2ddc427795b58e4686453d1871ef2bc8381ee,51848.0,2024-07-11 10:44:00+05:30,89,-0.006440394275460487,230.60000000000582,0.0,453.40000000000146,25.69000000000087,28.33666666666589,0.0002869020824901599,26.099999999999064,-271.96333333333314,552.3000000000029,23.80000000000291,0.7719298245614035,0.15087719298238805,0.07719298245620843,22,0,-0.0006168080185042779,42.75,33.0,0.0,2024-07-11T10:45:00+05:30,51850.65,30,101.20000000000437,19.94999999999709,66.45000000000437,64.95000000000437,True,True,0.6566205533596986
BANKNIFTY:2024-07-11,2024-07-11,BANKNIFTY,compression_expansion_down,2024-07-11T11:00:00+05:30,2024-07-11T11:00:00+05:30,DOWN,{},"{'source_path': '/Users/madhuram/tradebot-structural-edge-discovery-v3/runtime/upstox_candidate_replay.zip!upstox_candidate_replay/20240711/underlying/BANKNIFTY_20240711.parquet', 'source_hash': '4357f109ed631802b3774c34db9c318f71742f8e99de307408af71bf00810707'}",{'completed_bar_only': True},"{'buy_ce_allowed': False, 'buy_pe_allowed': True, 'research_only': True}",b8e8876d35babcb920dfae9776289eed0edc030c4e2679b5933c93f7db84b4fd,51812.25,2024-07-11 10:59:00+05:30,104,-0.0072782392042484555,230.60000000000582,0.0,453.40000000000146,21.280000000000292,22.183333333332847,0.0002029792456924878,21.52142857142826,-267.08142857142957,588.0500000000029,1.25,0.7949125596185155,0.1653418124005587,0.03974562798092578,10,0,-0.0005025241954308424,31.44999999999709,25.0,0.0,2024-07-11T11:00:00+05:30,51805.4,30,55.950000000004366,72.19999999999709,-18.599999999998545,-20.099999999998545,False,False,-0.33243967828413035
BANKNIFTY:2024-07-11,2024-07-11,BANKNIFTY,compression_expansion_down,2024-07-11T11:01:00+05:30,2024-07-11T11:01:00+05:30,DOWN,{},"{'source_path': '/Users/madhuram/tradebot-structural-edge-discovery-v3/runtime/upstox_candidate_replay.zip!upstox_candidate_replay/20240711/underlying/BANKNIFTY_20240711.parquet', 'source_hash': '4357f109ed631802b3774c34db9c318f71742f8e99de307408af71bf00810707'}",{'completed_bar_only': True},"{'buy_ce_allowed': False, 'buy_pe_allowed': True, 'research_only': True}",fa3925a3ac600de1e955740469de86da29c97455e7ccce9e3ca362d01d1156d6,51801.1,2024-07-11 11:00:00+05:30,105,-0.00788819031240607,230.60000000000582,0.0,453.40000000000146,26.01000000000058,23.139999999999905,0.00020059379159795542,23.110714285713975,-275.60660377358727,599.2000000000044,34.900000000001455,0.09388646288215365,0.14410480349340885,0.7620087336244376,0,0,-0.00021520007334174807,45.80000000000291,4.30000000000291,0.0,2024-07-11T11:01:00+05:30,51812.05,30,62.60000000000582,65.54999999999563,-20.64999999999418,-22.14999999999418,False,False,-0.3298722044727198
BANKNIFTY:2024-07-11,2024-07-11,BANKNIFTY,compression_expansion_down,2024-07-11T12:38:00+05:30,2024-07-11T12:38:00+05:30,DOWN,{},"{'source_path': '/Users/madhuram/tradebot-structural-edge-discovery-v3/runtime/upstox_candidate_replay.zip!upstox_candidate_replay/20240711/underlying/BANKNIFTY_20240711.parquet', 'source_hash': '4357f109ed631802b3774c34db9c318f71742f8e99de307408af71bf00810707'}",{'completed_bar_only': True},"{'buy_ce_allowed': False, 'buy_pe_allowed': True, 'research_only': True}",743dfbbd206749cf6647f03df805ee87478ab3d1ccb10ce87986d2201b6d9c53,51905.15,2024-07-11 12:37:00+05:30,202,-0.005603506883734046,230.60000000000582,0.0,453.40000000000146,23.540000000000873,21.246666666665988,0.00021826290165951291,21.0035714285706,-68.40246305418987,495.15000000000146,155.70000000000437,0.6099843993757834,0.17316692667714217,0.2168486739470744,0,0,-0.0004227079886994778,32.05000000000291,19.549999999995634,0.0,2024-07-11T12:38:00+05:30,51904.1,30,17.94999999999709,61.599999999998545,-49.30000000000291,-50.80000000000291,False,False,-2.7465181058501895
BANKNIFTY:2024-07-11,2024-07-11,BANKNIFTY,compression_expansion_down,2024-07-11T12:56:00+05:30,2024-07-11T12:56:00+05:30,DOWN,{},"{'source_path': '/Users/madhuram/tradebot-structural-edge-discovery-v3/runtime/upstox_candidate_replay.zip!upstox_candidate_replay/20240711/underlying/BANKNIFTY_20240711.parquet', 'source_hash': '4357f109ed631802b3774c34db9c318f71742f8e99de307408af71bf00810707'}",{'completed_bar_only': True},"{'buy_ce_allowed': False, 'buy_pe_allowed': True, 'research_only': True}",6e87c10a2f4f00396b3c822e684579837041e24b89b956742a07b2fd6e0f5e7f,51915.65,2024-07-11 12:55:00+05:30,220,-0.005531691604123649,230.60000000000582,0.0,453.40000000000146,16.31999999999971,14.83666666666589,0.00012425012463001425,14.878571428570597,-54.70791855203424,484.65000000000146,166.20000000000437,0.503937007873815,0.013779527559283493,0.4822834645669015,0,0,-0.00020509837981907975,25.400000000001455,12.799999999995634,0.0,2024-07-11T12:56:00+05:30,51916.65,30,30.5,45.099999999998545,-4.900000000001455,-6.400000000001455,False,False,-0.16065573770496575
BANKNIFTY:2024-07-12,2024-07-12,BANKNIFTY,compression_expansion_down,2024-07-12T09:52:00+05:30,2024-07-12T09:52:00+05:30,DOWN,{},"{'source_path': '/Users/madhuram/tradebot-structural-edge-discovery-v3/runtime/upstox_candidate_replay.zip!upstox_candidate_replay/20240712/underlying/BANKNIFTY_20240712.parquet', 'source_hash': '4357f109ed631802b3774c34db9c318f71742f8e99de307408af71bf00810707'}",{'completed_bar_only': True},"{'buy_ce_allowed': False, 'buy_pe_allowed': True, 'research_only': True}",219815a6cc54a42aac3780440e5955c9f9c5389777323d5d09bbf2a8da41d3e0,52363.0,2024-07-12 09:51:00+05:30,36,0.0023907551096295646,288.4499999999971,0.0,650.8500000000058,34.86000000000058,31.50666666666657,0.000487822602734099,30.207142857142962,-30.993243243239704,147.75,169.1999999999971,0.9217154526889009,0.0020422055820484837,0.0762423417290506,0,3,-0.0013417033243154908,73.44999999999709,67.69999999999709,0.0,2024-07-12T09:52:00+05:30,52359.85,30,188.6999999999971,0.0,40.099999999998545,38.599999999998545,True,True,0.21250662427132572
BANKNIFTY:2024-07-12,2024-07-12,BANKNIFTY,compression_expansion_down,2024-07-12T10:34:00+05:30,2024-07-12T10:34:00+05:30,DOWN,{},"{'source_path': '/Users/madhuram/tradebot-structural-edge-discovery-v3/runtime/upstox_candidate_replay.zip!upstox_candidate_replay/20240712/underlying/BANKNIFTY_20240712.parquet', 'source_hash': '4357f109ed631802b3774c34db9c318f71742f8e99de307408af71bf00810707'}",{'completed_bar_only': True},"{'buy_ce_allowed': False, 'buy_pe_allowed': True, 'research_only': True}",cb778fa66706c7a889814edee57a0ee3af2555c789a649a6b33418dd58497e2a,52281.95,2024-07-12 10:33:00+05:30,78,0.00027626078635858823,288.4499999999971,0.0,650.8500000000058,27.310000000002038,29.63000000000126,0.00045689220611310074,29.714285714287275,-54.05253164557507,228.8000000000029,110.79999999999563,0.8690205011389565,0.0068337129841207385,0.12414578587692275,7,3,-0.0006632687681646932,43.900000000001455,38.150000000001455,0.0,2024-07-12T10:34:00+05:30,52283.2,30,40.69999999999709,474.1000000000058,-472.25,-473.75,False,False,-11.603194103194934
BANKNIFTY:2024-07-12,2024-07-12,BANKNIFTY,compression_expansion_down,2024-07-12T10:42:00+05:30,2024-07-12T10:42:00+05:30,DOWN,{},"{'source_path': '/Users/madhuram/tradebot-structural-edge-discovery-v3/runtime/upstox_candidate_replay.zip!upstox_candidate_replay/20240712/underlying/BANKNIFTY_20240712.parquet', 'source_hash': '4357f109ed631802b3774c34db9c318f71742f8e99de307408af71bf00810707'}",{'completed_bar_only': True},"{'buy_ce_allowed': False, 'buy_pe_allowed': True, 'research_only': True}",9aaf2ee0f9da80871f37e7015df9cdaca18f1c0b392913c37fbd1de3dad170e8,52249.0,2024-07-12 10:41:00+05:30,86,-0.0006203918697120553,288.4499999999971,0.0,650.8500000000058,26.5,25.386666666667345,0.00033804537403428204,26.1464285714293,-83.11724137931014,261.75,77.84999999999854,0.49237029501518564,0.37538148524931475,0.13224821973549963,0,3,-0.0005442117012209868,49.150000000001455,24.19999999999709,0.0,2024-07-12T10:42:00+05:30,52254.55,30,5.75,540.0,-412.75,-414.25,False,False,-71.78260869565217
BANKNIFTY:2024-07-12,2024-07-12,BANKNIFTY,compression_expansion_down,2024-07-12T10:50:00+05:30,2024-07-12T10:50:00+05:30,DOWN,{},"{'source_path': '/Users/madhuram/tradebot-structural-edge-discovery-v3/runtime/upstox_candidate_replay.zip!upstox_candidate_replay/20240712/underlying/BANKNIFTY_20240712.parquet', 'source_hash': '4357f109ed631802b3774c34db9c318f71742f8e99de307408af71bf00810707'}",{'completed_bar_only': True},"{'buy_ce_allowed': False, 'buy_pe_allowed': True, 'research_only': True}",be69bc98609562a7ce19daa716b596be7a1e499ed914b695cea2fcb3b35eeee5,52267.9,2024-07-12 10:49:00+05:30,94,-0.00014052019236924777,288.4499999999971,0.0,650.8500000000058,23.459999999999127,24.293333333332946,0.00027788417188068704,24.949999999999687,-60.452105263160774,242.84999999999854,96.75,0.7524752475248969,0.1769801980196834,0.07054455445541968,4,3,-0.0006051677308887005,40.39999999999418,30.400000000001455,0.0,2024-07-12T10:50:00+05:30,52267.2,30,13.39999999999418,527.3500000000058,-325.20000000000437,-326.70000000000437,False,False,-24.26865671642878
BANKNIFTY:2024-07-12,2024-07-12,BANKNIFTY,compression_expansion_down,2024-07-12T11:22:00+05:30,2024-07-12T11:22:00+05:30,DOWN,{},"{'source_path': '/Users/madhuram/tradebot-structural-edge-discovery-v3/runtime/upstox_candidate_replay.zip!upstox_candidate_replay/20240712/underlying/BANKNIFTY_20240712.parquet', 'source_hash': '4357f109ed631802b3774c34db9c318f71742f8e99de307408af71bf00810707'}",{'completed_bar_only': True},"{'buy_ce_allowed': False, 'buy_pe_allowed': True, 'research_only': True}",85953a9b823a1f2b41e1355f0c4f416dae15b8c109e4009a76e68a9da91be39a,52550.25,2024-07-12 11:21:00+05:30,126,0.005541466361664534,288.4499999999971,0.0,650.8500000000058,38.17000000000117,36.623333333333235,0.0003348113132935238,36.82142857142857,155.58031496062904,244.3000000000029,379.09999999999854,0.7910839160838558,0.10751748251749975,0.10139860139864454,0,6,-0.0008014465968466666,57.200000000004366,45.25,0.0,2024-07-12T11:22:00+05:30,52550.15,30,101.75,42.44999999999709,17.599999999998545,16.099999999998545,True,True,0.17297297297295866
BANKNIFTY:2024-07-12,2024-07-12,BANKNIFTY,compression_expansion_down,2024-07-12T11:37:00+05:30,2024-07-12T11:37:00+05:30,DOWN,{},"{'source_path': '/Users/madhuram/tradebot-structural-edge-discovery-v3/runtime/upstox_candidate_replay.zip!upstox_candidate_replay/20240712/underlying/BANKNIFTY_20240712.parquet', 'source_hash': '4357f109ed631802b3774c34db9c318f71742f8e99de307408af71bf00810707'}",{'completed_bar_only': True},"{'buy_ce_allowed': False, 'buy_pe_allowed': True, 'research_only': True}",040cafcdeecaf4a5076e84fa408d33706395f617fc75ef1d14c6a69cb1d219d7,52477.95,2024-07-12 11:36:00+05:30,141,0.003645877644193258,288.4499999999971,0.0,650.8500000000058,34.839999999997964,33.569999999999226,0.0003876281583980943,33.435714285713665,67.87535211267823,316.6000000000058,306.79999999999563,0.38373305526595564,0.0,0.6162669447340444,0,6,-0.00032669715840150104,47.94999999999709,18.400000000001455,0.0,2024-07-12T11:37:00+05:30,52471.15,30,8.200000000004366,106.25,-51.5,-53.0,False,False,-6.2804878048747055
BANKNIFTY:2024-07-12,2024-07-12,BANKNIFTY,compression_expansion_down,2024-07-12T13:02:00+05:30,2024-07-12T13:02:00+05:30,DOWN,{},"{'source_path': '/Users/madhuram/tradebot-structural-edge-discovery-v3/runtime/upstox_candidate_replay.zip!upstox_candidate_replay/20240712/underlying/BANKNIFTY_20240712.parquet', 'source_hash': '4357f109ed631802b3774c34db9c318f71742f8e99de307408af71bf00810707'}",{'completed_bar_only': True},"{'buy_ce_allowed': False, 'buy_pe_allowed': True, 'research_only': True}",05aa24f33634b0ab6341220916633a47eb9f71d2d69ae62a0c4c4f7f237096aa,52536.95,2024-07-12 13:01:00+05:30,226,0.004424952180118153,288.4499999999971,0.0,650.8500000000058,24.51999999999971,22.96333333333314,0.0002444488140081692,23.421428571428155,88.13766519823548,257.6000000000058,365.79999999999563,0.004497751124481611,0.1604197901049109,0.8350824587706075,0,6,-5.61478038596519e-05,33.349999999998545,0.1500000000014552,0.0,2024-07-12T13:02:00+05:30,52532.8,30,15.35000000000582,104.54999999999563,-58.69999999999709,-60.19999999999709,False,False,-3.8241042345260476
BANKNIFTY:2024-07-12,2024-07-12,BANKNIFTY,compression_expansion_down,2024-07-12T13:30:00+05:30,2024-07-12T13:30:00+05:30,DOWN,{},"{'source_path': '/Users/madhuram/tradebot-structural-edge-discovery-v3/runtime/upstox_candidate_replay.zip!upstox_candidate_replay/20240712/underlying/BANKNIFTY_20240712.parquet', 'source_hash': '4357f109ed631802b3774c34db9c318f71742f8e99de307408af71bf00810707'}",{'completed_bar_only': True},"{'buy_ce_allowed': False, 'buy_pe_allowed': True, 'research_only': True}",b7c0e5deab340fd96ee84277a4358780c63ba0bbc5bc85827a856c7586771ac1,52554.2,2024-07-12 13:29:00+05:30,254,0.005182996483171484,288.4499999999971,0.0,650.8500000000058,20.779999999998836,21.839999999999904,0.0002787927217043211,22.167857142857038,91.44019607843074,240.35000000000582,383.04999999999563,0.735725938009848,0.0,0.264274061990152,6,6,-0.00042604504665577636,30.650000000001455,22.55000000000291,0.0,2024-07-12T13:30:00+05:30,52551.9,30,19.900000000001455,64.79999999999563,-19.599999999998545,-21.099999999998545,False,False,-0.9849246231154327
BANKNIFTY:2024-07-15,2024-07-15,BANKNIFTY,compression_expansion_down,2024-07-15T10:02:00+05:30,2024-07-15T10:02:00+05:30,DOWN,{},"{'source_path': '/Users/madhuram/tradebot-structural-edge-discovery-v3/runtime/upstox_candidate_replay.zip!upstox_candidate_replay/20240715/underlying/BANKNIFTY_20240715.parquet', 'source_hash': '4357f109ed631802b3774c34db9c318f71742f8e99de307408af71bf00810707'}",{'completed_bar_only': True},"{'buy_ce_allowed': False, 'buy_pe_allowed': True, 'research_only': True}",ffaf362b63d0f4ca41df61cb4ece92ac1f594470b09a707a83d6dfd9cedce039,52202.55,2024-07-15 10:01:00+05:30,46,-0.0019045363113123553,185.59999999999854,0.0,623.4000000000015,34.76000000000058,31.26000000000058,0.00041429230557043183,31.839285714286234,-104.6159574468038,242.34999999999854,35.30000000000291,0.5681957186543987,0.0,0.43180428134560134,0,1,-0.0008545912508228781,81.75,46.44999999999709,0.0,2024-07-15T10:02:00+05:30,52202.9,30,18.150000000001455,155.25,-82.19999999999709,-83.69999999999709,False,False,-4.528925619834188
BANKNIFTY:2024-07-15,2024-07-15,BANKNIFTY,compression_expansion_down,2024-07-15T10:24:00+05:30,2024-07-15T10:24:00+05:30,DOWN,{},"{'source_path': '/Users/madhuram/tradebot-structural-edge-discovery-v3/runtime/upstox_candidate_replay.zip!upstox_candidate_replay/20240715/underlying/BANKNIFTY_20240715.parquet', 'source_hash': '4357f109ed631802b3774c34db9c318f71742f8e99de307408af71bf00810707'}",{'completed_bar_only': True},"{'buy_ce_allowed': False, 'buy_pe_allowed': True, 'research_only': True}",87eecdf7c7423f6e2a9b7a34eccf7fd0b71cf5174b6b45b7f2f4d285c993cd4e,52269.35,2024-07-15 10:23:00+05:30,68,-0.0011748142742799726,185.59999999999854,0.0,623.4000000000015,36.609999999999125,35.60333333333304,0.0004873909306259149,35.26428571428499,-28.381884057969728,175.5500000000029,102.09999999999854,0.2475728155339654,0.1900138696255845,0.5624133148404501,0,1,-0.00029740900336427956,72.09999999999854,17.849999999998545,0.0,2024-07-15T10:24:00+05:30,52265.1,30,27.5,251.3000000000029,-158.3000000000029,-159.8000000000029,False,False,-5.7563636363637425
BANKNIFTY:2024-07-15,2024-07-15,BANKNIFTY,compression_expansion_down,2024-07-15T11:21:00+05:30,2024-07-15T11:21:00+05:30,DOWN,{},"{'source_path': '/Users/madhuram/tradebot-structural-edge-discovery-v3/runtime/upstox_candidate_replay.zip!upstox_candidate_replay/20240715/underlying/BANKNIFTY_20240715.parquet', 'source_hash': '4357f109ed631802b3774c34db9c318f71742f8e99de307408af71bf00810707'}",{'completed_bar_only': True},"{'buy_ce_allowed': False, 'buy_pe_allowed': True, 'research_only': True}",adcd7d4de7cb51524d3b50ce0d21e9c51ed67308544df23c16af6be09006f734,52395.75,2024-07-15 11:20:00+05:30,125,0.0011127305931188359,185.59999999999854,0.0,623.4000000000015,19.049999999998544,20.789999999998447,0.00017015445224176457,20.474999999998545,58.08253968254576,120.65000000000146,228.5,0.3115438108483448,0.04172461752434274,0.6467315716273124,4,2,-0.00024232733461870826,35.94999999999709,11.19999999999709,0.0,2024-07-15T11:21:00+05:30,52397.25,30,29.75,48.650000000001455,-33.19999999999709,-34.69999999999709,False,False,-1.115966386554524
BANKNIFTY:2024-07-15,2024-07-15,BANKNIFTY,compression_expansion_down,2024-07-15T11:35:00+05:30,2024-07-15T11:35:00+05:30,DOWN,{},"{'source_path': '/Users/madhuram/tradebot-structural-edge-discovery-v3/runtime/upstox_candidate_replay.zip!upstox_candidate_replay/20240715/underlying/BANKNIFTY_20240715.parquet', 'source_hash': '4357f109ed631802b3774c34db9c318f71742f8e99de307408af71bf00810707'}",{'completed_bar_only': True},"{'buy_ce_allowed': False, 'buy_pe_allowed': True, 'research_only': True}",6f87bf77afa15cc6417997835bd205616348e6d13ec95b4b94e53ced5700f3e3,52382.55,2024-07-15 11:34:00+05:30,139,0.0010019351005851982,185.59999999999854,0.0,623.4000000000015,17.3,19.453333333333042,0.0001489746189831293,18.274999999999896,38.64607142857858,133.84999999999854,215.3000000000029,0.5027027027026634,0.09054054054050122,0.4067567567568354,10,2,-0.0003597232135018613,37.0,18.599999999998545,0.0,2024-07-15T11:35:00+05:30,52382.65,30,228.65000000000146,63.25,50.200000000004366,48.700000000004366,True,True,0.21954952984913206
BANKNIFTY:2024-07-15,2024-07-15,BANKNIFTY,compression_expansion_down,2024-07-15T11:50:00+05:30,2024-07-15T11:50:00+05:30,DOWN,{},"{'source_path': '/Users/madhuram/tradebot-structural-edge-discovery-v3/runtime/upstox_candidate_replay.zip!upstox_candidate_replay/20240715/underlying/BANKNIFTY_20240715.parquet', 'source_hash': '4357f109ed631802b3774c34db9c318f71742f8e99de307408af71bf00810707'}",{'completed_bar_only': True},"{'buy_ce_allowed': False, 'buy_pe_allowed': True, 'research_only': True}",0ea5f8373b535db64b76b40f52b7d7a189a26f937cc70c6728a37d6297b7be82,52408.9,2024-07-15 11:49:00+05:30,154,0.0016647977886748184,185.59999999999854,0.0,623.4000000000015,20.50999999999767,19.696666666665987,0.00032974197403913465,19.074999999999168,58.57709677419916,107.5,241.65000000000146,0.9764492753622649,0.0,0.023550724637735127,0,2,-0.0005415992051459595,27.599999999998545,26.94999999999709,0.0,2024-07-15T11:50:00+05:30,52408.4,30,254.40000000000146,37.5,73.65000000000146,72.15000000000146,True,True,0.2895047169811361
BANKNIFTY:2024-07-15,2024-07-15,BANKNIFTY,compression_expansion_down,2024-07-15T12:23:00+05:30,2024-07-15T12:23:00+05:30,DOWN,{},"{'source_path': '/Users/madhuram/tradebot-structural-edge-discovery-v3/runtime/upstox_candidate_replay.zip!upstox_candidate_replay/20240715/underlying/BANKNIFTY_20240715.parquet', 'source_hash': '4357f109ed631802b3774c34db9c318f71742f8e99de307408af71bf00810707'}",{'completed_bar_only': True},"{'buy_ce_allowed': False, 'buy_pe_allowed': True, 'research_only': True}",ed0a8bd5e0c7a1cdf7e5d25051cdb96908e59202bacda0f5b3f7a2f21a569528,52281.15,2024-07-15 12:22:00+05:30,187,-0.0006819653592161236,185.59999999999854,0.0,623.4000000000015,23.50999999999767,21.489999999998933,0.00030655723878851376,21.878571428570076,-69.37260638297448,235.25,127.15000000000146,0.7222222222222131,0.27777777777778695,0.0,0,2,-0.0007310863656693201,44.099999999998545,31.849999999998545,0.0,2024-07-15T12:23:00+05:30,52277.1,30,20.799999999995634,66.70000000000437,-37.400000000001455,-38.900000000001455,False,False,-1.7980769230773703
BANKNIFTY:2024-07-15,2024-07-15,BANKNIFTY,compression_expansion_down,2024-07-15T13:32:00+05:30,2024-07-15T13:32:00+05:30,DOWN,{},"{'source_path': '/Users/madhuram/tradebot-structural-edge-discovery-v3/runtime/upstox_candidate_replay.zip!upstox_candidate_replay/20240715/underlying/BANKNIFTY_20240715.parquet', 'source_hash': '4357f109ed631802b3774c34db9c318f71742f8e99de307408af71bf00810707'}",{'completed_bar_only': True},"{'buy_ce_allowed': False, 'buy_pe_allowed': True, 'research_only': True}",e59a005247e40b706d3642b9d64e536220935139c349786fc36a7e7c98a7a9ea,52568.55,2024-07-15 13:31:00+05:30,256,0.005105188858558093,185.59999999999854,0.0,623.4000000000015,37.53000000000029,33.766666666666666,0.00039829617088930783,32.610714285714494,211.770817120625,54.299999999995634,414.5500000000029,0.9989462592201704,0.0010537407798295775,0.0,0,3,-0.0008837775503396372,47.44999999999709,47.39999999999418,0.0,2024-07-15T13:32:00+05:30,52567.8,30,24.5,94.44999999999709,-12.349999999998545,-13.849999999998545,False,False,-0.5040816326530019
BANKNIFTY:2024-07-15,2024-07-15,BANKNIFTY,compression_expansion_down,2024-07-15T14:12:00+05:30,2024-07-15T14:12:00+05:30,DOWN,{},"{'source_path': '/Users/madhuram/tradebot-structural-edge-discovery-v3/runtime/upstox_candidate_replay.zip!upstox_candidate_replay/20240715/underlying/BANKNIFTY_20240715.parquet', 'source_hash': '4357f109ed631802b3774c34db9c318f71742f8e99de307408af71bf00810707'}",{'completed_bar_only': True},"{'buy_ce_allowed': False, 'buy_pe_allowed': True, 'research_only': True}",62e6c5315ade9e085078a7a9625c2bfce66f93a36b8c2c921df2800586e851db,52551.4,2024-07-15 14:11:00+05:30,296,0.004343947414166951,185.59999999999854,0.0,623.4000000000015,26.05,24.106666666667056,0.000219448931605487,24.567857142857456,163.0946127946154,110.84999999999854,397.40000000000146,0.5428571428570789,0.09120879120882319,0.36593406593409794,0,3,-0.0005040140439234175,45.5,24.69999999999709,0.0,2024-07-15T14:12:00+05:30,52549.3,30,38.5,64.84999999999854,5.150000000001455,3.650000000001455,False,False,0.13376623376627156
BANKNIFTY:2024-07-16,2024-07-16,BANKNIFTY,compression_expansion_down,2024-07-16T09:27:00+05:30,2024-07-16T09:27:00+05:30,DOWN,{},"{'source_path': '/Users/madhuram/tradebot-structural-edge-discovery-v3/runtime/upstox_candidate_replay.zip!upstox_candidate_replay/20240716/underlying/BANKNIFTY_20240716.parquet', 'source_hash': '4357f109ed631802b3774c34db9c318f71742f8e99de307408af71bf00810707'}",{'completed_bar_only': True},"{'buy_ce_allowed': False, 'buy_pe_allowed': True, 'research_only': True}",cff728683a4627b52396d6933f0d7ec9c62f661a5fbaf384aa908f687d61aacb,52553.75,2024-07-16 09:26:00+05:30,11,0.002039653687571843,152.8000000000029,0.0,508.25,42.23999999999796,47.395833333333336,0.00035660444524136255,47.395833333333336,-31.954166666662786,65.30000000000291,87.5,0.444313494401859,0.0,0.555686505598141,7,2,-0.000726346902900521,84.84999999999854,37.69999999999709,0.0,2024-07-16T09:27:00+05:30,52553.95,30,196.4499999999971,27.700000000004366,100.59999999999854,99.09999999999854,True,True,0.5120895902265209
BANKNIFTY:2024-07-16,2024-07-16,BANKNIFTY,compression_expansion_down,2024-07-16T09:50:00+05:30,2024-07-16T09:50:00+05:30,DOWN,{},"{'source_path': '/Users/madhuram/tradebot-structural-edge-discovery-v3/runtime/upstox_candidate_replay.zip!upstox_candidate_replay/20240716/underlying/BANKNIFTY_20240716.parquet', 'source_hash': '4357f109ed631802b3774c34db9c318f71742f8e99de307408af71bf00810707'}",{'completed_bar_only': True},"{'buy_ce_allowed': False, 'buy_pe_allowed': True, 'research_only': True}",2331d092c195669617afcaaf14f8fb94806d0db08669cb990b645a6823e1577c,52462.65,2024-07-16 09:49:00+05:30,34,0.00014575759654300048,152.8000000000029,0.0,508.25,34.77000000000116,35.59666666666793,0.0003887228107521765,36.48928571428665,-75.98999999999796,156.40000000000146,21.599999999998545,0.5764705882353226,0.0,0.42352941176467734,8,2,-0.0005229557573713794,51.0,29.400000000001455,0.0,2024-07-16T09:50:00+05:30,52466.05,30,108.55000000000291,43.099999999998545,-35.849999999998545,-37.349999999998545,True,True,-0.3302625518194158
BANKNIFTY:2024-07-16,2024-07-16,BANKNIFTY,compression_expansion_down,2024-07-16T09:52:00+05:30,2024-07-16T09:52:00+05:30,DOWN,{},"{'source_path': '/Users/madhuram/tradebot-structural-edge-discovery-v3/runtime/upstox_candidate_replay.zip!upstox_candidate_replay/20240716/underlying/BANKNIFTY_20240716.parquet', 'source_hash': '4357f109ed631802b3774c34db9c318f71742f8e99de307408af71bf00810707'}",{'completed_bar_only': True},"{'buy_ce_allowed': False, 'buy_pe_allowed': True, 'research_only': True}",fb3743e2019d2694924ce501de8a07bef882334f145369ee00de60be2090e260,52444.85,2024-07-16 09:51:00+05:30,36,-8.097644252387376e-05,152.8000000000029,0.0,508.25,39.119999999999706,39.096666666667446,0.00041838085949147716,37.192857142857974,-89.59729729730316,174.20000000000437,28.94999999999709,0.4950911640954428,0.0988779803646012,0.406030855539956,0,2,-0.0006183626063079872,71.29999999999563,35.30000000000291,0.0,2024-07-16T09:52:00+05:30,52438.35,30,80.84999999999854,70.80000000000291,-41.349999999998545,-42.849999999998545,True,True,-0.5114409400123597
BANKNIFTY:2024-07-16,2024-07-16,BANKNIFTY,compression_expansion_down,2024-07-16T10:33:00+05:30,2024-07-16T10:33:00+05:30,DOWN,{},"{'source_path': '/Users/madhuram/tradebot-structural-edge-discovery-v3/runtime/upstox_candidate_replay.zip!upstox_candidate_replay/20240716/underlying/BANKNIFTY_20240716.parquet', 'source_hash': '4357f109ed631802b3774c34db9c318f71742f8e99de307408af71bf00810707'}",{'completed_bar_only': True},"{'buy_ce_allowed': False, 'buy_pe_allowed': True, 'research_only': True}",bb785ede62269f892e3dd7c1bfbbf998ff53b5906e1ed10e6eef5ae28fc76a89,52452.45,2024-07-16 10:32:00+05:30,77,-7.526045834580114e-05,152.8000000000029,0.0,508.25,20.33000000000029,20.196666666666957,0.00027491056237441847,19.932142857143067,-39.37948717948893,166.60000000000582,94.94999999999709,0.7629427792916136,0.0,0.23705722070838636,0,2,-0.0006020876818767507,36.69999999999709,28.0,0.0,2024-07-16T10:33:00+05:30,52456.0,30,3.900000000001455,70.40000000000146,-45.900000000001455,-47.400000000001455,False,False,-11.76923076922675
BANKNIFTY:2024-07-16,2024-07-16,BANKNIFTY,compression_expansion_down,2024-07-16T10:55:00+05:30,2024-07-16T10:55:00+05:30,DOWN,{},"{'source_path': '/Users/madhuram/tradebot-structural-edge-discovery-v3/runtime/upstox_candidate_replay.zip!upstox_candidate_replay/20240716/underlying/BANKNIFTY_20240716.parquet', 'source_hash': '4357f109ed631802b3774c34db9c318f71742f8e99de307408af71bf00810707'}",{'completed_bar_only': True},"{'buy_ce_allowed': False, 'buy_pe_allowed': True, 'research_only': True}",35987f2009c2f48d90d77da3866c5c0415cfadc2ff84d8ce750c5216c96df970,52482.15,2024-07-16 10:54:00+05:30,99,0.0003220004420361375,152.8000000000029,0.0,508.25,18.179999999998834,17.13333333333382,0.00017680697929609376,17.035714285714807,-10.701999999997497,136.90000000000146,124.65000000000146,0.6695804195805045,0.047202797202748725,0.28321678321674676,0,2,-0.0003609448182989583,28.599999999998545,19.150000000001455,0.0,2024-07-16T10:55:00+05:30,52481.6,30,45.849999999998545,34.200000000004366,-14.80000000000291,-16.30000000000291,True,True,-0.32279171210476293
BANKNIFTY:2024-07-16,2024-07-16,BANKNIFTY,compression_expansion_down,2024-07-16T11:08:00+05:30,2024-07-16T11:08:00+05:30,DOWN,{},"{'source_path': '/Users/madhuram/tradebot-structural-edge-discovery-v3/runtime/upstox_candidate_replay.zip!upstox_candidate_replay/20240716/underlying/BANKNIFTY_20240716.parquet', 'source_hash': '4357f109ed631802b3774c34db9c318f71742f8e99de307408af71bf00810707'}",{'completed_bar_only': True},"{'buy_ce_allowed': False, 'buy_pe_allowed': True, 'research_only': True}",48b153ed4d630ce5ec605dfe3e510628ffb458db5920bbf72daeed1ec1560e90,52487.35,2024-07-16 11:07:00+05:30,112,0.00037153897158012666,152.8000000000029,0.0,508.25,16.55,16.286666666667347,0.0002084012092089211,16.10357142857226,-6.8407079645985505,131.70000000000437,129.84999999999854,0.6280834914612458,0.1537001897531635,0.2182163187855908,0,2,-0.0002685640110892118,26.349999999998545,16.55000000000291,0.0,2024-07-16T11:08:00+05:30,52488.75,30,53.0,23.94999999999709,-3.1999999999970896,-4.69999999999709,True,True,-0.060377358490511124
BANKNIFTY:2024-07-16,2024-07-16,BANKNIFTY,compression_expansion_down,2024-07-16T11:32:00+05:30,2024-07-16T11:32:00+05:30,DOWN,{},"{'source_path': '/Users/madhuram/tradebot-structural-edge-discovery-v3/runtime/upstox_candidate_replay.zip!upstox_candidate_replay/20240716/underlying/BANKNIFTY_20240716.parquet', 'source_hash': '4357f109ed631802b3774c34db9c318f71742f8e99de307408af71bf00810707'}",{'completed_bar_only': True},"{'buy_ce_allowed': False, 'buy_pe_allowed': True, 'research_only': True}",feef1dfcb5f1c623ff6ad1d78ba91111904a51fa5e81f659783ee5e5d097240e,52497.65,2024-07-16 11:31:00+05:30,136,0.0004125035248569376,152.8000000000029,0.0,508.25,14.309999999997672,13.453333333332072,0.00012773640925668378,13.360714285712934,3.9770072992687346,121.40000000000146,140.15000000000146,0.3435582822086894,0.2719836400815939,0.38445807770971674,0,2,-0.0001437952812292087,24.44999999999709,8.400000000001455,0.0,2024-07-16T11:32:00+05:30,52497.95,30,70.54999999999563,5.950000000004366,45.849999999998545,44.349999999998545,True,True,0.6498936924167453
BANKNIFTY:2024-07-16,2024-07-16,BANKNIFTY,compression_expansion_down,2024-07-16T11:41:00+05:30,2024-07-16T11:41:00+05:30,DOWN,{},"{'source_path': '/Users/madhuram/tradebot-structural-edge-discovery-v3/runtime/upstox_candidate_replay.zip!upstox_candidate_replay/20240716/underlying/BANKNIFTY_20240716.parquet', 'source_hash': '4357f109ed631802b3774c34db9c318f71742f8e99de307408af71bf00810707'}",{'completed_bar_only': True},"{'buy_ce_allowed': False, 'buy_pe_allowed': True, 'research_only': True}",dda4237b03b93770bc040bfb09f56ae1c07cb9a0d8ed6a208b70320db4033cef,52470.45,2024-07-16 11:40:00+05:30,145,0.00016766886922582014,152.8000000000029,0.0,508.25,12.309999999999127,13.496666666665988,0.00012952985468007807,13.778571428571013,-22.83493150684808,148.60000000000582,112.94999999999709,0.9400826446282122,0.057851239669488574,0.0020661157022991918,4,2,-0.00042291635114644066,24.19999999999709,22.75,0.0,2024-07-16T11:41:00+05:30,52477.1,30,50.900000000001455,10.900000000001455,28.799999999995634,27.299999999995634,True,True,0.5658153241649275
BANKNIFTY:2024-07-18,2024-07-18,BANKNIFTY,compression_expansion_down,2024-07-18T10:59:00+05:30,2024-07-18T10:59:00+05:30,DOWN,{},"{'source_path': '/Users/madhuram/tradebot-structural-edge-discovery-v3/runtime/upstox_candidate_replay.zip!upstox_candidate_replay/20240718/underlying/BANKNIFTY_20240718.parquet', 'source_hash': '4357f109ed631802b3774c34db9c318f71742f8e99de307408af71bf00810707'}",{'completed_bar_only': True},"{'buy_ce_allowed': False, 'buy_pe_allowed': True, 'research_only': True}",6348e516df6f3f6b4e0d6332dbf6fa372eebe4aa39a09c9a29e8db6120be9d65,52395.2,2024-07-18 10:58:00+05:30,103,0.0007375961236604511,215.79999999999563,0.0,287.45000000000437,23.9,26.536666666666374,0.0003426490035817836,26.824999999999687,-81.2870192307746,273.6000000000058,226.54999999999563,0.8839103869654327,0.10794297352348406,0.008146639511083322,5,7,-0.0008390669575432108,49.099999999998545,43.400000000001455,0.0,2024-07-18T10:59:00+05:30,52394.55,30,167.95000000000437,42.599999999998545,102.85000000000582,101.35000000000582,True,True,0.6123846382852227
BANKNIFTY:2024-07-18,2024-07-18,BANKNIFTY,compression_expansion_down,2024-07-18T11:00:00+05:30,2024-07-18T11:00:00+05:30,DOWN,{},"{'source_path': '/Users/madhuram/tradebot-structural-edge-discovery-v3/runtime/upstox_candidate_replay.zip!upstox_candidate_replay/20240718/underlying/BANKNIFTY_20240718.parquet', 'source_hash': '4357f109ed631802b3774c34db9c318f71742f8e99de307408af71bf00810707'}",{'completed_bar_only': True},"{'buy_ce_allowed': False, 'buy_pe_allowed': True, 'research_only': True}",702f22e809163f446d4fb77322c177f105f74bab9a02486c4aafbbfd8270361e,52361.3,2024-07-18 10:59:00+05:30,104,-0.00010305353344791701,215.79999999999563,0.0,287.45000000000437,28.969999999999708,27.659999999999613,0.00035992728172819677,28.174999999999272,-114.08999999999651,307.5,192.65000000000146,0.8449809402795738,0.15501905972042618,0.0,0,7,-0.0006470058325952488,39.349999999998545,33.25,0.0,2024-07-18T11:00:00+05:30,52359.8,30,133.20000000000437,77.34999999999854,98.40000000000146,96.90000000000146,True,True,0.7387387387387254
BANKNIFTY:2024-07-18,2024-07-18,BANKNIFTY,compression_expansion_down,2024-07-18T11:13:00+05:30,2024-07-18T11:13:00+05:30,DOWN,{},"{'source_path': '/Users/madhuram/tradebot-structural-edge-discovery-v3/runtime/upstox_candidate_replay.zip!upstox_candidate_replay/20240718/underlying/BANKNIFTY_20240718.parquet', 'source_hash': '4357f109ed631802b3774c34db9c318f71742f8e99de307408af71bf00810707'}",{'completed_bar_only': True},"{'buy_ce_allowed': False, 'buy_pe_allowed': True, 'research_only': True}",95e5bc667a70bf6c5813fe082af09b6ba6f0bfb6c642d9580d3c07a5764d4510,52339.6,2024-07-18 11:12:00+05:30,117,-8.587794453946801e-06,215.79999999999563,0.0,287.45000000000437,29.960000000000583,29.70333333333401,0.0004952951706260393,28.317857142857974,-126.51694915254484,329.20000000000437,170.9499999999971,0.9236700077101434,0.0763299922898566,0.0,0,7,-0.00115934340133228,64.84999999999854,59.900000000001455,0.0,2024-07-18T11:13:00+05:30,52338.35,30,152.65000000000146,3.150000000001455,121.29999999999563,119.79999999999563,True,True,0.7946282345233834
BANKNIFTY:2024-07-18,2024-07-18,BANKNIFTY,compression_expansion_down,2024-07-18T11:28:00+05:30,2024-07-18T11:28:00+05:30,DOWN,{},"{'source_path': '/Users/madhuram/tradebot-structural-edge-discovery-v3/runtime/upstox_candidate_replay.zip!upstox_candidate_replay/20240718/underlying/BANKNIFTY_20240718.parquet', 'source_hash': '4357f109ed631802b3774c34db9c318f71742f8e99de307408af71bf00810707'}",{'completed_bar_only': True},"{'buy_ce_allowed': False, 'buy_pe_allowed': True, 'research_only': True}",5daa9329f068a237c93fbc490bfdf7f41784c0cd8313c0306d481ad34d522bcb,52271.35,2024-07-18 11:27:00+05:30,132,-0.0016011465659794366,215.79999999999563,0.0,287.45000000000437,27.139999999999418,32.09333333333294,0.0004214660393492884,30.128571428571117,-173.66992481203488,397.45000000000437,102.69999999999709,0.814207650273282,0.0,0.18579234972671801,9,7,-0.0008114493690002389,54.900000000001455,44.700000000004366,0.0,2024-07-18T11:28:00+05:30,52273.6,30,87.90000000000146,41.200000000004366,8.44999999999709,6.94999999999709,True,True,0.09613196814558532
BANKNIFTY:2024-07-18,2024-07-18,BANKNIFTY,compression_expansion_down,2024-07-18T13:50:00+05:30,2024-07-18T13:50:00+05:30,DOWN,{},"{'source_path': '/Users/madhuram/tradebot-structural-edge-discovery-v3/runtime/upstox_candidate_replay.zip!upstox_candidate_replay/20240718/underlying/BANKNIFTY_20240718.parquet', 'source_hash': '4357f109ed631802b3774c34db9c318f71742f8e99de307408af71bf00810707'}",{'completed_bar_only': True},"{'buy_ce_allowed': False, 'buy_pe_allowed': True, 'research_only': True}",717f178878d149322bf23dff865badc6740235176dae095bc4fc26d01231f4ba,52563.0,2024-07-18 13:49:00+05:30,274,0.0031240487824893796,215.79999999999563,0.0,287.45000000000437,28.490000000000872,25.513333333333623,0.00029397701160616314,25.59642857142847,139.89018181818392,105.80000000000291,394.34999999999854,0.017173051519193665,0.38177014531037373,0.6010568031704326,0,7,-2.473161442273497e-05,37.849999999998545,0.6500000000014552,0.0,2024-07-18T13:50:00+05:30,52560.4,30,25.849999999998545,205.9499999999971,-148.5,-150.0,False,False,-5.744680851064153
BANKNIFTY:2024-07-18,2024-07-18,BANKNIFTY,compression_expansion_down,2024-07-18T14:55:00+05:30,2024-07-18T14:55:00+05:30,DOWN,{},"{'source_path': '/Users/madhuram/tradebot-structural-edge-discovery-v3/runtime/upstox_candidate_replay.zip!upstox_candidate_replay/20240718/underlying/BANKNIFTY_20240718.parquet', 'source_hash': '4357f109ed631802b3774c34db9c318f71742f8e99de307408af71bf00810707'}",{'completed_bar_only': True},"{'buy_ce_allowed': False, 'buy_pe_allowed': True, 'research_only': True}",7900bc701efebdd976d2f2bb97b180feecba76822c322329a3380837c43a03fa,52682.4,2024-07-18 14:54:00+05:30,339,0.006124051645087476,215.79999999999563,0.0,287.45000000000437,27.179999999998834,28.733333333333334,0.000341088252811645,29.246428571428364,207.6564705882338,100.34999999999854,513.75,0.8669673055242019,0.023675310033888272,0.1093573844419099,4,12,-0.0007188881702114847,44.349999999998545,38.44999999999709,0.0,2024-07-18T14:55:00+05:30,52679.65,30,89.09999999999854,14.650000000001455,73.09999999999854,71.59999999999854,True,True,0.8204264870931508
BANKNIFTY:2024-07-19,2024-07-19,BANKNIFTY,compression_expansion_down,2024-07-19T09:47:00+05:30,2024-07-19T09:47:00+05:30,DOWN,{},"{'source_path': '/Users/madhuram/tradebot-structural-edge-discovery-v3/runtime/upstox_candidate_replay.zip!upstox_candidate_replay/20240719/underlying/BANKNIFTY_20240719.parquet', 'source_hash': '4357f109ed631802b3774c34db9c318f71742f8e99de307408af71bf00810707'}",{'completed_bar_only': True},"{'buy_ce_allowed': False, 'buy_pe_allowed': True, 'research_only': True}",b1a6250d809d3fb779d87dcd2ed193e24fe245275ce0f452b05c5036f50d5669,52517.0,2024-07-19 09:46:00+05:30,31,-0.00020072584749597665,246.8000000000029,0.0,614.0999999999985,17.889999999999418,21.553333333333526,0.00022795413658159978,21.800000000000313,34.123437499998545,69.75,177.0500000000029,0.6308457711442207,0.10547263681597832,0.263681592039801,5,0,-0.0005861330065198844,50.25,31.69999999999709,0.0,2024-07-19T09:47:00+05:30,52515.6,30,198.09999999999854,1.5999999999985448,120.0,118.5,True,True,0.6057546693589141
BANKNIFTY:2024-07-19,2024-07-19,BANKNIFTY,compression_expansion_down,2024-07-19T09:48:00+05:30,2024-07-19T09:48:00+05:30,DOWN,{},"{'source_path': '/Users/madhuram/tradebot-structural-edge-discovery-v3/runtime/upstox_candidate_replay.zip!upstox_candidate_replay/20240719/underlying/BANKNIFTY_20240719.parquet', 'source_hash': '4357f109ed631802b3774c34db9c318f71742f8e99de307408af71bf00810707'}",{'completed_bar_only': True},"{'buy_ce_allowed': False, 'buy_pe_allowed': True, 'research_only': True}",2a29bf6a53b043e60a3feb7f1d94cefdf43da4cc027eb5d62d20d87b0da014cb,52458.95,2024-07-19 09:47:00+05:30,32,-0.0008304913026727257,246.8000000000029,0.0,614.0999999999985,28.509999999999128,24.58666666666686,0.0003589421529648058,24.985714285714494,-23.201515151515196,127.80000000000291,119.0,0.8907232704402949,0.025157232704380212,0.08411949685532495,0,0,-0.0011053563607975603,63.599999999998545,56.650000000001455,0.0,2024-07-19T09:48:00+05:30,52458.95,30,141.4499999999971,15.35000000000582,56.19999999999709,54.69999999999709,True,True,0.39731353835276245
BANKNIFTY:2024-07-19,2024-07-19,BANKNIFTY,compression_expansion_down,2024-07-19T10:12:00+05:30,2024-07-19T10:12:00+05:30,DOWN,{},"{'source_path': '/Users/madhuram/tradebot-structural-edge-discovery-v3/runtime/upstox_candidate_replay.zip!upstox_candidate_replay/20240719/underlying/BANKNIFTY_20240719.parquet', 'source_hash': '4357f109ed631802b3774c34db9c318f71742f8e99de307408af71bf00810707'}",{'completed_bar_only': True},"{'buy_ce_allowed': False, 'buy_pe_allowed': True, 'research_only': True}",55917c9eda3029421a538a85cb8462294e7034d778339a4639ab7c20bfd7b92f,52336.25,2024-07-19 10:11:00+05:30,56,-0.003668241080304664,246.8000000000029,0.0,614.0999999999985,35.27000000000116,31.626666666666765,0.00039743416867333176,30.192857142857456,-113.69649122807459,250.5,18.75,0.5904203323557425,0.04301075268825617,0.3665689149560013,0,0,-0.0005976983838273942,51.150000000001455,30.19999999999709,0.0,2024-07-19T10:12:00+05:30,52332.65,30,6.05000000000291,142.79999999999563,-34.049999999995634,-35.549999999995634,False,False,-5.62809917355029
BANKNIFTY:2024-07-19,2024-07-19,BANKNIFTY,compression_expansion_down,2024-07-19T10:57:00+05:30,2024-07-19T10:57:00+05:30,DOWN,{},"{'source_path': '/Users/madhuram/tradebot-structural-edge-discovery-v3/runtime/upstox_candidate_replay.zip!upstox_candidate_replay/20240719/underlying/BANKNIFTY_20240719.parquet', 'source_hash': '4357f109ed631802b3774c34db9c318f71742f8e99de307408af71bf00810707'}",{'completed_bar_only': True},"{'buy_ce_allowed': False, 'buy_pe_allowed': True, 'research_only': True}",2192c522338e228d73bc1f0b34f4fa5b4252a52f17b82d9cc1238ada3a056134,52284.9,2024-07-19 10:56:00+05:30,101,-0.004423579103583099,246.8000000000029,0.0,614.0999999999985,29.969999999999708,28.906666666666084,0.0003478606719067468,28.34285714285631,-138.22352941175632,301.84999999999854,3.849999999998545,0.8197845249755558,0.10479921645443688,0.07541625857000733,0,0,-0.0008102844977669887,51.049999999995634,41.849999999998545,0.0,2024-07-19T10:57:00+05:30,52284.7,30,138.39999999999418,72.15000000000146,-47.5,-49.0,True,True,-0.34320809248556355
BANKNIFTY:2024-07-19,2024-07-19,BANKNIFTY,compression_expansion_down,2024-07-19T11:41:00+05:30,2024-07-19T11:41:00+05:30,DOWN,{},"{'source_path': '/Users/madhuram/tradebot-structural-edge-discovery-v3/runtime/upstox_candidate_replay.zip!upstox_candidate_replay/20240719/underlying/BANKNIFTY_20240719.parquet', 'source_hash': '4357f109ed631802b3774c34db9c318f71742f8e99de307408af71bf00810707'}",{'completed_bar_only': True},"{'buy_ce_allowed': False, 'buy_pe_allowed': True, 'research_only': True}",51d7757ab231460aa1ad2435a2f6294426a6f9724a1ba706e96bc3bc6885a63d,52292.85,2024-07-19 11:40:00+05:30,145,-0.00441216341557388,246.8000000000029,0.0,614.0999999999985,19.849999999998545,24.289999999999417,0.0003704283364532508,24.174999999999272,-94.05479452054715,293.90000000000146,146.54999999999563,0.8937823834197228,0.0,0.10621761658027719,5,0,-0.0006516718440497948,38.599999999998545,34.5,0.0,2024-07-19T11:41:00+05:30,52290.9,30,13.200000000004366,90.09999999999854,-77.25,-78.75,False,False,-5.852272727270792
BANKNIFTY:2024-07-19,2024-07-19,BANKNIFTY,compression_expansion_down,2024-07-19T11:49:00+05:30,2024-07-19T11:49:00+05:30,DOWN,{},"{'source_path': '/Users/madhuram/tradebot-structural-edge-discovery-v3/runtime/upstox_candidate_replay.zip!upstox_candidate_replay/20240719/underlying/BANKNIFTY_20240719.parquet', 'source_hash': '4357f109ed631802b3774c34db9c318f71742f8e99de307408af71bf00810707'}",{'completed_bar_only': True},"{'buy_ce_allowed': False, 'buy_pe_allowed': True, 'research_only': True}",275bc7de16026cf929049f5cf4f91a55bffd5979d96f30dc1297b10cfeddfa0d,52285.0,2024-07-19 11:48:00+05:30,153,-0.004800296807888296,246.8000000000029,0.0,614.0999999999985,21.540000000000873,20.603333333333044,0.00025937230606979273,20.72857142857122,-97.77012987012859,301.75,138.6999999999971,0.7304492512477525,0.026622296173139198,0.24292845257910828,0,0,-0.00038810598543559394,30.05000000000291,21.94999999999709,0.0,2024-07-19T11:49:00+05:30,52283.55,30,2.5,97.44999999999709,-45.19999999999709,-46.69999999999709,False,False,-18.079999999998837
BANKNIFTY:2024-07-19,2024-07-19,BANKNIFTY,compression_expansion_down,2024-07-19T12:00:00+05:30,2024-07-19T12:00:00+05:30,DOWN,{},"{'source_path': '/Users/madhuram/tradebot-structural-edge-discovery-v3/runtime/upstox_candidate_replay.zip!upstox_candidate_replay/20240719/underlying/BANKNIFTY_20240719.parquet', 'source_hash': '4357f109ed631802b3774c34db9c318f71742f8e99de307408af71bf00810707'}",{'completed_bar_only': True},"{'buy_ce_allowed': False, 'buy_pe_allowed': True, 'research_only': True}",7968af30d45888bfa08f36896360fd48ac65eada879ba7e39aa1c91a303a6f0d,52325.1,2024-07-19 11:59:00+05:30,164,-0.004040202247939203,246.8000000000029,0.0,614.0999999999985,21.610000000000582,20.49000000000039,0.0002465423369998477,20.10357142857174,-53.57333333333372,261.65000000000146,178.79999999999563,0.7440273037542916,0.20136518771334025,0.05460750853236812,0,0,-0.0004412759177965242,29.30000000000291,21.80000000000291,0.0,2024-07-19T12:00:00+05:30,52325.3,30,59.400000000001455,55.69999999999709,12.10000000000582,10.60000000000582,True,True,0.2037037037037967
BANKNIFTY:2024-07-19,2024-07-19,BANKNIFTY,compression_expansion_down,2024-07-19T12:58:00+05:30,2024-07-19T12:58:00+05:30,DOWN,{},"{'source_path': '/Users/madhuram/tradebot-structural-edge-discovery-v3/runtime/upstox_candidate_replay.zip!upstox_candidate_replay/20240719/underlying/BANKNIFTY_20240719.parquet', 'source_hash': '4357f109ed631802b3774c34db9c318f71742f8e99de307408af71bf00810707'}",{'completed_bar_only': True},"{'buy_ce_allowed': False, 'buy_pe_allowed': True, 'research_only': True}",26c4e2060af6d931c094390fe08c3e4a1845796f4cb32a7e54eba151cf159c8c,52246.75,2024-07-19 12:57:00+05:30,222,-0.005531852147814134,246.8000000000029,0.0,614.0999999999985,16.120000000001163,16.353333333333044,0.00016340492100380417,16.178571428571427,-110.8748878923725,340.0,100.44999999999709,0.8285714285714286,0.0,0.17142857142857143,6,0,-0.0004151644060613746,26.25,21.75,0.0,2024-07-19T12:58:00+05:30,52246.25,30,63.94999999999709,91.90000000000146,-54.25,-55.75,False,False,-0.8483189992181778
BANKNIFTY:2024-07-22,2024-07-22,BANKNIFTY,compression_expansion_down,2024-07-22T11:01:00+05:30,2024-07-22T11:01:00+05:30,DOWN,{},"{'source_path': '/Users/madhuram/tradebot-structural-edge-discovery-v3/runtime/upstox_candidate_replay.zip!upstox_candidate_replay/20240722/underlying/BANKNIFTY_20240722.parquet', 'source_hash': '4357f109ed631802b3774c34db9c318f71742f8e99de307408af71bf00810707'}",{'completed_bar_only': True},"{'buy_ce_allowed': False, 'buy_pe_allowed': True, 'research_only': True}",5b9801f6c01989f8383b097d2a9b306d41ab24be493e9074c72f73f57c333388,52304.65,2024-07-22 11:00:00+05:30,105,0.0022174159062251925,354.75,0.0,440.4499999999971,28.779999999998836,28.276666666667733,0.0002959607014452106,28.003571428572677,23.515094339629286,122.34999999999854,430.09999999999854,0.7967289719625287,0.1588785046729544,0.04439252336451696,0,9,-0.0006457967326123359,42.80000000000291,34.099999999998545,0.0,2024-07-22T11:01:00+05:30,52305.85,30,38.299999999995634,51.05000000000291,-4.80000000000291,-6.30000000000291,False,False,-0.12532637075727043
BANKNIFTY:2024-07-22,2024-07-22,BANKNIFTY,compression_expansion_down,2024-07-22T11:16:00+05:30,2024-07-22T11:16:00+05:30,DOWN,{},"{'source_path': '/Users/madhuram/tradebot-structural-edge-discovery-v3/runtime/upstox_candidate_replay.zip!upstox_candidate_replay/20240722/underlying/BANKNIFTY_20240722.parquet', 'source_hash': '4357f109ed631802b3774c34db9c318f71742f8e99de307408af71bf00810707'}",{'completed_bar_only': True},"{'buy_ce_allowed': False, 'buy_pe_allowed': True, 'research_only': True}",1fdf0cd92047b225fe1eb66d8d0abc6be6c56d13f9eeb1504e1f713721a7ddd9,52282.85,2024-07-22 11:15:00+05:30,120,0.0017473160746376832,354.75,0.0,440.4499999999971,22.830000000001746,25.833333333334302,0.0002668977116451634,25.87500000000104,-2.0206611570247333,144.15000000000146,408.29999999999563,0.8326693227090926,0.01593625498023367,0.15139442231067382,9,9,-0.0005935325028338934,37.650000000001455,31.349999999998545,0.0,2024-07-22T11:16:00+05:30,52281.15,30,27.05000000000291,49.900000000001455,-22.5,-24.0,False,False,-0.8317929759703356
BANKNIFTY:2024-07-22,2024-07-22,BANKNIFTY,compression_expansion_down,2024-07-22T11:58:00+05:30,2024-07-22T11:58:00+05:30,DOWN,{},"{'source_path': '/Users/madhuram/tradebot-structural-edge-discovery-v3/runtime/upstox_candidate_replay.zip!upstox_candidate_replay/20240722/underlying/BANKNIFTY_20240722.parquet', 'source_hash': '4357f109ed631802b3774c34db9c318f71742f8e99de307408af71bf00810707'}",{'completed_bar_only': True},"{'buy_ce_allowed': False, 'buy_pe_allowed': True, 'research_only': True}",706911eb4b5c0cec2ee43426cbd9b9053fc75ef0bba8a4d6b8c5727622c284c9,52278.85,2024-07-22 11:57:00+05:30,162,0.001355725787225787,354.75,0.0,440.4499999999971,22.889999999999418,20.46666666666715,0.00021657746972546056,20.70714285714348,-7.973619631906331,148.15000000000146,404.29999999999563,0.4768000000000466,0.3151999999999534,0.208,0,9,-0.00026294351399624993,31.25,14.900000000001455,0.0,2024-07-22T11:58:00+05:30,52278.3,30,88.35000000000582,6.649999999994179,59.0,57.5,True,True,0.6677985285794693
BANKNIFTY:2024-07-22,2024-07-22,BANKNIFTY,compression_expansion_down,2024-07-22T12:13:00+05:30,2024-07-22T12:13:00+05:30,DOWN,{},"{'source_path': '/Users/madhuram/tradebot-structural-edge-discovery-v3/runtime/upstox_candidate_replay.zip!upstox_candidate_replay/20240722/underlying/BANKNIFTY_20240722.parquet', 'source_hash': '4357f109ed631802b3774c34db9c318f71742f8e99de307408af71bf00810707'}",{'completed_bar_only': True},"{'buy_ce_allowed': False, 'buy_pe_allowed': True, 'research_only': True}",8c7a17f7ad097e261dc7fc7838fc1981d72467ff9492edeedc34996acf2e98b6,52249.6,2024-07-22 12:12:00+05:30,177,0.0007420109358050436,354.75,0.0,440.4499999999971,20.18000000000029,19.92666666666628,0.00018844104632453193,20.178571428571427,-34.49297752809798,177.40000000000146,375.04999999999563,0.4101694915253744,0.2271186440679446,0.362711864406681,0,9,-0.0002860447473479466,29.5,12.099999999998545,0.0,2024-07-22T12:13:00+05:30,52251.9,30,86.09999999999854,20.25,-0.8499999999985448,-2.349999999998545,True,True,-0.009872241579541918
BANKNIFTY:2024-07-22,2024-07-22,BANKNIFTY,compression_expansion_down,2024-07-22T12:55:00+05:30,2024-07-22T12:55:00+05:30,DOWN,{},"{'source_path': '/Users/madhuram/tradebot-structural-edge-discovery-v3/runtime/upstox_candidate_replay.zip!upstox_candidate_replay/20240722/underlying/BANKNIFTY_20240722.parquet', 'source_hash': '4357f109ed631802b3774c34db9c318f71742f8e99de307408af71bf00810707'}",{'completed_bar_only': True},"{'buy_ce_allowed': False, 'buy_pe_allowed': True, 'research_only': True}",aac0b25f8b2f95fee10a83050c4fb7bc189f701401431d90f5f707582a3e1ed2,52226.6,2024-07-22 12:54:00+05:30,219,0.000673075726285119,354.75,0.0,440.4499999999971,20.700000000001456,22.063333333333624,0.00032401494074636716,22.160714285714285,-47.1890909090871,200.40000000000146,352.04999999999563,0.7777777777777778,0.0,0.2222222222222222,7,9,-0.0006132955979536447,40.5,31.5,0.0,2024-07-22T12:55:00+05:30,52226.0,30,31.599999999998545,73.90000000000146,-69.44999999999709,-70.94999999999709,False,False,-2.1977848101265915
BANKNIFTY:2024-07-22,2024-07-22,BANKNIFTY,compression_expansion_down,2024-07-22T13:36:00+05:30,2024-07-22T13:36:00+05:30,DOWN,{},"{'source_path': '/Users/madhuram/tradebot-structural-edge-discovery-v3/runtime/upstox_candidate_replay.zip!upstox_candidate_replay/20240722/underlying/BANKNIFTY_20240722.parquet', 'source_hash': '4357f109ed631802b3774c34db9c318f71742f8e99de307408af71bf00810707'}",{'completed_bar_only': True},"{'buy_ce_allowed': False, 'buy_pe_allowed': True, 'research_only': True}",f70d8eda12fa700d7df5828bcdcfce9b5c0cc1e55fa2e97001b71b7df49d0aba,52283.9,2024-07-22 13:35:00+05:30,260,0.001547212480336766,354.75,0.0,440.4499999999971,21.189999999997962,20.0566666666656,0.0002650652744394108,19.807142857142026,13.410919540227042,143.09999999999854,409.34999999999854,0.6088957055214549,0.253067484662588,0.1380368098159571,0,9,-0.00041773609975959136,32.599999999998545,19.849999999998545,0.0,2024-07-22T13:36:00+05:30,52284.1,30,48.5,36.599999999998545,39.099999999998545,37.599999999998545,True,True,0.8061855670102793
BANKNIFTY:2024-07-22,2024-07-22,BANKNIFTY,compression_expansion_down,2024-07-22T13:47:00+05:30,2024-07-22T13:47:00+05:30,DOWN,{},"{'source_path': '/Users/madhuram/tradebot-structural-edge-discovery-v3/runtime/upstox_candidate_replay.zip!upstox_candidate_replay/20240722/underlying/BANKNIFTY_20240722.parquet', 'source_hash': '4357f109ed631802b3774c34db9c318f71742f8e99de307408af71bf00810707'}",{'completed_bar_only': True},"{'buy_ce_allowed': False, 'buy_pe_allowed': True, 'research_only': True}",457c8757610c0bdb7e4d39d52e6a2b3c2b877ac59e06a7f2351f51704dee7ae6,52289.05,2024-07-22 13:46:00+05:30,271,0.001620934857184465,354.75,0.0,440.4499999999971,18.679999999998834,18.08666666666492,0.00023330974358609232,17.403571428569972,17.97886029411893,137.9499999999971,414.5,0.6672661870501329,0.08273381294973632,0.25000000000013084,0,9,-0.0003211877830108234,27.80000000000291,18.549999999995634,0.0,2024-07-22T13:47:00+05:30,52288.9,30,66.25,31.799999999995634,64.05000000000291,62.55000000000291,True,True,0.9667924528302326
BANKNIFTY:2024-07-22,2024-07-22,BANKNIFTY,compression_expansion_down,2024-07-22T13:59:00+05:30,2024-07-22T13:59:00+05:30,DOWN,{},"{'source_path': '/Users/madhuram/tradebot-structural-edge-discovery-v3/runtime/upstox_candidate_replay.zip!upstox_candidate_replay/20240722/underlying/BANKNIFTY_20240722.parquet', 'source_hash': '4357f109ed631802b3774c34db9c318f71742f8e99de307408af71bf00810707'}",{'completed_bar_only': True},"{'buy_ce_allowed': False, 'buy_pe_allowed': True, 'research_only': True}",c77707eec7b5bb6249264260335f52c028f02ba1d503e410c57883bdd379cd7a,52279.45,2024-07-22 13:58:00+05:30,283,0.001321258182465755,354.75,0.0,440.4499999999971,18.609999999999125,16.806666666666086,0.00021068621553538335,16.98214285714234,7.123767605626199,147.5500000000029,404.8999999999942,0.46125461254615024,0.08302583025830704,0.45571955719554275,0,9,-0.00023330684726918793,27.099999999998545,12.5,0.0,2024-07-22T13:59:00+05:30,52280.55,30,62.900000000001455,12.39999999999418,11.700000000004366,10.200000000004366,True,True,0.1860095389507805
BANKNIFTY:2024-07-23,2024-07-23,BANKNIFTY,compression_expansion_down,2024-07-23T09:42:00+05:30,2024-07-23T09:42:00+05:30,DOWN,{},"{'source_path': '/Users/madhuram/tradebot-structural-edge-discovery-v3/runtime/upstox_candidate_replay.zip!upstox_candidate_replay/20240723/underlying/BANKNIFTY_20240723.parquet', 'source_hash': '4357f109ed631802b3774c34db9c318f71742f8e99de307408af71bf00810707'}",{'completed_bar_only': True},"{'buy_ce_allowed': False, 'buy_pe_allowed': True, 'research_only': True}",cfd87163fbb89bc794600ef4a2b7b35558ddf5e5ba6b9fe360bff02751e1669b,52220.5,2024-07-23 09:41:00+05:30,26,-0.00018727808502416718,271.90000000000146,0.0,552.4499999999971,46.400000000001455,39.15000000000097,0.000621651087377489,37.45357142857237,-124.4703703703708,327.0500000000029,2.150000000001455,0.9751984126984135,0.0034722222222076855,0.0213293650793789,0,0,-0.001796824972044031,100.80000000000291,98.30000000000291,0.0,2024-07-23T09:42:00+05:30,52226.8,30,138.25,59.64999999999418,22.0,20.5,True,True,0.15913200723327306
BANKNIFTY:2024-07-23,2024-07-23,BANKNIFTY,compression_expansion_down,2024-07-23T10:18:00+05:30,2024-07-23T10:18:00+05:30,DOWN,{},"{'source_path': '/Users/madhuram/tradebot-structural-edge-discovery-v3/runtime/upstox_candidate_replay.zip!upstox_candidate_replay/20240723/underlying/BANKNIFTY_20240723.parquet', 'source_hash': '4357f109ed631802b3774c34db9c318f71742f8e99de307408af71bf00810707'}",{'completed_bar_only': True},"{'buy_ce_allowed': False, 'buy_pe_allowed': True, 'research_only': True}",e3b816fad4505c1a8947203e2c80cf16c1ba45230d3b06df9ceaf14069fd47af,52154.65,2024-07-23 10:17:00+05:30,62,-0.002701199726344648,271.90000000000146,0.0,552.4499999999971,39.27000000000116,35.42333333333372,0.0004219401301080127,34.3964285714293,-117.00396825397183,392.90000000000146,66.09999999999854,0.5011529592620613,0.03458877786318062,0.4642582628747581,0,0,-0.0006131836398772794,65.05000000000291,32.599999999998545,0.0,2024-07-23T10:18:00+05:30,52153.25,30,0.6999999999970896,181.9499999999971,-86.09999999999854,-87.59999999999854,False,False,-123.00000000050932
BANKNIFTY:2024-07-23,2024-07-23,BANKNIFTY,compression_expansion_down,2024-07-23T10:27:00+05:30,2024-07-23T10:27:00+05:30,DOWN,{},"{'source_path': '/Users/madhuram/tradebot-structural-edge-discovery-v3/runtime/upstox_candidate_replay.zip!upstox_candidate_replay/20240723/underlying/BANKNIFTY_20240723.parquet', 'source_hash': '4357f109ed631802b3774c34db9c318f71742f8e99de307408af71bf00810707'}",{'completed_bar_only': True},"{'buy_ce_allowed': False, 'buy_pe_allowed': True, 'research_only': True}",96762d236530a174f1706c5bb5cee2f1b64074f665a93a559b7e355525fcfd4b,52189.55,2024-07-23 10:26:00+05:30,71,-0.0022664470289669235,271.90000000000146,0.0,552.4499999999971,37.23999999999942,36.09666666666647,0.00037845547648497234,36.88214285714275,-73.89652777777519,358.0,101.0,0.36517857142851945,0.3357142857143377,0.29910714285714285,0,0,-0.0003744557941047777,56.0,20.44999999999709,0.0,2024-07-23T10:27:00+05:30,52189.55,30,37.0,145.64999999999418,-91.39999999999418,-92.89999999999418,False,False,-2.470270270270113
BANKNIFTY:2024-07-23,2024-07-23,BANKNIFTY,compression_expansion_down,2024-07-23T10:50:00+05:30,2024-07-23T10:50:00+05:30,DOWN,{},"{'source_path': '/Users/madhuram/tradebot-structural-edge-discovery-v3/runtime/upstox_candidate_replay.zip!upstox_candidate_replay/20240723/underlying/BANKNIFTY_20240723.parquet', 'source_hash': '4357f109ed631802b3774c34db9c318f71742f8e99de307408af71bf00810707'}",{'completed_bar_only': True},"{'buy_ce_allowed': False, 'buy_pe_allowed': True, 'research_only': True}",c026022790ab880a1d2912f2b20f5039ef81e28cdab941fef0cdbc265bf9aa13,52219.9,2024-07-23 10:49:00+05:30,94,-0.0016864582656520527,271.90000000000146,0.0,552.4499999999971,24.919999999998254,31.146666666666956,0.00040257104144919857,30.517857142857142,-29.510000000002037,327.65000000000146,131.34999999999854,0.4061569016881367,0.006951340615661468,0.5868917576962018,11,0,-0.00037232469393277956,50.349999999998545,20.44999999999709,0.0,2024-07-23T10:50:00+05:30,52219.15,30,418.0500000000029,208.29999999999563,43.55000000000291,42.05000000000291,True,True,0.10417414184906736
BANKNIFTY:2024-07-23,2024-07-23,BANKNIFTY,compression_expansion_down,2024-07-23T11:12:00+05:30,2024-07-23T11:12:00+05:30,DOWN,{},"{'source_path': '/Users/madhuram/tradebot-structural-edge-discovery-v3/runtime/upstox_candidate_replay.zip!upstox_candidate_replay/20240723/underlying/BANKNIFTY_20240723.parquet', 'source_hash': '4357f109ed631802b3774c34db9c318f71742f8e99de307408af71bf00810707'}",{'completed_bar_only': True},"{'buy_ce_allowed': False, 'buy_pe_allowed': True, 'research_only': True}",a658be0e3bf7e90ef8817a62c1eb191346ac69019fa3ceb298fcf8e1f5ec4a0b,52353.25,2024-07-23 11:11:00+05:30,116,0.0008589948899837635,271.90000000000146,0.0,552.4499999999971,52.53000000000175,47.67666666666628,0.0005177566075901025,47.03214285714265,91.57008547008445,194.3000000000029,264.6999999999971,0.26851851851853636,0.0,0.7314814814814636,0,0,-0.0003751940411931276,75.60000000000582,20.30000000000291,0.0,2024-07-23T11:12:00+05:30,52353.35,30,552.25,17.150000000001455,231.75,230.25,True,True,0.4196468990493436
BANKNIFTY:2024-07-23,2024-07-23,BANKNIFTY,compression_expansion_down,2024-07-23T11:35:00+05:30,2024-07-23T11:35:00+05:30,DOWN,{},"{'source_path': '/Users/madhuram/tradebot-structural-edge-discovery-v3/runtime/upstox_candidate_replay.zip!upstox_candidate_replay/20240723/underlying/BANKNIFTY_20240723.parquet', 'source_hash': '4357f109ed631802b3774c34db9c318f71742f8e99de307408af71bf00810707'}",{'completed_bar_only': True},"{'buy_ce_allowed': False, 'buy_pe_allowed': True, 'research_only': True}",0edf27ba8805e8f0f935297acc07195f0fe8aa6d4c891635de9e9e57d68a81d8,52153.6,2024-07-23 11:34:00+05:30,139,-0.0030748003959594076,271.90000000000146,0.0,552.4499999999971,61.15999999999913,69.02333333333276,0.0007496331157511355,66.66785714285652,-100.52607142857596,393.95000000000437,352.5,0.13061602593792426,0.17276516905976802,0.6966188050023077,11,0,-0.0002444104293284344,107.94999999999709,14.099999999998545,0.0,2024-07-23T11:35:00+05:30,52149.8,30,131.20000000000437,68.09999999999854,24.25,22.75,True,True,0.18483231707316458
BANKNIFTY:2024-07-23,2024-07-23,BANKNIFTY,compression_expansion_down,2024-07-23T11:36:00+05:30,2024-07-23T11:36:00+05:30,DOWN,{},"{'source_path': '/Users/madhuram/tradebot-structural-edge-discovery-v3/runtime/upstox_candidate_replay.zip!upstox_candidate_replay/20240723/underlying/BANKNIFTY_20240723.parquet', 'source_hash': '4357f109ed631802b3774c34db9c318f71742f8e99de307408af71bf00810707'}",{'completed_bar_only': True},"{'buy_ce_allowed': False, 'buy_pe_allowed': True, 'research_only': True}",42f32d350d1e8dfabdce9a816c05b4fc8296a482c84dc052acfc578b90978c95,52135.75,2024-07-23 11:35:00+05:30,140,-0.003416869551258693,271.90000000000146,0.0,552.4499999999971,71.38999999999942,69.01666666666618,0.0007342851498784459,68.2142857142852,-117.53652482269536,411.8000000000029,334.65000000000146,0.13788027477922188,0.13101079489694165,0.7311089303238365,0,0,-0.0003422582525463014,101.90000000000146,14.05000000000291,0.0,2024-07-23T11:36:00+05:30,52134.75,30,116.15000000000146,83.15000000000146,3.099999999998545,1.5999999999985448,True,True,0.026689625484274695
BANKNIFTY:2024-07-23,2024-07-23,BANKNIFTY,compression_expansion_down,2024-07-23T11:54:00+05:30,2024-07-23T11:54:00+05:30,DOWN,{},"{'source_path': '/Users/madhuram/tradebot-structural-edge-discovery-v3/runtime/upstox_candidate_replay.zip!upstox_candidate_replay/20240723/underlying/BANKNIFTY_20240723.parquet', 'source_hash': '4357f109ed631802b3774c34db9c318f71742f8e99de307408af71bf00810707'}",{'completed_bar_only': True},"{'buy_ce_allowed': False, 'buy_pe_allowed': True, 'research_only': True}",02cfe40c6f790979d1a2a3a859c8994fd0151a08d65dbfa29c7e2258cd97f66b,52074.65,2024-07-23 11:53:00+05:30,158,-0.004457409523663924,271.90000000000146,0.0,552.4499999999971,47.00000000000146,47.43333333333382,0.0004289097080093982,46.939285714286335,-165.13710691824235,472.90000000000146,273.5500000000029,0.24613555291316822,0.0873959571938011,0.6664684898930306,15,0,-0.00031675246179052596,84.09999999999854,20.69999999999709,0.0,2024-07-23T11:54:00+05:30,52074.0,30,362.1999999999971,175.09999999999854,324.25,322.75,True,True,0.8952236333517466
BANKNIFTY:2024-07-24,2024-07-24,BANKNIFTY,compression_expansion_down,2024-07-24T10:05:00+05:30,2024-07-24T10:05:00+05:30,DOWN,{},"{'source_path': '/Users/madhuram/tradebot-structural-edge-discovery-v3/runtime/upstox_candidate_replay.zip!upstox_candidate_replay/20240724/underlying/BANKNIFTY_20240724.parquet', 'source_hash': '4357f109ed631802b3774c34db9c318f71742f8e99de307408af71bf00810707'}",{'completed_bar_only': True},"{'buy_ce_allowed': False, 'buy_pe_allowed': True, 'research_only': True}",2cbef2ac4862eb79a4cee563bceab14e8b8d1ef7a1be1dc6ff8df148e990b1c9,51690.9,2024-07-24 10:04:00+05:30,49,7.728400810322825e-05,304.54999999999563,0.0,1204.9000000000015,61.20999999999913,81.82333333333227,0.001489605035687706,83.90357142857049,-18.11200000000099,253.75,221.09999999999854,0.5416345412490484,0.054741711642241356,0.40362374710871024,5,4,-0.001424717447138124,129.6999999999971,70.25,0.0,2024-07-24T10:05:00+05:30,51691.85,30,330.5,139.5500000000029,224.09999999999854,222.59999999999854,True,True,0.6780635400907672
BANKNIFTY:2024-07-24,2024-07-24,BANKNIFTY,compression_expansion_down,2024-07-24T10:27:00+05:30,2024-07-24T10:27:00+05:30,DOWN,{},"{'source_path': '/Users/madhuram/tradebot-structural-edge-discovery-v3/runtime/upstox_candidate_replay.zip!upstox_candidate_replay/20240724/underlying/BANKNIFTY_20240724.parquet', 'source_hash': '4357f109ed631802b3774c34db9c318f71742f8e99de307408af71bf00810707'}",{'completed_bar_only': True},"{'buy_ce_allowed': False, 'buy_pe_allowed': True, 'research_only': True}",6aadb4bfe90fb4a561c13f1d97fd5ccc4538b72a786209e59aa587f00d63679a,51622.85,2024-07-24 10:26:00+05:30,71,-0.0010993650152684499,304.54999999999563,0.0,1204.9000000000015,42.14000000000233,45.87666666666822,0.0007397993213652216,45.807142857144626,-86.81180555555329,321.8000000000029,153.04999999999563,0.966895690193612,0.033104309806387996,0.0,6,4,-0.0015569590751856044,80.05000000000291,77.40000000000146,0.0,2024-07-24T10:27:00+05:30,51625.1,30,340.5,0.0,304.79999999999563,303.29999999999563,True,True,0.8951541850220136
BANKNIFTY:2024-07-24,2024-07-24,BANKNIFTY,compression_expansion_down,2024-07-24T10:28:00+05:30,2024-07-24T10:28:00+05:30,DOWN,{},"{'source_path': '/Users/madhuram/tradebot-structural-edge-discovery-v3/runtime/upstox_candidate_replay.zip!upstox_candidate_replay/20240724/underlying/BANKNIFTY_20240724.parquet', 'source_hash': '4357f109ed631802b3774c34db9c318f71742f8e99de307408af71bf00810707'}",{'completed_bar_only': True},"{'buy_ce_allowed': False, 'buy_pe_allowed': True, 'research_only': True}",6e50c02514188188b22f4e45a5e489ee37c4f12c194b0b9820c982aa68bc1d51,51556.5,2024-07-24 10:27:00+05:30,72,-0.0025513383175078787,304.54999999999563,0.0,1204.9000000000015,56.11000000000204,49.87666666666822,0.0007581340242370448,51.64642857143034,-151.06369863013242,388.15000000000146,86.69999999999709,0.6420215255030368,0.0,0.35797847449696324,0,4,-0.0012852835517604966,106.84999999999854,68.59999999999854,0.0,2024-07-24T10:28:00+05:30,51560.1,30,282.5,34.55000000000291,217.04999999999563,215.54999999999563,True,True,0.768318584070781
BANKNIFTY:2024-07-24,2024-07-24,BANKNIFTY,compression_expansion_down,2024-07-24T11:09:00+05:30,2024-07-24T11:09:00+05:30,DOWN,{},"{'source_path': '/Users/madhuram/tradebot-structural-edge-discovery-v3/runtime/upstox_candidate_replay.zip!upstox_candidate_replay/20240724/underlying/BANKNIFTY_20240724.parquet', 'source_hash': '4357f109ed631802b3774c34db9c318f71742f8e99de307408af71bf00810707'}",{'completed_bar_only': True},"{'buy_ce_allowed': False, 'buy_pe_allowed': True, 'research_only': True}",694a1d21e7d383b5308e34cf07ec62cfaaabfdca7e4e9ddd9463a2fad9a475b8,51259.75,2024-07-24 11:08:00+05:30,113,-0.00900358694402609,304.54999999999563,0.0,1204.9000000000015,57.720000000001164,67.92000000000117,0.0009430975977817234,65.73571428571553,-347.6000000000058,684.9000000000015,29.80000000000291,0.3160543532964229,0.3839959738298865,0.2999496728736906,7,4,-0.0007524608491306095,99.35000000000582,31.400000000001455,0.0,2024-07-24T11:09:00+05:30,51249.65,30,231.0500000000029,46.900000000001455,154.5,153.0,True,True,0.6686864315083231
BANKNIFTY:2024-07-24,2024-07-24,BANKNIFTY,compression_expansion_down,2024-07-24T11:28:00+05:30,2024-07-24T11:28:00+05:30,DOWN,{},"{'source_path': '/Users/madhuram/tradebot-structural-edge-discovery-v3/runtime/upstox_candidate_replay.zip!upstox_candidate_replay/20240724/underlying/BANKNIFTY_20240724.parquet', 'source_hash': '4357f109ed631802b3774c34db9c318f71742f8e99de307408af71bf00810707'}",{'completed_bar_only': True},"{'buy_ce_allowed': False, 'buy_pe_allowed': True, 'research_only': True}",50d0b87a7d5cbd983388351ce3c6415f7b83bb41dfb61d964e3f83bf4ad34f53,51062.9,2024-07-24 11:27:00+05:30,132,-0.011762626033311395,304.54999999999563,0.0,1204.9000000000015,54.380000000000294,56.20666666666609,0.0006558482547811872,53.73928571428509,-484.87255639097566,881.75,3.75,0.9510294936004282,0.007234279354496002,0.0417362270450758,11,4,-0.0016647750989530197,89.84999999999854,85.44999999999709,0.0,2024-07-24T11:28:00+05:30,51053.95,30,44.849999999998545,117.05000000000291,-73.65000000000146,-75.15000000000146,False,False,-1.6421404682275105
BANKNIFTY:2024-07-24,2024-07-24,BANKNIFTY,compression_expansion_down,2024-07-24T12:38:00+05:30,2024-07-24T12:38:00+05:30,DOWN,{},"{'source_path': '/Users/madhuram/tradebot-structural-edge-discovery-v3/runtime/upstox_candidate_replay.zip!upstox_candidate_replay/20240724/underlying/BANKNIFTY_20240724.parquet', 'source_hash': '4357f109ed631802b3774c34db9c318f71742f8e99de307408af71bf00810707'}",{'completed_bar_only': True},"{'buy_ce_allowed': False, 'buy_pe_allowed': True, 'research_only': True}",522f035520a0737c8f55598004f2c6d4831084d1db41aec828db96ae7a825fb1,50859.8,2024-07-24 12:37:00+05:30,202,-0.01648950917892512,304.54999999999563,0.0,1204.9000000000015,40.91999999999971,39.79333333333343,0.000489206427990083,39.40357142857153,-508.84285714285215,1084.8499999999985,75.55000000000291,0.6984884645981734,0.3015115354018266,0.0,0,4,-0.0008673197266615418,62.849999999998545,43.89999999999418,0.0,2024-07-24T12:38:00+05:30,50868.95,30,42.89999999999418,135.3000000000029,-130.5500000000029,-132.0500000000029,False,False,-3.043123543124024
BANKNIFTY:2024-07-24,2024-07-24,BANKNIFTY,compression_expansion_down,2024-07-24T13:56:00+05:30,2024-07-24T13:56:00+05:30,DOWN,{},"{'source_path': '/Users/madhuram/tradebot-structural-edge-discovery-v3/runtime/upstox_candidate_replay.zip!upstox_candidate_replay/20240724/underlying/BANKNIFTY_20240724.parquet', 'source_hash': '4357f109ed631802b3774c34db9c318f71742f8e99de307408af71bf00810707'}",{'completed_bar_only': True},"{'buy_ce_allowed': False, 'buy_pe_allowed': True, 'research_only': True}",b8fb803a9bb7291386ec19ecfe0cd1073bcfa0acaf07d62bbf59417dac45ff96,51255.85,2024-07-24 13:55:00+05:30,280,-0.007681064355359654,304.54999999999563,0.0,1204.9000000000015,44.939999999999415,52.59333333333343,0.0008476913017332986,50.84642857142847,-36.33825622776203,688.8000000000029,471.59999999999854,0.9904534606205251,0.00954653937947494,0.0,9,4,-0.0018869486054787776,104.75,103.75,0.0,2024-07-24T13:56:00+05:30,51256.0,30,261.90000000000146,35.44999999999709,115.44999999999709,113.94999999999709,True,True,0.44081710576554584
BANKNIFTY:2024-07-24,2024-07-24,BANKNIFTY,compression_expansion_down,2024-07-24T15:13:00+05:30,2024-07-24T15:13:00+05:30,DOWN,{},"{'source_path': '/Users/madhuram/tradebot-structural-edge-discovery-v3/runtime/upstox_candidate_replay.zip!upstox_candidate_replay/20240724/underlying/BANKNIFTY_20240724.parquet', 'source_hash': '4357f109ed631802b3774c34db9c318f71742f8e99de307408af71bf00810707'}",{'completed_bar_only': True},"{'buy_ce_allowed': False, 'buy_pe_allowed': True, 'research_only': True}",7850794f255dae28797913f5067d5a41015875a0028c302c20314e08496498db,51248.45,2024-07-24 15:12:00+05:30,357,-0.009018077695545447,304.54999999999563,0.0,1204.9000000000015,36.47999999999884,37.32666666666676,0.000527609337853469,37.49642857142836,-19.099441340782505,696.2000000000044,464.1999999999971,0.7761332099908927,0.13783533765028105,0.08603145235882617,11,4,-0.0008286062161063645,54.049999999995634,41.950000000004366,0.0,2024-07-24T15:13:00+05:30,51246.95,30,9.099999999998545,215.20000000000437,-182.8000000000029,-184.3000000000029,False,False,-20.08791208791562
BANKNIFTY:2024-07-25,2024-07-25,BANKNIFTY,compression_expansion_down,2024-07-25T10:49:00+05:30,2024-07-25T10:49:00+05:30,DOWN,{},"{'source_path': '/Users/madhuram/tradebot-structural-edge-discovery-v3/runtime/upstox_candidate_replay.zip!upstox_candidate_replay/20240725/underlying/BANKNIFTY_20240725.parquet', 'source_hash': '4357f109ed631802b3774c34db9c318f71742f8e99de307408af71bf00810707'}",{'completed_bar_only': True},"{'buy_ce_allowed': False, 'buy_pe_allowed': True, 'research_only': True}",85491b3c11787cdd7d89a358100e205c0e3f2c3a79ad2f0192ae5e9c3f280c61,50669.95,2024-07-25 10:48:00+05:30,93,-0.01411731536707845,303.84999999999854,0.0,1160.4000000000015,33.21999999999971,33.353333333332074,0.0003832081455910321,33.953571428570285,-26.718085106382205,336.15000000000146,110.04999999999563,0.7105263157894737,0.09684210526328044,0.1926315789472459,6,0,-0.0007336243508065943,47.5,33.75,0.0,2024-07-25T10:49:00+05:30,50667.9,30,16.650000000001455,100.34999999999854,-44.099999999998545,-45.599999999998545,False,False,-2.64864864864833
BANKNIFTY:2024-07-25,2024-07-25,BANKNIFTY,compression_expansion_down,2024-07-25T11:59:00+05:30,2024-07-25T11:59:00+05:30,DOWN,{},"{'source_path': '/Users/madhuram/tradebot-structural-edge-discovery-v3/runtime/upstox_candidate_replay.zip!upstox_candidate_replay/20240725/underlying/BANKNIFTY_20240725.parquet', 'source_hash': '4357f109ed631802b3774c34db9c318f71742f8e99de307408af71bf00810707'}",{'completed_bar_only': True},"{'buy_ce_allowed': False, 'buy_pe_allowed': True, 'research_only': True}",1f45cef2a394c6ccb0277ef027d4535928f40d1ced1c2bcc4881920629ac4f10,50835.55,2024-07-25 11:58:00+05:30,163,-0.011166688541165433,303.84999999999854,0.0,1160.4000000000015,18.13999999999796,19.843333333331977,0.00023257649843078557,19.332142857141402,105.88932926829875,170.54999999999563,275.65000000000146,0.6826758147512231,0.0,0.3173241852487769,12,0,-0.00039818467116825573,29.14999999999418,19.89999999999418,0.0,2024-07-25T11:59:00+05:30,50834.6,30,50.650000000001455,34.450000000004366,10.94999999999709,9.44999999999709,True,True,0.21618953603152566
BANKNIFTY:2024-07-25,2024-07-25,BANKNIFTY,compression_expansion_down,2024-07-25T13:05:00+05:30,2024-07-25T13:05:00+05:30,DOWN,{},"{'source_path': '/Users/madhuram/tradebot-structural-edge-discovery-v3/runtime/upstox_candidate_replay.zip!upstox_candidate_replay/20240725/underlying/BANKNIFTY_20240725.parquet', 'source_hash': '4357f109ed631802b3774c34db9c318f71742f8e99de307408af71bf00810707'}",{'completed_bar_only': True},"{'buy_ce_allowed': False, 'buy_pe_allowed': True, 'research_only': True}",edb56a415568ef2b43f28f7473eb0c5b5c894eb49b751ffe7fe7c6cf21844df8,50848.65,2024-07-25 13:04:00+05:30,229,-0.010794335963134206,303.84999999999854,0.0,1160.4000000000015,18.81000000000058,16.95333333333353,0.00021790483002049146,17.350000000000623,88.95456521739834,157.4499999999971,288.75,0.7677514792897886,0.10059171597636575,0.13165680473384564,0,0,-0.00046292474082099133,33.80000000000291,25.94999999999709,0.0,2024-07-25T13:05:00+05:30,50847.6,30,71.5,19.25,41.900000000001455,40.400000000001455,True,True,0.5860139860140063
BANKNIFTY:2024-07-26,2024-07-26,BANKNIFTY,compression_expansion_down,2024-07-26T09:53:00+05:30,2024-07-26T09:53:00+05:30,DOWN,{},"{'source_path': '/Users/madhuram/tradebot-structural-edge-discovery-v3/runtime/upstox_candidate_replay.zip!upstox_candidate_replay/20240726/underlying/BANKNIFTY_20240726.parquet', 'source_hash': '4357f109ed631802b3774c34db9c318f71742f8e99de307408af71bf00810707'}",{'completed_bar_only': True},"{'buy_ce_allowed': False, 'buy_pe_allowed': True, 'research_only': True}",a83e0c5f4c71021b818a6ffc38f4aa099c2c227c714a56ae8a85c51377a2449c,50624.1,2024-07-26 09:52:00+05:30,37,-0.003748534730690133,438.09999999999854,0.0,446.1999999999971,42.20999999999913,37.653333333333045,0.0005902050793522529,38.628571428571114,-126.75263157894369,252.3000000000029,185.79999999999563,0.8722627737227118,0.07785888077852075,0.04987834549876752,0,1,-0.0015265820537854191,82.19999999999709,71.70000000000437,0.0,2024-07-26T09:53:00+05:30,50619.1,30,2.150000000001455,199.0500000000029,-133.75,-135.25,False,False,-62.20930232553929
BANKNIFTY:2024-07-26,2024-07-26,BANKNIFTY,compression_expansion_down,2024-07-26T10:46:00+05:30,2024-07-26T10:46:00+05:30,DOWN,{},"{'source_path': '/Users/madhuram/tradebot-structural-edge-discovery-v3/runtime/upstox_candidate_replay.zip!upstox_candidate_replay/20240726/underlying/BANKNIFTY_20240726.parquet', 'source_hash': '4357f109ed631802b3774c34db9c318f71742f8e99de307408af71bf00810707'}",{'completed_bar_only': True},"{'buy_ce_allowed': False, 'buy_pe_allowed': True, 'research_only': True}",9be389481f0c2da467cc1f0fda7ed79102ae1842ff9c43d3d0184b5adc63439c,50710.8,2024-07-26 10:45:00+05:30,90,-0.002763991663809031,438.09999999999854,0.0,446.1999999999971,19.63000000000029,18.886666666666375,0.00022835504730759403,18.600000000000104,-39.02472527472128,165.59999999999854,272.5,0.9081500646829812,0.0,0.09184993531701881,0,1,-0.0005823767474997243,38.650000000001455,35.099999999998545,0.0,2024-07-26T10:46:00+05:30,50711.45,30,5.049999999995634,239.0,-193.70000000000437,-195.20000000000437,False,False,-38.35643564359838
BANKNIFTY:2024-07-26,2024-07-26,BANKNIFTY,compression_expansion_down,2024-07-26T12:12:00+05:30,2024-07-26T12:12:00+05:30,DOWN,{},"{'source_path': '/Users/madhuram/tradebot-structural-edge-discovery-v3/runtime/upstox_candidate_replay.zip!upstox_candidate_replay/20240726/underlying/BANKNIFTY_20240726.parquet', 'source_hash': '4357f109ed631802b3774c34db9c318f71742f8e99de307408af71bf00810707'}",{'completed_bar_only': True},"{'buy_ce_allowed': False, 'buy_pe_allowed': True, 'research_only': True}",05bf727aec9fc77fb546b27fd537d50844f3edf7462eaadb5412af538232b527,50906.7,2024-07-26 12:11:00+05:30,176,0.000905936833996381,438.09999999999854,0.0,446.1999999999971,21.400000000001455,22.846666666667442,0.00030854950245991404,21.210714285715117,98.6463276836148,80.55000000000291,468.3999999999942,0.8009259259260247,0.035493827160537145,0.16358024691343817,7,4,-0.0005242139735419649,32.400000000001455,25.950000000004366,0.0,2024-07-26T12:12:00+05:30,50907.3,30,44.30000000000291,123.69999999999709,-112.39999999999418,-113.89999999999418,False,False,-2.5372460496611016
BANKNIFTY:2024-07-26,2024-07-26,BANKNIFTY,compression_expansion_down,2024-07-26T13:32:00+05:30,2024-07-26T13:32:00+05:30,DOWN,{},"{'source_path': '/Users/madhuram/tradebot-structural-edge-discovery-v3/runtime/upstox_candidate_replay.zip!upstox_candidate_replay/20240726/underlying/BANKNIFTY_20240726.parquet', 'source_hash': '4357f109ed631802b3774c34db9c318f71742f8e99de307408af71bf00810707'}",{'completed_bar_only': True},"{'buy_ce_allowed': False, 'buy_pe_allowed': True, 'research_only': True}",d3f93acef473dfaa89a752a706b53d1528a740c37ee54867f830e34c7c2f008d,51166.45,2024-07-26 13:31:00+05:30,256,0.00599667299119304,438.09999999999854,0.0,446.1999999999971,27.38000000000029,28.48666666666589,0.0003204310805679625,28.1035714285707,284.582684824898,59.25,728.1499999999942,0.5791284403669918,0.285550458715706,0.1353211009173022,7,13,-0.0006289228329263707,43.599999999998545,25.25,0.0,2024-07-26T13:32:00+05:30,51166.75,30,2.099999999998545,155.4499999999971,-63.150000000001455,-64.65000000000146,False,False,-30.071428571450102
BANKNIFTY:2024-07-26,2024-07-26,BANKNIFTY,compression_expansion_down,2024-07-26T14:22:00+05:30,2024-07-26T14:22:00+05:30,DOWN,{},"{'source_path': '/Users/madhuram/tradebot-structural-edge-discovery-v3/runtime/upstox_candidate_replay.zip!upstox_candidate_replay/20240726/underlying/BANKNIFTY_20240726.parquet', 'source_hash': '4357f109ed631802b3774c34db9c318f71742f8e99de307408af71bf00810707'}",{'completed_bar_only': True},"{'buy_ce_allowed': False, 'buy_pe_allowed': True, 'research_only': True}",3f1e73b69b27c9b32f43a08ade7ce8a53eeb45f1c88d34e6c3b2192a172be8d1,51187.0,2024-07-26 14:21:00+05:30,306,0.006632400899648335,438.09999999999854,0.0,446.1999999999971,27.0,27.556666666666086,0.00033052435797455284,26.828571428570804,247.5387622149865,135.1999999999971,748.6999999999971,0.8800475059381897,0.005938242280284215,0.11401425178152605,4,15,-0.0007154898176916502,42.10000000000582,37.05000000000291,0.0,2024-07-26T14:22:00+05:30,51189.25,30,52.30000000000291,93.40000000000146,-85.90000000000146,-87.40000000000146,False,False,-1.642447418737986
BANKNIFTY:2024-07-29,2024-07-29,BANKNIFTY,compression_expansion_down,2024-07-29T09:52:00+05:30,2024-07-29T09:52:00+05:30,DOWN,{},"{'source_path': '/Users/madhuram/tradebot-structural-edge-discovery-v3/runtime/upstox_candidate_replay.zip!upstox_candidate_replay/20240729/underlying/BANKNIFTY_20240729.parquet', 'source_hash': '4357f109ed631802b3774c34db9c318f71742f8e99de307408af71bf00810707'}",{'completed_bar_only': True},"{'buy_ce_allowed': False, 'buy_pe_allowed': True, 'research_only': True}",abd8c72c441e672a9118c4789a8bcdaa57078101869f415d2f7c25b8b3953781,51829.5,2024-07-29 09:51:00+05:30,36,0.011398610590474678,415.5,0.0,960.2999999999956,45.6,39.27000000000068,0.0006565363474223165,39.29285714285756,0.6743243243254256,124.90000000000146,395.59999999999854,0.755478260869555,0.11339130434784633,0.13113043478259856,0,6,-0.002101517848461576,143.75,108.59999999999854,0.0,2024-07-29T09:52:00+05:30,51824.75,30,73.59999999999854,62.30000000000291,-34.75,-36.25,True,True,-0.47214673913044414
BANKNIFTY:2024-07-29,2024-07-29,BANKNIFTY,compression_expansion_down,2024-07-29T10:34:00+05:30,2024-07-29T10:34:00+05:30,DOWN,{},"{'source_path': '/Users/madhuram/tradebot-structural-edge-discovery-v3/runtime/upstox_candidate_replay.zip!upstox_candidate_replay/20240729/underlying/BANKNIFTY_20240729.parquet', 'source_hash': '4357f109ed631802b3774c34db9c318f71742f8e99de307408af71bf00810707'}",{'completed_bar_only': True},"{'buy_ce_allowed': False, 'buy_pe_allowed': True, 'research_only': True}",ed8f2bf51ad4c3385c6785e6f27f111ca4b9ce7bb50a96a64848ce54e0129206,51844.95,2024-07-29 10:33:00+05:30,78,0.010240931595678935,415.5,0.0,960.2999999999956,25.860000000000582,27.373333333333722,0.00037402607185447627,27.64285714285766,11.26708860758663,109.45000000000437,411.04999999999563,0.7162592986186502,0.057385759829911585,0.2263549415514382,8,6,-0.0006582612265826349,47.049999999995634,33.700000000004366,0.0,2024-07-29T10:34:00+05:30,51845.2,30,5.649999999994179,337.8000000000029,-293.0,-294.5,False,False,-51.85840707969945
BANKNIFTY:2024-07-29,2024-07-29,BANKNIFTY,compression_expansion_down,2024-07-29T12:55:00+05:30,2024-07-29T12:55:00+05:30,DOWN,{},"{'source_path': '/Users/madhuram/tradebot-structural-edge-discovery-v3/runtime/upstox_candidate_replay.zip!upstox_candidate_replay/20240729/underlying/BANKNIFTY_20240729.parquet', 'source_hash': '4357f109ed631802b3774c34db9c318f71742f8e99de307408af71bf00810707'}",{'completed_bar_only': True},"{'buy_ce_allowed': False, 'buy_pe_allowed': True, 'research_only': True}",19c5d4cdaba6585461f126e14f2d3eab93e88018fb0038ac1bf39969f26b0f21,51601.25,2024-07-29 12:54:00+05:30,219,0.006691949311380626,415.5,0.0,960.2999999999956,58.66999999999971,51.28999999999942,0.0007189494743715137,52.64285714285662,-317.1488636363647,739.0,414.3000000000029,0.8375880281690377,0.03961267605633854,0.12279929577462384,0,15,-0.001838622880167451,113.59999999999854,95.15000000000146,0.0,2024-07-29T12:55:00+05:30,51593.95,30,81.64999999999418,184.5,-69.85000000000582,-71.35000000000582,False,False,-0.855480710349183
BANKNIFTY:2024-07-29,2024-07-29,BANKNIFTY,compression_expansion_down,2024-07-29T13:11:00+05:30,2024-07-29T13:11:00+05:30,DOWN,{},"{'source_path': '/Users/madhuram/tradebot-structural-edge-discovery-v3/runtime/upstox_candidate_replay.zip!upstox_candidate_replay/20240729/underlying/BANKNIFTY_20240729.parquet', 'source_hash': '4357f109ed631802b3774c34db9c318f71742f8e99de307408af71bf00810707'}",{'completed_bar_only': True},"{'buy_ce_allowed': False, 'buy_pe_allowed': True, 'research_only': True}",98c5d65abcf4be6b44e0973d4257f0853e5359cab22006eb1da170351cfb1008,51667.5,2024-07-29 13:10:00+05:30,235,0.0071447001377725914,415.5,0.0,960.2999999999956,35.41999999999971,36.68000000000029,0.0005794694212050011,34.567857142857456,-237.55466101694765,672.75,480.5500000000029,0.849348534201958,0.15065146579804203,0.0,12,15,-0.001114544858738964,61.400000000001455,52.150000000001455,0.0,2024-07-29T13:11:00+05:30,51669.35,30,157.04999999999563,48.30000000000291,-16.05000000000291,-17.55000000000291,True,True,-0.10219675262657342
BANKNIFTY:2024-07-29,2024-07-29,BANKNIFTY,compression_expansion_down,2024-07-29T13:48:00+05:30,2024-07-29T13:48:00+05:30,DOWN,{},"{'source_path': '/Users/madhuram/tradebot-structural-edge-discovery-v3/runtime/upstox_candidate_replay.zip!upstox_candidate_replay/20240729/underlying/BANKNIFTY_20240729.parquet', 'source_hash': '4357f109ed631802b3774c34db9c318f71742f8e99de307408af71bf00810707'}",{'completed_bar_only': True},"{'buy_ce_allowed': False, 'buy_pe_allowed': True, 'research_only': True}",e28f45f8f15467264928cf2cf7f9e1a33754709a2d26eadd7854682c9407d7f6,51564.8,2024-07-29 13:47:00+05:30,272,0.006431982707839462,415.5,0.0,960.2999999999956,38.79000000000087,35.30666666666657,0.0007426568096474377,36.357142857142854,-303.6604395604372,775.4499999999971,377.8500000000058,0.967280163599182,0.032719836400818,0.0,0,15,-0.0023343126547218374,122.25,118.25,0.0,2024-07-29T13:48:00+05:30,51570.7,30,272.1999999999971,76.80000000000291,255.04999999999563,253.54999999999563,True,True,0.9369948567229918
BANKNIFTY:2024-07-29,2024-07-29,BANKNIFTY,compression_expansion_down,2024-07-29T13:58:00+05:30,2024-07-29T13:58:00+05:30,DOWN,{},"{'source_path': '/Users/madhuram/tradebot-structural-edge-discovery-v3/runtime/upstox_candidate_replay.zip!upstox_candidate_replay/20240729/underlying/BANKNIFTY_20240729.parquet', 'source_hash': '4357f109ed631802b3774c34db9c318f71742f8e99de307408af71bf00810707'}",{'completed_bar_only': True},"{'buy_ce_allowed': False, 'buy_pe_allowed': True, 'research_only': True}",f78cfe42375b2f77615c72c73771e17b38a1d4de4e5bc0df4fb0ed61ab0a2ebd,51558.8,2024-07-29 13:57:00+05:30,282,0.005026994659487592,415.5,0.0,960.2999999999956,45.33000000000029,42.556666666667056,0.0007601590217722543,43.48928571428613,-300.06378091872466,781.4499999999971,371.8500000000058,0.5998848589522098,0.02648244099016319,0.37363270005762705,0,15,-0.0009920558031388804,86.84999999999854,52.099999999998545,0.0,2024-07-29T13:58:00+05:30,51561.35,30,296.6999999999971,20.0,166.04999999999563,164.54999999999563,True,True,0.5596562184024174
BANKNIFTY:2024-07-29,2024-07-29,BANKNIFTY,compression_expansion_down,2024-07-29T15:04:00+05:30,2024-07-29T15:04:00+05:30,DOWN,{},"{'source_path': '/Users/madhuram/tradebot-structural-edge-discovery-v3/runtime/upstox_candidate_replay.zip!upstox_candidate_replay/20240729/underlying/BANKNIFTY_20240729.parquet', 'source_hash': '4357f109ed631802b3774c34db9c318f71742f8e99de307408af71bf00810707'}",{'completed_bar_only': True},"{'buy_ce_allowed': False, 'buy_pe_allowed': True, 'research_only': True}",51bc86b7519fd1007b6360e9f47b600d047654d39eec0fbb37b23855e0493b5b,51534.75,2024-07-29 15:03:00+05:30,348,0.004933523521135646,415.5,0.0,960.2999999999956,46.099999999998545,41.529999999998836,0.0006186505284399685,42.503571428570076,-248.6273638968487,805.5,347.8000000000029,0.8586040914560745,0.14139590854392545,0.0,0,15,-0.0014425722545592379,83.09999999999854,71.34999999999854,0.0,2024-07-29T15:04:00+05:30,51542.95,30,259.59999999999854,1.6500000000014552,153.34999999999854,151.84999999999854,True,True,0.5907164869029253
BANKNIFTY:2024-07-29,2024-07-29,BANKNIFTY,compression_expansion_down,2024-07-29T15:21:00+05:30,2024-07-29T15:21:00+05:30,DOWN,{},"{'source_path': '/Users/madhuram/tradebot-structural-edge-discovery-v3/runtime/upstox_candidate_replay.zip!upstox_candidate_replay/20240729/underlying/BANKNIFTY_20240729.parquet', 'source_hash': '4357f109ed631802b3774c34db9c318f71742f8e99de307408af71bf00810707'}",{'completed_bar_only': True},"{'buy_ce_allowed': False, 'buy_pe_allowed': True, 'research_only': True}",7bcf9c6927b5bc9d9b6efb1a1ccfbfd6f6090c14ef88070fa4514295da1ec515,51329.35,2024-07-29 15:20:00+05:30,365,0.0005043546840237661,415.5,0.0,960.2999999999956,39.869999999999706,38.416666666666664,0.0004887550852908119,36.70357142857132,-433.24303278688603,1010.9000000000015,142.40000000000146,0.8522039757995532,0.038893690579084816,0.10890233362136202,0,15,-0.0009400974937546769,57.849999999998545,49.30000000000291,0.0,2024-07-29T15:21:00+05:30,51328.25,30,31.75,66.80000000000291,-61.349999999998545,-62.849999999998545,False,False,-1.9322834645668834
BANKNIFTY:2024-07-30,2024-07-30,BANKNIFTY,compression_expansion_down,2024-07-30T10:46:00+05:30,2024-07-30T10:46:00+05:30,DOWN,{},"{'source_path': '/Users/madhuram/tradebot-structural-edge-discovery-v3/runtime/upstox_candidate_replay.zip!upstox_candidate_replay/20240730/underlying/BANKNIFTY_20240730.parquet', 'source_hash': '4357f109ed631802b3774c34db9c318f71742f8e99de307408af71bf00810707'}",{'completed_bar_only': True},"{'buy_ce_allowed': False, 'buy_pe_allowed': True, 'research_only': True}",758d3dcaaa985ef7b9a39e6384ee6b32d6a751d8a0aeeced74b1ac9a10c8c042,51598.6,2024-07-30 10:45:00+05:30,90,0.005590625340535885,241.84999999999854,0.0,1153.300000000003,41.28000000000029,42.35666666666657,0.0006081634609103717,43.83214285714296,112.84120879120746,93.84999999999854,338.54999999999563,0.8446601941747489,0.0,0.1553398058252511,5,8,-0.001335459746533596,92.70000000000437,78.30000000000291,0.0,2024-07-30T10:46:00+05:30,51589.0,30,12.349999999998545,114.0,-71.94999999999709,-73.44999999999709,False,False,-5.82591093117454
BANKNIFTY:2024-07-30,2024-07-30,BANKNIFTY,compression_expansion_down,2024-07-30T11:08:00+05:30,2024-07-30T11:08:00+05:30,DOWN,{},"{'source_path': '/Users/madhuram/tradebot-structural-edge-discovery-v3/runtime/upstox_candidate_replay.zip!upstox_candidate_replay/20240730/underlying/BANKNIFTY_20240730.parquet', 'source_hash': '4357f109ed631802b3774c34db9c318f71742f8e99de307408af71bf00810707'}",{'completed_bar_only': True},"{'buy_ce_allowed': False, 'buy_pe_allowed': True, 'research_only': True}",3121034ff510757475e6019a20a1680174e10137988e108a9b8f01984a43ec69,51658.15,2024-07-30 11:07:00+05:30,112,0.005395060479163099,241.84999999999854,0.0,1153.300000000003,31.410000000000583,28.143333333333917,0.0002251128648872998,28.546428571429196,138.00707964601315,44.849999999998545,398.09999999999854,0.1449999999999515,0.0625,0.7925000000000485,0,10,-0.0001606458349663331,60.0,8.69999999999709,0.0,2024-07-30T11:08:00+05:30,51655.6,30,30.5,129.0,-117.45000000000437,-118.95000000000437,False,False,-3.8508196721312906
BANKNIFTY:2024-07-30,2024-07-30,BANKNIFTY,compression_expansion_down,2024-07-30T11:52:00+05:30,2024-07-30T11:52:00+05:30,DOWN,{},"{'source_path': '/Users/madhuram/tradebot-structural-edge-discovery-v3/runtime/upstox_candidate_replay.zip!upstox_candidate_replay/20240730/underlying/BANKNIFTY_20240730.parquet', 'source_hash': '4357f109ed631802b3774c34db9c318f71742f8e99de307408af71bf00810707'}",{'completed_bar_only': True},"{'buy_ce_allowed': False, 'buy_pe_allowed': True, 'research_only': True}",938b18c098666b67d3eb9136386c94bc697893b421944cda58eb04ea6b48bd56,51693.35,2024-07-30 11:51:00+05:30,156,0.0067795818609213045,241.84999999999854,0.0,1153.300000000003,27.75000000000291,25.860000000000095,0.00029675522407699334,26.04285714285756,121.05796178343735,91.25,433.29999999999563,0.9571275455519842,0.0,0.04287245444801581,0,14,-0.0008272745459413366,46.650000000001455,44.650000000001455,0.0,2024-07-30T11:52:00+05:30,51699.25,30,49.5,40.19999999999709,13.05000000000291,11.55000000000291,True,True,0.26363636363642245
BANKNIFTY:2024-07-30,2024-07-30,BANKNIFTY,compression_expansion_down,2024-07-30T14:14:00+05:30,2024-07-30T14:14:00+05:30,DOWN,{},"{'source_path': '/Users/madhuram/tradebot-structural-edge-discovery-v3/runtime/upstox_candidate_replay.zip!upstox_candidate_replay/20240730/underlying/BANKNIFTY_20240730.parquet', 'source_hash': '4357f109ed631802b3774c34db9c318f71742f8e99de307408af71bf00810707'}",{'completed_bar_only': True},"{'buy_ce_allowed': False, 'buy_pe_allowed': True, 'research_only': True}",e0d9465476264cba502bfba2a1b8c0212c8323b36409017c33d2687509f5f874,51774.7,2024-07-30 14:13:00+05:30,298,0.008014267478244597,241.84999999999854,0.0,1153.300000000003,26.110000000000582,25.806666666667056,0.0002571162550124096,26.0214285714293,123.21806020067015,183.0500000000029,514.6499999999942,0.64927184466024,0.2888349514563664,0.06189320388339356,0,15,-0.0006118935112264801,41.19999999999709,26.75,0.0,2024-07-30T14:14:00+05:30,51775.7,30,7.599999999998545,146.85000000000582,-99.85000000000582,-101.35000000000582,False,False,-13.138157894740123
BANKNIFTY:2024-07-30,2024-07-30,BANKNIFTY,compression_expansion_down,2024-07-30T14:42:00+05:30,2024-07-30T14:42:00+05:30,DOWN,{},"{'source_path': '/Users/madhuram/tradebot-structural-edge-discovery-v3/runtime/upstox_candidate_replay.zip!upstox_candidate_replay/20240730/underlying/BANKNIFTY_20240730.parquet', 'source_hash': '4357f109ed631802b3774c34db9c318f71742f8e99de307408af71bf00810707'}",{'completed_bar_only': True},"{'buy_ce_allowed': False, 'buy_pe_allowed': True, 'research_only': True}",17b2b3d22def7134f44dfb3be364468cb3e3df37112d3413861f8b2a264deabc,51873.2,2024-07-30 14:41:00+05:30,326,0.01030072232513969,241.84999999999854,0.0,1153.300000000003,30.660000000000583,31.326666666666764,0.00040974266079953764,30.553571428571427,204.30642201835144,84.55000000000291,613.1499999999942,0.9014778325123153,0.060098522167545035,0.0384236453201397,5,15,-0.0009504540897934399,50.75,45.75,0.0,2024-07-30T14:42:00+05:30,51874.85,30,461.65000000000146,12.650000000001455,380.34999999999854,378.84999999999854,True,True,0.8238925592981639
BANKNIFTY:2024-07-31,2024-07-31,BANKNIFTY,compression_expansion_down,2024-07-31T09:31:00+05:30,2024-07-31T09:31:00+05:30,DOWN,{},"{'source_path': '/Users/madhuram/tradebot-structural-edge-discovery-v3/runtime/upstox_candidate_replay.zip!upstox_candidate_replay/20240731/underlying/BANKNIFTY_20240731.parquet', 'source_hash': '4357f109ed631802b3774c34db9c318f71742f8e99de307408af71bf00810707'}",{'completed_bar_only': True},"{'buy_ce_allowed': False, 'buy_pe_allowed': True, 'research_only': True}",559317d26f58a65f50219c0ab452121eff18220b5bd43a948d86222ff09bd3ad,51478.3,2024-07-31 09:30:00+05:30,15,0.0024005296916062564,143.14999999999418,0.0,697.6999999999971,45.28999999999942,45.55333333333256,0.0005776299772897609,45.34999999999958,-24.303124999998545,109.64999999999418,33.5,0.7286663260091639,0.031170158405753254,0.24016351558508278,6,0,-0.0013773222914763572,97.84999999999854,71.29999999999563,0.0,2024-07-31T09:31:00+05:30,51481.85,30,89.0,83.40000000000146,-75.20000000000437,-76.70000000000437,True,True,-0.8449438202247681
BANKNIFTY:2024-07-31,2024-07-31,BANKNIFTY,compression_expansion_down,2024-07-31T09:32:00+05:30,2024-07-31T09:32:00+05:30,DOWN,{},"{'source_path': '/Users/madhuram/tradebot-structural-edge-discovery-v3/runtime/upstox_candidate_replay.zip!upstox_candidate_replay/20240731/underlying/BANKNIFTY_20240731.parquet', 'source_hash': '4357f109ed631802b3774c34db9c318f71742f8e99de307408af71bf00810707'}",{'completed_bar_only': True},"{'buy_ce_allowed': False, 'buy_pe_allowed': True, 'research_only': True}",5af5ff40f6209dea78a99b9b2c92b313305ea906db34d0a1fd39ef2f3b1aa7fc,51415.15,2024-07-31 09:31:00+05:30,16,0.0010831065518223139,143.14999999999418,0.0,697.6999999999971,60.16000000000058,48.939999999999905,0.0006496575312645229,49.285714285714285,-82.30882352941262,172.79999999999563,22.30000000000291,0.6723790322580055,0.10282258064520078,0.22479838709679364,0,0,-0.0012267304864379547,99.20000000000437,66.69999999999709,0.0,2024-07-31T09:32:00+05:30,51412.4,30,1.9500000000043656,152.84999999999854,-144.65000000000146,-146.15000000000146,False,False,-74.17948717932185
BANKNIFTY:2024-07-31,2024-07-31,BANKNIFTY,compression_expansion_down,2024-07-31T10:49:00+05:30,2024-07-31T10:49:00+05:30,DOWN,{},"{'source_path': '/Users/madhuram/tradebot-structural-edge-discovery-v3/runtime/upstox_candidate_replay.zip!upstox_candidate_replay/20240731/underlying/BANKNIFTY_20240731.parquet', 'source_hash': '4357f109ed631802b3774c34db9c318f71742f8e99de307408af71bf00810707'}",{'completed_bar_only': True},"{'buy_ce_allowed': False, 'buy_pe_allowed': True, 'research_only': True}",834961b1a024df9f75843fd8bc35b9d8401fd7c16a24ce7bfe15354e1a558818,51557.45,2024-07-31 10:48:00+05:30,93,0.003403910267441674,143.14999999999418,0.0,697.6999999999971,25.58000000000029,21.439999999999902,0.000291198860554825,21.539285714285402,21.16542553191539,104.40000000000146,164.59999999999854,0.7504288164665148,0.07632933104638324,0.1732418524871019,0,2,-0.0009078700805941198,58.30000000000291,43.75,0.0,2024-07-31T10:49:00+05:30,51559.05,30,35.85000000000582,43.19999999999709,-1.8499999999985448,-3.349999999998545,False,False,-0.051603905160341544
BANKNIFTY:2024-07-31,2024-07-31,BANKNIFTY,compression_expansion_down,2024-07-31T11:11:00+05:30,2024-07-31T11:11:00+05:30,DOWN,{},"{'source_path': '/Users/madhuram/tradebot-structural-edge-discovery-v3/runtime/upstox_candidate_replay.zip!upstox_candidate_replay/20240731/underlying/BANKNIFTY_20240731.parquet', 'source_hash': '4357f109ed631802b3774c34db9c318f71742f8e99de307408af71bf00810707'}",{'completed_bar_only': True},"{'buy_ce_allowed': False, 'buy_pe_allowed': True, 'research_only': True}",bcb21600b8c15f9bb17ccbf8f165845b6642482f1922a94fe216f4b5fde56faf,51534.75,2024-07-31 11:10:00+05:30,115,0.0024987287595902084,143.14999999999418,0.0,697.6999999999971,27.170000000001163,22.493333333333915,0.0002785022051998833,22.010714285714908,-7.212068965513026,127.09999999999854,141.90000000000146,0.29857464366093056,0.5281320330081969,0.17329332333087258,0,2,-0.00047130426181252183,66.65000000000146,19.900000000001455,0.0,2024-07-31T11:11:00+05:30,51536.8,30,136.70000000000437,35.049999999995634,33.80000000000291,32.30000000000291,True,True,0.24725676664229576
BANKNIFTY:2024-07-31,2024-07-31,BANKNIFTY,compression_expansion_down,2024-07-31T11:27:00+05:30,2024-07-31T11:27:00+05:30,DOWN,{},"{'source_path': '/Users/madhuram/tradebot-structural-edge-discovery-v3/runtime/upstox_candidate_replay.zip!upstox_candidate_replay/20240731/underlying/BANKNIFTY_20240731.parquet', 'source_hash': '4357f109ed631802b3774c34db9c318f71742f8e99de307408af71bf00810707'}",{'completed_bar_only': True},"{'buy_ce_allowed': False, 'buy_pe_allowed': True, 'research_only': True}",fbe7aec5f56d075808e4403e8d308c3ee70510cb2203a404408463c00000a199,51539.85,2024-07-31 11:26:00+05:30,131,0.002486089275592253,143.14999999999418,0.0,697.6999999999971,15.630000000001747,15.073333333334206,0.00018779148923784965,14.153571428572052,-3.677651515157777,122.0,147.0,0.6152173913044111,0.041304347825960416,0.34347826086962846,0,2,-0.0003113125752823853,23.0,14.150000000001455,0.0,2024-07-31T11:27:00+05:30,51537.75,30,137.65000000000146,10.30000000000291,45.099999999998545,43.599999999998545,True,True,0.3276425717399061
BANKNIFTY:2024-07-31,2024-07-31,BANKNIFTY,compression_expansion_down,2024-07-31T11:59:00+05:30,2024-07-31T11:59:00+05:30,DOWN,{},"{'source_path': '/Users/madhuram/tradebot-structural-edge-discovery-v3/runtime/upstox_candidate_replay.zip!upstox_candidate_replay/20240731/underlying/BANKNIFTY_20240731.parquet', 'source_hash': '4357f109ed631802b3774c34db9c318f71742f8e99de307408af71bf00810707'}",{'completed_bar_only': True},"{'buy_ce_allowed': False, 'buy_pe_allowed': True, 'research_only': True}",9abd0beb61779300977b1f4ce569819932019d2262b168c7c4e617b383d569bf,51466.65,2024-07-31 11:58:00+05:30,163,0.0012415862357963514,143.14999999999418,0.0,697.6999999999971,17.749999999998543,20.196666666665504,0.00024530141165235805,19.849999999999064,-63.87439024390187,195.1999999999971,73.80000000000291,0.7436305732484991,0.19745222929930697,0.05891719745219388,4,2,-0.0005049264312479984,31.39999999999418,23.349999999998545,0.0,2024-07-31T11:59:00+05:30,51467.55,30,19.5,43.69999999999709,-26.0,-27.5,False,False,-1.3333333333333333
BANKNIFTY:2024-07-31,2024-07-31,BANKNIFTY,compression_expansion_down,2024-07-31T12:23:00+05:30,2024-07-31T12:23:00+05:30,DOWN,{},"{'source_path': '/Users/madhuram/tradebot-structural-edge-discovery-v3/runtime/upstox_candidate_replay.zip!upstox_candidate_replay/20240731/underlying/BANKNIFTY_20240731.parquet', 'source_hash': '4357f109ed631802b3774c34db9c318f71742f8e99de307408af71bf00810707'}",{'completed_bar_only': True},"{'buy_ce_allowed': False, 'buy_pe_allowed': True, 'research_only': True}",25e78fba438f26ec5fbcd3a41a9187dbddc454251d393f8583cddc9ede9f479a,51450.45,2024-07-31 12:22:00+05:30,187,0.0009907410918374617,143.14999999999418,0.0,697.6999999999971,16.280000000000292,19.97333333333275,0.00020879681115548753,19.98214285714234,-73.05265957447409,211.40000000000146,57.599999999998545,0.8162327718225484,0.14854517611024226,0.03522205206720932,8,2,-0.0004526579081570725,32.64999999999418,26.650000000001455,0.0,2024-07-31T12:23:00+05:30,51457.85,30,12.94999999999709,121.95000000000437,-34.55000000000291,-36.05000000000291,False,False,-2.6679536679544924
BANKNIFTY:2024-07-31,2024-07-31,BANKNIFTY,compression_expansion_down,2024-07-31T12:32:00+05:30,2024-07-31T12:32:00+05:30,DOWN,{},"{'source_path': '/Users/madhuram/tradebot-structural-edge-discovery-v3/runtime/upstox_candidate_replay.zip!upstox_candidate_replay/20240731/underlying/BANKNIFTY_20240731.parquet', 'source_hash': '4357f109ed631802b3774c34db9c318f71742f8e99de307408af71bf00810707'}",{'completed_bar_only': True},"{'buy_ce_allowed': False, 'buy_pe_allowed': True, 'research_only': True}",7a3726e5367176160a5f4e9042dfa62574fd9909ba3cf71eaab5a65dd9b3be71,51477.0,2024-07-31 12:31:00+05:30,196,0.0012551979877940627,143.14999999999418,0.0,697.6999999999971,17.469999999999708,17.65,0.00021667070911766573,17.83571428571408,-44.71751269035303,184.84999999999854,84.15000000000146,0.5299806576401493,0.1760154738879368,0.29400386847191384,4,2,-0.0003068390143865507,25.849999999998545,13.69999999999709,0.0,2024-07-31T12:32:00+05:30,51469.35,30,24.44999999999709,110.45000000000437,-15.349999999998545,-16.849999999998545,False,False,-0.6278118609407105
BANKNIFTY:2024-08-01,2024-08-01,BANKNIFTY,compression_expansion_down,2024-08-01T10:38:00+05:30,2024-08-01T10:38:00+05:30,DOWN,{},"{'source_path': '/Users/madhuram/tradebot-structural-edge-discovery-v3/runtime/upstox_candidate_replay.zip!upstox_candidate_replay/20240801/underlying/BANKNIFTY_20240801.parquet', 'source_hash': '4357f109ed631802b3774c34db9c318f71742f8e99de307408af71bf00810707'}",{'completed_bar_only': True},"{'buy_ce_allowed': False, 'buy_pe_allowed': True, 'research_only': True}",f0ed11c0054301d50542082206cb37e409cf2b7a244b4621ba40be82043a433e,51719.75,2024-08-01 10:37:00+05:30,82,0.002382760437653039,224.70000000000437,0.0,327.40000000000146,13.989999999999418,13.946666666666472,0.00017344913320141572,14.546428571428155,-37.81265060241276,157.40000000000146,73.69999999999709,0.796357615894021,0.0,0.203642384105979,0,2,-0.0004792775277783212,30.200000000004366,24.05000000000291,0.0,2024-08-01T10:38:00+05:30,51717.35,30,49.75,38.75,4.19999999999709,2.6999999999970896,True,True,0.08442211055270532
BANKNIFTY:2024-08-01,2024-08-01,BANKNIFTY,compression_expansion_down,2024-08-01T12:25:00+05:30,2024-08-01T12:25:00+05:30,DOWN,{},"{'source_path': '/Users/madhuram/tradebot-structural-edge-discovery-v3/runtime/upstox_candidate_replay.zip!upstox_candidate_replay/20240801/underlying/BANKNIFTY_20240801.parquet', 'source_hash': '4357f109ed631802b3774c34db9c318f71742f8e99de307408af71bf00810707'}",{'completed_bar_only': True},"{'buy_ce_allowed': False, 'buy_pe_allowed': True, 'research_only': True}",c25f8cc97b4d8b38dd7eaa84068d56eecc682837d260bc51f2bb3e5760dc2a43,51672.95,2024-08-01 12:24:00+05:30,189,0.001495521185258599,224.70000000000437,0.0,327.40000000000146,15.519999999998253,18.28333333333285,0.0002428303440950532,18.52142857142826,-65.2055263157963,204.20000000000437,26.89999999999418,0.9364485981309499,0.03925233644870693,0.024299065420343147,6,2,-0.0005048448665885275,26.75,25.05000000000291,0.0,2024-08-01T12:25:00+05:30,51672.25,30,91.40000000000146,25.44999999999709,35.69999999999709,34.19999999999709,True,True,0.3905908096279707
BANKNIFTY:2024-08-01,2024-08-01,BANKNIFTY,compression_expansion_down,2024-08-01T12:28:00+05:30,2024-08-01T12:28:00+05:30,DOWN,{},"{'source_path': '/Users/madhuram/tradebot-structural-edge-discovery-v3/runtime/upstox_candidate_replay.zip!upstox_candidate_replay/20240801/underlying/BANKNIFTY_20240801.parquet', 'source_hash': '4357f109ed631802b3774c34db9c318f71742f8e99de307408af71bf00810707'}",{'completed_bar_only': True},"{'buy_ce_allowed': False, 'buy_pe_allowed': True, 'research_only': True}",6f2b217ef8ae476d3d1f70ad386e88ae0e100e60f4700d72c07e65cf1bca932e,51660.7,2024-08-01 12:27:00+05:30,192,0.0012717741685520987,224.70000000000437,0.0,327.40000000000146,21.41999999999971,18.65333333333304,0.00026275809455323886,18.828571428570804,-76.50103626943746,216.45000000000437,14.64999999999418,0.694070080862561,0.3032345013477208,0.0026954177897182945,0,2,-0.0004933618644822335,37.099999999998545,25.75,0.0,2024-08-01T12:28:00+05:30,51661.75,30,80.90000000000146,13.25,17.150000000001455,15.650000000001455,True,True,0.21199011124846906
BANKNIFTY:2024-08-01,2024-08-01,BANKNIFTY,compression_expansion_down,2024-08-01T13:22:00+05:30,2024-08-01T13:22:00+05:30,DOWN,{},"{'source_path': '/Users/madhuram/tradebot-structural-edge-discovery-v3/runtime/upstox_candidate_replay.zip!upstox_candidate_replay/20240801/underlying/BANKNIFTY_20240801.parquet', 'source_hash': '4357f109ed631802b3774c34db9c318f71742f8e99de307408af71bf00810707'}",{'completed_bar_only': True},"{'buy_ce_allowed': False, 'buy_pe_allowed': True, 'research_only': True}",84daf3254340824211fde7623632919041f3c584c4a6656829b12ef52d69e837,51686.7,2024-08-01 13:21:00+05:30,246,0.0017192682019650993,224.70000000000437,0.0,327.40000000000146,14.450000000001456,14.01333333333508,0.00018454957890300447,13.807142857144624,-31.80263157895388,190.45000000000437,105.84999999999854,0.9723404255321626,0.0,0.027659574467837414,0,2,-0.0004302930150389406,23.5,22.85000000000582,0.0,2024-08-01T13:22:00+05:30,51686.35,30,33.849999999998545,34.950000000004366,7.049999999995634,5.549999999995634,False,False,0.20827178729677806
BANKNIFTY:2024-08-01,2024-08-01,BANKNIFTY,compression_expansion_down,2024-08-01T14:15:00+05:30,2024-08-01T14:15:00+05:30,DOWN,{},"{'source_path': '/Users/madhuram/tradebot-structural-edge-discovery-v3/runtime/upstox_candidate_replay.zip!upstox_candidate_replay/20240801/underlying/BANKNIFTY_20240801.parquet', 'source_hash': '4357f109ed631802b3774c34db9c318f71742f8e99de307408af71bf00810707'}",{'completed_bar_only': True},"{'buy_ce_allowed': False, 'buy_pe_allowed': True, 'research_only': True}",cf70b8eff411cccf78fc6c5ac16cae26a6134859dbcd22d462004f7b075642e2,51569.1,2024-08-01 14:14:00+05:30,299,-0.0004445882280012004,224.70000000000437,0.0,327.40000000000146,18.750000000001457,19.076666666667247,0.00024406422531967963,18.525000000000414,-138.94616666666843,308.0500000000029,3.400000000001455,0.8792048929662435,0.01681957186553018,0.10397553516822634,9,2,-0.0005232953653473427,32.700000000004366,28.75,0.0,2024-08-01T14:15:00+05:30,51568.55,30,110.75,27.25,18.450000000004366,16.950000000004366,True,True,0.1665914221219356
BANKNIFTY:2024-08-01,2024-08-01,BANKNIFTY,compression_expansion_down,2024-08-01T14:16:00+05:30,2024-08-01T14:16:00+05:30,DOWN,{},"{'source_path': '/Users/madhuram/tradebot-structural-edge-discovery-v3/runtime/upstox_candidate_replay.zip!upstox_candidate_replay/20240801/underlying/BANKNIFTY_20240801.parquet', 'source_hash': '4357f109ed631802b3774c34db9c318f71742f8e99de307408af71bf00810707'}",{'completed_bar_only': True},"{'buy_ce_allowed': False, 'buy_pe_allowed': True, 'research_only': True}",179ae65e6ecfb3acd23bd45d4cf84810ba5b2ae2a54038bb487256ebebd320d0,51543.95,2024-08-01 14:15:00+05:30,300,-0.0010121888851005797,224.70000000000437,0.0,327.40000000000146,23.400000000001455,19.70333333333353,0.000260066752201722,18.042857142857038,-163.5509966777463,333.20000000000437,5.399999999994179,0.6795580110499392,0.17127071823197756,0.14917127071808325,0,2,-0.00048769515077828895,36.19999999999709,24.60000000000582,0.0,2024-08-01T14:16:00+05:30,51545.2,30,87.39999999999418,50.60000000000582,2.8999999999941792,1.3999999999941792,True,True,0.033180778031972225
BANKNIFTY:2024-08-01,2024-08-01,BANKNIFTY,compression_expansion_down,2024-08-01T14:25:00+05:30,2024-08-01T14:25:00+05:30,DOWN,{},"{'source_path': '/Users/madhuram/tradebot-structural-edge-discovery-v3/runtime/upstox_candidate_replay.zip!upstox_candidate_replay/20240801/underlying/BANKNIFTY_20240801.parquet', 'source_hash': '4357f109ed631802b3774c34db9c318f71742f8e99de307408af71bf00810707'}",{'completed_bar_only': True},"{'buy_ce_allowed': False, 'buy_pe_allowed': True, 'research_only': True}",117da33146db6dfcf5b3c304109ef6bbd10baa08cdcbda147d3ce28ae4c2f490,51533.2,2024-08-01 14:24:00+05:30,309,-0.00144224808604292,224.70000000000437,0.0,327.40000000000146,19.43000000000029,20.36666666666715,0.0002552538523347137,20.8964285714293,-170.04822580645123,343.95000000000437,7.69999999999709,0.4194577352472748,0.33492822966508734,0.24561403508763788,5,2,-0.00030068653525694433,31.349999999998545,13.150000000001455,0.0,2024-08-01T14:25:00+05:30,51533.0,30,75.19999999999709,62.80000000000291,-1.9000000000014552,-3.400000000001455,True,True,-0.02526595744682884
BANKNIFTY:2024-08-01,2024-08-01,BANKNIFTY,compression_expansion_down,2024-08-01T14:26:00+05:30,2024-08-01T14:26:00+05:30,DOWN,{},"{'source_path': '/Users/madhuram/tradebot-structural-edge-discovery-v3/runtime/upstox_candidate_replay.zip!upstox_candidate_replay/20240801/underlying/BANKNIFTY_20240801.parquet', 'source_hash': '4357f109ed631802b3774c34db9c318f71742f8e99de307408af71bf00810707'}",{'completed_bar_only': True},"{'buy_ce_allowed': False, 'buy_pe_allowed': True, 'research_only': True}",4242edb63edefbd168eb9ad446589c9b292636d2df55c81552cbeeb2c85f5296,51480.85,2024-08-01 14:25:00+05:30,310,-0.0017008647676905995,224.70000000000437,0.0,327.40000000000146,28.959999999999127,23.613333333333625,0.00034583458642976656,23.97857142857174,-221.6831189710647,396.3000000000029,2.2999999999956344,0.8459042984591465,0.11678832116784703,0.037307380373006516,0,2,-0.0010158499763258666,61.64999999999418,52.150000000001455,0.0,2024-08-01T14:26:00+05:30,51478.75,30,20.94999999999709,117.05000000000291,-44.44999999999709,-45.94999999999709,False,False,-2.1217183770884613
BANKNIFTY:2024-08-02,2024-08-02,BANKNIFTY,compression_expansion_down,2024-08-02T09:56:00+05:30,2024-08-02T09:56:00+05:30,DOWN,{},"{'source_path': '/Users/madhuram/tradebot-structural-edge-discovery-v3/runtime/upstox_candidate_replay.zip!upstox_candidate_replay/20240802/underlying/BANKNIFTY_20240802.parquet', 'source_hash': '4357f109ed631802b3774c34db9c318f71742f8e99de307408af71bf00810707'}",{'completed_bar_only': True},"{'buy_ce_allowed': False, 'buy_pe_allowed': True, 'research_only': True}",ec27925f91d7f9dbc8278be3a65261fb0f45ca002b4e6fbd34748c69987eeb3d,51219.95,2024-08-02 09:55:00+05:30,40,-0.006868327505573375,259.20000000000437,0.0,420.95000000000437,32.06000000000349,34.666666666669094,0.0003700763556806261,34.360714285716575,-51.957317073174636,156.85000000000582,132.09999999999854,0.6290480863591789,0.09911678115804666,0.27183513248277447,7,4,-0.0006653132776825998,50.950000000004366,32.05000000000291,0.0,2024-08-02T09:56:00+05:30,51214.8,30,25.0,86.44999999999709,-69.79999999999563,-71.29999999999563,False,False,-2.7919999999998253
BANKNIFTY:2024-08-02,2024-08-02,BANKNIFTY,compression_expansion_down,2024-08-02T11:35:00+05:30,2024-08-02T11:35:00+05:30,DOWN,{},"{'source_path': '/Users/madhuram/tradebot-structural-edge-discovery-v3/runtime/upstox_candidate_replay.zip!upstox_candidate_replay/20240802/underlying/BANKNIFTY_20240802.parquet', 'source_hash': '4357f109ed631802b3774c34db9c318f71742f8e99de307408af71bf00810707'}",{'completed_bar_only': True},"{'buy_ce_allowed': False, 'buy_pe_allowed': True, 'research_only': True}",1213ba7f336caa5e2e7bab66c1cf75bc933aab473cfdc5a6a49a6ac35ad898e5,51442.75,2024-08-02 11:34:00+05:30,139,-0.002953119232188887,259.20000000000437,0.0,420.95000000000437,21.76000000000058,20.526666666666763,0.0002696534327866487,20.86428571428613,93.89428571429016,92.15000000000146,354.90000000000146,0.2954248366013833,0.24967320261426496,0.45490196078435174,0,5,-0.00024487249625160246,38.25,11.30000000000291,0.0,2024-08-02T11:35:00+05:30,51438.6,30,10.44999999999709,129.75,-36.05000000000291,-37.55000000000291,False,False,-3.4497607655514786
BANKNIFTY:2024-08-02,2024-08-02,BANKNIFTY,compression_expansion_down,2024-08-02T12:19:00+05:30,2024-08-02T12:19:00+05:30,DOWN,{},"{'source_path': '/Users/madhuram/tradebot-structural-edge-discovery-v3/runtime/upstox_candidate_replay.zip!upstox_candidate_replay/20240802/underlying/BANKNIFTY_20240802.parquet', 'source_hash': '4357f109ed631802b3774c34db9c318f71742f8e99de307408af71bf00810707'}",{'completed_bar_only': True},"{'buy_ce_allowed': False, 'buy_pe_allowed': True, 'research_only': True}",d19685908cfea9dd4a8f941dca4c3cba0d2da865a7ab2dcc5816cb3d70a33890,51471.0,2024-08-02 12:18:00+05:30,183,-0.0022351857180642836,259.20000000000437,0.0,420.95000000000437,16.709999999999127,18.16999999999971,0.00020285599551835625,18.153571428571013,87.05978260869597,97.34999999999854,383.15000000000146,0.7866927592955765,0.003913894324796943,0.20939334637962656,9,6,-0.0003796813201646376,25.549999999995634,20.099999999998545,0.0,2024-08-02T12:19:00+05:30,51472.75,30,108.59999999999854,4.94999999999709,58.900000000001455,57.400000000001455,True,True,0.542357274401494
BANKNIFTY:2024-08-02,2024-08-02,BANKNIFTY,compression_expansion_down,2024-08-02T12:20:00+05:30,2024-08-02T12:20:00+05:30,DOWN,{},"{'source_path': '/Users/madhuram/tradebot-structural-edge-discovery-v3/runtime/upstox_candidate_replay.zip!upstox_candidate_replay/20240802/underlying/BANKNIFTY_20240802.parquet', 'source_hash': '4357f109ed631802b3774c34db9c318f71742f8e99de307408af71bf00810707'}",{'completed_bar_only': True},"{'buy_ce_allowed': False, 'buy_pe_allowed': True, 'research_only': True}",a67a6ccb12ddf5cbc3cffcb9fa71665102694886e08bd4f18112e14dcf07980e,51446.4,2024-08-02 12:19:00+05:30,184,-0.0025907614261395056,259.20000000000437,0.0,420.95000000000437,19.339999999997964,18.83333333333285,0.00023741806693501359,18.628571428571117,62.12216216215893,121.94999999999709,358.5500000000029,0.9294532627865925,0.0,0.0705467372134075,0,6,-0.0004779390336305811,28.349999999998545,26.349999999998545,0.0,2024-08-02T12:20:00+05:30,51448.15,30,84.0,29.549999999995634,13.05000000000291,11.55000000000291,True,True,0.1553571428571775
BANKNIFTY:2024-08-02,2024-08-02,BANKNIFTY,compression_expansion_down,2024-08-02T12:44:00+05:30,2024-08-02T12:44:00+05:30,DOWN,{},"{'source_path': '/Users/madhuram/tradebot-structural-edge-discovery-v3/runtime/upstox_candidate_replay.zip!upstox_candidate_replay/20240802/underlying/BANKNIFTY_20240802.parquet', 'source_hash': '4357f109ed631802b3774c34db9c318f71742f8e99de307408af71bf00810707'}",{'completed_bar_only': True},"{'buy_ce_allowed': False, 'buy_pe_allowed': True, 'research_only': True}",62e642754fd0dcc645474f888ab2b465158bea0ae353cda27ca516f0bc07ddb3,51397.5,2024-08-02 12:43:00+05:30,208,-0.0037146519475762642,259.20000000000437,0.0,420.95000000000437,16.250000000001457,18.47666666666725,0.00018513790907341243,17.4964285714294,8.496889952148194,170.84999999999854,309.65000000000146,0.6272727272727273,0.30363636363631075,0.06909090909096201,12,6,-0.00030731347725210245,27.5,17.25,0.0,2024-08-02T12:44:00+05:30,51394.5,30,30.349999999998545,70.59999999999854,-58.19999999999709,-59.69999999999709,False,False,-1.9176276771004903
BANKNIFTY:2024-08-02,2024-08-02,BANKNIFTY,compression_expansion_down,2024-08-02T12:47:00+05:30,2024-08-02T12:47:00+05:30,DOWN,{},"{'source_path': '/Users/madhuram/tradebot-structural-edge-discovery-v3/runtime/upstox_candidate_replay.zip!upstox_candidate_replay/20240802/underlying/BANKNIFTY_20240802.parquet', 'source_hash': '4357f109ed631802b3774c34db9c318f71742f8e99de307408af71bf00810707'}",{'completed_bar_only': True},"{'buy_ce_allowed': False, 'buy_pe_allowed': True, 'research_only': True}",be12ead143e753b50f1d5418366d5f29ed29d3afaed0a6bc18c9dc27d899c802,51378.3,2024-08-02 12:46:00+05:30,211,-0.004191336548047688,259.20000000000437,0.0,420.95000000000437,21.620000000001163,18.20666666666754,0.00017995738313170338,18.02142857142982,-10.69999999999709,190.04999999999563,290.45000000000437,0.3323983169704926,0.27068723702667774,0.39691444600282966,0,6,-0.0003609170600921141,35.650000000001455,11.849999999998545,0.0,2024-08-02T12:47:00+05:30,51374.2,30,1.4499999999970896,94.45000000000437,-64.10000000000582,-65.60000000000582,False,False,-44.20689655181688
BANKNIFTY:2024-08-02,2024-08-02,BANKNIFTY,compression_expansion_down,2024-08-02T15:23:00+05:30,2024-08-02T15:23:00+05:30,DOWN,{},"{'source_path': '/Users/madhuram/tradebot-structural-edge-discovery-v3/runtime/upstox_candidate_replay.zip!upstox_candidate_replay/20240802/underlying/BANKNIFTY_20240802.parquet', 'source_hash': '4357f109ed631802b3774c34db9c318f71742f8e99de307408af71bf00810707'}",{'completed_bar_only': True},"{'buy_ce_allowed': False, 'buy_pe_allowed': True, 'research_only': True}",25723532d26979faa10b508383f86c86192ae3fd79b8c8ba47eab7ab32d47125,51371.55,2024-08-02 15:22:00+05:30,367,-0.004204900743996148,259.20000000000437,0.0,420.95000000000437,26.560000000002038,23.383333333334303,0.0003057001235955671,23.535714285715326,-50.830842391296756,237.14999999999418,283.70000000000437,0.4704336399472486,0.07095926412625911,0.4586070959264923,0,6,-0.00035512883879684765,38.05000000000291,17.89999999999418,0.0,2024-08-02T15:23:00+05:30,51373.25,30,38.849999999998545,12.25,35.5,34.0,True,True,0.913770913770948
BANKNIFTY:2024-08-05,2024-08-05,BANKNIFTY,compression_expansion_down,2024-08-05T10:07:00+05:30,2024-08-05T10:07:00+05:30,DOWN,{},"{'source_path': '/Users/madhuram/tradebot-structural-edge-discovery-v3/runtime/upstox_candidate_replay.zip!upstox_candidate_replay/20240805/underlying/BANKNIFTY_20240805.parquet', 'source_hash': '4357f109ed631802b3774c34db9c318f71742f8e99de307408af71bf00810707'}",{'completed_bar_only': True},"{'buy_ce_allowed': False, 'buy_pe_allowed': True, 'research_only': True}",d3273004024f5e5be03f7543b93d016445994485eac19671fdc9be36eced2e3b,50354.3,2024-08-05 10:06:00+05:30,51,-0.01797702470404335,386.45000000000437,0.0,520.8499999999985,41.939999999999415,37.273333333333234,0.0004966442040979383,36.764285714285506,-104.46634615384392,393.25,7.600000000005821,0.8143913920645167,0.16207128446540883,0.023537323470074437,0,0,-0.0012565044185914864,74.34999999999854,60.549999999995634,0.0,2024-08-05T10:07:00+05:30,50357.05,30,92.55000000000291,84.59999999999854,73.65000000000146,72.15000000000146,True,True,0.7957860615883213
BANKNIFTY:2024-08-05,2024-08-05,BANKNIFTY,compression_expansion_down,2024-08-05T10:48:00+05:30,2024-08-05T10:48:00+05:30,DOWN,{},"{'source_path': '/Users/madhuram/tradebot-structural-edge-discovery-v3/runtime/upstox_candidate_replay.zip!upstox_candidate_replay/20240805/underlying/BANKNIFTY_20240805.parquet', 'source_hash': '4357f109ed631802b3774c34db9c318f71742f8e99de307408af71bf00810707'}",{'completed_bar_only': True},"{'buy_ce_allowed': False, 'buy_pe_allowed': True, 'research_only': True}",91e95a8ff4b8aca6f9722f768f5a4bf5aead2977830325ee95d48d39bcc7b96c,50157.65,2024-08-05 10:47:00+05:30,92,-0.022210751347692487,386.45000000000437,0.0,520.8499999999985,34.779999999998836,36.68333333333188,0.0003843050919174276,34.78928571428436,-246.83279569893057,589.9000000000015,12.55000000000291,0.6942508710800964,0.08710801393728002,0.21864111498262356,4,0,-0.0008525819987668104,57.400000000001455,39.849999999998545,0.0,2024-08-05T10:48:00+05:30,50152.5,30,253.6999999999971,1.25,237.90000000000146,236.40000000000146,True,True,0.937721718565251
BANKNIFTY:2024-08-05,2024-08-05,BANKNIFTY,compression_expansion_down,2024-08-05T10:50:00+05:30,2024-08-05T10:50:00+05:30,DOWN,{},"{'source_path': '/Users/madhuram/tradebot-structural-edge-discovery-v3/runtime/upstox_candidate_replay.zip!upstox_candidate_replay/20240805/underlying/BANKNIFTY_20240805.parquet', 'source_hash': '4357f109ed631802b3774c34db9c318f71742f8e99de307408af71bf00810707'}",{'completed_bar_only': True},"{'buy_ce_allowed': False, 'buy_pe_allowed': True, 'research_only': True}",42dac5e9be40d6528aa0df31b3d357ac6decbb9ac1e8eb4f936b3d0bfb5066a7,50098.5,2024-08-05 10:49:00+05:30,94,-0.02340285657240524,386.45000000000437,0.0,520.8499999999985,39.68000000000029,35.4566666666656,0.0003861518368812156,35.51428571428499,-299.9194736842037,649.0500000000029,7.650000000001455,0.682310469314114,0.17960288808658534,0.13808664259930062,0,0,-0.0007170717939459781,55.400000000001455,37.80000000000291,0.0,2024-08-05T10:50:00+05:30,50098.9,30,224.5500000000029,28.94999999999709,217.5500000000029,216.0500000000029,True,True,0.9688265419728349
BANKNIFTY:2024-08-05,2024-08-05,BANKNIFTY,compression_expansion_down,2024-08-05T11:21:00+05:30,2024-08-05T11:21:00+05:30,DOWN,{},"{'source_path': '/Users/madhuram/tradebot-structural-edge-discovery-v3/runtime/upstox_candidate_replay.zip!upstox_candidate_replay/20240805/underlying/BANKNIFTY_20240805.parquet', 'source_hash': '4357f109ed631802b3774c34db9c318f71742f8e99de307408af71bf00810707'}",{'completed_bar_only': True},"{'buy_ce_allowed': False, 'buy_pe_allowed': True, 'research_only': True}",09cf5c5beba82f0213056a253a41f8d4b455a77983655ce25f9ae7465f1c09ad,49881.35,2024-08-05 11:20:00+05:30,125,-0.02763658321605452,386.45000000000437,0.0,520.8499999999985,36.61999999999826,38.09333333333246,0.0005082571917505075,38.08928571428468,-418.6111111111095,866.2000000000044,7.0,0.6956521739129791,0.17483811285853573,0.12950971322848517,11,0,-0.0007902517587859981,54.05000000000291,37.599999999998545,0.0,2024-08-05T11:21:00+05:30,49880.5,30,161.40000000000146,125.90000000000146,-58.599999999998545,-60.099999999998545,True,True,-0.3630731102849939
BANKNIFTY:2024-08-05,2024-08-05,BANKNIFTY,compression_expansion_down,2024-08-05T11:48:00+05:30,2024-08-05T11:48:00+05:30,DOWN,{},"{'source_path': '/Users/madhuram/tradebot-structural-edge-discovery-v3/runtime/upstox_candidate_replay.zip!upstox_candidate_replay/20240805/underlying/BANKNIFTY_20240805.parquet', 'source_hash': '4357f109ed631802b3774c34db9c318f71742f8e99de307408af71bf00810707'}",{'completed_bar_only': True},"{'buy_ce_allowed': False, 'buy_pe_allowed': True, 'research_only': True}",d7522240e37bca5eaab00c036938922f9f8b190bba924b55bd20616c2486b278,49921.5,2024-08-05 11:47:00+05:30,152,-0.027082410117311308,386.45000000000437,0.0,520.8499999999985,46.39999999999854,42.9366666666654,0.00045599309816546124,43.6428571428561,-308.95620915032487,826.0500000000029,202.40000000000146,0.3820058997050608,0.17625368731560265,0.4417404129793365,0,0,-0.0004855267965743204,67.79999999999563,25.900000000001455,0.0,2024-08-05T11:48:00+05:30,49918.3,30,37.10000000000582,129.25,-90.54999999999563,-92.04999999999563,False,False,-2.4407008086248365
BANKNIFTY:2024-08-05,2024-08-05,BANKNIFTY,compression_expansion_down,2024-08-05T12:36:00+05:30,2024-08-05T12:36:00+05:30,DOWN,{},"{'source_path': '/Users/madhuram/tradebot-structural-edge-discovery-v3/runtime/upstox_candidate_replay.zip!upstox_candidate_replay/20240805/underlying/BANKNIFTY_20240805.parquet', 'source_hash': '4357f109ed631802b3774c34db9c318f71742f8e99de307408af71bf00810707'}",{'completed_bar_only': True},"{'buy_ce_allowed': False, 'buy_pe_allowed': True, 'research_only': True}",6b06b825a83f5b01d772527a63a28db6b2f9e65d4ba912d708dc799c12469fe8,49856.05,2024-08-05 12:35:00+05:30,200,-0.02801544672292806,386.45000000000437,0.0,520.8499999999985,30.129999999998837,28.740000000000872,0.0003799587481383481,28.21785714285787,-305.20820895522047,891.5,136.95000000000437,0.9863791146424834,0.013620885357516556,0.0,0,0,-0.0009097932024018096,44.049999999995634,43.44999999999709,0.0,2024-08-05T12:36:00+05:30,49857.35,30,49.25,78.40000000000146,-73.84999999999854,-75.34999999999854,False,False,-1.4994923857867726
BANKNIFTY:2024-08-05,2024-08-05,BANKNIFTY,compression_expansion_down,2024-08-05T12:58:00+05:30,2024-08-05T12:58:00+05:30,DOWN,{},"{'source_path': '/Users/madhuram/tradebot-structural-edge-discovery-v3/runtime/upstox_candidate_replay.zip!upstox_candidate_replay/20240805/underlying/BANKNIFTY_20240805.parquet', 'source_hash': '4357f109ed631802b3774c34db9c318f71742f8e99de307408af71bf00810707'}",{'completed_bar_only': True},"{'buy_ce_allowed': False, 'buy_pe_allowed': True, 'research_only': True}",d25f5610dc80305edbe23febea6ea0e73e2588961e72fd17c714deaf974fe3a2,49838.0,2024-08-05 12:57:00+05:30,222,-0.028405997535926347,386.45000000000437,0.0,520.8499999999985,25.93000000000029,27.980000000000775,0.00042728638103181914,27.928571428572468,-295.48766816143325,909.5500000000029,118.90000000000146,0.9221357063403731,0.020022246941079277,0.05784204671854757,6,0,-0.0008700637913130471,44.94999999999709,41.44999999999709,0.0,2024-08-05T12:58:00+05:30,49833.75,30,25.650000000001455,330.1999999999971,-230.5,-232.0,False,False,-8.98635477582795
BANKNIFTY:2024-08-06,2024-08-06,BANKNIFTY,compression_expansion_down,2024-08-06T09:26:00+05:30,2024-08-06T09:26:00+05:30,DOWN,{},"{'source_path': '/Users/madhuram/tradebot-structural-edge-discovery-v3/runtime/upstox_candidate_replay.zip!upstox_candidate_replay/20240806/underlying/BANKNIFTY_20240806.parquet', 'source_hash': '4357f109ed631802b3774c34db9c318f71742f8e99de307408af71bf00810707'}",{'completed_bar_only': True},"{'buy_ce_allowed': False, 'buy_pe_allowed': True, 'research_only': True}",5c603309783a33a6cd7897817cc1f7008fb4bb5d18968824c076a3aa43bc488e,50474.6,2024-08-06 09:25:00+05:30,10,0.010937749720313248,292.8500000000058,0.0,1028.4500000000044,79.85000000000146,73.44090909091028,0.001199374928947719,73.44090909091028,-106.45454545454413,214.20000000000437,78.65000000000146,0.9106322854115069,0.08936771458849307,0.0,0,1,-0.0028182092073354426,141.5500000000029,128.90000000000146,0.0,2024-08-06T09:26:00+05:30,50463.05,30,125.75,70.0,46.700000000004366,45.200000000004366,True,True,0.3713717693837325
BANKNIFTY:2024-08-06,2024-08-06,BANKNIFTY,compression_expansion_down,2024-08-06T10:06:00+05:30,2024-08-06T10:06:00+05:30,DOWN,{},"{'source_path': '/Users/madhuram/tradebot-structural-edge-discovery-v3/runtime/upstox_candidate_replay.zip!upstox_candidate_replay/20240806/underlying/BANKNIFTY_20240806.parquet', 'source_hash': '4357f109ed631802b3774c34db9c318f71742f8e99de307408af71bf00810707'}",{'completed_bar_only': True},"{'buy_ce_allowed': False, 'buy_pe_allowed': True, 'research_only': True}",18f84e1e41d5ca65a0e67ca1cb1c23797f7f2b85580c4dc7fc1836a3f9896cfe,50365.95,2024-08-06 10:05:00+05:30,50,0.006855322039315995,292.8500000000058,0.0,1028.4500000000044,27.859999999999125,31.936666666666376,0.0004934542985366184,32.453571428570804,-101.76274509804352,322.8500000000058,28.64999999999418,0.6606965174130222,0.11840796019894706,0.22089552238803073,9,1,-0.0006587412684539995,50.25,33.200000000004366,0.0,2024-08-06T10:06:00+05:30,50362.1,30,286.40000000000146,24.349999999998545,279.65000000000146,278.15000000000146,True,True,0.9764315642458101
BANKNIFTY:2024-08-06,2024-08-06,BANKNIFTY,compression_expansion_down,2024-08-06T10:07:00+05:30,2024-08-06T10:07:00+05:30,DOWN,{},"{'source_path': '/Users/madhuram/tradebot-structural-edge-discovery-v3/runtime/upstox_candidate_replay.zip!upstox_candidate_replay/20240806/underlying/BANKNIFTY_20240806.parquet', 'source_hash': '4357f109ed631802b3774c34db9c318f71742f8e99de307408af71bf00810707'}",{'completed_bar_only': True},"{'buy_ce_allowed': False, 'buy_pe_allowed': True, 'research_only': True}",7649f0be9dacb9d4e2dc6522f953638a42cd95e826be590c5173b507d42954d3,50283.4,2024-08-06 10:06:00+05:30,51,0.006115151030845424,292.8500000000058,0.0,1028.4500000000044,47.31999999999971,37.67333333333275,0.000632636384400997,32.76071428571387,-180.76826923076442,405.40000000000146,7.700000000004366,0.7106094808126148,0.21986455981939995,0.06952595936798524,0,1,-0.001639004128781374,110.75,78.69999999999709,0.0,2024-08-06T10:07:00+05:30,50286.8,30,237.0,35.0,230.45000000000437,228.95000000000437,True,True,0.9723628691983307
BANKNIFTY:2024-08-06,2024-08-06,BANKNIFTY,compression_expansion_down,2024-08-06T10:20:00+05:30,2024-08-06T10:20:00+05:30,DOWN,{},"{'source_path': '/Users/madhuram/tradebot-structural-edge-discovery-v3/runtime/upstox_candidate_replay.zip!upstox_candidate_replay/20240806/underlying/BANKNIFTY_20240806.parquet', 'source_hash': '4357f109ed631802b3774c34db9c318f71742f8e99de307408af71bf00810707'}",{'completed_bar_only': True},"{'buy_ce_allowed': False, 'buy_pe_allowed': True, 'research_only': True}",0b0e46e58e0a0f9e6c67c82f959970d122e8c8fdc8f1ad861b37a931d8f94615,50209.55,2024-08-06 10:19:00+05:30,64,0.003991529486974647,292.8500000000058,0.0,1028.4500000000044,34.2300000000032,41.976666666668216,0.0006023567142570394,41.38571428571595,-215.63769230768958,479.25,12.60000000000582,0.6902985074626866,0.12164179104468924,0.1880597014926242,6,1,-0.0008099462191729634,67.0,46.25,0.0,2024-08-06T10:20:00+05:30,50205.3,30,297.70000000000437,47.44999999999709,208.40000000000146,206.90000000000146,True,True,0.7000335908632798
BANKNIFTY:2024-08-06,2024-08-06,BANKNIFTY,compression_expansion_down,2024-08-06T11:28:00+05:30,2024-08-06T11:28:00+05:30,DOWN,{},"{'source_path': '/Users/madhuram/tradebot-structural-edge-discovery-v3/runtime/upstox_candidate_replay.zip!upstox_candidate_replay/20240806/underlying/BANKNIFTY_20240806.parquet', 'source_hash': '4357f109ed631802b3774c34db9c318f71742f8e99de307408af71bf00810707'}",{'completed_bar_only': True},"{'buy_ce_allowed': False, 'buy_pe_allowed': True, 'research_only': True}",74c0d13053ac72d123b13bab07ba0763a442b550bf92dd1e275022dae841cc91,50093.25,2024-08-06 11:27:00+05:30,132,0.002402309413456928,292.8500000000058,0.0,1028.4500000000044,37.53999999999796,35.62666666666725,0.0006966985133579184,37.067857142857456,-175.75488721804868,595.5500000000029,185.65000000000146,0.8755274261603778,0.004746835443007493,0.11972573839661464,0,1,-0.0016850081111567938,94.79999999999563,83.0,0.0,2024-08-06T11:28:00+05:30,50094.45,30,14.849999999998545,110.30000000000291,-84.30000000000291,-85.80000000000291,False,False,-5.676767676768429
BANKNIFTY:2024-08-06,2024-08-06,BANKNIFTY,compression_expansion_down,2024-08-06T11:54:00+05:30,2024-08-06T11:54:00+05:30,DOWN,{},"{'source_path': '/Users/madhuram/tradebot-structural-edge-discovery-v3/runtime/upstox_candidate_replay.zip!upstox_candidate_replay/20240806/underlying/BANKNIFTY_20240806.parquet', 'source_hash': '4357f109ed631802b3774c34db9c318f71742f8e99de307408af71bf00810707'}",{'completed_bar_only': True},"{'buy_ce_allowed': False, 'buy_pe_allowed': True, 'research_only': True}",d736d69845fe31c46653194e82d845f277ab0895181fba9ff1c66abfe23fffa0,50127.25,2024-08-06 11:53:00+05:30,158,0.002001758031005216,292.8500000000058,0.0,1028.4500000000044,21.31999999999971,21.10000000000097,0.00028649854000965304,21.72857142857278,-123.65597484276805,561.5500000000029,219.65000000000146,0.8132022471909627,0.012640449438325393,0.1741573033707119,0,1,-0.0005672336344622053,35.599999999998545,28.94999999999709,0.0,2024-08-06T11:54:00+05:30,50128.9,30,0.0,88.79999999999563,-46.44999999999709,-47.94999999999709,False,False,0.0
BANKNIFTY:2024-08-06,2024-08-06,BANKNIFTY,compression_expansion_down,2024-08-06T12:18:00+05:30,2024-08-06T12:18:00+05:30,DOWN,{},"{'source_path': '/Users/madhuram/tradebot-structural-edge-discovery-v3/runtime/upstox_candidate_replay.zip!upstox_candidate_replay/20240806/underlying/BANKNIFTY_20240806.parquet', 'source_hash': '4357f109ed631802b3774c34db9c318f71742f8e99de307408af71bf00810707'}",{'completed_bar_only': True},"{'buy_ce_allowed': False, 'buy_pe_allowed': True, 'research_only': True}",9632ca95fecee20455775aa8b37892d3dd207f4850c1b3cdbcb558d9b7349db5,50166.1,2024-08-06 12:17:00+05:30,182,0.002489212082467607,292.8500000000058,0.0,1028.4500000000044,17.930000000001748,19.413333333333625,0.00024716314416703,19.289285714286443,-76.17076502733107,522.7000000000044,258.5,0.43283582089552236,0.16567164179113164,0.40149253731334594,4,1,-0.00027600665205917974,33.5,14.5,0.0,2024-08-06T12:18:00+05:30,50163.8,30,84.45000000000437,35.799999999995634,13.400000000001455,11.900000000001455,True,True,0.15867377146241282
BANKNIFTY:2024-08-06,2024-08-06,BANKNIFTY,compression_expansion_down,2024-08-06T13:13:00+05:30,2024-08-06T13:13:00+05:30,DOWN,{},"{'source_path': '/Users/madhuram/tradebot-structural-edge-discovery-v3/runtime/upstox_candidate_replay.zip!upstox_candidate_replay/20240806/underlying/BANKNIFTY_20240806.parquet', 'source_hash': '4357f109ed631802b3774c34db9c318f71742f8e99de307408af71bf00810707'}",{'completed_bar_only': True},"{'buy_ce_allowed': False, 'buy_pe_allowed': True, 'research_only': True}",b21244c0b526a4073045ca36b20155c30a6f6a69dac0dd998bc14d196fb26760,50094.15,2024-08-06 13:12:00+05:30,237,0.001477345373181978,292.8500000000058,0.0,1028.4500000000044,24.51999999999971,22.33333333333382,0.00027614685379341103,21.335714285715117,-126.05147058823059,594.6500000000015,186.5500000000029,0.8354725787630537,0.022170361727057126,0.1423570595098892,0,1,-0.0006812519076051515,42.849999999998545,35.799999999995634,0.0,2024-08-06T13:13:00+05:30,50091.55,30,216.25,42.549999999995634,187.0500000000029,185.5500000000029,True,True,0.8649710982659095
BANKNIFTY:2024-08-07,2024-08-07,BANKNIFTY,compression_expansion_down,2024-08-07T09:34:00+05:30,2024-08-07T09:34:00+05:30,DOWN,{},"{'source_path': '/Users/madhuram/tradebot-structural-edge-discovery-v3/runtime/upstox_candidate_replay.zip!upstox_candidate_replay/20240807/underlying/BANKNIFTY_20240807.parquet', 'source_hash': '4357f109ed631802b3774c34db9c318f71742f8e99de307408af71bf00810707'}",{'completed_bar_only': True},"{'buy_ce_allowed': False, 'buy_pe_allowed': True, 'research_only': True}",25b978603da71425a0ce296f348dcdfc5cfb0b3003224ec4fc8b8b286c9f6253,50066.8,2024-08-07 09:33:00+05:30,18,0.007674270949282992,195.54999999999563,0.0,1029.75,48.21999999999971,48.530000000000776,0.0006586105830586214,48.65714285714369,-101.53684210526262,225.64999999999418,23.200000000004366,0.7503296703296576,0.04571428571426013,0.20395604395608233,14,1,-0.001624184293569475,113.75,85.34999999999854,0.0,2024-08-07T09:34:00+05:30,50061.3,30,176.75,61.599999999998545,169.45000000000437,167.95000000000437,True,True,0.9586987270155835
BANKNIFTY:2024-08-07,2024-08-07,BANKNIFTY,compression_expansion_down,2024-08-07T11:04:00+05:30,2024-08-07T11:04:00+05:30,DOWN,{},"{'source_path': '/Users/madhuram/tradebot-structural-edge-discovery-v3/runtime/upstox_candidate_replay.zip!upstox_candidate_replay/20240807/underlying/BANKNIFTY_20240807.parquet', 'source_hash': '4357f109ed631802b3774c34db9c318f71742f8e99de307408af71bf00810707'}",{'completed_bar_only': True},"{'buy_ce_allowed': False, 'buy_pe_allowed': True, 'research_only': True}",130f0fdec4e70b0110aa9bfa55922b36d85e156d50e2f0e263ca106a97c270f8,49900.05,2024-08-07 11:03:00+05:30,108,0.005098432395288747,195.54999999999563,0.0,1029.75,48.26000000000058,34.796666666666475,0.0007649283979057363,35.878571428571114,-111.02477064220147,392.3999999999942,117.85000000000582,0.8815368196370802,0.10530060476700537,0.013162575595914496,0,1,-0.002538626603007743,140.5500000000029,123.89999999999418,0.0,2024-08-07T11:04:00+05:30,49900.9,30,67.40000000000146,40.44999999999709,10.599999999998545,9.099999999998545,True,True,0.15727002967356551
BANKNIFTY:2024-08-07,2024-08-07,BANKNIFTY,compression_expansion_down,2024-08-07T11:49:00+05:30,2024-08-07T11:49:00+05:30,DOWN,{},"{'source_path': '/Users/madhuram/tradebot-structural-edge-discovery-v3/runtime/upstox_candidate_replay.zip!upstox_candidate_replay/20240807/underlying/BANKNIFTY_20240807.parquet', 'source_hash': '4357f109ed631802b3774c34db9c318f71742f8e99de307408af71bf00810707'}",{'completed_bar_only': True},"{'buy_ce_allowed': False, 'buy_pe_allowed': True, 'research_only': True}",7dcc42d7bffa1b864db47cafd10ec161c243757ed5749c931cab7cabd5bd5fea,49896.35,2024-08-07 11:48:00+05:30,153,0.003007823958915262,195.54999999999563,0.0,1029.75,26.719999999996798,27.303333333332073,0.00040443226610541253,28.203571428569767,-84.0051948051987,396.09999999999854,114.15000000000146,0.5401376146789839,0.24197247706412814,0.217889908256888,8,1,-0.0005568447334607374,43.599999999998545,23.55000000000291,0.0,2024-08-07T11:49:00+05:30,49895.85,30,37.599999999998545,73.05000000000291,-45.05000000000291,-46.55000000000291,False,False,-1.1981382978724642
BANKNIFTY:2024-08-07,2024-08-07,BANKNIFTY,compression_expansion_down,2024-08-07T11:50:00+05:30,2024-08-07T11:50:00+05:30,DOWN,{},"{'source_path': '/Users/madhuram/tradebot-structural-edge-discovery-v3/runtime/upstox_candidate_replay.zip!upstox_candidate_replay/20240807/underlying/BANKNIFTY_20240807.parquet', 'source_hash': '4357f109ed631802b3774c34db9c318f71742f8e99de307408af71bf00810707'}",{'completed_bar_only': True},"{'buy_ce_allowed': False, 'buy_pe_allowed': True, 'research_only': True}",f437707412c18eb6bdfc7f0f8ebd485c6c4f758c92028b22a9c57c1358ad7be9,49891.4,2024-08-07 11:49:00+05:30,154,0.0025246030757361125,195.54999999999563,0.0,1029.75,32.089999999997964,29.20999999999864,0.00040505609208424316,28.753571428570076,-88.38129032257712,401.04999999999563,109.20000000000437,0.10277136258653095,0.13163972286383332,0.7655889145496357,0,1,-9.920565331922315e-05,43.30000000000291,4.44999999999709,0.0,2024-08-07T11:50:00+05:30,49898.0,30,21.5,72.84999999999854,-72.84999999999854,-74.34999999999854,False,False,-3.388372093023188
BANKNIFTY:2024-08-07,2024-08-07,BANKNIFTY,compression_expansion_down,2024-08-07T12:09:00+05:30,2024-08-07T12:09:00+05:30,DOWN,{},"{'source_path': '/Users/madhuram/tradebot-structural-edge-discovery-v3/runtime/upstox_candidate_replay.zip!upstox_candidate_replay/20240807/underlying/BANKNIFTY_20240807.parquet', 'source_hash': '4357f109ed631802b3774c34db9c318f71742f8e99de307408af71bf00810707'}",{'completed_bar_only': True},"{'buy_ce_allowed': False, 'buy_pe_allowed': True, 'research_only': True}",93d425ad23b6cd40e70f3a39861e13217bdf7ed2ba0528d42f85aa10e1e808e3,49924.5,2024-08-07 12:08:00+05:30,173,0.0035663911336502566,195.54999999999563,0.0,1029.75,24.960000000002037,22.56333333333508,0.00024365509513818906,22.992857142859325,-49.021264367809636,367.9499999999971,142.3000000000029,0.5918367346937374,0.09821428571442327,0.3099489795918393,0,1,-0.0004274629423665077,39.200000000004366,23.19999999999709,0.0,2024-08-07T12:09:00+05:30,49924.8,30,48.30000000000291,173.84999999999854,-82.84999999999854,-84.34999999999854,False,False,-1.7153209109729515
BANKNIFTY:2024-08-07,2024-08-07,BANKNIFTY,compression_expansion_down,2024-08-07T12:54:00+05:30,2024-08-07T12:54:00+05:30,DOWN,{},"{'source_path': '/Users/madhuram/tradebot-structural-edge-discovery-v3/runtime/upstox_candidate_replay.zip!upstox_candidate_replay/20240807/underlying/BANKNIFTY_20240807.parquet', 'source_hash': '4357f109ed631802b3774c34db9c318f71742f8e99de307408af71bf00810707'}",{'completed_bar_only': True},"{'buy_ce_allowed': False, 'buy_pe_allowed': True, 'research_only': True}",1e00167134542f71924f45be0b3ad1a5ad951e0b2a2abbf4f6cc968cca414043,49944.9,2024-08-07 12:53:00+05:30,218,0.003954173380858484,195.54999999999563,0.0,1029.75,23.329999999998837,22.94333333333246,0.00023975522814573117,22.524999999998858,-30.59657534246071,347.54999999999563,162.70000000000437,0.6234132581098962,0.05782792665733873,0.318758815232765,0,1,-0.0004192863725924756,35.450000000004366,22.099999999998545,0.0,2024-08-07T12:54:00+05:30,49947.0,30,79.94999999999709,16.900000000001455,57.94999999999709,56.44999999999709,True,True,0.7248280175109343
BANKNIFTY:2024-08-07,2024-08-07,BANKNIFTY,compression_expansion_down,2024-08-07T13:19:00+05:30,2024-08-07T13:19:00+05:30,DOWN,{},"{'source_path': '/Users/madhuram/tradebot-structural-edge-discovery-v3/runtime/upstox_candidate_replay.zip!upstox_candidate_replay/20240807/underlying/BANKNIFTY_20240807.parquet', 'source_hash': '4357f109ed631802b3774c34db9c318f71742f8e99de307408af71bf00810707'}",{'completed_bar_only': True},"{'buy_ce_allowed': False, 'buy_pe_allowed': True, 'research_only': True}",f563879d879690c6a4208bc146bd736be8498475080cedcae6a8baf227f025db,49907.55,2024-08-07 13:18:00+05:30,243,0.003001796255590724,195.54999999999563,0.0,1029.75,21.11999999999971,23.820000000000196,0.0003085757028970425,24.428571428571427,-63.20430327868962,384.8999999999942,125.35000000000582,0.3602391629296467,0.2735426008969283,0.36621823617342497,5,1,-0.0001873113113994851,33.44999999999709,12.049999999995634,0.0,2024-08-07T13:19:00+05:30,49907.85,30,52.25,55.05000000000291,-11.80000000000291,-13.30000000000291,False,False,-0.22583732057421838
BANKNIFTY:2024-08-07,2024-08-07,BANKNIFTY,compression_expansion_down,2024-08-07T14:47:00+05:30,2024-08-07T14:47:00+05:30,DOWN,{},"{'source_path': '/Users/madhuram/tradebot-structural-edge-discovery-v3/runtime/upstox_candidate_replay.zip!upstox_candidate_replay/20240807/underlying/BANKNIFTY_20240807.parquet', 'source_hash': '4357f109ed631802b3774c34db9c318f71742f8e99de307408af71bf00810707'}",{'completed_bar_only': True},"{'buy_ce_allowed': False, 'buy_pe_allowed': True, 'research_only': True}",438a4cf5844d77be8ba78263aa5f76b987b07b9486be6318b5ac9faacf22924e,49992.2,2024-08-07 14:46:00+05:30,331,0.005375706748214854,195.54999999999563,0.0,1029.75,31.490000000000872,32.846666666666955,0.0003478644792937239,32.28214285714317,21.95978915662272,300.25,210.0,0.8357798165138148,0.0,0.16422018348618514,17,1,-0.0008054764403138126,54.5,45.55000000000291,0.0,2024-08-07T14:47:00+05:30,49993.1,30,47.5,177.59999999999854,-138.75,-140.25,False,False,-2.9210526315789473
BANKNIFTY:2024-08-08,2024-08-08,BANKNIFTY,compression_expansion_down,2024-08-08T09:58:00+05:30,2024-08-08T09:58:00+05:30,DOWN,{},"{'source_path': '/Users/madhuram/tradebot-structural-edge-discovery-v3/runtime/upstox_candidate_replay.zip!upstox_candidate_replay/20240808/underlying/BANKNIFTY_20240808.parquet', 'source_hash': '4357f109ed631802b3774c34db9c318f71742f8e99de307408af71bf00810707'}",{'completed_bar_only': True},"{'buy_ce_allowed': False, 'buy_pe_allowed': True, 'research_only': True}",39d057b9b529b5fac04ef7e925a877bc06ca380ac45ca884b12294d479cf2a99,50090.2,2024-08-08 09:57:00+05:30,42,-0.0020606672380787416,228.95000000000437,0.0,510.25,26.58000000000029,28.653333333333528,0.0003450888208605504,28.650000000000414,-20.489534883723536,95.35000000000582,133.59999999999854,0.6009174311926605,0.05321100917433863,0.3458715596330008,5,1,-0.0006523964096252222,54.5,32.75,0.0,2024-08-08T09:58:00+05:30,50088.65,30,259.0500000000029,16.650000000001455,2.849999999998545,1.3499999999985448,True,True,0.011001737116381057
BANKNIFTY:2024-08-08,2024-08-08,BANKNIFTY,compression_expansion_down,2024-08-08T10:00:00+05:30,2024-08-08T10:00:00+05:30,DOWN,{},"{'source_path': '/Users/madhuram/tradebot-structural-edge-discovery-v3/runtime/upstox_candidate_replay.zip!upstox_candidate_replay/20240808/underlying/BANKNIFTY_20240808.parquet', 'source_hash': '4357f109ed631802b3774c34db9c318f71742f8e99de307408af71bf00810707'}",{'completed_bar_only': True},"{'buy_ce_allowed': False, 'buy_pe_allowed': True, 'research_only': True}",fab3cd6a9925b2c6f3f13261d4274d81604a5445ba68a3a94a1967246e0bb33c,50016.95,2024-08-08 09:59:00+05:30,44,-0.0028411325108582647,228.95000000000437,0.0,510.25,37.68000000000029,30.61666666666715,0.00048221607564118184,30.44642857142909,-91.06333333333896,168.60000000000582,60.349999999998545,0.9563350035791597,0.0,0.043664996420840346,0,1,-0.0013387508984905594,69.84999999999854,66.80000000000291,0.0,2024-08-08T10:00:00+05:30,50015.35,30,185.75,116.84999999999854,-75.34999999999854,-76.84999999999854,True,True,-0.40565275908478354
BANKNIFTY:2024-08-08,2024-08-08,BANKNIFTY,compression_expansion_down,2024-08-08T11:37:00+05:30,2024-08-08T11:37:00+05:30,DOWN,{},"{'source_path': '/Users/madhuram/tradebot-structural-edge-discovery-v3/runtime/upstox_candidate_replay.zip!upstox_candidate_replay/20240808/underlying/BANKNIFTY_20240808.parquet', 'source_hash': '4357f109ed631802b3774c34db9c318f71742f8e99de307408af71bf00810707'}",{'completed_bar_only': True},"{'buy_ce_allowed': False, 'buy_pe_allowed': True, 'research_only': True}",017fe666b50240e7c28ada630165b1a006fb72c85ea5f462ef58ae611ea690cc,50193.85,2024-08-08 11:36:00+05:30,141,-2.3891794064623116e-05,228.95000000000437,0.0,510.25,31.890000000000875,32.03333333333382,0.0004192232315118257,32.389285714286025,110.06936619718181,100.45000000000437,364.25,0.6774541531823612,0.03020496224382954,0.2923408845738093,11,6,-0.0006261784399497206,46.349999999998545,31.400000000001455,0.0,2024-08-08T11:37:00+05:30,50197.05,30,13.35000000000582,113.34999999999854,-78.5,-80.0,False,False,-5.880149812731519
BANKNIFTY:2024-08-08,2024-08-08,BANKNIFTY,compression_expansion_down,2024-08-08T11:44:00+05:30,2024-08-08T11:44:00+05:30,DOWN,{},"{'source_path': '/Users/madhuram/tradebot-structural-edge-discovery-v3/runtime/upstox_candidate_replay.zip!upstox_candidate_replay/20240808/underlying/BANKNIFTY_20240808.parquet', 'source_hash': '4357f109ed631802b3774c34db9c318f71742f8e99de307408af71bf00810707'}",{'completed_bar_only': True},"{'buy_ce_allowed': False, 'buy_pe_allowed': True, 'research_only': True}",3f60984f39675074a74f192a1de02f2e32288093ac71279ceab939284c75f49b,50200.15,2024-08-08 11:43:00+05:30,148,0.0002588277690340448,228.95000000000437,0.0,510.25,36.26999999999971,32.28999999999942,0.00045831569800160616,32.59999999999958,110.22583892617695,94.15000000000146,370.5500000000029,0.5892053973012453,0.1641679160420337,0.24662668665672097,0,6,-0.0007882204827850403,66.70000000000437,39.299999999995634,0.0,2024-08-08T11:44:00+05:30,50199.6,30,14.44999999999709,207.5500000000029,-205.84999999999854,-207.34999999999854,False,False,-14.245674740487198
BANKNIFTY:2024-08-08,2024-08-08,BANKNIFTY,compression_expansion_down,2024-08-08T12:41:00+05:30,2024-08-08T12:41:00+05:30,DOWN,{},"{'source_path': '/Users/madhuram/tradebot-structural-edge-discovery-v3/runtime/upstox_candidate_replay.zip!upstox_candidate_replay/20240808/underlying/BANKNIFTY_20240808.parquet', 'source_hash': '4357f109ed631802b3774c34db9c318f71742f8e99de307408af71bf00810707'}",{'completed_bar_only': True},"{'buy_ce_allowed': False, 'buy_pe_allowed': True, 'research_only': True}",e2030dd2d581da8d5ab12c3c726830e7bda08ec163073a5920db41675b886102,50361.95,2024-08-08 12:40:00+05:30,205,0.003604674429508813,228.95000000000437,0.0,510.25,29.360000000000582,28.896666666665986,0.0003594202413216022,28.514285714284988,207.8415048543684,78.80000000000291,532.3499999999985,0.8104982206405582,0.1895017793594418,0.0,0,9,-0.0009214734052261919,56.200000000004366,45.55000000000291,0.0,2024-08-08T12:41:00+05:30,50362.35,30,252.54999999999563,36.75,204.1999999999971,202.6999999999971,True,True,0.8085527618293432
BANKNIFTY:2024-08-08,2024-08-08,BANKNIFTY,compression_expansion_down,2024-08-08T13:23:00+05:30,2024-08-08T13:23:00+05:30,DOWN,{},"{'source_path': '/Users/madhuram/tradebot-structural-edge-discovery-v3/runtime/upstox_candidate_replay.zip!upstox_candidate_replay/20240808/underlying/BANKNIFTY_20240808.parquet', 'source_hash': '4357f109ed631802b3774c34db9c318f71742f8e99de307408af71bf00810707'}",{'completed_bar_only': True},"{'buy_ce_allowed': False, 'buy_pe_allowed': True, 'research_only': True}",69acd824d9cad76ae72663d96d1ccd63467b633b6aa9a08691b8ba65e3d6b008,50192.2,2024-08-08 13:22:00+05:30,247,-0.00016425608419468228,228.95000000000437,0.0,510.25,33.95999999999767,38.08333333333188,0.0004936674947607274,37.449999999998646,22.503427419353102,248.5500000000029,362.59999999999854,0.4180064308681868,0.034565916398738836,0.5474276527330744,9,9,-0.0005386380720541206,62.19999999999709,26.0,0.0,2024-08-08T13:23:00+05:30,50192.4,30,123.55000000000291,88.75,-39.900000000001455,-41.400000000001455,True,True,-0.3229461756373979
BANKNIFTY:2024-08-08,2024-08-08,BANKNIFTY,compression_expansion_down,2024-08-08T13:48:00+05:30,2024-08-08T13:48:00+05:30,DOWN,{},"{'source_path': '/Users/madhuram/tradebot-structural-edge-discovery-v3/runtime/upstox_candidate_replay.zip!upstox_candidate_replay/20240808/underlying/BANKNIFTY_20240808.parquet', 'source_hash': '4357f109ed631802b3774c34db9c318f71742f8e99de307408af71bf00810707'}",{'completed_bar_only': True},"{'buy_ce_allowed': False, 'buy_pe_allowed': True, 'research_only': True}",af86d4b2c77747c0c522c1893a983b99aa3abb8cdda226512a45000575fcef84,50242.95,2024-08-08 13:47:00+05:30,272,0.0008949467860062649,228.95000000000437,0.0,510.25,36.95000000000145,35.02000000000068,0.0004288607453971531,34.20357142857237,70.43315018314752,197.8000000000029,413.34999999999854,0.5759109311741605,0.17611336032382255,0.247975708502017,0,9,-0.0005112530374299373,49.400000000001455,28.450000000004366,0.0,2024-08-08T13:48:00+05:30,50240.6,30,118.0,45.55000000000291,-10.0,-11.5,True,True,-0.0847457627118644
BANKNIFTY:2024-08-08,2024-08-08,BANKNIFTY,compression_expansion_down,2024-08-08T14:54:00+05:30,2024-08-08T14:54:00+05:30,DOWN,{},"{'source_path': '/Users/madhuram/tradebot-structural-edge-discovery-v3/runtime/upstox_candidate_replay.zip!upstox_candidate_replay/20240808/underlying/BANKNIFTY_20240808.parquet', 'source_hash': '4357f109ed631802b3774c34db9c318f71742f8e99de307408af71bf00810707'}",{'completed_bar_only': True},"{'buy_ce_allowed': False, 'buy_pe_allowed': True, 'research_only': True}",a67d9fb4fb21de02cbbfe504bea80491337a1a268f86be9e1e633f00e164741c,50202.8,2024-08-08 14:53:00+05:30,338,0.00047883137271304086,228.95000000000437,0.0,510.25,31.159999999999126,27.196666666666957,0.0003882479747497405,27.046428571428674,20.49115044248174,237.9499999999971,373.20000000000437,0.8217054263566008,0.012058570198055852,0.16623600344534334,0,9,-0.0009641551205192833,58.049999999995634,47.69999999999709,0.0,2024-08-08T14:54:00+05:30,50209.45,30,106.39999999999418,17.450000000004366,84.84999999999854,83.34999999999854,True,True,0.7974624060150676
BANKNIFTY:2024-08-09,2024-08-09,BANKNIFTY,compression_expansion_down,2024-08-09T10:07:00+05:30,2024-08-09T10:07:00+05:30,DOWN,{},"{'source_path': '/Users/madhuram/tradebot-structural-edge-discovery-v3/runtime/upstox_candidate_replay.zip!upstox_candidate_replay/20240809/underlying/BANKNIFTY_20240809.parquet', 'source_hash': '4357f109ed631802b3774c34db9c318f71742f8e99de307408af71bf00810707'}",{'completed_bar_only': True},"{'buy_ce_allowed': False, 'buy_pe_allowed': True, 'research_only': True}",f4ad89704f57471dc58a9d7ebc17e6348b7e40bf05fac7bcb0d1c16a999a0b2c,50544.95,2024-08-09 10:06:00+05:30,51,0.009498208421764845,240.0500000000029,0.0,611.1500000000015,34.04000000000087,34.140000000000875,0.00041549915903888964,33.14285714285818,-36.967307692313625,162.8000000000029,158.5,0.6758563074353442,0.09607351712615105,0.22807017543850477,10,5,-0.0008342039430963011,59.849999999998545,40.450000000004366,0.0,2024-08-09T10:07:00+05:30,50546.6,30,99.04999999999563,54.599999999998545,85.75,84.25,True,True,0.8657243816254798
BANKNIFTY:2024-08-09,2024-08-09,BANKNIFTY,compression_expansion_down,2024-08-09T10:23:00+05:30,2024-08-09T10:23:00+05:30,DOWN,{},"{'source_path': '/Users/madhuram/tradebot-structural-edge-discovery-v3/runtime/upstox_candidate_replay.zip!upstox_candidate_replay/20240809/underlying/BANKNIFTY_20240809.parquet', 'source_hash': '4357f109ed631802b3774c34db9c318f71742f8e99de307408af71bf00810707'}",{'completed_bar_only': True},"{'buy_ce_allowed': False, 'buy_pe_allowed': True, 'research_only': True}",538fb97eb2153bbd2af392794bef631b6cc60d896d23456638bf32a469165269,50553.65,2024-08-09 10:22:00+05:30,67,0.00954211231614,240.0500000000029,0.0,611.1500000000015,26.81999999999971,22.373333333333722,0.00030471697550013115,23.025000000000414,-23.32941176470922,154.09999999999854,167.20000000000437,0.9017264276229041,0.002656042496641707,0.09561752988045422,0,5,-0.0006987685069876903,37.64999999999418,33.94999999999709,0.0,2024-08-09T10:23:00+05:30,50554.1,30,133.15000000000146,12.400000000001455,80.19999999999709,78.69999999999709,True,True,0.6023282012767271
BANKNIFTY:2024-08-09,2024-08-09,BANKNIFTY,compression_expansion_down,2024-08-09T10:51:00+05:30,2024-08-09T10:51:00+05:30,DOWN,{},"{'source_path': '/Users/madhuram/tradebot-structural-edge-discovery-v3/runtime/upstox_candidate_replay.zip!upstox_candidate_replay/20240809/underlying/BANKNIFTY_20240809.parquet', 'source_hash': '4357f109ed631802b3774c34db9c318f71742f8e99de307408af71bf00810707'}",{'completed_bar_only': True},"{'buy_ce_allowed': False, 'buy_pe_allowed': True, 'research_only': True}",436ad34b639c99bf1dbadeaf525f5e5536416767c694e6a44a4feb9940456554,50480.85,2024-08-09 10:50:00+05:30,95,0.007511557201286413,240.0500000000029,0.0,611.1500000000015,28.159999999999126,29.2066666666656,0.00037759595202497154,28.435714285713143,-69.23750000000291,226.90000000000146,94.40000000000146,0.11764705882352941,0.8788235294117305,0.003529411764740122,7,5,-9.705709036711418e-05,42.5,5.0,0.0,2024-08-09T10:51:00+05:30,50481.55,30,34.5,55.799999999995634,-47.049999999995634,-48.549999999995634,False,False,-1.3637681159419024
BANKNIFTY:2024-08-09,2024-08-09,BANKNIFTY,compression_expansion_down,2024-08-09T11:14:00+05:30,2024-08-09T11:14:00+05:30,DOWN,{},"{'source_path': '/Users/madhuram/tradebot-structural-edge-discovery-v3/runtime/upstox_candidate_replay.zip!upstox_candidate_replay/20240809/underlying/BANKNIFTY_20240809.parquet', 'source_hash': '4357f109ed631802b3774c34db9c318f71742f8e99de307408af71bf00810707'}",{'completed_bar_only': True},"{'buy_ce_allowed': False, 'buy_pe_allowed': True, 'research_only': True}",e9fa068dea87cc7145e0a18d8410a713082d962e2c061b898508757c611cf2a2,50481.5,2024-08-09 11:13:00+05:30,118,0.007883742487694495,240.0500000000029,0.0,611.1500000000015,16.43000000000029,16.493333333332462,0.00020118685453012638,16.43571428571366,-57.518907563026005,226.25,95.05000000000291,0.8455882352942081,0.0,0.15441176470579188,18,5,-0.00046134228825778223,27.19999999999709,23.0,0.0,2024-08-09T11:14:00+05:30,50486.3,30,9.950000000004366,66.75,-48.099999999998545,-49.599999999998545,False,False,-4.8341708542690895
BANKNIFTY:2024-08-09,2024-08-09,BANKNIFTY,compression_expansion_down,2024-08-09T12:19:00+05:30,2024-08-09T12:19:00+05:30,DOWN,{},"{'source_path': '/Users/madhuram/tradebot-structural-edge-discovery-v3/runtime/upstox_candidate_replay.zip!upstox_candidate_replay/20240809/underlying/BANKNIFTY_20240809.parquet', 'source_hash': '4357f109ed631802b3774c34db9c318f71742f8e99de307408af71bf00810707'}",{'completed_bar_only': True},"{'buy_ce_allowed': False, 'buy_pe_allowed': True, 'research_only': True}",c6c9944a42cc4bb94ff10a59c2fed04505ccd27f80fb95cec5ccf3ff23849636,50543.65,2024-08-09 12:18:00+05:30,183,0.00901626339941873,240.0500000000029,0.0,611.1500000000015,17.340000000000874,16.04333333333246,0.00019642716129243966,16.139285714284988,3.464402173915005,164.09999999999854,157.20000000000437,0.5732899022801372,0.024429967426712412,0.40228013029315035,0,5,-0.0003619322435149952,30.69999999999709,17.599999999998545,0.0,2024-08-09T12:19:00+05:30,50542.6,30,41.849999999998545,22.099999999998545,34.44999999999709,32.94999999999709,True,True,0.8231780167263629
BANKNIFTY:2024-08-09,2024-08-09,BANKNIFTY,compression_expansion_down,2024-08-09T13:08:00+05:30,2024-08-09T13:08:00+05:30,DOWN,{},"{'source_path': '/Users/madhuram/tradebot-structural-edge-discovery-v3/runtime/upstox_candidate_replay.zip!upstox_candidate_replay/20240809/underlying/BANKNIFTY_20240809.parquet', 'source_hash': '4357f109ed631802b3774c34db9c318f71742f8e99de307408af71bf00810707'}",{'completed_bar_only': True},"{'buy_ce_allowed': False, 'buy_pe_allowed': True, 'research_only': True}",cbc038cd8af2ed2e8ee7ebdec06783254b4f8a496a470ce7be8c44ad03cbe5ed,50477.0,2024-08-09 13:07:00+05:30,232,0.007639277621287062,240.0500000000029,0.0,611.1500000000015,16.13999999999796,15.636666666666375,0.00018259258690354606,15.13571428571387,-59.08476394850004,230.75,90.55000000000291,0.6732891832229148,0.13686534216328236,0.18984547461380283,0,5,-0.0002960868019554752,22.650000000001455,15.25,0.0,2024-08-09T13:08:00+05:30,50478.15,30,24.05000000000291,110.09999999999854,-69.09999999999854,-70.59999999999854,False,False,-2.873180873180465
BANKNIFTY:2024-08-09,2024-08-09,BANKNIFTY,compression_expansion_down,2024-08-09T14:44:00+05:30,2024-08-09T14:44:00+05:30,DOWN,{},"{'source_path': '/Users/madhuram/tradebot-structural-edge-discovery-v3/runtime/upstox_candidate_replay.zip!upstox_candidate_replay/20240809/underlying/BANKNIFTY_20240809.parquet', 'source_hash': '4357f109ed631802b3774c34db9c318f71742f8e99de307408af71bf00810707'}",{'completed_bar_only': True},"{'buy_ce_allowed': False, 'buy_pe_allowed': True, 'research_only': True}",c00e88a4b4acdbe75b8f10172edbd48f41bf65e581aee2826462e66756b944c7,50499.15,2024-08-09 14:43:00+05:30,328,0.00823597145847748,240.0500000000029,0.0,611.1500000000015,18.110000000000582,19.069999999999222,0.000259161266317906,19.05357142857039,-40.526899696043984,208.59999999999854,112.70000000000437,0.7615894039735833,0.13907284768203623,0.09933774834438043,5,5,-0.00041468643173703246,30.19999999999709,23.0,0.0,2024-08-09T14:44:00+05:30,50498.3,30,34.25,53.049999999995634,27.80000000000291,26.30000000000291,False,False,0.8116788321168733
BANKNIFTY:2024-08-09,2024-08-09,BANKNIFTY,compression_expansion_down,2024-08-09T14:54:00+05:30,2024-08-09T14:54:00+05:30,DOWN,{},"{'source_path': '/Users/madhuram/tradebot-structural-edge-discovery-v3/runtime/upstox_candidate_replay.zip!upstox_candidate_replay/20240809/underlying/BANKNIFTY_20240809.parquet', 'source_hash': '4357f109ed631802b3774c34db9c318f71742f8e99de307408af71bf00810707'}",{'completed_bar_only': True},"{'buy_ce_allowed': False, 'buy_pe_allowed': True, 'research_only': True}",32a0fca15315bf0de20258baddeb1cdd28d8aaac170fc00d80a8a6837ee35f67,50512.7,2024-08-09 14:53:00+05:30,338,0.008413582667540869,240.0500000000029,0.0,611.1500000000015,17.08000000000029,18.3,0.0002546326396472916,18.79999999999979,-26.506194690264238,195.0500000000029,126.25,0.7003816793894184,0.0,0.2996183206105816,4,5,-0.0003037916563177756,26.200000000004366,18.35000000000582,0.0,2024-08-09T14:54:00+05:30,50512.7,30,69.54999999999563,37.10000000000582,28.64999999999418,27.14999999999418,True,True,0.41193386053193354
BANKNIFTY:2024-08-12,2024-08-12,BANKNIFTY,compression_expansion_down,2024-08-12T09:38:00+05:30,2024-08-12T09:38:00+05:30,DOWN,{},"{'source_path': '/Users/madhuram/tradebot-structural-edge-discovery-v3/runtime/upstox_candidate_replay.zip!upstox_candidate_replay/20240812/underlying/BANKNIFTY_20240812.parquet', 'source_hash': '4357f109ed631802b3774c34db9c318f71742f8e99de307408af71bf00810707'}",{'completed_bar_only': True},"{'buy_ce_allowed': False, 'buy_pe_allowed': True, 'research_only': True}",e96c9e991a5aa89292bacd2d5078d2b285db0abb635c8d802a5964f68d77b15d,50300.25,2024-08-12 09:37:00+05:30,22,-0.0026276796786168766,258.95000000000437,0.0,321.3000000000029,33.81999999999971,37.67666666666628,0.0005008970738055161,38.507142857142235,-0.16739130434871186,159.90000000000146,99.05000000000291,0.8445595854922319,0.0,0.1554404145077681,18,0,-0.0008670365227961829,57.900000000001455,48.900000000001455,0.0,2024-08-12T09:38:00+05:30,50300.75,30,151.5,10.5,90.34999999999854,88.84999999999854,True,True,0.5963696369636867
BANKNIFTY:2024-08-12,2024-08-12,BANKNIFTY,compression_expansion_down,2024-08-12T09:51:00+05:30,2024-08-12T09:51:00+05:30,DOWN,{},"{'source_path': '/Users/madhuram/tradebot-structural-edge-discovery-v3/runtime/upstox_candidate_replay.zip!upstox_candidate_replay/20240812/underlying/BANKNIFTY_20240812.parquet', 'source_hash': '4357f109ed631802b3774c34db9c318f71742f8e99de307408af71bf00810707'}",{'completed_bar_only': True},"{'buy_ce_allowed': False, 'buy_pe_allowed': True, 'research_only': True}",eeb0d9b8e02fe872f27b04f7a4b45c46ddc3510675752acd62129e1aebf600c3,50211.7,2024-08-12 09:50:00+05:30,35,-0.004714570399629173,258.95000000000437,0.0,321.3000000000029,27.15,31.97333333333275,0.00040143202278647194,31.721428571427946,-76.25555555555911,248.45000000000437,10.5,0.6925566343043544,0.20927723840339577,0.09816612729224979,9,0,-0.0006677248098079236,46.349999999998545,32.10000000000582,0.0,2024-08-12T09:51:00+05:30,50205.3,30,56.05000000000291,279.84999999999854,-223.1999999999971,-224.6999999999971,False,False,-3.9821587867972434
BANKNIFTY:2024-08-12,2024-08-12,BANKNIFTY,compression_expansion_down,2024-08-12T09:54:00+05:30,2024-08-12T09:54:00+05:30,DOWN,{},"{'source_path': '/Users/madhuram/tradebot-structural-edge-discovery-v3/runtime/upstox_candidate_replay.zip!upstox_candidate_replay/20240812/underlying/BANKNIFTY_20240812.parquet', 'source_hash': '4357f109ed631802b3774c34db9c318f71742f8e99de307408af71bf00810707'}",{'completed_bar_only': True},"{'buy_ce_allowed': False, 'buy_pe_allowed': True, 'research_only': True}",c7e1a5d5d72d8a2f2f459604506d90d911639fcccd2c7a88d0f828f34e24fd79,50201.8,2024-08-12 09:53:00+05:30,38,-0.004981003054566286,258.95000000000437,0.0,321.3000000000029,32.689999999999415,30.1066666666656,0.0003719341219925117,30.557142857142026,-80.91025641025044,258.34999999999854,13.85000000000582,0.6288546255505445,0.0660792951541829,0.30506607929527263,0,0,-0.0005763401900229503,45.400000000001455,28.549999999995634,0.0,2024-08-12T09:54:00+05:30,50204.2,30,54.94999999999709,293.65000000000146,-247.0500000000029,-248.5500000000029,False,False,-4.495905368517125
BANKNIFTY:2024-08-12,2024-08-12,BANKNIFTY,compression_expansion_down,2024-08-12T11:27:00+05:30,2024-08-12T11:27:00+05:30,DOWN,{},"{'source_path': '/Users/madhuram/tradebot-structural-edge-discovery-v3/runtime/upstox_candidate_replay.zip!upstox_candidate_replay/20240812/underlying/BANKNIFTY_20240812.parquet', 'source_hash': '4357f109ed631802b3774c34db9c318f71742f8e99de307408af71bf00810707'}",{'completed_bar_only': True},"{'buy_ce_allowed': False, 'buy_pe_allowed': True, 'research_only': True}",7c17f06bda278e997bdb0495dd3583f9c6acd9e33391840382d6855dc7e0700d,50638.35,2024-08-12 11:26:00+05:30,131,0.004887900193733186,258.95000000000437,0.0,321.3000000000029,36.03000000000029,33.86333333333362,0.0006702008939593305,34.039285714285924,197.87462121211865,154.5500000000029,489.09999999999854,0.9988925802879453,0.001107419712054724,0.0,0,5,-0.0017466060939993477,90.30000000000291,90.20000000000437,0.0,2024-08-12T11:27:00+05:30,50647.15,30,15.349999999998545,90.5,-88.34999999999854,-89.84999999999854,False,False,-5.75570032573335
BANKNIFTY:2024-08-12,2024-08-12,BANKNIFTY,compression_expansion_down,2024-08-12T11:54:00+05:30,2024-08-12T11:54:00+05:30,DOWN,{},"{'source_path': '/Users/madhuram/tradebot-structural-edge-discovery-v3/runtime/upstox_candidate_replay.zip!upstox_candidate_replay/20240812/underlying/BANKNIFTY_20240812.parquet', 'source_hash': '4357f109ed631802b3774c34db9c318f71742f8e99de307408af71bf00810707'}",{'completed_bar_only': True},"{'buy_ce_allowed': False, 'buy_pe_allowed': True, 'research_only': True}",a3d5676343eaa3fc139bfc9e703ce9ba986c2c52ab03c5b30ce7ada2f41c37e9,50678.5,2024-08-12 11:53:00+05:30,158,0.004580858844177505,258.95000000000437,0.0,321.3000000000029,25.719999999998254,22.99000000000039,0.00032083051662362005,23.47857142857174,199.0500000000029,114.40000000000146,529.25,0.9009126466754687,0.09908735332453139,0.0,0,5,-0.0006448279669973855,38.349999999998545,34.55000000000291,0.0,2024-08-12T11:54:00+05:30,50677.25,30,62.650000000001455,63.05000000000291,41.400000000001455,39.900000000001455,False,False,0.6608140462889145
BANKNIFTY:2024-08-12,2024-08-12,BANKNIFTY,compression_expansion_down,2024-08-12T12:09:00+05:30,2024-08-12T12:09:00+05:30,DOWN,{},"{'source_path': '/Users/madhuram/tradebot-structural-edge-discovery-v3/runtime/upstox_candidate_replay.zip!upstox_candidate_replay/20240812/underlying/BANKNIFTY_20240812.parquet', 'source_hash': '4357f109ed631802b3774c34db9c318f71742f8e99de307408af71bf00810707'}",{'completed_bar_only': True},"{'buy_ce_allowed': False, 'buy_pe_allowed': True, 'research_only': True}",6bf0aac2a64aab9df43305370099e65c0c8cdb1c99facb176675aa2e043a9519,50662.7,2024-08-12 12:08:00+05:30,173,0.004104449524382987,258.95000000000437,0.0,321.3000000000029,22.280000000000292,22.246666666666957,0.0002831776237559313,22.850000000000104,164.246839080457,130.20000000000437,513.4499999999971,0.7993920972644908,0.2006079027355092,0.0,0,5,-0.0004725110063499294,32.900000000001455,26.30000000000291,0.0,2024-08-12T12:09:00+05:30,50663.0,30,59.150000000001455,78.05000000000291,-65.05000000000291,-66.55000000000291,False,False,-1.0997464074387373
BANKNIFTY:2024-08-12,2024-08-12,BANKNIFTY,compression_expansion_down,2024-08-12T13:46:00+05:30,2024-08-12T13:46:00+05:30,DOWN,{},"{'source_path': '/Users/madhuram/tradebot-structural-edge-discovery-v3/runtime/upstox_candidate_replay.zip!upstox_candidate_replay/20240812/underlying/BANKNIFTY_20240812.parquet', 'source_hash': '4357f109ed631802b3774c34db9c318f71742f8e99de307408af71bf00810707'}",{'completed_bar_only': True},"{'buy_ce_allowed': False, 'buy_pe_allowed': True, 'research_only': True}",02f43886e47ada46b466a61e202da4e9204c173f36ffc7525c0749d6e910ee03,50761.6,2024-08-12 13:45:00+05:30,270,0.005737711412825893,258.95000000000437,0.0,321.3000000000029,19.979999999998835,19.159999999999126,0.00024252131767260452,18.9785714285707,185.60738007380132,43.25,612.3499999999985,0.33164983164981515,0.34175084175092424,0.3265993265992606,0,7,-0.000237327826539957,29.69999999999709,9.849999999998545,0.0,2024-08-12T13:46:00+05:30,50760.35,30,15.44999999999709,70.34999999999854,-28.30000000000291,-29.80000000000291,False,False,-1.8317152103565204
BANKNIFTY:2024-08-12,2024-08-12,BANKNIFTY,compression_expansion_down,2024-08-12T14:24:00+05:30,2024-08-12T14:24:00+05:30,DOWN,{},"{'source_path': '/Users/madhuram/tradebot-structural-edge-discovery-v3/runtime/upstox_candidate_replay.zip!upstox_candidate_replay/20240812/underlying/BANKNIFTY_20240812.parquet', 'source_hash': '4357f109ed631802b3774c34db9c318f71742f8e99de307408af71bf00810707'}",{'completed_bar_only': True},"{'buy_ce_allowed': False, 'buy_pe_allowed': True, 'research_only': True}",1c1d25e6ec2e14f7a362fe40ae800823497cf95b542824796a491c7321559f11,50714.25,2024-08-12 14:23:00+05:30,308,0.005213760206648675,258.95000000000437,0.0,321.3000000000029,29.249999999998543,27.183333333332364,0.0003007845320918713,26.642857142856105,113.40906148867361,116.44999999999709,565.0,0.7472660996354535,0.1591737545565657,0.09356014580798076,0,10,-0.0006355118086961431,41.150000000001455,30.75,0.0,2024-08-12T14:24:00+05:30,50717.85,30,118.19999999999709,43.75,84.54999999999563,83.04999999999563,True,True,0.7153130287647861
BANKNIFTY:2024-08-13,2024-08-13,BANKNIFTY,compression_expansion_down,2024-08-13T09:31:00+05:30,2024-08-13T09:31:00+05:30,DOWN,{},"{'source_path': '/Users/madhuram/tradebot-structural-edge-discovery-v3/runtime/upstox_candidate_replay.zip!upstox_candidate_replay/20240813/underlying/BANKNIFTY_20240813.parquet', 'source_hash': '4357f109ed631802b3774c34db9c318f71742f8e99de307408af71bf00810707'}",{'completed_bar_only': True},"{'buy_ce_allowed': False, 'buy_pe_allowed': True, 'research_only': True}",317e81bcf6a0ee4ecbc771494bb088ccdfb66a7087c1fa0677c6849a2c5b233a,50375.2,2024-08-13 09:30:00+05:30,15,-0.003178224761287146,172.25,0.0,681.4499999999971,42.050000000001454,42.3600000000001,0.0005156731762589821,42.35357142857174,-97.09062500000437,184.0500000000029,11.75,0.6887631366208862,0.12126111560225213,0.18997574777686166,11,2,-0.0008340399367280371,61.85000000000582,42.60000000000582,0.0,2024-08-13T09:31:00+05:30,50369.6,30,61.0,128.0500000000029,-7.200000000004366,-8.700000000004366,False,False,-0.11803278688531747
BANKNIFTY:2024-08-13,2024-08-13,BANKNIFTY,compression_expansion_down,2024-08-13T09:57:00+05:30,2024-08-13T09:57:00+05:30,DOWN,{},"{'source_path': '/Users/madhuram/tradebot-structural-edge-discovery-v3/runtime/upstox_candidate_replay.zip!upstox_candidate_replay/20240813/underlying/BANKNIFTY_20240813.parquet', 'source_hash': '4357f109ed631802b3774c34db9c318f71742f8e99de307408af71bf00810707'}",{'completed_bar_only': True},"{'buy_ce_allowed': False, 'buy_pe_allowed': True, 'research_only': True}",e45f3536e989029ab4122e48d2eed837ae59e1fe85cd5e05f2a95f36870b3e6b,50381.55,2024-08-13 09:56:00+05:30,41,-0.0032148015314793685,172.25,0.0,681.4499999999971,35.50000000000146,31.643333333333917,0.00042178860598359217,31.00000000000052,-54.92619047618791,177.6999999999971,72.95000000000437,0.508499630450753,0.12786400591280517,0.36363636363644186,0,2,-0.0007814212147925215,67.65000000000146,34.39999999999418,0.0,2024-08-13T09:57:00+05:30,50376.1,30,146.34999999999854,50.150000000001455,95.04999999999563,93.54999999999563,True,True,0.6494704475572024
BANKNIFTY:2024-08-13,2024-08-13,BANKNIFTY,compression_expansion_down,2024-08-13T10:08:00+05:30,2024-08-13T10:08:00+05:30,DOWN,{},"{'source_path': '/Users/madhuram/tradebot-structural-edge-discovery-v3/runtime/upstox_candidate_replay.zip!upstox_candidate_replay/20240813/underlying/BANKNIFTY_20240813.parquet', 'source_hash': '4357f109ed631802b3774c34db9c318f71742f8e99de307408af71bf00810707'}",{'completed_bar_only': True},"{'buy_ce_allowed': False, 'buy_pe_allowed': True, 'research_only': True}",18ba614fd583026825c5b6c5386baf83bf4919f38d6fe64a3f2e972fe8f8104d,50330.15,2024-08-13 10:07:00+05:30,52,-0.004091655454733367,172.25,0.0,681.4499999999971,37.67000000000117,33.046666666667925,0.0004504565786451949,34.50714285714379,-94.1518867924533,229.09999999999854,21.55000000000291,0.6481626270523687,0.15871774824084312,0.19311962470678823,0,2,-0.0009508109186441294,63.94999999999709,41.44999999999709,0.0,2024-08-13T10:08:00+05:30,50330.7,30,100.94999999999709,43.10000000000582,33.5,32.0,True,True,0.3318474492323028
BANKNIFTY:2024-08-13,2024-08-13,BANKNIFTY,compression_expansion_down,2024-08-13T11:07:00+05:30,2024-08-13T11:07:00+05:30,DOWN,{},"{'source_path': '/Users/madhuram/tradebot-structural-edge-discovery-v3/runtime/upstox_candidate_replay.zip!upstox_candidate_replay/20240813/underlying/BANKNIFTY_20240813.parquet', 'source_hash': '4357f109ed631802b3774c34db9c318f71742f8e99de307408af71bf00810707'}",{'completed_bar_only': True},"{'buy_ce_allowed': False, 'buy_pe_allowed': True, 'research_only': True}",45b8af752636a579e2c357c35e35c4031dc5a32910ad72648c5d250a77986bf9,50270.8,2024-08-13 11:06:00+05:30,111,-0.005530012228504066,172.25,0.0,681.4499999999971,20.69000000000233,21.896666666666956,0.0002992597644589641,21.735714285715012,-81.16830357143044,288.4499999999971,44.200000000004366,0.8779342723002129,0.025039123630760596,0.09702660406902652,10,2,-0.0005914448251559401,31.950000000004366,28.049999999995634,0.0,2024-08-13T11:07:00+05:30,50276.8,30,25.650000000001455,65.14999999999418,-45.849999999998545,-47.349999999998545,False,False,-1.7875243664715768
BANKNIFTY:2024-08-13,2024-08-13,BANKNIFTY,compression_expansion_down,2024-08-13T12:47:00+05:30,2024-08-13T12:47:00+05:30,DOWN,{},"{'source_path': '/Users/madhuram/tradebot-structural-edge-discovery-v3/runtime/upstox_candidate_replay.zip!upstox_candidate_replay/20240813/underlying/BANKNIFTY_20240813.parquet', 'source_hash': '4357f109ed631802b3774c34db9c318f71742f8e99de307408af71bf00810707'}",{'completed_bar_only': True},"{'buy_ce_allowed': False, 'buy_pe_allowed': True, 'research_only': True}",f2efcf67b897a6a75e8e6858285431a51439d76571d08493ce52cfce19eba634,50094.3,2024-08-13 12:46:00+05:30,211,-0.00899195409911915,172.25,0.0,681.4499999999971,32.08000000000029,32.35333333333353,0.0004337432402174203,33.42857142857143,-217.04811320755107,464.9499999999971,15.30000000000291,0.6141814389989338,0.06673618352444805,0.3190823774766181,6,2,-0.0006314094795210057,47.94999999999709,29.44999999999709,0.0,2024-08-13T12:47:00+05:30,50091.2,30,98.54999999999563,4.950000000004366,24.75,23.25,True,True,0.25114155251142667
BANKNIFTY:2024-08-13,2024-08-13,BANKNIFTY,compression_expansion_down,2024-08-13T12:48:00+05:30,2024-08-13T12:48:00+05:30,DOWN,{},"{'source_path': '/Users/madhuram/tradebot-structural-edge-discovery-v3/runtime/upstox_candidate_replay.zip!upstox_candidate_replay/20240813/underlying/BANKNIFTY_20240813.parquet', 'source_hash': '4357f109ed631802b3774c34db9c318f71742f8e99de307408af71bf00810707'}",{'completed_bar_only': True},"{'buy_ce_allowed': False, 'buy_pe_allowed': True, 'research_only': True}",281742ae711498d1fb7facd6192562201dc2f41d5eb15229bf4cac4ccedc5f8d,50027.3,2024-08-13 12:47:00+05:30,212,-0.009635507542228984,172.25,0.0,681.4499999999971,43.050000000001454,36.08000000000029,0.0005234124438777254,33.317857142857456,-282.71455399060505,531.9499999999971,4.350000000005821,0.8729508196719996,0.06762295081972773,0.0594262295082727,0,2,-0.001337477517402208,73.20000000000437,63.89999999999418,0.0,2024-08-13T12:48:00+05:30,50026.6,30,33.94999999999709,66.70000000000437,-49.80000000000291,-51.30000000000291,False,False,-1.4668630338735547
BANKNIFTY:2024-08-13,2024-08-13,BANKNIFTY,compression_expansion_down,2024-08-13T14:45:00+05:30,2024-08-13T14:45:00+05:30,DOWN,{},"{'source_path': '/Users/madhuram/tradebot-structural-edge-discovery-v3/runtime/upstox_candidate_replay.zip!upstox_candidate_replay/20240813/underlying/BANKNIFTY_20240813.parquet', 'source_hash': '4357f109ed631802b3774c34db9c318f71742f8e99de307408af71bf00810707'}",{'completed_bar_only': True},"{'buy_ce_allowed': False, 'buy_pe_allowed': True, 'research_only': True}",ad4821c219ec74139f48318ea26d793826d31f90a532ffd50496c7070b512619,49835.85,2024-08-13 14:44:00+05:30,329,-0.014108747680588032,172.25,0.0,681.4499999999971,27.8,28.719999999999708,0.0003001380113893915,28.378571428571117,-368.13681818181794,723.4000000000015,11.5,0.7167487684728963,0.0,0.28325123152710374,7,2,-0.0005645355366596938,40.599999999998545,29.099999999998545,0.0,2024-08-13T14:45:00+05:30,49837.9,30,43.200000000004366,67.69999999999709,32.450000000004366,30.950000000004366,False,False,0.7511574074074325
BANKNIFTY:2024-08-13,2024-08-13,BANKNIFTY,compression_expansion_down,2024-08-13T14:48:00+05:30,2024-08-13T14:48:00+05:30,DOWN,{},"{'source_path': '/Users/madhuram/tradebot-structural-edge-discovery-v3/runtime/upstox_candidate_replay.zip!upstox_candidate_replay/20240813/underlying/BANKNIFTY_20240813.parquet', 'source_hash': '4357f109ed631802b3774c34db9c318f71742f8e99de307408af71bf00810707'}",{'completed_bar_only': True},"{'buy_ce_allowed': False, 'buy_pe_allowed': True, 'research_only': True}",b278fdf640ac32669593ab3d0eeb3fd82c8f404bfb9bf066dba815d864695a55,49816.25,2024-08-13 14:47:00+05:30,332,-0.014605994042929265,172.25,0.0,681.4499999999971,28.909999999999126,26.623333333333235,0.0002830527076851502,26.34642857142847,-384.37717717717896,743.0,11.94999999999709,0.5872817955113159,0.11471321695757386,0.2980049875311103,0,2,-0.00041234589700789304,40.099999999998545,23.55000000000291,0.0,2024-08-13T14:48:00+05:30,49815.6,30,30.5,90.0,-7.0,-8.5,False,False,-0.22950819672131148
BANKNIFTY:2024-08-14,2024-08-14,BANKNIFTY,compression_expansion_down,2024-08-14T09:54:00+05:30,2024-08-14T09:54:00+05:30,DOWN,{},"{'source_path': '/Users/madhuram/tradebot-structural-edge-discovery-v3/runtime/upstox_candidate_replay.zip!upstox_candidate_replay/20240814/underlying/BANKNIFTY_20240814.parquet', 'source_hash': '4357f109ed631802b3774c34db9c318f71742f8e99de307408af71bf00810707'}",{'completed_bar_only': True},"{'buy_ce_allowed': False, 'buy_pe_allowed': True, 'research_only': True}",d90f87d4973ca205184e6981b5ec5dfe7fa0e65ad80a00372617bf1f9f9592fa,49773.15,2024-08-14 09:53:00+05:30,38,-0.000595743144440575,275.75,0.0,774.1500000000015,38.220000000001164,35.49333333333343,0.0005831479691458994,35.65357142857153,-5.657692307693651,186.09999999999854,118.5,0.8692307692307444,0.13076923076925565,0.0,0,0,-0.0010155799192151926,58.5,50.849999999998545,0.0,2024-08-14T09:54:00+05:30,49769.2,30,65.94999999999709,88.40000000000146,35.099999999998545,33.599999999998545,False,False,0.5322213798332084
BANKNIFTY:2024-08-14,2024-08-14,BANKNIFTY,compression_expansion_down,2024-08-14T11:47:00+05:30,2024-08-14T11:47:00+05:30,DOWN,{},"{'source_path': '/Users/madhuram/tradebot-structural-edge-discovery-v3/runtime/upstox_candidate_replay.zip!upstox_candidate_replay/20240814/underlying/BANKNIFTY_20240814.parquet', 'source_hash': '4357f109ed631802b3774c34db9c318f71742f8e99de307408af71bf00810707'}",{'completed_bar_only': True},"{'buy_ce_allowed': False, 'buy_pe_allowed': True, 'research_only': True}",a02208ccfeda5df26ac2138913cb83f025513576d079220cd9fc228ed8fc9f05,49711.5,2024-08-14 11:46:00+05:30,151,-0.0028232608612801056,275.75,0.0,774.1500000000015,16.240000000003782,16.60666666666851,0.00021590707917034592,16.28214285714525,-42.17927631578641,247.75,56.849999999998545,0.06209850107052369,0.5074946466810649,0.43040685224841135,6,0,-5.833319923409519e-05,23.35000000000582,1.4499999999970896,0.0,2024-08-14T11:47:00+05:30,49710.45,30,16.39999999999418,68.85000000000582,-32.60000000000582,-34.10000000000582,False,False,-1.987804878049841
BANKNIFTY:2024-08-14,2024-08-14,BANKNIFTY,compression_expansion_down,2024-08-14T12:23:00+05:30,2024-08-14T12:23:00+05:30,DOWN,{},"{'source_path': '/Users/madhuram/tradebot-structural-edge-discovery-v3/runtime/upstox_candidate_replay.zip!upstox_candidate_replay/20240814/underlying/BANKNIFTY_20240814.parquet', 'source_hash': '4357f109ed631802b3774c34db9c318f71742f8e99de307408af71bf00810707'}",{'completed_bar_only': True},"{'buy_ce_allowed': False, 'buy_pe_allowed': True, 'research_only': True}",66e29ebea102f75f3b26bf6ae61d16ac21a580da1938b05fd94a80f6f7fe1e53,49708.4,2024-08-14 12:22:00+05:30,187,-0.0025053305973276644,275.75,0.0,774.1500000000015,14.550000000001456,15.496666666666957,0.00018949913615769957,15.796428571428676,-41.90106382978411,250.84999999999854,53.75,0.8031496062992238,0.12598425196838214,0.07086614173239399,12,0,-0.00044841516407356785,25.400000000001455,20.400000000001455,0.0,2024-08-14T12:23:00+05:30,49709.45,30,6.849999999998545,52.30000000000291,-37.10000000000582,-38.60000000000582,False,False,-5.416058394162584
BANKNIFTY:2024-08-14,2024-08-14,BANKNIFTY,compression_expansion_down,2024-08-14T13:57:00+05:30,2024-08-14T13:57:00+05:30,DOWN,{},"{'source_path': '/Users/madhuram/tradebot-structural-edge-discovery-v3/runtime/upstox_candidate_replay.zip!upstox_candidate_replay/20240814/underlying/BANKNIFTY_20240814.parquet', 'source_hash': '4357f109ed631802b3774c34db9c318f71742f8e99de307408af71bf00810707'}",{'completed_bar_only': True},"{'buy_ce_allowed': False, 'buy_pe_allowed': True, 'research_only': True}",0ea20a9201c96aa2673b3d7b5d7e8e75f33852a445717f7586139ebfb21bd89f,49722.75,2024-08-14 13:56:00+05:30,281,-0.0024230899612264615,275.75,0.0,774.1500000000015,14.199999999998544,12.4566666666656,0.00011270570214397846,12.682142857142026,-22.443971631204477,236.5,68.09999999999854,0.48798076923077094,0.47355769230755607,0.038461538461673,0,0,-0.00023022387009330458,20.80000000000291,10.150000000001455,0.0,2024-08-14T13:57:00+05:30,49719.15,30,15.650000000001455,81.25,-8.150000000001455,-9.650000000001455,False,False,-0.5207667731629838
BANKNIFTY:2024-08-14,2024-08-14,BANKNIFTY,compression_expansion_down,2024-08-14T15:01:00+05:30,2024-08-14T15:01:00+05:30,DOWN,{},"{'source_path': '/Users/madhuram/tradebot-structural-edge-discovery-v3/runtime/upstox_candidate_replay.zip!upstox_candidate_replay/20240814/underlying/BANKNIFTY_20240814.parquet', 'source_hash': '4357f109ed631802b3774c34db9c318f71742f8e99de307408af71bf00810707'}",{'completed_bar_only': True},"{'buy_ce_allowed': False, 'buy_pe_allowed': True, 'research_only': True}",460975e17b7f9f71aab4b81c0040e31c79a6641f40c89eb032ac156d64fb01dc,49702.2,2024-08-14 15:00:00+05:30,345,-0.002454180933411132,275.75,0.0,774.1500000000015,22.58000000000029,20.343333333332946,0.00021101430878866102,20.83214285714244,-41.230491329479264,257.0500000000029,47.549999999995634,0.757142857142895,0.0,0.24285714285710505,0,0,-0.0004776178232894779,38.5,29.150000000001455,0.0,2024-08-14T15:01:00+05:30,49703.25,30,10.44999999999709,60.44999999999709,-43.150000000001455,-44.650000000001455,False,False,-4.129186602872102
BANKNIFTY:2024-08-16,2024-08-16,BANKNIFTY,compression_expansion_down,2024-08-16T09:38:00+05:30,2024-08-16T09:38:00+05:30,DOWN,{},"{'source_path': '/Users/madhuram/tradebot-structural-edge-discovery-v3/runtime/upstox_candidate_replay.zip!upstox_candidate_replay/20240816/underlying/BANKNIFTY_20240816.parquet', 'source_hash': '4357f109ed631802b3774c34db9c318f71742f8e99de307408af71bf00810707'}",{'completed_bar_only': True},"{'buy_ce_allowed': False, 'buy_pe_allowed': True, 'research_only': True}",70f6310ac7e2dfbb87e536c0d3e4b852fdaee2901848f2ffe705e0958fccbbc7,50104.95,2024-08-16 09:37:00+05:30,22,0.008501117668816265,235.95000000000437,0.0,304.59999999999854,49.54999999999855,37.479999999999805,0.00046263905128383686,38.19285714285694,-96.87608695652307,185.35000000000582,50.599999999998545,0.5879396984925311,0.008679762448580309,0.40338053905888854,0,2,-0.0012269143751308942,109.44999999999709,64.35000000000582,0.0,2024-08-16T09:38:00+05:30,50104.7,30,230.79999999999563,20.700000000004366,154.0,152.5,True,True,0.6672443674176902
BANKNIFTY:2024-08-16,2024-08-16,BANKNIFTY,compression_expansion_down,2024-08-16T09:52:00+05:30,2024-08-16T09:52:00+05:30,DOWN,{},"{'source_path': '/Users/madhuram/tradebot-structural-edge-discovery-v3/runtime/upstox_candidate_replay.zip!upstox_candidate_replay/20240816/underlying/BANKNIFTY_20240816.parquet', 'source_hash': '4357f109ed631802b3774c34db9c318f71742f8e99de307408af71bf00810707'}",{'completed_bar_only': True},"{'buy_ce_allowed': False, 'buy_pe_allowed': True, 'research_only': True}",06b63048de54e1b479883c2b276a830feb645b76390867c1024013d321e25ecb,49912.55,2024-08-16 09:51:00+05:30,36,0.004812408536095103,235.95000000000437,0.0,304.59999999999854,44.160000000002036,45.930000000001264,0.0005944228117359305,41.3928571428587,-214.92972972972348,377.75,5.200000000004366,0.6989503816793698,0.2514312977099028,0.0496183206107273,5,2,-0.0015053673096235842,104.80000000000291,73.25,0.0,2024-08-16T09:52:00+05:30,49917.2,30,43.299999999995634,103.10000000000582,-43.55000000000291,-45.05000000000291,False,False,-1.0057736720555959
BANKNIFTY:2024-08-16,2024-08-16,BANKNIFTY,compression_expansion_down,2024-08-16T10:01:00+05:30,2024-08-16T10:01:00+05:30,DOWN,{},"{'source_path': '/Users/madhuram/tradebot-structural-edge-discovery-v3/runtime/upstox_candidate_replay.zip!upstox_candidate_replay/20240816/underlying/BANKNIFTY_20240816.parquet', 'source_hash': '4357f109ed631802b3774c34db9c318f71742f8e99de307408af71bf00810707'}",{'completed_bar_only': True},"{'buy_ce_allowed': False, 'buy_pe_allowed': True, 'research_only': True}",a9b8da346be211d25013bfcba9cb8aa7ee251914e61ad69cf24d2fdad604c7fc,49880.9,2024-08-16 10:00:00+05:30,45,0.00377112715693997,235.95000000000437,0.0,304.59999999999854,48.53000000000175,43.360000000001556,0.0006982410612273032,43.87857142857268,-212.22173913043662,409.40000000000146,1.9500000000043656,0.6479560707748104,0.32824893227577817,0.023794996949411368,0,2,-0.0012014200785328555,81.95000000000437,53.099999999998545,0.0,2024-08-16T10:01:00+05:30,49881.35,30,75.29999999999563,138.95000000000437,16.099999999998545,14.599999999998545,False,False,0.2138114209827288
BANKNIFTY:2024-08-16,2024-08-16,BANKNIFTY,compression_expansion_down,2024-08-16T10:57:00+05:30,2024-08-16T10:57:00+05:30,DOWN,{},"{'source_path': '/Users/madhuram/tradebot-structural-edge-discovery-v3/runtime/upstox_candidate_replay.zip!upstox_candidate_replay/20240816/underlying/BANKNIFTY_20240816.parquet', 'source_hash': '4357f109ed631802b3774c34db9c318f71742f8e99de307408af71bf00810707'}",{'completed_bar_only': True},"{'buy_ce_allowed': False, 'buy_pe_allowed': True, 'research_only': True}",306a4267f02735252bfad61cc08e78c861976ecc4029c48e7456a588991be190,49952.45,2024-08-16 10:56:00+05:30,101,0.004611388964829645,235.95000000000437,0.0,304.59999999999854,25.410000000003492,25.876666666667248,0.0003644212928147619,24.889285714286547,-55.445588235292234,337.8500000000058,146.39999999999418,0.6010296010297733,0.14543114543100105,0.2535392535392256,20,2,-0.0004252236676491883,38.849999999998545,23.35000000000582,0.0,2024-08-16T10:57:00+05:30,49957.95,30,47.299999999995634,143.15000000000146,-128.40000000000146,-129.90000000000146,False,False,-2.714587737843833
BANKNIFTY:2024-08-16,2024-08-16,BANKNIFTY,compression_expansion_down,2024-08-16T11:09:00+05:30,2024-08-16T11:09:00+05:30,DOWN,{},"{'source_path': '/Users/madhuram/tradebot-structural-edge-discovery-v3/runtime/upstox_candidate_replay.zip!upstox_candidate_replay/20240816/underlying/BANKNIFTY_20240816.parquet', 'source_hash': '4357f109ed631802b3774c34db9c318f71742f8e99de307408af71bf00810707'}",{'completed_bar_only': True},"{'buy_ce_allowed': False, 'buy_pe_allowed': True, 'research_only': True}",53000bf8c7cc92af814430d59040476d22806b866b334d9672c40aa29d6e1953,49918.9,2024-08-16 11:08:00+05:30,113,0.003956065162504133,235.95000000000437,0.0,304.59999999999854,23.07000000000262,23.473333333334207,0.0002585476128347206,23.985714285715012,-82.2706140350856,371.40000000000146,112.84999999999854,0.6648426812583775,0.2476060191519067,0.08755129958971575,4,2,-0.0004845514195153111,36.55000000000291,24.299999999995634,0.0,2024-08-16T11:09:00+05:30,49918.9,30,8.25,261.0,-229.79999999999563,-231.29999999999563,False,False,-27.854545454544926
BANKNIFTY:2024-08-16,2024-08-16,BANKNIFTY,compression_expansion_down,2024-08-16T11:24:00+05:30,2024-08-16T11:24:00+05:30,DOWN,{},"{'source_path': '/Users/madhuram/tradebot-structural-edge-discovery-v3/runtime/upstox_candidate_replay.zip!upstox_candidate_replay/20240816/underlying/BANKNIFTY_20240816.parquet', 'source_hash': '4357f109ed631802b3774c34db9c318f71742f8e99de307408af71bf00810707'}",{'completed_bar_only': True},"{'buy_ce_allowed': False, 'buy_pe_allowed': True, 'research_only': True}",1a630c02d2617dcd01bf1299d4d4dde2ac815066117a1bdd86e75c7adc675f21,49979.05,2024-08-16 11:23:00+05:30,128,0.004943071257417652,235.95000000000437,0.0,304.59999999999854,22.38000000000029,21.60333333333207,0.0002626006308920192,21.721428571427428,-17.7356589147239,311.25,173.0,0.4121306376360622,0.30948678071529206,0.2783825816486457,0,2,-0.00030703438785140147,32.150000000001455,13.25,0.0,2024-08-16T11:24:00+05:30,49977.15,30,12.900000000001455,290.90000000000146,-258.5,-260.0,False,False,-20.03875968992022
BANKNIFTY:2024-08-16,2024-08-16,BANKNIFTY,compression_expansion_down,2024-08-16T12:23:00+05:30,2024-08-16T12:23:00+05:30,DOWN,{},"{'source_path': '/Users/madhuram/tradebot-structural-edge-discovery-v3/runtime/upstox_candidate_replay.zip!upstox_candidate_replay/20240816/underlying/BANKNIFTY_20240816.parquet', 'source_hash': '4357f109ed631802b3774c34db9c318f71742f8e99de307408af71bf00810707'}",{'completed_bar_only': True},"{'buy_ce_allowed': False, 'buy_pe_allowed': True, 'research_only': True}",d737dcaafbbb56f67ec7f6232535590b71a61e7557299e5fa02d76f47e1fa671,50313.95,2024-08-16 12:22:00+05:30,187,0.011961669588151013,235.95000000000437,0.0,304.59999999999854,28.339999999999417,30.849999999999515,0.0004024763567950572,30.45714285714244,241.35452127659664,101.70000000000437,507.8999999999942,0.595238095238039,0.34848484848494155,0.05627705627701946,9,5,-0.0006405647298107775,46.200000000004366,27.5,0.0,2024-08-16T12:23:00+05:30,50317.25,30,25.44999999999709,95.40000000000146,-43.349999999998545,-44.849999999998545,False,False,-1.703339882121945
BANKNIFTY:2024-08-16,2024-08-16,BANKNIFTY,compression_expansion_down,2024-08-16T12:47:00+05:30,2024-08-16T12:47:00+05:30,DOWN,{},"{'source_path': '/Users/madhuram/tradebot-structural-edge-discovery-v3/runtime/upstox_candidate_replay.zip!upstox_candidate_replay/20240816/underlying/BANKNIFTY_20240816.parquet', 'source_hash': '4357f109ed631802b3774c34db9c318f71742f8e99de307408af71bf00810707'}",{'completed_bar_only': True},"{'buy_ce_allowed': False, 'buy_pe_allowed': True, 'research_only': True}",5c872b74934ec43eb6b7d14d8d41ef1ac9ae5e6abce766433f81435e60ef05f8,50344.1,2024-08-16 12:46:00+05:30,211,0.012594881237637209,235.95000000000437,0.0,304.59999999999854,27.01000000000058,27.05666666666754,0.0003028777256821671,27.017857142858183,238.6662735849095,71.55000000000291,538.0499999999956,0.6048218029350169,0.3155136268344618,0.0796645702305213,5,5,-0.0005925681825625917,47.69999999999709,28.849999999998545,0.0,2024-08-16T12:47:00+05:30,50345.3,30,17.25,97.09999999999854,-43.549999999995634,-45.049999999995634,False,False,-2.524637681159167
BANKNIFTY:2024-08-19,2024-08-19,BANKNIFTY,compression_expansion_down,2024-08-19T10:10:00+05:30,2024-08-19T10:10:00+05:30,DOWN,{},"{'source_path': '/Users/madhuram/tradebot-structural-edge-discovery-v3/runtime/upstox_candidate_replay.zip!upstox_candidate_replay/20240819/underlying/BANKNIFTY_20240819.parquet', 'source_hash': '4357f109ed631802b3774c34db9c318f71742f8e99de307408af71bf00810707'}",{'completed_bar_only': True},"{'buy_ce_allowed': False, 'buy_pe_allowed': True, 'research_only': True}",9d6086af3112d632ba5765cb260fcccdd504fae081863539f76e001497e59622,50443.85,2024-08-19 10:09:00+05:30,54,-0.0009987933309509541,171.59999999999854,0.0,797.3499999999985,32.55,35.99666666666647,0.0004936297068149295,36.02142857142826,-128.53454545454588,284.40000000000146,31.849999999998545,0.30054151624550574,0.12454873646211685,0.5749097472923774,6,1,-0.000329961058649908,55.400000000001455,16.650000000001455,0.0,2024-08-19T10:10:00+05:30,50440.3,30,78.45000000000437,50.44999999999709,-23.69999999999709,-25.19999999999709,True,True,-0.30210325047795755
BANKNIFTY:2024-08-19,2024-08-19,BANKNIFTY,compression_expansion_down,2024-08-19T11:04:00+05:30,2024-08-19T11:04:00+05:30,DOWN,{},"{'source_path': '/Users/madhuram/tradebot-structural-edge-discovery-v3/runtime/upstox_candidate_replay.zip!upstox_candidate_replay/20240819/underlying/BANKNIFTY_20240819.parquet', 'source_hash': '4357f109ed631802b3774c34db9c318f71742f8e99de307408af71bf00810707'}",{'completed_bar_only': True},"{'buy_ce_allowed': False, 'buy_pe_allowed': True, 'research_only': True}",67adc1f36222f7b3453f2981a218bd0048e4dcea577d4f9f3dab4e1d63fd576b,50386.9,2024-08-19 11:03:00+05:30,108,-0.002054999955455117,171.59999999999854,0.0,797.3499999999985,22.669999999998254,22.47666666666628,0.0002547669814306874,22.11428571428561,-113.10137614679115,341.34999999999854,25.05000000000291,0.5472972972972973,0.25540540540532675,0.19729729729737597,0,1,-0.0005028539690253853,37.0,20.25,0.0,2024-08-19T11:04:00+05:30,50388.45,30,7.75,197.45000000000437,-154.65000000000146,-156.15000000000146,False,False,-19.954838709677606
BANKNIFTY:2024-08-19,2024-08-19,BANKNIFTY,compression_expansion_down,2024-08-19T12:02:00+05:30,2024-08-19T12:02:00+05:30,DOWN,{},"{'source_path': '/Users/madhuram/tradebot-structural-edge-discovery-v3/runtime/upstox_candidate_replay.zip!upstox_candidate_replay/20240819/underlying/BANKNIFTY_20240819.parquet', 'source_hash': '4357f109ed631802b3774c34db9c318f71742f8e99de307408af71bf00810707'}",{'completed_bar_only': True},"{'buy_ce_allowed': False, 'buy_pe_allowed': True, 'research_only': True}",df126f37002275077b4cbb8bf333d19e669cda006cfe00236586fc26f1c9e616,50519.35,2024-08-19 12:01:00+05:30,166,0.0005553251324713337,171.59999999999854,0.0,797.3499999999985,16.509999999999128,18.056666666667056,0.00018438782717753715,17.925000000000832,15.784730538915028,208.90000000000146,157.5,0.7264325323476757,0.07208872458400756,0.20147874306831678,4,1,-0.00038880864283030725,27.049999999995634,19.650000000001455,0.0,2024-08-19T12:02:00+05:30,50518.1,30,177.4499999999971,0.5,130.4499999999971,128.9499999999971,True,True,0.735136658213577
BANKNIFTY:2024-08-19,2024-08-19,BANKNIFTY,compression_expansion_down,2024-08-19T12:03:00+05:30,2024-08-19T12:03:00+05:30,DOWN,{},"{'source_path': '/Users/madhuram/tradebot-structural-edge-discovery-v3/runtime/upstox_candidate_replay.zip!upstox_candidate_replay/20240819/underlying/BANKNIFTY_20240819.parquet', 'source_hash': '4357f109ed631802b3774c34db9c318f71742f8e99de307408af71bf00810707'}",{'completed_bar_only': True},"{'buy_ce_allowed': False, 'buy_pe_allowed': True, 'research_only': True}",60f0970e0a66e1879a821368bb50ac063c4e7f69efd785eefab5dac2bb61005b,50462.0,2024-08-19 12:02:00+05:30,167,0.00014155346513976583,171.59999999999854,0.0,797.3499999999985,27.269999999998255,21.113333333334108,0.00034350394990624225,21.057142857143585,-41.317857142857974,266.25,100.15000000000146,0.853231939163476,0.0076045627376425855,0.13916349809888146,0,1,-0.0011352085883923335,65.75,56.099999999998545,0.0,2024-08-19T12:03:00+05:30,50460.75,30,120.09999999999854,46.69999999999709,76.05000000000291,74.55000000000291,True,True,0.6332223147377505
BANKNIFTY:2024-08-19,2024-08-19,BANKNIFTY,compression_expansion_down,2024-08-19T12:11:00+05:30,2024-08-19T12:11:00+05:30,DOWN,{},"{'source_path': '/Users/madhuram/tradebot-structural-edge-discovery-v3/runtime/upstox_candidate_replay.zip!upstox_candidate_replay/20240819/underlying/BANKNIFTY_20240819.parquet', 'source_hash': '4357f109ed631802b3774c34db9c318f71742f8e99de307408af71bf00810707'}",{'completed_bar_only': True},"{'buy_ce_allowed': False, 'buy_pe_allowed': True, 'research_only': True}",bb594c9d2a0adc837b2a3112a62f80ffa4864c831b419bb499537b72629e1aac,50414.25,2024-08-19 12:10:00+05:30,175,-0.0006840101007800415,171.59999999999854,0.0,797.3499999999985,28.050000000001454,25.160000000000096,0.0004903325813627888,25.54999999999979,-88.09744318181765,314.0,52.400000000001455,0.8961788031723541,0.0,0.10382119682764586,0,1,-0.0013509645431233341,69.34999999999854,62.150000000001455,0.0,2024-08-19T12:11:00+05:30,50419.35,30,78.69999999999709,47.900000000001455,2.900000000001455,1.4000000000014552,True,True,0.036848792884390885
BANKNIFTY:2024-08-19,2024-08-19,BANKNIFTY,compression_expansion_down,2024-08-19T12:21:00+05:30,2024-08-19T12:21:00+05:30,DOWN,{},"{'source_path': '/Users/madhuram/tradebot-structural-edge-discovery-v3/runtime/upstox_candidate_replay.zip!upstox_candidate_replay/20240819/underlying/BANKNIFTY_20240819.parquet', 'source_hash': '4357f109ed631802b3774c34db9c318f71742f8e99de307408af71bf00810707'}",{'completed_bar_only': True},"{'buy_ce_allowed': False, 'buy_pe_allowed': True, 'research_only': True}",cfcf85b979f4a8999fb77e8e34e19987aa73ff1ff8a2e6222eef15bbe5917013,50380.8,2024-08-19 12:20:00+05:30,185,-0.001154205177293154,171.59999999999854,0.0,797.3499999999985,35.410000000002036,29.77666666666725,0.0005704982044410507,30.514285714286025,-118.47607526880893,347.4499999999971,18.950000000004366,0.7934842628381693,0.117614577581459,0.08890115958037163,0,1,-0.0014310348244900295,90.55000000000291,71.84999999999854,0.0,2024-08-19T12:21:00+05:30,50379.3,30,38.650000000001455,57.75,-48.14999999999418,-49.64999999999418,False,False,-1.2457956015521958
BANKNIFTY:2024-08-19,2024-08-19,BANKNIFTY,compression_expansion_down,2024-08-19T12:51:00+05:30,2024-08-19T12:51:00+05:30,DOWN,{},"{'source_path': '/Users/madhuram/tradebot-structural-edge-discovery-v3/runtime/upstox_candidate_replay.zip!upstox_candidate_replay/20240819/underlying/BANKNIFTY_20240819.parquet', 'source_hash': '4357f109ed631802b3774c34db9c318f71742f8e99de307408af71bf00810707'}",{'completed_bar_only': True},"{'buy_ce_allowed': False, 'buy_pe_allowed': True, 'research_only': True}",df68035560f671baa6d9740599a0552cc2c5e4babc245310e7d90ecd88d67ffc,50410.5,2024-08-19 12:50:00+05:30,215,-0.001762984065831184,171.59999999999854,0.0,797.3499999999985,21.390000000000875,20.813333333333624,0.00019969134003738567,20.617857142857765,-74.48287037037517,317.75,69.84999999999854,0.38709677419354044,0.5144312393887677,0.09847198641769186,0,1,-0.0001953576284178249,29.450000000004366,11.400000000001455,0.0,2024-08-19T12:51:00+05:30,50407.05,30,26.75,63.849999999998545,-47.349999999998545,-48.849999999998545,False,False,-1.7700934579438707
BANKNIFTY:2024-08-19,2024-08-19,BANKNIFTY,compression_expansion_down,2024-08-19T13:24:00+05:30,2024-08-19T13:24:00+05:30,DOWN,{},"{'source_path': '/Users/madhuram/tradebot-structural-edge-discovery-v3/runtime/upstox_candidate_replay.zip!upstox_candidate_replay/20240819/underlying/BANKNIFTY_20240819.parquet', 'source_hash': '4357f109ed631802b3774c34db9c318f71742f8e99de307408af71bf00810707'}",{'completed_bar_only': True},"{'buy_ce_allowed': False, 'buy_pe_allowed': True, 'research_only': True}",2c2e6a579a0f394b0c38bb0e6c6cf8cbbe3476211ac7375f88bf3ff606c4078b,50418.35,2024-08-19 13:23:00+05:30,248,-0.001302687833034137,171.59999999999854,0.0,797.3499999999985,18.179999999998834,20.17999999999932,0.00038440471645116383,20.535714285713766,-57.761244979919866,309.90000000000146,77.69999999999709,0.9337979094076249,0.026132404181180693,0.04006968641119443,4,1,-0.0005401858635837309,28.700000000004366,26.80000000000291,0.0,2024-08-19T13:24:00+05:30,50412.25,30,113.59999999999854,0.0,62.150000000001455,60.650000000001455,True,True,0.547095070422555
BANKNIFTY:2024-08-20,2024-08-20,BANKNIFTY,compression_expansion_down,2024-08-20T09:46:00+05:30,2024-08-20T09:46:00+05:30,DOWN,{},"{'source_path': '/Users/madhuram/tradebot-structural-edge-discovery-v3/runtime/upstox_candidate_replay.zip!upstox_candidate_replay/20240820/underlying/BANKNIFTY_20240820.parquet', 'source_hash': '4357f109ed631802b3774c34db9c318f71742f8e99de307408af71bf00810707'}",{'completed_bar_only': True},"{'buy_ce_allowed': False, 'buy_pe_allowed': True, 'research_only': True}",e6983e7d0ca380deeb07aa12b30f5be088215be8501af4f018cd0f6785e327e7,50630.7,2024-08-20 09:45:00+05:30,30,0.004782933367183136,105.40000000000146,0.0,444.6999999999971,28.579999999998837,29.993333333332945,0.00033871282785187903,28.94642857142805,121.21612903225468,42.0,232.09999999999854,0.5750736015702568,0.18547595682036563,0.23945044160937756,4,3,-0.0006188063846608305,50.94999999999709,29.30000000000291,0.0,2024-08-20T09:46:00+05:30,50634.0,30,8.150000000001455,173.09999999999854,-131.15000000000146,-132.65000000000146,False,False,-16.092024539874608
BANKNIFTY:2024-08-20,2024-08-20,BANKNIFTY,compression_expansion_down,2024-08-20T11:37:00+05:30,2024-08-20T11:37:00+05:30,DOWN,{},"{'source_path': '/Users/madhuram/tradebot-structural-edge-discovery-v3/runtime/upstox_candidate_replay.zip!upstox_candidate_replay/20240820/underlying/BANKNIFTY_20240820.parquet', 'source_hash': '4357f109ed631802b3774c34db9c318f71742f8e99de307408af71bf00810707'}",{'completed_bar_only': True},"{'buy_ce_allowed': False, 'buy_pe_allowed': True, 'research_only': True}",afb2a4314fa9f7f1693ea7b1a7fd6b734d0d9cea898df4d058772ba9ab25f198,50895.45,2024-08-20 11:36:00+05:30,141,0.009761230174825516,105.40000000000146,0.0,444.6999999999971,22.18000000000029,22.55,0.00019679306584020326,21.514285714286025,165.8883802816854,63.60000000000582,496.84999999999854,0.4844236760124639,0.1806853582555096,0.3348909657320265,14,10,-0.00030739858302020195,32.10000000000582,15.55000000000291,0.0,2024-08-20T11:37:00+05:30,50889.95,30,28.14999999999418,59.35000000000582,-48.200000000004366,-49.700000000004366,False,False,-1.7122557726470455
BANKNIFTY:2024-08-20,2024-08-20,BANKNIFTY,compression_expansion_down,2024-08-20T12:39:00+05:30,2024-08-20T12:39:00+05:30,DOWN,{},"{'source_path': '/Users/madhuram/tradebot-structural-edge-discovery-v3/runtime/upstox_candidate_replay.zip!upstox_candidate_replay/20240820/underlying/BANKNIFTY_20240820.parquet', 'source_hash': '4357f109ed631802b3774c34db9c318f71742f8e99de307408af71bf00810707'}",{'completed_bar_only': True},"{'buy_ce_allowed': False, 'buy_pe_allowed': True, 'research_only': True}",c2debdf2b625cfad2c8151e3e7fd5da2cb655970bd0147d3cc9677eae88aabf7,50964.8,2024-08-20 12:38:00+05:30,203,0.01116844196168692,105.40000000000146,0.0,444.6999999999971,19.0,17.576666666667247,0.0001361335664956544,17.760714285714908,171.43529411764757,30.099999999998545,566.2000000000044,0.4971014492751936,0.13333333333350206,0.3695652173913043,0,14,-0.00032855023042654974,34.5,17.14999999999418,0.0,2024-08-20T12:39:00+05:30,50957.2,30,48.549999999995634,68.40000000000146,-37.400000000001455,-38.900000000001455,False,False,-0.7703398558188428
BANKNIFTY:2024-08-20,2024-08-20,BANKNIFTY,compression_expansion_down,2024-08-20T13:16:00+05:30,2024-08-20T13:16:00+05:30,DOWN,{},"{'source_path': '/Users/madhuram/tradebot-structural-edge-discovery-v3/runtime/upstox_candidate_replay.zip!upstox_candidate_replay/20240820/underlying/BANKNIFTY_20240820.parquet', 'source_hash': '4357f109ed631802b3774c34db9c318f71742f8e99de307408af71bf00810707'}",{'completed_bar_only': True},"{'buy_ce_allowed': False, 'buy_pe_allowed': True, 'research_only': True}",346d15fbeef2bcd1993f3d2455ec6b13cf135edd849206b1601e9aab13327833,50997.75,2024-08-20 13:15:00+05:30,240,0.011502642364909242,105.40000000000146,0.0,444.6999999999971,18.05,17.58666666666686,0.00015555718084272444,17.410714285714285,176.81410788381618,27.849999999998545,599.1500000000015,0.03896103896115116,0.07977736549144383,0.881261595547405,0,16,-4.1176591695779585e-05,26.94999999999709,1.0500000000029104,0.0,2024-08-20T13:16:00+05:30,50995.6,30,78.25,8.099999999998545,58.75,57.25,True,True,0.7507987220447284
BANKNIFTY:2024-08-20,2024-08-20,BANKNIFTY,compression_expansion_down,2024-08-20T13:29:00+05:30,2024-08-20T13:29:00+05:30,DOWN,{},"{'source_path': '/Users/madhuram/tradebot-structural-edge-discovery-v3/runtime/upstox_candidate_replay.zip!upstox_candidate_replay/20240820/underlying/BANKNIFTY_20240820.parquet', 'source_hash': '4357f109ed631802b3774c34db9c318f71742f8e99de307408af71bf00810707'}",{'completed_bar_only': True},"{'buy_ce_allowed': False, 'buy_pe_allowed': True, 'research_only': True}",7e83e55d093794f89730092575d2125bf4eb8551eb6661296d1a779f8dcd026d,50933.95,2024-08-20 13:28:00+05:30,253,0.010595243643994346,105.40000000000146,0.0,444.6999999999971,19.340000000000874,19.006666666667538,0.00013883005380694436,19.132142857143794,105.58287401574489,91.65000000000146,535.3499999999985,0.6463620981388812,0.07445008460226304,0.2791878172588558,0,16,-0.0003356162434338117,29.55000000000291,19.10000000000582,0.0,2024-08-20T13:29:00+05:30,50935.7,30,18.349999999998545,33.30000000000291,-14.30000000000291,-15.80000000000291,False,False,-0.7792915531337354
BANKNIFTY:2024-08-20,2024-08-20,BANKNIFTY,compression_expansion_down,2024-08-20T14:05:00+05:30,2024-08-20T14:05:00+05:30,DOWN,{},"{'source_path': '/Users/madhuram/tradebot-structural-edge-discovery-v3/runtime/upstox_candidate_replay.zip!upstox_candidate_replay/20240820/underlying/BANKNIFTY_20240820.parquet', 'source_hash': '4357f109ed631802b3774c34db9c318f71742f8e99de307408af71bf00810707'}",{'completed_bar_only': True},"{'buy_ce_allowed': False, 'buy_pe_allowed': True, 'research_only': True}",23841ac94284d6b392653310bdfec399faf85b1c66056c2fe0cc48a4cff753b5,50930.35,2024-08-20 14:04:00+05:30,289,0.010458390066413711,105.40000000000146,0.0,444.6999999999971,21.45,18.090000000000874,0.00015665139277324104,18.482142857143895,87.38517241378577,95.25,531.75,0.43051771117169024,0.17438692098094533,0.39509536784736443,0,16,-0.0003640902943931046,36.700000000004366,15.80000000000291,0.0,2024-08-20T14:05:00+05:30,50930.35,30,76.54999999999563,22.450000000004366,20.0,18.5,True,True,0.2612671456564486
BANKNIFTY:2024-08-20,2024-08-20,BANKNIFTY,compression_expansion_down,2024-08-20T15:27:00+05:30,2024-08-20T15:27:00+05:30,DOWN,{},"{'source_path': '/Users/madhuram/tradebot-structural-edge-discovery-v3/runtime/upstox_candidate_replay.zip!upstox_candidate_replay/20240820/underlying/BANKNIFTY_20240820.parquet', 'source_hash': '4357f109ed631802b3774c34db9c318f71742f8e99de307408af71bf00810707'}",{'completed_bar_only': True},"{'buy_ce_allowed': False, 'buy_pe_allowed': True, 'research_only': True}",a8e21e8a93b5d606ce1487aeee61b73e1dd9121570a4eb7fa60580f8dbf075ed,50747.6,2024-08-20 15:26:00+05:30,371,0.006755409931007918,105.40000000000146,0.0,444.6999999999971,17.869999999998253,19.526666666665793,0.0002777278828961098,19.899999999999377,-103.16021505376557,278.0,349.0,0.4277978339350105,0.18231046931420364,0.3898916967507859,15,16,-0.00025314984402224905,27.69999999999709,11.849999999998545,0.0,2024-08-20T15:27:00+05:30,50743.3,30,33.900000000001455,4.44999999999709,24.200000000004366,22.700000000004366,True,True,0.7138643067847589
BANKNIFTY:2024-08-21,2024-08-21,BANKNIFTY,compression_expansion_down,2024-08-21T09:52:00+05:30,2024-08-21T09:52:00+05:30,DOWN,{},"{'source_path': '/Users/madhuram/tradebot-structural-edge-discovery-v3/runtime/upstox_candidate_replay.zip!upstox_candidate_replay/20240821/underlying/BANKNIFTY_20240821.parquet', 'source_hash': '4357f109ed631802b3774c34db9c318f71742f8e99de307408af71bf00810707'}",{'completed_bar_only': True},"{'buy_ce_allowed': False, 'buy_pe_allowed': True, 'research_only': True}",fc9379c5513515cc5667f13138f00cd96ae29901b60b6723b6c65e6e9c59bdef,50521.9,2024-08-21 09:51:00+05:30,36,-0.003306446683793622,211.9499999999971,0.0,627.0,38.45999999999913,34.82999999999883,0.00040319139856750345,35.53214285714161,-45.858108108106535,242.54999999999563,75.65000000000146,0.5619047619047619,0.18190476190467875,0.25619047619055935,0,2,-0.0005865299877056973,52.5,29.5,0.0,2024-08-21T09:52:00+05:30,50521.1,30,99.44999999999709,71.55000000000291,-70.70000000000437,-72.20000000000437,True,True,-0.7109100050277168
BANKNIFTY:2024-08-21,2024-08-21,BANKNIFTY,compression_expansion_down,2024-08-21T11:07:00+05:30,2024-08-21T11:07:00+05:30,DOWN,{},"{'source_path': '/Users/madhuram/tradebot-structural-edge-discovery-v3/runtime/upstox_candidate_replay.zip!upstox_candidate_replay/20240821/underlying/BANKNIFTY_20240821.parquet', 'source_hash': '4357f109ed631802b3774c34db9c318f71742f8e99de307408af71bf00810707'}",{'completed_bar_only': True},"{'buy_ce_allowed': False, 'buy_pe_allowed': True, 'research_only': True}",63326533ed928ad11827e8c6ecf755ac2c5a4170273aaa7cd5d8c58c1d0d51c1,50475.75,2024-08-21 11:06:00+05:30,111,-0.0038841383226437378,211.9499999999971,0.0,627.0,24.13000000000029,18.34666666666696,0.00028071065941025555,18.475000000000104,-63.049999999995634,288.6999999999971,54.099999999998545,0.6831245394251959,0.0,0.31687546057480415,0,2,-0.0009401612129069647,67.84999999999854,46.349999999998545,0.0,2024-08-21T11:07:00+05:30,50474.05,30,130.20000000000437,216.59999999999854,-87.69999999999709,-89.19999999999709,False,False,-0.673579109062935
BANKNIFTY:2024-08-21,2024-08-21,BANKNIFTY,compression_expansion_down,2024-08-21T11:41:00+05:30,2024-08-21T11:41:00+05:30,DOWN,{},"{'source_path': '/Users/madhuram/tradebot-structural-edge-discovery-v3/runtime/upstox_candidate_replay.zip!upstox_candidate_replay/20240821/underlying/BANKNIFTY_20240821.parquet', 'source_hash': '4357f109ed631802b3774c34db9c318f71742f8e99de307408af71bf00810707'}",{'completed_bar_only': True},"{'buy_ce_allowed': False, 'buy_pe_allowed': True, 'research_only': True}",05a77d9bc4f9093fad0e429aa80066e095e48f9a09ab466e46c921da9f3fc1af,50462.2,2024-08-21 11:40:00+05:30,145,-0.003858506953001869,211.9499999999971,0.0,627.0,37.939999999999415,37.53666666666589,0.0004109557029138241,35.91428571428488,-70.5376712328798,302.25,118.34999999999854,0.9059955588454229,0.037749814951825306,0.05625462620275174,0,2,-0.0012814943312430271,67.54999999999563,61.200000000004366,0.0,2024-08-21T11:41:00+05:30,50462.3,30,21.200000000004366,144.89999999999418,-83.69999999999709,-85.19999999999709,False,False,-3.9481132075462195
BANKNIFTY:2024-08-21,2024-08-21,BANKNIFTY,compression_expansion_down,2024-08-21T12:30:00+05:30,2024-08-21T12:30:00+05:30,DOWN,{},"{'source_path': '/Users/madhuram/tradebot-structural-edge-discovery-v3/runtime/upstox_candidate_replay.zip!upstox_candidate_replay/20240821/underlying/BANKNIFTY_20240821.parquet', 'source_hash': '4357f109ed631802b3774c34db9c318f71742f8e99de307408af71bf00810707'}",{'completed_bar_only': True},"{'buy_ce_allowed': False, 'buy_pe_allowed': True, 'research_only': True}",65bbd3585db724d0adbd706d4870a84a7f659a0ab45c8d74bcdc3cbae071bcb2,50537.3,2024-08-21 12:29:00+05:30,194,-0.003282786957970469,211.9499999999971,0.0,627.0,28.529999999998836,26.12999999999835,0.00025543897404509624,26.378571428569558,4.37512820513075,227.14999999999418,193.45000000000437,0.3810709838105873,0.003735990037396009,0.6151930261520167,0,2,-0.00030759887919262763,40.150000000001455,15.299999999995634,0.0,2024-08-21T12:30:00+05:30,50534.95,30,57.25,17.700000000004366,55.75,54.25,True,True,0.9737991266375546
BANKNIFTY:2024-08-21,2024-08-21,BANKNIFTY,compression_expansion_down,2024-08-21T13:01:00+05:30,2024-08-21T13:01:00+05:30,DOWN,{},"{'source_path': '/Users/madhuram/tradebot-structural-edge-discovery-v3/runtime/upstox_candidate_replay.zip!upstox_candidate_replay/20240821/underlying/BANKNIFTY_20240821.parquet', 'source_hash': '4357f109ed631802b3774c34db9c318f71742f8e99de307408af71bf00810707'}",{'completed_bar_only': True},"{'buy_ce_allowed': False, 'buy_pe_allowed': True, 'research_only': True}",bc21afd4f02ec9322cf4f41eaeca425d3d4267c5932b66599a11531973952ed9,50479.2,2024-08-21 13:00:00+05:30,225,-0.004330715647556866,211.9499999999971,0.0,627.0,25.070000000001166,22.673333333333236,0.00030620021682632606,23.18928571428582,-51.81438053097372,285.25,135.34999999999854,0.5991124260354513,0.35650887573970036,0.04437869822484825,0,2,-0.000407922407613559,33.80000000000291,20.25,0.0,2024-08-21T13:01:00+05:30,50478.55,30,145.20000000000437,34.39999999999418,47.55000000000291,46.05000000000291,True,True,0.3274793388429854
BANKNIFTY:2024-08-21,2024-08-21,BANKNIFTY,compression_expansion_down,2024-08-21T13:14:00+05:30,2024-08-21T13:14:00+05:30,DOWN,{},"{'source_path': '/Users/madhuram/tradebot-structural-edge-discovery-v3/runtime/upstox_candidate_replay.zip!upstox_candidate_replay/20240821/underlying/BANKNIFTY_20240821.parquet', 'source_hash': '4357f109ed631802b3774c34db9c318f71742f8e99de307408af71bf00810707'}",{'completed_bar_only': True},"{'buy_ce_allowed': False, 'buy_pe_allowed': True, 'research_only': True}",1e703e6e6d7c1cdce8ab4718f160a2cecbcbbc8bfa8c12d59a98de8eae0a3dc9,50488.35,2024-08-21 13:13:00+05:30,238,-0.004113834827510769,211.9499999999971,0.0,627.0,25.189999999997962,23.973333333333237,0.00030475886480680383,24.03214285714265,-40.54686192468944,276.09999999999854,144.5,0.5504358655044023,0.0,0.4495641344955978,0,2,-0.0004355542972875881,40.14999999999418,22.099999999998545,0.0,2024-08-21T13:14:00+05:30,50487.65,30,154.3000000000029,22.0,65.05000000000291,63.55000000000291,True,True,0.4215813350615793
BANKNIFTY:2024-08-21,2024-08-21,BANKNIFTY,compression_expansion_down,2024-08-21T13:59:00+05:30,2024-08-21T13:59:00+05:30,DOWN,{},"{'source_path': '/Users/madhuram/tradebot-structural-edge-discovery-v3/runtime/upstox_candidate_replay.zip!upstox_candidate_replay/20240821/underlying/BANKNIFTY_20240821.parquet', 'source_hash': '4357f109ed631802b3774c34db9c318f71742f8e99de307408af71bf00810707'}",{'completed_bar_only': True},"{'buy_ce_allowed': False, 'buy_pe_allowed': True, 'research_only': True}",eb2664c0b038af34d4a17d2ccdb9e4888461ac8547e15490ba6c558fbcad2ce7,50446.5,2024-08-21 13:58:00+05:30,283,-0.005001074545881166,211.9499999999971,0.0,627.0,20.209999999999127,22.186666666666376,0.00023968322999347533,21.753571428571117,-65.37711267605482,317.9499999999971,113.15000000000146,0.579510703363877,0.03975535168204973,0.3807339449540733,5,2,-0.0003755044292679255,32.69999999999709,18.94999999999709,0.0,2024-08-21T13:59:00+05:30,50442.25,30,27.5,66.69999999999709,-7.94999999999709,-9.44999999999709,False,False,-0.28909090909080326
BANKNIFTY:2024-08-21,2024-08-21,BANKNIFTY,compression_expansion_down,2024-08-21T14:14:00+05:30,2024-08-21T14:14:00+05:30,DOWN,{},"{'source_path': '/Users/madhuram/tradebot-structural-edge-discovery-v3/runtime/upstox_candidate_replay.zip!upstox_candidate_replay/20240821/underlying/BANKNIFTY_20240821.parquet', 'source_hash': '4357f109ed631802b3774c34db9c318f71742f8e99de307408af71bf00810707'}",{'completed_bar_only': True},"{'buy_ce_allowed': False, 'buy_pe_allowed': True, 'research_only': True}",0b2c887feae42dc2335a3cd09ea5a4a91948ca971becc54632b43147d394f7ee,50484.05,2024-08-21 14:13:00+05:30,298,-0.004499291194047156,211.9499999999971,0.0,627.0,23.689999999997962,23.8566666666656,0.00022573864798964034,24.035714285713247,-25.74030100334494,280.3999999999942,150.70000000000437,0.18488529014843055,0.4871794871794268,0.3279352226721427,8,2,-0.00012081564423949143,37.049999999995634,6.849999999998545,0.0,2024-08-21T14:14:00+05:30,50485.3,30,93.10000000000582,23.19999999999709,-18.94999999999709,-20.44999999999709,True,True,-0.20354457572498286
BANKNIFTY:2024-08-22,2024-08-22,BANKNIFTY,compression_expansion_down,2024-08-22T10:53:00+05:30,2024-08-22T10:53:00+05:30,DOWN,{},"{'source_path': '/Users/madhuram/tradebot-structural-edge-discovery-v3/runtime/upstox_candidate_replay.zip!upstox_candidate_replay/20240822/underlying/BANKNIFTY_20240822.parquet', 'source_hash': '4357f109ed631802b3774c34db9c318f71742f8e99de307408af71bf00810707'}",{'completed_bar_only': True},"{'buy_ce_allowed': False, 'buy_pe_allowed': True, 'research_only': True}",2fc6d1d2ffb4b248ab40fb91dd3882038a4f03e6cb5fa70fa06056f5c54a18c7,50917.1,2024-08-22 10:52:00+05:30,97,0.004038417192738368,132.3000000000029,0.0,439.09999999999854,16.040000000000873,17.063333333333624,0.0002206607627967547,17.032142857143167,6.653061224489647,95.5,122.65000000000146,0.9392265193369662,0.03683241252301828,0.02394106814001548,4,2,-0.0005525539672491808,27.150000000001455,25.5,0.0,2024-08-22T10:53:00+05:30,50919.75,30,33.55000000000291,12.44999999999709,17.30000000000291,15.80000000000291,True,True,0.5156482861401315
BANKNIFTY:2024-08-22,2024-08-22,BANKNIFTY,compression_expansion_down,2024-08-22T11:02:00+05:30,2024-08-22T11:02:00+05:30,DOWN,{},"{'source_path': '/Users/madhuram/tradebot-structural-edge-discovery-v3/runtime/upstox_candidate_replay.zip!upstox_candidate_replay/20240822/underlying/BANKNIFTY_20240822.parquet', 'source_hash': '4357f109ed631802b3774c34db9c318f71742f8e99de307408af71bf00810707'}",{'completed_bar_only': True},"{'buy_ce_allowed': False, 'buy_pe_allowed': True, 'research_only': True}",85858693a7e2f28a50d59d726e3e2d4d955a7322bcaa3c7ec5c98da559858662,50898.4,2024-08-22 11:01:00+05:30,106,0.0033052345691666034,132.3000000000029,0.0,439.09999999999854,17.460000000000583,17.210000000000583,0.0001966055877108647,17.764285714286025,-12.515420560746861,114.19999999999709,103.95000000000437,0.27722772277227725,0.7227722772277227,0.0,0,2,-0.00016206134169116648,25.25,7.0,0.0,2024-08-22T11:02:00+05:30,50900.4,30,14.200000000004366,47.0,-35.349999999998545,-36.849999999998545,False,False,-2.4894366197174422
BANKNIFTY:2024-08-22,2024-08-22,BANKNIFTY,compression_expansion_down,2024-08-22T11:12:00+05:30,2024-08-22T11:12:00+05:30,DOWN,{},"{'source_path': '/Users/madhuram/tradebot-structural-edge-discovery-v3/runtime/upstox_candidate_replay.zip!upstox_candidate_replay/20240822/underlying/BANKNIFTY_20240822.parquet', 'source_hash': '4357f109ed631802b3774c34db9c318f71742f8e99de307408af71bf00810707'}",{'completed_bar_only': True},"{'buy_ce_allowed': False, 'buy_pe_allowed': True, 'research_only': True}",a9231c17e7c5ae6c5253b32afdbadddef4104c1c52ed1af7ce60994ea828f162,50906.5,2024-08-22 11:11:00+05:30,116,0.0035052830538239974,132.3000000000029,0.0,439.09999999999854,13.239999999999418,14.563333333332654,0.00012695306980260086,14.699999999999168,-4.083333333335759,106.09999999999854,112.05000000000291,0.3826638477802264,0.0,0.6173361522197737,7,2,-0.00015221671732368325,23.650000000001455,9.05000000000291,0.0,2024-08-22T11:12:00+05:30,50905.05,30,18.85000000000582,137.39999999999418,-112.09999999999854,-113.59999999999854,False,False,-5.946949602120102
BANKNIFTY:2024-08-22,2024-08-22,BANKNIFTY,compression_expansion_down,2024-08-22T12:11:00+05:30,2024-08-22T12:11:00+05:30,DOWN,{},"{'source_path': '/Users/madhuram/tradebot-structural-edge-discovery-v3/runtime/upstox_candidate_replay.zip!upstox_candidate_replay/20240822/underlying/BANKNIFTY_20240822.parquet', 'source_hash': '4357f109ed631802b3774c34db9c318f71742f8e99de307408af71bf00810707'}",{'completed_bar_only': True},"{'buy_ce_allowed': False, 'buy_pe_allowed': True, 'research_only': True}",b57f1df81857b2f5bc265253182a52288336dab4c45058c7a408c8180b35ffdd,50991.6,2024-08-22 12:10:00+05:30,175,0.0054456548089488275,132.3000000000029,0.0,439.09999999999854,13.439999999999419,12.333333333332849,0.00017335997799549727,12.099999999999584,63.673863636358874,50.849999999998545,197.15000000000146,0.8373831775701479,0.0,0.16261682242985215,0,2,-0.0003793303202547227,26.75,22.400000000001455,0.0,2024-08-22T12:11:00+05:30,50995.15,30,35.5,35.349999999998545,-20.549999999995634,-22.049999999995634,True,True,-0.5788732394364967
BANKNIFTY:2024-08-22,2024-08-22,BANKNIFTY,compression_expansion_down,2024-08-22T12:56:00+05:30,2024-08-22T12:56:00+05:30,DOWN,{},"{'source_path': '/Users/madhuram/tradebot-structural-edge-discovery-v3/runtime/upstox_candidate_replay.zip!upstox_candidate_replay/20240822/underlying/BANKNIFTY_20240822.parquet', 'source_hash': '4357f109ed631802b3774c34db9c318f71742f8e99de307408af71bf00810707'}",{'completed_bar_only': True},"{'buy_ce_allowed': False, 'buy_pe_allowed': True, 'research_only': True}",1ba32002cd230982e973b05e6b1c9e6984a2eada11eb5874599e22edc4d38e95,51048.2,2024-08-22 12:55:00+05:30,220,0.0063374965755247665,132.3000000000029,0.0,439.09999999999854,16.589999999997964,15.306666666666569,0.0002053152355777941,15.12499999999948,104.44909502262453,17.80000000000291,253.75,0.41385767790277583,0.2528089887640725,0.3333333333331517,0,4,-0.00017137725618154853,26.69999999999709,11.05000000000291,0.0,2024-08-22T12:56:00+05:30,51047.55,30,84.65000000000146,3.7999999999956344,49.25,47.75,True,True,0.5818074424099132
BANKNIFTY:2024-08-22,2024-08-22,BANKNIFTY,compression_expansion_down,2024-08-22T13:21:00+05:30,2024-08-22T13:21:00+05:30,DOWN,{},"{'source_path': '/Users/madhuram/tradebot-structural-edge-discovery-v3/runtime/upstox_candidate_replay.zip!upstox_candidate_replay/20240822/underlying/BANKNIFTY_20240822.parquet', 'source_hash': '4357f109ed631802b3774c34db9c318f71742f8e99de307408af71bf00810707'}",{'completed_bar_only': True},"{'buy_ce_allowed': False, 'buy_pe_allowed': True, 'research_only': True}",40b49e47b399b7751b35ad7d02d955d8e9de3eb2544c3fae803242b1a18a890b,51019.3,2024-08-22 13:20:00+05:30,245,0.005918675856414519,132.3000000000029,0.0,439.09999999999854,15.230000000000292,15.703333333333042,0.00022662130338106767,15.071428571428052,68.19613821138046,46.69999999999709,224.85000000000582,0.6596119929452575,0.06525573192235061,0.2751322751323919,12,4,-0.0003399517797504359,28.349999999998545,18.69999999999709,0.0,2024-08-22T13:21:00+05:30,51019.5,30,26.349999999998545,60.5,-22.0,-23.5,False,False,-0.8349146110057387
BANKNIFTY:2024-08-22,2024-08-22,BANKNIFTY,compression_expansion_down,2024-08-22T14:29:00+05:30,2024-08-22T14:29:00+05:30,DOWN,{},"{'source_path': '/Users/madhuram/tradebot-structural-edge-discovery-v3/runtime/upstox_candidate_replay.zip!upstox_candidate_replay/20240822/underlying/BANKNIFTY_20240822.parquet', 'source_hash': '4357f109ed631802b3774c34db9c318f71742f8e99de307408af71bf00810707'}",{'completed_bar_only': True},"{'buy_ce_allowed': False, 'buy_pe_allowed': True, 'research_only': True}",70191808325aab863f838dc938232cd5c015422d3ea44ef86710c64eba53c865,50965.9,2024-08-22 14:28:00+05:30,313,0.004878029551989941,132.3000000000029,0.0,439.09999999999854,17.05999999999913,17.1066666666656,0.00018448900108757185,17.31428571428478,0.1794585987299797,114.09999999999854,171.45000000000437,0.6215780998387705,0.14814814814832172,0.23027375201290773,9,5,-0.000380501830919866,31.05000000000291,19.299999999995634,0.0,2024-08-22T14:29:00+05:30,50970.2,30,59.299999999995634,34.150000000001455,-17.400000000001455,-18.900000000001455,True,True,-0.2934232715008893
BANKNIFTY:2024-08-22,2024-08-22,BANKNIFTY,compression_expansion_down,2024-08-22T14:58:00+05:30,2024-08-22T14:58:00+05:30,DOWN,{},"{'source_path': '/Users/madhuram/tradebot-structural-edge-discovery-v3/runtime/upstox_candidate_replay.zip!upstox_candidate_replay/20240822/underlying/BANKNIFTY_20240822.parquet', 'source_hash': '4357f109ed631802b3774c34db9c318f71742f8e99de307408af71bf00810707'}",{'completed_bar_only': True},"{'buy_ce_allowed': False, 'buy_pe_allowed': True, 'research_only': True}",bbd183ba0fc737b25ccc7c34206cd110274bed9d921bbef7314a22b46e6da268,50968.5,2024-08-22 14:57:00+05:30,342,0.004759774290123518,132.3000000000029,0.0,439.09999999999854,13.009999999999128,13.573333333333236,0.00011811387143973462,13.649999999999896,1.8274052478154772,111.5,174.0500000000029,0.5431472081217599,0.12182741116760455,0.33502538071063553,19,5,-0.0002069477559900612,19.69999999999709,10.69999999999709,0.0,2024-08-22T14:58:00+05:30,50968.25,30,21.75,44.0,-6.55000000000291,-8.05000000000291,False,False,-0.3011494252874901
BANKNIFTY:2024-08-23,2024-08-23,BANKNIFTY,compression_expansion_down,2024-08-23T11:27:00+05:30,2024-08-23T11:27:00+05:30,DOWN,{},"{'source_path': '/Users/madhuram/tradebot-structural-edge-discovery-v3/runtime/upstox_candidate_replay.zip!upstox_candidate_replay/20240823/underlying/BANKNIFTY_20240823.parquet', 'source_hash': '4357f109ed631802b3774c34db9c318f71742f8e99de307408af71bf00810707'}",{'completed_bar_only': True},"{'buy_ce_allowed': False, 'buy_pe_allowed': True, 'research_only': True}",0f4e6bd68f9e62f8d2f917bbccb77908f3744a12abb850994380e9ebef9ceb8b,51032.05,2024-08-23 11:26:00+05:30,131,0.0016397576966064695,259.40000000000146,0.0,285.5500000000029,14.609999999999127,15.013333333332655,0.0001566051356921584,14.971428571427428,45.837121212127386,85.79999999999563,175.35000000000582,0.196682464454714,0.405213270142346,0.39810426540294,8,0,-8.033521337325045e-05,21.099999999998545,4.149999999994179,0.0,2024-08-23T11:27:00+05:30,51032.95,30,56.299999999995634,4.05000000000291,49.19999999999709,47.69999999999709,True,True,0.8738898756660907
BANKNIFTY:2024-08-23,2024-08-23,BANKNIFTY,compression_expansion_down,2024-08-23T11:52:00+05:30,2024-08-23T11:52:00+05:30,DOWN,{},"{'source_path': '/Users/madhuram/tradebot-structural-edge-discovery-v3/runtime/upstox_candidate_replay.zip!upstox_candidate_replay/20240823/underlying/BANKNIFTY_20240823.parquet', 'source_hash': '4357f109ed631802b3774c34db9c318f71742f8e99de307408af71bf00810707'}",{'completed_bar_only': True},"{'buy_ce_allowed': False, 'buy_pe_allowed': True, 'research_only': True}",f44f0a20711ca59a645082b4985f24686c99c725d7b7be27a535ff03f2441fe4,51007.45,2024-08-23 11:51:00+05:30,156,0.0012491990112388945,259.40000000000146,0.0,285.5500000000029,15.219999999998254,16.13333333333285,0.00018921748734188436,16.110714285713975,16.565605095544015,110.40000000000146,150.75,0.35470941883795004,0.14629258517012445,0.4989979959919255,7,0,-0.00015093555541845216,24.94999999999709,8.85000000000582,0.0,2024-08-23T11:52:00+05:30,51003.7,30,27.049999999995634,18.80000000000291,3.0,1.5,True,True,0.11090573012940792
BANKNIFTY:2024-08-23,2024-08-23,BANKNIFTY,compression_expansion_down,2024-08-23T12:27:00+05:30,2024-08-23T12:27:00+05:30,DOWN,{},"{'source_path': '/Users/madhuram/tradebot-structural-edge-discovery-v3/runtime/upstox_candidate_replay.zip!upstox_candidate_replay/20240823/underlying/BANKNIFTY_20240823.parquet', 'source_hash': '4357f109ed631802b3774c34db9c318f71742f8e99de307408af71bf00810707'}",{'completed_bar_only': True},"{'buy_ce_allowed': False, 'buy_pe_allowed': True, 'research_only': True}",db1f445809e74280881e403e382baba978d1c404611f759f2313dc2ab8652f6e,50967.5,2024-08-23 12:26:00+05:30,191,0.0008370516548207298,259.40000000000146,0.0,285.5500000000029,13.819999999999709,13.553333333332557,0.0001802273118451127,13.607142857142337,-25.061718749995634,150.34999999999854,110.80000000000291,1.0,0.0,0.0,0,0,-0.0005353487022207171,27.80000000000291,27.80000000000291,0.0,2024-08-23T12:27:00+05:30,50967.3,30,4.850000000005821,36.349999999998545,-18.14999999999418,-19.64999999999418,False,False,-3.742268041231422
BANKNIFTY:2024-08-23,2024-08-23,BANKNIFTY,compression_expansion_down,2024-08-23T12:42:00+05:30,2024-08-23T12:42:00+05:30,DOWN,{},"{'source_path': '/Users/madhuram/tradebot-structural-edge-discovery-v3/runtime/upstox_candidate_replay.zip!upstox_candidate_replay/20240823/underlying/BANKNIFTY_20240823.parquet', 'source_hash': '4357f109ed631802b3774c34db9c318f71742f8e99de307408af71bf00810707'}",{'completed_bar_only': True},"{'buy_ce_allowed': False, 'buy_pe_allowed': True, 'research_only': True}",95f18632910a8988bc4b7459e5e87cf63a48a9052d58ebdc6b42f9a5580ff67b,50977.15,2024-08-23 12:41:00+05:30,206,0.0007399026350935052,259.40000000000146,0.0,285.5500000000029,13.249999999998545,13.339999999999902,0.00012595916730397856,13.22857142857122,-14.909661835743464,140.6999999999971,120.45000000000437,0.5999999999998678,0.1113636363638348,0.28863636363629747,7,0,-0.0002637741073844291,22.0,13.19999999999709,0.0,2024-08-23T12:42:00+05:30,50973.6,30,10.349999999998545,48.900000000001455,-47.400000000001455,-48.900000000001455,False,False,-4.57971014492832
BANKNIFTY:2024-08-26,2024-08-26,BANKNIFTY,compression_expansion_down,2024-08-26T09:46:00+05:30,2024-08-26T09:46:00+05:30,DOWN,{},"{'source_path': '/Users/madhuram/tradebot-structural-edge-discovery-v3/runtime/upstox_candidate_replay.zip!upstox_candidate_replay/20240826/underlying/BANKNIFTY_20240826.parquet', 'source_hash': '4357f109ed631802b3774c34db9c318f71742f8e99de307408af71bf00810707'}",{'completed_bar_only': True},"{'buy_ce_allowed': False, 'buy_pe_allowed': True, 'research_only': True}",45b9998a1088aafe8aa137bbc398079eae59a0e4513daa7b77504080875aaca8,51209.4,2024-08-26 09:45:00+05:30,30,0.005594435783196453,139.75,0.0,261.15000000000146,30.45,29.333333333332362,0.0003289462004136338,29.649999999998858,31.56290322580753,50.299999999995634,147.84999999999854,0.872791519434586,0.06831566548884933,0.0588928150765647,0,9,-0.0007541750369038924,42.44999999999709,37.049999999995634,0.0,2024-08-26T09:46:00+05:30,51212.2,30,0.0,100.80000000000291,-82.65000000000146,-84.15000000000146,False,False,0.0
BANKNIFTY:2024-08-26,2024-08-26,BANKNIFTY,compression_expansion_down,2024-08-26T10:52:00+05:30,2024-08-26T10:52:00+05:30,DOWN,{},"{'source_path': '/Users/madhuram/tradebot-structural-edge-discovery-v3/runtime/upstox_candidate_replay.zip!upstox_candidate_replay/20240826/underlying/BANKNIFTY_20240826.parquet', 'source_hash': '4357f109ed631802b3774c34db9c318f71742f8e99de307408af71bf00810707'}",{'completed_bar_only': True},"{'buy_ce_allowed': False, 'buy_pe_allowed': True, 'research_only': True}",d3ef524f1be22d0ec5fcc46ebfc2232520cc40699453abb2b8024ae9c64564df,51166.4,2024-08-26 10:51:00+05:30,96,0.004722206142498216,139.75,0.0,261.15000000000146,16.94000000000087,17.730000000000775,0.0002762429480925415,17.42857142857195,-60.75412371134007,151.4499999999971,104.84999999999854,0.8578313253011698,0.12409638554220374,0.018072289156626505,9,12,-0.0007089469891234934,41.5,35.599999999998545,0.0,2024-08-26T10:52:00+05:30,51166.7,30,18.19999999999709,69.20000000000437,-58.80000000000291,-60.30000000000291,False,False,-3.230769230769907
BANKNIFTY:2024-08-26,2024-08-26,BANKNIFTY,compression_expansion_down,2024-08-26T13:06:00+05:30,2024-08-26T13:06:00+05:30,DOWN,{},"{'source_path': '/Users/madhuram/tradebot-structural-edge-discovery-v3/runtime/upstox_candidate_replay.zip!upstox_candidate_replay/20240826/underlying/BANKNIFTY_20240826.parquet', 'source_hash': '4357f109ed631802b3774c34db9c318f71742f8e99de307408af71bf00810707'}",{'completed_bar_only': True},"{'buy_ce_allowed': False, 'buy_pe_allowed': True, 'research_only': True}",392c01a95482e57447108a207c08e93943ff34333dc2116a39971553c1f4322a,51222.5,2024-08-26 13:05:00+05:30,230,0.0054266615778428735,139.75,0.0,261.15000000000146,11.430000000001746,11.7,0.00010369607998085132,11.714285714285714,2.6084415584482485,95.34999999999854,160.9499999999971,0.7777777777777369,0.0,0.22222222222226307,17,12,-0.00030153431196988656,19.80000000000291,15.400000000001455,0.0,2024-08-26T13:06:00+05:30,51222.7,30,28.0,7.850000000005821,14.349999999998545,12.849999999998545,True,True,0.512499999999948
BANKNIFTY:2024-08-26,2024-08-26,BANKNIFTY,compression_expansion_down,2024-08-26T13:07:00+05:30,2024-08-26T13:07:00+05:30,DOWN,{},"{'source_path': '/Users/madhuram/tradebot-structural-edge-discovery-v3/runtime/upstox_candidate_replay.zip!upstox_candidate_replay/20240826/underlying/BANKNIFTY_20240826.parquet', 'source_hash': '4357f109ed631802b3774c34db9c318f71742f8e99de307408af71bf00810707'}",{'completed_bar_only': True},"{'buy_ce_allowed': False, 'buy_pe_allowed': True, 'research_only': True}",54772a289b76edef9e15bec3de755f79b22ec90f6a36a40814ab701144b4921f,51216.25,2024-08-26 13:06:00+05:30,231,0.005128396323880717,139.75,0.0,261.15000000000146,13.120000000001165,12.110000000000097,0.00010755547550061644,11.914285714285922,-3.625862068962306,101.59999999999854,154.6999999999971,0.36543909348422426,0.3427762039661423,0.29178470254963346,0,12,-0.00012201669188349751,17.650000000001455,6.44999999999709,0.0,2024-08-26T13:07:00+05:30,51219.4,30,24.700000000004366,11.150000000001455,14.950000000004366,13.450000000004366,True,True,0.6052631578948066
BANKNIFTY:2024-08-27,2024-08-27,BANKNIFTY,compression_expansion_down,2024-08-27T09:32:00+05:30,2024-08-27T09:32:00+05:30,DOWN,{},"{'source_path': '/Users/madhuram/tradebot-structural-edge-discovery-v3/runtime/upstox_candidate_replay.zip!upstox_candidate_replay/20240827/underlying/BANKNIFTY_20240827.parquet', 'source_hash': '4357f109ed631802b3774c34db9c318f71742f8e99de307408af71bf00810707'}",{'completed_bar_only': True},"{'buy_ce_allowed': False, 'buy_pe_allowed': True, 'research_only': True}",f993b3e60bbb5894c2381230bdac2a7df4d135769bb19dbc2888cb8be91bf6d9,50987.6,2024-08-27 09:31:00+05:30,16,-0.0024372915377901777,246.75,0.0,256.29999999999563,40.04999999999855,39.53666666666589,0.0006633029368218792,35.59999999999958,-115.15294117647136,261.90000000000146,5.650000000001455,0.9003527336860491,0.0,0.09964726631395097,0,1,-0.0009659677605811101,56.700000000004366,51.05000000000291,0.0,2024-08-27T09:32:00+05:30,50988.85,30,50.75,266.34999999999854,-264.59999999999854,-266.09999999999854,False,False,-5.213793103448247
BANKNIFTY:2024-08-27,2024-08-27,BANKNIFTY,compression_expansion_down,2024-08-27T10:30:00+05:30,2024-08-27T10:30:00+05:30,DOWN,{},"{'source_path': '/Users/madhuram/tradebot-structural-edge-discovery-v3/runtime/upstox_candidate_replay.zip!upstox_candidate_replay/20240827/underlying/BANKNIFTY_20240827.parquet', 'source_hash': '4357f109ed631802b3774c34db9c318f71742f8e99de307408af71bf00810707'}",{'completed_bar_only': True},"{'buy_ce_allowed': False, 'buy_pe_allowed': True, 'research_only': True}",33f20afae733185abe56551cabe36473ba82296ef98abb5c76606bd94bdafd1b,51035.45,2024-08-27 10:29:00+05:30,74,-0.0003752686249042936,246.75,0.0,256.29999999999563,40.16999999999971,29.58333333333285,0.000588350445737828,29.967857142856833,-73.41000000000349,230.65000000000146,97.34999999999854,0.8833807395367883,0.0,0.11661926046321175,0,2,-0.0020599990614148522,123.05000000000291,108.70000000000437,0.0,2024-08-27T10:30:00+05:30,51025.3,30,44.900000000001455,204.39999999999418,-193.79999999999563,-195.29999999999563,False,False,-4.316258351892858
BANKNIFTY:2024-08-27,2024-08-27,BANKNIFTY,compression_expansion_down,2024-08-27T11:49:00+05:30,2024-08-27T11:49:00+05:30,DOWN,{},"{'source_path': '/Users/madhuram/tradebot-structural-edge-discovery-v3/runtime/upstox_candidate_replay.zip!upstox_candidate_replay/20240827/underlying/BANKNIFTY_20240827.parquet', 'source_hash': '4357f109ed631802b3774c34db9c318f71742f8e99de307408af71bf00810707'}",{'completed_bar_only': True},"{'buy_ce_allowed': False, 'buy_pe_allowed': True, 'research_only': True}",28c287f5277a4a6e0335869bb6913e9e1a8277e593b24cec045a52bc130299e8,51316.0,2024-08-27 11:48:00+05:30,153,0.0034966435935098357,246.75,0.0,256.29999999999563,23.35000000000291,26.680000000001748,0.00022051602952892122,27.52857142857309,148.59415584415547,88.69999999999709,377.90000000000146,0.6962864721484605,0.021220159151268375,0.28249336870027114,7,8,-0.0005044612684766969,37.700000000004366,26.25,0.0,2024-08-27T11:49:00+05:30,51317.7,30,55.599999999998545,26.700000000004366,48.0,46.5,True,True,0.8633093525180082
BANKNIFTY:2024-08-27,2024-08-27,BANKNIFTY,compression_expansion_down,2024-08-27T13:46:00+05:30,2024-08-27T13:46:00+05:30,DOWN,{},"{'source_path': '/Users/madhuram/tradebot-structural-edge-discovery-v3/runtime/upstox_candidate_replay.zip!upstox_candidate_replay/20240827/underlying/BANKNIFTY_20240827.parquet', 'source_hash': '4357f109ed631802b3774c34db9c318f71742f8e99de307408af71bf00810707'}",{'completed_bar_only': True},"{'buy_ce_allowed': False, 'buy_pe_allowed': True, 'research_only': True}",cdee7138a12716119fcf7df375a88ced5bcedfd9cfa20cf9480a24ddcddf6e91,51331.5,2024-08-27 13:45:00+05:30,270,0.003774186014011955,246.75,0.0,256.29999999999563,19.639999999999418,21.74333333333343,0.0002803118134119117,22.27857142857153,95.83616236162197,73.19999999999709,393.40000000000146,0.793322734499186,0.10810810810816439,0.09856915739264965,12,8,-0.0004653843607488328,31.44999999999709,24.94999999999709,0.0,2024-08-27T13:46:00+05:30,51334.7,30,29.94999999999709,47.80000000000291,1.9499999999970896,0.4499999999970896,False,False,0.06510851419022634
BANKNIFTY:2024-08-27,2024-08-27,BANKNIFTY,compression_expansion_down,2024-08-27T14:49:00+05:30,2024-08-27T14:49:00+05:30,DOWN,{},"{'source_path': '/Users/madhuram/tradebot-structural-edge-discovery-v3/runtime/upstox_candidate_replay.zip!upstox_candidate_replay/20240827/underlying/BANKNIFTY_20240827.parquet', 'source_hash': '4357f109ed631802b3774c34db9c318f71742f8e99de307408af71bf00810707'}",{'completed_bar_only': True},"{'buy_ce_allowed': False, 'buy_pe_allowed': True, 'research_only': True}",eeda8e24af32de3a546e067414b6e19d2a4bf280f553b8d8179d541b75043393,51264.0,2024-08-27 14:48:00+05:30,333,0.002611244181626077,246.75,0.0,256.29999999999563,23.160000000000583,23.289999999999903,0.0002677961629979983,23.867857142856728,11.551646706589963,140.6999999999971,325.90000000000146,0.8268506900877866,0.17314930991221347,0.0,7,8,-0.0005965540232304445,39.849999999998545,32.94999999999709,0.0,2024-08-27T14:49:00+05:30,51270.15,30,66.84999999999854,52.0,-3.099999999998545,-4.599999999998545,True,True,-0.04637247569182666
NIFTY:2024-05-30,2024-05-30,NIFTY,compression_expansion_down,2024-05-30T10:04:00+05:30,2024-05-30T10:04:00+05:30,DOWN,{},"{'source_path': '/Users/madhuram/tradebot-structural-edge-discovery-v3/runtime/upstox_candidate_replay.zip!upstox_candidate_replay/20240530/underlying/NIFTY_20240530.parquet', 'source_hash': '4357f109ed631802b3774c34db9c318f71742f8e99de307408af71bf00810707'}",{'completed_bar_only': True},"{'buy_ce_allowed': False, 'buy_pe_allowed': True, 'research_only': True}",9bdaaddc8b53e498be3448910e7b7e5ee9be113d9f4e71ce23342c71616e5893,22585.7,2024-05-30 10:03:00+05:30,48,0.0,88.5,0.0,0.0,11.6,11.676666666667007,0.0003379416636683364,11.314285714286077,-36.261224489797314,120.04999999999927,8.850000000002183,0.49494949494938545,0.058080808080873035,0.44696969696974154,10,0,-0.0004558328907771081,19.80000000000291,9.799999999999272,0.0,2024-05-30T10:04:00+05:30,22585.6,30,31.599999999998545,16.75,3.9499999999970896,2.4499999999970896,True,True,0.12499999999991365
NIFTY:2024-05-30,2024-05-30,NIFTY,compression_expansion_down,2024-05-30T10:55:00+05:30,2024-05-30T10:55:00+05:30,DOWN,{},"{'source_path': '/Users/madhuram/tradebot-structural-edge-discovery-v3/runtime/upstox_candidate_replay.zip!upstox_candidate_replay/20240530/underlying/NIFTY_20240530.parquet', 'source_hash': '4357f109ed631802b3774c34db9c318f71742f8e99de307408af71bf00810707'}",{'completed_bar_only': True},"{'buy_ce_allowed': False, 'buy_pe_allowed': True, 'research_only': True}",aa376b0dcdd2298fc1b609bfabafd0a902c2bb561755dfceaa1d5372b15f8977,22590.15,2024-05-30 10:54:00+05:30,99,0.0,88.5,0.0,0.0,8.7,8.826666666666764,0.0003025677996459299,8.73928571428587,-11.404500000000553,115.59999999999854,36.150000000001455,0.6550632911391786,0.06012658227852983,0.2848101265822916,12,0,-0.0004933344542127349,15.799999999999272,10.349999999998545,0.0,2024-05-30T10:55:00+05:30,22590.45,30,44.85000000000218,3.0499999999992724,35.0,33.5,True,True,0.7803790412485685
NIFTY:2024-05-30,2024-05-30,NIFTY,compression_expansion_down,2024-05-30T11:10:00+05:30,2024-05-30T11:10:00+05:30,DOWN,{},"{'source_path': '/Users/madhuram/tradebot-structural-edge-discovery-v3/runtime/upstox_candidate_replay.zip!upstox_candidate_replay/20240530/underlying/NIFTY_20240530.parquet', 'source_hash': '4357f109ed631802b3774c34db9c318f71742f8e99de307408af71bf00810707'}",{'completed_bar_only': True},"{'buy_ce_allowed': False, 'buy_pe_allowed': True, 'research_only': True}",dc0c902df9875d55ac09165e54911ae18458e617e71afe7d314cd39c4bf8ae30,22568.55,2024-05-30 11:09:00+05:30,114,0.0,88.5,0.0,0.0,7.739999999999418,7.3366666666668605,0.0002032524394044593,7.36428571428613,-30.625652173916023,137.20000000000073,14.549999999999272,0.8498168498171457,0.06959706959686751,0.08058608058598686,0,0,-0.000509299137955832,13.649999999997817,11.600000000002183,0.0,2024-05-30T11:10:00+05:30,22568.25,30,24.0,8.549999999999272,15.049999999999272,13.549999999999272,True,True,0.627083333333303
NIFTY:2024-05-30,2024-05-30,NIFTY,compression_expansion_down,2024-05-30T11:23:00+05:30,2024-05-30T11:23:00+05:30,DOWN,{},"{'source_path': '/Users/madhuram/tradebot-structural-edge-discovery-v3/runtime/upstox_candidate_replay.zip!upstox_candidate_replay/20240530/underlying/NIFTY_20240530.parquet', 'source_hash': '4357f109ed631802b3774c34db9c318f71742f8e99de307408af71bf00810707'}",{'completed_bar_only': True},"{'buy_ce_allowed': False, 'buy_pe_allowed': True, 'research_only': True}",26ec0d4ba2e16258fb8fba7952d34b81f46cf0207ea10ed9d20725da7252fa99,22547.75,2024-05-30 11:22:00+05:30,127,0.0,88.5,0.0,0.0,6.7,7.380000000000291,0.00024240357788024003,7.275000000000156,-47.941796874998545,158.0,0.9500000000007276,0.8922413793100515,0.02586206896576327,0.08189655172418524,7,0,-0.0004698925231676476,11.600000000002183,10.349999999998545,0.0,2024-05-30T11:23:00+05:30,22548.25,30,7.349999999998545,18.349999999998545,-6.200000000000728,-7.700000000000728,False,False,-0.8435374149662523
NIFTY:2024-05-30,2024-05-30,NIFTY,compression_expansion_down,2024-05-30T13:09:00+05:30,2024-05-30T13:09:00+05:30,DOWN,{},"{'source_path': '/Users/madhuram/tradebot-structural-edge-discovery-v3/runtime/upstox_candidate_replay.zip!upstox_candidate_replay/20240530/underlying/NIFTY_20240530.parquet', 'source_hash': '4357f109ed631802b3774c34db9c318f71742f8e99de307408af71bf00810707'}",{'completed_bar_only': True},"{'buy_ce_allowed': False, 'buy_pe_allowed': True, 'research_only': True}",1cd6d4afa8af873248e98fd8cdec30c3b1b5e7d6e5d4634a91d9871fe6eb2598,22586.8,2024-05-30 13:08:00+05:30,233,0.0,88.5,0.0,0.0,7.919999999999709,8.736666666666618,0.00022915073991456073,8.667857142857299,4.383333333331393,118.95000000000073,45.89999999999782,0.7159533073931338,0.1011673151750521,0.1828793774318141,6,0,-0.0003983041096132789,12.849999999998545,9.200000000000728,0.0,2024-05-30T13:09:00+05:30,22587.9,30,69.35000000000218,0.75,63.10000000000218,61.60000000000218,True,True,0.9098774333093035
NIFTY:2024-05-31,2024-05-31,NIFTY,compression_expansion_down,2024-05-31T10:58:00+05:30,2024-05-31T10:58:00+05:30,DOWN,{},"{'source_path': '/Users/madhuram/tradebot-structural-edge-discovery-v3/runtime/upstox_candidate_replay.zip!upstox_candidate_replay/20240531/underlying/NIFTY_20240531.parquet', 'source_hash': '4357f109ed631802b3774c34db9c318f71742f8e99de307408af71bf00810707'}",{'completed_bar_only': True},"{'buy_ce_allowed': False, 'buy_pe_allowed': True, 'research_only': True}",c5b658e40cce499507327de0e66dc61ebeca86211de32f60bc6f34966b2fbdb9,22514.85,2024-05-31 10:57:00+05:30,102,-0.0015671340730855716,89.54999999999927,0.0,288.75,7.570000000001164,8.703333333333527,0.0003136596628986277,8.803571428571688,-58.618446601944015,138.90000000000146,4.5,0.5564516129032778,0.08064516129031311,0.36290322580640905,6,3,-0.0003263446732557629,12.400000000001455,6.900000000001455,0.0,2024-05-31T10:58:00+05:30,22514.35,30,18.5,23.100000000002183,-4.25,-5.75,False,False,-0.22972972972972974
NIFTY:2024-05-31,2024-05-31,NIFTY,compression_expansion_down,2024-05-31T12:09:00+05:30,2024-05-31T12:09:00+05:30,DOWN,{},"{'source_path': '/Users/madhuram/tradebot-structural-edge-discovery-v3/runtime/upstox_candidate_replay.zip!upstox_candidate_replay/20240531/underlying/NIFTY_20240531.parquet', 'source_hash': '4357f109ed631802b3774c34db9c318f71742f8e99de307408af71bf00810707'}",{'completed_bar_only': True},"{'buy_ce_allowed': False, 'buy_pe_allowed': True, 'research_only': True}",c06826734f18933f46169399ba6c01593c7c8cda80bbae1183839dc260c8d254,22512.5,2024-05-31 12:08:00+05:30,173,-0.0016336319828346086,89.54999999999927,0.0,288.75,6.660000000001309,6.630000000000534,0.0001981549335951718,6.396428571429039,-41.30890804597584,141.25,16.650000000001455,0.7948717948717948,0.041025641025790274,0.16410256410241486,0,3,-0.0003641094637378828,9.75,7.75,0.0,2024-05-31T12:09:00+05:30,22512.5,30,11.950000000000728,19.400000000001455,-6.5,-8.0,False,False,-0.5439330543932723
NIFTY:2024-05-31,2024-05-31,NIFTY,compression_expansion_down,2024-05-31T13:34:00+05:30,2024-05-31T13:34:00+05:30,DOWN,{},"{'source_path': '/Users/madhuram/tradebot-structural-edge-discovery-v3/runtime/upstox_candidate_replay.zip!upstox_candidate_replay/20240531/underlying/NIFTY_20240531.parquet', 'source_hash': '4357f109ed631802b3774c34db9c318f71742f8e99de307408af71bf00810707'}",{'completed_bar_only': True},"{'buy_ce_allowed': False, 'buy_pe_allowed': True, 'research_only': True}",fbd2663f70b8a74c5ca4543a611675169a15b3d0adc158d139228f1a8909a2c6,22545.8,2024-05-31 13:33:00+05:30,258,-0.000441102801335149,89.54999999999927,0.0,288.75,6.409999999997671,7.286666666665891,0.00023707480430594976,6.860714285713454,-0.5011583011582843,107.95000000000073,49.95000000000073,0.13043478260892488,0.3043478260867884,0.5652173913042867,4,3,-2.2176587732847253e-05,10.349999999998545,1.3500000000021828,0.0,2024-05-31T13:34:00+05:30,22545.65,30,1.8500000000021828,85.75,-77.25,-78.75,False,False,-41.75675675670749
NIFTY:2024-05-31,2024-05-31,NIFTY,compression_expansion_down,2024-05-31T14:04:00+05:30,2024-05-31T14:04:00+05:30,DOWN,{},"{'source_path': '/Users/madhuram/tradebot-structural-edge-discovery-v3/runtime/upstox_candidate_replay.zip!upstox_candidate_replay/20240531/underlying/NIFTY_20240531.parquet', 'source_hash': '4357f109ed631802b3774c34db9c318f71742f8e99de307408af71bf00810707'}",{'completed_bar_only': True},"{'buy_ce_allowed': False, 'buy_pe_allowed': True, 'research_only': True}",af626c950d1a1dfeeb955afc2c8e530c3159176e34103952fd2badf69b95cfad,22617.5,2024-05-31 14:03:00+05:30,288,0.0030057055206565964,89.54999999999927,0.0,288.75,11.490000000000146,10.256666666667297,0.00026414129037277104,10.139285714286546,67.21522491349606,36.25,121.65000000000146,0.4553846153847049,0.4,0.14461538461529508,0,3,-0.00037788301537389213,16.25,7.400000000001455,0.0,2024-05-31T14:04:00+05:30,22617.35,30,141.64999999999782,11.80000000000291,138.14999999999782,136.64999999999782,True,True,0.9752912107306738
NIFTY:2024-05-31,2024-05-31,NIFTY,compression_expansion_down,2024-05-31T14:17:00+05:30,2024-05-31T14:17:00+05:30,DOWN,{},"{'source_path': '/Users/madhuram/tradebot-structural-edge-discovery-v3/runtime/upstox_candidate_replay.zip!upstox_candidate_replay/20240531/underlying/NIFTY_20240531.parquet', 'source_hash': '4357f109ed631802b3774c34db9c318f71742f8e99de307408af71bf00810707'}",{'completed_bar_only': True},"{'buy_ce_allowed': False, 'buy_pe_allowed': True, 'research_only': True}",1ba18a3d3ccbbafb1d8621ec378c99fab150037e8405c87647229a9e871e64ac,22579.6,2024-05-31 14:16:00+05:30,301,0.0016956966986004407,89.54999999999927,0.0,288.75,11.570000000000437,13.573333333333478,0.0004074224109713522,13.464285714285975,26.990231788076926,74.15000000000146,83.75,0.7994923857867725,0.01015228426399595,0.19035532994923154,6,3,-0.0007036799362705182,19.700000000000728,15.75,0.0,2024-05-31T14:17:00+05:30,22578.1,30,105.59999999999854,1.7000000000007276,94.25,92.75,True,True,0.8925189393939517
NIFTY:2024-05-31,2024-05-31,NIFTY,compression_expansion_down,2024-05-31T14:32:00+05:30,2024-05-31T14:32:00+05:30,DOWN,{},"{'source_path': '/Users/madhuram/tradebot-structural-edge-discovery-v3/runtime/upstox_candidate_replay.zip!upstox_candidate_replay/20240531/underlying/NIFTY_20240531.parquet', 'source_hash': '4357f109ed631802b3774c34db9c318f71742f8e99de307408af71bf00810707'}",{'completed_bar_only': True},"{'buy_ce_allowed': False, 'buy_pe_allowed': True, 'research_only': True}",262547933daf017fe9780dea5a8b5c897272f40cccd9de0820fd0c2f87989a74,22495.85,2024-05-31 14:31:00+05:30,316,-0.0017200792655083887,89.54999999999927,0.0,288.75,15.669999999999709,14.616666666666424,0.0005057522018205865,14.657142857142649,-56.125236593063164,157.90000000000146,2.349999999998545,0.9052419354839268,0.0,0.09475806451607313,0,3,-0.0010102759496594116,24.799999999999272,22.450000000000728,0.0,2024-05-31T14:32:00+05:30,22494.0,30,28.900000000001455,50.349999999998545,-21.349999999998545,-22.849999999998545,False,False,-0.738754325259428
NIFTY:2024-05-31,2024-05-31,NIFTY,compression_expansion_down,2024-05-31T15:28:00+05:30,2024-05-31T15:28:00+05:30,DOWN,{},"{'source_path': '/Users/madhuram/tradebot-structural-edge-discovery-v3/runtime/upstox_candidate_replay.zip!upstox_candidate_replay/20240531/underlying/NIFTY_20240531.parquet', 'source_hash': '4357f109ed631802b3774c34db9c318f71742f8e99de307408af71bf00810707'}",{'completed_bar_only': True},"{'buy_ce_allowed': False, 'buy_pe_allowed': True, 'research_only': True}",a67ba46b7e18471e997ac9c3eb38f38e15e87f30c22e75ea8d10f8793f99e2fb,22530.2,2024-05-31 15:27:00+05:30,372,-0.00033913933971999136,89.54999999999927,0.0,288.75,13.540000000000145,15.083333333333334,0.0005508074293689968,14.764285714285766,-15.984718498661096,123.54999999999927,65.10000000000218,0.6684027777777947,0.19618055555548472,0.13541666666672061,8,3,-0.0008647565156078008,28.799999999999272,19.25,0.0,2024-05-31T15:28:00+05:30,22528.5,30,14.650000000001455,24.5,-21.950000000000728,-23.450000000000728,False,False,-1.4982935153582626
NIFTY:2024-06-03,2024-06-03,NIFTY,compression_expansion_down,2024-06-03T09:42:00+05:30,2024-06-03T09:42:00+05:30,DOWN,{},"{'source_path': '/Users/madhuram/tradebot-structural-edge-discovery-v3/runtime/upstox_candidate_replay.zip!upstox_candidate_replay/20240603/underlying/NIFTY_20240603.parquet', 'source_hash': '4357f109ed631802b3774c34db9c318f71742f8e99de307408af71bf00810707'}",{'completed_bar_only': True},"{'buy_ce_allowed': False, 'buy_pe_allowed': True, 'research_only': True}",a07c9fb9b0880cd889d903edd38e0c0d418cd04560ad32d55add482c394b3635,23122.65,2024-06-03 09:41:00+05:30,26,0.026813212153194186,256.0,0.0,188.65000000000146,21.390000000000875,22.366666666666667,0.0006723033247182849,21.514285714285506,-11.777777777777374,216.04999999999927,39.95000000000073,0.8153266331657709,0.05527638190956703,0.12939698492466203,22,0,-0.0014790408042527625,39.79999999999927,32.44999999999709,0.0,2024-06-03T09:42:00+05:30,23122.25,30,59.95000000000073,71.70000000000073,-56.599999999998545,-58.099999999998545,False,False,-0.9441201000833671
NIFTY:2024-06-03,2024-06-03,NIFTY,compression_expansion_down,2024-06-03T10:04:00+05:30,2024-06-03T10:04:00+05:30,DOWN,{},"{'source_path': '/Users/madhuram/tradebot-structural-edge-discovery-v3/runtime/upstox_candidate_replay.zip!upstox_candidate_replay/20240603/underlying/NIFTY_20240603.parquet', 'source_hash': '4357f109ed631802b3774c34db9c318f71742f8e99de307408af71bf00810707'}",{'completed_bar_only': True},"{'buy_ce_allowed': False, 'buy_pe_allowed': True, 'research_only': True}",100684b0470f5b409b4df57702776787c1244c49a2732a8b13d06cca6e19432b,23162.75,2024-06-03 10:03:00+05:30,48,0.02797283424499286,256.0,0.0,188.65000000000146,18.51999999999898,18.333333333333577,0.000532032601898945,18.457142857142962,29.153061224489647,175.95000000000073,100.45000000000073,0.5547226386806838,0.06296851574208805,0.38230884557722805,0,0,-0.0008153000325689108,33.349999999998545,18.5,0.0,2024-06-03T10:04:00+05:30,23161.15,30,10.80000000000291,46.349999999998545,-26.299999999999272,-27.799999999999272,False,False,-2.4351851851844617
NIFTY:2024-06-03,2024-06-03,NIFTY,compression_expansion_down,2024-06-03T10:22:00+05:30,2024-06-03T10:22:00+05:30,DOWN,{},"{'source_path': '/Users/madhuram/tradebot-structural-edge-discovery-v3/runtime/upstox_candidate_replay.zip!upstox_candidate_replay/20240603/underlying/NIFTY_20240603.parquet', 'source_hash': '4357f109ed631802b3774c34db9c318f71742f8e99de307408af71bf00810707'}",{'completed_bar_only': True},"{'buy_ce_allowed': False, 'buy_pe_allowed': True, 'research_only': True}",e1d6513c91b99f4ba759f0e1ddc110f05adf2a84a2b0e3c23714acd762d11db2,23180.45,2024-06-03 10:21:00+05:30,66,0.028414067125046284,256.0,0.0,188.65000000000146,9.159999999999854,11.803333333333285,0.00037303466874182917,11.403571428571272,34.10000000000218,158.25,118.15000000000146,0.6495468277945905,0.3504531722054095,0.0,14,0,-0.00048293243473407355,16.549999999999272,10.75,0.0,2024-06-03T10:22:00+05:30,23186.2,30,51.75,21.299999999999272,31.950000000000728,30.450000000000728,True,True,0.6173913043478402
NIFTY:2024-06-03,2024-06-03,NIFTY,compression_expansion_down,2024-06-03T13:05:00+05:30,2024-06-03T13:05:00+05:30,DOWN,{},"{'source_path': '/Users/madhuram/tradebot-structural-edge-discovery-v3/runtime/upstox_candidate_replay.zip!upstox_candidate_replay/20240603/underlying/NIFTY_20240603.parquet', 'source_hash': '4357f109ed631802b3774c34db9c318f71742f8e99de307408af71bf00810707'}",{'completed_bar_only': True},"{'buy_ce_allowed': False, 'buy_pe_allowed': True, 'research_only': True}",0149709100ad5301602ab4efe61c4031812cf8fbb300fd37b58712164e1c56da,23220.85,2024-06-03 13:04:00+05:30,229,0.030119132877614446,256.0,0.0,188.65000000000146,7.65,6.699999999999273,0.00020013257620881572,6.785714285713506,39.464782608694804,117.85000000000218,158.54999999999927,0.6641509433964461,0.06415094339611659,0.27169811320743736,0,0,-0.0003852809752989961,13.25,8.80000000000291,0.0,2024-06-03T13:05:00+05:30,23221.05,30,11.25,19.549999999999272,-8.650000000001455,-10.150000000001455,False,False,-0.7688888888890182
NIFTY:2024-06-03,2024-06-03,NIFTY,compression_expansion_down,2024-06-03T14:12:00+05:30,2024-06-03T14:12:00+05:30,DOWN,{},"{'source_path': '/Users/madhuram/tradebot-structural-edge-discovery-v3/runtime/upstox_candidate_replay.zip!upstox_candidate_replay/20240603/underlying/NIFTY_20240603.parquet', 'source_hash': '4357f109ed631802b3774c34db9c318f71742f8e99de307408af71bf00810707'}",{'completed_bar_only': True},"{'buy_ce_allowed': False, 'buy_pe_allowed': True, 'research_only': True}",363fc5ebd412f8b88da22d1a071dbdcc1dbbc2c4d1afe96ec02d0ef964c8306d,23249.25,2024-06-03 14:11:00+05:30,296,0.03136744499555435,256.0,0.0,188.65000000000146,8.020000000001165,7.916666666666909,0.00018655534432471444,7.796428571428935,57.54797979797877,89.45000000000073,186.95000000000073,0.7154811715480127,0.17573221757339372,0.10878661087859358,0,0,-0.00036332053470466974,11.950000000000728,8.549999999999272,0.0,2024-06-03T14:12:00+05:30,23250.3,30,38.0,7.400000000001455,-3.900000000001455,-5.400000000001455,True,True,-0.10263157894740671
NIFTY:2024-06-03,2024-06-03,NIFTY,compression_expansion_down,2024-06-03T14:31:00+05:30,2024-06-03T14:31:00+05:30,DOWN,{},"{'source_path': '/Users/madhuram/tradebot-structural-edge-discovery-v3/runtime/upstox_candidate_replay.zip!upstox_candidate_replay/20240603/underlying/NIFTY_20240603.parquet', 'source_hash': '4357f109ed631802b3774c34db9c318f71742f8e99de307408af71bf00810707'}",{'completed_bar_only': True},"{'buy_ce_allowed': False, 'buy_pe_allowed': True, 'research_only': True}",f7283d6438e9c21e7763832e6a514ccc533c2236d70e639fa5927bd578387fb9,23221.2,2024-06-03 14:30:00+05:30,315,0.029815369538080106,256.0,0.0,188.65000000000146,10.639999999999418,9.489999999999418,0.00027128009030730595,9.28214285714239,26.90348101265772,117.5,158.90000000000146,0.11851851851841072,0.2222222222222222,0.659259259259367,0,0,-3.229702931928369e-05,13.5,1.5999999999985448,0.0,2024-06-03T14:31:00+05:30,23221.7,30,0.0,44.0,-17.899999999997817,-19.399999999997817,False,False,0.0
NIFTY:2024-06-03,2024-06-03,NIFTY,compression_expansion_down,2024-06-03T14:48:00+05:30,2024-06-03T14:48:00+05:30,DOWN,{},"{'source_path': '/Users/madhuram/tradebot-structural-edge-discovery-v3/runtime/upstox_candidate_replay.zip!upstox_candidate_replay/20240603/underlying/NIFTY_20240603.parquet', 'source_hash': '4357f109ed631802b3774c34db9c318f71742f8e99de307408af71bf00810707'}",{'completed_bar_only': True},"{'buy_ce_allowed': False, 'buy_pe_allowed': True, 'research_only': True}",e34c870011d50bbd0979d5e77c61ea69cdecf314671db22de54c7582b4a596f6,23246.7,2024-06-03 14:47:00+05:30,332,0.03126988596679879,256.0,0.0,188.65000000000146,8.06999999999898,7.519999999999709,0.00025625986225916386,7.621428571428104,49.82072072072333,92.0,184.40000000000146,0.8356807511736752,0.04694835680752136,0.1173708920188034,0,0,-0.00040419502840105537,10.649999999997817,8.899999999997817,0.0,2024-06-03T14:48:00+05:30,23245.8,30,21.649999999997817,52.04999999999927,-38.60000000000218,-40.10000000000218,False,False,-1.782909930716216
NIFTY:2024-06-04,2024-06-04,NIFTY,compression_expansion_down,2024-06-04T09:58:00+05:30,2024-06-04T09:58:00+05:30,DOWN,{},"{'source_path': '/Users/madhuram/tradebot-structural-edge-discovery-v3/runtime/upstox_candidate_replay.zip!upstox_candidate_replay/20240604/underlying/NIFTY_20240604.parquet', 'source_hash': '4357f109ed631802b3774c34db9c318f71742f8e99de307408af71bf00810707'}",{'completed_bar_only': True},"{'buy_ce_allowed': False, 'buy_pe_allowed': True, 'research_only': True}",c0d708e24ac6f87d54fb2cb26ec68aba6c1ed9983f2976cba82a449477c2e7a6,22792.95,2024-06-04 09:57:00+05:30,42,-0.019183942297996956,700.0999999999985,0.0,276.40000000000146,48.46999999999971,46.27666666666628,0.0015375043311174233,47.50714285714249,118.97325581395489,386.5499999999993,403.1000000000022,1.0,0.0,0.0,0,0,-0.0029396132571308797,65.89999999999782,65.89999999999782,0.0,2024-06-04T09:58:00+05:30,22793.65,30,151.20000000000073,40.25,61.95000000000073,60.45000000000073,True,True,0.40972222222222504
NIFTY:2024-06-04,2024-06-04,NIFTY,compression_expansion_down,2024-06-04T10:19:00+05:30,2024-06-04T10:19:00+05:30,DOWN,{},"{'source_path': '/Users/madhuram/tradebot-structural-edge-discovery-v3/runtime/upstox_candidate_replay.zip!upstox_candidate_replay/20240604/underlying/NIFTY_20240604.parquet', 'source_hash': '4357f109ed631802b3774c34db9c318f71742f8e99de307408af71bf00810707'}",{'completed_bar_only': True},"{'buy_ce_allowed': False, 'buy_pe_allowed': True, 'research_only': True}",85f70813f66bd8e53ee6fc43bca2b50e76d89d99cc17a976dd70a3ca955af77d,22782.35,2024-06-04 10:18:00+05:30,63,-0.02085948008984836,700.0999999999985,0.0,276.40000000000146,21.559999999999853,26.233333333332606,0.0007630570482301359,25.985714285713453,68.75468749999709,397.15000000000146,392.5,0.9829396325459884,0.0,0.017060367454011603,14,0,-0.0015776776147267135,38.099999999998545,37.45000000000073,0.0,2024-06-04T10:19:00+05:30,22785.4,30,288.25,16.799999999999272,209.5500000000029,208.0500000000029,True,True,0.7269731136166623
NIFTY:2024-06-04,2024-06-04,NIFTY,compression_expansion_down,2024-06-04T10:21:00+05:30,2024-06-04T10:21:00+05:30,DOWN,{},"{'source_path': '/Users/madhuram/tradebot-structural-edge-discovery-v3/runtime/upstox_candidate_replay.zip!upstox_candidate_replay/20240604/underlying/NIFTY_20240604.parquet', 'source_hash': '4357f109ed631802b3774c34db9c318f71742f8e99de307408af71bf00810707'}",{'completed_bar_only': True},"{'buy_ce_allowed': False, 'buy_pe_allowed': True, 'research_only': True}",bb3ca285435efd4fba4caa1002ef95669ec25f012c875c31e6f7af8090d82d4e,22714.9,2024-06-04 10:20:00+05:30,65,-0.023114269102954426,700.0999999999985,0.0,276.40000000000146,26.649999999999274,27.84999999999903,0.0009555894425218273,27.1285714285706,0.4393939393958135,464.59999999999854,325.0500000000029,1.0,0.0,0.0,16,0,-0.0023935632910836446,52.349999999998545,52.349999999998545,0.0,2024-06-04T10:21:00+05:30,22715.75,30,218.59999999999854,86.45000000000073,168.45000000000073,166.95000000000073,True,True,0.770585544373293
NIFTY:2024-06-04,2024-06-04,NIFTY,compression_expansion_down,2024-06-04T10:22:00+05:30,2024-06-04T10:22:00+05:30,DOWN,{},"{'source_path': '/Users/madhuram/tradebot-structural-edge-discovery-v3/runtime/upstox_candidate_replay.zip!upstox_candidate_replay/20240604/underlying/NIFTY_20240604.parquet', 'source_hash': '4357f109ed631802b3774c34db9c318f71742f8e99de307408af71bf00810707'}",{'completed_bar_only': True},"{'buy_ce_allowed': False, 'buy_pe_allowed': True, 'research_only': True}",ef54decff14b93d1abfd117ce7d8fd774fdfd0a211e48ba8360cb54514c1e7f6,22649.45,2024-06-04 10:21:00+05:30,66,-0.02532400524329627,700.0999999999985,0.0,276.40000000000146,40.429999999998834,30.67999999999908,0.0011319989638955785,30.485714285713453,-64.04029850746156,530.0499999999993,259.6000000000022,0.8246268656716551,0.17537313432834487,0.0,0,0,-0.0028813686170752195,80.39999999999782,66.29999999999927,0.0,2024-06-04T10:22:00+05:30,22651.55,30,154.39999999999782,150.65000000000146,124.84999999999854,123.34999999999854,True,True,0.8086139896373077
NIFTY:2024-06-04,2024-06-04,NIFTY,compression_expansion_down,2024-06-04T10:56:00+05:30,2024-06-04T10:56:00+05:30,DOWN,{},"{'source_path': '/Users/madhuram/tradebot-structural-edge-discovery-v3/runtime/upstox_candidate_replay.zip!upstox_candidate_replay/20240604/underlying/NIFTY_20240604.parquet', 'source_hash': '4357f109ed631802b3774c34db9c318f71742f8e99de307408af71bf00810707'}",{'completed_bar_only': True},"{'buy_ce_allowed': False, 'buy_pe_allowed': True, 'research_only': True}",c710db0b4d304bf360545b9dc79b6e4a05d2d834eede348ccc84aa820bbc453d,22349.05,2024-06-04 10:55:00+05:30,100,-0.03694979179136664,700.0999999999985,0.0,276.40000000000146,49.649999999999274,44.85666666666633,0.0014735904904879175,45.014285714285506,-339.34207920792323,830.4500000000007,7.25,0.9296116504854369,0.0,0.0703883495145631,0,0,-0.00426158514036723,103.0,95.75,0.0,2024-06-04T10:56:00+05:30,22347.65,30,347.0500000000029,54.099999999998545,144.5,143.0,True,True,0.41636651779282174
NIFTY:2024-06-04,2024-06-04,NIFTY,compression_expansion_down,2024-06-04T11:08:00+05:30,2024-06-04T11:08:00+05:30,DOWN,{},"{'source_path': '/Users/madhuram/tradebot-structural-edge-discovery-v3/runtime/upstox_candidate_replay.zip!upstox_candidate_replay/20240604/underlying/NIFTY_20240604.parquet', 'source_hash': '4357f109ed631802b3774c34db9c318f71742f8e99de307408af71bf00810707'}",{'completed_bar_only': True},"{'buy_ce_allowed': False, 'buy_pe_allowed': True, 'research_only': True}",f0959170636c634392a37950bbbb981238bc9040893f44c656e264a53c296825,22125.25,2024-06-04 11:07:00+05:30,112,-0.046640450185467655,700.0999999999985,0.0,276.40000000000146,48.1,54.846666666666714,0.0020080124215020602,56.37857142857164,-520.1331858407066,1054.25,2.0,0.9791013584117034,0.0,0.0208986415882966,6,0,-0.004356033759261635,95.70000000000073,93.70000000000073,0.0,2024-06-04T11:08:00+05:30,22125.35,30,124.75,167.90000000000146,-137.0500000000029,-138.5500000000029,False,False,-1.0985971943888009
NIFTY:2024-06-04,2024-06-04,NIFTY,compression_expansion_down,2024-06-04T11:09:00+05:30,2024-06-04T11:09:00+05:30,DOWN,{},"{'source_path': '/Users/madhuram/tradebot-structural-edge-discovery-v3/runtime/upstox_candidate_replay.zip!upstox_candidate_replay/20240604/underlying/NIFTY_20240604.parquet', 'source_hash': '4357f109ed631802b3774c34db9c318f71742f8e99de307408af71bf00810707'}",{'completed_bar_only': True},"{'buy_ce_allowed': False, 'buy_pe_allowed': True, 'research_only': True}",966d4c52d20948e3c36d07629cc46fa61baf2a281b467207aa880753e8d541bb,22005.4,2024-06-04 11:08:00+05:30,113,-0.05065659198616671,700.0999999999985,0.0,276.40000000000146,62.750000000000725,60.96000000000034,0.0022857820702727903,61.59642857142899,-634.3692982456159,1174.0999999999985,4.80000000000291,0.9588329336530376,0.0027977617905849453,0.03836930455637751,0,0,-0.005416887944768911,125.10000000000218,119.94999999999709,0.0,2024-06-04T11:09:00+05:30,22006.25,30,3.7999999999992724,287.0,-222.95000000000073,-224.45000000000073,False,False,-58.67105263159037
NIFTY:2024-06-04,2024-06-04,NIFTY,compression_expansion_down,2024-06-04T11:22:00+05:30,2024-06-04T11:22:00+05:30,DOWN,{},"{'source_path': '/Users/madhuram/tradebot-structural-edge-discovery-v3/runtime/upstox_candidate_replay.zip!upstox_candidate_replay/20240604/underlying/NIFTY_20240604.parquet', 'source_hash': '4357f109ed631802b3774c34db9c318f71742f8e99de307408af71bf00810707'}",{'completed_bar_only': True},"{'buy_ce_allowed': False, 'buy_pe_allowed': True, 'research_only': True}",7e14408cb1f7176619e5f27909c30048519fb97dd557e0e7a6cb95453666bbd6,22080.55,2024-06-04 11:21:00+05:30,126,-0.04785044162542186,700.0999999999985,0.0,276.40000000000146,70.30000000000072,84.40333333333352,0.0036309943713730797,83.59642857142873,-507.5515748031503,1098.9500000000007,79.95000000000073,0.7962427745664709,0.0,0.20375722543352912,7,0,-0.004918948881688423,138.40000000000146,110.20000000000073,0.0,2024-06-04T11:22:00+05:30,22081.3,30,8.649999999997817,211.95000000000073,-62.400000000001455,-63.900000000001455,False,False,-7.213872832371931
NIFTY:2024-06-05,2024-06-05,NIFTY,compression_expansion_down,2024-06-05T09:52:00+05:30,2024-06-05T09:52:00+05:30,DOWN,{},"{'source_path': '/Users/madhuram/tradebot-structural-edge-discovery-v3/runtime/upstox_candidate_replay.zip!upstox_candidate_replay/20240605/underlying/NIFTY_20240605.parquet', 'source_hash': '4357f109ed631802b3774c34db9c318f71742f8e99de307408af71bf00810707'}",{'completed_bar_only': True},"{'buy_ce_allowed': False, 'buy_pe_allowed': True, 'research_only': True}",31c41e3b4bb3cb8dde05d862ffff0b9bbb97c3035e34cc77ada15f2399f91327,21851.9,2024-06-05 09:51:00+05:30,36,-0.004703031625557794,339.6499999999978,0.0,1898.0499999999993,27.43999999999942,30.22666666666652,0.0008408908380054084,29.617857142856987,-100.29054054053995,279.6999999999971,59.95000000000073,0.9547038327525956,0.04529616724740443,0.0,20,0,-0.001977602396872391,43.04999999999927,41.099999999998545,0.0,2024-06-05T09:52:00+05:30,21848.9,30,28.0,228.39999999999782,-138.25,-139.75,False,False,-4.9375
NIFTY:2024-06-05,2024-06-05,NIFTY,compression_expansion_down,2024-06-05T10:21:00+05:30,2024-06-05T10:21:00+05:30,DOWN,{},"{'source_path': '/Users/madhuram/tradebot-structural-edge-discovery-v3/runtime/upstox_candidate_replay.zip!upstox_candidate_replay/20240605/underlying/NIFTY_20240605.parquet', 'source_hash': '4357f109ed631802b3774c34db9c318f71742f8e99de307408af71bf00810707'}",{'completed_bar_only': True},"{'buy_ce_allowed': False, 'buy_pe_allowed': True, 'research_only': True}",ff3a56708558af1b9ac3c7f631d723cd2079c50befbbed9a026078fab6c04711,21980.8,2024-06-05 10:20:00+05:30,65,0.0006114623041445654,339.6499999999978,0.0,1898.0499999999993,22.840000000000146,27.75666666666657,0.0010075225376177817,28.27142857142852,25.421212121211283,150.79999999999927,188.84999999999854,0.7311557788945405,0.05402010050245871,0.2148241206030007,7,0,-0.0014763801883407313,39.79999999999927,29.100000000002183,0.0,2024-06-05T10:21:00+05:30,21982.8,30,38.849999999998545,151.54999999999927,-150.20000000000073,-151.70000000000073,False,False,-3.8661518661520295
NIFTY:2024-06-05,2024-06-05,NIFTY,compression_expansion_down,2024-06-05T11:16:00+05:30,2024-06-05T11:16:00+05:30,DOWN,{},"{'source_path': '/Users/madhuram/tradebot-structural-edge-discovery-v3/runtime/upstox_candidate_replay.zip!upstox_candidate_replay/20240605/underlying/NIFTY_20240605.parquet', 'source_hash': '4357f109ed631802b3774c34db9c318f71742f8e99de307408af71bf00810707'}",{'completed_bar_only': True},"{'buy_ce_allowed': False, 'buy_pe_allowed': True, 'research_only': True}",dc9a2546a54cf8f1476e6ed11cfb87c9c7da95fe73e459bc696c6187031ce142,22312.3,2024-06-05 11:15:00+05:30,120,0.01611169075009821,339.6499999999978,0.0,1898.0499999999993,26.979999999999563,28.996666666665988,0.001093818189859138,26.807142857142285,281.00702479338725,43.10000000000218,520.3499999999985,0.933414043583534,0.06416464891044799,0.0024213075060180765,9,5,-0.0017604964286753733,41.29999999999927,38.54999999999927,0.0,2024-06-05T11:16:00+05:30,22311.75,30,36.75,133.25,-29.049999999999272,-30.549999999999272,False,False,-0.7904761904761707
NIFTY:2024-06-05,2024-06-05,NIFTY,compression_expansion_down,2024-06-05T11:33:00+05:30,2024-06-05T11:33:00+05:30,DOWN,{},"{'source_path': '/Users/madhuram/tradebot-structural-edge-discovery-v3/runtime/upstox_candidate_replay.zip!upstox_candidate_replay/20240605/underlying/NIFTY_20240605.parquet', 'source_hash': '4357f109ed631802b3774c34db9c318f71742f8e99de307408af71bf00810707'}",{'completed_bar_only': True},"{'buy_ce_allowed': False, 'buy_pe_allowed': True, 'research_only': True}",11a4a5b5d40a3d544356e388b808e5442b0d013fb6e186c2ea4dba90b3a8e639,22399.7,2024-06-05 11:32:00+05:30,137,0.020301003116411934,339.6499999999978,0.0,1898.0499999999993,32.31999999999971,31.65,0.0011139646434533584,32.13214285714275,327.54891304347984,45.29999999999927,607.75,0.9600886917960237,0.011086474501109006,0.02882483370286728,0,8,-0.0020182668745822863,45.099999999998545,43.29999999999927,0.0,2024-06-05T11:33:00+05:30,22398.6,30,185.4499999999971,10.25,97.29999999999927,95.79999999999927,True,True,0.5246697222971194
NIFTY:2024-06-05,2024-06-05,NIFTY,compression_expansion_down,2024-06-05T11:40:00+05:30,2024-06-05T11:40:00+05:30,DOWN,{},"{'source_path': '/Users/madhuram/tradebot-structural-edge-discovery-v3/runtime/upstox_candidate_replay.zip!upstox_candidate_replay/20240605/underlying/NIFTY_20240605.parquet', 'source_hash': '4357f109ed631802b3774c34db9c318f71742f8e99de307408af71bf00810707'}",{'completed_bar_only': True},"{'buy_ce_allowed': False, 'buy_pe_allowed': True, 'research_only': True}",4439c2171068a2677433cd0a6daeb88475fc706e3d353aa602655c297fe6ed42,22349.95,2024-06-05 11:39:00+05:30,144,0.017157314021126035,339.6499999999978,0.0,1898.0499999999993,26.490000000000144,31.129999999999807,0.001169549929642232,30.410714285714285,262.84103448276073,95.04999999999927,558.0,0.4718657453109009,0.15992102665354294,0.3682132280355562,4,8,-0.0010860699241315164,50.650000000001455,23.899999999997817,0.0,2024-06-05T11:40:00+05:30,22349.45,30,136.29999999999927,50.849999999998545,71.25,69.75,True,True,0.5227439471753513
NIFTY:2024-06-05,2024-06-05,NIFTY,compression_expansion_down,2024-06-05T11:50:00+05:30,2024-06-05T11:50:00+05:30,DOWN,{},"{'source_path': '/Users/madhuram/tradebot-structural-edge-discovery-v3/runtime/upstox_candidate_replay.zip!upstox_candidate_replay/20240605/underlying/NIFTY_20240605.parquet', 'source_hash': '4357f109ed631802b3774c34db9c318f71742f8e99de307408af71bf00810707'}",{'completed_bar_only': True},"{'buy_ce_allowed': False, 'buy_pe_allowed': True, 'research_only': True}",fd29f3e34fbbbf74cf8aab65137921772cdd7411993c677ba2f2fc55ea021cfa,22237.85,2024-06-05 11:49:00+05:30,154,0.01361810655810366,339.6499999999978,0.0,1898.0499999999993,35.40999999999913,28.779999999999564,0.0009488980020260437,29.078571428571063,134.36129032258032,207.15000000000146,445.8999999999978,0.8319027181688161,0.16809728183118391,0.0,0,8,-0.0028853655693161784,69.90000000000146,58.150000000001455,0.0,2024-06-05T11:50:00+05:30,22240.2,30,27.049999999999272,132.79999999999927,-98.14999999999782,-99.64999999999782,False,False,-3.6284658040665603
NIFTY:2024-06-05,2024-06-05,NIFTY,compression_expansion_down,2024-06-05T12:28:00+05:30,2024-06-05T12:28:00+05:30,DOWN,{},"{'source_path': '/Users/madhuram/tradebot-structural-edge-discovery-v3/runtime/upstox_candidate_replay.zip!upstox_candidate_replay/20240605/underlying/NIFTY_20240605.parquet', 'source_hash': '4357f109ed631802b3774c34db9c318f71742f8e99de307408af71bf00810707'}",{'completed_bar_only': True},"{'buy_ce_allowed': False, 'buy_pe_allowed': True, 'research_only': True}",8fe317c7ba8f3aba1d82a61865fb36c4dcd10ac4b56d88ccaa51e2f40b7d95bf,22316.8,2024-06-05 12:27:00+05:30,192,0.015479770599346711,339.6499999999978,0.0,1898.0499999999993,19.129999999998837,18.983333333332848,0.00053944488504579,19.192857142856674,174.16632124352327,128.20000000000073,524.8499999999985,0.5323645970938502,0.06737120211358971,0.4002642007925601,0,8,-0.0008618354632980996,37.849999999998545,20.150000000001455,0.0,2024-06-05T12:28:00+05:30,22316.4,30,75.15000000000146,50.0,-31.399999999997817,-32.89999999999782,True,True,-0.4178310046573148
NIFTY:2024-06-05,2024-06-05,NIFTY,compression_expansion_down,2024-06-05T12:39:00+05:30,2024-06-05T12:39:00+05:30,DOWN,{},"{'source_path': '/Users/madhuram/tradebot-structural-edge-discovery-v3/runtime/upstox_candidate_replay.zip!upstox_candidate_replay/20240605/underlying/NIFTY_20240605.parquet', 'source_hash': '4357f109ed631802b3774c34db9c318f71742f8e99de307408af71bf00810707'}",{'completed_bar_only': True},"{'buy_ce_allowed': False, 'buy_pe_allowed': True, 'research_only': True}",514df52d4ef90ffa909337fc2046e86c46319c82bbfdcf2262cd6414c02d0eca,22336.55,2024-06-05 12:38:00+05:30,203,0.01659358669239809,339.6499999999978,0.0,1898.0499999999993,17.06000000000058,17.339999999999904,0.0005071597981957425,17.653571428571272,183.06127450980057,108.45000000000073,544.5999999999985,0.804523424878865,0.05492730210018377,0.1405492730209513,7,8,-0.001093421582219034,30.950000000000728,24.900000000001455,0.0,2024-06-05T12:39:00+05:30,22336.25,30,95.0,72.34999999999854,-58.599999999998545,-60.099999999998545,True,True,-0.6168421052631425
NIFTY:2024-06-06,2024-06-06,NIFTY,compression_expansion_down,2024-06-06T09:42:00+05:30,2024-06-06T09:42:00+05:30,DOWN,{},"{'source_path': '/Users/madhuram/tradebot-structural-edge-discovery-v3/runtime/upstox_candidate_replay.zip!upstox_candidate_replay/20240606/underlying/NIFTY_20240606.parquet', 'source_hash': '4357f109ed631802b3774c34db9c318f71742f8e99de307408af71bf00810707'}",{'completed_bar_only': True},"{'buy_ce_allowed': False, 'buy_pe_allowed': True, 'research_only': True}",da70137f8595bc6f85bee86025f654a115af5e5217c16786f8ac3a14165a151c,22737.25,2024-06-06 09:41:00+05:30,26,0.00839055508793698,156.90000000000146,0.0,878.4500000000007,27.2,27.283333333333335,0.0008383393170542435,27.132142857142753,10.227777777778101,62.25,94.65000000000146,0.6575163398693191,0.34248366013068093,0.0,10,0,-0.0010851442868471395,38.25,25.150000000001455,0.0,2024-06-06T09:42:00+05:30,22736.75,30,56.75,60.599999999998545,-42.150000000001455,-43.650000000001455,False,False,-0.7427312775330653
NIFTY:2024-06-06,2024-06-06,NIFTY,compression_expansion_down,2024-06-06T10:26:00+05:30,2024-06-06T10:26:00+05:30,DOWN,{},"{'source_path': '/Users/madhuram/tradebot-structural-edge-discovery-v3/runtime/upstox_candidate_replay.zip!upstox_candidate_replay/20240606/underlying/NIFTY_20240606.parquet', 'source_hash': '4357f109ed631802b3774c34db9c318f71742f8e99de307408af71bf00810707'}",{'completed_bar_only': True},"{'buy_ce_allowed': False, 'buy_pe_allowed': True, 'research_only': True}",7ebde985ed2e75c29f8efd2ad0c0b34896245cb7af13ac99d262ce77965ef4f8,22837.5,2024-06-06 10:25:00+05:30,70,0.01221592167633899,156.90000000000146,0.0,878.4500000000007,16.13000000000029,16.5966666666672,0.0005099151894051988,16.721428571429247,80.07253521126768,25.650000000001455,194.90000000000146,0.4787234042553192,0.48936170212765956,0.031914893617021274,6,5,-0.0005033043021576145,23.5,11.25,0.0,2024-06-06T10:26:00+05:30,22838.25,30,16.900000000001455,43.849999999998545,-17.0,-18.5,False,False,-1.005917159763227
NIFTY:2024-06-06,2024-06-06,NIFTY,compression_expansion_down,2024-06-06T10:54:00+05:30,2024-06-06T10:54:00+05:30,DOWN,{},"{'source_path': '/Users/madhuram/tradebot-structural-edge-discovery-v3/runtime/upstox_candidate_replay.zip!upstox_candidate_replay/20240606/underlying/NIFTY_20240606.parquet', 'source_hash': '4357f109ed631802b3774c34db9c318f71742f8e99de307408af71bf00810707'}",{'completed_bar_only': True},"{'buy_ce_allowed': False, 'buy_pe_allowed': True, 'research_only': True}",c1fcc58042f1c160b63e2a56c04f6ce74c8f77e12b31d71aac545e80720e5ee2,22860.85,2024-06-06 10:53:00+05:30,98,0.013671200106321647,156.90000000000146,0.0,878.4500000000007,12.129999999999564,12.636666666666375,0.0003446914785503227,12.932142857142546,74.54141414141486,21.25,218.25,0.9651162790697675,0.0023255813954842037,0.03255813953474836,13,6,-0.0008981093814190988,21.5,20.75,0.0,2024-06-06T10:54:00+05:30,22858.75,30,17.0,51.400000000001455,-33.099999999998545,-34.599999999998545,False,False,-1.9470588235293262
NIFTY:2024-06-06,2024-06-06,NIFTY,compression_expansion_down,2024-06-06T10:56:00+05:30,2024-06-06T10:56:00+05:30,DOWN,{},"{'source_path': '/Users/madhuram/tradebot-structural-edge-discovery-v3/runtime/upstox_candidate_replay.zip!upstox_candidate_replay/20240606/underlying/NIFTY_20240606.parquet', 'source_hash': '4357f109ed631802b3774c34db9c318f71742f8e99de307408af71bf00810707'}",{'completed_bar_only': True},"{'buy_ce_allowed': False, 'buy_pe_allowed': True, 'research_only': True}",4ea246bc994ffe35039e869bde3baad24e886c540f2f16c70970522fd289ecd5,22848.75,2024-06-06 10:55:00+05:30,100,0.012526026669029371,156.90000000000146,0.0,878.4500000000007,15.939999999999419,13.656666666666327,0.0003550317949473751,13.67857142857117,61.12029702970176,33.349999999998545,206.15000000000146,0.2978723404255319,0.40425531914893614,0.2978723404255319,0,6,-0.0003740599283379442,23.5,7.0,0.0,2024-06-06T10:56:00+05:30,22848.6,30,1.75,61.55000000000291,-38.55000000000291,-40.05000000000291,False,False,-22.02857142857309
NIFTY:2024-06-06,2024-06-06,NIFTY,compression_expansion_down,2024-06-06T11:29:00+05:30,2024-06-06T11:29:00+05:30,DOWN,{},"{'source_path': '/Users/madhuram/tradebot-structural-edge-discovery-v3/runtime/upstox_candidate_replay.zip!upstox_candidate_replay/20240606/underlying/NIFTY_20240606.parquet', 'source_hash': '4357f109ed631802b3774c34db9c318f71742f8e99de307408af71bf00810707'}",{'completed_bar_only': True},"{'buy_ce_allowed': False, 'buy_pe_allowed': True, 'research_only': True}",d0036e35420cb176ba12dbd84baff15c9083a384e0e26845d018e15d073809ed,22874.85,2024-06-06 11:28:00+05:30,133,0.013746511318832201,156.90000000000146,0.0,878.4500000000007,13.680000000000291,15.069999999999709,0.0004245216012306228,15.10357142857122,61.888432835818094,35.30000000000291,232.25,0.3876146788991289,0.3440366972477179,0.2683486238531532,8,8,-0.0003539753397181489,21.799999999999272,8.450000000000728,0.0,2024-06-06T11:29:00+05:30,22874.85,30,199.04999999999927,9.100000000002183,97.0,95.5,True,True,0.48731474503893674
NIFTY:2024-06-06,2024-06-06,NIFTY,compression_expansion_down,2024-06-06T11:31:00+05:30,2024-06-06T11:31:00+05:30,DOWN,{},"{'source_path': '/Users/madhuram/tradebot-structural-edge-discovery-v3/runtime/upstox_candidate_replay.zip!upstox_candidate_replay/20240606/underlying/NIFTY_20240606.parquet', 'source_hash': '4357f109ed631802b3774c34db9c318f71742f8e99de307408af71bf00810707'}",{'completed_bar_only': True},"{'buy_ce_allowed': False, 'buy_pe_allowed': True, 'research_only': True}",643232cea5adb84565c3c909d46ea309b5fe9e2ffec93af1d2896c83915128e2,22868.1,2024-06-06 11:30:00+05:30,135,0.01362246932175608,156.90000000000146,0.0,878.4500000000007,17.91000000000131,15.03000000000029,0.0004161829965740969,14.900000000000157,54.238602941175486,42.05000000000291,225.5,0.43356643356645136,0.12062937062938686,0.4458041958041618,0,8,-0.0005288415311055505,28.600000000002183,12.400000000001455,0.0,2024-06-06T11:31:00+05:30,22868.2,30,192.40000000000146,8.899999999997817,118.25,116.75,True,True,0.614604989604985
NIFTY:2024-06-06,2024-06-06,NIFTY,compression_expansion_down,2024-06-06T12:39:00+05:30,2024-06-06T12:39:00+05:30,DOWN,{},"{'source_path': '/Users/madhuram/tradebot-structural-edge-discovery-v3/runtime/upstox_candidate_replay.zip!upstox_candidate_replay/20240606/underlying/NIFTY_20240606.parquet', 'source_hash': '4357f109ed631802b3774c34db9c318f71742f8e99de307408af71bf00810707'}",{'completed_bar_only': True},"{'buy_ce_allowed': False, 'buy_pe_allowed': True, 'research_only': True}",b297cd0d48e4d019bda954c289d73ceeeedc008c2492a3209c5f2290e2309777,22752.9,2024-06-06 12:38:00+05:30,203,0.008658574403047922,156.90000000000146,0.0,878.4500000000007,17.81000000000058,17.493333333333915,0.0005016188803692747,17.228571428572,-47.147058823527914,157.25,110.30000000000291,0.5553571428571169,0.0053571428570649005,0.43928571428581825,0,8,-0.0006741844454447588,28.0,15.549999999999272,0.0,2024-06-06T12:39:00+05:30,22752.15,30,101.25,22.44999999999709,96.0,94.5,True,True,0.9481481481481482
NIFTY:2024-06-06,2024-06-06,NIFTY,compression_expansion_down,2024-06-06T13:03:00+05:30,2024-06-06T13:03:00+05:30,DOWN,{},"{'source_path': '/Users/madhuram/tradebot-structural-edge-discovery-v3/runtime/upstox_candidate_replay.zip!upstox_candidate_replay/20240606/underlying/NIFTY_20240606.parquet', 'source_hash': '4357f109ed631802b3774c34db9c318f71742f8e99de307408af71bf00810707'}",{'completed_bar_only': True},"{'buy_ce_allowed': False, 'buy_pe_allowed': True, 'research_only': True}",73e8744a94f487725e6562ae29d24ffbb56e93663f4573827f560d5d790be689,22696.3,2024-06-06 13:02:00+05:30,227,0.007057103619368239,156.90000000000146,0.0,878.4500000000007,23.45,21.90333333333377,0.0006297883311795693,22.01785714285766,-97.55131578947112,213.85000000000218,53.70000000000073,0.967741935483852,0.03091397849466217,0.001344086021485791,0,8,-0.0015792576169486594,37.20000000000073,36.0,0.0,2024-06-06T13:03:00+05:30,22697.15,30,52.0,85.5,-77.19999999999709,-78.69999999999709,False,False,-1.4846153846153287
NIFTY:2024-06-07,2024-06-07,NIFTY,compression_expansion_down,2024-06-07T09:54:00+05:30,2024-06-07T09:54:00+05:30,DOWN,{},"{'source_path': '/Users/madhuram/tradebot-structural-edge-discovery-v3/runtime/upstox_candidate_replay.zip!upstox_candidate_replay/20240607/underlying/NIFTY_20240607.parquet', 'source_hash': '4357f109ed631802b3774c34db9c318f71742f8e99de307408af71bf00810707'}",{'completed_bar_only': True},"{'buy_ce_allowed': False, 'buy_pe_allowed': True, 'research_only': True}",c079c37d00f475f8d8dcd83048e29487023a1a2c37585bf4503804c26a0842dd,22904.35,2024-06-07 09:53:00+05:30,38,0.0032342701337693017,154.29999999999927,0.0,267.5500000000029,14.159999999999854,12.909999999999854,0.0003697440326927698,13.26071428571413,-6.132051282052998,49.45000000000073,115.29999999999927,0.8000000000000939,0.19999999999990611,0.0,0,6,-0.0008026960116042092,23.25,18.600000000002183,0.0,2024-06-07T09:54:00+05:30,22907.2,30,1.1000000000021828,97.64999999999782,-48.349999999998545,-49.849999999998545,False,False,-43.95454545445691
NIFTY:2024-06-07,2024-06-07,NIFTY,compression_expansion_down,2024-06-07T12:16:00+05:30,2024-06-07T12:16:00+05:30,DOWN,{},"{'source_path': '/Users/madhuram/tradebot-structural-edge-discovery-v3/runtime/upstox_candidate_replay.zip!upstox_candidate_replay/20240607/underlying/NIFTY_20240607.parquet', 'source_hash': '4357f109ed631802b3774c34db9c318f71742f8e99de307408af71bf00810707'}",{'completed_bar_only': True},"{'buy_ce_allowed': False, 'buy_pe_allowed': True, 'research_only': True}",47ade39c316e8861442c1c0af7964c5b2c02bc01322a1ba781ab0c11557dee9c,23177.6,2024-06-07 12:15:00+05:30,180,0.014899963018156149,154.29999999999927,0.0,267.5500000000029,12.139999999999418,11.939999999999419,0.0003367237174833997,12.246428571428103,147.8422651933688,52.55000000000291,388.5499999999993,0.6346666666667443,0.2959999999999612,0.06933333333329453,0,19,-0.0005239383779471751,18.75,11.900000000001455,0.0,2024-06-07T12:16:00+05:30,23177.55,30,41.70000000000073,49.45000000000073,-47.400000000001455,-48.900000000001455,False,False,-1.1366906474820295
NIFTY:2024-06-07,2024-06-07,NIFTY,compression_expansion_down,2024-06-07T13:24:00+05:30,2024-06-07T13:24:00+05:30,DOWN,{},"{'source_path': '/Users/madhuram/tradebot-structural-edge-discovery-v3/runtime/upstox_candidate_replay.zip!upstox_candidate_replay/20240607/underlying/NIFTY_20240607.parquet', 'source_hash': '4357f109ed631802b3774c34db9c318f71742f8e99de307408af71bf00810707'}",{'completed_bar_only': True},"{'buy_ce_allowed': False, 'buy_pe_allowed': True, 'research_only': True}",4a18a51f1fc916a3b78c7d10efbc2edd4f97e6472d584e5812c8837a06b4683b,23169.4,2024-06-07 13:23:00+05:30,248,0.015269781456997183,154.29999999999927,0.0,267.5500000000029,15.529999999998836,12.943333333332218,0.00044784926497311864,12.76071428571309,92.88232931726816,80.59999999999854,380.3500000000022,0.7552910052910006,0.05026455026449349,0.19444444444450593,0,20,-0.0012716120160869426,37.79999999999927,28.549999999999272,0.0,2024-06-07T13:24:00+05:30,23170.1,30,18.25,83.45000000000073,-60.10000000000218,-61.60000000000218,False,False,-3.2931506849316263
NIFTY:2024-06-07,2024-06-07,NIFTY,compression_expansion_down,2024-06-07T15:02:00+05:30,2024-06-07T15:02:00+05:30,DOWN,{},"{'source_path': '/Users/madhuram/tradebot-structural-edge-discovery-v3/runtime/upstox_candidate_replay.zip!upstox_candidate_replay/20240607/underlying/NIFTY_20240607.parquet', 'source_hash': '4357f109ed631802b3774c34db9c318f71742f8e99de307408af71bf00810707'}",{'completed_bar_only': True},"{'buy_ce_allowed': False, 'buy_pe_allowed': True, 'research_only': True}",eab5d9cb9193aa077d917c62b1f5697e3c7f8d1e759a6694164139206de84136,23282.05,2024-06-07 15:01:00+05:30,346,0.020000831544418698,154.29999999999927,0.0,267.5500000000029,17.049999999999272,16.409999999999854,0.0004295318008602539,16.774999999999896,159.01253602305223,38.150000000001455,493.0,0.8053691275167982,0.021812080536962115,0.1728187919462397,0,33,-0.0010619218425523824,29.799999999999272,24.0,0.0,2024-06-07T15:02:00+05:30,23282.6,30,19.799999999999272,22.650000000001455,12.549999999999272,11.049999999999272,False,False,0.6338383838383704
NIFTY:2024-06-10,2024-06-10,NIFTY,compression_expansion_down,2024-06-10T09:35:00+05:30,2024-06-10T09:35:00+05:30,DOWN,{},"{'source_path': '/Users/madhuram/tradebot-structural-edge-discovery-v3/runtime/upstox_candidate_replay.zip!upstox_candidate_replay/20240610/underlying/NIFTY_20240610.parquet', 'source_hash': '4357f109ed631802b3774c34db9c318f71742f8e99de307408af71bf00810707'}",{'completed_bar_only': True},"{'buy_ce_allowed': False, 'buy_pe_allowed': True, 'research_only': True}",a3a013d1fdebe96dee5ea2644a3453866070a4c149629495a212b5d0acc397b2,23320.7,2024-06-10 09:34:00+05:30,19,0.003596898158792127,98.15000000000146,0.0,531.1500000000015,23.68000000000029,20.993333333332945,0.0007110189789024449,21.003571428571117,-59.52000000000044,91.20000000000073,6.950000000000728,0.843112244897925,0.01658163265309804,0.140306122448977,0,1,-0.001462223050030187,39.20000000000073,33.04999999999927,0.0,2024-06-10T09:35:00+05:30,23319.3,30,86.25,29.400000000001455,53.099999999998545,51.599999999998545,True,True,0.6156521739130266
NIFTY:2024-06-10,2024-06-10,NIFTY,compression_expansion_down,2024-06-10T11:10:00+05:30,2024-06-10T11:10:00+05:30,DOWN,{},"{'source_path': '/Users/madhuram/tradebot-structural-edge-discovery-v3/runtime/upstox_candidate_replay.zip!upstox_candidate_replay/20240610/underlying/NIFTY_20240610.parquet', 'source_hash': '4357f109ed631802b3774c34db9c318f71742f8e99de307408af71bf00810707'}",{'completed_bar_only': True},"{'buy_ce_allowed': False, 'buy_pe_allowed': True, 'research_only': True}",897cbe6cc4aa12a3d45863ca7a7d5f30095caa7fa04060e92d29eadd67d9e5b0,23328.6,2024-06-10 11:09:00+05:30,114,0.0029802256548654683,98.15000000000146,0.0,531.1500000000015,7.509999999999127,7.856666666665842,0.00023984289224673826,7.574999999999169,-2.1652173913062143,83.30000000000291,95.54999999999927,0.7797833935020971,0.04332129963888865,0.17689530685901422,19,1,-0.00047558451908136234,13.849999999998545,10.80000000000291,0.0,2024-06-10T11:10:00+05:30,23328.7,30,10.0,42.14999999999782,-18.0,-19.5,False,False,-1.8
NIFTY:2024-06-10,2024-06-10,NIFTY,compression_expansion_down,2024-06-10T12:00:00+05:30,2024-06-10T12:00:00+05:30,DOWN,{},"{'source_path': '/Users/madhuram/tradebot-structural-edge-discovery-v3/runtime/upstox_candidate_replay.zip!upstox_candidate_replay/20240610/underlying/NIFTY_20240610.parquet', 'source_hash': '4357f109ed631802b3774c34db9c318f71742f8e99de307408af71bf00810707'}",{'completed_bar_only': True},"{'buy_ce_allowed': False, 'buy_pe_allowed': True, 'research_only': True}",e2fd36576bcc953fc3d6f7c2428ffb4cd8cadbe744659cce49a0d3021afa6244,23332.45,2024-06-10 11:59:00+05:30,164,0.003055429618758971,98.15000000000146,0.0,531.1500000000015,8.959999999998399,8.469999999999466,0.00024617733301537324,8.335714285713559,-3.03909090909292,79.45000000000073,99.40000000000146,0.5723684210527891,0.24342105263143407,0.1842105263157769,0,1,-0.0004112749308650132,15.19999999999709,8.700000000000728,0.0,2024-06-10T12:00:00+05:30,23331.05,30,33.54999999999927,16.049999999999272,17.399999999997817,15.899999999997817,True,True,0.5186289120714812
NIFTY:2024-06-10,2024-06-10,NIFTY,compression_expansion_down,2024-06-10T12:27:00+05:30,2024-06-10T12:27:00+05:30,DOWN,{},"{'source_path': '/Users/madhuram/tradebot-structural-edge-discovery-v3/runtime/upstox_candidate_replay.zip!upstox_candidate_replay/20240610/underlying/NIFTY_20240610.parquet', 'source_hash': '4357f109ed631802b3774c34db9c318f71742f8e99de307408af71bf00810707'}",{'completed_bar_only': True},"{'buy_ce_allowed': False, 'buy_pe_allowed': True, 'research_only': True}",9fbe67e7027f041cdd3d9fd3a84f3b79500cf65a88059626e2285034be6bcba6,23313.65,2024-06-10 12:26:00+05:30,191,0.00237214788966937,98.15000000000146,0.0,531.1500000000015,9.349999999999273,9.469999999999466,0.0002900864743281014,9.49999999999922,-20.108593749999272,98.25,80.60000000000218,0.8169014084507692,0.09507042253512828,0.08802816901410256,8,1,-0.00048231718035229854,14.19999999999709,11.599999999998545,0.0,2024-06-10T12:27:00+05:30,23313.25,30,3.5,32.599999999998545,-27.900000000001455,-29.400000000001455,False,False,-7.971428571428987
NIFTY:2024-06-10,2024-06-10,NIFTY,compression_expansion_down,2024-06-10T13:08:00+05:30,2024-06-10T13:08:00+05:30,DOWN,{},"{'source_path': '/Users/madhuram/tradebot-structural-edge-discovery-v3/runtime/upstox_candidate_replay.zip!upstox_candidate_replay/20240610/underlying/NIFTY_20240610.parquet', 'source_hash': '4357f109ed631802b3774c34db9c318f71742f8e99de307408af71bf00810707'}",{'completed_bar_only': True},"{'buy_ce_allowed': False, 'buy_pe_allowed': True, 'research_only': True}",1c1f0d0e9ca63e39033fe147ea7ea74b5493558a1528105d4912431e3bfa1282,23336.95,2024-06-10 13:07:00+05:30,232,0.003102700681777681,98.15000000000146,0.0,531.1500000000015,6.489999999999418,6.326666666666764,0.0001691590018103272,6.425000000000052,3.541630901287135,74.95000000000073,103.90000000000146,0.5856353591159887,0.14917127071808325,0.265193370165928,0,1,-0.00022705608928008658,9.049999999999272,5.299999999999272,0.0,2024-06-10T13:08:00+05:30,23336.95,30,12.799999999999272,7.450000000000728,-4.599999999998545,-6.099999999998545,True,False,-0.35937499999990674
NIFTY:2024-06-10,2024-06-10,NIFTY,compression_expansion_down,2024-06-10T13:26:00+05:30,2024-06-10T13:26:00+05:30,DOWN,{},"{'source_path': '/Users/madhuram/tradebot-structural-edge-discovery-v3/runtime/upstox_candidate_replay.zip!upstox_candidate_replay/20240610/underlying/NIFTY_20240610.parquet', 'source_hash': '4357f109ed631802b3774c34db9c318f71742f8e99de307408af71bf00810707'}",{'completed_bar_only': True},"{'buy_ce_allowed': False, 'buy_pe_allowed': True, 'research_only': True}",9cd07cd69cada0218ebf4a8e0d28eb8ed0069490a8a62196ebc9a6986509237b,23332.7,2024-06-10 13:25:00+05:30,250,0.002909319060337246,98.15000000000146,0.0,531.1500000000015,7.820000000000436,7.610000000000582,0.0001952975874595753,7.721428571428987,-0.8097609561737045,79.20000000000073,99.65000000000146,0.4122448979591243,0.02857142857130978,0.559183673469566,0,1,-0.0002270974376552548,12.25,5.049999999999272,0.0,2024-06-10T13:26:00+05:30,23332.8,30,4.549999999999272,32.5,-24.0,-25.5,False,False,-5.274725274726118
NIFTY:2024-06-10,2024-06-10,NIFTY,compression_expansion_down,2024-06-10T14:07:00+05:30,2024-06-10T14:07:00+05:30,DOWN,{},"{'source_path': '/Users/madhuram/tradebot-structural-edge-discovery-v3/runtime/upstox_candidate_replay.zip!upstox_candidate_replay/20240610/underlying/NIFTY_20240610.parquet', 'source_hash': '4357f109ed631802b3774c34db9c318f71742f8e99de307408af71bf00810707'}",{'completed_bar_only': True},"{'buy_ce_allowed': False, 'buy_pe_allowed': True, 'research_only': True}",a71d1f976c112d2e419c450e5bf6e2b14769cc8c58b4802246a24e96a36e0a7d,23364.0,2024-06-10 14:06:00+05:30,291,0.004546616788532868,98.15000000000146,0.0,531.1500000000015,7.419999999998981,7.149999999999758,0.000254617737128875,6.664285714285403,27.993150684931607,47.900000000001455,130.95000000000073,0.871323529411751,0.0,0.12867647058824908,0,1,-0.0005368627962637484,13.599999999998545,11.849999999998545,0.0,2024-06-10T14:07:00+05:30,23363.55,30,135.09999999999854,5.950000000000728,98.54999999999927,97.04999999999927,True,True,0.7294596595114754
NIFTY:2024-06-10,2024-06-10,NIFTY,compression_expansion_down,2024-06-10T15:21:00+05:30,2024-06-10T15:21:00+05:30,DOWN,{},"{'source_path': '/Users/madhuram/tradebot-structural-edge-discovery-v3/runtime/upstox_candidate_replay.zip!upstox_candidate_replay/20240610/underlying/NIFTY_20240610.parquet', 'source_hash': '4357f109ed631802b3774c34db9c318f71742f8e99de307408af71bf00810707'}",{'completed_bar_only': True},"{'buy_ce_allowed': False, 'buy_pe_allowed': True, 'research_only': True}",8a45c870919ddbcac9f63fe95ec85912865e2f2b616acca69a2fbbbf6a871f96,23236.25,2024-06-10 15:20:00+05:30,365,-0.0008594738730686011,98.15000000000146,0.0,531.1500000000015,9.760000000000582,9.996666666666957,0.00020276967807229872,10.100000000000364,-91.98114754098424,175.65000000000146,7.799999999999272,0.7840909090907705,0.16477272727278952,0.051136363636439974,11,1,-0.0005956963625962652,17.600000000002183,13.799999999999272,0.0,2024-06-10T15:21:00+05:30,23237.9,30,10.75,4.549999999999272,3.4500000000007276,1.9500000000007276,True,False,0.32093023255820724
NIFTY:2024-06-11,2024-06-11,NIFTY,compression_expansion_down,2024-06-11T10:30:00+05:30,2024-06-11T10:30:00+05:30,DOWN,{},"{'source_path': '/Users/madhuram/tradebot-structural-edge-discovery-v3/runtime/upstox_candidate_replay.zip!upstox_candidate_replay/20240611/underlying/NIFTY_20240611.parquet', 'source_hash': '4357f109ed631802b3774c34db9c318f71742f8e99de307408af71bf00810707'}",{'completed_bar_only': True},"{'buy_ce_allowed': False, 'buy_pe_allowed': True, 'research_only': True}",1cbe5589b96f41b13e8b39b00eb953d0b784be8272a6908d57394f509c1b2856,23307.5,2024-06-11 10:29:00+05:30,74,0.0037315279681679886,60.20000000000073,0.0,184.75,6.740000000000873,7.25333333333377,0.00024335311403137424,7.096428571428987,28.33066666666855,18.75,100.84999999999854,0.8863636363636471,0.0324675324675294,0.0811688311688235,9,9,-0.0005853056131451817,15.400000000001455,13.650000000001455,0.0,2024-06-11T10:30:00+05:30,23306.7,30,6.400000000001455,41.29999999999927,-7.649999999997817,-9.149999999997817,False,False,-1.1953124999993872
NIFTY:2024-06-11,2024-06-11,NIFTY,compression_expansion_down,2024-06-11T11:01:00+05:30,2024-06-11T11:01:00+05:30,DOWN,{},"{'source_path': '/Users/madhuram/tradebot-structural-edge-discovery-v3/runtime/upstox_candidate_replay.zip!upstox_candidate_replay/20240611/underlying/NIFTY_20240611.parquet', 'source_hash': '4357f109ed631802b3774c34db9c318f71742f8e99de307408af71bf00810707'}",{'completed_bar_only': True},"{'buy_ce_allowed': False, 'buy_pe_allowed': True, 'research_only': True}",7905439709195c72302f7bb4f3e27827b2dbede8ce3c56e54af2bf9e3a5cd530,23314.35,2024-06-11 11:00:00+05:30,105,0.00359164946878453,60.20000000000073,0.0,184.75,6.319999999999709,6.139999999999903,0.00015883836334379005,6.142857142857143,22.143396226412733,33.650000000001455,107.69999999999709,0.36224489795950754,0.3418367346937544,0.295918367346738,0,15,-0.00018225794001358597,9.799999999999272,3.5500000000029104,0.0,2024-06-11T11:01:00+05:30,23314.1,30,16.19999999999709,20.950000000000728,-0.10000000000218279,-1.6000000000021828,False,False,-0.006172839506308689
NIFTY:2024-06-11,2024-06-11,NIFTY,compression_expansion_down,2024-06-11T11:23:00+05:30,2024-06-11T11:23:00+05:30,DOWN,{},"{'source_path': '/Users/madhuram/tradebot-structural-edge-discovery-v3/runtime/upstox_candidate_replay.zip!upstox_candidate_replay/20240611/underlying/NIFTY_20240611.parquet', 'source_hash': '4357f109ed631802b3774c34db9c318f71742f8e99de307408af71bf00810707'}",{'completed_bar_only': True},"{'buy_ce_allowed': False, 'buy_pe_allowed': True, 'research_only': True}",0a65af1d968c7b5dba9195591ca3fe0cef5838c5093974eae70c21559b1ecf98,23313.45,2024-06-11 11:22:00+05:30,127,0.0036648166838465215,60.20000000000073,0.0,184.75,5.540000000000873,5.276666666667007,0.00017148808576199142,5.257142857143273,15.837109374999272,34.54999999999927,106.79999999999927,0.7409638554211639,0.2168674698797927,0.04216867469904338,0,15,-0.00024014700427321678,8.30000000000291,6.149999999997817,0.0,2024-06-11T11:23:00+05:30,23312.75,30,9.049999999999272,23.400000000001455,-21.099999999998545,-22.599999999998545,False,False,-2.331491712707209
NIFTY:2024-06-11,2024-06-11,NIFTY,compression_expansion_down,2024-06-11T11:42:00+05:30,2024-06-11T11:42:00+05:30,DOWN,{},"{'source_path': '/Users/madhuram/tradebot-structural-edge-discovery-v3/runtime/upstox_candidate_replay.zip!upstox_candidate_replay/20240611/underlying/NIFTY_20240611.parquet', 'source_hash': '4357f109ed631802b3774c34db9c318f71742f8e99de307408af71bf00810707'}",{'completed_bar_only': True},"{'buy_ce_allowed': False, 'buy_pe_allowed': True, 'research_only': True}",dcad1a6f031c1823b24e2d3b0e3b54fd42705c86e4b14e0ec4727f179875ecfb,23315.6,2024-06-11 11:41:00+05:30,146,0.00386710251372417,60.20000000000073,0.0,184.75,5.3199999999989815,5.929999999999321,0.0001977203905677083,5.953571428570805,15.579931972784834,32.400000000001455,108.94999999999709,0.9062500000002132,0.0,0.09374999999978684,4,15,-0.0003772873042823255,9.599999999998545,8.700000000000728,0.0,2024-06-11T11:42:00+05:30,23315.4,30,1.6000000000021828,20.849999999998545,-18.399999999997817,-19.899999999997817,False,False,-11.499999999982947
NIFTY:2024-06-11,2024-06-11,NIFTY,compression_expansion_down,2024-06-11T11:58:00+05:30,2024-06-11T11:58:00+05:30,DOWN,{},"{'source_path': '/Users/madhuram/tradebot-structural-edge-discovery-v3/runtime/upstox_candidate_replay.zip!upstox_candidate_replay/20240611/underlying/NIFTY_20240611.parquet', 'source_hash': '4357f109ed631802b3774c34db9c318f71742f8e99de307408af71bf00810707'}",{'completed_bar_only': True},"{'buy_ce_allowed': False, 'buy_pe_allowed': True, 'research_only': True}",dbaca00246fd7fc6879bb0f74d3a5a12bed3857c87a524059b87787060200395,23320.6,2024-06-11 11:57:00+05:30,162,0.003953181590267837,60.20000000000073,0.0,184.75,4.609999999999127,4.939999999999903,0.00013900675897573434,4.971428571428468,17.93558282208687,27.400000000001455,113.94999999999709,0.7972027972031424,0.06993006993009128,0.13286713286676638,11,15,-0.00019078201332900502,7.149999999997817,5.700000000000728,0.0,2024-06-11T11:58:00+05:30,23320.45,30,5.450000000000728,21.849999999998545,-13.649999999997817,-15.149999999997817,False,False,-2.504587155962568
NIFTY:2024-06-11,2024-06-11,NIFTY,compression_expansion_down,2024-06-11T11:59:00+05:30,2024-06-11T11:59:00+05:30,DOWN,{},"{'source_path': '/Users/madhuram/tradebot-structural-edge-discovery-v3/runtime/upstox_candidate_replay.zip!upstox_candidate_replay/20240611/underlying/NIFTY_20240611.parquet', 'source_hash': '4357f109ed631802b3774c34db9c318f71742f8e99de307408af71bf00810707'}",{'completed_bar_only': True},"{'buy_ce_allowed': False, 'buy_pe_allowed': True, 'research_only': True}",1518a8eeef51eebfb0b621bdff031327a253a9820ae9349b066a184fc83c4657,23316.05,2024-06-11 11:58:00+05:30,163,0.003701400291377674,60.20000000000073,0.0,184.75,5.769999999998982,5.226666666666521,0.00014776755493084,5.292857142857039,13.303963414633472,31.950000000000728,109.39999999999782,0.5000000000002067,0.4431818181816068,0.056818181818186514,0,15,-0.00019510647238918377,8.799999999999272,4.400000000001455,0.0,2024-06-11T11:59:00+05:30,23315.45,30,0.4500000000007276,26.849999999998545,-19.299999999999272,-20.799999999999272,False,False,-42.888888888817924
NIFTY:2024-06-11,2024-06-11,NIFTY,compression_expansion_down,2024-06-11T12:49:00+05:30,2024-06-11T12:49:00+05:30,DOWN,{},"{'source_path': '/Users/madhuram/tradebot-structural-edge-discovery-v3/runtime/upstox_candidate_replay.zip!upstox_candidate_replay/20240611/underlying/NIFTY_20240611.parquet', 'source_hash': '4357f109ed631802b3774c34db9c318f71742f8e99de307408af71bf00810707'}",{'completed_bar_only': True},"{'buy_ce_allowed': False, 'buy_pe_allowed': True, 'research_only': True}",9d5bf1d0a764c1154bb44fc96b9333f85551bb4df17a4c343844600005d8c028,23332.1,2024-06-11 12:48:00+05:30,213,0.004544975241505546,60.20000000000073,0.0,184.75,6.01000000000131,6.819999999999951,0.00019790893532425197,6.557142857142805,23.20747663551083,15.900000000001455,125.44999999999709,0.7227272727273388,0.2363636363638348,0.04090909090882633,8,15,-0.00035132367621670824,11.0,7.950000000000728,0.0,2024-06-11T12:49:00+05:30,23332.15,30,6.5,29.349999999998545,-10.44999999999709,-11.94999999999709,False,False,-1.60769230769186
NIFTY:2024-06-11,2024-06-11,NIFTY,compression_expansion_down,2024-06-11T13:15:00+05:30,2024-06-11T13:15:00+05:30,DOWN,{},"{'source_path': '/Users/madhuram/tradebot-structural-edge-discovery-v3/runtime/upstox_candidate_replay.zip!upstox_candidate_replay/20240611/underlying/NIFTY_20240611.parquet', 'source_hash': '4357f109ed631802b3774c34db9c318f71742f8e99de307408af71bf00810707'}",{'completed_bar_only': True},"{'buy_ce_allowed': False, 'buy_pe_allowed': True, 'research_only': True}",ada1d60679e6199d41701afea6ebd2be870436339bca4978678d0c5d660a2bed,23331.85,2024-06-11 13:14:00+05:30,239,0.004555735126073505,60.20000000000073,0.0,184.75,6.100000000000728,5.716666666666424,0.00015602006202574287,5.607142857142597,19.766458333331684,29.650000000001455,125.19999999999709,0.9657142857143689,0.02285714285722601,0.01142857142840512,0,17,-0.00040057923328717937,8.75,8.450000000000728,0.0,2024-06-11T13:15:00+05:30,23333.55,30,6.0,54.20000000000073,-53.0,-54.5,False,False,-8.833333333333334
NIFTY:2024-06-12,2024-06-12,NIFTY,compression_expansion_down,2024-06-12T10:20:00+05:30,2024-06-12T10:20:00+05:30,DOWN,{},"{'source_path': '/Users/madhuram/tradebot-structural-edge-discovery-v3/runtime/upstox_candidate_replay.zip!upstox_candidate_replay/20240612/underlying/NIFTY_20240612.parquet', 'source_hash': '4357f109ed631802b3774c34db9c318f71742f8e99de307408af71bf00810707'}",{'completed_bar_only': True},"{'buy_ce_allowed': False, 'buy_pe_allowed': True, 'research_only': True}",21fb4da9043684e399c9284abad50eff299164a19f9259ca7140a95f4725363d,23388.45,2024-06-12 10:19:00+05:30,64,0.0060571408919344785,61.849999999998545,0.0,182.79999999999927,7.829999999999563,9.766666666666424,0.00038908762930810854,8.939285714285559,15.688461538462434,31.899999999997817,92.5,0.979381443299018,0.017182130584193298,0.003436426116788653,4,8,-0.0006644163390873148,14.549999999999272,14.25,0.0,2024-06-12T10:20:00+05:30,23389.15,30,5.400000000001455,51.69999999999709,-37.599999999998545,-39.099999999998545,False,False,-6.962962962960817
NIFTY:2024-06-12,2024-06-12,NIFTY,compression_expansion_down,2024-06-12T10:59:00+05:30,2024-06-12T10:59:00+05:30,DOWN,{},"{'source_path': '/Users/madhuram/tradebot-structural-edge-discovery-v3/runtime/upstox_candidate_replay.zip!upstox_candidate_replay/20240612/underlying/NIFTY_20240612.parquet', 'source_hash': '4357f109ed631802b3774c34db9c318f71742f8e99de307408af71bf00810707'}",{'completed_bar_only': True},"{'buy_ce_allowed': False, 'buy_pe_allowed': True, 'research_only': True}",a9e13a4cc817b17f272821eb547d85c4cc966508abbaba036c4b9486fe01ca16,23430.85,2024-06-12 10:58:00+05:30,103,0.00761548977293251,61.849999999998545,0.0,182.79999999999927,7.679999999999564,7.186666666666375,0.00023960878748027013,6.932142857142545,42.2783653846127,11.100000000002183,134.89999999999782,0.757009345794545,0.1448598130840343,0.09813084112142065,0,13,-0.00034131367366574406,10.700000000000728,8.100000000002183,0.0,2024-06-12T10:59:00+05:30,23430.5,30,53.099999999998545,1.2999999999992724,50.849999999998545,49.349999999998545,True,True,0.9576271186440667
NIFTY:2024-06-12,2024-06-12,NIFTY,compression_expansion_down,2024-06-12T11:27:00+05:30,2024-06-12T11:27:00+05:30,DOWN,{},"{'source_path': '/Users/madhuram/tradebot-structural-edge-discovery-v3/runtime/upstox_candidate_replay.zip!upstox_candidate_replay/20240612/underlying/NIFTY_20240612.parquet', 'source_hash': '4357f109ed631802b3774c34db9c318f71742f8e99de307408af71bf00810707'}",{'completed_bar_only': True},"{'buy_ce_allowed': False, 'buy_pe_allowed': True, 'research_only': True}",c770f8972d2e156c72676aaf45ff0e113a2934ff795ff08763dfb11103181a55,23408.0,2024-06-12 11:26:00+05:30,131,0.006837390055799606,61.849999999998545,0.0,182.79999999999927,6.249999999999273,7.306666666667055,0.00022079640987960578,7.464285714285974,13.981439393937762,33.95000000000073,112.04999999999927,0.9081272084806026,0.035335689045941844,0.05653710247345554,11,13,-0.000544389056712502,14.149999999997817,12.849999999998545,0.0,2024-06-12T11:27:00+05:30,23408.1,30,43.099999999998545,19.100000000002183,-18.950000000000728,-20.450000000000728,True,True,-0.43967517401395284
NIFTY:2024-06-12,2024-06-12,NIFTY,compression_expansion_down,2024-06-12T11:28:00+05:30,2024-06-12T11:28:00+05:30,DOWN,{},"{'source_path': '/Users/madhuram/tradebot-structural-edge-discovery-v3/runtime/upstox_candidate_replay.zip!upstox_candidate_replay/20240612/underlying/NIFTY_20240612.parquet', 'source_hash': '4357f109ed631802b3774c34db9c318f71742f8e99de307408af71bf00810707'}",{'completed_bar_only': True},"{'buy_ce_allowed': False, 'buy_pe_allowed': True, 'research_only': True}",5d94a1386ea0b50cfb101fc4e4ab07c8dff877d1905fb051bf09ab676b2859cb,23392.15,2024-06-12 11:27:00+05:30,132,0.006289281139034781,61.849999999998545,0.0,182.79999999999927,9.099999999999273,8.120000000000195,0.00027275012873431454,8.228571428571481,-1.8545112781939679,49.79999999999927,96.20000000000073,0.9219653179189456,0.07803468208105431,0.0,0,13,-0.0006771189336978178,17.299999999999272,15.94999999999709,0.0,2024-06-12T11:28:00+05:30,23390.95,30,25.950000000000728,41.349999999998545,-40.64999999999782,-42.14999999999782,False,False,-1.5664739884391783
NIFTY:2024-06-12,2024-06-12,NIFTY,compression_expansion_down,2024-06-12T13:20:00+05:30,2024-06-12T13:20:00+05:30,DOWN,{},"{'source_path': '/Users/madhuram/tradebot-structural-edge-discovery-v3/runtime/upstox_candidate_replay.zip!upstox_candidate_replay/20240612/underlying/NIFTY_20240612.parquet', 'source_hash': '4357f109ed631802b3774c34db9c318f71742f8e99de307408af71bf00810707'}",{'completed_bar_only': True},"{'buy_ce_allowed': False, 'buy_pe_allowed': True, 'research_only': True}",1ff82d7dcf150269a030ab49ae80297868f8610164d02dfe8f3a32f11ea59f8b,23404.15,2024-06-12 13:19:00+05:30,244,0.006420397389711982,61.849999999998545,0.0,182.79999999999927,6.029999999999563,5.646666666666715,0.00012623704600402984,5.403571428571273,3.572653061226447,37.79999999999927,108.20000000000073,0.6896551724139414,0.11330049261064676,0.19704433497541182,0,13,-0.00029473261558099484,10.149999999997817,7.0,0.0,2024-06-12T13:20:00+05:30,23404.15,30,42.150000000001455,16.649999999997817,42.150000000001455,40.650000000001455,True,True,1.0
NIFTY:2024-06-12,2024-06-12,NIFTY,compression_expansion_down,2024-06-12T13:44:00+05:30,2024-06-12T13:44:00+05:30,DOWN,{},"{'source_path': '/Users/madhuram/tradebot-structural-edge-discovery-v3/runtime/upstox_candidate_replay.zip!upstox_candidate_replay/20240612/underlying/NIFTY_20240612.parquet', 'source_hash': '4357f109ed631802b3774c34db9c318f71742f8e99de307408af71bf00810707'}",{'completed_bar_only': True},"{'buy_ce_allowed': False, 'buy_pe_allowed': True, 'research_only': True}",1b0a20c2a5bedb5f120ee5534da3d34d404372b7dcb9779d2b7156899d1f4feb,23402.7,2024-06-12 13:43:00+05:30,268,0.0063129250530914284,61.849999999998545,0.0,182.79999999999927,5.910000000000582,6.396666666666958,0.00020004218303502802,6.682142857143325,1.4706319702600013,39.25,106.75,0.6230366492147833,0.12041884816731988,0.2565445026178968,8,13,-0.00027553328506169095,9.549999999999272,5.950000000000728,0.0,2024-06-12T13:44:00+05:30,23402.55,30,65.59999999999854,4.0,49.79999999999927,48.29999999999927,True,True,0.7591463414634204
NIFTY:2024-06-12,2024-06-12,NIFTY,compression_expansion_down,2024-06-12T14:07:00+05:30,2024-06-12T14:07:00+05:30,DOWN,{},"{'source_path': '/Users/madhuram/tradebot-structural-edge-discovery-v3/runtime/upstox_candidate_replay.zip!upstox_candidate_replay/20240612/underlying/NIFTY_20240612.parquet', 'source_hash': '4357f109ed631802b3774c34db9c318f71742f8e99de307408af71bf00810707'}",{'completed_bar_only': True},"{'buy_ce_allowed': False, 'buy_pe_allowed': True, 'research_only': True}",5487e7f378bf2e6d2c9f2e59eb875d6e1de5b8d16e36699d51c818141af89dd5,23360.75,2024-06-12 14:06:00+05:30,291,0.004608413794289381,61.849999999998545,0.0,182.79999999999927,10.379999999999564,9.033333333333577,0.0003002983805389188,9.039285714285922,-38.78784246575378,81.20000000000073,64.79999999999927,0.5188679245283732,0.1635220125785473,0.3176100628930796,0,13,-0.0004984511646215495,15.899999999997817,8.25,0.0,2024-06-12T14:07:00+05:30,23359.95,30,23.0,14.649999999997817,-11.25,-12.75,True,True,-0.4891304347826087
NIFTY:2024-06-12,2024-06-12,NIFTY,compression_expansion_down,2024-06-12T14:31:00+05:30,2024-06-12T14:31:00+05:30,DOWN,{},"{'source_path': '/Users/madhuram/tradebot-structural-edge-discovery-v3/runtime/upstox_candidate_replay.zip!upstox_candidate_replay/20240612/underlying/NIFTY_20240612.parquet', 'source_hash': '4357f109ed631802b3774c34db9c318f71742f8e99de307408af71bf00810707'}",{'completed_bar_only': True},"{'buy_ce_allowed': False, 'buy_pe_allowed': True, 'research_only': True}",83f755ef2574ff4413312978d474ac58631b67ac589a60b41ff3f8679f2b704c,23344.8,2024-06-12 14:30:00+05:30,315,0.003963579774566058,61.849999999998545,0.0,182.79999999999927,8.1,9.046666666666958,0.00033005014975969144,9.160714285714546,-51.032436708861496,97.15000000000146,48.849999999998545,0.6548042704627192,0.03914590747325985,0.306049822064021,7,13,-0.0004217575514940952,14.049999999999272,9.200000000000728,0.0,2024-06-12T14:31:00+05:30,23343.8,30,17.0,50.35000000000218,9.700000000000728,8.200000000000728,False,False,0.5705882352941605
NIFTY:2024-06-13,2024-06-13,NIFTY,compression_expansion_down,2024-06-13T09:32:00+05:30,2024-06-13T09:32:00+05:30,DOWN,{},"{'source_path': '/Users/madhuram/tradebot-structural-edge-discovery-v3/runtime/upstox_candidate_replay.zip!upstox_candidate_replay/20240613/underlying/NIFTY_20240613.parquet', 'source_hash': '4357f109ed631802b3774c34db9c318f71742f8e99de307408af71bf00810707'}",{'completed_bar_only': True},"{'buy_ce_allowed': False, 'buy_pe_allowed': True, 'research_only': True}",f86eba70be2418ae73dba1847c591f038cb44c53b6ea3464e762f138d75b291f,23409.35,2024-06-13 09:31:00+05:30,16,0.00459705513891978,71.95000000000073,0.0,146.0,12.150000000000727,10.613333333333625,0.0002352225641338302,10.514285714286027,-22.049999999999272,71.70000000000073,13.349999999998545,0.3002421307506194,0.05326876513327386,0.6464891041161067,0,0,-0.00030320565243668884,20.650000000001455,6.200000000000728,0.0,2024-06-13T09:32:00+05:30,23409.1,30,45.04999999999927,18.200000000000728,15.0,13.5,True,True,0.3329633740288622
NIFTY:2024-06-13,2024-06-13,NIFTY,compression_expansion_down,2024-06-13T10:08:00+05:30,2024-06-13T10:08:00+05:30,DOWN,{},"{'source_path': '/Users/madhuram/tradebot-structural-edge-discovery-v3/runtime/upstox_candidate_replay.zip!upstox_candidate_replay/20240613/underlying/NIFTY_20240613.parquet', 'source_hash': '4357f109ed631802b3774c34db9c318f71742f8e99de307408af71bf00810707'}",{'completed_bar_only': True},"{'buy_ce_allowed': False, 'buy_pe_allowed': True, 'research_only': True}",ddddc0bc9a86ea07528a0346604ccf0f75a7cc9bd8d10dcb3c9a16f301dd2eba,23377.75,2024-06-13 10:07:00+05:30,52,0.0036724957526041487,71.95000000000073,0.0,146.0,11.969999999998981,14.206666666665843,0.00045711279145716085,14.192857142856415,-26.81415094339536,103.29999999999927,13.700000000000728,0.6673511293634896,0.06365503080079528,0.2689938398357151,7,0,-0.0007181159714548802,24.349999999998545,16.25,0.0,2024-06-13T10:08:00+05:30,23377.2,30,5.049999999999272,34.349999999998545,-7.649999999997817,-9.149999999997817,False,False,-1.5148514851483008
NIFTY:2024-06-13,2024-06-13,NIFTY,compression_expansion_down,2024-06-13T10:19:00+05:30,2024-06-13T10:19:00+05:30,DOWN,{},"{'source_path': '/Users/madhuram/tradebot-structural-edge-discovery-v3/runtime/upstox_candidate_replay.zip!upstox_candidate_replay/20240613/underlying/NIFTY_20240613.parquet', 'source_hash': '4357f109ed631802b3774c34db9c318f71742f8e99de307408af71bf00810707'}",{'completed_bar_only': True},"{'buy_ce_allowed': False, 'buy_pe_allowed': True, 'research_only': True}",b2c959eeaa3adf9619e3555ce9c0844b3aa550d81f3432f8e6c6cc7e5a5dcdeb,23395.1,2024-06-13 10:18:00+05:30,63,0.0044147174409224915,71.95000000000073,0.0,146.0,9.789999999997963,11.603333333332557,0.00040347733459931073,11.682142857142026,-8.704687500001455,85.95000000000073,31.049999999999272,0.8039702233251852,0.0,0.19602977667481478,7,0,-0.000666361962692319,20.149999999997817,16.200000000000728,0.0,2024-06-13T10:19:00+05:30,23394.25,30,22.099999999998545,9.150000000001455,15.549999999999272,14.049999999999272,True,True,0.7036199095022758
NIFTY:2024-06-13,2024-06-13,NIFTY,compression_expansion_down,2024-06-13T10:30:00+05:30,2024-06-13T10:30:00+05:30,DOWN,{},"{'source_path': '/Users/madhuram/tradebot-structural-edge-discovery-v3/runtime/upstox_candidate_replay.zip!upstox_candidate_replay/20240613/underlying/NIFTY_20240613.parquet', 'source_hash': '4357f109ed631802b3774c34db9c318f71742f8e99de307408af71bf00810707'}",{'completed_bar_only': True},"{'buy_ce_allowed': False, 'buy_pe_allowed': True, 'research_only': True}",d98431f28566750a7988c2110ec85d89666ac369a8c0effba8475b69e9ba7427,23377.4,2024-06-13 10:29:00+05:30,74,0.0033185461035505886,71.95000000000073,0.0,146.0,9.209999999999855,9.403333333332558,0.0003069454021206105,9.774999999999377,-24.73666666666395,103.64999999999782,13.350000000002183,0.5661016949151556,0.2711864406779661,0.16271186440687832,4,0,-0.00040193613491357194,14.75,8.349999999998545,0.0,2024-06-13T10:30:00+05:30,23378.75,30,6.599999999998545,18.849999999998545,1.2999999999992724,-0.2000000000007276,False,False,0.19696969696963015
NIFTY:2024-06-13,2024-06-13,NIFTY,compression_expansion_down,2024-06-13T11:18:00+05:30,2024-06-13T11:18:00+05:30,DOWN,{},"{'source_path': '/Users/madhuram/tradebot-structural-edge-discovery-v3/runtime/upstox_candidate_replay.zip!upstox_candidate_replay/20240613/underlying/NIFTY_20240613.parquet', 'source_hash': '4357f109ed631802b3774c34db9c318f71742f8e99de307408af71bf00810707'}",{'completed_bar_only': True},"{'buy_ce_allowed': False, 'buy_pe_allowed': True, 'research_only': True}",4ed4fa28eaaa9fd248bb56fbd10fcdb2dd0c7ca5018faff40df3a12224ea66ba,23360.7,2024-06-13 11:17:00+05:30,122,0.0023896964184584564,71.95000000000073,0.0,146.0,5.780000000001019,5.673333333333721,0.00013942601362470198,5.650000000000416,-33.34674796748004,120.34999999999854,6.350000000002183,0.29955947136538885,0.14096916299575993,0.5594713656388512,0,0,-0.00022254653148390258,11.350000000002183,3.399999999997817,0.0,2024-06-13T11:18:00+05:30,23361.05,30,7.149999999997817,39.0,-33.95000000000073,-35.45000000000073,False,False,-4.7482517482533
NIFTY:2024-06-13,2024-06-13,NIFTY,compression_expansion_down,2024-06-13T11:45:00+05:30,2024-06-13T11:45:00+05:30,DOWN,{},"{'source_path': '/Users/madhuram/tradebot-structural-edge-discovery-v3/runtime/upstox_candidate_replay.zip!upstox_candidate_replay/20240613/underlying/NIFTY_20240613.parquet', 'source_hash': '4357f109ed631802b3774c34db9c318f71742f8e99de307408af71bf00810707'}",{'completed_bar_only': True},"{'buy_ce_allowed': False, 'buy_pe_allowed': True, 'research_only': True}",cc07e025253017e40ecaaef7492463ecff0b149068e78cdd7f372845ef96c97a,23377.4,2024-06-13 11:44:00+05:30,149,0.0033378524480444506,71.95000000000073,0.0,146.0,6.059999999999855,5.799999999999757,0.000176566457987048,5.478571428571221,-12.668000000001484,103.64999999999782,23.5,0.6399999999999471,0.31999999999984124,0.040000000000211665,0,0,-0.00038911337737579377,13.75,8.799999999999272,0.0,2024-06-13T11:45:00+05:30,23377.8,30,0.0,36.45000000000073,-12.400000000001455,-13.900000000001455,False,False,0.0
NIFTY:2024-06-13,2024-06-13,NIFTY,compression_expansion_down,2024-06-13T14:04:00+05:30,2024-06-13T14:04:00+05:30,DOWN,{},"{'source_path': '/Users/madhuram/tradebot-structural-edge-discovery-v3/runtime/upstox_candidate_replay.zip!upstox_candidate_replay/20240613/underlying/NIFTY_20240613.parquet', 'source_hash': '4357f109ed631802b3774c34db9c318f71742f8e99de307408af71bf00810707'}",{'completed_bar_only': True},"{'buy_ce_allowed': False, 'buy_pe_allowed': True, 'research_only': True}",0fdb83d218e4fa42ede2a7283ef8b7f8616d4a2bf65ed0a80d5700b68ec7e479,23392.45,2024-06-13 14:03:00+05:30,288,0.003998558459611002,71.95000000000073,0.0,146.0,7.969999999999709,6.996666666666715,0.00019977155969500902,7.110714285714233,-3.0169550173013704,88.59999999999854,38.54999999999927,0.8061674008807099,0.18061674008832743,0.013215859030962673,0,0,-0.00042730568807969327,11.350000000002183,9.149999999997817,0.0,2024-06-13T14:04:00+05:30,23393.1,30,26.849999999998545,3.0,8.25,6.75,True,True,0.3072625698324189
NIFTY:2024-06-14,2024-06-14,NIFTY,compression_expansion_down,2024-06-14T10:17:00+05:30,2024-06-14T10:17:00+05:30,DOWN,{},"{'source_path': '/Users/madhuram/tradebot-structural-edge-discovery-v3/runtime/upstox_candidate_replay.zip!upstox_candidate_replay/20240614/underlying/NIFTY_20240614.parquet', 'source_hash': '4357f109ed631802b3774c34db9c318f71742f8e99de307408af71bf00810707'}",{'completed_bar_only': True},"{'buy_ce_allowed': False, 'buy_pe_allowed': True, 'research_only': True}",192b8ac27252226144b18e43cef572f2eaf2879683b4f2eddf09b7cca2fb1a42,23425.8,2024-06-14 10:16:00+05:30,61,0.001514999348272526,132.04999999999927,0.0,127.14999999999782,6.890000000000873,7.543333333332945,0.0002393264668752182,7.678571428570909,38.22580645160997,43.650000000001455,91.54999999999927,0.8450704225353844,0.07042253521128204,0.08450704225333348,5,0,-0.0004096367034487347,10.649999999997817,9.0,0.0,2024-06-14T10:17:00+05:30,23426.2,30,0.5,33.25,-27.200000000000728,-28.700000000000728,False,False,-54.400000000001455
NIFTY:2024-06-14,2024-06-14,NIFTY,compression_expansion_down,2024-06-14T10:29:00+05:30,2024-06-14T10:29:00+05:30,DOWN,{},"{'source_path': '/Users/madhuram/tradebot-structural-edge-discovery-v3/runtime/upstox_candidate_replay.zip!upstox_candidate_replay/20240614/underlying/NIFTY_20240614.parquet', 'source_hash': '4357f109ed631802b3774c34db9c318f71742f8e99de307408af71bf00810707'}",{'completed_bar_only': True},"{'buy_ce_allowed': False, 'buy_pe_allowed': True, 'research_only': True}",d28905df8a52799dcf0eb8e3902186dd39f5715296a0af6b32c0162b7b9e1da0,23440.15,2024-06-14 10:28:00+05:30,73,0.002232968009795144,132.04999999999927,0.0,127.14999999999782,6.700000000000728,7.039999999999903,0.00023172485242698587,7.264285714285506,43.07972972973221,29.299999999999272,105.90000000000146,0.9541666666664241,0.0,0.045833333333575865,6,0,-0.0004839775707310423,12.0,11.44999999999709,0.0,2024-06-14T10:29:00+05:30,23440.65,30,7.700000000000728,18.799999999999272,1.4000000000014552,-0.09999999999854481,False,False,0.18181818181835363
NIFTY:2024-06-14,2024-06-14,NIFTY,compression_expansion_down,2024-06-14T10:51:00+05:30,2024-06-14T10:51:00+05:30,DOWN,{},"{'source_path': '/Users/madhuram/tradebot-structural-edge-discovery-v3/runtime/upstox_candidate_replay.zip!upstox_candidate_replay/20240614/underlying/NIFTY_20240614.parquet', 'source_hash': '4357f109ed631802b3774c34db9c318f71742f8e99de307408af71bf00810707'}",{'completed_bar_only': True},"{'buy_ce_allowed': False, 'buy_pe_allowed': True, 'research_only': True}",7945d797ebcde44b9fdaea57044107920aff606ecbbae4cf005a39722f280e35,23447.8,2024-06-14 10:50:00+05:30,95,0.002215873517854222,132.04999999999927,0.0,127.14999999999782,5.300000000000727,6.013333333333382,0.00019512558962813195,6.014285714285767,39.41666666666788,21.650000000001455,113.54999999999927,0.38636363636367393,0.2784090909090815,0.33522727272724456,9,0,-0.00017908920347953217,8.80000000000291,3.400000000001455,0.0,2024-06-14T10:51:00+05:30,23447.5,30,13.599999999998545,5.0,7.200000000000728,5.700000000000728,True,False,0.5294117647059925
NIFTY:2024-06-14,2024-06-14,NIFTY,compression_expansion_down,2024-06-14T11:17:00+05:30,2024-06-14T11:17:00+05:30,DOWN,{},"{'source_path': '/Users/madhuram/tradebot-structural-edge-discovery-v3/runtime/upstox_candidate_replay.zip!upstox_candidate_replay/20240614/underlying/NIFTY_20240614.parquet', 'source_hash': '4357f109ed631802b3774c34db9c318f71742f8e99de307408af71bf00810707'}",{'completed_bar_only': True},"{'buy_ce_allowed': False, 'buy_pe_allowed': True, 'research_only': True}",45f2fff085204291126ea14be4d59f6bd16dc428dfaed5b874b8533898e074c0,23444.6,2024-06-14 11:16:00+05:30,121,0.0022564729362141646,132.04999999999927,0.0,127.14999999999782,4.490000000000146,4.953333333333043,0.00012100557673194078,4.899999999999636,28.61762295081644,24.850000000002183,110.34999999999854,0.9096385542168992,0.0,0.09036144578310085,9,0,-0.0002814354915741113,8.30000000000291,7.55000000000291,0.0,2024-06-14T11:17:00+05:30,23444.5,30,14.799999999999272,4.25,1.9000000000014552,0.4000000000014552,True,False,0.128378378378483
NIFTY:2024-06-14,2024-06-14,NIFTY,compression_expansion_down,2024-06-14T11:29:00+05:30,2024-06-14T11:29:00+05:30,DOWN,{},"{'source_path': '/Users/madhuram/tradebot-structural-edge-discovery-v3/runtime/upstox_candidate_replay.zip!upstox_candidate_replay/20240614/underlying/NIFTY_20240614.parquet', 'source_hash': '4357f109ed631802b3774c34db9c318f71742f8e99de307408af71bf00810707'}",{'completed_bar_only': True},"{'buy_ce_allowed': False, 'buy_pe_allowed': True, 'research_only': True}",26800f810ee128f915e7c86e1504c1fcfba46848b63e0baa3911d3fb6e7ab12a,23433.4,2024-06-14 11:28:00+05:30,133,0.0018227002032108353,132.04999999999927,0.0,127.14999999999782,5.860000000000582,4.963333333334109,0.00013416123984390723,5.107142857143637,15.187686567165656,36.04999999999927,99.15000000000146,0.7413793103447951,0.13793103448265048,0.12068965517255438,0,0,-0.0003604664307637062,11.599999999998545,8.599999999998545,0.0,2024-06-14T11:29:00+05:30,23432.85,30,3.149999999997817,17.30000000000291,-13.05000000000291,-14.55000000000291,False,False,-4.1428571428609375
NIFTY:2024-06-14,2024-06-14,NIFTY,compression_expansion_down,2024-06-14T12:04:00+05:30,2024-06-14T12:04:00+05:30,DOWN,{},"{'source_path': '/Users/madhuram/tradebot-structural-edge-discovery-v3/runtime/upstox_candidate_replay.zip!upstox_candidate_replay/20240614/underlying/NIFTY_20240614.parquet', 'source_hash': '4357f109ed631802b3774c34db9c318f71742f8e99de307408af71bf00810707'}",{'completed_bar_only': True},"{'buy_ce_allowed': False, 'buy_pe_allowed': True, 'research_only': True}",e4ff193141ab005626682679b5f5b8f587101a09eddf03ca6a022247c2498acb,23439.85,2024-06-14 12:03:00+05:30,168,0.002023560483517798,132.04999999999927,0.0,127.14999999999782,4.340000000000873,3.910000000000097,0.0001045437841999691,3.825000000000208,16.792011834320874,29.600000000002183,105.59999999999854,0.6143497757848689,0.27354260089676,0.11210762331837101,0,0,-0.00029854756609093425,11.150000000001455,6.850000000002183,0.0,2024-06-14T12:04:00+05:30,23439.3,30,11.299999999999272,2.9500000000007276,5.75,4.25,True,False,0.5088495575221567
NIFTY:2024-06-14,2024-06-14,NIFTY,compression_expansion_down,2024-06-14T12:36:00+05:30,2024-06-14T12:36:00+05:30,DOWN,{},"{'source_path': '/Users/madhuram/tradebot-structural-edge-discovery-v3/runtime/upstox_candidate_replay.zip!upstox_candidate_replay/20240614/underlying/NIFTY_20240614.parquet', 'source_hash': '4357f109ed631802b3774c34db9c318f71742f8e99de307408af71bf00810707'}",{'completed_bar_only': True},"{'buy_ce_allowed': False, 'buy_pe_allowed': True, 'research_only': True}",d6e7120e7e582aed53966583a8b278866fb096837d31f495535cf7b33494d3dc,23432.1,2024-06-14 12:35:00+05:30,200,0.0014295268885674488,132.04999999999927,0.0,127.14999999999782,4.620000000000436,4.853333333333042,0.00010931250430702378,4.821428571428312,6.878358208956342,37.35000000000218,97.84999999999854,0.10218978102197146,0.5255474452556257,0.3722627737224029,4,0,-6.187709501981331e-05,6.850000000002183,0.7000000000007276,0.0,2024-06-14T12:36:00+05:30,23431.75,30,1.9500000000007276,20.049999999999272,-16.75,-18.25,False,False,-8.589743589740385
NIFTY:2024-06-14,2024-06-14,NIFTY,compression_expansion_down,2024-06-14T15:20:00+05:30,2024-06-14T15:20:00+05:30,DOWN,{},"{'source_path': '/Users/madhuram/tradebot-structural-edge-discovery-v3/runtime/upstox_candidate_replay.zip!upstox_candidate_replay/20240614/underlying/NIFTY_20240614.parquet', 'source_hash': '4357f109ed631802b3774c34db9c318f71742f8e99de307408af71bf00810707'}",{'completed_bar_only': True},"{'buy_ce_allowed': False, 'buy_pe_allowed': True, 'research_only': True}",c9e3f6222254c0b84ad326925d7b9f0ac175336652fa9f31213ff80af442f523,23446.8,2024-06-14 15:19:00+05:30,364,0.0024765645199546454,132.04999999999927,0.0,127.14999999999782,8.900000000000727,8.546666666666958,0.0002503680287146562,8.764285714286027,10.059178082188737,43.60000000000218,112.54999999999927,0.7806691449813704,0.0557620817843836,0.16356877323424598,0,0,-0.0004348382146054375,13.450000000000728,10.5,0.0,2024-06-14T15:20:00+05:30,23446.95,30,0.7000000000007276,13.399999999997817,-7.200000000000728,-8.700000000000728,False,False,-10.285714285704634
NIFTY:2024-06-18,2024-06-18,NIFTY,compression_expansion_down,2024-06-18T10:15:00+05:30,2024-06-18T10:15:00+05:30,DOWN,{},"{'source_path': '/Users/madhuram/tradebot-structural-edge-discovery-v3/runtime/upstox_candidate_replay.zip!upstox_candidate_replay/20240618/underlying/NIFTY_20240618.parquet', 'source_hash': '4357f109ed631802b3774c34db9c318f71742f8e99de307408af71bf00810707'}",{'completed_bar_only': True},"{'buy_ce_allowed': False, 'buy_pe_allowed': True, 'research_only': True}",1682fb7983287811cff045a354bcce79feabbf720ee28fb8ae4086a213fc8180,23542.35,2024-06-18 10:14:00+05:30,59,0.00430414233728347,74.14999999999782,0.0,156.15000000000146,7.480000000000291,7.3466666666667155,0.00023523206139173576,7.425000000000052,-4.70083333333605,36.70000000000073,42.64999999999782,1.0,0.0,0.0,0,2,-0.0004776339922559769,12.75,12.75,0.0,2024-06-18T10:15:00+05:30,23542.35,30,29.5,13.850000000002183,9.44999999999709,7.94999999999709,True,True,0.3203389830507488
NIFTY:2024-06-18,2024-06-18,NIFTY,compression_expansion_down,2024-06-18T10:55:00+05:30,2024-06-18T10:55:00+05:30,DOWN,{},"{'source_path': '/Users/madhuram/tradebot-structural-edge-discovery-v3/runtime/upstox_candidate_replay.zip!upstox_candidate_replay/20240618/underlying/NIFTY_20240618.parquet', 'source_hash': '4357f109ed631802b3774c34db9c318f71742f8e99de307408af71bf00810707'}",{'completed_bar_only': True},"{'buy_ce_allowed': False, 'buy_pe_allowed': True, 'research_only': True}",c4957871da6128962671fe22791bafec5cf3895c6dc86f36e042bb68ca16782b,23534.55,2024-06-18 10:54:00+05:30,99,0.003624092111630564,74.14999999999782,0.0,156.15000000000146,5.380000000000291,5.836666666666618,0.00013987617210802853,5.725000000000104,-8.663500000002387,44.5,34.849999999998545,0.541176470588492,0.1411764705878929,0.317647058823615,9,2,-0.00019329541061463562,8.5,4.600000000002183,0.0,2024-06-18T10:55:00+05:30,23534.25,30,7.299999999999272,23.099999999998545,-12.900000000001455,-14.400000000001455,False,False,-1.7671232876716083
NIFTY:2024-06-18,2024-06-18,NIFTY,compression_expansion_down,2024-06-18T11:04:00+05:30,2024-06-18T11:04:00+05:30,DOWN,{},"{'source_path': '/Users/madhuram/tradebot-structural-edge-discovery-v3/runtime/upstox_candidate_replay.zip!upstox_candidate_replay/20240618/underlying/NIFTY_20240618.parquet', 'source_hash': '4357f109ed631802b3774c34db9c318f71742f8e99de307408af71bf00810707'}",{'completed_bar_only': True},"{'buy_ce_allowed': False, 'buy_pe_allowed': True, 'research_only': True}",a79d2192f1497444576e48f501f8a12dce38b580e84f8007375c3e86a06e3b6a,23527.6,2024-06-18 11:03:00+05:30,108,0.0034748647893869528,74.14999999999782,0.0,156.15000000000146,5.290000000000146,5.190000000000388,0.0001392592439935741,5.046428571428935,-14.96559633027573,51.45000000000073,27.899999999997817,0.8655913978498431,0.06451612903210664,0.06989247311805033,0,2,-0.0003229205615419284,9.299999999999272,8.05000000000291,0.0,2024-06-18T11:04:00+05:30,23527.65,30,0.25,29.69999999999709,-13.25,-14.75,False,False,-53.0
NIFTY:2024-06-18,2024-06-18,NIFTY,compression_expansion_down,2024-06-18T11:44:00+05:30,2024-06-18T11:44:00+05:30,DOWN,{},"{'source_path': '/Users/madhuram/tradebot-structural-edge-discovery-v3/runtime/upstox_candidate_replay.zip!upstox_candidate_replay/20240618/underlying/NIFTY_20240618.parquet', 'source_hash': '4357f109ed631802b3774c34db9c318f71742f8e99de307408af71bf00810707'}",{'completed_bar_only': True},"{'buy_ce_allowed': False, 'buy_pe_allowed': True, 'research_only': True}",2848bb00c283555004cd0ad89f2491a20902ae3ac24bcdbb455bc8f68ae8c05a,23542.55,2024-06-18 11:43:00+05:30,148,0.0039545240394557035,74.14999999999782,0.0,156.15000000000146,4.799999999999272,4.26000000000034,0.00012215498785659256,4.335714285714597,-0.3989932885924645,36.5,42.849999999998545,0.7131147540984634,0.2868852459015367,0.0,0,2,-0.0001613838238198051,6.100000000002183,4.350000000002183,0.0,2024-06-18T11:44:00+05:30,23542.65,30,10.600000000002183,4.049999999999272,8.900000000001455,7.400000000001455,True,False,0.8396226415093984
NIFTY:2024-06-18,2024-06-18,NIFTY,compression_expansion_down,2024-06-18T14:19:00+05:30,2024-06-18T14:19:00+05:30,DOWN,{},"{'source_path': '/Users/madhuram/tradebot-structural-edge-discovery-v3/runtime/upstox_candidate_replay.zip!upstox_candidate_replay/20240618/underlying/NIFTY_20240618.parquet', 'source_hash': '4357f109ed631802b3774c34db9c318f71742f8e99de307408af71bf00810707'}",{'completed_bar_only': True},"{'buy_ce_allowed': False, 'buy_pe_allowed': True, 'research_only': True}",ee2c5e15fbd769ef8bb8a5567aae55094657e3da78978ea564ffb4fce691f5d2,23531.35,2024-06-18 14:18:00+05:30,303,0.0035324238993951406,74.14999999999782,0.0,156.15000000000146,4.459999999999127,4.516666666665939,0.00011989910672524016,4.628571428570597,-7.187006578948058,47.70000000000073,31.649999999997817,0.7243589743592285,0.19230769230771025,0.08333333333306127,4,2,-0.0002570377356888587,7.799999999999272,5.650000000001455,0.0,2024-06-18T14:19:00+05:30,23531.1,30,3.149999999997817,16.200000000000728,-5.25,-6.75,False,False,-1.6666666666678216
NIFTY:2024-06-19,2024-06-19,NIFTY,compression_expansion_down,2024-06-19T09:31:00+05:30,2024-06-19T09:31:00+05:30,DOWN,{},"{'source_path': '/Users/madhuram/tradebot-structural-edge-discovery-v3/runtime/upstox_candidate_replay.zip!upstox_candidate_replay/20240619/underlying/NIFTY_20240619.parquet', 'source_hash': '4357f109ed631802b3774c34db9c318f71742f8e99de307408af71bf00810707'}",{'completed_bar_only': True},"{'buy_ce_allowed': False, 'buy_pe_allowed': True, 'research_only': True}",b606fe4e68aa94cfaed455e946f424ba72f30ab464c652078edc07cc8046310e,23536.0,2024-06-19 09:30:00+05:30,15,-0.00021220339270784262,76.54999999999927,0.0,79.34999999999854,15.589999999999417,13.189999999999419,0.00040298209698243844,13.517857142856624,-45.056250000001455,94.84999999999854,0.0,0.740869565217366,0.259130434782634,0.0,0,0,-0.00086176521779735,28.75,21.299999999999272,0.0,2024-06-19T09:31:00+05:30,23534.7,30,2.600000000002183,69.95000000000073,-47.04999999999927,-48.54999999999927,False,False,-18.096153846138375
NIFTY:2024-06-19,2024-06-19,NIFTY,compression_expansion_down,2024-06-19T10:14:00+05:30,2024-06-19T10:14:00+05:30,DOWN,{},"{'source_path': '/Users/madhuram/tradebot-structural-edge-discovery-v3/runtime/upstox_candidate_replay.zip!upstox_candidate_replay/20240619/underlying/NIFTY_20240619.parquet', 'source_hash': '4357f109ed631802b3774c34db9c318f71742f8e99de307408af71bf00810707'}",{'completed_bar_only': True},"{'buy_ce_allowed': False, 'buy_pe_allowed': True, 'research_only': True}",ee071e0e44cfd66d4e5e87b5b49c98ed71d5aaade7fd7dd0d66374991b0f9b65,23533.85,2024-06-19 10:13:00+05:30,58,-4.8806780322711164e-05,76.54999999999927,0.0,79.34999999999854,13.290000000000145,10.836666666667103,0.00035888932463226463,11.182142857143324,-42.47372881356205,97.0,1.75,0.9545454545454835,0.04545454545451655,0.0,0,0,-0.0012243927903000662,28.600000000002183,27.30000000000291,0.0,2024-06-19T10:14:00+05:30,23533.3,30,120.39999999999782,4.049999999999272,72.25,70.75,True,True,0.6000830564784162
NIFTY:2024-06-19,2024-06-19,NIFTY,compression_expansion_down,2024-06-19T10:25:00+05:30,2024-06-19T10:25:00+05:30,DOWN,{},"{'source_path': '/Users/madhuram/tradebot-structural-edge-discovery-v3/runtime/upstox_candidate_replay.zip!upstox_candidate_replay/20240619/underlying/NIFTY_20240619.parquet', 'source_hash': '4357f109ed631802b3774c34db9c318f71742f8e99de307408af71bf00810707'}",{'completed_bar_only': True},"{'buy_ce_allowed': False, 'buy_pe_allowed': True, 'research_only': True}",0012aa4991bf14077fe3371bb7a88d6c340a9795f4cdf31fbbe05344be70b287,23467.35,2024-06-19 10:24:00+05:30,69,-0.003066339024628326,76.54999999999927,0.0,79.34999999999854,15.059999999999855,14.643333333333187,0.00048226409865383905,14.964285714285714,-98.61785714285725,163.5,0.5999999999985448,0.9742489270386883,0.0,0.02575107296131174,0,0,-0.0009557339781522955,23.299999999999272,22.700000000000728,0.0,2024-06-19T10:25:00+05:30,23468.45,30,55.54999999999927,10.299999999999272,16.25,14.75,True,True,0.29252925292529636
NIFTY:2024-06-19,2024-06-19,NIFTY,compression_expansion_down,2024-06-19T11:24:00+05:30,2024-06-19T11:24:00+05:30,DOWN,{},"{'source_path': '/Users/madhuram/tradebot-structural-edge-discovery-v3/runtime/upstox_candidate_replay.zip!upstox_candidate_replay/20240619/underlying/NIFTY_20240619.parquet', 'source_hash': '4357f109ed631802b3774c34db9c318f71742f8e99de307408af71bf00810707'}",{'completed_bar_only': True},"{'buy_ce_allowed': False, 'buy_pe_allowed': True, 'research_only': True}",56f2f36af8c2734e8a3a767fe40688ee598d78df2106c628b03417d5cd93ab0b,23478.55,2024-06-19 11:23:00+05:30,128,-0.0027204474945144805,76.54999999999927,0.0,79.34999999999854,10.380000000001019,9.346666666666472,0.00031148696954845387,9.003571428571377,-44.8294573643434,152.29999999999927,65.64999999999782,1.0,0.0,0.0,0,0,-0.0008596201925634706,19.650000000001455,19.650000000001455,0.0,2024-06-19T11:24:00+05:30,23479.15,30,0.0,74.25,-56.849999999998545,-58.349999999998545,False,False,0.0
NIFTY:2024-06-19,2024-06-19,NIFTY,compression_expansion_down,2024-06-19T12:45:00+05:30,2024-06-19T12:45:00+05:30,DOWN,{},"{'source_path': '/Users/madhuram/tradebot-structural-edge-discovery-v3/runtime/upstox_candidate_replay.zip!upstox_candidate_replay/20240619/underlying/NIFTY_20240619.parquet', 'source_hash': '4357f109ed631802b3774c34db9c318f71742f8e99de307408af71bf00810707'}",{'completed_bar_only': True},"{'buy_ce_allowed': False, 'buy_pe_allowed': True, 'research_only': True}",e6b759f1c5bd8c4a498d80a1599cdd08e38b25dde1bc7d40410cb577c94220a1,23559.35,2024-06-19 12:44:00+05:30,209,0.0002822305123014924,76.54999999999927,0.0,79.34999999999854,6.820000000000436,6.699999999999758,0.00020319493755587784,6.839285714285454,30.28142857142666,71.5,146.4499999999971,0.8687782805432411,0.10407239818985456,0.027149321266904267,0,0,-0.00042640033263485755,11.049999999999272,9.600000000002183,0.0,2024-06-19T12:45:00+05:30,23559.7,30,32.70000000000073,3.2999999999992724,8.650000000001455,7.150000000001455,True,True,0.2645259938838307
NIFTY:2024-06-19,2024-06-19,NIFTY,compression_expansion_down,2024-06-19T13:07:00+05:30,2024-06-19T13:07:00+05:30,DOWN,{},"{'source_path': '/Users/madhuram/tradebot-structural-edge-discovery-v3/runtime/upstox_candidate_replay.zip!upstox_candidate_replay/20240619/underlying/NIFTY_20240619.parquet', 'source_hash': '4357f109ed631802b3774c34db9c318f71742f8e99de307408af71bf00810707'}",{'completed_bar_only': True},"{'buy_ce_allowed': False, 'buy_pe_allowed': True, 'research_only': True}",08f8a0fa11a3e6b12e61a2871a2c7855d6b855bec3ed875d3e57ff548b917c49,23543.95,2024-06-19 13:06:00+05:30,231,-0.00038196610687411673,76.54999999999927,0.0,79.34999999999854,5.970000000000437,6.713333333333624,0.00022667148949443103,6.59285714285735,12.731465517241304,86.89999999999782,131.04999999999927,0.7391304347824086,0.16600790513849337,0.09486166007909799,4,0,-0.00038423979960089394,12.650000000001455,9.349999999998545,0.0,2024-06-19T13:07:00+05:30,23543.95,30,30.450000000000728,11.799999999999272,17.75,16.25,True,True,0.5829228243021207
NIFTY:2024-06-19,2024-06-19,NIFTY,compression_expansion_down,2024-06-19T13:08:00+05:30,2024-06-19T13:08:00+05:30,DOWN,{},"{'source_path': '/Users/madhuram/tradebot-structural-edge-discovery-v3/runtime/upstox_candidate_replay.zip!upstox_candidate_replay/20240619/underlying/NIFTY_20240619.parquet', 'source_hash': '4357f109ed631802b3774c34db9c318f71742f8e99de307408af71bf00810707'}",{'completed_bar_only': True},"{'buy_ce_allowed': False, 'buy_pe_allowed': True, 'research_only': True}",2d06b661a6a478941bb11aeb16b4efe3915f14847dae44b789492e92462d0d9b,23542.6,2024-06-19 13:07:00+05:30,232,-0.0007787864512377206,76.54999999999927,0.0,79.34999999999854,6.700000000000728,6.8366666666668605,0.00021068880083622397,6.867857142857247,11.33261802574998,88.25,129.6999999999971,0.13170731707338368,0.199999999999929,0.6682926829266873,5,0,-5.73395713124869e-05,10.25,1.3500000000021828,0.0,2024-06-19T13:08:00+05:30,23542.55,30,29.049999999999272,13.200000000000728,11.200000000000728,9.700000000000728,True,True,0.3855421686747335
NIFTY:2024-06-19,2024-06-19,NIFTY,compression_expansion_down,2024-06-19T13:25:00+05:30,2024-06-19T13:25:00+05:30,DOWN,{},"{'source_path': '/Users/madhuram/tradebot-structural-edge-discovery-v3/runtime/upstox_candidate_replay.zip!upstox_candidate_replay/20240619/underlying/NIFTY_20240619.parquet', 'source_hash': '4357f109ed631802b3774c34db9c318f71742f8e99de307408af71bf00810707'}",{'completed_bar_only': True},"{'buy_ce_allowed': False, 'buy_pe_allowed': True, 'research_only': True}",26693dab774d7408024ea5d60f1a5a60399f1697b3c74533fd90f82001e57993,23516.95,2024-06-19 13:24:00+05:30,249,-0.0008764000118832973,76.54999999999927,0.0,79.34999999999854,9.309999999999855,8.046666666666715,0.00034128463693076255,8.09285714285709,-14.852199999997538,113.89999999999782,104.04999999999927,0.8712522045856083,0.040564373897632316,0.08818342151675938,0,0,-0.0010449609307797703,28.349999999998545,24.700000000000728,0.0,2024-06-19T13:25:00+05:30,23515.5,30,2.0,35.150000000001455,-17.349999999998545,-18.849999999998545,False,False,-8.674999999999272
NIFTY:2024-06-20,2024-06-20,NIFTY,compression_expansion_down,2024-06-20T09:57:00+05:30,2024-06-20T09:57:00+05:30,DOWN,{},"{'source_path': '/Users/madhuram/tradebot-structural-edge-discovery-v3/runtime/upstox_candidate_replay.zip!upstox_candidate_replay/20240620/underlying/NIFTY_20240620.parquet', 'source_hash': '4357f109ed631802b3774c34db9c318f71742f8e99de307408af71bf00810707'}",{'completed_bar_only': True},"{'buy_ce_allowed': False, 'buy_pe_allowed': True, 'research_only': True}",b60e47aa29fbf020d7a7a457f1125329c90ea780544edd4ca246c2b0407efd73,23453.4,2024-06-20 09:56:00+05:30,41,-0.0020066832756553913,125.95000000000073,0.0,251.09999999999854,17.93000000000029,18.340000000000146,0.0003579275568808627,18.150000000000155,-43.14999999999782,134.29999999999927,10.80000000000291,0.5495376486128949,0.1651254953764766,0.28533685601062847,4,0,-0.00090735983846435,37.85000000000218,20.799999999999272,0.0,2024-06-20T09:57:00+05:30,23452.9,30,4.450000000000728,82.0,-68.59999999999854,-70.09999999999854,False,False,-15.415730337075804
NIFTY:2024-06-20,2024-06-20,NIFTY,compression_expansion_down,2024-06-20T11:15:00+05:30,2024-06-20T11:15:00+05:30,DOWN,{},"{'source_path': '/Users/madhuram/tradebot-structural-edge-discovery-v3/runtime/upstox_candidate_replay.zip!upstox_candidate_replay/20240620/underlying/NIFTY_20240620.parquet', 'source_hash': '4357f109ed631802b3774c34db9c318f71742f8e99de307408af71bf00810707'}",{'completed_bar_only': True},"{'buy_ce_allowed': False, 'buy_pe_allowed': True, 'research_only': True}",7f6138888513139705d1c8bc585b7a67e0f2092914664d07ffbb4b6938c606d4,23533.65,2024-06-20 11:14:00+05:30,119,0.001056484733051542,125.95000000000073,0.0,251.09999999999854,10.039999999999418,9.590000000000146,0.0002686706398087042,9.539285714285922,22.937916666665842,54.04999999999927,91.05000000000291,0.6702127659573953,0.15691489361706606,0.17287234042553862,0,0,-0.0005605845367850915,18.799999999999272,12.599999999998545,0.0,2024-06-20T11:15:00+05:30,23533.05,30,9.0,29.100000000002183,-26.400000000001455,-27.900000000001455,False,False,-2.933333333333495
NIFTY:2024-06-20,2024-06-20,NIFTY,compression_expansion_down,2024-06-20T12:40:00+05:30,2024-06-20T12:40:00+05:30,DOWN,{},"{'source_path': '/Users/madhuram/tradebot-structural-edge-discovery-v3/runtime/upstox_candidate_replay.zip!upstox_candidate_replay/20240620/underlying/NIFTY_20240620.parquet', 'source_hash': '4357f109ed631802b3774c34db9c318f71742f8e99de307408af71bf00810707'}",{'completed_bar_only': True},"{'buy_ce_allowed': False, 'buy_pe_allowed': True, 'research_only': True}",3f368480783efaa326c043cd867608bacaf31368e01622400f3c2fb0d48eacf0,23548.1,2024-06-20 12:39:00+05:30,204,0.0015879156852907795,125.95000000000073,0.0,251.09999999999854,6.279999999999563,6.419999999999951,0.000208464039601744,6.589285714285714,20.87707317073,39.60000000000218,105.5,0.8949579831935638,0.029411764705765463,0.07563025210067079,4,0,-0.00045206133602171406,11.899999999997817,10.650000000001455,0.0,2024-06-20T12:40:00+05:30,23548.85,30,16.349999999998545,23.55000000000291,-15.400000000001455,-16.900000000001455,False,False,-0.9418960244650046
NIFTY:2024-06-20,2024-06-20,NIFTY,compression_expansion_down,2024-06-20T12:41:00+05:30,2024-06-20T12:41:00+05:30,DOWN,{},"{'source_path': '/Users/madhuram/tradebot-structural-edge-discovery-v3/runtime/upstox_candidate_replay.zip!upstox_candidate_replay/20240620/underlying/NIFTY_20240620.parquet', 'source_hash': '4357f109ed631802b3774c34db9c318f71742f8e99de307408af71bf00810707'}",{'completed_bar_only': True},"{'buy_ce_allowed': False, 'buy_pe_allowed': True, 'research_only': True}",8dd46a28e199e8119b1b980a5f83a6817f34348f0bc5358e927b5b2f7afb61db,23541.7,2024-06-20 12:40:00+05:30,205,0.0011670223711172417,125.95000000000073,0.0,251.09999999999854,7.580000000000291,6.810000000000097,0.00021687645524082495,6.957142857142961,14.406796116505575,46.0,99.10000000000218,0.7222222222218956,0.21717171717183223,0.06060606060627218,0,0,-0.0002717841354503703,9.900000000001455,7.149999999997817,0.0,2024-06-20T12:41:00+05:30,23541.0,30,8.5,31.400000000001455,-21.75,-23.25,False,False,-2.5588235294117645
NIFTY:2024-06-20,2024-06-20,NIFTY,compression_expansion_down,2024-06-20T13:14:00+05:30,2024-06-20T13:14:00+05:30,DOWN,{},"{'source_path': '/Users/madhuram/tradebot-structural-edge-discovery-v3/runtime/upstox_candidate_replay.zip!upstox_candidate_replay/20240620/underlying/NIFTY_20240620.parquet', 'source_hash': '4357f109ed631802b3774c34db9c318f71742f8e99de307408af71bf00810707'}",{'completed_bar_only': True},"{'buy_ce_allowed': False, 'buy_pe_allowed': True, 'research_only': True}",e373d619c233464fa267b91d413ed611d774330316c759be13b91f377be1509c,23555.15,2024-06-20 13:13:00+05:30,238,0.001821745304276044,125.95000000000073,0.0,251.09999999999854,7.390000000000873,7.233333333334061,0.0002541415285460335,7.278571428572312,24.338912133895064,32.54999999999927,112.55000000000291,0.7583333333332121,0.19166666666660603,0.0500000000001819,0,0,-0.00038617821488051707,12.0,9.099999999998545,0.0,2024-06-20T13:14:00+05:30,23555.7,30,10.600000000002183,68.29999999999927,-56.64999999999782,-58.14999999999782,False,False,-5.344339622640203
NIFTY:2024-06-20,2024-06-20,NIFTY,compression_expansion_down,2024-06-20T13:48:00+05:30,2024-06-20T13:48:00+05:30,DOWN,{},"{'source_path': '/Users/madhuram/tradebot-structural-edge-discovery-v3/runtime/upstox_candidate_replay.zip!upstox_candidate_replay/20240620/underlying/NIFTY_20240620.parquet', 'source_hash': '4357f109ed631802b3774c34db9c318f71742f8e99de307408af71bf00810707'}",{'completed_bar_only': True},"{'buy_ce_allowed': False, 'buy_pe_allowed': True, 'research_only': True}",cd6645aafae5a7fae01c00587b62a801397063445c113d4b0caeaec0b554c880,23592.2,2024-06-20 13:47:00+05:30,272,0.003541455865722247,125.95000000000073,0.0,251.09999999999854,9.95,9.176666666666764,0.00022215218394741279,8.892857142857142,52.99450549450921,31.799999999999272,149.60000000000218,0.5980861244019764,0.004784688995146185,0.3971291866028775,0,2,-0.0005316726506316982,20.899999999997817,12.5,0.0,2024-06-20T13:48:00+05:30,23593.6,30,61.099999999998545,11.650000000001455,1.8999999999978172,0.3999999999978172,True,True,0.031096563011421646
NIFTY:2024-06-20,2024-06-20,NIFTY,compression_expansion_down,2024-06-20T14:31:00+05:30,2024-06-20T14:31:00+05:30,DOWN,{},"{'source_path': '/Users/madhuram/tradebot-structural-edge-discovery-v3/runtime/upstox_candidate_replay.zip!upstox_candidate_replay/20240620/underlying/NIFTY_20240620.parquet', 'source_hash': '4357f109ed631802b3774c34db9c318f71742f8e99de307408af71bf00810707'}",{'completed_bar_only': True},"{'buy_ce_allowed': False, 'buy_pe_allowed': True, 'research_only': True}",e8905bd627eb1e22ff248cffb69f5b53f4d7235837b6d6761d26ecac50507233,23565.2,2024-06-20 14:30:00+05:30,315,0.0026422746945333957,125.95000000000073,0.0,251.09999999999854,10.96999999999971,11.426666666666522,0.0004019184519232966,10.839285714285714,22.128322784810734,58.79999999999927,122.60000000000218,0.9338422391857804,0.05089058524173593,0.015267175572483752,6,2,-0.0007780847243098465,19.649999999997817,18.349999999998545,0.0,2024-06-20T14:31:00+05:30,23564.4,30,28.05000000000291,26.5,0.8000000000029104,-0.6999999999970896,True,True,0.0285204991088352
NIFTY:2024-06-20,2024-06-20,NIFTY,compression_expansion_down,2024-06-20T14:44:00+05:30,2024-06-20T14:44:00+05:30,DOWN,{},"{'source_path': '/Users/madhuram/tradebot-structural-edge-discovery-v3/runtime/upstox_candidate_replay.zip!upstox_candidate_replay/20240620/underlying/NIFTY_20240620.parquet', 'source_hash': '4357f109ed631802b3774c34db9c318f71742f8e99de307408af71bf00810707'}",{'completed_bar_only': True},"{'buy_ce_allowed': False, 'buy_pe_allowed': True, 'research_only': True}",efd71263051a68e28587fa74941fb577b73c30159283d87d9b780dfcbf65a077,23568.1,2024-06-20 14:43:00+05:30,328,0.0026890406183305415,125.95000000000073,0.0,251.09999999999854,10.350000000000728,10.756666666666812,0.0003902424295192725,10.775000000000157,23.847872340422327,55.900000000001455,125.5,1.0,0.0,0.0,6,2,-0.0007059646593667868,16.55000000000291,16.55000000000291,0.0,2024-06-20T14:44:00+05:30,23568.5,30,32.150000000001455,13.5,1.6500000000014552,0.1500000000014552,True,True,0.05132192846038509
NIFTY:2024-06-21,2024-06-21,NIFTY,compression_expansion_down,2024-06-21T09:44:00+05:30,2024-06-21T09:44:00+05:30,DOWN,{},"{'source_path': '/Users/madhuram/tradebot-structural-edge-discovery-v3/runtime/upstox_candidate_replay.zip!upstox_candidate_replay/20240621/underlying/NIFTY_20240621.parquet', 'source_hash': '4357f109ed631802b3774c34db9c318f71742f8e99de307408af71bf00810707'}",{'completed_bar_only': True},"{'buy_ce_allowed': False, 'buy_pe_allowed': True, 'research_only': True}",84fc0e49a8bbd8d4c2acf821cdc4b881eb6fc40d0d600d52384d26bdfbf94328,23589.05,2024-06-21 09:43:00+05:30,28,0.001456795516377755,73.0,0.0,181.40000000000146,16.7,15.46999999999971,0.0004646132240980624,15.421428571428155,-29.7327586206884,78.04999999999927,7.149999999997817,0.7180616740088472,0.07195301027902437,0.20998531571212833,0,0,-0.0010544614518114281,34.04999999999927,24.450000000000728,0.0,2024-06-21T09:44:00+05:30,23590.65,30,23.600000000002183,31.799999999999272,5.900000000001455,4.400000000001455,False,False,0.2500000000000385
NIFTY:2024-06-21,2024-06-21,NIFTY,compression_expansion_down,2024-06-21T10:05:00+05:30,2024-06-21T10:05:00+05:30,DOWN,{},"{'source_path': '/Users/madhuram/tradebot-structural-edge-discovery-v3/runtime/upstox_candidate_replay.zip!upstox_candidate_replay/20240621/underlying/NIFTY_20240621.parquet', 'source_hash': '4357f109ed631802b3774c34db9c318f71742f8e99de307408af71bf00810707'}",{'completed_bar_only': True},"{'buy_ce_allowed': False, 'buy_pe_allowed': True, 'research_only': True}",31c1d82af2e3b1ba4768c412b9cf21381474571d9e0544e57825115c0a2167a2,23588.65,2024-06-21 10:04:00+05:30,49,0.0011853692775183622,73.0,0.0,181.40000000000146,13.610000000000582,14.053333333334013,0.00036893966086490787,13.703571428572104,-20.683999999997468,78.44999999999709,21.600000000002183,0.8463302752292525,0.15366972477074745,0.0,14,0,-0.0008090563480211976,21.799999999999272,18.44999999999709,0.0,2024-06-21T10:05:00+05:30,23589.05,30,14.0,21.900000000001455,-8.350000000002183,-9.850000000002183,False,False,-0.5964285714287273
NIFTY:2024-06-21,2024-06-21,NIFTY,compression_expansion_down,2024-06-21T10:19:00+05:30,2024-06-21T10:19:00+05:30,DOWN,{},"{'source_path': '/Users/madhuram/tradebot-structural-edge-discovery-v3/runtime/upstox_candidate_replay.zip!upstox_candidate_replay/20240621/underlying/NIFTY_20240621.parquet', 'source_hash': '4357f109ed631802b3774c34db9c318f71742f8e99de307408af71bf00810707'}",{'completed_bar_only': True},"{'buy_ce_allowed': False, 'buy_pe_allowed': True, 'research_only': True}",9d7a140ac51364a24b55112f23674bb2cde9f946b7959d167da53d748cdcde3c,23582.4,2024-06-21 10:18:00+05:30,63,0.0006785655971483281,73.0,0.0,181.40000000000146,11.210000000000582,11.56666666666691,0.00038726257782562186,10.835714285714598,-22.903906249997817,84.69999999999709,15.350000000002183,0.7822085889570901,0.12883435582813735,0.08895705521477254,10,0,-0.0005763688760805907,16.299999999999272,12.75,0.0,2024-06-21T10:19:00+05:30,23583.25,30,91.75,27.700000000000728,72.70000000000073,71.20000000000073,True,True,0.7923705722070924
NIFTY:2024-06-21,2024-06-21,NIFTY,compression_expansion_down,2024-06-21T10:33:00+05:30,2024-06-21T10:33:00+05:30,DOWN,{},"{'source_path': '/Users/madhuram/tradebot-structural-edge-discovery-v3/runtime/upstox_candidate_replay.zip!upstox_candidate_replay/20240621/underlying/NIFTY_20240621.parquet', 'source_hash': '4357f109ed631802b3774c34db9c318f71742f8e99de307408af71bf00810707'}",{'completed_bar_only': True},"{'buy_ce_allowed': False, 'buy_pe_allowed': True, 'research_only': True}",0f1ae4bdc7ce727aa6aa2a2f4c7bf70dfeb2705765ed5b37e27e876a45d55aa8,23586.8,2024-06-21 10:32:00+05:30,77,0.0008036761291224276,73.0,0.0,181.40000000000146,10.520000000000437,10.033333333333333,0.0002986914973967713,9.585714285714337,-17.245512820514705,80.29999999999927,19.75,0.7129337539430736,0.11671924290232984,0.17034700315459658,0,0,-0.00047461649292313,15.850000000002183,11.299999999999272,0.0,2024-06-21T10:33:00+05:30,23586.0,30,94.5,16.950000000000728,76.59999999999854,75.09999999999854,True,True,0.8105820105819952
NIFTY:2024-06-21,2024-06-21,NIFTY,compression_expansion_down,2024-06-21T11:03:00+05:30,2024-06-21T11:03:00+05:30,DOWN,{},"{'source_path': '/Users/madhuram/tradebot-structural-edge-discovery-v3/runtime/upstox_candidate_replay.zip!upstox_candidate_replay/20240621/underlying/NIFTY_20240621.parquet', 'source_hash': '4357f109ed631802b3774c34db9c318f71742f8e99de307408af71bf00810707'}",{'completed_bar_only': True},"{'buy_ce_allowed': False, 'buy_pe_allowed': True, 'research_only': True}",0143cd15ff5f116c7d04a7315c817c28a4e6fedcde2dc5fb1cc37f0f5b33addd,23505.6,2024-06-21 11:02:00+05:30,107,-0.002237145953098394,73.0,0.0,181.40000000000146,12.670000000000437,13.573333333332993,0.00041327441813593515,12.99999999999948,-81.58101851851825,161.5,14.099999999998545,0.7549909255899623,0.225045372050717,0.01996370235932076,10,0,-0.0009563033139097232,27.549999999999272,20.80000000000291,0.0,2024-06-21T11:03:00+05:30,23506.6,30,3.149999999997817,29.05000000000291,-28.100000000002183,-29.600000000002183,False,False,-8.920634920641795
NIFTY:2024-06-21,2024-06-21,NIFTY,compression_expansion_down,2024-06-21T11:47:00+05:30,2024-06-21T11:47:00+05:30,DOWN,{},"{'source_path': '/Users/madhuram/tradebot-structural-edge-discovery-v3/runtime/upstox_candidate_replay.zip!upstox_candidate_replay/20240621/underlying/NIFTY_20240621.parquet', 'source_hash': '4357f109ed631802b3774c34db9c318f71742f8e99de307408af71bf00810707'}",{'completed_bar_only': True},"{'buy_ce_allowed': False, 'buy_pe_allowed': True, 'research_only': True}",04655af691f93669f9a258c535c7f820149a49992460e69da33e04579041068d,23527.25,2024-06-21 11:46:00+05:30,151,-0.001490723796235295,73.0,0.0,181.40000000000146,10.950000000000728,12.490000000000387,0.00040066344655572566,12.53214285714317,-43.125986842103885,139.84999999999854,35.75,0.8333333333332429,0.03482587064679859,0.13184079601995857,5,0,-0.0006880894686208672,20.100000000002183,16.75,0.0,2024-06-21T11:47:00+05:30,23530.1,30,2.9499999999970896,21.400000000001455,-3.650000000001455,-5.150000000001455,False,False,-1.2372881355949343
NIFTY:2024-06-21,2024-06-21,NIFTY,compression_expansion_down,2024-06-21T12:17:00+05:30,2024-06-21T12:17:00+05:30,DOWN,{},"{'source_path': '/Users/madhuram/tradebot-structural-edge-discovery-v3/runtime/upstox_candidate_replay.zip!upstox_candidate_replay/20240621/underlying/NIFTY_20240621.parquet', 'source_hash': '4357f109ed631802b3774c34db9c318f71742f8e99de307408af71bf00810707'}",{'completed_bar_only': True},"{'buy_ce_allowed': False, 'buy_pe_allowed': True, 'research_only': True}",d350434f09c0a83102049ab6eaaa43bb18ad55faa36c51117749be8f1067eaf1,23535.65,2024-06-21 12:16:00+05:30,181,-0.0015500982859858352,73.0,0.0,181.40000000000146,7.15,7.0966666666667155,0.00019492626699243128,7.23928571428587,-29.82967032966917,131.4499999999971,44.150000000001455,0.5325670498082358,0.2873563218390965,0.18007662835266772,0,0,-0.000307948468540431,13.049999999999272,6.94999999999709,0.0,2024-06-21T12:17:00+05:30,23535.55,30,92.70000000000073,7.200000000000728,80.84999999999854,79.34999999999854,True,True,0.8721682847896215
NIFTY:2024-06-21,2024-06-21,NIFTY,compression_expansion_down,2024-06-21T12:32:00+05:30,2024-06-21T12:32:00+05:30,DOWN,{},"{'source_path': '/Users/madhuram/tradebot-structural-edge-discovery-v3/runtime/upstox_candidate_replay.zip!upstox_candidate_replay/20240621/underlying/NIFTY_20240621.parquet', 'source_hash': '4357f109ed631802b3774c34db9c318f71742f8e99de307408af71bf00810707'}",{'completed_bar_only': True},"{'buy_ce_allowed': False, 'buy_pe_allowed': True, 'research_only': True}",2ad967a299fa403d7ae3a70e14402ffaac8c043a2035d7a903dcdbae13a0d781,23531.9,2024-06-21 12:31:00+05:30,196,-0.0019423940218372124,73.0,0.0,181.40000000000146,9.150000000000727,7.543333333333188,0.00012349855204705107,7.528571428571273,-31.163197969541216,135.1999999999971,40.400000000001455,0.06066945606682937,0.029288702928903412,0.9100418410042672,0,0,-7.648606041543715e-05,23.899999999997817,1.4499999999970896,0.0,2024-06-21T12:32:00+05:30,23531.85,30,92.54999999999927,1.3500000000021828,91.0,89.5,True,True,0.9832522960561936
NIFTY:2024-06-24,2024-06-24,NIFTY,compression_expansion_down,2024-06-24T09:29:00+05:30,2024-06-24T09:29:00+05:30,DOWN,{},"{'source_path': '/Users/madhuram/tradebot-structural-edge-discovery-v3/runtime/upstox_candidate_replay.zip!upstox_candidate_replay/20240624/underlying/NIFTY_20240624.parquet', 'source_hash': '4357f109ed631802b3774c34db9c318f71742f8e99de307408af71bf00810707'}",{'completed_bar_only': True},"{'buy_ce_allowed': False, 'buy_pe_allowed': True, 'research_only': True}",663611e8cb963d9419a8dcc3f1331784cf5751e12782b50453c7c6e10579b3f2,23405.65,2024-06-24 09:28:00+05:30,13,-0.0006694196728371552,87.70000000000073,0.0,268.8999999999978,17.1,20.421428571428155,0.0005599104451796599,20.421428571428155,-0.785714285713766,33.54999999999927,54.150000000001455,1.0,0.0,0.0,9,4,-0.0013589333333332565,31.799999999999272,31.799999999999272,0.0,2024-06-24T09:29:00+05:30,23405.55,30,55.54999999999927,41.400000000001455,-16.200000000000728,-17.700000000000728,True,True,-0.2916291629163085
NIFTY:2024-06-24,2024-06-24,NIFTY,compression_expansion_down,2024-06-24T11:39:00+05:30,2024-06-24T11:39:00+05:30,DOWN,{},"{'source_path': '/Users/madhuram/tradebot-structural-edge-discovery-v3/runtime/upstox_candidate_replay.zip!upstox_candidate_replay/20240624/underlying/NIFTY_20240624.parquet', 'source_hash': '4357f109ed631802b3774c34db9c318f71742f8e99de307408af71bf00810707'}",{'completed_bar_only': True},"{'buy_ce_allowed': False, 'buy_pe_allowed': True, 'research_only': True}",f5e4a726465cd0a854b22486fc48096025160cfc238fc0becd246aa980ea4c31,23514.7,2024-06-24 11:38:00+05:30,143,0.003087005370280658,87.70000000000073,0.0,268.8999999999978,8.399999999999272,8.843333333332945,0.00026222500709760727,8.414285714285402,60.44340277777883,30.200000000000728,164.70000000000073,0.7161716171617233,0.0,0.2838283828382767,11,13,-0.0004781953544915618,15.149999999997817,10.849999999998545,0.0,2024-06-24T11:39:00+05:30,23516.25,30,24.75,27.299999999999272,-16.049999999999272,-17.549999999999272,False,False,-0.6484848484848191
NIFTY:2024-06-24,2024-06-24,NIFTY,compression_expansion_down,2024-06-24T13:44:00+05:30,2024-06-24T13:44:00+05:30,DOWN,{},"{'source_path': '/Users/madhuram/tradebot-structural-edge-discovery-v3/runtime/upstox_candidate_replay.zip!upstox_candidate_replay/20240624/underlying/NIFTY_20240624.parquet', 'source_hash': '4357f109ed631802b3774c34db9c318f71742f8e99de307408af71bf00810707'}",{'completed_bar_only': True},"{'buy_ce_allowed': False, 'buy_pe_allowed': True, 'research_only': True}",ad4fd87de96e8976a5c203ef47eae0135f9b5b6806e672c356cafb5d172c088e,23542.85,2024-06-24 13:43:00+05:30,268,0.0041529602633334035,87.70000000000073,0.0,268.8999999999978,6.039999999999418,5.996666666666715,0.00017662876301602682,5.746428571428623,52.118959107803676,15.25,192.84999999999854,0.8508287292819168,0.11049723756906965,0.03867403314901358,0,15,-0.0003354457925969223,9.049999999999272,7.700000000000728,0.0,2024-06-24T13:44:00+05:30,23543.0,30,32.0,5.400000000001455,23.049999999999272,21.549999999999272,True,True,0.7203124999999773
NIFTY:2024-06-24,2024-06-24,NIFTY,compression_expansion_down,2024-06-24T14:21:00+05:30,2024-06-24T14:21:00+05:30,DOWN,{},"{'source_path': '/Users/madhuram/tradebot-structural-edge-discovery-v3/runtime/upstox_candidate_replay.zip!upstox_candidate_replay/20240624/underlying/NIFTY_20240624.parquet', 'source_hash': '4357f109ed631802b3774c34db9c318f71742f8e99de307408af71bf00810707'}",{'completed_bar_only': True},"{'buy_ce_allowed': False, 'buy_pe_allowed': True, 'research_only': True}",af8055622f9ae1dfc0d7f0e8ed5213c79d6467f5f0294b69380c5ea698d02b03,23519.0,2024-06-24 14:20:00+05:30,305,0.003153094573649897,87.70000000000073,0.0,268.8999999999978,6.139999999999418,6.206666666666569,0.0001784135979724781,6.371428571428623,23.503594771242206,39.099999999998545,169.0,0.8437499999999764,0.15625000000002368,0.0,5,15,-0.00035278166215413354,9.599999999998545,8.099999999998545,0.0,2024-06-24T14:21:00+05:30,23519.8,30,27.549999999999272,11.950000000000728,4.75,3.25,True,True,0.17241379310345284
NIFTY:2024-06-24,2024-06-24,NIFTY,compression_expansion_down,2024-06-24T14:22:00+05:30,2024-06-24T14:22:00+05:30,DOWN,{},"{'source_path': '/Users/madhuram/tradebot-structural-edge-discovery-v3/runtime/upstox_candidate_replay.zip!upstox_candidate_replay/20240624/underlying/NIFTY_20240624.parquet', 'source_hash': '4357f109ed631802b3774c34db9c318f71742f8e99de307408af71bf00810707'}",{'completed_bar_only': True},"{'buy_ce_allowed': False, 'buy_pe_allowed': True, 'research_only': True}",b95722f25ee6c948e4ead52f384100ac5e8291426486f2bab017295ed55db0a5,23509.55,2024-06-24 14:21:00+05:30,306,0.0028418357448785265,87.70000000000073,0.0,268.8999999999978,7.169999999999709,6.680000000000049,0.00020347354812228204,6.824999999999948,14.007817589576007,48.54999999999927,159.54999999999927,0.9318181818181818,0.03636363636376865,0.031818181818049525,0,15,-0.00040180279773804894,11.0,10.25,0.0,2024-06-24T14:22:00+05:30,23509.05,30,16.799999999999272,22.700000000000728,-5.200000000000728,-6.700000000000728,False,False,-0.3095238095238662
NIFTY:2024-06-25,2024-06-25,NIFTY,compression_expansion_down,2024-06-25T09:40:00+05:30,2024-06-25T09:40:00+05:30,DOWN,{},"{'source_path': '/Users/madhuram/tradebot-structural-edge-discovery-v3/runtime/upstox_candidate_replay.zip!upstox_candidate_replay/20240625/underlying/NIFTY_20240625.parquet', 'source_hash': '4357f109ed631802b3774c34db9c318f71742f8e99de307408af71bf00810707'}",{'completed_bar_only': True},"{'buy_ce_allowed': False, 'buy_pe_allowed': True, 'research_only': True}",3d4124acbd2530821701cba2aebea3ad3bc22bad513f9421a39fb50a356aa7d8,23580.85,2024-06-25 09:39:00+05:30,24,0.0016030642945561635,32.60000000000218,0.0,208.09999999999854,8.840000000000146,9.756666666666085,0.00024906862034587473,9.342857142856571,-6.518000000000029,22.80000000000291,9.799999999999272,0.3535031847135448,0.22611464968147185,0.42038216560498337,20,1,-0.0002480211305524449,15.700000000000728,5.55000000000291,0.0,2024-06-25T09:40:00+05:30,23580.6,30,15.649999999997817,37.5,0.1499999999978172,-1.3500000000021828,False,False,0.009584664536603076
NIFTY:2024-06-25,2024-06-25,NIFTY,compression_expansion_down,2024-06-25T11:01:00+05:30,2024-06-25T11:01:00+05:30,DOWN,{},"{'source_path': '/Users/madhuram/tradebot-structural-edge-discovery-v3/runtime/upstox_candidate_replay.zip!upstox_candidate_replay/20240625/underlying/NIFTY_20240625.parquet', 'source_hash': '4357f109ed631802b3774c34db9c318f71742f8e99de307408af71bf00810707'}",{'completed_bar_only': True},"{'buy_ce_allowed': False, 'buy_pe_allowed': True, 'research_only': True}",9adfa84d900a7de78a82ef24a35bcb5df1635409a859c049d5227a226001ba92,23599.55,2024-06-25 11:00:00+05:30,105,0.0023419601548283157,32.60000000000218,0.0,208.09999999999854,4.939999999999418,5.740000000000146,0.00017813228134939873,5.278571428571532,8.255660377355525,18.549999999999272,34.599999999998545,0.4521276595743981,0.17553191489374464,0.37234042553185726,5,3,-0.00018005575373458704,9.400000000001455,4.25,0.0,2024-06-25T11:01:00+05:30,23598.55,30,36.5,4.5,28.700000000000728,27.200000000000728,True,True,0.7863013698630337
NIFTY:2024-06-25,2024-06-25,NIFTY,compression_expansion_down,2024-06-25T11:16:00+05:30,2024-06-25T11:16:00+05:30,DOWN,{},"{'source_path': '/Users/madhuram/tradebot-structural-edge-discovery-v3/runtime/upstox_candidate_replay.zip!upstox_candidate_replay/20240625/underlying/NIFTY_20240625.parquet', 'source_hash': '4357f109ed631802b3774c34db9c318f71742f8e99de307408af71bf00810707'}",{'completed_bar_only': True},"{'buy_ce_allowed': False, 'buy_pe_allowed': True, 'research_only': True}",4731c7a3b2f707a1dff620926e30ddda1ef42a9b37f8cb22744239a2ab78f62a,23572.0,2024-06-25 11:15:00+05:30,120,0.0013525191465327542,32.60000000000218,0.0,208.09999999999854,5.679999999998836,5.603333333333527,0.00012551190080071974,5.567857142857195,-18.74958677685936,46.099999999998545,7.049999999999272,0.8900523560210102,0.10471204188482473,0.005235602094165049,0,3,-0.00039014129900094563,9.549999999999272,8.5,0.0,2024-06-25T11:16:00+05:30,23572.0,30,9.950000000000728,15.400000000001455,-5.099999999998545,-6.599999999998545,False,False,-0.512562814070168
NIFTY:2024-06-25,2024-06-25,NIFTY,compression_expansion_down,2024-06-25T11:35:00+05:30,2024-06-25T11:35:00+05:30,DOWN,{},"{'source_path': '/Users/madhuram/tradebot-structural-edge-discovery-v3/runtime/upstox_candidate_replay.zip!upstox_candidate_replay/20240625/underlying/NIFTY_20240625.parquet', 'source_hash': '4357f109ed631802b3774c34db9c318f71742f8e99de307408af71bf00810707'}",{'completed_bar_only': True},"{'buy_ce_allowed': False, 'buy_pe_allowed': True, 'research_only': True}",4cfd7b57dc66fa69d6aa19277d530cc12f40306f33748228a85b2315379fbf17,23571.05,2024-06-25 11:34:00+05:30,139,0.0012845746996112302,32.60000000000218,0.0,208.09999999999854,6.929999999999564,6.489999999999903,0.00021758303115312105,6.182142857142805,-17.602500000000873,47.04999999999927,9.0,0.7929292929296883,0.14646464646438478,0.06060606060592698,0,3,-0.00037531965784431964,9.899999999997817,7.850000000002183,0.0,2024-06-25T11:35:00+05:30,23570.25,30,3.900000000001455,23.099999999998545,-14.150000000001455,-15.650000000001455,False,False,-3.6282051282041476
NIFTY:2024-06-25,2024-06-25,NIFTY,compression_expansion_down,2024-06-25T12:04:00+05:30,2024-06-25T12:04:00+05:30,DOWN,{},"{'source_path': '/Users/madhuram/tradebot-structural-edge-discovery-v3/runtime/upstox_candidate_replay.zip!upstox_candidate_replay/20240625/underlying/NIFTY_20240625.parquet', 'source_hash': '4357f109ed631802b3774c34db9c318f71742f8e99de307408af71bf00810707'}",{'completed_bar_only': True},"{'buy_ce_allowed': False, 'buy_pe_allowed': True, 'research_only': True}",f71004487fde4b2fc2d9cf2be2ee56014d6e414a0927216bb22a6318914e6e5b,23581.55,2024-06-25 12:03:00+05:30,168,0.0016030642945561635,32.60000000000218,0.0,208.09999999999854,4.65,4.553333333333527,0.00011696748301407103,4.617857142857507,-5.94615384615463,36.54999999999927,19.5,0.5843373493979046,0.17469879518038756,0.24096385542170787,0,3,-0.00027980151050432944,8.299999999999272,4.850000000002183,0.0,2024-06-25T12:04:00+05:30,23580.85,30,1.0499999999992724,74.90000000000146,-64.05000000000291,-65.55000000000291,False,False,-61.00000000004504
NIFTY:2024-06-25,2024-06-25,NIFTY,compression_expansion_down,2024-06-25T13:31:00+05:30,2024-06-25T13:31:00+05:30,DOWN,{},"{'source_path': '/Users/madhuram/tradebot-structural-edge-discovery-v3/runtime/upstox_candidate_replay.zip!upstox_candidate_replay/20240625/underlying/NIFTY_20240625.parquet', 'source_hash': '4357f109ed631802b3774c34db9c318f71742f8e99de307408af71bf00810707'}",{'completed_bar_only': True},"{'buy_ce_allowed': False, 'buy_pe_allowed': True, 'research_only': True}",c2de69a80a4e91cf627a03df91f42562ba0a263e897e83c401e579ca709ec3b0,23670.25,2024-06-25 13:30:00+05:30,255,0.005524732840311378,32.60000000000218,0.0,208.09999999999854,7.149999999999272,7.8133333333328965,0.0002296942911369135,7.574999999999688,64.66523437499927,22.0,108.20000000000073,0.7762557077625055,0.2237442922374945,0.0,12,11,-0.00040118666793353963,10.950000000000728,8.5,0.0,2024-06-25T13:31:00+05:30,23670.5,30,9.0,20.650000000001455,-11.349999999998545,-12.849999999998545,False,False,-1.2611111111109494
NIFTY:2024-06-25,2024-06-25,NIFTY,compression_expansion_down,2024-06-25T14:49:00+05:30,2024-06-25T14:49:00+05:30,DOWN,{},"{'source_path': '/Users/madhuram/tradebot-structural-edge-discovery-v3/runtime/upstox_candidate_replay.zip!upstox_candidate_replay/20240625/underlying/NIFTY_20240625.parquet', 'source_hash': '4357f109ed631802b3774c34db9c318f71742f8e99de307408af71bf00810707'}",{'completed_bar_only': True},"{'buy_ce_allowed': False, 'buy_pe_allowed': True, 'research_only': True}",c829c3fff13974197ee041ce26d5f325aec01bcbaad7df52b6fa59c80d2c36bf,23684.95,2024-06-25 14:48:00+05:30,333,0.006295477660078179,32.60000000000218,0.0,208.09999999999854,8.020000000001165,6.8500000000004855,0.00020641064838122867,6.914285714286182,60.83338323353382,25.5,122.90000000000146,0.8984962406013619,0.05639097744359668,0.04511278195504147,0,14,-0.0005612228751067372,13.30000000000291,11.950000000000728,0.0,2024-06-25T14:49:00+05:30,23685.05,30,11.399999999997817,50.45000000000073,-42.900000000001455,-44.400000000001455,False,False,-3.7631578947376902
NIFTY:2024-06-26,2024-06-26,NIFTY,compression_expansion_down,2024-06-26T09:31:00+05:30,2024-06-26T09:31:00+05:30,DOWN,{},"{'source_path': '/Users/madhuram/tradebot-structural-edge-discovery-v3/runtime/upstox_candidate_replay.zip!upstox_candidate_replay/20240626/underlying/NIFTY_20240626.parquet', 'source_hash': '4357f109ed631802b3774c34db9c318f71742f8e99de307408af71bf00810707'}",{'completed_bar_only': True},"{'buy_ce_allowed': False, 'buy_pe_allowed': True, 'research_only': True}",38d3c6b3024d703c861503c9f79a6a5ea536c2d784bf815f41b14f8b6cb200af,23678.4,2024-06-26 09:30:00+05:30,15,-0.0010686327823657541,60.20000000000073,0.0,192.10000000000218,13.559999999999855,14.54333333333343,0.0004571201832917425,13.642857142857403,-34.18437499999709,71.09999999999854,1.1500000000014552,0.8231292517006085,0.12471655328798598,0.052154195011405585,11,0,-0.0007385243860752455,22.049999999999272,18.149999999997817,0.0,2024-06-26T09:31:00+05:30,23678.85,30,8.399999999997817,46.400000000001455,-16.900000000001455,-18.400000000001455,False,False,-2.0119047619054578
NIFTY:2024-06-26,2024-06-26,NIFTY,compression_expansion_down,2024-06-26T11:57:00+05:30,2024-06-26T11:57:00+05:30,DOWN,{},"{'source_path': '/Users/madhuram/tradebot-structural-edge-discovery-v3/runtime/upstox_candidate_replay.zip!upstox_candidate_replay/20240626/underlying/NIFTY_20240626.parquet', 'source_hash': '4357f109ed631802b3774c34db9c318f71742f8e99de307408af71bf00810707'}",{'completed_bar_only': True},"{'buy_ce_allowed': False, 'buy_pe_allowed': True, 'research_only': True}",bd9a5c0c8f10e67c4b97587c931a62f70b26ff90febe211149bd91e37fe8c5e3,23816.1,2024-06-26 11:56:00+05:30,161,0.0042998242130689365,60.20000000000073,0.0,192.10000000000218,5.890000000000145,6.76000000000034,0.00021550932663006624,6.421428571428935,71.46851851851898,9.650000000001455,145.64999999999782,0.7393364928910672,0.1184834123222422,0.14218009478669064,11,13,-0.0003525782282944867,10.55000000000291,7.80000000000291,0.0,2024-06-26T11:57:00+05:30,23815.9,30,2.0,42.89999999999782,-41.25,-42.75,False,False,-20.625
NIFTY:2024-06-26,2024-06-26,NIFTY,compression_expansion_down,2024-06-26T13:44:00+05:30,2024-06-26T13:44:00+05:30,DOWN,{},"{'source_path': '/Users/madhuram/tradebot-structural-edge-discovery-v3/runtime/upstox_candidate_replay.zip!upstox_candidate_replay/20240626/underlying/NIFTY_20240626.parquet', 'source_hash': '4357f109ed631802b3774c34db9c318f71742f8e99de307408af71bf00810707'}",{'completed_bar_only': True},"{'buy_ce_allowed': False, 'buy_pe_allowed': True, 'research_only': True}",f44333cb52124eb5b49d1d7abe1721566fcb16054cf3da511e49fd5bf6e424a5,23842.0,2024-06-26 13:43:00+05:30,268,0.005433797461417416,60.20000000000073,0.0,192.10000000000218,8.050000000000727,7.36666666666691,0.00023495487395587577,7.157142857142909,60.57323420074317,17.5,171.54999999999927,0.7521367521366432,0.12820512820512023,0.1196581196582366,0,17,-0.0003291425312946794,11.700000000000728,8.799999999999272,0.0,2024-06-26T13:44:00+05:30,23841.25,30,1.6500000000014552,33.29999999999927,-30.950000000000728,-32.45000000000073,False,False,-18.757575757559657
NIFTY:2024-06-26,2024-06-26,NIFTY,compression_expansion_down,2024-06-26T13:59:00+05:30,2024-06-26T13:59:00+05:30,DOWN,{},"{'source_path': '/Users/madhuram/tradebot-structural-edge-discovery-v3/runtime/upstox_candidate_replay.zip!upstox_candidate_replay/20240626/underlying/NIFTY_20240626.parquet', 'source_hash': '4357f109ed631802b3774c34db9c318f71742f8e99de307408af71bf00810707'}",{'completed_bar_only': True},"{'buy_ce_allowed': False, 'buy_pe_allowed': True, 'research_only': True}",3c65b678147b899176492ba927034f06116be973162d815a9bdddc0a007fbfcc,23848.8,2024-06-26 13:58:00+05:30,283,0.005794223902806987,60.20000000000073,0.0,192.10000000000218,7.139999999999418,6.096666666666958,0.00015226276878853106,6.100000000000104,63.709683098590176,15.0,178.34999999999854,0.7700729927008404,0.0,0.2299270072991596,0,18,-0.00040656369847225093,13.69999999999709,10.549999999999272,0.0,2024-06-26T13:59:00+05:30,23848.4,30,1.4500000000007276,32.099999999998545,-16.94999999999709,-18.44999999999709,False,False,-11.68965517240592
NIFTY:2024-06-26,2024-06-26,NIFTY,compression_expansion_down,2024-06-26T15:02:00+05:30,2024-06-26T15:02:00+05:30,DOWN,{},"{'source_path': '/Users/madhuram/tradebot-structural-edge-discovery-v3/runtime/upstox_candidate_replay.zip!upstox_candidate_replay/20240626/underlying/NIFTY_20240626.parquet', 'source_hash': '4357f109ed631802b3774c34db9c318f71742f8e99de307408af71bf00810707'}",{'completed_bar_only': True},"{'buy_ce_allowed': False, 'buy_pe_allowed': True, 'research_only': True}",dd1a4b9d469910374ad505d0b5993ada3336bc283228166e7c5353452b7e7cb5,23865.1,2024-06-26 15:01:00+05:30,346,0.006082986607312199,60.20000000000073,0.0,192.10000000000218,8.8400000000016,8.390000000001116,0.00016872526716539752,8.567857142858234,64.87074927953654,20.400000000001455,194.64999999999782,0.08800000000017462,0.1239999999999418,0.7879999999998836,0,27,-0.00012359618820978469,12.5,1.1000000000021828,0.0,2024-06-26T15:02:00+05:30,23864.5,30,24.900000000001455,25.400000000001455,24.25,22.75,False,False,0.9738955823292603
NIFTY:2024-06-27,2024-06-27,NIFTY,compression_expansion_down,2024-06-27T10:14:00+05:30,2024-06-27T10:14:00+05:30,DOWN,{},"{'source_path': '/Users/madhuram/tradebot-structural-edge-discovery-v3/runtime/upstox_candidate_replay.zip!upstox_candidate_replay/20240627/underlying/NIFTY_20240627.parquet', 'source_hash': '4357f109ed631802b3774c34db9c318f71742f8e99de307408af71bf00810707'}",{'completed_bar_only': True},"{'buy_ce_allowed': False, 'buy_pe_allowed': True, 'research_only': True}",8d93d76ee5b04044604149393db321ce09043534dca5b61d79e6b14920fbe47e,23943.9,2024-06-27 10:13:00+05:30,58,0.00506076907750554,74.0,0.0,219.45000000000073,12.070000000001164,12.333333333333576,0.000311080227662756,12.628571428571636,70.1347457627162,22.5,138.5,0.8585858585857323,0.0,0.1414141414142676,8,6,-0.0007053186871890382,19.80000000000291,17.0,0.0,2024-06-27T10:14:00+05:30,23943.4,30,99.25,31.299999999999272,92.45000000000073,90.95000000000073,True,True,0.9314861460957252
NIFTY:2024-06-27,2024-06-27,NIFTY,compression_expansion_down,2024-06-27T10:44:00+05:30,2024-06-27T10:44:00+05:30,DOWN,{},"{'source_path': '/Users/madhuram/tradebot-structural-edge-discovery-v3/runtime/upstox_candidate_replay.zip!upstox_candidate_replay/20240627/underlying/NIFTY_20240627.parquet', 'source_hash': '4357f109ed631802b3774c34db9c318f71742f8e99de307408af71bf00810707'}",{'completed_bar_only': True},"{'buy_ce_allowed': False, 'buy_pe_allowed': True, 'research_only': True}",01eb387afbf85e0dc72a64748477341d43f9c985b4a05466281a853f6c87a922,23856.65,2024-06-27 10:43:00+05:30,88,0.0025586980002307025,74.0,0.0,219.45000000000073,18.879999999999562,18.30666666666681,0.0007342352614935533,19.139285714285766,-37.7247191011229,118.04999999999927,51.25,0.9074262461851582,0.0925737538148418,0.0,0,7,-0.0018806272383437017,49.14999999999782,44.599999999998545,0.0,2024-06-27T10:44:00+05:30,23857.05,30,22.75,68.29999999999927,-64.95000000000073,-66.45000000000073,False,False,-2.854945054945087
NIFTY:2024-06-27,2024-06-27,NIFTY,compression_expansion_down,2024-06-27T11:38:00+05:30,2024-06-27T11:38:00+05:30,DOWN,{},"{'source_path': '/Users/madhuram/tradebot-structural-edge-discovery-v3/runtime/upstox_candidate_replay.zip!upstox_candidate_replay/20240627/underlying/NIFTY_20240627.parquet', 'source_hash': '4357f109ed631802b3774c34db9c318f71742f8e99de307408af71bf00810707'}",{'completed_bar_only': True},"{'buy_ce_allowed': False, 'buy_pe_allowed': True, 'research_only': True}",5d61e5586c00f69d51bc8f9c37549af0f5b1cb18d65ccba7b5815ef04fe745ec,23909.7,2024-06-27 11:37:00+05:30,142,0.0034773125281824416,74.0,0.0,219.45000000000073,10.040000000000145,9.230000000000048,0.0002307218863620629,9.178571428571688,14.83986013986214,65.0,104.29999999999927,0.7369863013699028,0.08767123287663259,0.17534246575346452,0,7,-0.0005601280770467509,18.25,13.450000000000728,0.0,2024-06-27T11:38:00+05:30,23909.65,30,3.5500000000029104,52.44999999999709,-39.94999999999709,-41.44999999999709,False,False,-11.253521126750517
NIFTY:2024-06-27,2024-06-27,NIFTY,compression_expansion_down,2024-06-27T12:28:00+05:30,2024-06-27T12:28:00+05:30,DOWN,{},"{'source_path': '/Users/madhuram/tradebot-structural-edge-discovery-v3/runtime/upstox_candidate_replay.zip!upstox_candidate_replay/20240627/underlying/NIFTY_20240627.parquet', 'source_hash': '4357f109ed631802b3774c34db9c318f71742f8e99de307408af71bf00810707'}",{'completed_bar_only': True},"{'buy_ce_allowed': False, 'buy_pe_allowed': True, 'research_only': True}",46cb1f24e117e7444f44ab83b15648e50312f8ddf24880532c04d5379cf495be,23980.8,2024-06-27 12:27:00+05:30,192,0.0064533719235326205,74.0,0.0,219.45000000000073,10.029999999999564,11.03000000000029,0.0003371938385795322,11.01071428571465,68.69922279792445,34.45000000000073,175.39999999999782,0.8235294117647721,0.13931888544893523,0.03715170278629262,8,8,-0.0005293100214641688,16.149999999997817,13.299999999999272,0.0,2024-06-27T12:28:00+05:30,23983.35,30,8.149999999997817,53.25,2.5499999999992724,1.0499999999992724,False,False,0.3128834355828166
NIFTY:2024-06-27,2024-06-27,NIFTY,compression_expansion_down,2024-06-27T13:50:00+05:30,2024-06-27T13:50:00+05:30,DOWN,{},"{'source_path': '/Users/madhuram/tradebot-structural-edge-discovery-v3/runtime/upstox_candidate_replay.zip!upstox_candidate_replay/20240627/underlying/NIFTY_20240627.parquet', 'source_hash': '4357f109ed631802b3774c34db9c318f71742f8e99de307408af71bf00810707'}",{'completed_bar_only': True},"{'buy_ce_allowed': False, 'buy_pe_allowed': True, 'research_only': True}",599d230b032befc9507610aa4f3be6579d68a855c654b220c962033578b0140b,23945.95,2024-06-27 13:49:00+05:30,274,0.004985266513564185,74.0,0.0,219.45000000000073,11.109999999999127,11.156666666666327,0.0003582527968858552,11.432142857142546,16.31127272727099,90.64999999999782,140.54999999999927,0.7758112094395324,0.014749262536875689,0.20943952802359186,8,8,-0.0005425947297356126,16.94999999999709,13.149999999997817,0.0,2024-06-27T13:50:00+05:30,23946.4,30,16.450000000000728,48.94999999999709,-3.0,-4.5,False,False,-0.18237082066868493
NIFTY:2024-06-27,2024-06-27,NIFTY,compression_expansion_down,2024-06-27T15:29:00+05:30,2024-06-27T15:29:00+05:30,DOWN,{},"{'source_path': '/Users/madhuram/tradebot-structural-edge-discovery-v3/runtime/upstox_candidate_replay.zip!upstox_candidate_replay/20240627/underlying/NIFTY_20240627.parquet', 'source_hash': '4357f109ed631802b3774c34db9c318f71742f8e99de307408af71bf00810707'}",{'completed_bar_only': True},"{'buy_ce_allowed': False, 'buy_pe_allowed': True, 'research_only': True}",959597f2f7b8182666d63ae96974ef8e67e94f455b2164dec60c98ee2a5ea4b7,24046.6,2024-06-27 15:28:00+05:30,373,0.0091609777582031,74.0,0.0,219.45000000000073,8.659999999999854,9.446666666666472,0.00031644021641217347,9.496428571428364,100.98181818181911,40.85000000000218,241.1999999999971,0.7531250000001819,0.20937499999990905,0.03749999999990905,5,11,-0.0006130163103899022,16.0,12.05000000000291,0.0,2024-06-27T15:29:00+05:30,24046.8,30,10.700000000000728,1.0,10.700000000000728,9.200000000000728,True,False,1.0
NIFTY:2024-06-28,2024-06-28,NIFTY,compression_expansion_down,2024-06-28T09:59:00+05:30,2024-06-28T09:59:00+05:30,DOWN,{},"{'source_path': '/Users/madhuram/tradebot-structural-edge-discovery-v3/runtime/upstox_candidate_replay.zip!upstox_candidate_replay/20240628/underlying/NIFTY_20240628.parquet', 'source_hash': '4357f109ed631802b3774c34db9c318f71742f8e99de307408af71bf00810707'}",{'completed_bar_only': True},"{'buy_ce_allowed': False, 'buy_pe_allowed': True, 'research_only': True}",ef4dee7d2cbd4ef42200779b412cb5ad46fd04b4035815182c8110b7caf89716,24143.65,2024-06-28 09:58:00+05:30,43,0.005046575775604317,74.65000000000146,0.0,282.0499999999993,14.18000000000102,10.870000000000195,0.0002762151556999475,11.017857142857403,8.242045454546314,30.349999999998545,80.80000000000291,0.44212218649514584,0.0,0.5578778135048542,0,5,-0.0006312373493826406,31.100000000002183,13.75,0.0,2024-06-28T09:59:00+05:30,24144.65,30,39.5,13.69999999999709,3.75,2.25,True,True,0.0949367088607595
NIFTY:2024-06-28,2024-06-28,NIFTY,compression_expansion_down,2024-06-28T11:09:00+05:30,2024-06-28T11:09:00+05:30,DOWN,{},"{'source_path': '/Users/madhuram/tradebot-structural-edge-discovery-v3/runtime/upstox_candidate_replay.zip!upstox_candidate_replay/20240628/underlying/NIFTY_20240628.parquet', 'source_hash': '4357f109ed631802b3774c34db9c318f71742f8e99de307408af71bf00810707'}",{'completed_bar_only': True},"{'buy_ce_allowed': False, 'buy_pe_allowed': True, 'research_only': True}",7dea3ab36f97ec041b696bb1d3c4e28373c5acf003652f0814d9103712c9acf0,24135.25,2024-06-28 11:08:00+05:30,113,0.004482840394240331,74.65000000000146,0.0,282.0499999999993,7.290000000000146,6.623333333333721,0.00016776488293413034,6.760714285714649,0.19210526315873722,38.75,72.40000000000146,0.5830508474575284,0.030508474576320516,0.386440677966151,0,5,-0.00032307434230549603,14.75,8.599999999998545,0.0,2024-06-28T11:09:00+05:30,24135.75,30,32.04999999999927,14.75,-0.5,-2.0,True,True,-0.015600624024961353
NIFTY:2024-06-28,2024-06-28,NIFTY,compression_expansion_down,2024-06-28T11:17:00+05:30,2024-06-28T11:17:00+05:30,DOWN,{},"{'source_path': '/Users/madhuram/tradebot-structural-edge-discovery-v3/runtime/upstox_candidate_replay.zip!upstox_candidate_replay/20240628/underlying/NIFTY_20240628.parquet', 'source_hash': '4357f109ed631802b3774c34db9c318f71742f8e99de307408af71bf00810707'}",{'completed_bar_only': True},"{'buy_ce_allowed': False, 'buy_pe_allowed': True, 'research_only': True}",a7305508e7b2805fd3779d305262482811132f3e3ff928a4c6f6fe405207a262,24133.95,2024-06-28 11:16:00+05:30,121,0.00465549735606032,74.65000000000146,0.0,282.0499999999993,7.619999999999709,7.206666666666327,0.00021036426179269854,7.410714285714026,-1.587704918034433,40.04999999999927,71.10000000000218,0.9243421052630658,0.0,0.07565789473693423,0,5,-0.0005652735675594212,15.200000000000728,14.049999999999272,0.0,2024-06-28T11:17:00+05:30,24133.85,30,30.149999999997817,15.450000000000728,-4.30000000000291,-5.80000000000291,True,True,-0.14262023217257783
NIFTY:2024-06-28,2024-06-28,NIFTY,compression_expansion_down,2024-06-28T11:30:00+05:30,2024-06-28T11:30:00+05:30,DOWN,{},"{'source_path': '/Users/madhuram/tradebot-structural-edge-discovery-v3/runtime/upstox_candidate_replay.zip!upstox_candidate_replay/20240628/underlying/NIFTY_20240628.parquet', 'source_hash': '4357f109ed631802b3774c34db9c318f71742f8e99de307408af71bf00810707'}",{'completed_bar_only': True},"{'buy_ce_allowed': False, 'buy_pe_allowed': True, 'research_only': True}",51d7d64d9a1b8e7253388c49a557f47977d35310abc6c7952e2a6fb539d908ba,24113.4,2024-06-28 11:29:00+05:30,134,0.0038338166341461994,74.65000000000146,0.0,282.0499999999993,8.479999999998835,8.393333333332217,0.00026549581104978135,8.653571428570233,-21.50629629629475,60.599999999998545,50.55000000000291,0.8865671641790176,0.0,0.1134328358209824,0,5,-0.0006237449981245646,16.75,14.849999999998545,0.0,2024-06-28T11:30:00+05:30,24111.95,30,8.25,37.349999999998545,4.150000000001455,2.650000000001455,False,False,0.5030303030304795
NIFTY:2024-06-28,2024-06-28,NIFTY,compression_expansion_down,2024-06-28T12:18:00+05:30,2024-06-28T12:18:00+05:30,DOWN,{},"{'source_path': '/Users/madhuram/tradebot-structural-edge-discovery-v3/runtime/upstox_candidate_replay.zip!upstox_candidate_replay/20240628/underlying/NIFTY_20240628.parquet', 'source_hash': '4357f109ed631802b3774c34db9c318f71742f8e99de307408af71bf00810707'}",{'completed_bar_only': True},"{'buy_ce_allowed': False, 'buy_pe_allowed': True, 'research_only': True}",53354e13339379138842f83521083d22d0f27442a6c77b07e1a5a3b8a407c993,24080.8,2024-06-28 12:17:00+05:30,182,0.002962211007609418,74.65000000000146,0.0,282.0499999999993,11.139999999999418,8.860000000000097,0.00035989339871513157,8.73928571428587,-50.99836065573618,93.20000000000073,17.950000000000728,0.7658959537572576,0.0,0.23410404624274236,0,5,-0.001155187038677119,34.599999999998545,26.5,0.0,2024-06-28T12:18:00+05:30,24080.15,30,48.10000000000218,10.399999999997817,46.45000000000073,44.95000000000073,True,True,0.965696465696437
NIFTY:2024-06-28,2024-06-28,NIFTY,compression_expansion_down,2024-06-28T12:51:00+05:30,2024-06-28T12:51:00+05:30,DOWN,{},"{'source_path': '/Users/madhuram/tradebot-structural-edge-discovery-v3/runtime/upstox_candidate_replay.zip!upstox_candidate_replay/20240628/underlying/NIFTY_20240628.parquet', 'source_hash': '4357f109ed631802b3774c34db9c318f71742f8e99de307408af71bf00810707'}",{'completed_bar_only': True},"{'buy_ce_allowed': False, 'buy_pe_allowed': True, 'research_only': True}",cff51934c36c33565614b66cc611557d2814e4a026cc6fef807bdc3f00da1e1f,24013.1,2024-06-28 12:50:00+05:30,215,-0.00027458697542440515,74.65000000000146,0.0,282.0499999999993,14.020000000000437,12.18333333333406,0.00036762804878478556,12.160714285715065,-105.95925925925985,160.90000000000146,3.9499999999970896,0.7354260089686991,0.08744394618837628,0.1771300448429246,0,5,-0.0006637798830998465,22.299999999999272,16.400000000001455,0.0,2024-06-28T12:51:00+05:30,24013.25,30,1.5999999999985448,65.75,-38.95000000000073,-40.45000000000073,False,False,-24.343750000022595
NIFTY:2024-06-28,2024-06-28,NIFTY,compression_expansion_down,2024-06-28T13:09:00+05:30,2024-06-28T13:09:00+05:30,DOWN,{},"{'source_path': '/Users/madhuram/tradebot-structural-edge-discovery-v3/runtime/upstox_candidate_replay.zip!upstox_candidate_replay/20240628/underlying/NIFTY_20240628.parquet', 'source_hash': '4357f109ed631802b3774c34db9c318f71742f8e99de307408af71bf00810707'}",{'completed_bar_only': True},"{'buy_ce_allowed': False, 'buy_pe_allowed': True, 'research_only': True}",d3924b7f10a7b06149a3d323530794ac38ffab32ef1424bca17404f91c2ba2b3,24034.95,2024-06-28 13:08:00+05:30,233,0.00019137880105350632,74.65000000000146,0.0,282.0499999999993,7.4400000000008735,8.106666666666326,0.00023072692908965333,8.289285714285402,-77.52799145298923,139.04999999999927,25.799999999999272,0.46558704453433064,0.2995951417004108,0.2348178137652585,14,5,-0.00021838420645414747,12.350000000002183,5.75,0.0,2024-06-28T13:09:00+05:30,24034.2,30,3.5,44.79999999999927,-32.45000000000073,-33.95000000000073,False,False,-9.27142857142878
NIFTY:2024-06-28,2024-06-28,NIFTY,compression_expansion_down,2024-06-28T15:00:00+05:30,2024-06-28T15:00:00+05:30,DOWN,{},"{'source_path': '/Users/madhuram/tradebot-structural-edge-discovery-v3/runtime/upstox_candidate_replay.zip!upstox_candidate_replay/20240628/underlying/NIFTY_20240628.parquet', 'source_hash': '4357f109ed631802b3774c34db9c318f71742f8e99de307408af71bf00810707'}",{'completed_bar_only': True},"{'buy_ce_allowed': False, 'buy_pe_allowed': True, 'research_only': True}",c6d744822148328c146fa400678998ae0cf3f299015bb46f8c44addb1ae30e91,24063.1,2024-06-28 14:59:00+05:30,344,0.0015559928607386997,74.65000000000146,0.0,282.0499999999993,14.230000000000292,12.616666666666667,0.0002943583252785623,12.496428571428364,-39.65927536231902,110.90000000000146,53.94999999999709,0.5,0.5,0.0,0,5,-0.000394639548698561,20.80000000000291,10.400000000001455,0.0,2024-06-28T15:00:00+05:30,24064.55,30,78.75,10.150000000001455,54.75,53.25,True,True,0.6952380952380952
NIFTY:2024-07-01,2024-07-01,NIFTY,compression_expansion_down,2024-07-01T14:05:00+05:30,2024-07-01T14:05:00+05:30,DOWN,{},"{'source_path': '/Users/madhuram/tradebot-structural-edge-discovery-v3/runtime/upstox_candidate_replay.zip!upstox_candidate_replay/20240701/underlying/NIFTY_20240701.parquet', 'source_hash': '4357f109ed631802b3774c34db9c318f71742f8e99de307408af71bf00810707'}",{'completed_bar_only': True},"{'buy_ce_allowed': False, 'buy_pe_allowed': True, 'research_only': True}",f4bb6abd4f1be7cf18ff5bb5afeb5f496f10c13aace8c12c49b61e154518df95,24134.3,2024-07-01 14:04:00+05:30,289,0.005724745728827426,56.89999999999782,0.0,188.20000000000073,7.419999999998981,5.836666666666376,0.0001777621045687386,5.832142857142442,35.99310344827609,18.049999999999272,141.59999999999854,0.7076502732241116,0.03825136612025986,0.2540983606556285,0,36,-0.0005797509555538483,18.299999999999272,12.950000000000728,0.0,2024-07-01T14:05:00+05:30,24134.65,30,14.30000000000291,17.75,-5.649999999997817,-7.149999999997817,False,False,-0.39510489510466207
NIFTY:2024-07-01,2024-07-01,NIFTY,compression_expansion_down,2024-07-01T14:19:00+05:30,2024-07-01T14:19:00+05:30,DOWN,{},"{'source_path': '/Users/madhuram/tradebot-structural-edge-discovery-v3/runtime/upstox_candidate_replay.zip!upstox_candidate_replay/20240701/underlying/NIFTY_20240701.parquet', 'source_hash': '4357f109ed631802b3774c34db9c318f71742f8e99de307408af71bf00810707'}",{'completed_bar_only': True},"{'buy_ce_allowed': False, 'buy_pe_allowed': True, 'research_only': True}",e7eb8624445ed6223508babbe5c2e5f316ab7f5302328c9a29ead86866df9253,24143.15,2024-07-01 14:18:00+05:30,303,0.005824704912160959,56.89999999999782,0.0,188.20000000000073,7.280000000000291,7.309999999999612,0.0002296904122084263,6.524999999999636,42.921052631580096,9.25,150.45000000000073,0.5531914893617021,0.15744680851051446,0.2893617021277834,7,37,-0.00031675969326061537,11.75,6.5,0.0,2024-07-01T14:19:00+05:30,24142.9,30,22.55000000000291,7.599999999998545,3.850000000002183,2.350000000002183,True,True,0.17073170731714793
NIFTY:2024-07-01,2024-07-01,NIFTY,compression_expansion_down,2024-07-01T14:42:00+05:30,2024-07-01T14:42:00+05:30,DOWN,{},"{'source_path': '/Users/madhuram/tradebot-structural-edge-discovery-v3/runtime/upstox_candidate_replay.zip!upstox_candidate_replay/20240701/underlying/NIFTY_20240701.parquet', 'source_hash': '4357f109ed631802b3774c34db9c318f71742f8e99de307408af71bf00810707'}",{'completed_bar_only': True},"{'buy_ce_allowed': False, 'buy_pe_allowed': True, 'research_only': True}",0b8e22a39e3a4e8418feabff6fa0c48422582236dac13719c7901a4735311c2b,24135.4,2024-07-01 14:41:00+05:30,326,0.005379053553132532,56.89999999999782,0.0,188.20000000000073,6.8199999999989815,7.223333333333722,0.0001684771802517514,7.021428571428779,32.51131498471295,17.0,142.70000000000073,0.3463414634145632,0.20975609756076266,0.4439024390246742,10,37,-0.0001594912849404162,10.25,3.5499999999992724,0.0,2024-07-01T14:42:00+05:30,24135.4,30,11.400000000001455,28.599999999998545,-11.44999999999709,-12.94999999999709,False,False,-1.0043859649118971
NIFTY:2024-07-01,2024-07-01,NIFTY,compression_expansion_down,2024-07-01T15:02:00+05:30,2024-07-01T15:02:00+05:30,DOWN,{},"{'source_path': '/Users/madhuram/tradebot-structural-edge-discovery-v3/runtime/upstox_candidate_replay.zip!upstox_candidate_replay/20240701/underlying/NIFTY_20240701.parquet', 'source_hash': '4357f109ed631802b3774c34db9c318f71742f8e99de307408af71bf00810707'}",{'completed_bar_only': True},"{'buy_ce_allowed': False, 'buy_pe_allowed': True, 'research_only': True}",da5f276e57815e42d581c003e7c6ac6689b479a3eeff8e59483c247cf30051bc,24138.2,2024-07-01 15:01:00+05:30,346,0.005818457463202556,56.89999999999782,0.0,188.20000000000073,10.320000000000437,7.633333333333819,0.00020490137370802252,7.700000000000467,33.04956772334481,14.200000000000728,145.5,0.44227005870839897,0.001956947162398193,0.5557729941292028,0,37,-0.00047619639167362227,25.549999999999272,11.299999999999272,0.0,2024-07-01T15:02:00+05:30,24138.35,30,18.349999999998545,25.650000000001455,15.19999999999709,13.69999999999709,False,False,0.8283378746593076
NIFTY:2024-07-01,2024-07-01,NIFTY,compression_expansion_down,2024-07-01T15:11:00+05:30,2024-07-01T15:11:00+05:30,DOWN,{},"{'source_path': '/Users/madhuram/tradebot-structural-edge-discovery-v3/runtime/upstox_candidate_replay.zip!upstox_candidate_replay/20240701/underlying/NIFTY_20240701.parquet', 'source_hash': '4357f109ed631802b3774c34db9c318f71742f8e99de307408af71bf00810707'}",{'completed_bar_only': True},"{'buy_ce_allowed': False, 'buy_pe_allowed': True, 'research_only': True}",7d332367f3eec421c81196540426bb501826062efc1dfc66ae874947fa80079d,24152.3,2024-07-01 15:10:00+05:30,355,0.006395305250356075,56.89999999999782,0.0,188.20000000000073,8.369999999998981,8.113333333333381,0.0002691465597062697,8.271428571428519,45.963061797752744,11.700000000000728,159.59999999999854,0.8277153558052792,0.0,0.17228464419472084,0,37,-0.0004573041403612699,13.349999999998545,11.049999999999272,0.0,2024-07-01T15:11:00+05:30,24152.15,30,32.150000000001455,1.7999999999992724,29.0,27.5,True,True,0.902021772939306
NIFTY:2024-07-01,2024-07-01,NIFTY,compression_expansion_down,2024-07-01T15:28:00+05:30,2024-07-01T15:28:00+05:30,DOWN,{},"{'source_path': '/Users/madhuram/tradebot-structural-edge-discovery-v3/runtime/upstox_candidate_replay.zip!upstox_candidate_replay/20240701/underlying/NIFTY_20240701.parquet', 'source_hash': '4357f109ed631802b3774c34db9c318f71742f8e99de307408af71bf00810707'}",{'completed_bar_only': True},"{'buy_ce_allowed': False, 'buy_pe_allowed': True, 'research_only': True}",5cfa36d69b099c1eb9c72913eb927b145e3077e53310de0bd7edab42d985715e,24133.35,2024-07-01 15:27:00+05:30,372,0.0053707236211880454,56.89999999999782,0.0,188.20000000000073,5.459999999999854,5.823333333333236,0.0001792049029006422,5.98928571428561,25.396514745305467,30.650000000001455,140.64999999999782,0.5046728971963633,0.23364485981306823,0.2616822429905684,8,37,-0.0002713350096729128,10.700000000000728,5.400000000001455,0.0,2024-07-01T15:28:00+05:30,24132.7,30,12.700000000000728,0.0,9.549999999999272,8.049999999999272,True,False,0.7519685039369075
NIFTY:2024-07-01,2024-07-01,NIFTY,compression_expansion_down,2024-07-01T15:29:00+05:30,2024-07-01T15:29:00+05:30,DOWN,{},"{'source_path': '/Users/madhuram/tradebot-structural-edge-discovery-v3/runtime/upstox_candidate_replay.zip!upstox_candidate_replay/20240701/underlying/NIFTY_20240701.parquet', 'source_hash': '4357f109ed631802b3774c34db9c318f71742f8e99de307408af71bf00810707'}",{'completed_bar_only': True},"{'buy_ce_allowed': False, 'buy_pe_allowed': True, 'research_only': True}",78bc3c22254c5e9f7e8711cf34e7ec483a9ae916eebdeeaf3357bbdef3645551,24124.2,2024-07-01 15:28:00+05:30,373,0.005118743179868281,56.89999999999782,0.0,188.20000000000073,6.559999999999855,6.316666666666666,0.00019883085887665116,6.375,16.203074866312818,39.79999999999927,131.5,0.7798165137613637,0.0,0.2201834862386362,0,37,-0.00037914338456934704,10.900000000001455,8.5,0.0,2024-07-01T15:29:00+05:30,24122.6,30,2.599999999998545,6.0,-0.5500000000029104,-2.0500000000029104,False,False,-0.21153846153969932
NIFTY:2024-07-02,2024-07-02,NIFTY,compression_expansion_down,2024-07-02T09:29:00+05:30,2024-07-02T09:29:00+05:30,DOWN,{},"{'source_path': '/Users/madhuram/tradebot-structural-edge-discovery-v3/runtime/upstox_candidate_replay.zip!upstox_candidate_replay/20240702/underlying/NIFTY_20240702.parquet', 'source_hash': '4357f109ed631802b3774c34db9c318f71742f8e99de307408af71bf00810707'}",{'completed_bar_only': True},"{'buy_ce_allowed': False, 'buy_pe_allowed': True, 'research_only': True}",ecf0401ca410ada37caac19299619631a84859c859eb73dcf2b5fcdb1a088163,24150.15,2024-07-02 09:28:00+05:30,13,0.0020457527312974693,91.89999999999782,0.0,171.29999999999927,17.459999999999127,19.196428571427532,0.0004666408526328247,19.196428571427532,-33.38928571428187,86.19999999999709,5.700000000000728,0.7787456445992327,0.022648083623743508,0.1986062717770238,9,0,-0.0009556017498680847,28.700000000000728,22.349999999998545,0.0,2024-07-02T09:29:00+05:30,24151.1,30,77.44999999999709,14.05000000000291,25.25,23.75,True,True,0.32601678502260745
NIFTY:2024-07-02,2024-07-02,NIFTY,compression_expansion_down,2024-07-02T09:31:00+05:30,2024-07-02T09:31:00+05:30,DOWN,{},"{'source_path': '/Users/madhuram/tradebot-structural-edge-discovery-v3/runtime/upstox_candidate_replay.zip!upstox_candidate_replay/20240702/underlying/NIFTY_20240702.parquet', 'source_hash': '4357f109ed631802b3774c34db9c318f71742f8e99de307408af71bf00810707'}",{'completed_bar_only': True},"{'buy_ce_allowed': False, 'buy_pe_allowed': True, 'research_only': True}",8cf1244e253b1a7b8244119b5a85213ba831a8d5aec8401dbbf09abfe00da67a,24130.85,2024-07-02 09:30:00+05:30,15,0.0008850419617669559,96.39999999999782,0.0,171.29999999999927,19.58999999999869,17.103333333332316,0.00046134093622754425,17.01428571428473,-46.978125000001455,105.5,2.1999999999970896,0.3739726027397659,0.5657534246575742,0.060273972602659986,0,0,-0.0005798337947844345,36.5,13.650000000001455,0.0,2024-07-02T09:31:00+05:30,24132.0,30,58.349999999998545,12.200000000000728,-8.049999999999272,-9.549999999999272,True,True,-0.13796058269065078
NIFTY:2024-07-02,2024-07-02,NIFTY,compression_expansion_down,2024-07-02T09:45:00+05:30,2024-07-02T09:45:00+05:30,DOWN,{},"{'source_path': '/Users/madhuram/tradebot-structural-edge-discovery-v3/runtime/upstox_candidate_replay.zip!upstox_candidate_replay/20240702/underlying/NIFTY_20240702.parquet', 'source_hash': '4357f109ed631802b3774c34db9c318f71742f8e99de307408af71bf00810707'}",{'completed_bar_only': True},"{'buy_ce_allowed': False, 'buy_pe_allowed': True, 'research_only': True}",0cf3b5a1506b5c7c0510b8630b2c01de0737e3166e646ffe9115e9f48e52c576,24093.8,2024-07-02 09:44:00+05:30,29,-0.000572064593554445,96.39999999999782,0.0,171.29999999999927,13.189999999999419,13.71999999999971,0.00028613930789300713,12.09285714285683,-59.29000000000087,142.54999999999927,2.25,0.7440191387558942,0.14832535885176876,0.107655502392337,10,0,-0.0006014526117561481,20.900000000001455,15.549999999999272,0.0,2024-07-02T09:45:00+05:30,24093.35,30,19.69999999999709,55.75,-31.80000000000291,-33.30000000000291,False,False,-1.6142131979699295
NIFTY:2024-07-02,2024-07-02,NIFTY,compression_expansion_down,2024-07-02T09:46:00+05:30,2024-07-02T09:46:00+05:30,DOWN,{},"{'source_path': '/Users/madhuram/tradebot-structural-edge-discovery-v3/runtime/upstox_candidate_replay.zip!upstox_candidate_replay/20240702/underlying/NIFTY_20240702.parquet', 'source_hash': '4357f109ed631802b3774c34db9c318f71742f8e99de307408af71bf00810707'}",{'completed_bar_only': True},"{'buy_ce_allowed': False, 'buy_pe_allowed': True, 'research_only': True}",7b201129eb6367bc70574b554257df1889c00c41fb541cdbdf5ded7d67e03489,24075.1,2024-07-02 09:45:00+05:30,30,-0.001235327890429024,96.39999999999782,0.0,171.29999999999927,15.599999999999273,12.559999999999611,0.0003110452643747578,12.574999999999429,-75.47419354839076,161.25,0.8499999999985448,0.9554973821990257,0.0,0.04450261780097432,0,0,-0.0007761332791008657,19.099999999998545,18.25,0.0,2024-07-02T09:46:00+05:30,24074.75,30,1.0999999999985448,74.34999999999854,-58.75,-60.25,False,False,-53.40909090916156
NIFTY:2024-07-02,2024-07-02,NIFTY,compression_expansion_down,2024-07-02T11:14:00+05:30,2024-07-02T11:14:00+05:30,DOWN,{},"{'source_path': '/Users/madhuram/tradebot-structural-edge-discovery-v3/runtime/upstox_candidate_replay.zip!upstox_candidate_replay/20240702/underlying/NIFTY_20240702.parquet', 'source_hash': '4357f109ed631802b3774c34db9c318f71742f8e99de307408af71bf00810707'}",{'completed_bar_only': True},"{'buy_ce_allowed': False, 'buy_pe_allowed': True, 'research_only': True}",a1231bea6f98307625b242d097f3117f46c56afcce91064a4141c59cfb9184d9,24163.65,2024-07-02 11:13:00+05:30,118,0.0019773537038072176,96.39999999999782,0.0,171.29999999999927,6.869999999998981,6.536666666666376,0.00016481775442593152,6.564285714285298,20.041176470589562,72.69999999999709,90.0,0.5142857142855064,0.4000000000001559,0.08571428571433769,0,0,-0.00033510192683605666,14.0,7.19999999999709,0.0,2024-07-02T11:14:00+05:30,24164.65,30,41.900000000001455,25.599999999998545,34.150000000001455,32.650000000001455,True,True,0.8150357995226795
NIFTY:2024-07-02,2024-07-02,NIFTY,compression_expansion_down,2024-07-02T11:39:00+05:30,2024-07-02T11:39:00+05:30,DOWN,{},"{'source_path': '/Users/madhuram/tradebot-structural-edge-discovery-v3/runtime/upstox_candidate_replay.zip!upstox_candidate_replay/20240702/underlying/NIFTY_20240702.parquet', 'source_hash': '4357f109ed631802b3774c34db9c318f71742f8e99de307408af71bf00810707'}",{'completed_bar_only': True},"{'buy_ce_allowed': False, 'buy_pe_allowed': True, 'research_only': True}",b46aeb27b3838fc3bbf632c52f4415adedab68a132add4a3864b8e15642c3830,24164.85,2024-07-02 11:38:00+05:30,143,0.002431274522605788,96.39999999999782,0.0,171.29999999999927,8.13000000000029,6.76000000000034,0.00023271860031769462,6.867857142857507,14.761458333330665,71.5,91.19999999999709,0.9211956521738798,0.07880434782612027,0.0,0,0,-0.0007195360233229753,18.400000000001455,16.950000000000728,0.0,2024-07-02T11:39:00+05:30,24158.8,30,36.04999999999927,10.350000000002183,-2.7999999999992724,-4.299999999999272,True,True,-0.07766990291260274
NIFTY:2024-07-02,2024-07-02,NIFTY,compression_expansion_down,2024-07-02T12:28:00+05:30,2024-07-02T12:28:00+05:30,DOWN,{},"{'source_path': '/Users/madhuram/tradebot-structural-edge-discovery-v3/runtime/upstox_candidate_replay.zip!upstox_candidate_replay/20240702/underlying/NIFTY_20240702.parquet', 'source_hash': '4357f109ed631802b3774c34db9c318f71742f8e99de307408af71bf00810707'}",{'completed_bar_only': True},"{'buy_ce_allowed': False, 'buy_pe_allowed': True, 'research_only': True}",ec59ad629cd5bec1b2f8f6c9adb243dde9906e60d56acdd254826b69c9ff461a,24141.2,2024-07-02 12:27:00+05:30,192,0.0010384215991692326,96.39999999999782,0.0,171.29999999999927,7.280000000001019,7.106666666666812,0.00019208965494193562,6.803571428571688,-9.057512953368132,95.14999999999782,67.54999999999927,0.7,0.03499999999985448,0.2650000000001455,0,0,-0.0002857367660394905,10.0,7.0,0.0,2024-07-02T12:28:00+05:30,24139.75,30,57.349999999998545,17.099999999998545,57.0,55.5,True,True,0.9938971229294062
NIFTY:2024-07-02,2024-07-02,NIFTY,compression_expansion_down,2024-07-02T12:59:00+05:30,2024-07-02T12:59:00+05:30,DOWN,{},"{'source_path': '/Users/madhuram/tradebot-structural-edge-discovery-v3/runtime/upstox_candidate_replay.zip!upstox_candidate_replay/20240702/underlying/NIFTY_20240702.parquet', 'source_hash': '4357f109ed631802b3774c34db9c318f71742f8e99de307408af71bf00810707'}",{'completed_bar_only': True},"{'buy_ce_allowed': False, 'buy_pe_allowed': True, 'research_only': True}",ca440815eaaa9485a8f749fda963d435afa7651e8c99b5f7babede4d702714ec,24082.75,2024-07-02 12:58:00+05:30,223,-0.0010342762035638268,96.39999999999782,0.0,171.29999999999927,8.599999999999273,10.129999999999564,0.0003528994403704355,10.207142857142442,-63.178348214285506,153.59999999999854,9.099999999998545,0.942073170731877,0.03658536585357468,0.021341463414548255,8,0,-0.0006784485727682199,16.399999999997817,15.450000000000728,0.0,2024-07-02T12:59:00+05:30,24083.05,30,26.649999999997817,53.85000000000218,-29.75,-31.25,False,False,-1.1163227016886468
NIFTY:2024-07-03,2024-07-03,NIFTY,compression_expansion_down,2024-07-03T09:42:00+05:30,2024-07-03T09:42:00+05:30,DOWN,{},"{'source_path': '/Users/madhuram/tradebot-structural-edge-discovery-v3/runtime/upstox_candidate_replay.zip!upstox_candidate_replay/20240703/underlying/NIFTY_20240703.parquet', 'source_hash': '4357f109ed631802b3774c34db9c318f71742f8e99de307408af71bf00810707'}",{'completed_bar_only': True},"{'buy_ce_allowed': False, 'buy_pe_allowed': True, 'research_only': True}",5c784a08dd78a862ebf306b1ad4a59b2a108685eeb5aa0bea0bc0b83651f5078,24253.45,2024-07-03 09:41:00+05:30,26,0.006144839081508294,85.05000000000291,0.0,179.9499999999971,10.300000000000727,11.27000000000068,0.0003841317916493208,11.303571428571948,4.516666666670062,38.70000000000073,46.35000000000218,0.7770897832816187,0.05882352941180446,0.16408668730657686,8,0,-0.0005007088223657474,16.150000000001455,12.549999999999272,0.0,2024-07-03T09:42:00+05:30,24254.3,30,2.849999999998545,52.95000000000073,-19.850000000002183,-21.350000000002183,False,False,-6.964912280706076
NIFTY:2024-07-03,2024-07-03,NIFTY,compression_expansion_down,2024-07-03T10:23:00+05:30,2024-07-03T10:23:00+05:30,DOWN,{},"{'source_path': '/Users/madhuram/tradebot-structural-edge-discovery-v3/runtime/upstox_candidate_replay.zip!upstox_candidate_replay/20240703/underlying/NIFTY_20240703.parquet', 'source_hash': '4357f109ed631802b3774c34db9c318f71742f8e99de307408af71bf00810707'}",{'completed_bar_only': True},"{'buy_ce_allowed': False, 'buy_pe_allowed': True, 'research_only': True}",ddf03557d8c43af630df0732cf072dd9d4bbe43a3e6dc711e7b92002fe86afa7,24260.4,2024-07-03 10:22:00+05:30,67,0.006323130633805737,85.05000000000291,0.0,179.9499999999971,7.589999999999418,8.096666666666716,0.00022766562942310353,8.064285714285818,-6.847058823528641,46.849999999998545,53.30000000000291,0.8608695652172015,0.09565217391323329,0.043478260869565216,6,1,-0.00041202452369970555,11.5,9.899999999997817,0.0,2024-07-03T10:23:00+05:30,24259.8,30,0.2000000000007276,33.95000000000073,-19.25,-20.75,False,False,-96.24999999964984
NIFTY:2024-07-03,2024-07-03,NIFTY,compression_expansion_down,2024-07-03T11:02:00+05:30,2024-07-03T11:02:00+05:30,DOWN,{},"{'source_path': '/Users/madhuram/tradebot-structural-edge-discovery-v3/runtime/upstox_candidate_replay.zip!upstox_candidate_replay/20240703/underlying/NIFTY_20240703.parquet', 'source_hash': '4357f109ed631802b3774c34db9c318f71742f8e99de307408af71bf00810707'}",{'completed_bar_only': True},"{'buy_ce_allowed': False, 'buy_pe_allowed': True, 'research_only': True}",78916b09b59f8978facc4ffd690c1fb80e4ee462c7368ece1840b60324b8870f,24263.75,2024-07-03 11:01:00+05:30,106,0.006553251125724539,85.05000000000291,0.0,179.9499999999971,7.039999999999418,6.836666666666376,0.00023201679939242073,6.857142857142597,-6.747196261683712,43.5,56.650000000001455,0.8344827586205893,0.024137931034633294,0.1413793103447774,0,1,-0.0005231407392761733,14.5,12.099999999998545,0.0,2024-07-03T11:02:00+05:30,24264.35,30,28.099999999998545,17.80000000000291,0.4499999999970896,-1.0500000000029104,True,True,0.016014234875342096
NIFTY:2024-07-03,2024-07-03,NIFTY,compression_expansion_down,2024-07-03T11:15:00+05:30,2024-07-03T11:15:00+05:30,DOWN,{},"{'source_path': '/Users/madhuram/tradebot-structural-edge-discovery-v3/runtime/upstox_candidate_replay.zip!upstox_candidate_replay/20240703/underlying/NIFTY_20240703.parquet', 'source_hash': '4357f109ed631802b3774c34db9c318f71742f8e99de307408af71bf00810707'}",{'completed_bar_only': True},"{'buy_ce_allowed': False, 'buy_pe_allowed': True, 'research_only': True}",623566b1c28e37ca614a3566e32f193a5ef961769deedf91a7847fca4738fbf6,24268.4,2024-07-03 11:14:00+05:30,119,0.006484836925424436,85.05000000000291,0.0,179.9499999999971,6.910000000000582,7.030000000000048,0.00021154741511772795,7.100000000000104,-2.4254166666651145,38.849999999998545,61.30000000000291,0.5321100917429815,0.0,0.46788990825701854,9,1,-0.0002492332473031933,10.900000000001455,5.799999999999272,0.0,2024-07-03T11:15:00+05:30,24268.25,30,32.0,7.5,3.5,2.0,True,True,0.109375
NIFTY:2024-07-03,2024-07-03,NIFTY,compression_expansion_down,2024-07-03T11:24:00+05:30,2024-07-03T11:24:00+05:30,DOWN,{},"{'source_path': '/Users/madhuram/tradebot-structural-edge-discovery-v3/runtime/upstox_candidate_replay.zip!upstox_candidate_replay/20240703/underlying/NIFTY_20240703.parquet', 'source_hash': '4357f109ed631802b3774c34db9c318f71742f8e99de307408af71bf00810707'}",{'completed_bar_only': True},"{'buy_ce_allowed': False, 'buy_pe_allowed': True, 'research_only': True}",283cb9e92f4e81041e8100a001b14acf964f8816e10f5962ed4147ae87d72367,24258.3,2024-07-03 11:23:00+05:30,128,0.00613861960875367,85.05000000000291,0.0,179.9499999999971,6.4400000000008735,6.160000000000097,0.0001505454115300497,6.242857142857247,-12.33023255813896,48.95000000000073,51.20000000000073,0.5335689045935332,0.06007067137823995,0.40636042402822675,0,1,-0.00031731640979149045,14.150000000001455,7.549999999999272,0.0,2024-07-03T11:24:00+05:30,24257.7,30,21.450000000000728,16.849999999998545,-3.75,-5.25,True,True,-0.1748251748251689
NIFTY:2024-07-03,2024-07-03,NIFTY,compression_expansion_down,2024-07-03T12:44:00+05:30,2024-07-03T12:44:00+05:30,DOWN,{},"{'source_path': '/Users/madhuram/tradebot-structural-edge-discovery-v3/runtime/upstox_candidate_replay.zip!upstox_candidate_replay/20240703/underlying/NIFTY_20240703.parquet', 'source_hash': '4357f109ed631802b3774c34db9c318f71742f8e99de307408af71bf00810707'}",{'completed_bar_only': True},"{'buy_ce_allowed': False, 'buy_pe_allowed': True, 'research_only': True}",6726da08911448701fef80ce6ab3509e26edb2622e53e66c9a0491c070912cf2,24273.95,2024-07-03 12:43:00+05:30,208,0.006822761611755603,85.05000000000291,0.0,179.9499999999971,4.890000000000145,5.5866666666668605,0.00017655581717279087,5.735714285714494,6.271291866032698,33.29999999999927,66.85000000000218,0.89839572192504,0.0,0.10160427807495995,7,1,-0.00031093630953604734,9.349999999998545,8.399999999997817,0.0,2024-07-03T12:44:00+05:30,24273.8,30,8.099999999998545,18.350000000002183,-2.0499999999992724,-3.5499999999992724,False,False,-0.2530864197530421
NIFTY:2024-07-03,2024-07-03,NIFTY,compression_expansion_down,2024-07-03T13:09:00+05:30,2024-07-03T13:09:00+05:30,DOWN,{},"{'source_path': '/Users/madhuram/tradebot-structural-edge-discovery-v3/runtime/upstox_candidate_replay.zip!upstox_candidate_replay/20240703/underlying/NIFTY_20240703.parquet', 'source_hash': '4357f109ed631802b3774c34db9c318f71742f8e99de307408af71bf00810707'}",{'completed_bar_only': True},"{'buy_ce_allowed': False, 'buy_pe_allowed': True, 'research_only': True}",b7083618839bbbb1dfa5dee546623725f357107ad816f6c1f7d1973e6a41bbee,24272.55,2024-07-03 13:08:00+05:30,233,0.0066278847987794156,85.05000000000291,0.0,179.9499999999971,4.909999999999127,4.873333333333236,0.00010424475598174193,4.978571428571221,3.4006410256406525,34.70000000000073,65.45000000000073,0.7234042553195332,0.09219858155998359,0.1843971631204832,0,1,-0.00015859023578468356,7.049999999999272,5.100000000002183,0.0,2024-07-03T13:09:00+05:30,24273.35,30,7.649999999997817,16.450000000000728,-13.55000000000291,-15.05000000000291,False,False,-1.7712418300662454
NIFTY:2024-07-03,2024-07-03,NIFTY,compression_expansion_down,2024-07-03T13:58:00+05:30,2024-07-03T13:58:00+05:30,DOWN,{},"{'source_path': '/Users/madhuram/tradebot-structural-edge-discovery-v3/runtime/upstox_candidate_replay.zip!upstox_candidate_replay/20240703/underlying/NIFTY_20240703.parquet', 'source_hash': '4357f109ed631802b3774c34db9c318f71742f8e99de307408af71bf00810707'}",{'completed_bar_only': True},"{'buy_ce_allowed': False, 'buy_pe_allowed': True, 'research_only': True}",3f849341744ebdaccc9653a4aeea01063d575288b287ef81c907c7131598aa9e,24273.15,2024-07-03 13:57:00+05:30,282,0.006849712660358769,85.05000000000291,0.0,179.9499999999971,5.65,5.693333333333188,0.0001718438995357162,5.778571428571273,1.8325088339261129,34.099999999998545,66.05000000000291,0.9516908212560319,0.048309178743968145,0.0,6,1,-0.0003788760148830672,10.349999999998545,9.849999999998545,0.0,2024-07-03T13:58:00+05:30,24274.15,30,27.650000000001455,2.149999999997817,25.450000000000728,23.950000000000728,True,True,0.9204339963833413
NIFTY:2024-07-04,2024-07-04,NIFTY,compression_expansion_down,2024-07-04T09:40:00+05:30,2024-07-04T09:40:00+05:30,DOWN,{},"{'source_path': '/Users/madhuram/tradebot-structural-edge-discovery-v3/runtime/upstox_candidate_replay.zip!upstox_candidate_replay/20240704/underlying/NIFTY_20240704.parquet', 'source_hash': '4357f109ed631802b3774c34db9c318f71742f8e99de307408af71bf00810707'}",{'completed_bar_only': True},"{'buy_ce_allowed': False, 'buy_pe_allowed': True, 'research_only': True}",07bc6fd2df16d0bdd04b9ef518a8d8125446f79c81a22dde4468fef55c353cd1,24355.75,2024-07-04 09:39:00+05:30,24,0.002953793205658109,53.0,0.0,102.05000000000291,8.470000000000436,7.943333333333915,0.0001635622950024498,7.992857142857766,-0.3040000000000873,16.400000000001455,36.599999999998545,0.49097472924174734,0.18772563176908108,0.3212996389891716,0,0,-0.00026885803064569114,13.850000000002183,6.799999999999272,0.0,2024-07-04T09:40:00+05:30,24356.05,30,9.899999999997817,44.95000000000073,-26.600000000002183,-28.100000000002183,False,False,-2.6868686868695
NIFTY:2024-07-04,2024-07-04,NIFTY,compression_expansion_down,2024-07-04T09:55:00+05:30,2024-07-04T09:55:00+05:30,DOWN,{},"{'source_path': '/Users/madhuram/tradebot-structural-edge-discovery-v3/runtime/upstox_candidate_replay.zip!upstox_candidate_replay/20240704/underlying/NIFTY_20240704.parquet', 'source_hash': '4357f109ed631802b3774c34db9c318f71742f8e99de307408af71bf00810707'}",{'completed_bar_only': True},"{'buy_ce_allowed': False, 'buy_pe_allowed': True, 'research_only': True}",00309625435d643e4b30144e0df14b9af3048c06e5eddaed8b84fa9bd53f83d3,24381.55,2024-07-04 09:54:00+05:30,39,0.004057091573764523,53.0,0.0,102.05000000000291,9.070000000000437,9.830000000000048,0.00029434794113175616,9.810714285714441,15.663749999999709,19.400000000001455,62.39999999999782,0.4534883720929618,0.28779069767444876,0.2587209302325895,6,0,-0.00030956451857588885,17.200000000000728,7.799999999999272,0.0,2024-07-04T09:55:00+05:30,24380.8,30,43.64999999999782,20.200000000000728,28.599999999998545,27.099999999998545,True,True,0.6552119129438712
NIFTY:2024-07-04,2024-07-04,NIFTY,compression_expansion_down,2024-07-04T10:13:00+05:30,2024-07-04T10:13:00+05:30,DOWN,{},"{'source_path': '/Users/madhuram/tradebot-structural-edge-discovery-v3/runtime/upstox_candidate_replay.zip!upstox_candidate_replay/20240704/underlying/NIFTY_20240704.parquet', 'source_hash': '4357f109ed631802b3774c34db9c318f71742f8e99de307408af71bf00810707'}",{'completed_bar_only': True},"{'buy_ce_allowed': False, 'buy_pe_allowed': True, 'research_only': True}",64f7a5a4711e289ffd0428f6c76999f924bf05c870d879701cd1a84531b2d7b7,24373.5,2024-07-04 10:12:00+05:30,57,0.0036845225352808474,53.0,0.0,102.05000000000291,6.259999999999127,6.836666666666618,0.00019488158396967868,6.867857142857247,1.2732758620695677,27.5,54.349999999998545,0.6834170854272624,0.2814070351758886,0.035175879396848964,11,1,-0.00033016768827243137,9.94999999999709,6.799999999999272,0.0,2024-07-04T10:13:00+05:30,24373.6,30,60.89999999999782,12.400000000001455,42.849999999998545,41.349999999998545,True,True,0.7036124794745497
NIFTY:2024-07-04,2024-07-04,NIFTY,compression_expansion_down,2024-07-04T10:47:00+05:30,2024-07-04T10:47:00+05:30,DOWN,{},"{'source_path': '/Users/madhuram/tradebot-structural-edge-discovery-v3/runtime/upstox_candidate_replay.zip!upstox_candidate_replay/20240704/underlying/NIFTY_20240704.parquet', 'source_hash': '4357f109ed631802b3774c34db9c318f71742f8e99de307408af71bf00810707'}",{'completed_bar_only': True},"{'buy_ce_allowed': False, 'buy_pe_allowed': True, 'research_only': True}",c721e4b799433e50725dedb7a4c2e1e2c24eb672d370beaa0dc0b6f99a7553f2,24304.7,2024-07-04 10:46:00+05:30,91,0.0016775898694155814,53.0,0.0,102.05000000000291,10.349999999999273,10.519999999999952,0.0003565944876964685,10.51071428571413,-57.01521739130112,96.29999999999927,2.0,0.9306759098786793,0.0,0.06932409012132065,9,1,-0.0010952947534763613,28.849999999998545,26.849999999998545,0.0,2024-07-04T10:47:00+05:30,24304.1,30,3.75,40.70000000000073,-36.70000000000073,-38.20000000000073,False,False,-9.78666666666686
NIFTY:2024-07-04,2024-07-04,NIFTY,compression_expansion_down,2024-07-04T12:55:00+05:30,2024-07-04T12:55:00+05:30,DOWN,{},"{'source_path': '/Users/madhuram/tradebot-structural-edge-discovery-v3/runtime/upstox_candidate_replay.zip!upstox_candidate_replay/20240704/underlying/NIFTY_20240704.parquet', 'source_hash': '4357f109ed631802b3774c34db9c318f71742f8e99de307408af71bf00810707'}",{'completed_bar_only': True},"{'buy_ce_allowed': False, 'buy_pe_allowed': True, 'research_only': True}",511fac83f945a660e271689a2126878e51b67a6d395dfc1d81f835bb0ebc5899,24352.85,2024-07-04 12:54:00+05:30,219,0.0026512095114200216,53.0,0.0,102.05000000000291,3.539999999999418,3.860000000000097,6.853830658378683e-05,3.86428571428587,5.7706818181795825,48.150000000001455,52.5,0.37007874015790887,0.37007874015733594,0.2598425196847552,6,1,-0.0001088049927121526,6.349999999998545,2.350000000002183,0.0,2024-07-04T12:55:00+05:30,24352.75,30,16.150000000001455,2.650000000001455,10.599999999998545,9.099999999998545,True,False,0.6563467492258569
NIFTY:2024-07-04,2024-07-04,NIFTY,compression_expansion_down,2024-07-04T13:14:00+05:30,2024-07-04T13:14:00+05:30,DOWN,{},"{'source_path': '/Users/madhuram/tradebot-structural-edge-discovery-v3/runtime/upstox_candidate_replay.zip!upstox_candidate_replay/20240704/underlying/NIFTY_20240704.parquet', 'source_hash': '4357f109ed631802b3774c34db9c318f71742f8e99de307408af71bf00810707'}",{'completed_bar_only': True},"{'buy_ce_allowed': False, 'buy_pe_allowed': True, 'research_only': True}",a55dbc6df96c31dc3d6a8d5cd343ca20bdfd4179ce3e0fc86de3b7dc59a2fdab,24344.35,2024-07-04 13:13:00+05:30,238,0.002260114940636021,53.0,0.0,102.05000000000291,5.199999999999273,4.763333333333139,0.00013680011499342244,4.817857142856935,-2.8830543933072477,56.650000000001455,44.0,0.16666666666696608,0.04938271604912211,0.7839506172839118,0,1,-3.6968197081654885e-05,8.099999999998545,1.3500000000021828,0.0,2024-07-04T13:14:00+05:30,24345.0,30,14.650000000001455,3.75,8.349999999998545,6.849999999998545,True,False,0.5699658703070113
NIFTY:2024-07-04,2024-07-04,NIFTY,compression_expansion_down,2024-07-04T14:31:00+05:30,2024-07-04T14:31:00+05:30,DOWN,{},"{'source_path': '/Users/madhuram/tradebot-structural-edge-discovery-v3/runtime/upstox_candidate_replay.zip!upstox_candidate_replay/20240704/underlying/NIFTY_20240704.parquet', 'source_hash': '4357f109ed631802b3774c34db9c318f71742f8e99de307408af71bf00810707'}",{'completed_bar_only': True},"{'buy_ce_allowed': False, 'buy_pe_allowed': True, 'research_only': True}",e173f179abdcdd544dd83da2ec72f0aaaaa6ad62052fb1c9bf0574489ccdef33,24317.65,2024-07-04 14:30:00+05:30,315,0.00190607143445252,53.0,0.0,102.05000000000291,8.25,10.206666666666813,0.00040153902110055394,9.292857142857299,-26.426107594936184,83.34999999999854,17.30000000000291,0.9373493975902212,0.06265060240977881,0.0,5,1,-0.0007519739315703378,20.75,19.44999999999709,0.0,2024-07-04T14:31:00+05:30,24320.85,30,23.549999999999272,29.450000000000728,13.94999999999709,12.44999999999709,False,False,0.5923566878979839
NIFTY:2024-07-04,2024-07-04,NIFTY,compression_expansion_down,2024-07-04T14:43:00+05:30,2024-07-04T14:43:00+05:30,DOWN,{},"{'source_path': '/Users/madhuram/tradebot-structural-edge-discovery-v3/runtime/upstox_candidate_replay.zip!upstox_candidate_replay/20240704/underlying/NIFTY_20240704.parquet', 'source_hash': '4357f109ed631802b3774c34db9c318f71742f8e99de307408af71bf00810707'}",{'completed_bar_only': True},"{'buy_ce_allowed': False, 'buy_pe_allowed': True, 'research_only': True}",a084863f42359f22e1e4a749b05b94d0981058da96f2c4733f7e03efe66cf939,24325.7,2024-07-04 14:42:00+05:30,327,0.0017516919986167304,53.0,0.0,102.05000000000291,7.380000000000291,9.133333333333333,0.00037057327357872013,9.40714285714291,-18.091615853660187,75.29999999999927,25.350000000002183,0.5563636363634776,0.40727272727288605,0.03636363636363636,7,1,-0.00032670807708667926,13.75,7.649999999997817,0.0,2024-07-04T14:43:00+05:30,24326.15,30,45.150000000001455,19.19999999999709,20.0,18.5,True,True,0.44296788482833566
NIFTY:2024-07-05,2024-07-05,NIFTY,compression_expansion_down,2024-07-05T09:31:00+05:30,2024-07-05T09:31:00+05:30,DOWN,{},"{'source_path': '/Users/madhuram/tradebot-structural-edge-discovery-v3/runtime/upstox_candidate_replay.zip!upstox_candidate_replay/20240705/underlying/NIFTY_20240705.parquet', 'source_hash': '4357f109ed631802b3774c34db9c318f71742f8e99de307408af71bf00810707'}",{'completed_bar_only': True},"{'buy_ce_allowed': False, 'buy_pe_allowed': True, 'research_only': True}",ea5182f6feb0289907d18240cc96634fdc384cd7127f95bd8b06f71e70ef37a5,24178.6,2024-07-05 09:30:00+05:30,15,-0.004875610222735156,77.10000000000218,0.0,120.0,16.74999999999927,17.60666666666681,0.0004033723793049621,17.45000000000021,-23.446875000001455,82.35000000000218,8.25,0.30505050505062264,0.36161616161604404,0.3333333333333333,11,0,-0.00030802880172664526,24.75,7.55000000000291,0.0,2024-07-05T09:31:00+05:30,24178.4,30,9.55000000000291,49.099999999998545,-23.44999999999709,-24.94999999999709,False,False,-2.4554973821979
NIFTY:2024-07-05,2024-07-05,NIFTY,compression_expansion_down,2024-07-05T10:47:00+05:30,2024-07-05T10:47:00+05:30,DOWN,{},"{'source_path': '/Users/madhuram/tradebot-structural-edge-discovery-v3/runtime/upstox_candidate_replay.zip!upstox_candidate_replay/20240705/underlying/NIFTY_20240705.parquet', 'source_hash': '4357f109ed631802b3774c34db9c318f71742f8e99de307408af71bf00810707'}",{'completed_bar_only': True},"{'buy_ce_allowed': False, 'buy_pe_allowed': True, 'research_only': True}",4514cd0a65fe5c33ec74593d91f8820beb01233dc44170570cc62cb61b13c8b0,24253.7,2024-07-05 10:46:00+05:30,91,-0.0020304756497214393,77.10000000000218,0.0,120.0,7.25,7.003333333332558,0.00012109492158588747,7.01071428571361,40.70217391304686,8.349999999998545,84.85000000000218,0.1560975609754678,0.6585365853658537,0.18536585365867855,0,1,-5.7719819749113555e-05,10.25,1.5999999999985448,0.0,2024-07-05T10:47:00+05:30,24254.35,30,25.849999999998545,4.30000000000291,20.5,19.0,True,True,0.7930367504836037
NIFTY:2024-07-05,2024-07-05,NIFTY,compression_expansion_down,2024-07-05T11:09:00+05:30,2024-07-05T11:09:00+05:30,DOWN,{},"{'source_path': '/Users/madhuram/tradebot-structural-edge-discovery-v3/runtime/upstox_candidate_replay.zip!upstox_candidate_replay/20240705/underlying/NIFTY_20240705.parquet', 'source_hash': '4357f109ed631802b3774c34db9c318f71742f8e99de307408af71bf00810707'}",{'completed_bar_only': True},"{'buy_ce_allowed': False, 'buy_pe_allowed': True, 'research_only': True}",7331ec06842365d3902f12575c22fb5392ab9cdca6114478c1bddbea86afb83d,24241.1,2024-07-05 11:08:00+05:30,113,-0.002435747891864344,77.10000000000218,0.0,120.0,5.950000000000728,6.673333333333721,0.00018270281203032514,6.389285714286026,21.050877192981716,20.950000000000728,72.25,0.46524064171135476,0.28877005347594625,0.24598930481269898,8,1,-0.0001691056374045763,9.350000000002183,4.350000000002183,0.0,2024-07-05T11:09:00+05:30,24240.05,30,11.549999999999272,35.95000000000073,-32.35000000000218,-33.85000000000218,False,False,-2.800865800866166
NIFTY:2024-07-05,2024-07-05,NIFTY,compression_expansion_down,2024-07-05T11:12:00+05:30,2024-07-05T11:12:00+05:30,DOWN,{},"{'source_path': '/Users/madhuram/tradebot-structural-edge-discovery-v3/runtime/upstox_candidate_replay.zip!upstox_candidate_replay/20240705/underlying/NIFTY_20240705.parquet', 'source_hash': '4357f109ed631802b3774c34db9c318f71742f8e99de307408af71bf00810707'}",{'completed_bar_only': True},"{'buy_ce_allowed': False, 'buy_pe_allowed': True, 'research_only': True}",d11b51a82311818356e014b63f9971dfe74b9189626d1aa092ade85e2926e4e6,24233.35,2024-07-05 11:11:00+05:30,116,-0.0026188404276548502,77.10000000000218,0.0,120.0,7.770000000001164,6.386666666667103,0.00013785426340094084,6.475000000000364,12.85769230769074,28.700000000000728,64.5,0.5708955223881063,0.10820895522392314,0.32089552238797053,0,1,-0.0003032090657448805,13.400000000001455,7.650000000001455,0.0,2024-07-05T11:12:00+05:30,24232.95,30,4.450000000000728,50.5,-44.29999999999927,-45.79999999999927,False,False,-9.95505617977349
NIFTY:2024-07-05,2024-07-05,NIFTY,compression_expansion_down,2024-07-05T11:55:00+05:30,2024-07-05T11:55:00+05:30,DOWN,{},"{'source_path': '/Users/madhuram/tradebot-structural-edge-discovery-v3/runtime/upstox_candidate_replay.zip!upstox_candidate_replay/20240705/underlying/NIFTY_20240705.parquet', 'source_hash': '4357f109ed631802b3774c34db9c318f71742f8e99de307408af71bf00810707'}",{'completed_bar_only': True},"{'buy_ce_allowed': False, 'buy_pe_allowed': True, 'research_only': True}",edc2c267504dfc102cc169c7f725dbc4cc0e31f7b66a8c30d9bc0661ca524834,24264.45,2024-07-05 11:54:00+05:30,159,-0.0010964979952396538,77.10000000000218,0.0,120.0,6.719999999999709,6.946666666666958,0.00021047909296224496,6.550000000000312,33.89374999999927,19.0,95.60000000000218,0.9124579124579528,0.0033670033669547005,0.08417508417509242,10,3,-0.0005416515635811026,14.849999999998545,13.549999999999272,0.0,2024-07-05T11:55:00+05:30,24264.85,30,0.0,23.05000000000291,-17.80000000000291,-19.30000000000291,False,False,0.0
NIFTY:2024-07-05,2024-07-05,NIFTY,compression_expansion_down,2024-07-05T13:10:00+05:30,2024-07-05T13:10:00+05:30,DOWN,{},"{'source_path': '/Users/madhuram/tradebot-structural-edge-discovery-v3/runtime/upstox_candidate_replay.zip!upstox_candidate_replay/20240705/underlying/NIFTY_20240705.parquet', 'source_hash': '4357f109ed631802b3774c34db9c318f71742f8e99de307408af71bf00810707'}",{'completed_bar_only': True},"{'buy_ce_allowed': False, 'buy_pe_allowed': True, 'research_only': True}",c6ebbba24281d08a28d88acadadded27f3832f78cf999038015bb840e430deb7,24265.5,2024-07-05 13:09:00+05:30,234,-0.0012919338480497128,77.10000000000218,0.0,120.0,5.75,5.293333333333188,0.00012698253341356122,5.289285714285662,19.974680851064477,23.349999999998545,96.65000000000146,0.7673267326733779,0.19801980198022656,0.034653465346395566,0,7,-0.0002883922134102601,10.099999999998545,7.75,0.0,2024-07-05T13:10:00+05:30,24265.1,30,21.19999999999709,4.600000000002183,-0.9000000000014552,-2.400000000001455,True,True,-0.04245283018875371
NIFTY:2024-07-05,2024-07-05,NIFTY,compression_expansion_down,2024-07-05T13:44:00+05:30,2024-07-05T13:44:00+05:30,DOWN,{},"{'source_path': '/Users/madhuram/tradebot-structural-edge-discovery-v3/runtime/upstox_candidate_replay.zip!upstox_candidate_replay/20240705/underlying/NIFTY_20240705.parquet', 'source_hash': '4357f109ed631802b3774c34db9c318f71742f8e99de307408af71bf00810707'}",{'completed_bar_only': True},"{'buy_ce_allowed': False, 'buy_pe_allowed': True, 'research_only': True}",fdcc24b29927b892c8e63f2a4b4b833ca1e30315ddc5e9a0bff811c4ae6622ee,24253.05,2024-07-05 13:43:00+05:30,268,-0.001771265992310233,77.10000000000218,0.0,120.0,5.780000000000291,5.063333333333381,0.00014329676294782658,4.921428571428676,5.979368029740726,35.79999999999927,84.20000000000073,0.7245762711864236,0.10593220338983704,0.16949152542373927,0,7,-0.00038124992271959535,11.799999999999272,8.549999999999272,0.0,2024-07-05T13:44:00+05:30,24253.35,30,18.25,5.5,5.44999999999709,3.9499999999970896,True,False,0.2986301369861419
NIFTY:2024-07-05,2024-07-05,NIFTY,compression_expansion_down,2024-07-05T14:28:00+05:30,2024-07-05T14:28:00+05:30,DOWN,{},"{'source_path': '/Users/madhuram/tradebot-structural-edge-discovery-v3/runtime/upstox_candidate_replay.zip!upstox_candidate_replay/20240705/underlying/NIFTY_20240705.parquet', 'source_hash': '4357f109ed631802b3774c34db9c318f71742f8e99de307408af71bf00810707'}",{'completed_bar_only': True},"{'buy_ce_allowed': False, 'buy_pe_allowed': True, 'research_only': True}",236c1c99c3a6c82c84e9b02e84cd93a7fb9d06b2efcb47dcdf1f9d127a816704,24218.7,2024-07-05 14:27:00+05:30,312,-0.002843077353510632,77.10000000000218,0.0,120.0,9.3,7.770000000000194,0.00028585326816864086,7.900000000000416,-28.346325878592324,70.14999999999782,49.85000000000218,0.8023809523808831,0.06666666666673596,0.13095238095238096,0,7,-0.000687012978974888,21.0,16.849999999998545,0.0,2024-07-05T14:28:00+05:30,24219.0,30,14.799999999999272,24.450000000000728,5.299999999999272,3.7999999999992724,False,False,0.35810810810807653
NIFTY:2024-07-08,2024-07-08,NIFTY,compression_expansion_down,2024-07-08T09:41:00+05:30,2024-07-08T09:41:00+05:30,DOWN,{},"{'source_path': '/Users/madhuram/tradebot-structural-edge-discovery-v3/runtime/upstox_candidate_replay.zip!upstox_candidate_replay/20240708/underlying/NIFTY_20240708.parquet', 'source_hash': '4357f109ed631802b3774c34db9c318f71742f8e99de307408af71bf00810707'}",{'completed_bar_only': True},"{'buy_ce_allowed': False, 'buy_pe_allowed': True, 'research_only': True}",8a1f510635dfa13d72cbb3f03d773876060fd6c0236052d066b3d49c41dae1d2,24291.2,2024-07-08 09:40:00+05:30,25,-0.0003762838372727217,55.75,0.0,194.15000000000146,11.220000000000436,10.563333333333867,0.000297686721503622,10.632142857143274,-23.49807692307877,47.64999999999782,8.100000000002183,0.9371428571427324,0.06285714285726758,0.0,0,1,-0.0006315170190750452,17.5,16.399999999997817,0.0,2024-07-08T09:41:00+05:30,24291.4,30,28.850000000002183,20.899999999997817,-7.599999999998545,-9.099999999998545,True,True,-0.2634315424609348
NIFTY:2024-07-08,2024-07-08,NIFTY,compression_expansion_down,2024-07-08T10:52:00+05:30,2024-07-08T10:52:00+05:30,DOWN,{},"{'source_path': '/Users/madhuram/tradebot-structural-edge-discovery-v3/runtime/upstox_candidate_replay.zip!upstox_candidate_replay/20240708/underlying/NIFTY_20240708.parquet', 'source_hash': '4357f109ed631802b3774c34db9c318f71742f8e99de307408af71bf00810707'}",{'completed_bar_only': True},"{'buy_ce_allowed': False, 'buy_pe_allowed': True, 'research_only': True}",d74443092118aeced60b24ccae6390c2a3962270768622a270f1ab525cfdc754,24290.15,2024-07-08 10:51:00+05:30,96,-0.0008080849620118419,55.75,0.0,194.15000000000146,7.709999999999854,7.133333333333576,0.00014782570415633768,7.017857142857403,-11.125773195875809,48.69999999999709,27.600000000002183,0.6619047619044848,0.185714285714355,0.15238095238116026,0,1,-0.0003066146450677598,10.5,6.94999999999709,0.0,2024-07-08T10:52:00+05:30,24290.0,30,42.20000000000073,9.549999999999272,10.400000000001455,8.900000000001455,True,True,0.246445497630362
NIFTY:2024-07-08,2024-07-08,NIFTY,compression_expansion_down,2024-07-08T11:10:00+05:30,2024-07-08T11:10:00+05:30,DOWN,{},"{'source_path': '/Users/madhuram/tradebot-structural-edge-discovery-v3/runtime/upstox_candidate_replay.zip!upstox_candidate_replay/20240708/underlying/NIFTY_20240708.parquet', 'source_hash': '4357f109ed631802b3774c34db9c318f71742f8e99de307408af71bf00810707'}",{'completed_bar_only': True},"{'buy_ce_allowed': False, 'buy_pe_allowed': True, 'research_only': True}",c5ce33b3a5f4a36c78aa12e33c180965f909372df5df9aec9223641e5279cf62,24285.7,2024-07-08 11:09:00+05:30,114,-0.0009437938869298211,55.75,0.0,194.15000000000146,6.680000000000291,7.25,0.0002145368579498093,7.375,-13.989130434780236,53.14999999999782,23.150000000001455,0.7012987012986195,0.08225108225115042,0.21645021645023008,8,1,-0.00029021004209073276,11.549999999999272,8.099999999998545,0.0,2024-07-08T11:10:00+05:30,24285.75,30,37.95000000000073,14.049999999999272,10.799999999999272,9.299999999999272,True,True,0.2845849802371295
NIFTY:2024-07-08,2024-07-08,NIFTY,compression_expansion_down,2024-07-08T11:11:00+05:30,2024-07-08T11:11:00+05:30,DOWN,{},"{'source_path': '/Users/madhuram/tradebot-structural-edge-discovery-v3/runtime/upstox_candidate_replay.zip!upstox_candidate_replay/20240708/underlying/NIFTY_20240708.parquet', 'source_hash': '4357f109ed631802b3774c34db9c318f71742f8e99de307408af71bf00810707'}",{'completed_bar_only': True},"{'buy_ce_allowed': False, 'buy_pe_allowed': True, 'research_only': True}",acc6587b4d1785d7190aaf90a9de1eee99e3305cda02204e8d4e9ebddaf6ac93,24271.0,2024-07-08 11:10:00+05:30,115,-0.00127484141589645,55.75,0.0,194.15000000000146,9.240000000000872,8.05,0.0002594666780315227,7.921428571428676,-28.44181034482608,67.84999999999854,8.450000000000728,0.8428571428571429,0.045714285714244136,0.11142857142861301,0,1,-0.0006052944737026111,17.5,14.75,0.0,2024-07-08T11:11:00+05:30,24270.15,30,22.350000000002183,29.649999999997817,-7.69999999999709,-9.19999999999709,False,False,-0.34451901565979137
NIFTY:2024-07-08,2024-07-08,NIFTY,compression_expansion_down,2024-07-08T12:14:00+05:30,2024-07-08T12:14:00+05:30,DOWN,{},"{'source_path': '/Users/madhuram/tradebot-structural-edge-discovery-v3/runtime/upstox_candidate_replay.zip!upstox_candidate_replay/20240708/underlying/NIFTY_20240708.parquet', 'source_hash': '4357f109ed631802b3774c34db9c318f71742f8e99de307408af71bf00810707'}",{'completed_bar_only': True},"{'buy_ce_allowed': False, 'buy_pe_allowed': True, 'research_only': True}",8c7911b1e06b11e0f22e3d9dc546cd5c1894a60ab683ef0ec06d7ec24d3fa601,24245.1,2024-07-08 12:13:00+05:30,178,-0.002004790936288772,55.75,0.0,194.15000000000146,10.290000000000145,8.82666666666652,0.0003022598650720144,8.735714285714234,-47.982122905032156,93.75,3.899999999997817,0.854477611940376,0.0,0.145522388059624,0,1,-0.0009786207422272097,26.799999999999272,22.900000000001455,0.0,2024-07-08T12:14:00+05:30,24245.2,30,4.650000000001455,46.95000000000073,-44.349999999998545,-45.849999999998545,False,False,-9.537634408598853
NIFTY:2024-07-08,2024-07-08,NIFTY,compression_expansion_down,2024-07-08T14:32:00+05:30,2024-07-08T14:32:00+05:30,DOWN,{},"{'source_path': '/Users/madhuram/tradebot-structural-edge-discovery-v3/runtime/upstox_candidate_replay.zip!upstox_candidate_replay/20240708/underlying/NIFTY_20240708.parquet', 'source_hash': '4357f109ed631802b3774c34db9c318f71742f8e99de307408af71bf00810707'}",{'completed_bar_only': True},"{'buy_ce_allowed': False, 'buy_pe_allowed': True, 'research_only': True}",cf494c37b70126588d141d536cd1c3c8ab41ba9c837de7f26b59795b0b9160cb,24301.1,2024-07-08 14:31:00+05:30,316,-0.0004503068872279695,55.75,0.0,194.15000000000146,5.860000000000582,6.1533333333332845,0.00018843015276552696,6.028571428571273,9.973817034697277,37.75,60.54999999999927,0.46534653465343684,0.5099009900990438,0.024752475247519404,5,1,-0.00022216279595999033,10.100000000002183,4.700000000000728,0.0,2024-07-08T14:32:00+05:30,24301.4,30,11.450000000000728,36.89999999999782,-11.099999999998545,-12.599999999998545,False,False,-0.9694323144102917
NIFTY:2024-07-08,2024-07-08,NIFTY,compression_expansion_down,2024-07-08T14:41:00+05:30,2024-07-08T14:41:00+05:30,DOWN,{},"{'source_path': '/Users/madhuram/tradebot-structural-edge-discovery-v3/runtime/upstox_candidate_replay.zip!upstox_candidate_replay/20240708/underlying/NIFTY_20240708.parquet', 'source_hash': '4357f109ed631802b3774c34db9c318f71742f8e99de307408af71bf00810707'}",{'completed_bar_only': True},"{'buy_ce_allowed': False, 'buy_pe_allowed': True, 'research_only': True}",292e35bb90f13e17000b630e86c9a0f49d9730c78a0d93908a87de90039072c8,24309.3,2024-07-08 14:40:00+05:30,325,-0.00012131555409340178,55.75,0.0,194.15000000000146,6.170000000001892,5.503333333334497,0.00014287280360273746,5.582142857144,17.692024539876,29.549999999999272,68.75,0.5421686746986051,0.04216867469904338,0.4156626506023515,0,1,-0.0001953602957960321,8.30000000000291,4.5,0.0,2024-07-08T14:41:00+05:30,24309.7,30,19.75,28.599999999998545,-1.0,-2.5,False,False,-0.05063291139240506
NIFTY:2024-07-08,2024-07-08,NIFTY,compression_expansion_down,2024-07-08T15:19:00+05:30,2024-07-08T15:19:00+05:30,DOWN,{},"{'source_path': '/Users/madhuram/tradebot-structural-edge-discovery-v3/runtime/upstox_candidate_replay.zip!upstox_candidate_replay/20240708/underlying/NIFTY_20240708.parquet', 'source_hash': '4357f109ed631802b3774c34db9c318f71742f8e99de307408af71bf00810707'}",{'completed_bar_only': True},"{'buy_ce_allowed': False, 'buy_pe_allowed': True, 'research_only': True}",306a3852a73e2b390352dd915166754e9e88c155b03f0c831c6d45ea3d3b9f69,24304.45,2024-07-08 15:18:00+05:30,363,-0.00021384436653749896,55.75,0.0,194.15000000000146,6.320000000000436,6.566666666666666,0.00015675435784539884,6.628571428571377,11.229532967034174,34.39999999999782,63.900000000001455,0.6859903381642071,0.028985507246310587,0.2850241545894824,12,1,-0.00027353760216519696,10.349999999998545,7.099999999998545,0.0,2024-07-08T15:19:00+05:30,24303.85,30,1.25,40.75,-27.200000000000728,-28.700000000000728,False,False,-21.76000000000058
NIFTY:2024-07-09,2024-07-09,NIFTY,compression_expansion_down,2024-07-09T10:21:00+05:30,2024-07-09T10:21:00+05:30,DOWN,{},"{'source_path': '/Users/madhuram/tradebot-structural-edge-discovery-v3/runtime/upstox_candidate_replay.zip!upstox_candidate_replay/20240709/underlying/NIFTY_20240709.parquet', 'source_hash': '4357f109ed631802b3774c34db9c318f71742f8e99de307408af71bf00810707'}",{'completed_bar_only': True},"{'buy_ce_allowed': False, 'buy_pe_allowed': True, 'research_only': True}",c32bd3773362f9f5fec07f5e0823ced4ae9cc44faab0953bd35c87fcf91c3be3,24344.45,2024-07-09 10:20:00+05:30,65,0.0010911982836745342,41.64999999999782,0.0,104.04999999999927,9.31999999999898,10.139999999999661,0.00033099401181933656,10.178571428570908,-21.856060606060055,41.099999999998545,12.549999999999272,0.8766666666665212,0.08333333333333333,0.040000000000145516,7,3,-0.0005460274450636016,15.0,13.149999999997817,0.0,2024-07-09T10:21:00+05:30,24344.65,30,4.700000000000728,39.54999999999927,-36.5,-38.0,False,False,-7.765957446807309
NIFTY:2024-07-09,2024-07-09,NIFTY,compression_expansion_down,2024-07-09T12:09:00+05:30,2024-07-09T12:09:00+05:30,DOWN,{},"{'source_path': '/Users/madhuram/tradebot-structural-edge-discovery-v3/runtime/upstox_candidate_replay.zip!upstox_candidate_replay/20240709/underlying/NIFTY_20240709.parquet', 'source_hash': '4357f109ed631802b3774c34db9c318f71742f8e99de307408af71bf00810707'}",{'completed_bar_only': True},"{'buy_ce_allowed': False, 'buy_pe_allowed': True, 'research_only': True}",1fa59eca5510fa2a2a7432b1aff4f57bc318589d4e1e9ac6ed53b8a672c954a8,24382.1,2024-07-09 12:08:00+05:30,173,0.002474204771269663,41.64999999999782,0.0,104.04999999999927,5.989999999999418,5.093333333333673,0.00015125337334586316,4.982142857143117,7.187356321839616,19.100000000002183,50.19999999999709,0.778723404255443,0.1702127659574468,0.051063829787110195,0,7,-0.000395625570121072,11.75,9.150000000001455,0.0,2024-07-09T12:09:00+05:30,24381.7,30,0.5,22.299999999999272,-11.599999999998545,-13.099999999998545,False,False,-23.19999999999709
NIFTY:2024-07-09,2024-07-09,NIFTY,compression_expansion_down,2024-07-09T12:45:00+05:30,2024-07-09T12:45:00+05:30,DOWN,{},"{'source_path': '/Users/madhuram/tradebot-structural-edge-discovery-v3/runtime/upstox_candidate_replay.zip!upstox_candidate_replay/20240709/underlying/NIFTY_20240709.parquet', 'source_hash': '4357f109ed631802b3774c34db9c318f71742f8e99de307408af71bf00810707'}",{'completed_bar_only': True},"{'buy_ce_allowed': False, 'buy_pe_allowed': True, 'research_only': True}",a68fda6036e953808a49bba119dd50664636fc157934e1bae5b068515f0e65d3,24384.0,2024-07-09 12:44:00+05:30,209,0.002431050036887083,41.64999999999782,0.0,104.04999999999927,5.219999999998254,5.179999999999564,0.00013811593396276313,5.064285714285298,6.228333333332557,20.0,52.099999999998545,0.7167630057806118,0.1849710982657744,0.09826589595361379,0,8,-0.0002767442575566381,8.649999999997817,6.200000000000728,0.0,2024-07-09T12:45:00+05:30,24383.8,30,1.3499999999985448,45.35000000000218,-40.75,-42.25,False,False,-30.185185185217723
NIFTY:2024-07-09,2024-07-09,NIFTY,compression_expansion_down,2024-07-09T13:50:00+05:30,2024-07-09T13:50:00+05:30,DOWN,{},"{'source_path': '/Users/madhuram/tradebot-structural-edge-discovery-v3/runtime/upstox_candidate_replay.zip!upstox_candidate_replay/20240709/underlying/NIFTY_20240709.parquet', 'source_hash': '4357f109ed631802b3774c34db9c318f71742f8e99de307408af71bf00810707'}",{'completed_bar_only': True},"{'buy_ce_allowed': False, 'buy_pe_allowed': True, 'research_only': True}",51b46f3ab4d66445f4a65ed8830fce4356aae6437e6158610686941d438605f5,24416.3,2024-07-09 13:49:00+05:30,274,0.003756516878638672,41.64999999999782,0.0,104.04999999999927,4.699999999999273,4.353333333333042,0.0001079870955021655,4.307142857142545,30.108000000000175,12.850000000002183,84.39999999999782,0.7235294117648771,0.1588235294115935,0.11764705882352941,0,10,-0.00026205128835066205,8.5,6.150000000001455,0.0,2024-07-09T13:50:00+05:30,24415.7,30,7.299999999999272,22.200000000000728,-5.799999999999272,-7.299999999999272,False,False,-0.794520547945185
NIFTY:2024-07-09,2024-07-09,NIFTY,compression_expansion_down,2024-07-09T14:26:00+05:30,2024-07-09T14:26:00+05:30,DOWN,{},"{'source_path': '/Users/madhuram/tradebot-structural-edge-discovery-v3/runtime/upstox_candidate_replay.zip!upstox_candidate_replay/20240709/underlying/NIFTY_20240709.parquet', 'source_hash': '4357f109ed631802b3774c34db9c318f71742f8e99de307408af71bf00810707'}",{'completed_bar_only': True},"{'buy_ce_allowed': False, 'buy_pe_allowed': True, 'research_only': True}",36a2b64837f0f287c1e128fa94c5166a64c510d4133137dfe08a8e0e19e1ab8a,24415.9,2024-07-09 14:25:00+05:30,310,0.0038181664991852574,41.64999999999782,0.0,104.04999999999927,5.869999999999709,5.940000000000145,0.00017854171255811722,6.078571428571585,25.519774919615884,22.0,84.0,0.809045226130521,0.12060301507544119,0.07035175879403784,8,10,-0.00040530914033509724,9.950000000000728,8.049999999999272,0.0,2024-07-09T14:26:00+05:30,24415.15,30,7.350000000002183,13.25,-0.3499999999985448,-1.8499999999985448,False,False,-0.047619047618835494
NIFTY:2024-07-09,2024-07-09,NIFTY,compression_expansion_down,2024-07-09T14:59:00+05:30,2024-07-09T14:59:00+05:30,DOWN,{},"{'source_path': '/Users/madhuram/tradebot-structural-edge-discovery-v3/runtime/upstox_candidate_replay.zip!upstox_candidate_replay/20240709/underlying/NIFTY_20240709.parquet', 'source_hash': '4357f109ed631802b3774c34db9c318f71742f8e99de307408af71bf00810707'}",{'completed_bar_only': True},"{'buy_ce_allowed': False, 'buy_pe_allowed': True, 'research_only': True}",da3486f32e371834507a65f908173f96bfe74868f1f840b714d958da7a2ee9d2,24416.3,2024-07-09 14:58:00+05:30,343,0.003645547561654788,41.64999999999782,0.0,104.04999999999927,5.850000000000728,5.520000000000437,0.00012959576682753228,5.635714285714649,23.107558139538014,21.600000000002183,84.39999999999782,0.41818181818190636,0.3818181818183582,0.19999999999973542,0,10,-0.00010647490263693271,8.25,3.4500000000007276,0.0,2024-07-09T14:59:00+05:30,24415.75,30,4.700000000000728,27.849999999998545,-1.5,-3.0,False,False,-0.3191489361701634
NIFTY:2024-07-09,2024-07-09,NIFTY,compression_expansion_down,2024-07-09T15:17:00+05:30,2024-07-09T15:17:00+05:30,DOWN,{},"{'source_path': '/Users/madhuram/tradebot-structural-edge-discovery-v3/runtime/upstox_candidate_replay.zip!upstox_candidate_replay/20240709/underlying/NIFTY_20240709.parquet', 'source_hash': '4357f109ed631802b3774c34db9c318f71742f8e99de307408af71bf00810707'}",{'completed_bar_only': True},"{'buy_ce_allowed': False, 'buy_pe_allowed': True, 'research_only': True}",d16d313aa2d41ea2754846fa4951f778c4e5e3f9ad277ce86727b2fcce5f3688,24431.25,2024-07-09 15:16:00+05:30,361,0.004449047616111923,41.64999999999782,0.0,104.04999999999927,6.5900000000016,6.186666666666861,0.0001425987055654732,6.11428571428613,36.06767955801115,10.200000000000728,99.34999999999854,0.925287356321678,0.04597701149441629,0.02873563218390564,0,14,-0.0002884816046941907,8.700000000000728,8.049999999999272,0.0,2024-07-09T15:17:00+05:30,24431.75,30,20.700000000000728,11.849999999998545,14.5,13.0,True,True,0.700483091787415
NIFTY:2024-07-10,2024-07-10,NIFTY,compression_expansion_down,2024-07-10T09:46:00+05:30,2024-07-10T09:46:00+05:30,DOWN,{},"{'source_path': '/Users/madhuram/tradebot-structural-edge-discovery-v3/runtime/upstox_candidate_replay.zip!upstox_candidate_replay/20240710/underlying/NIFTY_20240710.parquet', 'source_hash': '4357f109ed631802b3774c34db9c318f71742f8e99de307408af71bf00810707'}",{'completed_bar_only': True},"{'buy_ce_allowed': False, 'buy_pe_allowed': True, 'research_only': True}",7a6cf3a4b5cfb3494091ea2375bc4d49333bb9e5a3dadf448f4260534996c64f,24371.9,2024-07-10 09:45:00+05:30,30,-0.0006921336350326697,77.45000000000073,0.0,111.69999999999709,12.360000000000582,11.04333333333343,0.000369906802692903,10.825000000000207,-35.330645161287975,89.14999999999782,1.75,0.9420529801324448,0.0,0.05794701986755525,0,0,-0.0011659668816225155,30.19999999999709,28.44999999999709,0.0,2024-07-10T09:46:00+05:30,24372.0,30,59.95000000000073,22.950000000000728,27.450000000000728,25.950000000000728,True,True,0.4578815679733177
NIFTY:2024-07-10,2024-07-10,NIFTY,compression_expansion_down,2024-07-10T10:01:00+05:30,2024-07-10T10:01:00+05:30,DOWN,{},"{'source_path': '/Users/madhuram/tradebot-structural-edge-discovery-v3/runtime/upstox_candidate_replay.zip!upstox_candidate_replay/20240710/underlying/NIFTY_20240710.parquet', 'source_hash': '4357f109ed631802b3774c34db9c318f71742f8e99de307408af71bf00810707'}",{'completed_bar_only': True},"{'buy_ce_allowed': False, 'buy_pe_allowed': True, 'research_only': True}",8ba69a5a32c626a6a0e80592395db1c2791eae03b7736e223f13edc5e1764e53,24359.05,2024-07-10 10:00:00+05:30,45,-0.0020129211930091004,77.45000000000073,0.0,111.69999999999709,9.290000000000145,9.663333333333382,0.0002812348998077676,9.667857142857299,-38.29565217391064,102.0,2.399999999997817,0.639575971731496,0.19081272084813738,0.1696113074203666,5,0,-0.00041445844438570134,14.149999999997817,9.049999999999272,0.0,2024-07-10T10:01:00+05:30,24357.95,30,131.20000000000073,19.899999999997817,107.65000000000146,106.15000000000146,True,True,0.8205030487804943
NIFTY:2024-07-10,2024-07-10,NIFTY,compression_expansion_down,2024-07-10T10:21:00+05:30,2024-07-10T10:21:00+05:30,DOWN,{},"{'source_path': '/Users/madhuram/tradebot-structural-edge-discovery-v3/runtime/upstox_candidate_replay.zip!upstox_candidate_replay/20240710/underlying/NIFTY_20240710.parquet', 'source_hash': '4357f109ed631802b3774c34db9c318f71742f8e99de307408af71bf00810707'}",{'completed_bar_only': True},"{'buy_ce_allowed': False, 'buy_pe_allowed': True, 'research_only': True}",f9e591a55bc0406cbe12c437e9abb6179a2790e637c01e8510d6999630b6c8dd,24301.45,2024-07-10 10:20:00+05:30,65,-0.003339851948929518,77.45000000000073,0.0,111.69999999999709,16.290000000000145,13.530000000000049,0.00042291857008200877,13.860714285714494,-79.23409090908899,159.59999999999854,0.7000000000007276,0.9799713876966892,0.0,0.020028612303310815,0,0,-0.0013786726936511062,34.95000000000073,34.25,0.0,2024-07-10T10:21:00+05:30,24300.15,30,158.35000000000218,6.649999999997817,102.30000000000291,100.80000000000291,True,True,0.6460372592358794
NIFTY:2024-07-10,2024-07-10,NIFTY,compression_expansion_down,2024-07-10T10:36:00+05:30,2024-07-10T10:36:00+05:30,DOWN,{},"{'source_path': '/Users/madhuram/tradebot-structural-edge-discovery-v3/runtime/upstox_candidate_replay.zip!upstox_candidate_replay/20240710/underlying/NIFTY_20240710.parquet', 'source_hash': '4357f109ed631802b3774c34db9c318f71742f8e99de307408af71bf00810707'}",{'completed_bar_only': True},"{'buy_ce_allowed': False, 'buy_pe_allowed': True, 'research_only': True}",a422ed97d8480613d26ba44f180f65afc6d67e1219c5c4b219a9cf63e6c1fb3f,24201.2,2024-07-10 10:35:00+05:30,80,-0.007566372134454126,77.45000000000073,0.0,111.69999999999709,14.6,17.283333333333335,0.0006318040310826696,17.63571428571439,-155.0876543209888,259.84999999999854,2.600000000002183,0.9072463768115732,0.01739130434778391,0.07536231884064298,4,0,-0.0015100380397560231,34.5,31.299999999999272,0.0,2024-07-10T10:36:00+05:30,24201.25,30,59.45000000000073,27.049999999999272,-19.900000000001455,-21.400000000001455,True,True,-0.3347350714886663
NIFTY:2024-07-10,2024-07-10,NIFTY,compression_expansion_down,2024-07-10T11:48:00+05:30,2024-07-10T11:48:00+05:30,DOWN,{},"{'source_path': '/Users/madhuram/tradebot-structural-edge-discovery-v3/runtime/upstox_candidate_replay.zip!upstox_candidate_replay/20240710/underlying/NIFTY_20240710.parquet', 'source_hash': '4357f109ed631802b3774c34db9c318f71742f8e99de307408af71bf00810707'}",{'completed_bar_only': True},"{'buy_ce_allowed': False, 'buy_pe_allowed': True, 'research_only': True}",32dfdba1c6e269cccaeb100e83f6bbd1e7ba01e434abc396555910727b00e14d,24238.1,2024-07-10 11:47:00+05:30,152,-0.007097441358056262,77.45000000000073,0.0,111.69999999999709,7.150000000000728,7.510000000000825,0.0001906582210602549,7.585714285715118,-50.897385620915884,222.95000000000073,96.29999999999927,0.5246636771301721,0.24215246636774665,0.2331838565020812,5,0,-0.00025573021287483844,11.150000000001455,5.850000000002183,0.0,2024-07-10T11:48:00+05:30,24238.05,30,4.450000000000728,49.5,-26.450000000000728,-27.950000000000728,False,False,-5.9438202247182925
NIFTY:2024-07-10,2024-07-10,NIFTY,compression_expansion_down,2024-07-10T13:12:00+05:30,2024-07-10T13:12:00+05:30,DOWN,{},"{'source_path': '/Users/madhuram/tradebot-structural-edge-discovery-v3/runtime/upstox_candidate_replay.zip!upstox_candidate_replay/20240710/underlying/NIFTY_20240710.parquet', 'source_hash': '4357f109ed631802b3774c34db9c318f71742f8e99de307408af71bf00810707'}",{'completed_bar_only': True},"{'buy_ce_allowed': False, 'buy_pe_allowed': True, 'research_only': True}",acf9f7cc78350f04e10a1f160bee2c276f8f0ab4d0b14cfd37d6c366de74a1ea,24277.5,2024-07-10 13:11:00+05:30,236,-0.00522990918305709,77.45000000000073,0.0,111.69999999999709,8.430000000000291,8.683333333333575,0.00029377658619880406,8.153571428571793,-5.86814345991661,183.54999999999927,135.70000000000073,0.8669064748200008,0.09712230215842024,0.03597122302157897,10,0,-0.0005063853963391818,13.900000000001455,12.049999999999272,0.0,2024-07-10T13:12:00+05:30,24276.9,30,12.400000000001455,12.149999999997817,6.850000000002183,5.350000000002183,True,False,0.5524193548388209
NIFTY:2024-07-10,2024-07-10,NIFTY,compression_expansion_down,2024-07-10T13:21:00+05:30,2024-07-10T13:21:00+05:30,DOWN,{},"{'source_path': '/Users/madhuram/tradebot-structural-edge-discovery-v3/runtime/upstox_candidate_replay.zip!upstox_candidate_replay/20240710/underlying/NIFTY_20240710.parquet', 'source_hash': '4357f109ed631802b3774c34db9c318f71742f8e99de307408af71bf00810707'}",{'completed_bar_only': True},"{'buy_ce_allowed': False, 'buy_pe_allowed': True, 'research_only': True}",d12a53cb20e92b34d6a69a9f3566753f187c9b8220aebe20f9da3347e339b47e,24266.3,2024-07-10 13:20:00+05:30,245,-0.005643551177958176,77.45000000000073,0.0,111.69999999999709,8.3,7.956666666666569,0.0002571247152161313,7.882142857142753,-16.905691056908836,194.75,124.5,0.8945578231295278,0.0952380952379656,0.010204081632506593,0,0,-0.0005313189890936432,14.69999999999709,13.150000000001455,0.0,2024-07-10T13:21:00+05:30,24266.7,30,24.799999999999272,19.75,19.400000000001455,17.900000000001455,True,True,0.7822580645162106
NIFTY:2024-07-10,2024-07-10,NIFTY,compression_expansion_down,2024-07-10T13:39:00+05:30,2024-07-10T13:39:00+05:30,DOWN,{},"{'source_path': '/Users/madhuram/tradebot-structural-edge-discovery-v3/runtime/upstox_candidate_replay.zip!upstox_candidate_replay/20240710/underlying/NIFTY_20240710.parquet', 'source_hash': '4357f109ed631802b3774c34db9c318f71742f8e99de307408af71bf00810707'}",{'completed_bar_only': True},"{'buy_ce_allowed': False, 'buy_pe_allowed': True, 'research_only': True}",8c3b22c32d29977c94d367a96ab75067cb6620a936c9e8f3b9f5cac068c6fd86,24274.6,2024-07-10 13:38:00+05:30,263,-0.005629217049422057,77.45000000000073,0.0,111.69999999999709,5.929999999999564,5.736666666666861,0.00010603537878398203,5.621428571428623,-8.346969696969609,186.45000000000073,132.79999999999927,0.6419753086421804,0.09876543209869335,0.2592592592591262,0,0,-0.0002079931135746671,8.099999999998545,5.200000000000728,0.0,2024-07-10T13:39:00+05:30,24274.9,30,62.75,0.9499999999970896,50.900000000001455,49.400000000001455,True,True,0.811155378486079
NIFTY:2024-07-11,2024-07-11,NIFTY,compression_expansion_down,2024-07-11T09:33:00+05:30,2024-07-11T09:33:00+05:30,DOWN,{},"{'source_path': '/Users/madhuram/tradebot-structural-edge-discovery-v3/runtime/upstox_candidate_replay.zip!upstox_candidate_replay/20240711/underlying/NIFTY_20240711.parquet', 'source_hash': '4357f109ed631802b3774c34db9c318f71742f8e99de307408af71bf00810707'}",{'completed_bar_only': True},"{'buy_ce_allowed': False, 'buy_pe_allowed': True, 'research_only': True}",174c9baa35c2db4e49e2a9c13b715dfb675e27f86f647decb4a7c7617d4b6a02,24322.5,2024-07-11 09:32:00+05:30,17,0.0016123459633765934,67.10000000000218,0.0,319.25,14.55,13.516666666666667,0.00034629574751427605,13.91785714285704,-32.53888888888832,80.15000000000146,1.0999999999985448,0.8338108882521594,0.13467048710604645,0.031518624641794085,0,0,-0.0011929425436983943,34.89999999999782,29.099999999998545,0.0,2024-07-11T09:33:00+05:30,24323.7,30,13.549999999999272,36.45000000000073,-24.849999999998545,-26.349999999998545,False,False,-1.833948339483386
NIFTY:2024-07-11,2024-07-11,NIFTY,compression_expansion_down,2024-07-11T09:57:00+05:30,2024-07-11T09:57:00+05:30,DOWN,{},"{'source_path': '/Users/madhuram/tradebot-structural-edge-discovery-v3/runtime/upstox_candidate_replay.zip!upstox_candidate_replay/20240711/underlying/NIFTY_20240711.parquet', 'source_hash': '4357f109ed631802b3774c34db9c318f71742f8e99de307408af71bf00810707'}",{'completed_bar_only': True},"{'buy_ce_allowed': False, 'buy_pe_allowed': True, 'research_only': True}",871074bb167e5d96a978310eb8ece0509be3ff4a6d42f4ca128f23519c2747b3,24341.55,2024-07-11 09:56:00+05:30,41,0.0014622168111745146,67.10000000000218,0.0,319.25,9.85,8.779999999999564,0.0002321812191711768,8.860714285713973,-3.578571428573923,61.10000000000218,31.399999999997817,0.47761194029869386,0.029850746268498686,0.49253731343280743,0,0,-0.000266961830618917,13.399999999997817,6.400000000001455,0.0,2024-07-11T09:57:00+05:30,24341.15,30,95.65000000000146,22.0,75.75,74.25,True,True,0.7919498170412843
NIFTY:2024-07-11,2024-07-11,NIFTY,compression_expansion_down,2024-07-11T10:48:00+05:30,2024-07-11T10:48:00+05:30,DOWN,{},"{'source_path': '/Users/madhuram/tradebot-structural-edge-discovery-v3/runtime/upstox_candidate_replay.zip!upstox_candidate_replay/20240711/underlying/NIFTY_20240711.parquet', 'source_hash': '4357f109ed631802b3774c34db9c318f71742f8e99de307408af71bf00810707'}",{'completed_bar_only': True},"{'buy_ce_allowed': False, 'buy_pe_allowed': True, 'research_only': True}",d1e4af5a41a478d43ff58d3cf9b5e38845641c4d8225b31902c1923da0ec429b,24244.25,2024-07-11 10:47:00+05:30,92,-0.002422632072522723,67.10000000000218,0.0,319.25,10.35,10.343333333333188,0.00022657223122336465,10.121428571428364,-69.27903225806585,158.40000000000146,2.5,0.5425219941349205,0.31085043988266853,0.14662756598241095,0,0,-0.000389631272754265,17.049999999999272,9.25,0.0,2024-07-11T10:48:00+05:30,24237.0,30,2.5,31.599999999998545,-20.950000000000728,-22.450000000000728,False,False,-8.38000000000029
NIFTY:2024-07-11,2024-07-11,NIFTY,compression_expansion_down,2024-07-11T14:47:00+05:30,2024-07-11T14:47:00+05:30,DOWN,{},"{'source_path': '/Users/madhuram/tradebot-structural-edge-discovery-v3/runtime/upstox_candidate_replay.zip!upstox_candidate_replay/20240711/underlying/NIFTY_20240711.parquet', 'source_hash': '4357f109ed631802b3774c34db9c318f71742f8e99de307408af71bf00810707'}",{'completed_bar_only': True},"{'buy_ce_allowed': False, 'buy_pe_allowed': True, 'research_only': True}",522ce0b378b5dfbfcfea4213c39685414e7871ee6a71b4ce50b9d0a6ca2af6ca,24300.3,2024-07-11 14:46:00+05:30,331,-0.00010077162271107449,67.10000000000218,0.0,319.25,6.5900000000001455,6.966666666667152,0.00014682034944369128,6.942857142857714,10.028012048191158,102.35000000000218,106.54999999999927,0.8853211009174465,0.0,0.11467889908255349,4,0,-0.00036200435227962124,10.900000000001455,9.650000000001455,0.0,2024-07-11T14:47:00+05:30,24299.7,30,8.25,32.75,-24.599999999998545,-26.099999999998545,False,False,-2.9818181818180056
NIFTY:2024-07-11,2024-07-11,NIFTY,compression_expansion_down,2024-07-11T15:21:00+05:30,2024-07-11T15:21:00+05:30,DOWN,{},"{'source_path': '/Users/madhuram/tradebot-structural-edge-discovery-v3/runtime/upstox_candidate_replay.zip!upstox_candidate_replay/20240711/underlying/NIFTY_20240711.parquet', 'source_hash': '4357f109ed631802b3774c34db9c318f71742f8e99de307408af71bf00810707'}",{'completed_bar_only': True},"{'buy_ce_allowed': False, 'buy_pe_allowed': True, 'research_only': True}",3ae4940009e6b756658a3dbbe36dfe93e45105cd4a9222d45177cf04655c6ea0,24321.35,2024-07-11 15:20:00+05:30,365,0.0006334216284693332,67.10000000000218,0.0,319.25,6.359999999999855,7.11333333333314,0.00019129929465113292,7.057142857142805,28.86065573770611,81.30000000000291,127.59999999999854,0.6292682926829978,0.15609756097582272,0.21463414634117947,5,0,-0.00027540226199795903,10.25,6.450000000000728,0.0,2024-07-11T15:21:00+05:30,24321.2,30,0.0,35.79999999999927,-17.299999999999272,-18.799999999999272,False,False,0.0
NIFTY:2024-07-12,2024-07-12,NIFTY,compression_expansion_down,2024-07-12T09:52:00+05:30,2024-07-12T09:52:00+05:30,DOWN,{},"{'source_path': '/Users/madhuram/tradebot-structural-edge-discovery-v3/runtime/upstox_candidate_replay.zip!upstox_candidate_replay/20240712/underlying/NIFTY_20240712.parquet', 'source_hash': '4357f109ed631802b3774c34db9c318f71742f8e99de307408af71bf00810707'}",{'completed_bar_only': True},"{'buy_ce_allowed': False, 'buy_pe_allowed': True, 'research_only': True}",ea404b779f8a3ee3654a096737f741870c1867ba866b055074b939f693614463,24401.7,2024-07-12 09:51:00+05:30,36,0.003410234813156111,91.95000000000073,0.0,208.90000000000146,9.300000000000727,8.880000000000534,0.0002564935008239216,8.792857142857558,-2.922972972974094,39.04999999999927,59.25,0.8878923766816107,0.04484304932735572,0.06726457399103358,0,3,-0.0008414458127322666,22.299999999999272,19.799999999999272,0.0,2024-07-12T09:52:00+05:30,24401.45,30,70.29999999999927,2.9500000000007276,22.0,20.5,True,True,0.3129445234708425
NIFTY:2024-07-12,2024-07-12,NIFTY,compression_expansion_down,2024-07-12T10:23:00+05:30,2024-07-12T10:23:00+05:30,DOWN,{},"{'source_path': '/Users/madhuram/tradebot-structural-edge-discovery-v3/runtime/upstox_candidate_replay.zip!upstox_candidate_replay/20240712/underlying/NIFTY_20240712.parquet', 'source_hash': '4357f109ed631802b3774c34db9c318f71742f8e99de307408af71bf00810707'}",{'completed_bar_only': True},"{'buy_ce_allowed': False, 'buy_pe_allowed': True, 'research_only': True}",02eadafae8102bdc575fecfc787f388ed87feca3379ae34e767feae7d06eaa5c,24379.45,2024-07-12 10:22:00+05:30,67,0.002115989070813731,91.95000000000073,0.0,208.90000000000146,10.159999999999854,10.240000000000387,0.0003064040802784141,10.046428571428935,-11.610294117646845,61.29999999999927,48.29999999999927,0.6374622356495309,0.2688821752266419,0.09365558912382722,11,3,-0.00042230855174818505,16.549999999999272,10.549999999999272,0.0,2024-07-12T10:23:00+05:30,24379.25,30,22.099999999998545,95.20000000000073,-94.09999999999854,-95.59999999999854,False,False,-4.257918552036414
NIFTY:2024-07-12,2024-07-12,NIFTY,compression_expansion_down,2024-07-12T10:24:00+05:30,2024-07-12T10:24:00+05:30,DOWN,{},"{'source_path': '/Users/madhuram/tradebot-structural-edge-discovery-v3/runtime/upstox_candidate_replay.zip!upstox_candidate_replay/20240712/underlying/NIFTY_20240712.parquet', 'source_hash': '4357f109ed631802b3774c34db9c318f71742f8e99de307408af71bf00810707'}",{'completed_bar_only': True},"{'buy_ce_allowed': False, 'buy_pe_allowed': True, 'research_only': True}",62b8d631ed7e73d9434b45e0ee7e35c8a0ed85cf0bb64cf974c4a4e584d9ef19,24364.85,2024-07-12 10:23:00+05:30,68,0.0016743020317603796,91.95000000000073,0.0,208.90000000000146,13.7,10.893333333333674,0.00031950961160529494,10.62500000000026,-25.83043478260879,75.90000000000146,33.69999999999709,0.6329670329670969,0.0725274725275365,0.29450549450536656,0,3,-0.0005988650277181096,22.75,14.400000000001455,0.0,2024-07-12T10:24:00+05:30,24364.15,30,7.0,132.9499999999971,-113.69999999999709,-115.19999999999709,False,False,-16.242857142856728
NIFTY:2024-07-12,2024-07-12,NIFTY,compression_expansion_down,2024-07-12T10:42:00+05:30,2024-07-12T10:42:00+05:30,DOWN,{},"{'source_path': '/Users/madhuram/tradebot-structural-edge-discovery-v3/runtime/upstox_candidate_replay.zip!upstox_candidate_replay/20240712/underlying/NIFTY_20240712.parquet', 'source_hash': '4357f109ed631802b3774c34db9c318f71742f8e99de307408af71bf00810707'}",{'completed_bar_only': True},"{'buy_ce_allowed': False, 'buy_pe_allowed': True, 'research_only': True}",417ed3322dada496ec565a0533c0817565c08c292129709478ff8b00f0163081,24367.9,2024-07-12 10:41:00+05:30,86,0.001590073340592096,91.95000000000073,0.0,208.90000000000146,6.8099999999991265,6.809999999999855,0.00020110499320871708,6.810714285714182,-19.144827586205793,72.84999999999854,36.75,0.599999999999953,0.33548387096778887,0.06451612903225806,14,3,-0.00040405697818701736,15.5,9.299999999999272,0.0,2024-07-12T10:42:00+05:30,24369.05,30,2.2000000000007276,223.15000000000146,-184.10000000000218,-185.60000000000218,False,False,-83.6818181817915
NIFTY:2024-07-12,2024-07-12,NIFTY,compression_expansion_down,2024-07-12T11:21:00+05:30,2024-07-12T11:21:00+05:30,DOWN,{},"{'source_path': '/Users/madhuram/tradebot-structural-edge-discovery-v3/runtime/upstox_candidate_replay.zip!upstox_candidate_replay/20240712/underlying/NIFTY_20240712.parquet', 'source_hash': '4357f109ed631802b3774c34db9c318f71742f8e99de307408af71bf00810707'}",{'completed_bar_only': True},"{'buy_ce_allowed': False, 'buy_pe_allowed': True, 'research_only': True}",09371f31f5546e9f3897882944e771fd6b3e29a5d0d0acd73defc472111f7dbe,24507.4,2024-07-12 11:20:00+05:30,125,0.007379255089672681,91.95000000000073,0.0,208.90000000000146,14.769999999998982,13.993333333332945,0.0002927443122070928,13.821428571428052,88.4769841269881,84.79999999999927,176.25,0.5181598062953133,0.46973365617441903,0.012106537530267624,0,6,-0.00044660427802023506,20.649999999997817,10.69999999999709,0.0,2024-07-12T11:21:00+05:30,24508.1,30,34.79999999999927,4.450000000000728,9.149999999997817,7.649999999997817,True,True,0.2629310344827014
NIFTY:2024-07-12,2024-07-12,NIFTY,compression_expansion_down,2024-07-12T11:42:00+05:30,2024-07-12T11:42:00+05:30,DOWN,{},"{'source_path': '/Users/madhuram/tradebot-structural-edge-discovery-v3/runtime/upstox_candidate_replay.zip!upstox_candidate_replay/20240712/underlying/NIFTY_20240712.parquet', 'source_hash': '4357f109ed631802b3774c34db9c318f71742f8e99de307408af71bf00810707'}",{'completed_bar_only': True},"{'buy_ce_allowed': False, 'buy_pe_allowed': True, 'research_only': True}",d4e10e8532e5b0d1f26c122c85d684a094b761768a70b18c6f7b65bbdbff1e71,24490.0,2024-07-12 11:41:00+05:30,146,0.006343858495798897,91.95000000000073,0.0,208.90000000000146,10.809999999999855,10.889999999999418,0.00023261041116357206,10.253571428570856,61.14421768707689,102.20000000000073,158.84999999999854,0.17846153846162802,0.6892307692305901,0.13230769230778186,14,6,-0.0001265662574356785,16.25,2.900000000001455,0.0,2024-07-12T11:42:00+05:30,24490.4,30,4.950000000000728,35.099999999998545,-29.75,-31.25,False,False,-6.010101010100127
NIFTY:2024-07-12,2024-07-12,NIFTY,compression_expansion_down,2024-07-12T14:00:00+05:30,2024-07-12T14:00:00+05:30,DOWN,{},"{'source_path': '/Users/madhuram/tradebot-structural-edge-discovery-v3/runtime/upstox_candidate_replay.zip!upstox_candidate_replay/20240712/underlying/NIFTY_20240712.parquet', 'source_hash': '4357f109ed631802b3774c34db9c318f71742f8e99de307408af71bf00810707'}",{'completed_bar_only': True},"{'buy_ce_allowed': False, 'buy_pe_allowed': True, 'research_only': True}",58a1d2615d0f99f6c98a0dfe3d29a44b69be0f037c0c8c397783f867aeba4bd6,24553.25,2024-07-12 13:59:00+05:30,284,0.008950839205374142,91.95000000000073,0.0,208.90000000000146,8.220000000000436,7.853333333333285,0.0001755158683134479,8.125,82.21736842105383,38.95000000000073,222.09999999999854,0.2780269058294296,0.27802690582975587,0.4439461883408145,0,6,-8.959314530998519e-05,11.150000000001455,3.099999999998545,0.0,2024-07-12T14:00:00+05:30,24551.85,30,4.599999999998545,29.200000000000728,-12.450000000000728,-13.950000000000728,False,False,-2.7065217391314493
NIFTY:2024-07-12,2024-07-12,NIFTY,compression_expansion_down,2024-07-12T15:00:00+05:30,2024-07-12T15:00:00+05:30,DOWN,{},"{'source_path': '/Users/madhuram/tradebot-structural-edge-discovery-v3/runtime/upstox_candidate_replay.zip!upstox_candidate_replay/20240712/underlying/NIFTY_20240712.parquet', 'source_hash': '4357f109ed631802b3774c34db9c318f71742f8e99de307408af71bf00810707'}",{'completed_bar_only': True},"{'buy_ce_allowed': False, 'buy_pe_allowed': True, 'research_only': True}",db77a8fd6f301c58985ca01afe65a8783f2c94cff4a91a6a376835e757d29d0c,24524.7,2024-07-12 14:59:00+05:30,344,0.007968855927850965,91.95000000000073,0.0,208.90000000000146,9.579999999999563,8.899999999999272,0.0001330903447144664,8.957142857141921,38.48724637681153,67.5,193.54999999999927,0.6150793650792585,0.055555555555603674,0.3293650793651378,0,6,-0.0003811029976705793,12.600000000002183,7.75,0.0,2024-07-12T15:00:00+05:30,24524.4,30,38.80000000000291,0.0,12.0,10.5,True,True,0.3092783505154407
NIFTY:2024-07-15,2024-07-15,NIFTY,compression_expansion_down,2024-07-15T10:53:00+05:30,2024-07-15T10:53:00+05:30,DOWN,{},"{'source_path': '/Users/madhuram/tradebot-structural-edge-discovery-v3/runtime/upstox_candidate_replay.zip!upstox_candidate_replay/20240715/underlying/NIFTY_20240715.parquet', 'source_hash': '4357f109ed631802b3774c34db9c318f71742f8e99de307408af71bf00810707'}",{'completed_bar_only': True},"{'buy_ce_allowed': False, 'buy_pe_allowed': True, 'research_only': True}",cad9213200e770e6f346a68a9e5a3ebaa0817a5073bc18f3a38d8470f51374b2,24579.35,2024-07-15 10:52:00+05:30,97,0.0031106705177787568,61.849999999998545,0.0,261.0499999999993,7.669999999998981,8.986666666666133,0.0003554375227494542,9.357142857142337,19.01173469387868,24.05000000000291,56.599999999998545,0.5486725663719473,0.08554572271370729,0.36578171091434536,6,0,-0.00041074525863737943,16.94999999999709,9.30000000000291,0.0,2024-07-15T10:53:00+05:30,24579.85,30,6.149999999997817,10.700000000000728,4.25,2.75,False,False,0.6910569105693509
NIFTY:2024-07-15,2024-07-15,NIFTY,compression_expansion_down,2024-07-15T11:14:00+05:30,2024-07-15T11:14:00+05:30,DOWN,{},"{'source_path': '/Users/madhuram/tradebot-structural-edge-discovery-v3/runtime/upstox_candidate_replay.zip!upstox_candidate_replay/20240715/underlying/NIFTY_20240715.parquet', 'source_hash': '4357f109ed631802b3774c34db9c318f71742f8e99de307408af71bf00810707'}",{'completed_bar_only': True},"{'buy_ce_allowed': False, 'buy_pe_allowed': True, 'research_only': True}",2a1113019262dd67bf9ddd1b066a563e7e70b548043a1f3bd3d8df6ffdd86bf8,24584.55,2024-07-15 11:13:00+05:30,118,0.0029536071539301664,61.849999999998545,0.0,261.0499999999993,5.060000000000582,5.063333333333381,0.00010545524992553357,5.10357142857148,20.290756302518275,18.850000000002183,61.79999999999927,0.03401360544216677,0.42857142857149927,0.537414965986334,4,0,-4.4741546390003606e-05,7.350000000002183,0.25,0.0,2024-07-15T11:14:00+05:30,24584.3,30,10.599999999998545,14.5,-13.200000000000728,-14.700000000000728,False,False,-1.245283018868164
NIFTY:2024-07-15,2024-07-15,NIFTY,compression_expansion_down,2024-07-15T11:24:00+05:30,2024-07-15T11:24:00+05:30,DOWN,{},"{'source_path': '/Users/madhuram/tradebot-structural-edge-discovery-v3/runtime/upstox_candidate_replay.zip!upstox_candidate_replay/20240715/underlying/NIFTY_20240715.parquet', 'source_hash': '4357f109ed631802b3774c34db9c318f71742f8e99de307408af71bf00810707'}",{'completed_bar_only': True},"{'buy_ce_allowed': False, 'buy_pe_allowed': True, 'research_only': True}",bea1e4253978e3ce25ab406de85bf2de8acddd85a77c082885272afc38e460cc,24575.6,2024-07-15 11:23:00+05:30,128,0.0026068438830958132,61.849999999998545,0.0,261.0499999999993,5.360000000000582,5.030000000000291,7.83711160760943e-05,5.064285714286078,10.110077519377228,27.80000000000291,52.849999999998545,0.09722222222231346,0.6388888888891275,0.26388888888855905,0,0,-2.4413863819572335e-05,7.200000000000728,0.7000000000007276,0.0,2024-07-15T11:24:00+05:30,24574.45,30,0.6500000000014552,37.39999999999782,-26.75,-28.25,False,False,-41.15384615375402
NIFTY:2024-07-15,2024-07-15,NIFTY,compression_expansion_down,2024-07-15T11:50:00+05:30,2024-07-15T11:50:00+05:30,DOWN,{},"{'source_path': '/Users/madhuram/tradebot-structural-edge-discovery-v3/runtime/upstox_candidate_replay.zip!upstox_candidate_replay/20240715/underlying/NIFTY_20240715.parquet', 'source_hash': '4357f109ed631802b3774c34db9c318f71742f8e99de307408af71bf00810707'}",{'completed_bar_only': True},"{'buy_ce_allowed': False, 'buy_pe_allowed': True, 'research_only': True}",0591c13a7f549a3043d394e401ebd637b77395e6859e8c39cd4116373af9b6f8,24602.1,2024-07-15 11:49:00+05:30,154,0.0039388227998890055,61.849999999998545,0.0,261.0499999999993,5.990000000000146,5.4966666666669575,0.0001760111024957506,5.196428571428831,32.761612903224886,7.700000000000728,79.34999999999854,0.8456790123461004,0.10493827160477748,0.04938271604912211,0,1,-0.0002844476230337012,8.099999999998545,6.850000000002183,0.0,2024-07-15T11:50:00+05:30,24601.35,30,53.79999999999927,10.5,3.6999999999970896,2.1999999999970896,True,True,0.06877323420069033
NIFTY:2024-07-15,2024-07-15,NIFTY,compression_expansion_down,2024-07-15T12:23:00+05:30,2024-07-15T12:23:00+05:30,DOWN,{},"{'source_path': '/Users/madhuram/tradebot-structural-edge-discovery-v3/runtime/upstox_candidate_replay.zip!upstox_candidate_replay/20240715/underlying/NIFTY_20240715.parquet', 'source_hash': '4357f109ed631802b3774c34db9c318f71742f8e99de307408af71bf00810707'}",{'completed_bar_only': True},"{'buy_ce_allowed': False, 'buy_pe_allowed': True, 'research_only': True}",f5658b2c967a1368e99a9a035c23c886f04b786d33266d182edea14b5f50afaa,24586.35,2024-07-15 12:22:00+05:30,187,0.00329629085687241,61.849999999998545,0.0,261.0499999999993,5.190000000000145,5.123333333333721,0.0001561597015571285,5.267857142857663,12.861702127658646,25.5,63.599999999998545,0.7740112994354021,0.1807909604518427,0.04519774011275514,0,2,-0.0002480436068794667,8.849999999998545,6.850000000002183,0.0,2024-07-15T12:23:00+05:30,24585.25,30,9.150000000001455,15.150000000001455,-8.650000000001455,-10.150000000001455,False,False,-0.9453551912568393
NIFTY:2024-07-15,2024-07-15,NIFTY,compression_expansion_down,2024-07-15T13:32:00+05:30,2024-07-15T13:32:00+05:30,DOWN,{},"{'source_path': '/Users/madhuram/tradebot-structural-edge-discovery-v3/runtime/upstox_candidate_replay.zip!upstox_candidate_replay/20240715/underlying/NIFTY_20240715.parquet', 'source_hash': '4357f109ed631802b3774c34db9c318f71742f8e99de307408af71bf00810707'}",{'completed_bar_only': True},"{'buy_ce_allowed': False, 'buy_pe_allowed': True, 'research_only': True}",b6d5a93004efdbd16022a9c611120ca5d5f423310320c4c8ec30dc1586d6bd93,24619.8,2024-07-15 13:31:00+05:30,256,0.004789412705406154,61.849999999998545,0.0,261.0499999999993,7.830000000000291,6.853333333333527,0.00015538208167340727,6.639285714286026,39.06284046692599,15.25,97.04999999999927,0.7936507936506562,0.11111111111120735,0.09523809523813649,0,5,-0.0003978952155130333,12.600000000002183,10.0,0.0,2024-07-15T13:32:00+05:30,24619.5,30,10.549999999999272,9.549999999999272,7.25,5.75,True,False,0.6872037914692417
NIFTY:2024-07-15,2024-07-15,NIFTY,compression_expansion_down,2024-07-15T14:11:00+05:30,2024-07-15T14:11:00+05:30,DOWN,{},"{'source_path': '/Users/madhuram/tradebot-structural-edge-discovery-v3/runtime/upstox_candidate_replay.zip!upstox_candidate_replay/20240715/underlying/NIFTY_20240715.parquet', 'source_hash': '4357f109ed631802b3774c34db9c318f71742f8e99de307408af71bf00810707'}",{'completed_bar_only': True},"{'buy_ce_allowed': False, 'buy_pe_allowed': True, 'research_only': True}",aa545fdccbc6d19ab6d5d354e8ddd876a0a9608bcde7a055ae94c5f78397e1d3,24605.0,2024-07-15 14:10:00+05:30,295,0.004048971132977594,61.849999999998545,0.0,261.0499999999993,5.869999999999709,5.773333333333237,0.00011031754893273613,5.73928571428561,19.465371621619852,30.049999999999272,82.25,0.7430167597769405,0.18994413407794888,0.0670391061451106,0,5,-0.0002905069244255598,8.94999999999709,6.650000000001455,0.0,2024-07-15T14:11:00+05:30,24604.8,30,15.75,14.350000000002183,3.75,2.25,True,False,0.23809523809523808
NIFTY:2024-07-15,2024-07-15,NIFTY,compression_expansion_down,2024-07-15T14:45:00+05:30,2024-07-15T14:45:00+05:30,DOWN,{},"{'source_path': '/Users/madhuram/tradebot-structural-edge-discovery-v3/runtime/upstox_candidate_replay.zip!upstox_candidate_replay/20240715/underlying/NIFTY_20240715.parquet', 'source_hash': '4357f109ed631802b3774c34db9c318f71742f8e99de307408af71bf00810707'}",{'completed_bar_only': True},"{'buy_ce_allowed': False, 'buy_pe_allowed': True, 'research_only': True}",1950c068085b85e94136fa4797bc3d0878d31a186cfae33a064c25cf2a5e47dd,24593.05,2024-07-15 14:44:00+05:30,329,0.003608377800623239,61.849999999998545,0.0,261.0499999999993,6.829999999999563,6.703333333333043,0.00014824770776166333,6.171428571428156,5.847424242423585,42.0,70.29999999999927,0.7289719626167048,0.09813084112176065,0.1728971962615345,0,5,-0.0003211258101821768,10.700000000000728,7.799999999999272,0.0,2024-07-15T14:45:00+05:30,24593.05,30,15.349999999998545,9.150000000001455,6.700000000000728,5.200000000000728,True,False,0.43648208469064254
NIFTY:2024-07-16,2024-07-16,NIFTY,compression_expansion_down,2024-07-16T09:52:00+05:30,2024-07-16T09:52:00+05:30,DOWN,{},"{'source_path': '/Users/madhuram/tradebot-structural-edge-discovery-v3/runtime/upstox_candidate_replay.zip!upstox_candidate_replay/20240716/underlying/NIFTY_20240716.parquet', 'source_hash': '4357f109ed631802b3774c34db9c318f71742f8e99de307408af71bf00810707'}",{'completed_bar_only': True},"{'buy_ce_allowed': False, 'buy_pe_allowed': True, 'research_only': True}",992b1c6ae1c114f8b2ec5c4627b95ada383bff6b157073bbd2a28ab47958b0e2,24624.35,2024-07-16 09:51:00+05:30,36,0.0017589630861769903,50.29999999999927,0.0,112.29999999999927,7.110000000000582,7.980000000000533,0.0001947118323324846,7.839285714286234,-3.374324324326153,25.700000000000728,24.599999999998545,0.5598455598455284,0.3590733590734513,0.08108108108102034,9,0,-0.00033289285924520406,12.950000000000728,7.25,0.0,2024-07-16T09:52:00+05:30,24623.45,30,9.600000000002183,25.450000000000728,-15.349999999998545,-16.849999999998545,False,False,-1.5989583333328181
NIFTY:2024-07-16,2024-07-16,NIFTY,compression_expansion_down,2024-07-16T11:44:00+05:30,2024-07-16T11:44:00+05:30,DOWN,{},"{'source_path': '/Users/madhuram/tradebot-structural-edge-discovery-v3/runtime/upstox_candidate_replay.zip!upstox_candidate_replay/20240716/underlying/NIFTY_20240716.parquet', 'source_hash': '4357f109ed631802b3774c34db9c318f71742f8e99de307408af71bf00810707'}",{'completed_bar_only': True},"{'buy_ce_allowed': False, 'buy_pe_allowed': True, 'research_only': True}",fafe8fea3a9300be4b4379af8eca1640bf68094f6c6786569818f3b4ad0a6308,24652.15,2024-07-16 11:43:00+05:30,148,0.0028163744212198055,50.29999999999927,0.0,112.29999999999927,4.440000000000145,4.310000000000097,8.93466682928893e-05,4.324999999999948,10.557382550337934,9.099999999998545,52.400000000001455,0.8320610687019382,0.022900763359003335,0.1450381679390585,0,2,-0.00023319098544483108,6.549999999999272,5.44999999999709,0.0,2024-07-16T11:44:00+05:30,24651.6,30,20.0,2.850000000002183,11.099999999998545,9.599999999998545,True,True,0.5549999999999272
NIFTY:2024-07-16,2024-07-16,NIFTY,compression_expansion_down,2024-07-16T12:18:00+05:30,2024-07-16T12:18:00+05:30,DOWN,{},"{'source_path': '/Users/madhuram/tradebot-structural-edge-discovery-v3/runtime/upstox_candidate_replay.zip!upstox_candidate_replay/20240716/underlying/NIFTY_20240716.parquet', 'source_hash': '4357f109ed631802b3774c34db9c318f71742f8e99de307408af71bf00810707'}",{'completed_bar_only': True},"{'buy_ce_allowed': False, 'buy_pe_allowed': True, 'research_only': True}",04652e5d74c8b3ba98497d4f78c5aea2e9b85139825565692cd9bec470759bdf,24632.1,2024-07-16 12:17:00+05:30,182,0.0020782199700265444,50.29999999999927,0.0,112.29999999999927,5.400000000000728,4.936666666666619,0.00011051160070941927,4.846428571428727,-9.656830601095862,29.150000000001455,32.349999999998545,0.8166666666669092,0.1111111111111111,0.07222222222197969,0,2,-0.00026584248731176263,9.0,7.350000000002183,0.0,2024-07-16T12:18:00+05:30,24631.2,30,10.900000000001455,22.149999999997817,-18.349999999998545,-19.849999999998545,False,False,-1.683486238531752
NIFTY:2024-07-16,2024-07-16,NIFTY,compression_expansion_down,2024-07-16T12:53:00+05:30,2024-07-16T12:53:00+05:30,DOWN,{},"{'source_path': '/Users/madhuram/tradebot-structural-edge-discovery-v3/runtime/upstox_candidate_replay.zip!upstox_candidate_replay/20240716/underlying/NIFTY_20240716.parquet', 'source_hash': '4357f109ed631802b3774c34db9c318f71742f8e99de307408af71bf00810707'}",{'completed_bar_only': True},"{'buy_ce_allowed': False, 'buy_pe_allowed': True, 'research_only': True}",cbf147fc30a1b5e36d1d2ad87a0fcf671dcfda551132dfd49825f61a9c7b78a1,24645.55,2024-07-16 12:52:00+05:30,217,0.0025479546207859195,50.29999999999927,0.0,112.29999999999927,5.199999999999273,4.863333333332654,0.000101318830002451,4.860714285713714,4.590825688075711,15.700000000000728,45.79999999999927,0.7898550724641235,0.05072463768096457,0.159420289854912,0,2,-0.00017444325219018175,6.899999999997817,5.450000000000728,0.0,2024-07-16T12:53:00+05:30,24646.25,30,12.349999999998545,10.400000000001455,5.450000000000728,3.9500000000007276,True,False,0.44129554655881537
NIFTY:2024-07-16,2024-07-16,NIFTY,compression_expansion_down,2024-07-16T13:23:00+05:30,2024-07-16T13:23:00+05:30,DOWN,{},"{'source_path': '/Users/madhuram/tradebot-structural-edge-discovery-v3/runtime/upstox_candidate_replay.zip!upstox_candidate_replay/20240716/underlying/NIFTY_20240716.parquet', 'source_hash': '4357f109ed631802b3774c34db9c318f71742f8e99de307408af71bf00810707'}",{'completed_bar_only': True},"{'buy_ce_allowed': False, 'buy_pe_allowed': True, 'research_only': True}",bbeb01ce6260a61d35937c54c0980fac42ce829f4808d7a930c08104cd865ddf,24634.45,2024-07-16 13:22:00+05:30,247,0.002110755703412448,50.29999999999927,0.0,112.29999999999927,5.180000000000291,5.086666666666376,0.00012437878117252943,4.985714285713974,-7.2971774193538295,26.799999999999272,34.70000000000073,0.7483870967740996,0.23870967741916707,0.012903225806733263,0,2,-0.0002536453915675807,7.75,5.799999999999272,0.0,2024-07-16T13:23:00+05:30,24634.45,30,23.700000000000728,6.899999999997817,11.100000000002183,9.600000000002183,True,True,0.46835443037982455
NIFTY:2024-07-16,2024-07-16,NIFTY,compression_expansion_down,2024-07-16T13:39:00+05:30,2024-07-16T13:39:00+05:30,DOWN,{},"{'source_path': '/Users/madhuram/tradebot-structural-edge-discovery-v3/runtime/upstox_candidate_replay.zip!upstox_candidate_replay/20240716/underlying/NIFTY_20240716.parquet', 'source_hash': '4357f109ed631802b3774c34db9c318f71742f8e99de307408af71bf00810707'}",{'completed_bar_only': True},"{'buy_ce_allowed': False, 'buy_pe_allowed': True, 'research_only': True}",41edd37f8fb7de3e41f9424eaab321c68f8d1ee7c55e6a52924f0e517383badb,24615.45,2024-07-16 13:38:00+05:30,263,0.0017081260027614704,50.29999999999927,0.0,112.29999999999927,7.329999999999563,5.646666666666715,0.00018105494296176135,5.564285714285818,-25.661553030302457,45.79999999999927,15.700000000000728,0.9254658385092649,0.07453416149073516,0.0,0,2,-0.0005805986662470453,16.099999999998545,14.899999999997817,0.0,2024-07-16T13:39:00+05:30,24615.4,30,10.600000000002183,19.099999999998545,9.0,7.5,False,False,0.8490566037734101
NIFTY:2024-07-16,2024-07-16,NIFTY,compression_expansion_down,2024-07-16T14:34:00+05:30,2024-07-16T14:34:00+05:30,DOWN,{},"{'source_path': '/Users/madhuram/tradebot-structural-edge-discovery-v3/runtime/upstox_candidate_replay.zip!upstox_candidate_replay/20240716/underlying/NIFTY_20240716.parquet', 'source_hash': '4357f109ed631802b3774c34db9c318f71742f8e99de307408af71bf00810707'}",{'completed_bar_only': True},"{'buy_ce_allowed': False, 'buy_pe_allowed': True, 'research_only': True}",36b8d9b11c6849e54b1c4f5cdfb3127ff3d2107a67a8876e152461e8c43a33b0,24597.4,2024-07-16 14:33:00+05:30,318,0.0006425807343722906,50.29999999999927,0.0,112.29999999999927,7.439999999999418,7.446666666666473,0.00015766355885705603,7.38571428571413,-39.863636363632395,63.849999999998545,2.4500000000007276,0.581896551724211,0.20689655172397572,0.21120689655181335,7,2,-0.00024996392796960976,11.599999999998545,6.75,0.0,2024-07-16T14:34:00+05:30,24596.8,30,9.149999999997817,43.35000000000218,-41.70000000000073,-43.20000000000073,False,False,-4.557377049181494
NIFTY:2024-07-16,2024-07-16,NIFTY,compression_expansion_down,2024-07-16T14:35:00+05:30,2024-07-16T14:35:00+05:30,DOWN,{},"{'source_path': '/Users/madhuram/tradebot-structural-edge-discovery-v3/runtime/upstox_candidate_replay.zip!upstox_candidate_replay/20240716/underlying/NIFTY_20240716.parquet', 'source_hash': '4357f109ed631802b3774c34db9c318f71742f8e99de307408af71bf00810707'}",{'completed_bar_only': True},"{'buy_ce_allowed': False, 'buy_pe_allowed': True, 'research_only': True}",c2916a7d748324b3705aa396b67f59316b9a4c921e9a2575d0e19c726d80fd21,24590.5,2024-07-16 14:34:00+05:30,319,0.0003436586838889445,50.29999999999927,0.0,112.29999999999927,8.889999999999418,7.689999999999903,0.0001324734291602598,7.678571428571429,-46.61750000000029,70.75,2.0499999999992724,0.5271966527195723,0.30125523012568733,0.1715481171547404,0,2,-0.0002805174530642329,11.950000000000728,6.299999999999272,0.0,2024-07-16T14:35:00+05:30,24588.3,30,0.6499999999978172,59.70000000000073,-54.650000000001455,-56.150000000001455,False,False,-84.07692307720765
NIFTY:2024-07-18,2024-07-18,NIFTY,compression_expansion_down,2024-07-18T09:31:00+05:30,2024-07-18T09:31:00+05:30,DOWN,{},"{'source_path': '/Users/madhuram/tradebot-structural-edge-discovery-v3/runtime/upstox_candidate_replay.zip!upstox_candidate_replay/20240718/underlying/NIFTY_20240718.parquet', 'source_hash': '4357f109ed631802b3774c34db9c318f71742f8e99de307408af71bf00810707'}",{'completed_bar_only': True},"{'buy_ce_allowed': False, 'buy_pe_allowed': True, 'research_only': True}",093c917e3aa3caefb329e2671c7d26c9918fc62831a0f3918953f219cbb663f4,24527.0,2024-07-18 09:30:00+05:30,15,-0.0025466340935973524,51.650000000001455,0.0,73.59999999999854,15.180000000000291,15.109999999999854,0.00031630447555421217,14.41785714285704,-25.590625000000728,58.95000000000073,2.4500000000007276,0.4437984496124438,0.46124031007744776,0.0949612403101084,0,1,-0.0005175287391451233,25.799999999999272,11.450000000000728,0.0,2024-07-18T09:31:00+05:30,24525.6,30,10.5,133.15000000000146,-120.25,-121.75,False,False,-11.452380952380953
NIFTY:2024-07-18,2024-07-18,NIFTY,compression_expansion_down,2024-07-18T10:59:00+05:30,2024-07-18T10:59:00+05:30,DOWN,{},"{'source_path': '/Users/madhuram/tradebot-structural-edge-discovery-v3/runtime/upstox_candidate_replay.zip!upstox_candidate_replay/20240718/underlying/NIFTY_20240718.parquet', 'source_hash': '4357f109ed631802b3774c34db9c318f71742f8e99de307408af71bf00810707'}",{'completed_bar_only': True},"{'buy_ce_allowed': False, 'buy_pe_allowed': True, 'research_only': True}",f17582419de4af88e1059242ccdd8b162a7298f3c2df2743c812f6eead09fbde,24603.35,2024-07-18 10:58:00+05:30,103,0.0008515879371247924,51.650000000001455,0.0,73.59999999999854,10.529999999999564,10.116666666666667,0.0002995212223288652,10.099999999999843,-6.894711538465344,75.55000000000291,88.25,0.8329621380847729,0.08017817371935437,0.08685968819587271,0,5,-0.0007594818465562758,22.44999999999709,18.700000000000728,0.0,2024-07-18T10:59:00+05:30,24602.15,30,73.5,6.94999999999709,50.20000000000073,48.70000000000073,True,True,0.6829931972789215
NIFTY:2024-07-18,2024-07-18,NIFTY,compression_expansion_down,2024-07-18T11:13:00+05:30,2024-07-18T11:13:00+05:30,DOWN,{},"{'source_path': '/Users/madhuram/tradebot-structural-edge-discovery-v3/runtime/upstox_candidate_replay.zip!upstox_candidate_replay/20240718/underlying/NIFTY_20240718.parquet', 'source_hash': '4357f109ed631802b3774c34db9c318f71742f8e99de307408af71bf00810707'}",{'completed_bar_only': True},"{'buy_ce_allowed': False, 'buy_pe_allowed': True, 'research_only': True}",c356a7baca1d2744a15da7b99371298deeb81c0eb674e3fecdecdf64baec991c,24565.65,2024-07-18 11:12:00+05:30,117,-0.00027234554552426883,51.650000000001455,0.0,73.59999999999854,13.55,12.256666666667055,0.000432723121735281,11.528571428572052,-42.54957627118347,113.25,50.55000000000291,0.9729272419627989,0.027072758037201085,0.0,0,5,-0.0011892709464157436,29.549999999999272,28.75,0.0,2024-07-18T11:13:00+05:30,24565.2,30,60.75,1.25,30.75,29.25,True,True,0.5061728395061729
NIFTY:2024-07-18,2024-07-18,NIFTY,compression_expansion_down,2024-07-18T12:46:00+05:30,2024-07-18T12:46:00+05:30,DOWN,{},"{'source_path': '/Users/madhuram/tradebot-structural-edge-discovery-v3/runtime/upstox_candidate_replay.zip!upstox_candidate_replay/20240718/underlying/NIFTY_20240718.parquet', 'source_hash': '4357f109ed631802b3774c34db9c318f71742f8e99de307408af71bf00810707'}",{'completed_bar_only': True},"{'buy_ce_allowed': False, 'buy_pe_allowed': True, 'research_only': True}",a4c7dcb8ca0075b59495a07f7638a4ddf3bad5f012f1171396cc4628085f92ac,24629.05,2024-07-18 12:45:00+05:30,210,0.001855608082565473,51.650000000001455,0.0,73.59999999999854,10.0,9.260000000000097,0.00034035012453921196,9.074999999999948,36.70758293838662,49.85000000000218,124.59999999999854,0.9619565217390939,0.0,0.0380434782609061,0,5,-0.0007323376786720903,18.400000000001455,17.700000000000728,0.0,2024-07-18T12:46:00+05:30,24628.15,30,16.700000000000728,101.64999999999782,-75.94999999999709,-77.44999999999709,False,False,-4.547904191616394
NIFTY:2024-07-18,2024-07-18,NIFTY,compression_expansion_down,2024-07-18T12:59:00+05:30,2024-07-18T12:59:00+05:30,DOWN,{},"{'source_path': '/Users/madhuram/tradebot-structural-edge-discovery-v3/runtime/upstox_candidate_replay.zip!upstox_candidate_replay/20240718/underlying/NIFTY_20240718.parquet', 'source_hash': '4357f109ed631802b3774c34db9c318f71742f8e99de307408af71bf00810707'}",{'completed_bar_only': True},"{'buy_ce_allowed': False, 'buy_pe_allowed': True, 'research_only': True}",4afffe0eb96e06cb11528247ce236377978eca3f0c3dc4b878412c46f35d71d9,24626.7,2024-07-18 12:58:00+05:30,223,0.001073122746543913,51.650000000001455,0.0,73.59999999999854,9.830000000000291,9.113333333333381,0.00032276050858713503,8.564285714285818,32.1640625,52.20000000000073,122.25,0.05776173285192392,0.8447653429602082,0.09747292418786788,0,5,-3.857452903544001e-05,13.850000000002183,0.7999999999992724,0.0,2024-07-18T12:59:00+05:30,24626.75,30,15.299999999999272,112.20000000000073,-104.84999999999854,-106.34999999999854,False,False,-6.852941176470819
NIFTY:2024-07-18,2024-07-18,NIFTY,compression_expansion_down,2024-07-18T14:55:00+05:30,2024-07-18T14:55:00+05:30,DOWN,{},"{'source_path': '/Users/madhuram/tradebot-structural-edge-discovery-v3/runtime/upstox_candidate_replay.zip!upstox_candidate_replay/20240718/underlying/NIFTY_20240718.parquet', 'source_hash': '4357f109ed631802b3774c34db9c318f71742f8e99de307408af71bf00810707'}",{'completed_bar_only': True},"{'buy_ce_allowed': False, 'buy_pe_allowed': True, 'research_only': True}",34d41076465ac26cfe4e2ff692ee9c779f1c0982de2a94b4663ed91117e4e461,24806.65,2024-07-18 14:54:00+05:30,339,0.00926991069505034,51.650000000001455,0.0,73.59999999999854,12.890000000000146,11.796666666666715,0.00037347517832995644,12.246428571428623,157.8326470588254,31.099999999998545,302.2000000000007,0.9782608695652174,0.021739130434782608,0.0,0,16,-0.0009464300457306951,23.0,22.5,0.0,2024-07-18T14:55:00+05:30,24807.15,30,21.25,10.099999999998545,3.5,2.0,True,True,0.16470588235294117
NIFTY:2024-07-18,2024-07-18,NIFTY,compression_expansion_down,2024-07-18T15:27:00+05:30,2024-07-18T15:27:00+05:30,DOWN,{},"{'source_path': '/Users/madhuram/tradebot-structural-edge-discovery-v3/runtime/upstox_candidate_replay.zip!upstox_candidate_replay/20240718/underlying/NIFTY_20240718.parquet', 'source_hash': '4357f109ed631802b3774c34db9c318f71742f8e99de307408af71bf00810707'}",{'completed_bar_only': True},"{'buy_ce_allowed': False, 'buy_pe_allowed': True, 'research_only': True}",c4be3a0fcdde43b22a0a4ace97e8927c878ff97893a2954032e34c55eeae101b,24796.3,2024-07-18 15:26:00+05:30,371,0.008263858120165477,51.650000000001455,0.0,73.59999999999854,6.670000000000437,7.143333333333915,0.00018091168978246483,7.00000000000052,134.29072580645152,41.45000000000073,291.84999999999854,0.713656387665482,0.008810572687097588,0.2775330396474204,12,16,-0.00029632735504658836,11.349999999998545,8.100000000002183,0.0,2024-07-18T15:27:00+05:30,24796.65,30,20.700000000000728,1.5999999999985448,17.30000000000291,15.80000000000291,True,True,0.8357487922706426
NIFTY:2024-07-19,2024-07-19,NIFTY,compression_expansion_down,2024-07-19T09:39:00+05:30,2024-07-19T09:39:00+05:30,DOWN,{},"{'source_path': '/Users/madhuram/tradebot-structural-edge-discovery-v3/runtime/upstox_candidate_replay.zip!upstox_candidate_replay/20240719/underlying/NIFTY_20240719.parquet', 'source_hash': '4357f109ed631802b3774c34db9c318f71742f8e99de307408af71bf00810707'}",{'completed_bar_only': True},"{'buy_ce_allowed': False, 'buy_pe_allowed': True, 'research_only': True}",99ac7c11fb044e15e405af091a12d24a6dcf819cf971bfe93a37a01f3051518c,24752.25,2024-07-19 09:38:00+05:30,23,-0.0008333551929327371,127.04999999999927,0.0,333.2999999999993,9.05,9.730000000000048,0.00027461031661766546,9.632142857142753,-0.049999999999272404,102.54999999999927,24.5,0.455830388692584,0.3392226148409031,0.20494699646651285,19,0,-0.0002463815238090694,14.150000000001455,6.450000000000728,0.0,2024-07-19T09:39:00+05:30,24752.1,30,64.69999999999709,14.400000000001455,43.5,42.0,True,True,0.672333848531715
NIFTY:2024-07-19,2024-07-19,NIFTY,compression_expansion_down,2024-07-19T10:38:00+05:30,2024-07-19T10:38:00+05:30,DOWN,{},"{'source_path': '/Users/madhuram/tradebot-structural-edge-discovery-v3/runtime/upstox_candidate_replay.zip!upstox_candidate_replay/20240719/underlying/NIFTY_20240719.parquet', 'source_hash': '4357f109ed631802b3774c34db9c318f71742f8e99de307408af71bf00810707'}",{'completed_bar_only': True},"{'buy_ce_allowed': False, 'buy_pe_allowed': True, 'research_only': True}",9baf99e64d93ff2d25b876857c1736219a0bfc8556c65779a554b5c33ef49885,24692.35,2024-07-19 10:37:00+05:30,82,-0.002824932857399407,127.04999999999927,0.0,333.2999999999993,9.31000000000131,10.686666666666861,0.0003317671382473031,10.667857142857558,-33.23493975903693,162.45000000000073,13.94999999999709,0.9550561797751247,0.030898876404652834,0.014044943820222422,4,0,-0.000728439702391892,17.80000000000291,17.0,0.0,2024-07-19T10:38:00+05:30,24692.0,30,48.04999999999927,7.799999999999272,21.450000000000728,19.950000000000728,True,True,0.44640998959419464
NIFTY:2024-07-19,2024-07-19,NIFTY,compression_expansion_down,2024-07-19T11:01:00+05:30,2024-07-19T11:01:00+05:30,DOWN,{},"{'source_path': '/Users/madhuram/tradebot-structural-edge-discovery-v3/runtime/upstox_candidate_replay.zip!upstox_candidate_replay/20240719/underlying/NIFTY_20240719.parquet', 'source_hash': '4357f109ed631802b3774c34db9c318f71742f8e99de307408af71bf00810707'}",{'completed_bar_only': True},"{'buy_ce_allowed': False, 'buy_pe_allowed': True, 'research_only': True}",485b90485885addd13cc9bcf8088ebf966e831bad861abc2946b4145d5f6caca,24647.45,2024-07-19 11:00:00+05:30,105,-0.004915383171874939,127.04999999999927,0.0,333.2999999999993,10.109999999999854,8.866666666666667,0.00018161174237592149,8.878571428571377,-67.58962264150978,207.34999999999854,3.5,0.6558441558441543,0.11688311688308621,0.2272727272727595,0,0,-0.0004440677416215344,15.399999999997817,10.099999999998545,0.0,2024-07-19T11:01:00+05:30,24645.1,30,4.69999999999709,30.150000000001455,-23.100000000002183,-24.600000000002183,False,False,-4.914893617024784
NIFTY:2024-07-19,2024-07-19,NIFTY,compression_expansion_down,2024-07-19T11:23:00+05:30,2024-07-19T11:23:00+05:30,DOWN,{},"{'source_path': '/Users/madhuram/tradebot-structural-edge-discovery-v3/runtime/upstox_candidate_replay.zip!upstox_candidate_replay/20240719/underlying/NIFTY_20240719.parquet', 'source_hash': '4357f109ed631802b3774c34db9c318f71742f8e99de307408af71bf00810707'}",{'completed_bar_only': True},"{'buy_ce_allowed': False, 'buy_pe_allowed': True, 'research_only': True}",1f0028bfcca6c6e2c99967ef4d3ef5adc6b4d46c0b688ce9734c5c16dba2a72e,24645.55,2024-07-19 11:22:00+05:30,127,-0.005129270945363722,127.04999999999927,0.0,333.2999999999993,7.790000000000146,8.220000000000194,0.00021246084717127742,7.84285714285735,-59.66718749999927,209.25,5.149999999997817,0.4557823129253098,0.19387755102034757,0.35034013605434267,10,0,-0.0002920566671061886,14.69999999999709,6.700000000000728,0.0,2024-07-19T11:23:00+05:30,24646.25,30,24.400000000001455,29.0,15.150000000001455,13.650000000001455,False,False,0.6209016393442849
NIFTY:2024-07-19,2024-07-19,NIFTY,compression_expansion_down,2024-07-19T11:34:00+05:30,2024-07-19T11:34:00+05:30,DOWN,{},"{'source_path': '/Users/madhuram/tradebot-structural-edge-discovery-v3/runtime/upstox_candidate_replay.zip!upstox_candidate_replay/20240719/underlying/NIFTY_20240719.parquet', 'source_hash': '4357f109ed631802b3774c34db9c318f71742f8e99de307408af71bf00810707'}",{'completed_bar_only': True},"{'buy_ce_allowed': False, 'buy_pe_allowed': True, 'research_only': True}",c759a2d2f228b7543513581d001e30a626866f19e40e26c9480b4a457d54c925,24659.55,2024-07-19 11:33:00+05:30,138,-0.0042817910881439,127.04999999999927,0.0,333.2999999999993,10.100000000000728,8.846666666666957,0.0003131940143856571,8.942857142857454,-42.16043165467636,195.25,19.149999999997817,0.9681978798586091,0.03180212014139091,0.0,0,0,-0.0005937375882500984,14.150000000001455,13.700000000000728,0.0,2024-07-19T11:34:00+05:30,24658.75,30,36.900000000001455,5.099999999998545,7.700000000000728,6.200000000000728,True,True,0.2086720867208787
NIFTY:2024-07-19,2024-07-19,NIFTY,compression_expansion_down,2024-07-19T11:41:00+05:30,2024-07-19T11:41:00+05:30,DOWN,{},"{'source_path': '/Users/madhuram/tradebot-structural-edge-discovery-v3/runtime/upstox_candidate_replay.zip!upstox_candidate_replay/20240719/underlying/NIFTY_20240719.parquet', 'source_hash': '4357f109ed631802b3774c34db9c318f71742f8e99de307408af71bf00810707'}",{'completed_bar_only': True},"{'buy_ce_allowed': False, 'buy_pe_allowed': True, 'research_only': True}",7c3e44ee67f543ca19bf86915e1ee9dbdb17181300941f39368c91e198855b20,24635.35,2024-07-19 11:40:00+05:30,145,-0.0051615558923054005,127.04999999999927,0.0,333.2999999999993,8.65,8.323333333333236,0.00030120575778802913,8.392857142857142,-63.918835616441356,219.45000000000073,0.8999999999978172,0.858666666666783,0.09333333333333334,0.04799999999988359,0,0,-0.0006713478474277279,18.75,16.100000000002183,0.0,2024-07-19T11:41:00+05:30,24633.5,30,11.650000000001455,35.5,-33.75,-35.25,False,False,-2.8969957081541446
NIFTY:2024-07-19,2024-07-19,NIFTY,compression_expansion_down,2024-07-19T11:49:00+05:30,2024-07-19T11:49:00+05:30,DOWN,{},"{'source_path': '/Users/madhuram/tradebot-structural-edge-discovery-v3/runtime/upstox_candidate_replay.zip!upstox_candidate_replay/20240719/underlying/NIFTY_20240719.parquet', 'source_hash': '4357f109ed631802b3774c34db9c318f71742f8e99de307408af71bf00810707'}",{'completed_bar_only': True},"{'buy_ce_allowed': False, 'buy_pe_allowed': True, 'research_only': True}",194b98a80a82ebc09c52ac2a7e769770f9fc8f573375eda60c99c07afd6391ee,24628.75,2024-07-19 11:48:00+05:30,153,-0.005754791792359305,127.04999999999927,0.0,333.2999999999993,6.640000000000145,7.326666666666521,0.0002156601645006402,7.378571428571377,-67.26850649350672,226.04999999999927,3.25,0.6779661016949571,0.04661016949146664,0.2754237288135763,4,0,-0.00034094852691979316,11.799999999999272,8.0,0.0,2024-07-19T11:49:00+05:30,24627.3,30,5.450000000000728,46.25,-31.100000000002183,-32.60000000000218,False,False,-5.706422018348262
NIFTY:2024-07-19,2024-07-19,NIFTY,compression_expansion_down,2024-07-19T12:22:00+05:30,2024-07-19T12:22:00+05:30,DOWN,{},"{'source_path': '/Users/madhuram/tradebot-structural-edge-discovery-v3/runtime/upstox_candidate_replay.zip!upstox_candidate_replay/20240719/underlying/NIFTY_20240719.parquet', 'source_hash': '4357f109ed631802b3774c34db9c318f71742f8e99de307408af71bf00810707'}",{'completed_bar_only': True},"{'buy_ce_allowed': False, 'buy_pe_allowed': True, 'research_only': True}",f7c77bc83599d9c0bd64ad56e616a46561b0feaaef02c6262ff8a1e51fd40321,24636.0,2024-07-19 12:21:00+05:30,186,-0.005030398295354714,127.04999999999927,0.0,333.2999999999993,8.570000000000437,6.953333333333043,0.00026300815766049963,7.139285714285506,-51.725133689837094,218.79999999999927,14.150000000001455,0.9099756690996632,0.05839416058396874,0.031630170316368035,0,0,-0.0008152140849525535,20.55000000000291,18.700000000000728,0.0,2024-07-19T12:22:00+05:30,24635.7,30,24.049999999999272,11.099999999998545,6.549999999999272,5.049999999999272,True,True,0.2723492723492503
NIFTY:2024-07-22,2024-07-22,NIFTY,compression_expansion_down,2024-07-22T11:16:00+05:30,2024-07-22T11:16:00+05:30,DOWN,{},"{'source_path': '/Users/madhuram/tradebot-structural-edge-discovery-v3/runtime/upstox_candidate_replay.zip!upstox_candidate_replay/20240722/underlying/NIFTY_20240722.parquet', 'source_hash': '4357f109ed631802b3774c34db9c318f71742f8e99de307408af71bf00810707'}",{'completed_bar_only': True},"{'buy_ce_allowed': False, 'buy_pe_allowed': True, 'research_only': True}",74b69d0bfb7619799cf2138de02cc143c20e65c8921fe67c990a40eb0caabb6b,24514.75,2024-07-22 11:15:00+05:30,120,0.0002262918512509418,107.15000000000146,0.0,346.6499999999978,10.720000000001164,11.010000000000582,0.00034745797875393534,11.214285714286493,-11.817355371898884,80.45000000000073,152.45000000000073,0.779859484777506,0.10772833723648886,0.11241217798600514,5,17,-0.0007051999323334224,21.350000000002183,16.650000000001455,0.0,2024-07-22T11:16:00+05:30,24514.05,30,6.700000000000728,40.85000000000218,-39.20000000000073,-40.70000000000073,False,False,-5.85074626865619
NIFTY:2024-07-22,2024-07-22,NIFTY,compression_expansion_down,2024-07-22T13:14:00+05:30,2024-07-22T13:14:00+05:30,DOWN,{},"{'source_path': '/Users/madhuram/tradebot-structural-edge-discovery-v3/runtime/upstox_candidate_replay.zip!upstox_candidate_replay/20240722/underlying/NIFTY_20240722.parquet', 'source_hash': '4357f109ed631802b3774c34db9c318f71742f8e99de307408af71bf00810707'}",{'completed_bar_only': True},"{'buy_ce_allowed': False, 'buy_pe_allowed': True, 'research_only': True}",b4a1c474150a5aa97df73d9f70d12220703b327cb48f4debbef5354483e05a69,24485.25,2024-07-22 13:13:00+05:30,238,-0.0014596843738341088,107.15000000000146,0.0,346.6499999999978,6.699999999999273,6.4,0.00011778954365888598,6.292857142857039,-35.144142259414366,109.95000000000073,122.95000000000073,0.44239631336404756,0.4884792626728095,0.06912442396314292,0,17,-0.00017558509650028586,10.849999999998545,4.799999999999272,0.0,2024-07-22T13:14:00+05:30,24485.45,30,2.7000000000007276,46.39999999999782,-36.39999999999782,-37.89999999999782,False,False,-13.48148148147704
NIFTY:2024-07-22,2024-07-22,NIFTY,compression_expansion_down,2024-07-22T13:47:00+05:30,2024-07-22T13:47:00+05:30,DOWN,{},"{'source_path': '/Users/madhuram/tradebot-structural-edge-discovery-v3/runtime/upstox_candidate_replay.zip!upstox_candidate_replay/20240722/underlying/NIFTY_20240722.parquet', 'source_hash': '4357f109ed631802b3774c34db9c318f71742f8e99de307408af71bf00810707'}",{'completed_bar_only': True},"{'buy_ce_allowed': False, 'buy_pe_allowed': True, 'research_only': True}",6c8dc624d1e056ca1e6e15ad4f8ebb97f312a1f6cb1cb4838148e628c004177b,24521.3,2024-07-22 13:46:00+05:30,271,2.4463983919096906e-05,107.15000000000146,0.0,346.6499999999978,6.269999999998982,6.420000000000194,0.00014482768539728077,6.10357142857148,1.9139705882334965,73.90000000000146,159.0,0.572222222222384,0.15555555555531303,0.2722222222223031,15,17,-0.0001855185447191543,9.0,5.150000000001455,0.0,2024-07-22T13:47:00+05:30,24521.5,30,40.70000000000073,20.150000000001455,40.25,38.75,True,True,0.9889434889434713
NIFTY:2024-07-22,2024-07-22,NIFTY,compression_expansion_down,2024-07-22T13:58:00+05:30,2024-07-22T13:58:00+05:30,DOWN,{},"{'source_path': '/Users/madhuram/tradebot-structural-edge-discovery-v3/runtime/upstox_candidate_replay.zip!upstox_candidate_replay/20240722/underlying/NIFTY_20240722.parquet', 'source_hash': '4357f109ed631802b3774c34db9c318f71742f8e99de307408af71bf00810707'}",{'completed_bar_only': True},"{'buy_ce_allowed': False, 'buy_pe_allowed': True, 'research_only': True}",13f06e42ea68401e852c6637ff308a392d4ec37b3f7fae1599d7efe3886aa14c,24527.25,2024-07-22 13:57:00+05:30,282,0.0003119157949674101,107.15000000000146,0.0,346.6499999999978,6.090000000000873,6.030000000000291,0.0001520669315121262,6.128571428571896,7.367491166078253,67.95000000000073,164.95000000000073,0.7396449704141375,0.2603550295858625,0.0,0,17,-0.00028124063804946253,8.450000000000728,6.25,0.0,2024-07-22T13:58:00+05:30,24527.2,30,46.400000000001455,1.0,14.700000000000728,13.200000000000728,True,True,0.31681034482759196
NIFTY:2024-07-22,2024-07-22,NIFTY,compression_expansion_down,2024-07-22T14:17:00+05:30,2024-07-22T14:17:00+05:30,DOWN,{},"{'source_path': '/Users/madhuram/tradebot-structural-edge-discovery-v3/runtime/upstox_candidate_replay.zip!upstox_candidate_replay/20240722/underlying/NIFTY_20240722.parquet', 'source_hash': '4357f109ed631802b3774c34db9c318f71742f8e99de307408af71bf00810707'}",{'completed_bar_only': True},"{'buy_ce_allowed': False, 'buy_pe_allowed': True, 'research_only': True}",2f269a42c4107ac20ff9d749e14dd5a3c6dbd21db66fca2f68cb851eda738063,24484.9,2024-07-22 14:16:00+05:30,301,-0.0012354311879098695,107.15000000000146,0.0,346.6499999999978,8.480000000001018,9.173333333333964,0.00028537121242156144,9.292857142857818,-34.16142384105842,110.29999999999927,122.60000000000218,0.67192429022059,0.242902208201997,0.08517350157741305,4,17,-0.00043681314195187504,15.850000000002183,10.649999999997817,0.0,2024-07-22T14:17:00+05:30,24484.1,30,3.2999999999992724,37.650000000001455,-17.350000000002183,-18.850000000002183,False,False,-5.257575757577579
NIFTY:2024-07-22,2024-07-22,NIFTY,compression_expansion_down,2024-07-22T15:17:00+05:30,2024-07-22T15:17:00+05:30,DOWN,{},"{'source_path': '/Users/madhuram/tradebot-structural-edge-discovery-v3/runtime/upstox_candidate_replay.zip!upstox_candidate_replay/20240722/underlying/NIFTY_20240722.parquet', 'source_hash': '4357f109ed631802b3774c34db9c318f71742f8e99de307408af71bf00810707'}",{'completed_bar_only': True},"{'buy_ce_allowed': False, 'buy_pe_allowed': True, 'research_only': True}",b92ae4445ec56fb3b4e012520802d766c35967ef77c5200e960d6c91a14b9bf4,24509.95,2024-07-22 15:16:00+05:30,361,-0.00030579979898759884,107.15000000000146,0.0,346.6499999999978,7.239999999999418,6.89333333333343,0.00018376566917162866,6.882142857143013,-7.0570441988966195,85.25,147.65000000000146,0.8235294117647268,0.0,0.17647058823527315,0,17,-0.00032833020637890176,10.19999999999709,8.399999999997817,0.0,2024-07-22T15:17:00+05:30,24509.6,30,4.899999999997817,11.200000000000728,-6.30000000000291,-7.80000000000291,False,False,-1.2857142857154524
NIFTY:2024-07-23,2024-07-23,NIFTY,compression_expansion_down,2024-07-23T09:42:00+05:30,2024-07-23T09:42:00+05:30,DOWN,{},"{'source_path': '/Users/madhuram/tradebot-structural-edge-discovery-v3/runtime/upstox_candidate_replay.zip!upstox_candidate_replay/20240723/underlying/NIFTY_20240723.parquet', 'source_hash': '4357f109ed631802b3774c34db9c318f71742f8e99de307408af71bf00810707'}",{'completed_bar_only': True},"{'buy_ce_allowed': False, 'buy_pe_allowed': True, 'research_only': True}",a9d6f5009ad38cc101e9e5a9c4aa1a3004da6a1f87933cb53b89ec2402c86733,24482.55,2024-07-23 09:41:00+05:30,26,-0.00012236956424198172,79.95000000000073,0.0,232.90000000000146,17.220000000001164,14.313333333333624,0.0004731697718455054,14.28214285714317,-45.39074074074233,100.0,1.0999999999985448,0.9650238473768357,0.0,0.03497615262316437,0,0,-0.0012014523498694585,31.450000000000728,30.350000000002183,0.0,2024-07-23T09:42:00+05:30,24482.15,30,36.55000000000291,32.29999999999927,29.100000000002183,27.600000000002183,True,True,0.7961696306429512
NIFTY:2024-07-23,2024-07-23,NIFTY,compression_expansion_down,2024-07-23T10:00:00+05:30,2024-07-23T10:00:00+05:30,DOWN,{},"{'source_path': '/Users/madhuram/tradebot-structural-edge-discovery-v3/runtime/upstox_candidate_replay.zip!upstox_candidate_replay/20240723/underlying/NIFTY_20240723.parquet', 'source_hash': '4357f109ed631802b3774c34db9c318f71742f8e99de307408af71bf00810707'}",{'completed_bar_only': True},"{'buy_ce_allowed': False, 'buy_pe_allowed': True, 'research_only': True}",54ce8aacf02eb643e6c85011c3352060ff9f22db95b6752d787645831e784f3b,24487.0,2024-07-23 09:59:00+05:30,44,-0.0009544826010875169,79.95000000000073,0.0,232.90000000000146,12.150000000000727,12.66000000000034,0.0003482587618528198,12.414285714285922,-29.03555555555795,95.54999999999927,19.549999999999272,0.2989130434782372,0.0,0.7010869565217628,13,0,-0.0003245566943390621,18.400000000001455,5.5,0.0,2024-07-23T10:00:00+05:30,24485.75,30,62.0,4.200000000000728,39.29999999999927,37.79999999999927,True,True,0.6338709677419238
NIFTY:2024-07-23,2024-07-23,NIFTY,compression_expansion_down,2024-07-23T10:50:00+05:30,2024-07-23T10:50:00+05:30,DOWN,{},"{'source_path': '/Users/madhuram/tradebot-structural-edge-discovery-v3/runtime/upstox_candidate_replay.zip!upstox_candidate_replay/20240723/underlying/NIFTY_20240723.parquet', 'source_hash': '4357f109ed631802b3774c34db9c318f71742f8e99de307408af71bf00810707'}",{'completed_bar_only': True},"{'buy_ce_allowed': False, 'buy_pe_allowed': True, 'research_only': True}",36f94902033f1d3b5a833088080bf09d8f2d83a1f584425d65f7e2e00191e1ab,24451.25,2024-07-23 10:49:00+05:30,94,-0.0024596282412639513,79.95000000000073,0.0,232.90000000000146,7.71000000000131,8.873333333333964,0.00020919652202598535,8.928571428571948,-33.472631578944856,131.29999999999927,27.5,0.34523809523791993,0.06349206349228348,0.5912698412697965,11,0,-0.00019627045250558695,12.600000000002183,4.349999999998545,0.0,2024-07-23T10:50:00+05:30,24451.45,30,71.15000000000146,101.04999999999927,-35.79999999999927,-37.29999999999927,False,False,-0.5031623330990659
NIFTY:2024-07-23,2024-07-23,NIFTY,compression_expansion_down,2024-07-23T11:17:00+05:30,2024-07-23T11:17:00+05:30,DOWN,{},"{'source_path': '/Users/madhuram/tradebot-structural-edge-discovery-v3/runtime/upstox_candidate_replay.zip!upstox_candidate_replay/20240723/underlying/NIFTY_20240723.parquet', 'source_hash': '4357f109ed631802b3774c34db9c318f71742f8e99de307408af71bf00810707'}",{'completed_bar_only': True},"{'buy_ce_allowed': False, 'buy_pe_allowed': True, 'research_only': True}",e8fad86bbd10335800fbafea32c44ee90f0de4d347515ded4a43e830a924f0b8,24476.85,2024-07-23 11:16:00+05:30,121,0.0008810608625422091,79.95000000000073,0.0,232.90000000000146,22.170000000001163,17.176666666666765,0.0007546839792207813,17.196428571428573,-11.725000000002183,105.70000000000073,53.099999999998545,0.9106606606606527,0.058558558558578486,0.030780780780768846,0,0,-0.002465628928959296,66.60000000000218,60.650000000001455,0.0,2024-07-23T11:17:00+05:30,24479.05,30,98.75,39.60000000000218,-0.1500000000014552,-1.6500000000014552,True,True,-0.001518987341786888
NIFTY:2024-07-23,2024-07-23,NIFTY,compression_expansion_down,2024-07-23T11:35:00+05:30,2024-07-23T11:35:00+05:30,DOWN,{},"{'source_path': '/Users/madhuram/tradebot-structural-edge-discovery-v3/runtime/upstox_candidate_replay.zip!upstox_candidate_replay/20240723/underlying/NIFTY_20240723.parquet', 'source_hash': '4357f109ed631802b3774c34db9c318f71742f8e99de307408af71bf00810707'}",{'completed_bar_only': True},"{'buy_ce_allowed': False, 'buy_pe_allowed': True, 'research_only': True}",51b0d17b4e86d77143edd7c0914bfd0a4869b2e1ab74fdb7be3c6d7211fd6b6b,24479.75,2024-07-23 11:34:00+05:30,139,-0.0013175123083387886,79.95000000000073,0.0,232.90000000000146,16.38000000000029,19.923333333333236,0.0004770452421876541,19.257142857142753,-8.612857142856228,102.79999999999927,99.45000000000073,0.13749999999994802,0.31428571428581825,0.5482142857142337,12,0,-0.00011028308032901002,28.0,3.849999999998545,0.0,2024-07-23T11:35:00+05:30,24479.25,30,49.75,21.299999999999272,30.299999999999272,28.799999999999272,True,True,0.6090452261306386
NIFTY:2024-07-23,2024-07-23,NIFTY,compression_expansion_down,2024-07-23T11:36:00+05:30,2024-07-23T11:36:00+05:30,DOWN,{},"{'source_path': '/Users/madhuram/tradebot-structural-edge-discovery-v3/runtime/upstox_candidate_replay.zip!upstox_candidate_replay/20240723/underlying/NIFTY_20240723.parquet', 'source_hash': '4357f109ed631802b3774c34db9c318f71742f8e99de307408af71bf00810707'}",{'completed_bar_only': True},"{'buy_ce_allowed': False, 'buy_pe_allowed': True, 'research_only': True}",ad73ae2f3ca1fdbcfa5dab36bc458dff082ee4b07cb590d2fd8bdb618a60a16d,24466.75,2024-07-23 11:35:00+05:30,140,-0.0014949481764896027,79.95000000000073,0.0,232.90000000000146,20.06000000000058,19.896666666666714,0.0004663508818718035,19.782142857142908,-21.45957446808461,115.79999999999927,86.45000000000073,0.43327556325819944,0.15251299826693665,0.4142114384748639,0,0,-0.0005310511749506697,28.850000000002183,12.5,0.0,2024-07-23T11:36:00+05:30,24466.5,30,37.0,34.04999999999927,16.849999999998545,15.349999999998545,True,True,0.45540540540536606
NIFTY:2024-07-23,2024-07-23,NIFTY,compression_expansion_down,2024-07-23T12:18:00+05:30,2024-07-23T12:18:00+05:30,DOWN,{},"{'source_path': '/Users/madhuram/tradebot-structural-edge-discovery-v3/runtime/upstox_candidate_replay.zip!upstox_candidate_replay/20240723/underlying/NIFTY_20240723.parquet', 'source_hash': '4357f109ed631802b3774c34db9c318f71742f8e99de307408af71bf00810707'}",{'completed_bar_only': True},"{'buy_ce_allowed': False, 'buy_pe_allowed': True, 'research_only': True}",32e53d141684d6f1254a1dd3024c371c45bbebdc674e93f2d624792ea3701d59,24382.25,2024-07-23 12:17:00+05:30,182,-0.0019069257094375485,79.95000000000073,0.0,232.90000000000146,30.48000000000102,21.77666666666652,0.0010824485090279153,22.482142857142858,-101.26475409836348,200.29999999999927,8.950000000000728,0.8800000000000148,0.029367088607572832,0.09063291139241243,0,0,-0.0035575190136211132,98.75,86.90000000000146,0.0,2024-07-23T12:18:00+05:30,24383.65,30,309.4500000000007,38.599999999998545,77.60000000000218,76.10000000000218,True,True,0.25076749070932947
NIFTY:2024-07-23,2024-07-23,NIFTY,compression_expansion_down,2024-07-23T13:14:00+05:30,2024-07-23T13:14:00+05:30,DOWN,{},"{'source_path': '/Users/madhuram/tradebot-structural-edge-discovery-v3/runtime/upstox_candidate_replay.zip!upstox_candidate_replay/20240723/underlying/NIFTY_20240723.parquet', 'source_hash': '4357f109ed631802b3774c34db9c318f71742f8e99de307408af71bf00810707'}",{'completed_bar_only': True},"{'buy_ce_allowed': False, 'buy_pe_allowed': True, 'research_only': True}",e78cbe1f9668da937198ae4b81c3f6755f0886c8b255dca5b0fab7d128c13b9e,24300.35,2024-07-23 13:13:00+05:30,238,-0.006909801394197294,79.95000000000073,0.0,232.90000000000146,23.620000000000438,21.729999999999805,0.0006392228678735706,22.07142857142831,-141.03556485355875,282.2000000000007,226.14999999999782,1.0,0.0,0.0,0,0,-0.0019057985152023393,46.150000000001455,46.150000000001455,0.0,2024-07-23T13:14:00+05:30,24299.85,30,22.549999999999272,61.900000000001455,-42.30000000000291,-43.80000000000291,False,False,-1.8758314855877727
NIFTY:2024-07-24,2024-07-24,NIFTY,compression_expansion_down,2024-07-24T10:28:00+05:30,2024-07-24T10:28:00+05:30,DOWN,{},"{'source_path': '/Users/madhuram/tradebot-structural-edge-discovery-v3/runtime/upstox_candidate_replay.zip!upstox_candidate_replay/20240724/underlying/NIFTY_20240724.parquet', 'source_hash': '4357f109ed631802b3774c34db9c318f71742f8e99de307408af71bf00810707'}",{'completed_bar_only': True},"{'buy_ce_allowed': False, 'buy_pe_allowed': True, 'research_only': True}",7515bb58351d1bd9fbfe4511d0ca83caf39c225af5b86e784d6fdf34ef23daa0,24431.65,2024-07-24 10:27:00+05:30,72,-0.001156215783366954,81.40000000000146,0.0,508.34999999999854,12.119999999998253,11.413333333332412,0.000436457601165052,11.778571428570492,-13.369178082190047,72.59999999999854,58.20000000000073,0.7796208530804846,0.0,0.22037914691951543,0,1,-0.0006646787658654008,21.099999999998545,16.44999999999709,0.0,2024-07-24T10:28:00+05:30,24431.8,30,34.54999999999927,60.29999999999927,-20.150000000001455,-21.650000000001455,False,False,-0.5832127351664799
NIFTY:2024-07-24,2024-07-24,NIFTY,compression_expansion_down,2024-07-24T12:07:00+05:30,2024-07-24T12:07:00+05:30,DOWN,{},"{'source_path': '/Users/madhuram/tradebot-structural-edge-discovery-v3/runtime/upstox_candidate_replay.zip!upstox_candidate_replay/20240724/underlying/NIFTY_20240724.parquet', 'source_hash': '4357f109ed631802b3774c34db9c318f71742f8e99de307408af71bf00810707'}",{'completed_bar_only': True},"{'buy_ce_allowed': False, 'buy_pe_allowed': True, 'research_only': True}",5ad0daaf774f675f9cec33309287f117e1e3cc298bfcbfc335ce8a8a0fbb8144,24392.5,2024-07-24 12:06:00+05:30,171,-0.0030396626954944947,81.40000000000146,0.0,508.34999999999854,9.389999999999418,8.666666666666181,0.00022157949648915197,8.91785714285652,-44.058720930232084,111.75,19.049999999999272,0.7509881422926197,0.10671936758883618,0.1422924901185441,0,1,-0.0004077459435425368,12.649999999997817,9.5,0.0,2024-07-24T12:07:00+05:30,24392.85,30,85.59999999999854,1.75,72.04999999999927,70.54999999999927,True,True,0.8417056074766414
NIFTY:2024-07-24,2024-07-24,NIFTY,compression_expansion_down,2024-07-24T12:17:00+05:30,2024-07-24T12:17:00+05:30,DOWN,{},"{'source_path': '/Users/madhuram/tradebot-structural-edge-discovery-v3/runtime/upstox_candidate_replay.zip!upstox_candidate_replay/20240724/underlying/NIFTY_20240724.parquet', 'source_hash': '4357f109ed631802b3774c34db9c318f71742f8e99de307408af71bf00810707'}",{'completed_bar_only': True},"{'buy_ce_allowed': False, 'buy_pe_allowed': True, 'research_only': True}",e62c64a2f0c257dd943550c8c1634b363432f18cf13f9afcbfe29b877ac264d7,24355.5,2024-07-24 12:16:00+05:30,181,-0.004281675409782603,81.40000000000146,0.0,508.34999999999854,10.990000000000146,12.073333333333236,0.00044025278728283547,12.235714285714234,-77.77280219780368,148.75,0.049999999999272404,0.825641025640951,0.17179487179498373,0.0025641025640652515,4,1,-0.0006831567998720756,19.5,16.099999999998545,0.0,2024-07-24T12:17:00+05:30,24355.65,30,48.400000000001455,2.5,23.850000000002183,22.350000000002183,True,True,0.4927685950413526
NIFTY:2024-07-24,2024-07-24,NIFTY,compression_expansion_down,2024-07-24T12:18:00+05:30,2024-07-24T12:18:00+05:30,DOWN,{},"{'source_path': '/Users/madhuram/tradebot-structural-edge-discovery-v3/runtime/upstox_candidate_replay.zip!upstox_candidate_replay/20240724/underlying/NIFTY_20240724.parquet', 'source_hash': '4357f109ed631802b3774c34db9c318f71742f8e99de307408af71bf00810707'}",{'completed_bar_only': True},"{'buy_ce_allowed': False, 'buy_pe_allowed': True, 'research_only': True}",1aa4009453b954450ea9f5d943a0cf890cd31f9b213cd4cd266aea546a0cb2f9,24339.85,2024-07-24 12:17:00+05:30,182,-0.004933323527969799,81.40000000000146,0.0,508.34999999999854,13.240000000000146,12.803333333333285,0.0004591885209591311,13.071428571428571,-92.9122950819692,164.40000000000146,2.4499999999970896,0.7614457831326704,0.12048192771084337,0.11807228915648625,0,1,-0.0006425653343188342,20.75,15.80000000000291,0.0,2024-07-24T12:18:00+05:30,24340.3,30,33.04999999999927,10.200000000000728,1.1499999999978172,-0.3500000000021828,True,True,0.03479576399388328
NIFTY:2024-07-24,2024-07-24,NIFTY,compression_expansion_down,2024-07-24T13:56:00+05:30,2024-07-24T13:56:00+05:30,DOWN,{},"{'source_path': '/Users/madhuram/tradebot-structural-edge-discovery-v3/runtime/upstox_candidate_replay.zip!upstox_candidate_replay/20240724/underlying/NIFTY_20240724.parquet', 'source_hash': '4357f109ed631802b3774c34db9c318f71742f8e99de307408af71bf00810707'}",{'completed_bar_only': True},"{'buy_ce_allowed': False, 'buy_pe_allowed': True, 'research_only': True}",43ef0fb034402479594c9c61a2f801dd0a534bad362cd1b7b0f07a7dd9fb3a24,24336.7,2024-07-24 13:55:00+05:30,280,-0.004986435913778288,81.40000000000146,0.0,508.34999999999854,9.15,9.629999999999564,0.0002904433251980507,9.1892857142853,-64.4085409252657,167.54999999999927,29.450000000000728,0.8737623762374842,0.10643564356442464,0.019801980198091127,11,1,-0.000693942579331086,20.200000000000728,17.649999999997817,0.0,2024-07-24T13:56:00+05:30,24334.2,30,23.700000000000728,36.599999999998545,-27.700000000000728,-29.200000000000728,False,False,-1.1687763713080117
NIFTY:2024-07-24,2024-07-24,NIFTY,compression_expansion_down,2024-07-24T13:57:00+05:30,2024-07-24T13:57:00+05:30,DOWN,{},"{'source_path': '/Users/madhuram/tradebot-structural-edge-discovery-v3/runtime/upstox_candidate_replay.zip!upstox_candidate_replay/20240724/underlying/NIFTY_20240724.parquet', 'source_hash': '4357f109ed631802b3774c34db9c318f71742f8e99de307408af71bf00810707'}",{'completed_bar_only': True},"{'buy_ce_allowed': False, 'buy_pe_allowed': True, 'research_only': True}",9f590a38f0517fedb0b1762f90726c04489943c68faf173db9399dce167dbedb,24327.3,2024-07-24 13:56:00+05:30,281,-0.005809677893807943,81.40000000000146,0.0,508.34999999999854,10.139999999999418,9.469999999999466,0.00027278771519999176,9.332142857142182,-73.54680851063677,176.95000000000073,20.049999999999272,0.5149253731345208,0.45895522388050886,0.026119402984970286,0,1,-0.00038624793008101843,13.399999999997817,6.900000000001455,0.0,2024-07-24T13:57:00+05:30,24326.75,30,16.25,44.04999999999927,-34.79999999999927,-36.29999999999927,False,False,-2.141538461538417
NIFTY:2024-07-24,2024-07-24,NIFTY,compression_expansion_down,2024-07-24T14:42:00+05:30,2024-07-24T14:42:00+05:30,DOWN,{},"{'source_path': '/Users/madhuram/tradebot-structural-edge-discovery-v3/runtime/upstox_candidate_replay.zip!upstox_candidate_replay/20240724/underlying/NIFTY_20240724.parquet', 'source_hash': '4357f109ed631802b3774c34db9c318f71742f8e99de307408af71bf00810707'}",{'completed_bar_only': True},"{'buy_ce_allowed': False, 'buy_pe_allowed': True, 'research_only': True}",e9922a346218d756f9929ef026001de75fcadc3c94e3c5dbb4b0d8047af571cf,24432.75,2024-07-24 14:41:00+05:30,326,-0.001131702374532232,81.40000000000146,0.0,508.34999999999854,14.580000000001018,15.006666666667055,0.0005368150627434136,15.600000000000364,37.827064220182365,71.5,125.5,0.7523584905660462,0.24764150943395377,0.0,7,1,-0.0005910697339572835,21.200000000000728,15.950000000000728,0.0,2024-07-24T14:42:00+05:30,24433.55,30,53.29999999999927,18.450000000000728,34.54999999999927,33.04999999999927,True,True,0.6482176360225093
NIFTY:2024-07-25,2024-07-25,NIFTY,compression_expansion_down,2024-07-25T09:36:00+05:30,2024-07-25T09:36:00+05:30,DOWN,{},"{'source_path': '/Users/madhuram/tradebot-structural-edge-discovery-v3/runtime/upstox_candidate_replay.zip!upstox_candidate_replay/20240725/underlying/NIFTY_20240725.parquet', 'source_hash': '4357f109ed631802b3774c34db9c318f71742f8e99de307408af71bf00810707'}",{'completed_bar_only': True},"{'buy_ce_allowed': False, 'buy_pe_allowed': True, 'research_only': True}",7163f0af0fe06f93759f7c349fafde83bc597ac0cedbb2edd29dcf782f093934,24254.55,2024-07-25 09:35:00+05:30,20,-0.007274393561875423,65.65000000000146,0.0,197.0,12.059999999999855,15.993333333333673,0.00039818643537691364,15.617857142857506,9.180952380953386,21.900000000001455,43.75,0.3422939068099919,0.209677419354906,0.4480286738351021,16,0,-0.00043684048934389264,27.900000000001455,9.549999999999272,0.0,2024-07-25T09:36:00+05:30,24254.95,30,9.799999999999272,48.04999999999927,-44.599999999998545,-46.099999999998545,False,False,-4.551020408163454
NIFTY:2024-07-25,2024-07-25,NIFTY,compression_expansion_down,2024-07-25T09:47:00+05:30,2024-07-25T09:47:00+05:30,DOWN,{},"{'source_path': '/Users/madhuram/tradebot-structural-edge-discovery-v3/runtime/upstox_candidate_replay.zip!upstox_candidate_replay/20240725/underlying/NIFTY_20240725.parquet', 'source_hash': '4357f109ed631802b3774c34db9c318f71742f8e99de307408af71bf00810707'}",{'completed_bar_only': True},"{'buy_ce_allowed': False, 'buy_pe_allowed': True, 'research_only': True}",8908440597b7141aa3ec13330fa54ae6ff499e9dac9208eef9a97070b1fee323,24246.85,2024-07-25 09:46:00+05:30,31,-0.006711835004643784,65.65000000000146,0.0,197.0,16.860000000000582,14.650000000000242,0.0005190678307241211,15.25000000000026,-9.670312500002183,53.25,36.04999999999927,0.9295352323838486,0.019490254872608203,0.05097451274354314,0,1,-0.0012727703349775243,33.349999999998545,31.0,0.0,2024-07-25T09:47:00+05:30,24248.4,30,0.10000000000218279,59.5,-43.849999999998545,-45.349999999998545,False,False,-438.4999999904139
NIFTY:2024-07-25,2024-07-25,NIFTY,compression_expansion_down,2024-07-25T10:18:00+05:30,2024-07-25T10:18:00+05:30,DOWN,{},"{'source_path': '/Users/madhuram/tradebot-structural-edge-discovery-v3/runtime/upstox_candidate_replay.zip!upstox_candidate_replay/20240725/underlying/NIFTY_20240725.parquet', 'source_hash': '4357f109ed631802b3774c34db9c318f71742f8e99de307408af71bf00810707'}",{'completed_bar_only': True},"{'buy_ce_allowed': False, 'buy_pe_allowed': True, 'research_only': True}",838ba46ce691aa1d7458d8851b67f6ee6b9d0880c2b315a3b2e77dc4b246d26e,24292.25,2024-07-25 10:17:00+05:30,62,-0.005776964965898752,65.65000000000146,0.0,197.0,9.730000000000292,10.260000000000582,0.0002766374017308115,9.775000000000675,23.17460317460427,15.650000000001455,81.45000000000073,0.5200000000000448,0.009230769230634905,0.4707692307693203,10,4,-0.00030864515067030585,16.25,8.450000000000728,0.0,2024-07-25T10:18:00+05:30,24292.05,30,21.200000000000728,35.150000000001455,-15.799999999999272,-17.299999999999272,False,False,-0.7452830188678646
NIFTY:2024-07-25,2024-07-25,NIFTY,compression_expansion_down,2024-07-25T11:20:00+05:30,2024-07-25T11:20:00+05:30,DOWN,{},"{'source_path': '/Users/madhuram/tradebot-structural-edge-discovery-v3/runtime/upstox_candidate_replay.zip!upstox_candidate_replay/20240725/underlying/NIFTY_20240725.parquet', 'source_hash': '4357f109ed631802b3774c34db9c318f71742f8e99de307408af71bf00810707'}",{'completed_bar_only': True},"{'buy_ce_allowed': False, 'buy_pe_allowed': True, 'research_only': True}",32bd95a44f71967f33411edd1b1bbf7e7a974276cef466b91cc06c5e6e7199a3,24299.45,2024-07-25 11:19:00+05:30,124,-0.0049280129613491885,65.65000000000146,0.0,197.0,10.310000000000581,8.200000000000484,0.000276919887081871,8.171428571429194,11.21639999999752,33.0,88.65000000000146,0.8349146110056235,0.0,0.16508538899437655,0,6,-0.0008696331504978172,26.350000000002183,22.0,0.0,2024-07-25T11:20:00+05:30,24295.45,30,0.0,59.29999999999927,-54.349999999998545,-55.849999999998545,False,False,0.0
NIFTY:2024-07-25,2024-07-25,NIFTY,compression_expansion_down,2024-07-25T11:52:00+05:30,2024-07-25T11:52:00+05:30,DOWN,{},"{'source_path': '/Users/madhuram/tradebot-structural-edge-discovery-v3/runtime/upstox_candidate_replay.zip!upstox_candidate_replay/20240725/underlying/NIFTY_20240725.parquet', 'source_hash': '4357f109ed631802b3774c34db9c318f71742f8e99de307408af71bf00810707'}",{'completed_bar_only': True},"{'buy_ce_allowed': False, 'buy_pe_allowed': True, 'research_only': True}",771e64cd39b1579b5137a287a2a9fa13b9be39e19093f043a2f07e35453eb1da,24344.95,2024-07-25 11:51:00+05:30,156,-0.003776302169635049,65.65000000000146,0.0,197.0,8.509999999999128,7.4166666666664245,0.00017292737790413728,7.482142857142597,47.5366242038217,9.799999999999272,134.15000000000146,0.43661971830974367,0.300469483568205,0.2629107981220513,0,10,-0.00019918028074150662,10.649999999997817,4.649999999997817,0.0,2024-07-25T11:52:00+05:30,24345.4,30,1.9000000000014552,33.0,-21.899999999997817,-23.399999999997817,False,False,-11.526315789463707
NIFTY:2024-07-25,2024-07-25,NIFTY,compression_expansion_down,2024-07-25T12:01:00+05:30,2024-07-25T12:01:00+05:30,DOWN,{},"{'source_path': '/Users/madhuram/tradebot-structural-edge-discovery-v3/runtime/upstox_candidate_replay.zip!upstox_candidate_replay/20240725/underlying/NIFTY_20240725.parquet', 'source_hash': '4357f109ed631802b3774c34db9c318f71742f8e99de307408af71bf00810707'}",{'completed_bar_only': True},"{'buy_ce_allowed': False, 'buy_pe_allowed': True, 'research_only': True}",155de71b09c088c744c4c8523d14069f3645cefa0a7ba61025f70d77ee9eb119,24354.15,2024-07-25 12:00:00+05:30,165,-0.0034571780426235275,65.65000000000146,0.0,197.0,7.259999999999854,7.153333333333042,0.00017336082165543182,7.432142857142545,53.50210843373861,12.349999999998545,143.35000000000218,0.3233830845771378,0.3432835820892875,0.3333333333335747,0,10,-0.00016626844348099912,10.049999999999272,3.25,0.0,2024-07-25T12:01:00+05:30,24353.6,30,7.849999999998545,25.600000000002183,-19.900000000001455,-21.400000000001455,False,False,-2.5350318471344133
NIFTY:2024-07-25,2024-07-25,NIFTY,compression_expansion_down,2024-07-25T13:05:00+05:30,2024-07-25T13:05:00+05:30,DOWN,{},"{'source_path': '/Users/madhuram/tradebot-structural-edge-discovery-v3/runtime/upstox_candidate_replay.zip!upstox_candidate_replay/20240725/underlying/NIFTY_20240725.parquet', 'source_hash': '4357f109ed631802b3774c34db9c318f71742f8e99de307408af71bf00810707'}",{'completed_bar_only': True},"{'buy_ce_allowed': False, 'buy_pe_allowed': True, 'research_only': True}",021cdc01d85d605dde576d51de19d751b1c4248a9fa66c29d24fcd0eabeee78f,24384.9,2024-07-25 13:04:00+05:30,229,-0.001912699094587573,65.65000000000146,0.0,197.0,6.81000000000131,6.930000000000049,0.00018636637747805645,7.153571428571532,64.54173913043633,13.0,174.10000000000218,0.8913043478260869,0.004347826086893253,0.10434782608701978,13,17,-0.00036074888188342147,11.5,10.25,0.0,2024-07-25T13:05:00+05:30,24384.15,30,16.350000000002183,12.799999999999272,5.700000000000728,4.200000000000728,True,False,0.34862385321100714
NIFTY:2024-07-25,2024-07-25,NIFTY,compression_expansion_down,2024-07-25T13:23:00+05:30,2024-07-25T13:23:00+05:30,DOWN,{},"{'source_path': '/Users/madhuram/tradebot-structural-edge-discovery-v3/runtime/upstox_candidate_replay.zip!upstox_candidate_replay/20240725/underlying/NIFTY_20240725.parquet', 'source_hash': '4357f109ed631802b3774c34db9c318f71742f8e99de307408af71bf00810707'}",{'completed_bar_only': True},"{'buy_ce_allowed': False, 'buy_pe_allowed': True, 'research_only': True}",eb2ca58a6ad7001a7e7f9707ce095a1eaf7e422c68490684bc696828a5dfa667,24390.45,2024-07-25 13:22:00+05:30,247,-0.0019454297742811692,65.65000000000146,0.0,197.0,5.6599999999998545,6.2500000000002425,0.00017519629924060424,6.328571428571585,65.05987903225832,7.450000000000728,179.65000000000146,0.4126984126983088,0.15873015873020763,0.42857142857148356,5,17,-0.00020085795038804477,9.44999999999709,3.899999999997817,0.0,2024-07-25T13:23:00+05:30,24390.05,30,29.0,6.900000000001455,16.099999999998545,14.599999999998545,True,True,0.5551724137930533
NIFTY:2024-07-26,2024-07-26,NIFTY,compression_expansion_down,2024-07-26T09:31:00+05:30,2024-07-26T09:31:00+05:30,DOWN,{},"{'source_path': '/Users/madhuram/tradebot-structural-edge-discovery-v3/runtime/upstox_candidate_replay.zip!upstox_candidate_replay/20240726/underlying/NIFTY_20240726.parquet', 'source_hash': '4357f109ed631802b3774c34db9c318f71742f8e99de307408af71bf00810707'}",{'completed_bar_only': True},"{'buy_ce_allowed': False, 'buy_pe_allowed': True, 'research_only': True}",d6e6f91efa800713b7d911e1323340c151a0015fd5257d6a3d05bce6350eb6d8,24470.9,2024-07-26 09:30:00+05:30,15,0.0025660454638542474,81.79999999999927,0.0,215.35000000000218,11.390000000000146,12.663333333333867,0.0003149121664912834,12.317857142857715,-2.4968749999970896,21.799999999999272,60.0,0.334987593052085,0.22332506203472333,0.44168734491319167,11,1,-0.00025738238033756744,20.150000000001455,6.75,0.0,2024-07-26T09:31:00+05:30,24470.15,30,1.0,120.75,-113.25,-114.75,False,False,-113.25
NIFTY:2024-07-26,2024-07-26,NIFTY,compression_expansion_down,2024-07-26T10:46:00+05:30,2024-07-26T10:46:00+05:30,DOWN,{},"{'source_path': '/Users/madhuram/tradebot-structural-edge-discovery-v3/runtime/upstox_candidate_replay.zip!upstox_candidate_replay/20240726/underlying/NIFTY_20240726.parquet', 'source_hash': '4357f109ed631802b3774c34db9c318f71742f8e99de307408af71bf00810707'}",{'completed_bar_only': True},"{'buy_ce_allowed': False, 'buy_pe_allowed': True, 'research_only': True}",a1df892572c5d242b6f3d21d8ea7ae95c9590a7e81e488bde68083b619bf5d5c,24591.6,2024-07-26 10:45:00+05:30,90,0.0075383985254965915,81.79999999999927,0.0,215.35000000000218,6.320000000001164,6.2466666666664725,0.0001563098931588743,6.089285714285714,45.13186813186621,18.55000000000291,180.6999999999971,0.7412935323381662,0.10945273631859345,0.14925373134324035,0,7,-0.0002987932411749883,10.05000000000291,7.450000000000728,0.0,2024-07-26T10:46:00+05:30,24591.85,30,0.75,62.60000000000218,-56.650000000001455,-58.150000000001455,False,False,-75.53333333333528
NIFTY:2024-07-26,2024-07-26,NIFTY,compression_expansion_down,2024-07-26T12:57:00+05:30,2024-07-26T12:57:00+05:30,DOWN,{},"{'source_path': '/Users/madhuram/tradebot-structural-edge-discovery-v3/runtime/upstox_candidate_replay.zip!upstox_candidate_replay/20240726/underlying/NIFTY_20240726.parquet', 'source_hash': '4357f109ed631802b3774c34db9c318f71742f8e99de307408af71bf00810707'}",{'completed_bar_only': True},"{'buy_ce_allowed': False, 'buy_pe_allowed': True, 'research_only': True}",4ed7d08f1c0f94d0b9ce3ec1b526228cbb531371d767a74ef3e4ba31c0890ba2,24721.1,2024-07-26 12:56:00+05:30,221,0.01282203563383163,81.79999999999927,0.0,215.35000000000218,6.980000000000291,7.690000000000145,0.0002266405201722962,7.85357142857148,112.5155405405385,12.200000000000728,310.1999999999971,0.5673469387755696,0.42857142857142855,0.004081632653001829,9,15,-0.0003578656649124712,12.25,6.950000000000728,0.0,2024-07-26T12:57:00+05:30,24721.95,30,10.600000000002183,80.20000000000073,-64.25,-65.75,False,False,-6.061320754715733
NIFTY:2024-07-26,2024-07-26,NIFTY,compression_expansion_down,2024-07-26T13:57:00+05:30,2024-07-26T13:57:00+05:30,DOWN,{},"{'source_path': '/Users/madhuram/tradebot-structural-edge-discovery-v3/runtime/upstox_candidate_replay.zip!upstox_candidate_replay/20240726/underlying/NIFTY_20240726.parquet', 'source_hash': '4357f109ed631802b3774c34db9c318f71742f8e99de307408af71bf00810707'}",{'completed_bar_only': True},"{'buy_ce_allowed': False, 'buy_pe_allowed': True, 'research_only': True}",1c09cee4e8e18f49db59d32bcd4133816fe3ff32ad560529cca2f86cc072a476,24786.95,2024-07-26 13:56:00+05:30,281,0.016020888797870222,81.79999999999927,0.0,215.35000000000218,10.75,8.516666666666667,0.00025267634459566707,8.596428571428728,142.6209219858174,31.299999999999272,376.0499999999993,0.7966804979253895,0.05601659751031644,0.14730290456429407,0,21,-0.000796155877242799,24.099999999998545,19.200000000000728,0.0,2024-07-26T13:57:00+05:30,24787.35,30,29.0,19.850000000002183,4.099999999998545,2.599999999998545,True,True,0.1413793103447774
NIFTY:2024-07-26,2024-07-26,NIFTY,compression_expansion_down,2024-07-26T14:18:00+05:30,2024-07-26T14:18:00+05:30,DOWN,{},"{'source_path': '/Users/madhuram/tradebot-structural-edge-discovery-v3/runtime/upstox_candidate_replay.zip!upstox_candidate_replay/20240726/underlying/NIFTY_20240726.parquet', 'source_hash': '4357f109ed631802b3774c34db9c318f71742f8e99de307408af71bf00810707'}",{'completed_bar_only': True},"{'buy_ce_allowed': False, 'buy_pe_allowed': True, 'research_only': True}",b500985195d7586bfaaba9219287d3cb3ad1e9ceb67bec618e88e660f39698b6,24789.25,2024-07-26 14:17:00+05:30,302,0.015611304525906264,81.79999999999927,0.0,215.35000000000218,10.320000000000437,9.620000000000195,0.0002231638685864673,9.482142857142858,135.07128712871054,29.0,378.34999999999854,0.45394736842112665,0.38815789473667994,0.15789473684219343,0,21,-0.00029842740854113536,15.200000000000728,6.900000000001455,0.0,2024-07-26T14:18:00+05:30,24788.9,30,29.450000000000728,26.0,-26.0,-27.5,True,True,-0.8828522920203516
NIFTY:2024-07-26,2024-07-26,NIFTY,compression_expansion_down,2024-07-26T14:36:00+05:30,2024-07-26T14:36:00+05:30,DOWN,{},"{'source_path': '/Users/madhuram/tradebot-structural-edge-discovery-v3/runtime/upstox_candidate_replay.zip!upstox_candidate_replay/20240726/underlying/NIFTY_20240726.parquet', 'source_hash': '4357f109ed631802b3774c34db9c318f71742f8e99de307408af71bf00810707'}",{'completed_bar_only': True},"{'buy_ce_allowed': False, 'buy_pe_allowed': True, 'research_only': True}",f5b57aed832f2baa58b7b6051e14e98f1781d3d066e1e1b40a0d37c95c1cb537,24797.85,2024-07-26 14:35:00+05:30,320,0.01574237149293461,81.79999999999927,0.0,215.35000000000218,10.340000000000146,10.096666666666472,0.00029295142245415337,9.73928571428561,136.31791277258526,20.400000000001455,386.9499999999971,0.09584664536740323,0.5782747603835188,0.325878594249078,0,21,-0.00012701100762069206,15.650000000001455,1.5,0.0,2024-07-26T14:36:00+05:30,24798.9,30,20.30000000000291,44.94999999999709,-22.44999999999709,-23.94999999999709,False,False,-1.1059113300489591
NIFTY:2024-07-26,2024-07-26,NIFTY,compression_expansion_down,2024-07-26T14:43:00+05:30,2024-07-26T14:43:00+05:30,DOWN,{},"{'source_path': '/Users/madhuram/tradebot-structural-edge-discovery-v3/runtime/upstox_candidate_replay.zip!upstox_candidate_replay/20240726/underlying/NIFTY_20240726.parquet', 'source_hash': '4357f109ed631802b3774c34db9c318f71742f8e99de307408af71bf00810707'}",{'completed_bar_only': True},"{'buy_ce_allowed': False, 'buy_pe_allowed': True, 'research_only': True}",0789cf909138c7c90192c1ea263f8576152b90ecbee4de27ef44d2c38a5304a0,24782.45,2024-07-26 14:42:00+05:30,327,0.01538603317632609,81.79999999999927,0.0,215.35000000000218,8.320000000000437,8.56666666666691,0.00020539451954694533,8.700000000000207,118.08460365853898,35.79999999999927,371.5499999999993,0.6188679245283568,0.0905660377356294,0.2905660377360138,4,21,-0.0003670605508730995,13.25,8.200000000000728,0.0,2024-07-26T14:43:00+05:30,24781.65,30,0.10000000000218279,71.44999999999709,-57.599999999998545,-59.099999999998545,False,False,-575.9999999874126
NIFTY:2024-07-29,2024-07-29,NIFTY,compression_expansion_down,2024-07-29T09:33:00+05:30,2024-07-29T09:33:00+05:30,DOWN,{},"{'source_path': '/Users/madhuram/tradebot-structural-edge-discovery-v3/runtime/upstox_candidate_replay.zip!upstox_candidate_replay/20240729/underlying/NIFTY_20240729.parquet', 'source_hash': '4357f109ed631802b3774c34db9c318f71742f8e99de307408af71bf00810707'}",{'completed_bar_only': True},"{'buy_ce_allowed': False, 'buy_pe_allowed': True, 'research_only': True}",689c07903df7205fd5862a8bf5bb4d150670e270209007167b8299b0a13aa0f1,24899.1,2024-07-29 09:32:00+05:30,17,0.0025833190821572213,75.90000000000146,0.0,450.25,14.019999999999708,13.193333333333188,0.0003705428202017916,13.321428571428571,-30.83333333333576,81.35000000000218,1.2999999999992724,0.7556053811660418,0.18609865470842837,0.058295964125529814,0,0,-0.0006361642307129989,22.299999999999272,16.850000000002183,0.0,2024-07-29T09:33:00+05:30,24901.0,30,6.950000000000728,34.099999999998545,-21.549999999999272,-23.049999999999272,False,False,-3.1007194244600025
NIFTY:2024-07-29,2024-07-29,NIFTY,compression_expansion_down,2024-07-29T09:52:00+05:30,2024-07-29T09:52:00+05:30,DOWN,{},"{'source_path': '/Users/madhuram/tradebot-structural-edge-discovery-v3/runtime/upstox_candidate_replay.zip!upstox_candidate_replay/20240729/underlying/NIFTY_20240729.parquet', 'source_hash': '4357f109ed631802b3774c34db9c318f71742f8e99de307408af71bf00810707'}",{'completed_bar_only': True},"{'buy_ce_allowed': False, 'buy_pe_allowed': True, 'research_only': True}",71472df4d251795b3d0e29b2b769af2bfaeaca8d698218b822b82929cba59cb5,24910.5,2024-07-29 09:51:00+05:30,36,0.0031587312764694638,75.90000000000146,0.0,450.25,11.830000000000291,10.590000000000389,0.00036265949218524063,10.89642857142878,-10.021621621621307,69.95000000000073,16.450000000000728,0.6822107081175125,0.16753022452500976,0.1502590673574778,0,0,-0.0007741738802556908,28.94999999999709,19.75,0.0,2024-07-29T09:52:00+05:30,24908.15,30,38.35000000000218,16.549999999999272,17.900000000001455,16.400000000001455,True,True,0.4667535853976646
NIFTY:2024-07-29,2024-07-29,NIFTY,compression_expansion_down,2024-07-29T10:14:00+05:30,2024-07-29T10:14:00+05:30,DOWN,{},"{'source_path': '/Users/madhuram/tradebot-structural-edge-discovery-v3/runtime/upstox_candidate_replay.zip!upstox_candidate_replay/20240729/underlying/NIFTY_20240729.parquet', 'source_hash': '4357f109ed631802b3774c34db9c318f71742f8e99de307408af71bf00810707'}",{'completed_bar_only': True},"{'buy_ce_allowed': False, 'buy_pe_allowed': True, 'research_only': True}",07abcafe9546f622ce8628bcb7fc831dfa5b43d871a5721534573a0252cd87e2,24884.1,2024-07-29 10:13:00+05:30,58,0.0017684871286730603,75.90000000000146,0.0,450.25,8.86999999999971,8.743333333333188,0.00027079442651200067,8.771428571428519,-30.596610169493943,96.35000000000218,6.149999999997817,0.6236559139786608,0.045698924731108134,0.3306451612902311,0,0,-0.0004699587882294187,18.599999999998545,11.600000000002183,0.0,2024-07-29T10:14:00+05:30,24885.55,30,19.099999999998545,22.049999999999272,10.950000000000728,9.450000000000728,False,False,0.5732984293194535
NIFTY:2024-07-29,2024-07-29,NIFTY,compression_expansion_down,2024-07-29T11:19:00+05:30,2024-07-29T11:19:00+05:30,DOWN,{},"{'source_path': '/Users/madhuram/tradebot-structural-edge-discovery-v3/runtime/upstox_candidate_replay.zip!upstox_candidate_replay/20240729/underlying/NIFTY_20240729.parquet', 'source_hash': '4357f109ed631802b3774c34db9c318f71742f8e99de307408af71bf00810707'}",{'completed_bar_only': True},"{'buy_ce_allowed': False, 'buy_pe_allowed': True, 'research_only': True}",713f1f0eeac7469f844cce7f31dea9dddb30c0ce42d8189fdb16eef26b2c868a,24944.2,2024-07-29 11:18:00+05:30,123,0.003955455853209503,75.90000000000146,0.0,450.25,6.360000000000582,6.61000000000034,0.00019131155379051087,6.214285714285974,35.302822580644715,36.25,77.75,0.6125654450260724,0.0,0.3874345549739277,18,0,-0.00022044353238714898,9.549999999999272,5.849999999998545,0.0,2024-07-29T11:19:00+05:30,24943.8,30,0.3999999999978172,55.95000000000073,-45.10000000000218,-46.60000000000218,False,False,-112.75000000062073
NIFTY:2024-07-29,2024-07-29,NIFTY,compression_expansion_down,2024-07-29T12:55:00+05:30,2024-07-29T12:55:00+05:30,DOWN,{},"{'source_path': '/Users/madhuram/tradebot-structural-edge-discovery-v3/runtime/upstox_candidate_replay.zip!upstox_candidate_replay/20240729/underlying/NIFTY_20240729.parquet', 'source_hash': '4357f109ed631802b3774c34db9c318f71742f8e99de307408af71bf00810707'}",{'completed_bar_only': True},"{'buy_ce_allowed': False, 'buy_pe_allowed': True, 'research_only': True}",1435214e858e92b037a054dac0456c6c234fb46151e4b15b553587da44cc3860,24857.45,2024-07-29 12:54:00+05:30,219,0.0008691540837163799,75.90000000000146,0.0,450.25,12.790000000000145,11.040000000001116,0.0002832703820356959,11.385714285715428,-58.248181818180456,142.29999999999927,67.0,0.8548387096772017,0.045698924731294784,0.09946236559150354,0,2,-0.0006332116494861539,18.600000000002183,15.899999999997817,0.0,2024-07-29T12:55:00+05:30,24857.15,30,31.75,34.94999999999709,-4.349999999998545,-5.849999999998545,False,False,-0.1370078740157022
NIFTY:2024-07-29,2024-07-29,NIFTY,compression_expansion_down,2024-07-29T13:11:00+05:30,2024-07-29T13:11:00+05:30,DOWN,{},"{'source_path': '/Users/madhuram/tradebot-structural-edge-discovery-v3/runtime/upstox_candidate_replay.zip!upstox_candidate_replay/20240729/underlying/NIFTY_20240729.parquet', 'source_hash': '4357f109ed631802b3774c34db9c318f71742f8e99de307408af71bf00810707'}",{'completed_bar_only': True},"{'buy_ce_allowed': False, 'buy_pe_allowed': True, 'research_only': True}",784880ab14a62a38341fb97e4d41aabb1c257a0de9d9823dc25fabb5578ada69,24872.25,2024-07-29 13:10:00+05:30,235,0.0012916595410785376,75.90000000000146,0.0,450.25,8.939999999999419,7.910000000000097,0.00021153408220089042,7.47857142857148,-41.03305084745807,127.5,81.79999999999927,0.6444444444443636,0.3361111111112728,0.0194444444443636,0,2,-0.0004179619132207435,18.0,11.599999999998545,0.0,2024-07-29T13:11:00+05:30,24872.15,30,46.75,8.099999999998545,-2.0,-3.5,True,True,-0.0427807486631016
NIFTY:2024-07-29,2024-07-29,NIFTY,compression_expansion_down,2024-07-29T13:48:00+05:30,2024-07-29T13:48:00+05:30,DOWN,{},"{'source_path': '/Users/madhuram/tradebot-structural-edge-discovery-v3/runtime/upstox_candidate_replay.zip!upstox_candidate_replay/20240729/underlying/NIFTY_20240729.parquet', 'source_hash': '4357f109ed631802b3774c34db9c318f71742f8e99de307408af71bf00810707'}",{'completed_bar_only': True},"{'buy_ce_allowed': False, 'buy_pe_allowed': True, 'research_only': True}",3603177a32a272fa5705980e9152423e1abc232eeafff6a476d5b07fa34eb0f3,24853.25,2024-07-29 13:47:00+05:30,272,0.001223253895600972,75.90000000000146,0.0,450.25,10.890000000000146,8.186666666667103,0.00035181319716277805,8.478571428572,-52.63479853479657,146.5,62.79999999999927,0.9585406301824232,0.04145936981757677,0.0,0,2,-0.0011393961803098929,30.150000000001455,28.900000000001455,0.0,2024-07-29T13:48:00+05:30,24855.0,30,61.349999999998545,12.25,57.20000000000073,55.70000000000073,True,True,0.9323553382233428
NIFTY:2024-07-29,2024-07-29,NIFTY,compression_expansion_down,2024-07-29T13:58:00+05:30,2024-07-29T13:58:00+05:30,DOWN,{},"{'source_path': '/Users/madhuram/tradebot-structural-edge-discovery-v3/runtime/upstox_candidate_replay.zip!upstox_candidate_replay/20240729/underlying/NIFTY_20240729.parquet', 'source_hash': '4357f109ed631802b3774c34db9c318f71742f8e99de307408af71bf00810707'}",{'completed_bar_only': True},"{'buy_ce_allowed': False, 'buy_pe_allowed': True, 'research_only': True}",725ff8d9dbc30b3bb1543d597d2fa1af20bec3d6be97b2be9e96d5404ab75ea4,24844.4,2024-07-29 13:57:00+05:30,282,0.00014888287545145623,75.90000000000146,0.0,450.25,11.229999999999563,10.133333333333576,0.00036706120141564817,10.264285714285766,-59.646819787983986,155.34999999999854,53.95000000000073,0.6138888888888485,0.07777777777765651,0.308333333333495,0,2,-0.00045261338971225307,18.0,11.049999999999272,0.0,2024-07-29T13:58:00+05:30,24844.1,30,69.5,5.80000000000291,39.94999999999709,38.44999999999709,True,True,0.5748201438848503
NIFTY:2024-07-30,2024-07-30,NIFTY,compression_expansion_down,2024-07-30T10:06:00+05:30,2024-07-30T10:06:00+05:30,DOWN,{},"{'source_path': '/Users/madhuram/tradebot-structural-edge-discovery-v3/runtime/upstox_candidate_replay.zip!upstox_candidate_replay/20240730/underlying/NIFTY_20240730.parquet', 'source_hash': '4357f109ed631802b3774c34db9c318f71742f8e99de307408af71bf00810707'}",{'completed_bar_only': True},"{'buy_ce_allowed': False, 'buy_pe_allowed': True, 'research_only': True}",43c459b25431c5f318e68d615bd2c3d8293f5dbf9a2bd283c97647aff8ec65f1,24834.05,2024-07-30 10:05:00+05:30,50,0.0001871909085601725,59.64999999999782,0.0,225.15000000000146,9.529999999999564,10.056666666666812,0.0002874107298697812,9.357142857143117,-14.490196078433655,53.400000000001455,35.39999999999782,0.7649006622516812,0.04635761589409239,0.18874172185422644,12,1,-0.0004688940138535269,15.099999999998545,11.549999999999272,0.0,2024-07-30T10:06:00+05:30,24832.25,30,13.700000000000728,63.349999999998545,-62.75,-64.25,False,False,-4.580291970802676
NIFTY:2024-07-30,2024-07-30,NIFTY,compression_expansion_down,2024-07-30T10:21:00+05:30,2024-07-30T10:21:00+05:30,DOWN,{},"{'source_path': '/Users/madhuram/tradebot-structural-edge-discovery-v3/runtime/upstox_candidate_replay.zip!upstox_candidate_replay/20240730/underlying/NIFTY_20240730.parquet', 'source_hash': '4357f109ed631802b3774c34db9c318f71742f8e99de307408af71bf00810707'}",{'completed_bar_only': True},"{'buy_ce_allowed': False, 'buy_pe_allowed': True, 'research_only': True}",1046037baa625214f04d52517afb8ad5cfc7ebfa93d197d224992eba6a355911,24855.4,2024-07-30 10:20:00+05:30,65,0.0010969789802724936,59.64999999999782,0.0,225.15000000000146,9.129999999998835,9.23666666666589,0.00024440985668445613,8.935714285713402,7.380303030302457,32.04999999999927,56.75,0.9045936395760599,0.04240282685502737,0.05300353356891277,8,1,-0.0005187326837780004,14.149999999997817,12.799999999999272,0.0,2024-07-30T10:21:00+05:30,24856.25,30,5.150000000001455,56.599999999998545,-55.150000000001455,-56.650000000001455,False,False,-10.708737864074926
NIFTY:2024-07-30,2024-07-30,NIFTY,compression_expansion_down,2024-07-30T10:33:00+05:30,2024-07-30T10:33:00+05:30,DOWN,{},"{'source_path': '/Users/madhuram/tradebot-structural-edge-discovery-v3/runtime/upstox_candidate_replay.zip!upstox_candidate_replay/20240730/underlying/NIFTY_20240730.parquet', 'source_hash': '4357f109ed631802b3774c34db9c318f71742f8e99de307408af71bf00810707'}",{'completed_bar_only': True},"{'buy_ce_allowed': False, 'buy_pe_allowed': True, 'research_only': True}",69af0000fd048427b1064ff1024f2b562c87c76b94586587853e37d4f12ede59,24872.35,2024-07-30 10:32:00+05:30,77,0.0016021931528383284,59.64999999999782,0.0,225.15000000000146,9.15,9.399999999999757,0.0002612697069470549,9.189285714285559,21.304487179484568,15.100000000002183,73.69999999999709,0.5753424657534383,0.01027397260283786,0.4143835616437238,5,1,-0.0003195299092052517,14.600000000002183,8.400000000001455,0.0,2024-07-30T10:33:00+05:30,24871.65,30,0.10000000000218279,68.79999999999927,-59.14999999999782,-60.64999999999782,False,False,-591.499999987067
NIFTY:2024-07-30,2024-07-30,NIFTY,compression_expansion_down,2024-07-30T12:09:00+05:30,2024-07-30T12:09:00+05:30,DOWN,{},"{'source_path': '/Users/madhuram/tradebot-structural-edge-discovery-v3/runtime/upstox_candidate_replay.zip!upstox_candidate_replay/20240730/underlying/NIFTY_20240730.parquet', 'source_hash': '4357f109ed631802b3774c34db9c318f71742f8e99de307408af71bf00810707'}",{'completed_bar_only': True},"{'buy_ce_allowed': False, 'buy_pe_allowed': True, 'research_only': True}",5f69378453e649cb489540341baee3af0e3d1b820f0f298c30c590ed59b8d863,24928.45,2024-07-30 12:08:00+05:30,173,0.0037961511133833155,59.64999999999782,0.0,225.15000000000146,7.009999999999127,7.876666666666279,0.00023369995387358851,7.89642857142826,35.34770114942876,28.25,129.79999999999927,0.5991189427312903,0.07048458149774228,0.3303964757709675,12,14,-0.0003528857432154586,11.349999999998545,6.799999999999272,0.0,2024-07-30T12:09:00+05:30,24928.35,30,3.1999999999970896,33.05000000000291,-28.950000000000728,-30.450000000000728,False,False,-9.046875000008455
NIFTY:2024-07-30,2024-07-30,NIFTY,compression_expansion_down,2024-07-30T12:44:00+05:30,2024-07-30T12:44:00+05:30,DOWN,{},"{'source_path': '/Users/madhuram/tradebot-structural-edge-discovery-v3/runtime/upstox_candidate_replay.zip!upstox_candidate_replay/20240730/underlying/NIFTY_20240730.parquet', 'source_hash': '4357f109ed631802b3774c34db9c318f71742f8e99de307408af71bf00810707'}",{'completed_bar_only': True},"{'buy_ce_allowed': False, 'buy_pe_allowed': True, 'research_only': True}",236634179d466d1b43595f95d3b899e8dd9a96926969275f68ba93a1f8db2c6b,24945.05,2024-07-30 12:43:00+05:30,208,0.004363762255469208,59.64999999999782,0.0,225.15000000000146,6.840000000000873,6.000000000000485,0.00013669482381634563,6.050000000000572,43.22918660287178,16.350000000002183,146.39999999999782,0.45989304812815707,0.540106951871843,0.0,0,15,-0.00020440758873196962,9.350000000002183,4.299999999999272,0.0,2024-07-30T12:44:00+05:30,24945.65,30,24.100000000002183,23.19999999999709,8.700000000000728,7.200000000000728,True,True,0.36099585062240414
NIFTY:2024-07-30,2024-07-30,NIFTY,compression_expansion_down,2024-07-30T13:00:00+05:30,2024-07-30T13:00:00+05:30,DOWN,{},"{'source_path': '/Users/madhuram/tradebot-structural-edge-discovery-v3/runtime/upstox_candidate_replay.zip!upstox_candidate_replay/20240730/underlying/NIFTY_20240730.parquet', 'source_hash': '4357f109ed631802b3774c34db9c318f71742f8e99de307408af71bf00810707'}",{'completed_bar_only': True},"{'buy_ce_allowed': False, 'buy_pe_allowed': True, 'research_only': True}",a67a7603ab606d5153f0b29f79d6be2c976824580f69169974e234a511cb56e0,24927.95,2024-07-30 12:59:00+05:30,224,0.003975290800070045,59.64999999999782,0.0,225.15000000000146,7.089999999999418,6.619999999999466,0.00018367105839067486,6.532142857142389,23.438888888889778,33.45000000000073,129.29999999999927,0.8834586466165897,0.10150375939839239,0.015037593985017935,0,15,-0.000493178697085983,13.299999999999272,11.75,0.0,2024-07-30T13:00:00+05:30,24930.75,30,49.599999999998545,38.099999999998545,36.0,34.5,True,True,0.7258064516129246
NIFTY:2024-07-30,2024-07-30,NIFTY,compression_expansion_down,2024-07-30T13:34:00+05:30,2024-07-30T13:34:00+05:30,DOWN,{},"{'source_path': '/Users/madhuram/tradebot-structural-edge-discovery-v3/runtime/upstox_candidate_replay.zip!upstox_candidate_replay/20240730/underlying/NIFTY_20240730.parquet', 'source_hash': '4357f109ed631802b3774c34db9c318f71742f8e99de307408af71bf00810707'}",{'completed_bar_only': True},"{'buy_ce_allowed': False, 'buy_pe_allowed': True, 'research_only': True}",537d15ea81c36d4b662362e5255c0c276b4d0c5b994962a75f8dde3316b5fdb2,24882.95,2024-07-30 13:33:00+05:30,258,0.0021838939332030375,59.64999999999782,0.0,225.15000000000146,10.740000000000146,9.906666666666327,0.00024810999796185356,9.828571428571065,-23.36293436293272,85.89999999999782,84.29999999999927,0.8657243816253527,0.03533568904593276,0.09893992932871458,0,17,-0.0004900552918942758,14.150000000001455,12.25,0.0,2024-07-30T13:34:00+05:30,24883.1,30,2.099999999998545,45.5,-39.5,-41.0,False,False,-18.809523809536845
NIFTY:2024-07-30,2024-07-30,NIFTY,compression_expansion_down,2024-07-30T14:01:00+05:30,2024-07-30T14:01:00+05:30,DOWN,{},"{'source_path': '/Users/madhuram/tradebot-structural-edge-discovery-v3/runtime/upstox_candidate_replay.zip!upstox_candidate_replay/20240730/underlying/NIFTY_20240730.parquet', 'source_hash': '4357f109ed631802b3774c34db9c318f71742f8e99de307408af71bf00810707'}",{'completed_bar_only': True},"{'buy_ce_allowed': False, 'buy_pe_allowed': True, 'research_only': True}",1b6e634923bc6266b36cecf8372337e8fecd9a6256191aaec9dfde50409287bb,24911.15,2024-07-30 14:00:00+05:30,285,0.002850132543240064,59.64999999999782,0.0,225.15000000000146,8.700000000000728,8.423333333333236,0.00018194188571153366,8.324999999999948,4.4036713286732265,57.69999999999709,112.5,0.050847457626982784,0.2245762711865086,0.7245762711865086,0,17,-1.4049736065668839e-05,11.80000000000291,0.5999999999985448,0.0,2024-07-30T14:01:00+05:30,24910.95,30,1.0499999999992724,46.099999999998545,-37.64999999999782,-39.14999999999782,False,False,-35.85714285716563
NIFTY:2024-07-31,2024-07-31,NIFTY,compression_expansion_down,2024-07-31T09:31:00+05:30,2024-07-31T09:31:00+05:30,DOWN,{},"{'source_path': '/Users/madhuram/tradebot-structural-edge-discovery-v3/runtime/upstox_candidate_replay.zip!upstox_candidate_replay/20240731/underlying/NIFTY_20240731.parquet', 'source_hash': '4357f109ed631802b3774c34db9c318f71742f8e99de307408af71bf00810707'}",{'completed_bar_only': True},"{'buy_ce_allowed': False, 'buy_pe_allowed': True, 'research_only': True}",d770be1b95e1a48a7a2d2a4dc4d9021de2a963df70c94f80fe4677617cafbc04,24905.15,2024-07-31 09:30:00+05:30,15,0.0034378786597908215,51.04999999999927,0.0,173.09999999999854,13.31999999999898,11.526666666666037,0.0003291730753666299,11.424999999999272,-0.1593749999992724,23.94999999999709,27.600000000002183,0.7951127819548487,0.10526315789471524,0.0996240601504361,0,1,-0.0008705472211689713,26.599999999998545,21.149999999997817,0.0,2024-07-31T09:31:00+05:30,24906.1,30,49.599999999998545,23.400000000001455,-17.25,-18.75,True,True,-0.34778225806452634
NIFTY:2024-07-31,2024-07-31,NIFTY,compression_expansion_down,2024-07-31T10:25:00+05:30,2024-07-31T10:25:00+05:30,DOWN,{},"{'source_path': '/Users/madhuram/tradebot-structural-edge-discovery-v3/runtime/upstox_candidate_replay.zip!upstox_candidate_replay/20240731/underlying/NIFTY_20240731.parquet', 'source_hash': '4357f109ed631802b3774c34db9c318f71742f8e99de307408af71bf00810707'}",{'completed_bar_only': True},"{'buy_ce_allowed': False, 'buy_pe_allowed': True, 'research_only': True}",0c8c90eefd3bb25b106d413c8eb153e8ba7fe8495cffc31b4a84c3f1711ae4ae,24939.75,2024-07-31 10:24:00+05:30,69,0.004510706133835701,51.04999999999927,0.0,173.09999999999854,6.550000000000727,6.220000000000194,0.00017122643162448457,6.25000000000026,30.44499999999971,14.700000000000728,83.25,1.0,0.0,0.0,0,6,-0.00048693686653122903,13.200000000000728,13.200000000000728,0.0,2024-07-31T10:25:00+05:30,24939.4,30,21.450000000000728,10.599999999998545,-5.899999999997817,-7.399999999997817,True,True,-0.275058275058164
NIFTY:2024-07-31,2024-07-31,NIFTY,compression_expansion_down,2024-07-31T10:49:00+05:30,2024-07-31T10:49:00+05:30,DOWN,{},"{'source_path': '/Users/madhuram/tradebot-structural-edge-discovery-v3/runtime/upstox_candidate_replay.zip!upstox_candidate_replay/20240731/underlying/NIFTY_20240731.parquet', 'source_hash': '4357f109ed631802b3774c34db9c318f71742f8e99de307408af71bf00810707'}",{'completed_bar_only': True},"{'buy_ce_allowed': False, 'buy_pe_allowed': True, 'research_only': True}",2dfea32c0c8a0f9baf759f8a02cf4a201226c41d0e6761bc52dc741c14f6434f,24936.0,2024-07-31 10:48:00+05:30,93,0.004162490086913027,51.04999999999927,0.0,173.09999999999854,6.65,5.889999999999418,0.00015265481434628236,5.721428571427948,18.78138297872647,18.450000000000728,79.5,0.5139318885448003,0.14860681114558755,0.3374613003096122,0,6,-0.00034476399701732774,16.150000000001455,8.299999999999272,0.0,2024-07-31T10:49:00+05:30,24935.95,30,34.5,14.049999999999272,5.450000000000728,3.9500000000007276,True,True,0.1579710144927747
NIFTY:2024-07-31,2024-07-31,NIFTY,compression_expansion_down,2024-07-31T11:10:00+05:30,2024-07-31T11:10:00+05:30,DOWN,{},"{'source_path': '/Users/madhuram/tradebot-structural-edge-discovery-v3/runtime/upstox_candidate_replay.zip!upstox_candidate_replay/20240731/underlying/NIFTY_20240731.parquet', 'source_hash': '4357f109ed631802b3774c34db9c318f71742f8e99de307408af71bf00810707'}",{'completed_bar_only': True},"{'buy_ce_allowed': False, 'buy_pe_allowed': True, 'research_only': True}",21abd4ccb7ee070f0f00a6981e27085b64a528a67ae72ffa27c97d567b889683,24931.75,2024-07-31 11:09:00+05:30,114,0.003862581468465196,51.04999999999927,0.0,173.09999999999854,5.920000000000437,6.683333333334061,0.00017798104071894578,6.825000000000728,10.425217391304614,22.700000000000728,75.25,0.4857142857141471,0.2714285714287793,0.24285714285707355,9,6,-0.00022456275426208094,10.5,5.099999999998545,0.0,2024-07-31T11:10:00+05:30,24931.5,30,33.25,5.950000000000728,2.75,1.25,True,True,0.08270676691729323
NIFTY:2024-07-31,2024-07-31,NIFTY,compression_expansion_down,2024-07-31T11:11:00+05:30,2024-07-31T11:11:00+05:30,DOWN,{},"{'source_path': '/Users/madhuram/tradebot-structural-edge-discovery-v3/runtime/upstox_candidate_replay.zip!upstox_candidate_replay/20240731/underlying/NIFTY_20240731.parquet', 'source_hash': '4357f109ed631802b3774c34db9c318f71742f8e99de307408af71bf00810707'}",{'completed_bar_only': True},"{'buy_ce_allowed': False, 'buy_pe_allowed': True, 'research_only': True}",c7220325cd7d597387b73c93192b8e9bd4280e326a6d347dd6087d8a46e2dd6c,24906.15,2024-07-31 11:10:00+05:30,115,0.0036472108498483767,51.04999999999927,0.0,173.09999999999854,11.740000000000146,8.77000000000068,0.0003110536114380044,8.503571428572156,-15.043965517241304,48.29999999999927,49.650000000001455,0.7041666666666262,0.16527777777779798,0.13055555555557577,0,6,-0.0010268031726613502,36.0,25.349999999998545,0.0,2024-07-31T11:11:00+05:30,24906.1,30,7.849999999998545,28.0,-24.55000000000291,-26.05000000000291,False,False,-3.1273885350327975
NIFTY:2024-07-31,2024-07-31,NIFTY,compression_expansion_down,2024-07-31T11:28:00+05:30,2024-07-31T11:28:00+05:30,DOWN,{},"{'source_path': '/Users/madhuram/tradebot-structural-edge-discovery-v3/runtime/upstox_candidate_replay.zip!upstox_candidate_replay/20240731/underlying/NIFTY_20240731.parquet', 'source_hash': '4357f109ed631802b3774c34db9c318f71742f8e99de307408af71bf00810707'}",{'completed_bar_only': True},"{'buy_ce_allowed': False, 'buy_pe_allowed': True, 'research_only': True}",f7c883bb0d463710313aef7e47d0cfd7fa09777d793511e442d15e2705589a6c,24917.3,2024-07-31 11:27:00+05:30,132,0.0035707240880965296,51.04999999999927,0.0,173.09999999999854,6.629999999999564,5.919999999999466,0.00017390684816515384,6.01071428571387,-4.507518796992372,37.150000000001455,60.79999999999927,0.7256637168142409,0.10324483775812983,0.17109144542762922,0,6,-0.0004953940388253697,16.94999999999709,12.299999999999272,0.0,2024-07-31T11:28:00+05:30,24918.0,30,19.75,18.200000000000728,-8.299999999999272,-9.799999999999272,True,False,-0.4202531645569252
NIFTY:2024-07-31,2024-07-31,NIFTY,compression_expansion_down,2024-07-31T12:32:00+05:30,2024-07-31T12:32:00+05:30,DOWN,{},"{'source_path': '/Users/madhuram/tradebot-structural-edge-discovery-v3/runtime/upstox_candidate_replay.zip!upstox_candidate_replay/20240731/underlying/NIFTY_20240731.parquet', 'source_hash': '4357f109ed631802b3774c34db9c318f71742f8e99de307408af71bf00810707'}",{'completed_bar_only': True},"{'buy_ce_allowed': False, 'buy_pe_allowed': True, 'research_only': True}",922045772c6ca006c1148baa623463a6d591dd869ba9481bc8bfd265f67ca312,24939.0,2024-07-31 12:31:00+05:30,196,0.004148400420274598,51.04999999999927,0.0,173.09999999999854,5.670000000001164,5.330000000001019,0.00010554361646236088,5.328571428572364,14.291624365483585,15.450000000000728,82.5,0.5500000000000809,0.26666666666642413,0.18333333333349502,0,6,-0.0002505487016566388,9.0,4.950000000000728,0.0,2024-07-31T12:32:00+05:30,24937.0,30,18.400000000001455,12.450000000000728,5.75,4.25,True,False,0.3124999999999753
NIFTY:2024-07-31,2024-07-31,NIFTY,compression_expansion_down,2024-07-31T13:05:00+05:30,2024-07-31T13:05:00+05:30,DOWN,{},"{'source_path': '/Users/madhuram/tradebot-structural-edge-discovery-v3/runtime/upstox_candidate_replay.zip!upstox_candidate_replay/20240731/underlying/NIFTY_20240731.parquet', 'source_hash': '4357f109ed631802b3774c34db9c318f71742f8e99de307408af71bf00810707'}",{'completed_bar_only': True},"{'buy_ce_allowed': False, 'buy_pe_allowed': True, 'research_only': True}",05e80a0cb6994a3f1c867fb30dec9413a013d204fa836420936c31fec3fc09c8,24914.0,2024-07-31 13:04:00+05:30,229,0.0036109802784922078,51.04999999999927,0.0,173.09999999999854,8.600000000000728,7.500000000000727,0.00022080692938383786,7.617857142857766,-11.785434782610537,40.45000000000073,57.5,0.8238213399502405,0.12655086848648767,0.04962779156327185,0,6,-0.0007259717392437137,20.150000000001455,16.599999999998545,0.0,2024-07-31T13:05:00+05:30,24912.05,30,7.950000000000728,37.79999999999927,-36.0,-37.5,False,False,-4.528301886792039
NIFTY:2024-08-01,2024-08-01,NIFTY,compression_expansion_down,2024-08-01T09:43:00+05:30,2024-08-01T09:43:00+05:30,DOWN,{},"{'source_path': '/Users/madhuram/tradebot-structural-edge-discovery-v3/runtime/upstox_candidate_replay.zip!upstox_candidate_replay/20240801/underlying/NIFTY_20240801.parquet', 'source_hash': '4357f109ed631802b3774c34db9c318f71742f8e99de307408af71bf00810707'}",{'completed_bar_only': True},"{'buy_ce_allowed': False, 'buy_pe_allowed': True, 'research_only': True}",2fba9a46295277d81794ad38d86f494e94578fa36fa0f7533533b5850d14ba4b,25051.75,2024-08-01 09:42:00+05:30,27,0.0030865556680932686,69.5,0.0,128.09999999999854,8.879999999999564,9.549999999999272,0.0002528614736354223,9.339285714284935,-1.1000000000021828,26.549999999999272,42.95000000000073,0.3357400722023064,0.11552346570387818,0.5487364620938154,4,1,-0.00015964399389356565,13.849999999998545,4.650000000001455,0.0,2024-08-01T09:43:00+05:30,25052.4,30,26.200000000000728,6.599999999998545,15.30000000000291,13.80000000000291,True,True,0.5839694656489498
NIFTY:2024-08-01,2024-08-01,NIFTY,compression_expansion_down,2024-08-01T09:50:00+05:30,2024-08-01T09:50:00+05:30,DOWN,{},"{'source_path': '/Users/madhuram/tradebot-structural-edge-discovery-v3/runtime/upstox_candidate_replay.zip!upstox_candidate_replay/20240801/underlying/NIFTY_20240801.parquet', 'source_hash': '4357f109ed631802b3774c34db9c318f71742f8e99de307408af71bf00810707'}",{'completed_bar_only': True},"{'buy_ce_allowed': False, 'buy_pe_allowed': True, 'research_only': True}",1efb8ce98631b871b4c53dcf4e4da7d17568de9032f42d98a711daa1798b94c8,25044.35,2024-08-01 09:49:00+05:30,34,0.0027502772295460933,69.5,0.0,128.09999999999854,7.979999999999563,8.066666666666425,0.0001651793584113591,7.889285714285506,-7.1985714285729046,33.95000000000073,35.54999999999927,0.24092409240931384,0.7260726072606564,0.033003300330029836,11,1,-0.00019361895789093975,15.150000000001455,3.650000000001455,0.0,2024-08-01T09:50:00+05:30,25044.55,30,18.349999999998545,12.049999999999272,-6.549999999999272,-8.049999999999272,True,False,-0.35694822888282246
NIFTY:2024-08-01,2024-08-01,NIFTY,compression_expansion_down,2024-08-01T10:38:00+05:30,2024-08-01T10:38:00+05:30,DOWN,{},"{'source_path': '/Users/madhuram/tradebot-structural-edge-discovery-v3/runtime/upstox_candidate_replay.zip!upstox_candidate_replay/20240801/underlying/NIFTY_20240801.parquet', 'source_hash': '4357f109ed631802b3774c34db9c318f71742f8e99de307408af71bf00810707'}",{'completed_bar_only': True},"{'buy_ce_allowed': False, 'buy_pe_allowed': True, 'research_only': True}",1be9d4c70fbe016f43e4c749eacc9664d99757abc5fb5dd672bc9a6e1c091c85,25018.2,2024-08-01 10:37:00+05:30,82,0.002067712065590367,69.5,0.0,128.09999999999854,6.970000000000437,6.313333333333625,0.00021995945491511736,6.482142857143117,-25.60903614457493,60.099999999998545,9.400000000001455,0.9883720930231443,0.0,0.01162790697685568,0,1,-0.0005113659062762066,12.900000000001455,12.75,0.0,2024-08-01T10:38:00+05:30,25018.1,30,14.5,9.600000000002183,-2.150000000001455,-3.650000000001455,True,False,-0.14827586206906587
NIFTY:2024-08-01,2024-08-01,NIFTY,compression_expansion_down,2024-08-01T10:48:00+05:30,2024-08-01T10:48:00+05:30,DOWN,{},"{'source_path': '/Users/madhuram/tradebot-structural-edge-discovery-v3/runtime/upstox_candidate_replay.zip!upstox_candidate_replay/20240801/underlying/NIFTY_20240801.parquet', 'source_hash': '4357f109ed631802b3774c34db9c318f71742f8e99de307408af71bf00810707'}",{'completed_bar_only': True},"{'buy_ce_allowed': False, 'buy_pe_allowed': True, 'research_only': True}",1dfe949bce81c14c297b5136e65919bc7deec7d35ee779ce61b189bd3383ac49,25015.3,2024-08-01 10:47:00+05:30,92,0.0017234269975539456,69.5,0.0,128.09999999999854,7.469999999999709,6.546666666666472,0.00021898265807599964,6.714285714285454,-26.15967741935674,63.0,6.5,0.7049999999999272,0.07000000000007275,0.225,0,1,-0.000299726649295895,10.0,7.049999999999272,0.0,2024-08-01T10:48:00+05:30,25015.25,30,11.650000000001455,25.950000000000728,-10.549999999999272,-12.049999999999272,False,False,-0.9055793991414554
NIFTY:2024-08-01,2024-08-01,NIFTY,compression_expansion_down,2024-08-01T11:01:00+05:30,2024-08-01T11:01:00+05:30,DOWN,{},"{'source_path': '/Users/madhuram/tradebot-structural-edge-discovery-v3/runtime/upstox_candidate_replay.zip!upstox_candidate_replay/20240801/underlying/NIFTY_20240801.parquet', 'source_hash': '4357f109ed631802b3774c34db9c318f71742f8e99de307408af71bf00810707'}",{'completed_bar_only': True},"{'buy_ce_allowed': False, 'buy_pe_allowed': True, 'research_only': True}",996e235273ed5a15118eb638cb2f653fcec607988a785a41149568d012488b94,25011.95,2024-08-01 11:00:00+05:30,105,0.0014091667901022337,69.5,0.0,128.09999999999854,5.9099999999998545,6.239999999999903,0.0001452217074036372,5.928571428571429,-26.060377358491678,66.34999999999854,6.5,0.23181818181811567,0.7681818181818844,0.0,6,1,-9.794358449533025e-05,11.0,2.5499999999992724,0.0,2024-08-01T11:01:00+05:30,25011.85,30,8.25,29.350000000002183,-10.80000000000291,-12.30000000000291,False,False,-1.309090909091262
NIFTY:2024-08-01,2024-08-01,NIFTY,compression_expansion_down,2024-08-01T11:02:00+05:30,2024-08-01T11:02:00+05:30,DOWN,{},"{'source_path': '/Users/madhuram/tradebot-structural-edge-discovery-v3/runtime/upstox_candidate_replay.zip!upstox_candidate_replay/20240801/underlying/NIFTY_20240801.parquet', 'source_hash': '4357f109ed631802b3774c34db9c318f71742f8e99de307408af71bf00810707'}",{'completed_bar_only': True},"{'buy_ce_allowed': False, 'buy_pe_allowed': True, 'research_only': True}",45a13096ae251f0c229521c851d40b6637dab2e58ee7018dc0189eba5767cbf3,25008.05,2024-08-01 11:01:00+05:30,106,0.0013030789493700494,69.5,0.0,128.09999999999854,7.020000000000437,6.120000000000194,0.0001259181264412191,5.84285714285735,-29.680373831775796,70.25,4.450000000000728,0.43181818181795634,0.06250000000031006,0.5056818181817336,0,1,-0.0001559254676265498,8.80000000000291,3.7999999999992724,0.0,2024-08-01T11:02:00+05:30,25007.6,30,1.2999999999992724,33.60000000000218,-13.75,-15.25,False,False,-10.576923076928997
NIFTY:2024-08-01,2024-08-01,NIFTY,compression_expansion_down,2024-08-01T11:36:00+05:30,2024-08-01T11:36:00+05:30,DOWN,{},"{'source_path': '/Users/madhuram/tradebot-structural-edge-discovery-v3/runtime/upstox_candidate_replay.zip!upstox_candidate_replay/20240801/underlying/NIFTY_20240801.parquet', 'source_hash': '4357f109ed631802b3774c34db9c318f71742f8e99de307408af71bf00810707'}",{'completed_bar_only': True},"{'buy_ce_allowed': False, 'buy_pe_allowed': True, 'research_only': True}",f03ffa29f210c78dbfedfc8a2bbfb440cfb78ccf94780f40745900f898bd5ebc,25018.5,2024-08-01 11:35:00+05:30,140,0.001649365674778746,69.5,0.0,128.09999999999854,4.360000000000582,4.043333333333673,7.032053185550212e-05,4.107142857143117,-15.410283687942865,59.79999999999927,14.900000000001455,0.32,0.21599999999976716,0.46400000000023284,0,1,-8.592902262738455e-05,6.25,2.0,0.0,2024-08-01T11:36:00+05:30,25018.25,30,31.900000000001455,9.5,21.099999999998545,19.599999999998545,True,True,0.6614420062695167
NIFTY:2024-08-01,2024-08-01,NIFTY,compression_expansion_down,2024-08-01T12:37:00+05:30,2024-08-01T12:37:00+05:30,DOWN,{},"{'source_path': '/Users/madhuram/tradebot-structural-edge-discovery-v3/runtime/upstox_candidate_replay.zip!upstox_candidate_replay/20240801/underlying/NIFTY_20240801.parquet', 'source_hash': '4357f109ed631802b3774c34db9c318f71742f8e99de307408af71bf00810707'}",{'completed_bar_only': True},"{'buy_ce_allowed': False, 'buy_pe_allowed': True, 'research_only': True}",c88278e2ff0a99cfe59875409179ba4cfd6f52bbcca4f264fce31e574a49bde0,24976.75,2024-08-01 12:36:00+05:30,201,5.404474905230262e-05,69.5,0.0,128.09999999999854,6.420000000000437,7.3999999999995145,0.0001430837393209661,7.442857142856675,-45.735891089112556,101.54999999999927,5.599999999998545,0.35616438356175306,0.18264840182647188,0.46118721461177503,4,1,-0.00017213047489994526,10.950000000000728,3.900000000001455,0.0,2024-08-01T12:37:00+05:30,24977.45,30,13.100000000002183,30.899999999997817,-24.049999999999272,-25.549999999999272,False,False,-1.8358778625950585
NIFTY:2024-08-02,2024-08-02,NIFTY,compression_expansion_down,2024-08-02T09:31:00+05:30,2024-08-02T09:31:00+05:30,DOWN,{},"{'source_path': '/Users/madhuram/tradebot-structural-edge-discovery-v3/runtime/upstox_candidate_replay.zip!upstox_candidate_replay/20240802/underlying/NIFTY_20240802.parquet', 'source_hash': '4357f109ed631802b3774c34db9c318f71742f8e99de307408af71bf00810707'}",{'completed_bar_only': True},"{'buy_ce_allowed': False, 'buy_pe_allowed': True, 'research_only': True}",e08760556ab9dd9f0f681c53f88aa937060402015d3911f66e4a59f9ec3370b0,24825.7,2024-08-02 09:30:00+05:30,15,-0.00679836839158602,100.80000000000291,0.0,121.89999999999782,16.100000000000726,16.489999999999903,0.0004183967461599409,16.707142857142962,-1.3999999999978172,26.200000000000728,74.60000000000218,0.4364406779660305,0.02966101694918063,0.5338983050847889,11,2,-0.0004549663808027793,23.600000000002183,10.299999999999272,0.0,2024-08-02T09:31:00+05:30,24824.9,30,101.20000000000073,6.25,80.95000000000073,79.45000000000073,True,True,0.7999011857707524
NIFTY:2024-08-02,2024-08-02,NIFTY,compression_expansion_down,2024-08-02T10:21:00+05:30,2024-08-02T10:21:00+05:30,DOWN,{},"{'source_path': '/Users/madhuram/tradebot-structural-edge-discovery-v3/runtime/upstox_candidate_replay.zip!upstox_candidate_replay/20240802/underlying/NIFTY_20240802.parquet', 'source_hash': '4357f109ed631802b3774c34db9c318f71742f8e99de307408af71bf00810707'}",{'completed_bar_only': True},"{'buy_ce_allowed': False, 'buy_pe_allowed': True, 'research_only': True}",574c871628d91c47651460da0316ea80236ccdc39c09dc822fad86da51dc1c9e,24757.0,2024-08-02 10:20:00+05:30,65,-0.009169799248180408,100.80000000000291,0.0,121.89999999999782,12.380000000001019,11.186666666667346,0.0003149339465495922,11.410714285715065,-24.927272727272793,94.90000000000146,33.29999999999927,0.7137681159419988,0.009057971014492038,0.2771739130435091,0,2,-0.0007830031804459958,27.600000000002183,19.700000000000728,0.0,2024-08-02T10:21:00+05:30,24756.65,30,10.650000000001455,55.349999999998545,-52.79999999999927,-54.29999999999927,False,False,-4.957746478872494
NIFTY:2024-08-02,2024-08-02,NIFTY,compression_expansion_down,2024-08-02T11:03:00+05:30,2024-08-02T11:03:00+05:30,DOWN,{},"{'source_path': '/Users/madhuram/tradebot-structural-edge-discovery-v3/runtime/upstox_candidate_replay.zip!upstox_candidate_replay/20240802/underlying/NIFTY_20240802.parquet', 'source_hash': '4357f109ed631802b3774c34db9c318f71742f8e99de307408af71bf00810707'}",{'completed_bar_only': True},"{'buy_ce_allowed': False, 'buy_pe_allowed': True, 'research_only': True}",2c9f7b2b1ea5379e09e43ce31cea9fb09510c11042167639b51f1effa8fa2066,24798.4,2024-08-02 11:02:00+05:30,107,-0.007846116931936365,100.80000000000291,0.0,121.89999999999782,10.45,9.85666666666657,0.0002992544670785484,9.389285714285506,12.456018518518249,53.5,74.70000000000073,0.7599999999998545,0.07666666666676368,0.16333333333338185,0,2,-0.0004635246413730032,15.0,11.399999999997817,0.0,2024-08-02T11:03:00+05:30,24798.65,30,19.900000000001455,25.399999999997817,-10.799999999999272,-12.299999999999272,False,False,-0.5427135678391197
NIFTY:2024-08-02,2024-08-02,NIFTY,compression_expansion_down,2024-08-02T11:26:00+05:30,2024-08-02T11:26:00+05:30,DOWN,{},"{'source_path': '/Users/madhuram/tradebot-structural-edge-discovery-v3/runtime/upstox_candidate_replay.zip!upstox_candidate_replay/20240802/underlying/NIFTY_20240802.parquet', 'source_hash': '4357f109ed631802b3774c34db9c318f71742f8e99de307408af71bf00810707'}",{'completed_bar_only': True},"{'buy_ce_allowed': False, 'buy_pe_allowed': True, 'research_only': True}",085fd8cc2fdec9dbec17307782e189f12b72976d5f793bb89c4b10b42254c629,24804.15,2024-08-02 11:25:00+05:30,130,-0.007702151483643867,100.80000000000291,0.0,121.89999999999782,6.649999999998545,7.369999999999709,0.00023115812566667766,7.103571428570961,15.91297709924038,47.75,80.45000000000073,0.8767772511848946,0.1232227488151054,0.0,16,2,-0.0004110524756842926,10.549999999999272,9.25,0.0,2024-08-02T11:26:00+05:30,24804.3,30,6.5,30.799999999999272,-1.6500000000014552,-3.150000000001455,False,False,-0.2538461538463777
NIFTY:2024-08-02,2024-08-02,NIFTY,compression_expansion_down,2024-08-02T11:49:00+05:30,2024-08-02T11:49:00+05:30,DOWN,{},"{'source_path': '/Users/madhuram/tradebot-structural-edge-discovery-v3/runtime/upstox_candidate_replay.zip!upstox_candidate_replay/20240802/underlying/NIFTY_20240802.parquet', 'source_hash': '4357f109ed631802b3774c34db9c318f71742f8e99de307408af71bf00810707'}",{'completed_bar_only': True},"{'buy_ce_allowed': False, 'buy_pe_allowed': True, 'research_only': True}",0db63a7610fbdf47323f46764adbbd994d958990b3aba2c2f4d5950c772814a8,24823.65,2024-08-02 11:48:00+05:30,153,-0.007258258018075662,100.80000000000291,0.0,121.89999999999782,6.579999999999563,7.05333333333377,0.0001337991716285438,6.960714285714857,30.86948051947911,28.25,99.95000000000073,0.068273092369377,0.851405622490042,0.08032128514058103,5,2,-6.042588161281337e-06,12.44999999999709,0.8499999999985448,0.0,2024-08-02T11:49:00+05:30,24823.05,30,43.14999999999782,2.5499999999992724,40.39999999999782,38.89999999999782,True,True,0.9362688296639597
NIFTY:2024-08-02,2024-08-02,NIFTY,compression_expansion_down,2024-08-02T13:13:00+05:30,2024-08-02T13:13:00+05:30,DOWN,{},"{'source_path': '/Users/madhuram/tradebot-structural-edge-discovery-v3/runtime/upstox_candidate_replay.zip!upstox_candidate_replay/20240802/underlying/NIFTY_20240802.parquet', 'source_hash': '4357f109ed631802b3774c34db9c318f71742f8e99de307408af71bf00810707'}",{'completed_bar_only': True},"{'buy_ce_allowed': False, 'buy_pe_allowed': True, 'research_only': True}",4d010cd7bc5e3df386de6ed7b29294161425ae493fdf2f9004404e954fa57fb2,24768.55,2024-08-02 13:12:00+05:30,237,-0.008993841478045328,100.80000000000291,0.0,121.89999999999782,5.890000000000145,6.769999999999952,0.0002138809268796769,6.392857142857143,-19.926470588237862,83.35000000000218,44.849999999998545,1.0,0.0,0.0,9,2,-0.00050441769013021,12.549999999999272,12.549999999999272,0.0,2024-08-02T13:13:00+05:30,24769.3,30,13.899999999997817,39.0,-34.650000000001455,-36.150000000001455,False,False,-2.4928057553961795
NIFTY:2024-08-02,2024-08-02,NIFTY,compression_expansion_down,2024-08-02T14:02:00+05:30,2024-08-02T14:02:00+05:30,DOWN,{},"{'source_path': '/Users/madhuram/tradebot-structural-edge-discovery-v3/runtime/upstox_candidate_replay.zip!upstox_candidate_replay/20240802/underlying/NIFTY_20240802.parquet', 'source_hash': '4357f109ed631802b3774c34db9c318f71742f8e99de307408af71bf00810707'}",{'completed_bar_only': True},"{'buy_ce_allowed': False, 'buy_pe_allowed': True, 'research_only': True}",3d2200858ee2e9e07f42f5c33d88b1d756e18e278d6b70de9406d21b50c269ed,24801.05,2024-08-02 14:01:00+05:30,286,-0.008008078061265297,100.80000000000291,0.0,121.89999999999782,7.259999999999854,6.786666666666618,0.00015010987181325274,6.717857142857091,13.270209059232002,50.85000000000218,77.34999999999854,0.40343347639498783,0.0729613733904467,0.5236051502145654,0,2,-0.00018947219898612921,11.649999999997817,4.700000000000728,0.0,2024-08-02T14:02:00+05:30,24801.3,30,45.79999999999927,7.600000000002183,39.64999999999782,38.14999999999782,True,True,0.8657205240174334
NIFTY:2024-08-02,2024-08-02,NIFTY,compression_expansion_down,2024-08-02T14:18:00+05:30,2024-08-02T14:18:00+05:30,DOWN,{},"{'source_path': '/Users/madhuram/tradebot-structural-edge-discovery-v3/runtime/upstox_candidate_replay.zip!upstox_candidate_replay/20240802/underlying/NIFTY_20240802.parquet', 'source_hash': '4357f109ed631802b3774c34db9c318f71742f8e99de307408af71bf00810707'}",{'completed_bar_only': True},"{'buy_ce_allowed': False, 'buy_pe_allowed': True, 'research_only': True}",42c27c874987a1ed0dfc6ab81d40326fb61cff1d3328c44f4f836316e5b88ae0,24760.3,2024-08-02 14:17:00+05:30,302,-0.009465728225225975,100.80000000000291,0.0,121.89999999999782,9.000000000000728,9.29333333333343,0.00018390223757063632,9.514285714285766,-27.078547854787757,91.60000000000218,36.599999999998545,0.6428571428571429,0.06071428571444163,0.2964285714284155,4,2,-0.0003391377020190989,14.0,9.0,0.0,2024-08-02T14:18:00+05:30,24762.3,30,41.099999999998545,30.25,25.5,24.0,True,True,0.6204379562044016
NIFTY:2024-08-05,2024-08-05,NIFTY,compression_expansion_down,2024-08-05T09:31:00+05:30,2024-08-05T09:31:00+05:30,DOWN,{},"{'source_path': '/Users/madhuram/tradebot-structural-edge-discovery-v3/runtime/upstox_candidate_replay.zip!upstox_candidate_replay/20240805/underlying/NIFTY_20240805.parquet', 'source_hash': '4357f109ed631802b3774c34db9c318f71742f8e99de307408af71bf00810707'}",{'completed_bar_only': True},"{'buy_ce_allowed': False, 'buy_pe_allowed': True, 'research_only': True}",aba921f17aee2564171b659450feac4d2761e7a270cb50a677e8f69dd0c2f447,24201.85,2024-08-05 09:30:00+05:30,15,-0.01959355370261284,140.45000000000073,0.0,165.0500000000029,22.740000000000872,22.756666666667055,0.00040231334018614104,22.37500000000052,-55.078125,148.20000000000073,9.349999999998545,0.3939393939394194,0.3362193362193641,0.26984126984121654,11,0,-0.0006070228831109858,34.650000000001455,13.650000000001455,0.0,2024-08-05T09:31:00+05:30,24203.65,30,4.75,142.54999999999927,-119.59999999999854,-121.09999999999854,False,False,-25.178947368420747
NIFTY:2024-08-05,2024-08-05,NIFTY,compression_expansion_down,2024-08-05T10:07:00+05:30,2024-08-05T10:07:00+05:30,DOWN,{},"{'source_path': '/Users/madhuram/tradebot-structural-edge-discovery-v3/runtime/upstox_candidate_replay.zip!upstox_candidate_replay/20240805/underlying/NIFTY_20240805.parquet', 'source_hash': '4357f109ed631802b3774c34db9c318f71742f8e99de307408af71bf00810707'}",{'completed_bar_only': True},"{'buy_ce_allowed': False, 'buy_pe_allowed': True, 'research_only': True}",e99120023d4ae4c7aa10153465c83741b7e66ab44e7df20a5f2cbe67c40f8edc,24265.2,2024-08-05 10:06:00+05:30,51,-0.016781750200915404,140.45000000000073,0.0,165.0500000000029,17.529999999999564,15.096666666665987,0.00047412059273038856,15.149999999999377,-5.754807692304894,84.84999999999854,72.70000000000073,0.8386411889596862,0.1613588110403138,0.0,0,0,-0.0008297183281277265,23.549999999999272,19.75,0.0,2024-08-05T10:07:00+05:30,24266.85,30,23.849999999998545,29.05000000000291,22.349999999998545,20.849999999998545,False,False,0.9371069182389898
NIFTY:2024-08-05,2024-08-05,NIFTY,compression_expansion_down,2024-08-05T10:28:00+05:30,2024-08-05T10:28:00+05:30,DOWN,{},"{'source_path': '/Users/madhuram/tradebot-structural-edge-discovery-v3/runtime/upstox_candidate_replay.zip!upstox_candidate_replay/20240805/underlying/NIFTY_20240805.parquet', 'source_hash': '4357f109ed631802b3774c34db9c318f71742f8e99de307408af71bf00810707'}",{'completed_bar_only': True},"{'buy_ce_allowed': False, 'buy_pe_allowed': True, 'research_only': True}",b30e3d1d1374f1f8b8722ff326163f10918f691d666fa5fac98d2570891a229e,24273.65,2024-08-05 10:27:00+05:30,72,-0.01688904003935316,140.45000000000073,0.0,165.0500000000029,8.430000000001746,9.08333333333406,0.0002789040179269823,8.414285714286702,-0.53150684931461,76.39999999999782,81.15000000000146,0.6006944444442321,0.11111111111125146,0.28819444444451636,16,0,-0.00033564233294058887,14.400000000001455,8.649999999997817,0.0,2024-08-05T10:28:00+05:30,24275.2,30,182.04999999999927,5.25,162.40000000000146,160.90000000000146,True,True,0.8920626201593085
NIFTY:2024-08-05,2024-08-05,NIFTY,compression_expansion_down,2024-08-05T10:29:00+05:30,2024-08-05T10:29:00+05:30,DOWN,{},"{'source_path': '/Users/madhuram/tradebot-structural-edge-discovery-v3/runtime/upstox_candidate_replay.zip!upstox_candidate_replay/20240805/underlying/NIFTY_20240805.parquet', 'source_hash': '4357f109ed631802b3774c34db9c318f71742f8e99de307408af71bf00810707'}",{'completed_bar_only': True},"{'buy_ce_allowed': False, 'buy_pe_allowed': True, 'research_only': True}",36c54043085adaf73d2714b57f711862c0cdea0ad6e90d46c66fa7c3b10966d8,24259.5,2024-08-05 10:28:00+05:30,73,-0.01717649583290316,140.45000000000073,0.0,165.0500000000029,9.830000000001018,9.05666666666754,0.0002515873726221817,9.10357142857226,-14.483108108106535,90.54999999999927,67.0,0.8698060941829009,0.13019390581709914,0.0,0,0,-0.0005829366411727044,18.049999999999272,15.700000000000728,0.0,2024-08-05T10:29:00+05:30,24258.7,30,165.54999999999927,21.75,162.04999999999927,160.54999999999927,True,True,0.9788583509513741
NIFTY:2024-08-05,2024-08-05,NIFTY,compression_expansion_down,2024-08-05T10:58:00+05:30,2024-08-05T10:58:00+05:30,DOWN,{},"{'source_path': '/Users/madhuram/tradebot-structural-edge-discovery-v3/runtime/upstox_candidate_replay.zip!upstox_candidate_replay/20240805/underlying/NIFTY_20240805.parquet', 'source_hash': '4357f109ed631802b3774c34db9c318f71742f8e99de307408af71bf00810707'}",{'completed_bar_only': True},"{'buy_ce_allowed': False, 'buy_pe_allowed': True, 'research_only': True}",3f44609f5d585f80fac34ade11341a5e2ffca807f4c6c5585e8e70718640f041,24103.45,2024-08-05 10:57:00+05:30,102,-0.02349647461785595,140.45000000000073,0.0,165.0500000000029,17.99999999999927,16.10666666666681,0.0003970105331634963,16.185714285714443,-149.08106796116772,246.59999999999854,10.299999999999272,0.5774907749076995,0.04243542435429952,0.38007380073800096,0,0,-0.0006861525704808802,27.099999999998545,15.649999999997817,0.0,2024-08-05T10:58:00+05:30,24104.1,30,210.39999999999782,14.150000000001455,80.79999999999927,79.29999999999927,True,True,0.3840304182509511
NIFTY:2024-08-05,2024-08-05,NIFTY,compression_expansion_down,2024-08-05T11:19:00+05:30,2024-08-05T11:19:00+05:30,DOWN,{},"{'source_path': '/Users/madhuram/tradebot-structural-edge-discovery-v3/runtime/upstox_candidate_replay.zip!upstox_candidate_replay/20240805/underlying/NIFTY_20240805.parquet', 'source_hash': '4357f109ed631802b3774c34db9c318f71742f8e99de307408af71bf00810707'}",{'completed_bar_only': True},"{'buy_ce_allowed': False, 'buy_pe_allowed': True, 'research_only': True}",c848e9e8be255dac3e83d3c41f787d7a51763499ef62f3ff3dce37674877c0e5,23991.75,2024-08-05 11:18:00+05:30,123,-0.027520855727556685,140.45000000000073,0.0,165.0500000000029,22.18000000000029,22.366666666666426,0.0007258779069946349,22.682142857142544,-227.18467741935456,358.2999999999993,5.900000000001455,0.8232695139911672,0.0029455081001043496,0.17378497790872838,7,0,-0.0012343160681725918,33.95000000000073,27.950000000000728,0.0,2024-08-05T11:19:00+05:30,23992.2,30,98.5,52.89999999999782,-52.89999999999782,-54.39999999999782,True,True,-0.5370558375634296
NIFTY:2024-08-05,2024-08-05,NIFTY,compression_expansion_down,2024-08-05T11:48:00+05:30,2024-08-05T11:48:00+05:30,DOWN,{},"{'source_path': '/Users/madhuram/tradebot-structural-edge-discovery-v3/runtime/upstox_candidate_replay.zip!upstox_candidate_replay/20240805/underlying/NIFTY_20240805.parquet', 'source_hash': '4357f109ed631802b3774c34db9c318f71742f8e99de307408af71bf00810707'}",{'completed_bar_only': True},"{'buy_ce_allowed': False, 'buy_pe_allowed': True, 'research_only': True}",caf6aac05ad25bfc535c31d8c2cda0edec4d844112c471fa394b6237516381fb,23999.1,2024-08-05 11:47:00+05:30,152,-0.0278103358576811,140.45000000000073,0.0,165.0500000000029,22.55,24.196666666666957,0.0007027410305541169,23.621428571428883,-174.8251633986947,350.9500000000007,105.39999999999782,0.39558823529413906,0.11323529411771126,0.49117647058814967,16,0,-0.0006038244994502895,34.0,13.450000000000728,0.0,2024-08-05T11:48:00+05:30,23999.3,30,15.75,57.5,-42.650000000001455,-44.150000000001455,False,False,-2.7079365079366005
NIFTY:2024-08-05,2024-08-05,NIFTY,compression_expansion_down,2024-08-05T12:16:00+05:30,2024-08-05T12:16:00+05:30,DOWN,{},"{'source_path': '/Users/madhuram/tradebot-structural-edge-discovery-v3/runtime/upstox_candidate_replay.zip!upstox_candidate_replay/20240805/underlying/NIFTY_20240805.parquet', 'source_hash': '4357f109ed631802b3774c34db9c318f71742f8e99de307408af71bf00810707'}",{'completed_bar_only': True},"{'buy_ce_allowed': False, 'buy_pe_allowed': True, 'research_only': True}",9f78d65cf7d244d3890ad6a57b98dec78816e490517ab3fd597159b62d703572,24027.95,2024-08-05 12:15:00+05:30,180,-0.026725291453858373,140.45000000000073,0.0,165.0500000000029,14.91000000000131,14.53000000000029,0.000415639747423582,13.85357142857174,-121.38093922652115,322.09999999999854,134.25,0.5302325581394334,0.3372093023255814,0.13255813953498524,0,0,-0.00043680020966407884,21.5,11.399999999997817,0.0,2024-08-05T12:16:00+05:30,24027.35,30,94.84999999999854,29.450000000000728,79.54999999999927,78.04999999999927,True,True,0.8386926726410173
NIFTY:2024-08-06,2024-08-06,NIFTY,compression_expansion_down,2024-08-06T10:07:00+05:30,2024-08-06T10:07:00+05:30,DOWN,{},"{'source_path': '/Users/madhuram/tradebot-structural-edge-discovery-v3/runtime/upstox_candidate_replay.zip!upstox_candidate_replay/20240806/underlying/NIFTY_20240806.parquet', 'source_hash': '4357f109ed631802b3774c34db9c318f71742f8e99de307408af71bf00810707'}",{'completed_bar_only': True},"{'buy_ce_allowed': False, 'buy_pe_allowed': True, 'research_only': True}",f8d2b7a46f38c6f415a62935e474ae4de14904c838b02585454af8b052c52774,24300.75,2024-08-06 10:06:00+05:30,51,0.011306846057259779,193.09999999999854,0.0,456.34999999999854,14.169999999998982,12.183333333333334,0.0003815722458261287,11.26071428571413,-18.683653846153902,81.84999999999854,111.25,0.7395498392283304,0.21864951768487428,0.04180064308679528,0,1,-0.0009640604829758148,31.099999999998545,23.0,0.0,2024-08-06T10:07:00+05:30,24301.5,30,124.29999999999927,9.5,122.25,120.75,True,True,0.983507642799684
NIFTY:2024-08-06,2024-08-06,NIFTY,compression_expansion_down,2024-08-06T11:02:00+05:30,2024-08-06T11:02:00+05:30,DOWN,{},"{'source_path': '/Users/madhuram/tradebot-structural-edge-discovery-v3/runtime/upstox_candidate_replay.zip!upstox_candidate_replay/20240806/underlying/NIFTY_20240806.parquet', 'source_hash': '4357f109ed631802b3774c34db9c318f71742f8e99de307408af71bf00810707'}",{'completed_bar_only': True},"{'buy_ce_allowed': False, 'buy_pe_allowed': True, 'research_only': True}",9604e4cf3b73fe6dbbdcd519c32e9ce9acfc9da9209b4f98f7a7dbef65627676,24229.4,2024-08-06 11:01:00+05:30,106,0.008452589826956788,193.09999999999854,0.0,456.34999999999854,14.589999999999417,15.770000000000193,0.0005688913620380895,16.003571428571636,-45.75981308411065,153.1999999999971,98.40000000000146,0.8697123519457775,0.03214890016923015,0.09813874788499244,6,1,-0.001086340352287496,29.549999999999272,25.69999999999709,0.0,2024-08-06T11:02:00+05:30,24229.35,30,34.19999999999709,31.0,-17.80000000000291,-19.30000000000291,True,True,-0.5204678362574393
NIFTY:2024-08-06,2024-08-06,NIFTY,compression_expansion_down,2024-08-06T11:08:00+05:30,2024-08-06T11:08:00+05:30,DOWN,{},"{'source_path': '/Users/madhuram/tradebot-structural-edge-discovery-v3/runtime/upstox_candidate_replay.zip!upstox_candidate_replay/20240806/underlying/NIFTY_20240806.parquet', 'source_hash': '4357f109ed631802b3774c34db9c318f71742f8e99de307408af71bf00810707'}",{'completed_bar_only': True},"{'buy_ce_allowed': False, 'buy_pe_allowed': True, 'research_only': True}",23577234d287808374d21bda13cf918cae2b8c6878aa9a7da3ca9fb9b0c8dfdf,24204.0,2024-08-06 11:07:00+05:30,112,0.00683732610449117,193.09999999999854,0.0,456.34999999999854,12.729999999999563,14.10666666666657,0.0005047915146814438,14.282142857142649,-68.55796460176862,178.59999999999854,73.0,0.47572815533980584,0.18058252427190116,0.34368932038829303,12,1,-0.0005326858516160327,25.75,12.25,0.0,2024-08-06T11:08:00+05:30,24203.15,30,0.75,57.19999999999709,-28.899999999997817,-30.399999999997817,False,False,-38.533333333330425
NIFTY:2024-08-06,2024-08-06,NIFTY,compression_expansion_down,2024-08-06T11:28:00+05:30,2024-08-06T11:28:00+05:30,DOWN,{},"{'source_path': '/Users/madhuram/tradebot-structural-edge-discovery-v3/runtime/upstox_candidate_replay.zip!upstox_candidate_replay/20240806/underlying/NIFTY_20240806.parquet', 'source_hash': '4357f109ed631802b3774c34db9c318f71742f8e99de307408af71bf00810707'}",{'completed_bar_only': True},"{'buy_ce_allowed': False, 'buy_pe_allowed': True, 'research_only': True}",5b599491e4d679086ee0cad0fb6fbcaa33c798bcd8e85b9ae0b0df977317cea2,24216.0,2024-08-06 11:27:00+05:30,132,0.007450585818940816,193.09999999999854,0.0,456.34999999999854,8.880000000001019,12.073333333333236,0.00047648073152529503,12.017857142857142,-50.278195488721394,166.59999999999854,85.0,0.8333333333333334,0.013888888888888888,0.1527777777777778,9,1,-0.0006293525922104193,18.0,15.0,0.0,2024-08-06T11:28:00+05:30,24216.3,30,8.599999999998545,32.400000000001455,-10.850000000002183,-12.350000000002183,False,False,-1.2616279069772114
NIFTY:2024-08-06,2024-08-06,NIFTY,compression_expansion_down,2024-08-06T11:50:00+05:30,2024-08-06T11:50:00+05:30,DOWN,{},"{'source_path': '/Users/madhuram/tradebot-structural-edge-discovery-v3/runtime/upstox_candidate_replay.zip!upstox_candidate_replay/20240806/underlying/NIFTY_20240806.parquet', 'source_hash': '4357f109ed631802b3774c34db9c318f71742f8e99de307408af71bf00810707'}",{'completed_bar_only': True},"{'buy_ce_allowed': False, 'buy_pe_allowed': True, 'research_only': True}",4ee5e795c9ab630230666dc2987463bec9eedb3895693a1d480549869168e5f9,24219.25,2024-08-06 11:49:00+05:30,154,0.007101339608677907,193.09999999999854,0.0,456.34999999999854,8.470000000000436,8.523333333333479,0.0002174898928477635,8.350000000000104,-41.93419354838625,163.34999999999854,88.25,0.27346938775498325,0.0857142857145233,0.6408163265304935,14,1,-0.00014862000136228737,12.25,3.349999999998545,0.0,2024-08-06T11:50:00+05:30,24219.7,30,12.0,29.25,1.2000000000007276,-0.2999999999992724,False,False,0.10000000000006064
NIFTY:2024-08-06,2024-08-06,NIFTY,compression_expansion_down,2024-08-06T11:54:00+05:30,2024-08-06T11:54:00+05:30,DOWN,{},"{'source_path': '/Users/madhuram/tradebot-structural-edge-discovery-v3/runtime/upstox_candidate_replay.zip!upstox_candidate_replay/20240806/underlying/NIFTY_20240806.parquet', 'source_hash': '4357f109ed631802b3774c34db9c318f71742f8e99de307408af71bf00810707'}",{'completed_bar_only': True},"{'buy_ce_allowed': False, 'buy_pe_allowed': True, 'research_only': True}",244cd9181e33b56751bde6aeef106bf83484af15576d880c02232187ebbf12f9,24210.2,2024-08-06 11:53:00+05:30,158,0.007045210753457152,193.09999999999854,0.0,456.34999999999854,8.520000000000437,8.38000000000029,0.0002241464620394834,8.432142857143065,-49.86132075471687,172.39999999999782,79.20000000000073,0.8154981549815399,0.0,0.1845018450184601,0,1,-0.0004273230789556548,13.549999999999272,11.049999999999272,0.0,2024-08-06T11:54:00+05:30,24209.2,30,0.0,39.75,-7.700000000000728,-9.200000000000728,False,False,0.0
NIFTY:2024-08-06,2024-08-06,NIFTY,compression_expansion_down,2024-08-06T12:18:00+05:30,2024-08-06T12:18:00+05:30,DOWN,{},"{'source_path': '/Users/madhuram/tradebot-structural-edge-discovery-v3/runtime/upstox_candidate_replay.zip!upstox_candidate_replay/20240806/underlying/NIFTY_20240806.parquet', 'source_hash': '4357f109ed631802b3774c34db9c318f71742f8e99de307408af71bf00810707'}",{'completed_bar_only': True},"{'buy_ce_allowed': False, 'buy_pe_allowed': True, 'research_only': True}",7da2e1b22050746e50fef2ab283af6f4fe1bd1957dcb184250b7de48c94af4aa,24221.95,2024-08-06 12:17:00+05:30,182,0.007251016555933504,193.09999999999854,0.0,456.34999999999854,7.970000000000437,7.579999999999806,0.00019394349335517637,7.446428571428312,-34.606557377046556,160.64999999999782,90.95000000000073,0.2901023890785415,0.47098976109207136,0.23890784982938712,0,1,-0.00020638173604192733,14.649999999997817,4.25,0.0,2024-08-06T12:18:00+05:30,24222.05,30,55.95000000000073,9.200000000000728,32.5,31.0,True,True,0.5808757819481605
NIFTY:2024-08-06,2024-08-06,NIFTY,compression_expansion_down,2024-08-06T13:36:00+05:30,2024-08-06T13:36:00+05:30,DOWN,{},"{'source_path': '/Users/madhuram/tradebot-structural-edge-discovery-v3/runtime/upstox_candidate_replay.zip!upstox_candidate_replay/20240806/underlying/NIFTY_20240806.parquet', 'source_hash': '4357f109ed631802b3774c34db9c318f71742f8e99de307408af71bf00810707'}",{'completed_bar_only': True},"{'buy_ce_allowed': False, 'buy_pe_allowed': True, 'research_only': True}",7a3584bfb664185b4d2dce258b1088f64e8bcc329f632a2863e779fcfd0992e9,24127.05,2024-08-06 13:35:00+05:30,260,0.0038188410015051757,193.09999999999854,0.0,456.34999999999854,10.940000000000145,10.443333333333188,0.00035808738742578757,10.735714285714234,-107.16149425287585,255.54999999999927,2.2999999999992724,0.779342723004824,0.11267605633792954,0.10798122065724652,0,1,-0.0007041072231046552,21.299999999999272,16.600000000002183,0.0,2024-08-06T13:36:00+05:30,24126.85,30,85.34999999999854,3.0,59.14999999999782,57.64999999999782,True,True,0.6930287053309763
NIFTY:2024-08-07,2024-08-07,NIFTY,compression_expansion_down,2024-08-07T09:55:00+05:30,2024-08-07T09:55:00+05:30,DOWN,{},"{'source_path': '/Users/madhuram/tradebot-structural-edge-discovery-v3/runtime/upstox_candidate_replay.zip!upstox_candidate_replay/20240807/underlying/NIFTY_20240807.parquet', 'source_hash': '4357f109ed631802b3774c34db9c318f71742f8e99de307408af71bf00810707'}",{'completed_bar_only': True},"{'buy_ce_allowed': False, 'buy_pe_allowed': True, 'research_only': True}",f058cd2483ce296dab72c94cfbaf3147e94185b623a0a122cec5f59e5e3a8222,24216.1,2024-08-07 09:54:00+05:30,39,0.008411333559410955,63.75,0.0,422.1999999999971,11.6,13.090000000000146,0.0005002607680588975,12.985714285714494,-35.88999999999942,90.35000000000218,0.049999999999272404,0.9973890339425969,0.0,0.0026109660574030603,4,1,-0.0008540731449696581,19.150000000001455,19.100000000002183,0.0,2024-08-07T09:55:00+05:30,24215.4,30,30.5,38.64999999999782,-2.5499999999992724,-4.049999999999272,False,False,-0.08360655737702533
NIFTY:2024-08-07,2024-08-07,NIFTY,compression_expansion_down,2024-08-07T11:24:00+05:30,2024-08-07T11:24:00+05:30,DOWN,{},"{'source_path': '/Users/madhuram/tradebot-structural-edge-discovery-v3/runtime/upstox_candidate_replay.zip!upstox_candidate_replay/20240807/underlying/NIFTY_20240807.parquet', 'source_hash': '4357f109ed631802b3774c34db9c318f71742f8e99de307408af71bf00810707'}",{'completed_bar_only': True},"{'buy_ce_allowed': False, 'buy_pe_allowed': True, 'research_only': True}",b3c9d770e5db4ff40b4f5c90d792a4d89877307f112e91a22870aaae732b6c96,24214.65,2024-08-07 11:23:00+05:30,128,0.008024366445374274,63.75,0.0,422.1999999999971,13.499999999999272,11.82666666666555,0.00033812297437961123,11.610714285713195,-38.24263565891306,123.04999999999927,29.75,0.5597014925373539,0.1940298507461741,0.24626865671647194,0,2,-0.0004189921072619285,20.099999999998545,11.25,0.0,2024-08-07T11:24:00+05:30,24214.6,30,2.25,39.35000000000218,-11.600000000002183,-13.100000000002183,False,False,-5.155555555556526
NIFTY:2024-08-07,2024-08-07,NIFTY,compression_expansion_down,2024-08-07T12:54:00+05:30,2024-08-07T12:54:00+05:30,DOWN,{},"{'source_path': '/Users/madhuram/tradebot-structural-edge-discovery-v3/runtime/upstox_candidate_replay.zip!upstox_candidate_replay/20240807/underlying/NIFTY_20240807.parquet', 'source_hash': '4357f109ed631802b3774c34db9c318f71742f8e99de307408af71bf00810707'}",{'completed_bar_only': True},"{'buy_ce_allowed': False, 'buy_pe_allowed': True, 'research_only': True}",401f92b4405b032ce6c9752a86faad7c46c0e948bad240760796577433eda7a8,24216.35,2024-08-07 12:53:00+05:30,218,0.008230332812522724,63.75,0.0,422.1999999999971,10.950000000000728,10.403333333334498,0.0002368154090589911,10.607142857144156,-30.93584474885938,121.35000000000218,31.44999999999709,0.7880434782609631,0.0652173913043951,0.14673913043464185,0,2,-0.0005365393623848469,18.399999999997817,14.5,0.0,2024-08-07T12:54:00+05:30,24217.35,30,16.5,20.0,14.049999999999272,12.549999999999272,False,False,0.8515151515151074
NIFTY:2024-08-07,2024-08-07,NIFTY,compression_expansion_down,2024-08-07T14:06:00+05:30,2024-08-07T14:06:00+05:30,DOWN,{},"{'source_path': '/Users/madhuram/tradebot-structural-edge-discovery-v3/runtime/upstox_candidate_replay.zip!upstox_candidate_replay/20240807/underlying/NIFTY_20240807.parquet', 'source_hash': '4357f109ed631802b3774c34db9c318f71742f8e99de307408af71bf00810707'}",{'completed_bar_only': True},"{'buy_ce_allowed': False, 'buy_pe_allowed': True, 'research_only': True}",83f3080a26c938bbf52f1d88feb880e36ac3b8e7b63b40f28cb6bbe0cd674362,24214.5,2024-08-07 14:05:00+05:30,290,0.008099263306155543,63.75,0.0,422.1999999999971,9.189999999999419,8.926666666666279,0.00020765205924595562,8.932142857142285,-26.32869415807727,123.20000000000073,29.599999999998545,0.7077747989275978,0.0,0.2922252010724023,0,2,-0.0004478779460358462,18.650000000001455,13.200000000000728,0.0,2024-08-07T14:06:00+05:30,24215.35,30,2.349999999998545,78.20000000000073,-58.30000000000291,-59.80000000000291,False,False,-24.808510638314473
NIFTY:2024-08-07,2024-08-07,NIFTY,compression_expansion_down,2024-08-07T14:34:00+05:30,2024-08-07T14:34:00+05:30,DOWN,{},"{'source_path': '/Users/madhuram/tradebot-structural-edge-discovery-v3/runtime/upstox_candidate_replay.zip!upstox_candidate_replay/20240807/underlying/NIFTY_20240807.parquet', 'source_hash': '4357f109ed631802b3774c34db9c318f71742f8e99de307408af71bf00810707'}",{'completed_bar_only': True},"{'buy_ce_allowed': False, 'buy_pe_allowed': True, 'research_only': True}",70a043071ba1706d2232b3d54f75c9a2ba9df7d0e467a555bb55dce8f2833234,24268.95,2024-08-07 14:33:00+05:30,318,0.01032328397768915,63.75,0.0,422.1999999999971,9.399999999999272,9.619999999998981,0.00023314261164778143,9.710714285713298,26.443416927901126,68.75,84.04999999999927,0.8652482269504955,0.1347517730495045,0.0,4,2,-0.0005086218612676552,14.099999999998545,12.200000000000728,0.0,2024-08-07T14:34:00+05:30,24270.1,30,25.649999999997817,16.450000000000728,-12.200000000000728,-13.700000000000728,True,True,-0.4756335282651761
NIFTY:2024-08-07,2024-08-07,NIFTY,compression_expansion_down,2024-08-07T14:47:00+05:30,2024-08-07T14:47:00+05:30,DOWN,{},"{'source_path': '/Users/madhuram/tradebot-structural-edge-discovery-v3/runtime/upstox_candidate_replay.zip!upstox_candidate_replay/20240807/underlying/NIFTY_20240807.parquet', 'source_hash': '4357f109ed631802b3774c34db9c318f71742f8e99de307408af71bf00810707'}",{'completed_bar_only': True},"{'buy_ce_allowed': False, 'buy_pe_allowed': True, 'research_only': True}",ee857ca1cc813391e2313b68669156df07ebd8a0b9d4192dd3d666fe0e4e0d3e,24254.5,2024-08-07 14:46:00+05:30,331,0.00985517859780603,63.75,0.0,422.1999999999971,9.130000000001019,9.15666666666657,0.00024121433286092888,9.003571428571377,11.000150602409121,83.20000000000073,69.59999999999854,0.9005847953216076,0.0,0.09941520467839243,9,2,-0.0005851158076040086,17.100000000002183,15.400000000001455,0.0,2024-08-07T14:47:00+05:30,24255.0,30,10.549999999999272,59.599999999998545,-46.70000000000073,-48.20000000000073,False,False,-4.426540284360564
NIFTY:2024-08-08,2024-08-08,NIFTY,compression_expansion_down,2024-08-08T09:58:00+05:30,2024-08-08T09:58:00+05:30,DOWN,{},"{'source_path': '/Users/madhuram/tradebot-structural-edge-discovery-v3/runtime/upstox_candidate_replay.zip!upstox_candidate_replay/20240808/underlying/NIFTY_20240808.parquet', 'source_hash': '4357f109ed631802b3774c34db9c318f71742f8e99de307408af71bf00810707'}",{'completed_bar_only': True},"{'buy_ce_allowed': False, 'buy_pe_allowed': True, 'research_only': True}",d8ceccee9b65a0e0cb3a47b606457e233ff57af75fcaadb0c926e067945b487e,24228.95,2024-08-08 09:57:00+05:30,42,-0.003098878275979007,61.64999999999782,0.0,152.79999999999927,10.65,11.79333333333343,0.00029598800618944085,11.935714285714441,-2.5186046511626046,34.54999999999927,36.10000000000218,0.55303030303036,0.14393939393932573,0.30303030303031414,4,0,-0.00045998160073590366,19.799999999999272,10.950000000000728,0.0,2024-08-08T09:58:00+05:30,24228.7,30,109.40000000000146,30.899999999997817,-13.200000000000728,-14.700000000000728,True,True,-0.12065813528336884
NIFTY:2024-08-08,2024-08-08,NIFTY,compression_expansion_down,2024-08-08T10:00:00+05:30,2024-08-08T10:00:00+05:30,DOWN,{},"{'source_path': '/Users/madhuram/tradebot-structural-edge-discovery-v3/runtime/upstox_candidate_replay.zip!upstox_candidate_replay/20240808/underlying/NIFTY_20240808.parquet', 'source_hash': '4357f109ed631802b3774c34db9c318f71742f8e99de307408af71bf00810707'}",{'completed_bar_only': True},"{'buy_ce_allowed': False, 'buy_pe_allowed': True, 'research_only': True}",2d658ae07b9619bc824c36d1ae505b1c32a96cc6417209dfe2a51f63f6d3086d,24205.4,2024-08-08 09:59:00+05:30,44,-0.003279834671656676,61.64999999999782,0.0,152.79999999999927,15.459999999999855,12.863333333333625,0.00043171482079241736,12.842857142857351,-25.56999999999607,58.099999999998545,12.55000000000291,0.9950413223140014,0.0,0.004958677685998519,0,0,-0.0012254952527531726,30.25,30.099999999998545,0.0,2024-08-08T10:00:00+05:30,24204.95,30,85.65000000000146,54.64999999999782,-12.899999999997817,-14.399999999997817,True,True,-0.1506129597197618
NIFTY:2024-08-08,2024-08-08,NIFTY,compression_expansion_down,2024-08-08T11:32:00+05:30,2024-08-08T11:32:00+05:30,DOWN,{},"{'source_path': '/Users/madhuram/tradebot-structural-edge-discovery-v3/runtime/upstox_candidate_replay.zip!upstox_candidate_replay/20240808/underlying/NIFTY_20240808.parquet', 'source_hash': '4357f109ed631802b3774c34db9c318f71742f8e99de307408af71bf00810707'}",{'completed_bar_only': True},"{'buy_ce_allowed': False, 'buy_pe_allowed': True, 'research_only': True}",cd8e2d175271c210582dcb46b6e2f23ecbb6da7cf817bc25c2fea9fca7e58e7b,24172.65,2024-08-08 11:31:00+05:30,136,-0.005019483657375486,61.64999999999782,0.0,152.79999999999927,13.38000000000029,15.500000000000243,0.0005792527727728413,13.6857142857147,-28.825912408759905,90.84999999999854,53.35000000000218,0.8090551181101612,0.0,0.19094488188983877,9,0,-0.0008390874200955301,25.400000000001455,20.549999999999272,0.0,2024-08-08T11:32:00+05:30,24171.8,30,0.0,76.95000000000073,-64.70000000000073,-66.20000000000073,False,False,0.0
NIFTY:2024-08-08,2024-08-08,NIFTY,compression_expansion_down,2024-08-08T12:41:00+05:30,2024-08-08T12:41:00+05:30,DOWN,{},"{'source_path': '/Users/madhuram/tradebot-structural-edge-discovery-v3/runtime/upstox_candidate_replay.zip!upstox_candidate_replay/20240808/underlying/NIFTY_20240808.parquet', 'source_hash': '4357f109ed631802b3774c34db9c318f71742f8e99de307408af71bf00810707'}",{'completed_bar_only': True},"{'buy_ce_allowed': False, 'buy_pe_allowed': True, 'research_only': True}",0f2c53c0eb31307f1196814484cf86bcaec59f3c837eb7fe9e7ae39bd79cf8e9,24286.15,2024-08-08 12:40:00+05:30,205,-9.870348855148333e-05,61.64999999999782,0.0,152.79999999999927,13.940000000000145,11.453333333333527,0.0003742181057335334,11.850000000000104,66.18543689320359,54.349999999998545,166.85000000000218,0.8826446280990773,0.1090909090910053,0.008264462809917356,0,1,-0.0011125643683266295,30.25,26.69999999999709,0.0,2024-08-08T12:41:00+05:30,24285.2,30,156.15000000000146,27.450000000000728,143.29999999999927,141.79999999999927,True,True,0.9177073326929103
NIFTY:2024-08-08,2024-08-08,NIFTY,compression_expansion_down,2024-08-08T12:50:00+05:30,2024-08-08T12:50:00+05:30,DOWN,{},"{'source_path': '/Users/madhuram/tradebot-structural-edge-discovery-v3/runtime/upstox_candidate_replay.zip!upstox_candidate_replay/20240808/underlying/NIFTY_20240808.parquet', 'source_hash': '4357f109ed631802b3774c34db9c318f71742f8e99de307408af71bf00810707'}",{'completed_bar_only': True},"{'buy_ce_allowed': False, 'buy_pe_allowed': True, 'research_only': True}",29d8be2fed45e97eb1cadc93dda0b54630f8625ca7b51ff325e863e5de73d0f5,24269.55,2024-08-08 12:49:00+05:30,214,-0.0012625821243869887,61.64999999999782,0.0,152.79999999999927,14.939999999999419,13.740000000000146,0.0004340579560850968,13.807142857143065,46.27372093022859,70.95000000000073,150.25,0.5976095617530227,0.14940239043825568,0.25298804780872164,0,1,-0.0006588279861893254,25.099999999998545,15.0,0.0,2024-08-08T12:50:00+05:30,24269.3,30,140.25,16.100000000002183,96.70000000000073,95.20000000000073,True,True,0.6894830659536594
NIFTY:2024-08-08,2024-08-08,NIFTY,compression_expansion_down,2024-08-08T13:23:00+05:30,2024-08-08T13:23:00+05:30,DOWN,{},"{'source_path': '/Users/madhuram/tradebot-structural-edge-discovery-v3/runtime/upstox_candidate_replay.zip!upstox_candidate_replay/20240808/underlying/NIFTY_20240808.parquet', 'source_hash': '4357f109ed631802b3774c34db9c318f71742f8e99de307408af71bf00810707'}",{'completed_bar_only': True},"{'buy_ce_allowed': False, 'buy_pe_allowed': True, 'research_only': True}",b8f25344fd5368006416228cbcd6f4a77ebc16ae91db350418335e67d893fe31,24159.2,2024-08-08 13:22:00+05:30,247,-0.005868744923453418,61.64999999999782,0.0,152.79999999999927,16.629999999998837,17.426666666667007,0.000431940696912444,17.10357142857174,-60.083064516129525,181.29999999999927,39.900000000001455,0.43203883495143974,0.0016181229773228457,0.5663430420712374,10,1,-0.0005688176246589904,30.899999999997817,13.349999999998545,0.0,2024-08-08T13:23:00+05:30,24159.7,30,67.54999999999927,19.649999999997817,-4.25,-5.75,True,True,-0.0629163582531465
NIFTY:2024-08-08,2024-08-08,NIFTY,compression_expansion_down,2024-08-08T13:48:00+05:30,2024-08-08T13:48:00+05:30,DOWN,{},"{'source_path': '/Users/madhuram/tradebot-structural-edge-discovery-v3/runtime/upstox_candidate_replay.zip!upstox_candidate_replay/20240808/underlying/NIFTY_20240808.parquet', 'source_hash': '4357f109ed631802b3774c34db9c318f71742f8e99de307408af71bf00810707'}",{'completed_bar_only': True},"{'buy_ce_allowed': False, 'buy_pe_allowed': True, 'research_only': True}",09541ae7732a813149ef09627b8592a7ce745a0021aedd58c47528aa3a59626c,24157.05,2024-08-08 13:47:00+05:30,272,-0.005850238019349996,61.64999999999782,0.0,152.79999999999927,15.929999999998836,15.330000000000048,0.0003798811295998043,15.535714285714286,-56.17893772893876,183.45000000000073,64.89999999999782,0.6418511066399059,0.2515090543259705,0.10663983903412363,0,1,-0.0006680952459748868,24.849999999998545,15.950000000000728,0.0,2024-08-08T13:48:00+05:30,24156.55,30,30.700000000000728,39.25,-21.75,-23.25,False,False,-0.708469055374576
NIFTY:2024-08-08,2024-08-08,NIFTY,compression_expansion_down,2024-08-08T13:58:00+05:30,2024-08-08T13:58:00+05:30,DOWN,{},"{'source_path': '/Users/madhuram/tradebot-structural-edge-discovery-v3/runtime/upstox_candidate_replay.zip!upstox_candidate_replay/20240808/underlying/NIFTY_20240808.parquet', 'source_hash': '4357f109ed631802b3774c34db9c318f71742f8e99de307408af71bf00810707'}",{'completed_bar_only': True},"{'buy_ce_allowed': False, 'buy_pe_allowed': True, 'research_only': True}",3f87ebf8169f40b4bfbda9b0196fd859285208bfe47bc4ffd10eb42904b62e57,24148.55,2024-08-08 13:57:00+05:30,282,-0.006329361203360091,61.64999999999782,0.0,152.79999999999927,12.590000000000874,13.353333333333286,0.00032932246799657335,13.128571428571377,-62.75865724381583,191.95000000000073,56.39999999999782,0.5831435079726127,0.08883826879274091,0.3280182232346464,6,1,-0.0005235667102627684,21.950000000000728,12.799999999999272,0.0,2024-08-08T13:58:00+05:30,24147.7,30,21.850000000002183,48.099999999998545,-4.599999999998545,-6.099999999998545,False,False,-0.21052631578938605
NIFTY:2024-08-09,2024-08-09,NIFTY,compression_expansion_down,2024-08-09T09:53:00+05:30,2024-08-09T09:53:00+05:30,DOWN,{},"{'source_path': '/Users/madhuram/tradebot-structural-edge-discovery-v3/runtime/upstox_candidate_replay.zip!upstox_candidate_replay/20240809/underlying/NIFTY_20240809.parquet', 'source_hash': '4357f109ed631802b3774c34db9c318f71742f8e99de307408af71bf00810707'}",{'completed_bar_only': True},"{'buy_ce_allowed': False, 'buy_pe_allowed': True, 'research_only': True}",4b4b2589992ecc6e30798c615efab2b921a57f392864077c41e923b9381381c7,24383.2,2024-08-09 09:52:00+05:30,37,0.012693630776763802,89.5,0.0,260.7999999999993,11.870000000000436,10.586666666666861,0.00032009272714047377,10.485714285714494,-0.8592105263160192,36.54999999999927,67.29999999999927,0.8359374999998435,0.021484375000111855,0.1425781250000447,0,3,-0.0008400365518344,25.600000000002183,21.399999999997817,0.0,2024-08-09T09:53:00+05:30,24383.4,30,44.85000000000218,3.0,42.10000000000218,40.60000000000218,True,True,0.9386845039018982
NIFTY:2024-08-09,2024-08-09,NIFTY,compression_expansion_down,2024-08-09T10:23:00+05:30,2024-08-09T10:23:00+05:30,DOWN,{},"{'source_path': '/Users/madhuram/tradebot-structural-edge-discovery-v3/runtime/upstox_candidate_replay.zip!upstox_candidate_replay/20240809/underlying/NIFTY_20240809.parquet', 'source_hash': '4357f109ed631802b3774c34db9c318f71742f8e99de307408af71bf00810707'}",{'completed_bar_only': True},"{'buy_ce_allowed': False, 'buy_pe_allowed': True, 'research_only': True}",3d5e051f009ce0929e20b3b6eeb9ec9e68c66d7aa8cc7b747b1c4827a1e990bf,24354.55,2024-08-09 10:22:00+05:30,67,0.011154128645943527,89.5,0.0,260.7999999999993,8.990000000000146,10.519999999999708,0.00034430651566882324,10.789285714285402,-20.816911764704855,65.20000000000073,38.64999999999782,0.8779661016949646,0.06440677966106628,0.05762711864396914,7,3,-0.0005724603484006385,14.75,12.950000000000728,0.0,2024-08-09T10:23:00+05:30,24354.3,30,43.099999999998545,8.049999999999272,11.549999999999272,10.049999999999272,True,True,0.2679814385150734
NIFTY:2024-08-09,2024-08-09,NIFTY,compression_expansion_down,2024-08-09T10:24:00+05:30,2024-08-09T10:24:00+05:30,DOWN,{},"{'source_path': '/Users/madhuram/tradebot-structural-edge-discovery-v3/runtime/upstox_candidate_replay.zip!upstox_candidate_replay/20240809/underlying/NIFTY_20240809.parquet', 'source_hash': '4357f109ed631802b3774c34db9c318f71742f8e99de307408af71bf00810707'}",{'completed_bar_only': True},"{'buy_ce_allowed': False, 'buy_pe_allowed': True, 'research_only': True}",9b1da9a3d9098d6b2672c21e8b986b76b75736c3dab759ec5a26b7c6aba5501a,24341.3,2024-08-09 10:23:00+05:30,68,0.010606381257080197,89.5,0.0,260.7999999999993,10.960000000000582,11.279999999999806,0.00036715029907779254,11.064285714285559,-33.57318840579683,78.45000000000073,25.399999999997817,0.7162534435261134,0.13223140495874727,0.15151515151513936,8,3,-0.0005440461843885247,18.150000000001455,13.0,0.0,2024-08-09T10:24:00+05:30,24340.45,30,29.25,21.899999999997817,1.8500000000021828,0.3500000000021828,True,True,0.06324786324793788
NIFTY:2024-08-09,2024-08-09,NIFTY,compression_expansion_down,2024-08-09T11:14:00+05:30,2024-08-09T11:14:00+05:30,DOWN,{},"{'source_path': '/Users/madhuram/tradebot-structural-edge-discovery-v3/runtime/upstox_candidate_replay.zip!upstox_candidate_replay/20240809/underlying/NIFTY_20240809.parquet', 'source_hash': '4357f109ed631802b3774c34db9c318f71742f8e99de307408af71bf00810707'}",{'completed_bar_only': True},"{'buy_ce_allowed': False, 'buy_pe_allowed': True, 'research_only': True}",9edfe5096677dd1f881598609fd8682b7fc7bb457bed91e011d0b7618907abae,24345.25,2024-08-09 11:13:00+05:30,118,0.010583558449210924,89.5,0.0,260.7999999999993,6.079999999999563,6.669999999999709,0.00021175808462663707,6.878571428571116,-15.176470588234224,74.5,34.04999999999927,0.7555555555555555,0.0,0.24444444444444444,7,3,-0.00036133620486122897,11.25,8.5,0.0,2024-08-09T11:14:00+05:30,24345.7,30,8.450000000000728,14.950000000000728,-9.549999999999272,-11.049999999999272,False,False,-1.130177514792716
NIFTY:2024-08-09,2024-08-09,NIFTY,compression_expansion_down,2024-08-09T11:28:00+05:30,2024-08-09T11:28:00+05:30,DOWN,{},"{'source_path': '/Users/madhuram/tradebot-structural-edge-discovery-v3/runtime/upstox_candidate_replay.zip!upstox_candidate_replay/20240809/underlying/NIFTY_20240809.parquet', 'source_hash': '4357f109ed631802b3774c34db9c318f71742f8e99de307408af71bf00810707'}",{'completed_bar_only': True},"{'buy_ce_allowed': False, 'buy_pe_allowed': True, 'research_only': True}",b32ca9ba6c892cafbe8a549757e24f2e75c27598366031ec614ba66983a82af0,24347.65,2024-08-09 11:27:00+05:30,132,0.010602231655649474,89.5,0.0,260.7999999999993,6.919999999998981,6.773333333333479,0.00021021326857021438,6.453571428571585,-11.593609022555029,72.09999999999854,36.45000000000073,0.6298076923077546,0.15865384615366956,0.2115384615385759,0,3,-0.00028126218973900663,10.399999999997817,6.549999999999272,0.0,2024-08-09T11:28:00+05:30,24347.2,30,2.350000000002183,24.200000000000728,-19.200000000000728,-20.700000000000728,False,False,-8.170212765950168
NIFTY:2024-08-09,2024-08-09,NIFTY,compression_expansion_down,2024-08-09T11:44:00+05:30,2024-08-09T11:44:00+05:30,DOWN,{},"{'source_path': '/Users/madhuram/tradebot-structural-edge-discovery-v3/runtime/upstox_candidate_replay.zip!upstox_candidate_replay/20240809/underlying/NIFTY_20240809.parquet', 'source_hash': '4357f109ed631802b3774c34db9c318f71742f8e99de307408af71bf00810707'}",{'completed_bar_only': True},"{'buy_ce_allowed': False, 'buy_pe_allowed': True, 'research_only': True}",781550899c5baf18ff452d872b7ec7030f394828312d5ae0fe91a8740f4da852,24354.1,2024-08-09 11:43:00+05:30,148,0.010849132940781069,89.5,0.0,260.7999999999993,5.909999999999127,5.453333333333043,0.00014510512494477471,5.485714285713974,-4.2875838926192955,65.65000000000146,42.89999999999782,0.7423312883441142,0.05521472392603805,0.20245398772984774,0,3,-0.00026887624098714813,8.149999999997817,6.05000000000291,0.0,2024-08-09T11:44:00+05:30,24354.15,30,4.80000000000291,20.75,2.400000000001455,0.9000000000014552,False,False,0.5
NIFTY:2024-08-09,2024-08-09,NIFTY,compression_expansion_down,2024-08-09T12:19:00+05:30,2024-08-09T12:19:00+05:30,DOWN,{},"{'source_path': '/Users/madhuram/tradebot-structural-edge-discovery-v3/runtime/upstox_candidate_replay.zip!upstox_candidate_replay/20240809/underlying/NIFTY_20240809.parquet', 'source_hash': '4357f109ed631802b3774c34db9c318f71742f8e99de307408af71bf00810707'}",{'completed_bar_only': True},"{'buy_ce_allowed': False, 'buy_pe_allowed': True, 'research_only': True}",a1c23782ff329c6c6f262a891f1318d73254e98789bcec96be49694d8e00c08c,24347.55,2024-08-09 12:18:00+05:30,183,0.010718420495711357,89.5,0.0,260.7999999999993,6.219999999998981,5.733333333333576,0.00016585000974122897,5.85357142857148,-11.407336956523068,72.20000000000073,36.349999999998545,0.8709677419356677,0.0,0.12903225806433224,0,3,-0.0003920828013186384,10.849999999998545,9.450000000000728,0.0,2024-08-09T12:19:00+05:30,24347.3,30,2.599999999998545,23.850000000002183,-4.350000000002183,-5.850000000002183,False,False,-1.673076923078699
NIFTY:2024-08-09,2024-08-09,NIFTY,compression_expansion_down,2024-08-09T12:43:00+05:30,2024-08-09T12:43:00+05:30,DOWN,{},"{'source_path': '/Users/madhuram/tradebot-structural-edge-discovery-v3/runtime/upstox_candidate_replay.zip!upstox_candidate_replay/20240809/underlying/NIFTY_20240809.parquet', 'source_hash': '4357f109ed631802b3774c34db9c318f71742f8e99de307408af71bf00810707'}",{'completed_bar_only': True},"{'buy_ce_allowed': False, 'buy_pe_allowed': True, 'research_only': True}",c84e3c35f511d47c4b348a715654f4694675a3750f0c36f09b2f6e25a6d4b5db,24363.8,2024-08-09 12:42:00+05:30,207,0.011232971073128456,89.5,0.0,260.7999999999993,4.430000000000291,5.013333333333382,0.0001220773918939597,5.057142857143065,5.131009615382936,55.95000000000073,52.599999999998545,0.7179487179487299,0.0,0.2820512820512701,5,3,-0.00024005268848759087,7.80000000000291,5.600000000002183,0.0,2024-08-09T12:43:00+05:30,24363.6,30,25.5,0.25,10.5,9.0,True,True,0.4117647058823529
NIFTY:2024-08-12,2024-08-12,NIFTY,compression_expansion_down,2024-08-12T09:46:00+05:30,2024-08-12T09:46:00+05:30,DOWN,{},"{'source_path': '/Users/madhuram/tradebot-structural-edge-discovery-v3/runtime/upstox_candidate_replay.zip!upstox_candidate_replay/20240812/underlying/NIFTY_20240812.parquet', 'source_hash': '4357f109ed631802b3774c34db9c318f71742f8e99de307408af71bf00810707'}",{'completed_bar_only': True},"{'buy_ce_allowed': False, 'buy_pe_allowed': True, 'research_only': True}",d2edce0919a05e43818dd72831d1e1cec79bca1720dd203c8bcfe404978c97f0,24254.05,2024-08-12 09:45:00+05:30,30,-0.0036713401520251155,64.45000000000073,0.0,108.54999999999927,12.970000000000436,12.283333333333333,0.0003441752396315725,11.460714285714337,-32.83548387096744,69.65000000000146,0.049999999999272404,0.8478701825557899,0.1501014198783168,0.002028397565893284,0,0,-0.0008300994471497347,24.650000000001455,20.900000000001455,0.0,2024-08-12T09:46:00+05:30,24253.5,30,41.400000000001455,13.450000000000728,-12.25,-13.75,True,True,-0.2958937198067529
NIFTY:2024-08-12,2024-08-12,NIFTY,compression_expansion_down,2024-08-12T11:12:00+05:30,2024-08-12T11:12:00+05:30,DOWN,{},"{'source_path': '/Users/madhuram/tradebot-structural-edge-discovery-v3/runtime/upstox_candidate_replay.zip!upstox_candidate_replay/20240812/underlying/NIFTY_20240812.parquet', 'source_hash': '4357f109ed631802b3774c34db9c318f71742f8e99de307408af71bf00810707'}",{'completed_bar_only': True},"{'buy_ce_allowed': False, 'buy_pe_allowed': True, 'research_only': True}",c0c2d4d9173326aabea0a9d951caf32479c63c976f9174092a2179527d8df5d9,24406.3,2024-08-12 11:11:00+05:30,116,0.0018715831294839414,64.45000000000073,0.0,108.54999999999927,9.600000000000728,10.15333333333377,0.00031713471861095373,10.26071428571465,106.1141025641009,6.100000000002183,194.20000000000073,0.25605536332183676,0.1660899653980162,0.577854671280147,9,5,-0.0001618172693848008,14.450000000000728,3.7000000000007276,0.0,2024-08-12T11:12:00+05:30,24406.55,30,2.2000000000007276,66.25,-10.799999999999272,-12.299999999999272,False,False,-4.909090909088955
NIFTY:2024-08-12,2024-08-12,NIFTY,compression_expansion_down,2024-08-12T11:27:00+05:30,2024-08-12T11:27:00+05:30,DOWN,{},"{'source_path': '/Users/madhuram/tradebot-structural-edge-discovery-v3/runtime/upstox_candidate_replay.zip!upstox_candidate_replay/20240812/underlying/NIFTY_20240812.parquet', 'source_hash': '4357f109ed631802b3774c34db9c318f71742f8e99de307408af71bf00810707'}",{'completed_bar_only': True},"{'buy_ce_allowed': False, 'buy_pe_allowed': True, 'research_only': True}",7e93f16028a519c34cd7fd400d1bd9f4cbf1c1c2eb6ddac970a45b451b4fcbb7,24428.95,2024-08-12 11:26:00+05:30,131,0.0038498793321403058,64.45000000000073,0.0,108.54999999999927,14.130000000001019,13.733333333333576,0.0005131462777361493,12.967857142857351,111.81931818182056,43.849999999998545,216.85000000000218,0.8850226928894833,0.043872919818475034,0.07110438729204163,0,10,-0.0011509950075846431,33.05000000000291,29.25,0.0,2024-08-12T11:27:00+05:30,24429.0,30,24.900000000001455,37.45000000000073,1.5,0.0,False,False,0.06024096385541817
NIFTY:2024-08-12,2024-08-12,NIFTY,compression_expansion_down,2024-08-12T12:27:00+05:30,2024-08-12T12:27:00+05:30,DOWN,{},"{'source_path': '/Users/madhuram/tradebot-structural-edge-discovery-v3/runtime/upstox_candidate_replay.zip!upstox_candidate_replay/20240812/underlying/NIFTY_20240812.parquet', 'source_hash': '4357f109ed631802b3774c34db9c318f71742f8e99de307408af71bf00810707'}",{'completed_bar_only': True},"{'buy_ce_allowed': False, 'buy_pe_allowed': True, 'research_only': True}",14c0995fa68bcafe2ddbd9bdd22fcc5d7de3b0d255660557637ec4a42a79f31e,24383.25,2024-08-12 12:26:00+05:30,191,0.0014077916960811376,64.45000000000073,0.0,108.54999999999927,9.809999999999127,9.373333333333237,0.0003200030393843937,9.367857142856987,34.041927083333576,89.54999999999927,171.15000000000146,0.8419618528611419,0.1117166212533752,0.04632152588548295,0,10,-0.0006782842482314644,18.349999999998545,15.450000000000728,0.0,2024-08-12T12:27:00+05:30,24383.1,30,2.5499999999992724,53.35000000000218,-31.25,-32.75,False,False,-12.25490196078781
NIFTY:2024-08-12,2024-08-12,NIFTY,compression_expansion_down,2024-08-12T12:51:00+05:30,2024-08-12T12:51:00+05:30,DOWN,{},"{'source_path': '/Users/madhuram/tradebot-structural-edge-discovery-v3/runtime/upstox_candidate_replay.zip!upstox_candidate_replay/20240812/underlying/NIFTY_20240812.parquet', 'source_hash': '4357f109ed631802b3774c34db9c318f71742f8e99de307408af71bf00810707'}",{'completed_bar_only': True},"{'buy_ce_allowed': False, 'buy_pe_allowed': True, 'research_only': True}",b9bd600f5accf01695aaffa65a293e78b1c89d7c495ca47ef1f1cf9975f07245,24420.8,2024-08-12 12:50:00+05:30,215,0.002834052962519055,64.45000000000073,0.0,108.54999999999927,8.590000000000146,7.330000000000049,0.00023387262252317053,7.278571428571532,64.34976851851752,52.0,208.70000000000073,0.8349834983498509,0.12871287128716438,0.03630363036298479,0,10,-0.000546366458419989,15.150000000001455,12.650000000001455,0.0,2024-08-12T12:51:00+05:30,24421.0,30,25.900000000001455,18.099999999998545,23.349999999998545,21.849999999998545,True,True,0.9015444015442947
NIFTY:2024-08-12,2024-08-12,NIFTY,compression_expansion_down,2024-08-12T12:59:00+05:30,2024-08-12T12:59:00+05:30,DOWN,{},"{'source_path': '/Users/madhuram/tradebot-structural-edge-discovery-v3/runtime/upstox_candidate_replay.zip!upstox_candidate_replay/20240812/underlying/NIFTY_20240812.parquet', 'source_hash': '4357f109ed631802b3774c34db9c318f71742f8e99de307408af71bf00810707'}",{'completed_bar_only': True},"{'buy_ce_allowed': False, 'buy_pe_allowed': True, 'research_only': True}",6582b6fbc4893230299a52a2dc59bc7e6fc1db298e7867c37a2eb560cd4a84d3,24405.35,2024-08-12 12:58:00+05:30,223,0.0020501223095991316,64.45000000000073,0.0,108.54999999999927,6.100000000000728,7.2433333333331875,0.00022774209781685918,7.246428571428623,46.82633928571522,67.45000000000073,193.25,0.8490566037734101,0.15094339622658995,0.0,4,10,-0.0003686356589465145,10.600000000002183,9.0,0.0,2024-08-12T12:59:00+05:30,24406.1,30,13.349999999998545,33.0,-9.200000000000728,-10.700000000000728,False,False,-0.6891385767791558
NIFTY:2024-08-13,2024-08-13,NIFTY,compression_expansion_down,2024-08-13T10:22:00+05:30,2024-08-13T10:22:00+05:30,DOWN,{},"{'source_path': '/Users/madhuram/tradebot-structural-edge-discovery-v3/runtime/upstox_candidate_replay.zip!upstox_candidate_replay/20240813/underlying/NIFTY_20240813.parquet', 'source_hash': '4357f109ed631802b3774c34db9c318f71742f8e99de307408af71bf00810707'}",{'completed_bar_only': True},"{'buy_ce_allowed': False, 'buy_pe_allowed': True, 'research_only': True}",ba12a95ed584167ff82392c38316842f89578f40d5c59b67c1f3b6f5111455ac,24306.6,2024-08-13 10:21:00+05:30,66,-0.0013409285057168247,51.60000000000218,0.0,260.7000000000007,7.869999999999709,8.153333333333284,0.00022765436344759677,7.625,-20.62985074626704,53.35000000000218,7.19999999999709,0.7431906614789099,0.007782101167202812,0.24902723735388732,6,0,-0.0003742438013301097,12.849999999998545,9.55000000000291,0.0,2024-08-13T10:22:00+05:30,24307.05,30,29.899999999997817,10.900000000001455,-1.2999999999992724,-2.7999999999992724,True,True,-0.04347826086954406
NIFTY:2024-08-13,2024-08-13,NIFTY,compression_expansion_down,2024-08-13T10:23:00+05:30,2024-08-13T10:23:00+05:30,DOWN,{},"{'source_path': '/Users/madhuram/tradebot-structural-edge-discovery-v3/runtime/upstox_candidate_replay.zip!upstox_candidate_replay/20240813/underlying/NIFTY_20240813.parquet', 'source_hash': '4357f109ed631802b3774c34db9c318f71742f8e99de307408af71bf00810707'}",{'completed_bar_only': True},"{'buy_ce_allowed': False, 'buy_pe_allowed': True, 'research_only': True}",6681fd1fde7cb6d480634790e3fc0e104a9a2875871d0303fe36f43d02775073,24293.35,2024-08-13 10:22:00+05:30,67,-0.0017146635563148904,51.60000000000218,0.0,260.7000000000007,9.289999999999418,8.046666666666715,0.00024026974835183375,8.235714285714234,-33.38161764706092,66.60000000000218,0.25,0.9820788530465959,0.0,0.017921146953404084,0,0,-0.0005451194325820641,13.950000000000728,13.700000000000728,0.0,2024-08-13T10:23:00+05:30,24293.1,30,15.94999999999709,24.850000000002183,-21.150000000001455,-22.650000000001455,False,False,-1.3260188087777627
NIFTY:2024-08-13,2024-08-13,NIFTY,compression_expansion_down,2024-08-13T10:31:00+05:30,2024-08-13T10:31:00+05:30,DOWN,{},"{'source_path': '/Users/madhuram/tradebot-structural-edge-discovery-v3/runtime/upstox_candidate_replay.zip!upstox_candidate_replay/20240813/underlying/NIFTY_20240813.parquet', 'source_hash': '4357f109ed631802b3774c34db9c318f71742f8e99de307408af71bf00810707'}",{'completed_bar_only': True},"{'buy_ce_allowed': False, 'buy_pe_allowed': True, 'research_only': True}",78f74960d77b086f82237f105ff7b30dcf03453ecea45ac1977fad465a8433b5,24286.95,2024-08-13 10:30:00+05:30,75,-0.0021746451570508907,51.60000000000218,0.0,260.7000000000007,7.019999999999709,8.166666666666424,0.000247922410664405,8.410714285714025,-36.99539473684126,73.0,2.0499999999992724,0.7325102880657955,0.09876543209884306,0.16872427983536137,4,0,-0.00035808879367293933,12.149999999997817,8.899999999997817,0.0,2024-08-13T10:31:00+05:30,24287.15,30,10.0,30.799999999999272,-24.19999999999709,-25.69999999999709,False,False,-2.419999999999709
NIFTY:2024-08-13,2024-08-13,NIFTY,compression_expansion_down,2024-08-13T11:05:00+05:30,2024-08-13T11:05:00+05:30,DOWN,{},"{'source_path': '/Users/madhuram/tradebot-structural-edge-discovery-v3/runtime/upstox_candidate_replay.zip!upstox_candidate_replay/20240813/underlying/NIFTY_20240813.parquet', 'source_hash': '4357f109ed631802b3774c34db9c318f71742f8e99de307408af71bf00810707'}",{'completed_bar_only': True},"{'buy_ce_allowed': False, 'buy_pe_allowed': True, 'research_only': True}",9a8a6dda41176b26e26b6792cab082bb81da91092a69cafbb4f6d9acdb237364,24296.95,2024-08-13 11:04:00+05:30,109,-0.001735198449204889,51.60000000000218,0.0,260.7000000000007,7.629999999999564,7.336666666666618,0.00020690161355541581,7.103571428571221,-20.59318181818162,63.0,19.799999999999272,0.8495575221238197,0.13274336283186697,0.017699115044313315,0,0,-0.0004175734661887587,11.299999999999272,9.599999999998545,0.0,2024-08-13T11:05:00+05:30,24296.35,30,5.399999999997817,32.95000000000073,-19.05000000000291,-20.55000000000291,False,False,-3.5277777777797428
NIFTY:2024-08-13,2024-08-13,NIFTY,compression_expansion_down,2024-08-13T11:41:00+05:30,2024-08-13T11:41:00+05:30,DOWN,{},"{'source_path': '/Users/madhuram/tradebot-structural-edge-discovery-v3/runtime/upstox_candidate_replay.zip!upstox_candidate_replay/20240813/underlying/NIFTY_20240813.parquet', 'source_hash': '4357f109ed631802b3774c34db9c318f71742f8e99de307408af71bf00810707'}",{'completed_bar_only': True},"{'buy_ce_allowed': False, 'buy_pe_allowed': True, 'research_only': True}",19cf82efe19df84a24c81d36e931711d735d6344cac8e28282921497b3d256a4,24314.35,2024-08-13 11:40:00+05:30,145,-0.0011253121303718384,51.60000000000218,0.0,260.7000000000007,5.509999999999127,6.0033333333335275,0.00017441070190284689,5.932142857143065,-1.7256849315053842,45.60000000000218,37.19999999999709,0.7500000000004837,0.17553191489342557,0.07446808510609065,5,0,-0.0003063095659038284,9.399999999997817,7.05000000000291,0.0,2024-08-13T11:41:00+05:30,24313.95,30,45.150000000001455,16.200000000000728,17.450000000000728,15.950000000000728,True,True,0.386489479512739
NIFTY:2024-08-13,2024-08-13,NIFTY,compression_expansion_down,2024-08-13T12:34:00+05:30,2024-08-13T12:34:00+05:30,DOWN,{},"{'source_path': '/Users/madhuram/tradebot-structural-edge-discovery-v3/runtime/upstox_candidate_replay.zip!upstox_candidate_replay/20240813/underlying/NIFTY_20240813.parquet', 'source_hash': '4357f109ed631802b3774c34db9c318f71742f8e99de307408af71bf00810707'}",{'completed_bar_only': True},"{'buy_ce_allowed': False, 'buy_pe_allowed': True, 'research_only': True}",7c0c05866b1f6c8f74d553b8f3891442fd75cebb32024ffda26ed826e2a2b5f3,24260.2,2024-08-13 12:33:00+05:30,198,-0.002940596661847752,51.60000000000218,0.0,260.7000000000007,8.88000000000029,8.013333333333382,0.0002545761633335044,7.660714285714286,-51.43618090451855,99.75,1.0499999999992724,0.8521303258146606,0.09523809523799971,0.05263157894733963,0,0,-0.0007270001256288738,19.94999999999709,17.0,0.0,2024-08-13T12:34:00+05:30,24260.2,30,56.54999999999927,11.0,50.70000000000073,49.20000000000073,True,True,0.8965517241379555
NIFTY:2024-08-13,2024-08-13,NIFTY,compression_expansion_down,2024-08-13T12:46:00+05:30,2024-08-13T12:46:00+05:30,DOWN,{},"{'source_path': '/Users/madhuram/tradebot-structural-edge-discovery-v3/runtime/upstox_candidate_replay.zip!upstox_candidate_replay/20240813/underlying/NIFTY_20240813.parquet', 'source_hash': '4357f109ed631802b3774c34db9c318f71742f8e99de307408af71bf00810707'}",{'completed_bar_only': True},"{'buy_ce_allowed': False, 'buy_pe_allowed': True, 'research_only': True}",d5aff4750766c73d59476cd199fbb44c9dd0ad86c4e97b6bf70cdd8d3bf17c28,24244.9,2024-08-13 12:45:00+05:30,210,-0.003897522670521661,51.60000000000218,0.0,260.7000000000007,7.75,9.566666666666425,0.0002474725385910834,9.85357142857096,-63.77464454976143,115.04999999999927,1.5500000000029104,0.6666666666666666,0.21851851851830292,0.1148148148150304,5,0,-0.0004349537938895809,13.5,9.0,0.0,2024-08-13T12:46:00+05:30,24243.8,30,40.599999999998545,9.0,2.25,0.75,True,True,0.055418719211824646
NIFTY:2024-08-13,2024-08-13,NIFTY,compression_expansion_down,2024-08-13T12:48:00+05:30,2024-08-13T12:48:00+05:30,DOWN,{},"{'source_path': '/Users/madhuram/tradebot-structural-edge-discovery-v3/runtime/upstox_candidate_replay.zip!upstox_candidate_replay/20240813/underlying/NIFTY_20240813.parquet', 'source_hash': '4357f109ed631802b3774c34db9c318f71742f8e99de307408af71bf00810707'}",{'completed_bar_only': True},"{'buy_ce_allowed': False, 'buy_pe_allowed': True, 'research_only': True}",c825aab278880ee5eb8d3f6d4ed9e1bd67183a8d71c347c78d456dc98fed2dd2,24223.95,2024-08-13 12:47:00+05:30,212,-0.0046449927717176435,51.60000000000218,0.0,260.7000000000007,10.35,10.353333333333042,0.00027366678358977,9.66785714285704,-83.98896713614886,136.0,1.2000000000007276,0.7993197278911169,0.11904761904761316,0.08163265306126995,7,0,-0.0005260617163227455,14.700000000000728,11.75,0.0,2024-08-13T12:48:00+05:30,24222.8,30,19.599999999998545,30.0,-21.299999999999272,-22.799999999999272,False,False,-1.0867346938775946
NIFTY:2024-08-14,2024-08-14,NIFTY,compression_expansion_down,2024-08-14T09:31:00+05:30,2024-08-14T09:31:00+05:30,DOWN,{},"{'source_path': '/Users/madhuram/tradebot-structural-edge-discovery-v3/runtime/upstox_candidate_replay.zip!upstox_candidate_replay/20240814/underlying/NIFTY_20240814.parquet', 'source_hash': '4357f109ed631802b3774c34db9c318f71742f8e99de307408af71bf00810707'}",{'completed_bar_only': True},"{'buy_ce_allowed': False, 'buy_pe_allowed': True, 'research_only': True}",c16b638289db6930f081235f160c8bd463f069522ee311e6dbec8e94361597f4,24114.0,2024-08-14 09:30:00+05:30,15,-0.00035416632147529007,66.20000000000073,0.0,243.45000000000073,15.109999999999854,13.746666666666957,0.00038120904547631263,13.492857142857506,-29.237499999999272,82.5,0.4500000000007276,0.7520161290323388,0.22983870967730874,0.01814516129035245,0,0,-0.00088252476662809,24.799999999999272,18.650000000001455,0.0,2024-08-14T09:31:00+05:30,24115.3,30,15.599999999998545,59.10000000000218,-13.600000000002183,-15.100000000002183,False,False,-0.8717948717950931
NIFTY:2024-08-14,2024-08-14,NIFTY,compression_expansion_down,2024-08-14T09:54:00+05:30,2024-08-14T09:54:00+05:30,DOWN,{},"{'source_path': '/Users/madhuram/tradebot-structural-edge-discovery-v3/runtime/upstox_candidate_replay.zip!upstox_candidate_replay/20240814/underlying/NIFTY_20240814.parquet', 'source_hash': '4357f109ed631802b3774c34db9c318f71742f8e99de307408af71bf00810707'}",{'completed_bar_only': True},"{'buy_ce_allowed': False, 'buy_pe_allowed': True, 'research_only': True}",1eae394ea0c3ff9354f8259279f221c4a14eb96bb16ab5f6ac71d959ac415cba,24127.8,2024-08-14 09:53:00+05:30,38,0.0003148145079780021,66.20000000000073,0.0,243.45000000000073,14.790000000000145,13.956666666667054,0.00045802851942528254,14.225000000000364,-10.969230769231217,68.70000000000073,28.099999999998545,0.8898305084746312,0.09533898305085334,0.014830508474515525,0,0,-0.0008902949567896057,23.599999999998545,21.0,0.0,2024-08-14T09:54:00+05:30,24127.45,30,17.549999999999272,43.89999999999782,-23.450000000000728,-24.950000000000728,False,False,-1.336182336182433
NIFTY:2024-08-14,2024-08-14,NIFTY,compression_expansion_down,2024-08-14T10:17:00+05:30,2024-08-14T10:17:00+05:30,DOWN,{},"{'source_path': '/Users/madhuram/tradebot-structural-edge-discovery-v3/runtime/upstox_candidate_replay.zip!upstox_candidate_replay/20240814/underlying/NIFTY_20240814.parquet', 'source_hash': '4357f109ed631802b3774c34db9c318f71742f8e99de307408af71bf00810707'}",{'completed_bar_only': True},"{'buy_ce_allowed': False, 'buy_pe_allowed': True, 'research_only': True}",704b1804faa4e5fabc5455f5f489f71c00a4b698fbbe124561dee0f8c6a66526,24141.45,2024-08-14 10:16:00+05:30,61,0.0004059450234453661,66.20000000000073,0.0,243.45000000000073,8.579999999999563,8.473333333333478,0.00021183968506307722,8.53214285714291,5.0225806451635435,55.04999999999927,41.75,0.5634218289084875,0.24483775811216973,0.1917404129793428,0,0,-0.00039749824541779333,16.950000000000728,9.549999999999272,0.0,2024-08-14T10:17:00+05:30,24142.0,30,4.5,29.349999999998545,-18.200000000000728,-19.700000000000728,False,False,-4.044444444444606
NIFTY:2024-08-14,2024-08-14,NIFTY,compression_expansion_down,2024-08-14T10:51:00+05:30,2024-08-14T10:51:00+05:30,DOWN,{},"{'source_path': '/Users/madhuram/tradebot-structural-edge-discovery-v3/runtime/upstox_candidate_replay.zip!upstox_candidate_replay/20240814/underlying/NIFTY_20240814.parquet', 'source_hash': '4357f109ed631802b3774c34db9c318f71742f8e99de307408af71bf00810707'}",{'completed_bar_only': True},"{'buy_ce_allowed': False, 'buy_pe_allowed': True, 'research_only': True}",1ee9bf46d4aa2169d51e245727d076181d0f6f9032a08324b4b799b66ac57262,24153.2,2024-08-14 10:50:00+05:30,95,0.0007207595314233682,66.20000000000073,0.0,243.45000000000073,7.25,6.429999999999564,0.0001525095479361273,6.37499999999948,10.352083333335031,43.29999999999927,53.5,0.5454545454544453,0.17676767676771574,0.277777777777839,0,0,-0.00022145368823867084,9.899999999997817,5.399999999997817,0.0,2024-08-14T10:51:00+05:30,24153.6,30,35.29999999999927,6.900000000001455,21.75,20.25,True,True,0.6161473087818824
NIFTY:2024-08-14,2024-08-14,NIFTY,compression_expansion_down,2024-08-14T12:23:00+05:30,2024-08-14T12:23:00+05:30,DOWN,{},"{'source_path': '/Users/madhuram/tradebot-structural-edge-discovery-v3/runtime/upstox_candidate_replay.zip!upstox_candidate_replay/20240814/underlying/NIFTY_20240814.parquet', 'source_hash': '4357f109ed631802b3774c34db9c318f71742f8e99de307408af71bf00810707'}",{'completed_bar_only': True},"{'buy_ce_allowed': False, 'buy_pe_allowed': True, 'research_only': True}",a74f275c12d4d610d601334fb1e417f6520a47d79373a3f91e42839f39b51b77,24151.6,2024-08-14 12:22:00+05:30,187,0.0007456133083690951,66.20000000000073,0.0,243.45000000000073,5.549999999999272,6.249999999999515,0.0001628605093358411,6.310714285713662,8.32499999999709,44.900000000001455,51.89999999999782,0.7562189054729087,0.07960199004968462,0.16417910447740663,8,0,-0.00030009706587852403,10.049999999999272,7.600000000002183,0.0,2024-08-14T12:23:00+05:30,24152.15,30,6.700000000000728,28.649999999997817,-21.649999999997817,-23.149999999997817,False,False,-3.231343283581413
NIFTY:2024-08-14,2024-08-14,NIFTY,compression_expansion_down,2024-08-14T12:31:00+05:30,2024-08-14T12:31:00+05:30,DOWN,{},"{'source_path': '/Users/madhuram/tradebot-structural-edge-discovery-v3/runtime/upstox_candidate_replay.zip!upstox_candidate_replay/20240814/underlying/NIFTY_20240814.parquet', 'source_hash': '4357f109ed631802b3774c34db9c318f71742f8e99de307408af71bf00810707'}",{'completed_bar_only': True},"{'buy_ce_allowed': False, 'buy_pe_allowed': True, 'research_only': True}",ed80f59545d50e7b76bd90f710e3d255ee52538f47ef0d7b369c6ebbdcf9e9e1,24156.45,2024-08-14 12:30:00+05:30,195,0.0007393998641326258,66.20000000000073,0.0,243.45000000000073,5.809999999999855,5.759999999999369,0.0001297573084617804,5.867857142856467,12.54897959184018,40.04999999999927,56.75,0.3005780346818621,0.18497109826611718,0.5144508670520207,0,0,-7.450870820524536e-05,8.650000000001455,2.599999999998545,0.0,2024-08-14T12:31:00+05:30,24156.65,30,11.200000000000728,37.69999999999709,-30.849999999998545,-32.349999999998545,False,False,-2.754464285713977
NIFTY:2024-08-14,2024-08-14,NIFTY,compression_expansion_down,2024-08-14T13:35:00+05:30,2024-08-14T13:35:00+05:30,DOWN,{},"{'source_path': '/Users/madhuram/tradebot-structural-edge-discovery-v3/runtime/upstox_candidate_replay.zip!upstox_candidate_replay/20240814/underlying/NIFTY_20240814.parquet', 'source_hash': '4357f109ed631802b3774c34db9c318f71742f8e99de307408af71bf00810707'}",{'completed_bar_only': True},"{'buy_ce_allowed': False, 'buy_pe_allowed': True, 'research_only': True}",d996632a06b11f4c0a5731d397c9438a42f7b12a1a4a92d980d3f03d34ee178b,24153.2,2024-08-14 13:34:00+05:30,259,0.0008284592315212168,66.20000000000073,0.0,243.45000000000073,6.590000000000873,6.5000000000002425,0.00014939368683817374,6.246428571428623,3.8015384615391667,43.29999999999927,53.5,0.6037735849056604,0.1433962264149296,0.25283018867941004,0,0,-0.0003000771922708756,13.25,8.0,0.0,2024-08-14T13:35:00+05:30,24154.4,30,8.80000000000291,14.849999999998545,-3.599999999998545,-5.099999999998545,False,False,-0.4090909090906084
NIFTY:2024-08-14,2024-08-14,NIFTY,compression_expansion_down,2024-08-14T13:55:00+05:30,2024-08-14T13:55:00+05:30,DOWN,{},"{'source_path': '/Users/madhuram/tradebot-structural-edge-discovery-v3/runtime/upstox_candidate_replay.zip!upstox_candidate_replay/20240814/underlying/NIFTY_20240814.parquet', 'source_hash': '4357f109ed631802b3774c34db9c318f71742f8e99de307408af71bf00810707'}",{'completed_bar_only': True},"{'buy_ce_allowed': False, 'buy_pe_allowed': True, 'research_only': True}",9bc4f82350c1ef642c82648574712591a7e419a4da876318d70902f24684c6f5,24155.5,2024-08-14 13:54:00+05:30,279,0.0007953208622603982,66.20000000000073,0.0,243.45000000000073,5.280000000001019,5.103333333333042,8.53792149819425e-05,5.253571428571116,5.229642857142608,41.0,55.79999999999927,0.6202531645570319,0.06329113924049468,0.3164556962024734,0,0,-0.00018005078673910546,7.900000000001455,4.900000000001455,0.0,2024-08-14T13:55:00+05:30,24155.75,30,10.150000000001455,22.0,-7.599999999998545,-9.099999999998545,False,False,-0.7487684729061532
NIFTY:2024-08-16,2024-08-16,NIFTY,compression_expansion_down,2024-08-16T09:38:00+05:30,2024-08-16T09:38:00+05:30,DOWN,{},"{'source_path': '/Users/madhuram/tradebot-structural-edge-discovery-v3/runtime/upstox_candidate_replay.zip!upstox_candidate_replay/20240816/underlying/NIFTY_20240816.parquet', 'source_hash': '4357f109ed631802b3774c34db9c318f71742f8e99de307408af71bf00810707'}",{'completed_bar_only': True},"{'buy_ce_allowed': False, 'buy_pe_allowed': True, 'research_only': True}",bae0b38d62d1147796d709cf4664163c0278455f40a5167cecb11d84068e905c,24365.65,2024-08-16 09:37:00+05:30,22,0.010348112406552156,100.75,0.0,96.79999999999927,18.349999999999273,13.456666666665843,0.00039608977114588003,13.735714285713454,-8.858695652172173,37.89999999999782,62.85000000000218,0.6145610278371872,0.009635974304083953,0.37580299785872884,0,2,-0.0011253182252357607,46.70000000000073,28.69999999999709,0.0,2024-08-16T09:38:00+05:30,24363.6,30,89.19999999999709,19.350000000002183,65.54999999999927,64.04999999999927,True,True,0.7348654708520338
NIFTY:2024-08-16,2024-08-16,NIFTY,compression_expansion_down,2024-08-16T09:52:00+05:30,2024-08-16T09:52:00+05:30,DOWN,{},"{'source_path': '/Users/madhuram/tradebot-structural-edge-discovery-v3/runtime/upstox_candidate_replay.zip!upstox_candidate_replay/20240816/underlying/NIFTY_20240816.parquet', 'source_hash': '4357f109ed631802b3774c34db9c318f71742f8e99de307408af71bf00810707'}",{'completed_bar_only': True},"{'buy_ce_allowed': False, 'buy_pe_allowed': True, 'research_only': True}",1e9461531e3bfe542c61777b3ca5de8e0e6e6a00a06248a913c04a868f6eb0ac,24292.8,2024-08-16 09:51:00+05:30,36,0.007310153451096523,100.75,0.0,96.79999999999927,18.129999999999562,18.923333333332994,0.0005246777765718569,16.939285714285298,-67.60810810810653,110.75,0.8499999999985448,0.7943661971831191,0.18169014084509091,0.023943661971789994,5,2,-0.0011943992747261989,35.5,28.200000000000728,0.0,2024-08-16T09:52:00+05:30,24293.05,30,25.349999999998545,32.650000000001455,11.049999999999272,9.549999999999272,False,False,0.43589743589743224
NIFTY:2024-08-16,2024-08-16,NIFTY,compression_expansion_down,2024-08-16T10:57:00+05:30,2024-08-16T10:57:00+05:30,DOWN,{},"{'source_path': '/Users/madhuram/tradebot-structural-edge-discovery-v3/runtime/upstox_candidate_replay.zip!upstox_candidate_replay/20240816/underlying/NIFTY_20240816.parquet', 'source_hash': '4357f109ed631802b3774c34db9c318f71742f8e99de307408af71bf00810707'}",{'completed_bar_only': True},"{'buy_ce_allowed': False, 'buy_pe_allowed': True, 'research_only': True}",41cc5dcb9f8defb5f2dd12a287d60d70b7803823f379b261725c4ecc733dec76,24248.3,2024-08-16 10:56:00+05:30,101,0.004883099670732525,100.75,0.0,96.79999999999927,11.080000000000291,11.440000000000145,0.000368495848812155,10.900000000000157,-55.70343137254895,155.25,43.79999999999927,0.8150289017342645,0.12138728323691521,0.0635838150288203,10,2,-0.0005605496684102373,17.299999999999272,14.100000000002183,0.0,2024-08-16T10:57:00+05:30,24249.5,30,23.099999999998545,64.15000000000146,-49.400000000001455,-50.900000000001455,False,False,-2.1385281385283363
NIFTY:2024-08-16,2024-08-16,NIFTY,compression_expansion_down,2024-08-16T11:09:00+05:30,2024-08-16T11:09:00+05:30,DOWN,{},"{'source_path': '/Users/madhuram/tradebot-structural-edge-discovery-v3/runtime/upstox_candidate_replay.zip!upstox_candidate_replay/20240816/underlying/NIFTY_20240816.parquet', 'source_hash': '4357f109ed631802b3774c34db9c318f71742f8e99de307408af71bf00810707'}",{'completed_bar_only': True},"{'buy_ce_allowed': False, 'buy_pe_allowed': True, 'research_only': True}",71d6f45efe61fa650472d867c1e6b394518735c19d1ca3da36aca3045e352a20,24232.8,2024-08-16 11:08:00+05:30,113,0.004226635465633965,100.75,0.0,96.79999999999927,9.129999999998109,9.723333333332752,0.0002703856745299627,9.91785714285652,-65.50833333333503,170.75,28.299999999999272,0.7372654155496842,0.1608579088472038,0.10187667560311205,6,2,-0.0005712129304461522,18.649999999997817,13.75,0.0,2024-08-16T11:09:00+05:30,24232.2,30,5.799999999999272,107.75,-79.79999999999927,-81.29999999999927,False,False,-13.758620689656773
NIFTY:2024-08-16,2024-08-16,NIFTY,compression_expansion_down,2024-08-16T12:47:00+05:30,2024-08-16T12:47:00+05:30,DOWN,{},"{'source_path': '/Users/madhuram/tradebot-structural-edge-discovery-v3/runtime/upstox_candidate_replay.zip!upstox_candidate_replay/20240816/underlying/NIFTY_20240816.parquet', 'source_hash': '4357f109ed631802b3774c34db9c318f71742f8e99de307408af71bf00810707'}",{'completed_bar_only': True},"{'buy_ce_allowed': False, 'buy_pe_allowed': True, 'research_only': True}",7c7178190eeec57369fbc4d07fe61f9e8893cb9ac48c0a0c093bbf7abb2c6306,24422.5,2024-08-16 12:46:00+05:30,211,0.012056576031808427,100.75,0.0,96.79999999999927,9.569999999999709,9.079999999999806,0.00023153878486145056,8.985714285714234,96.10070754716799,29.75,218.0,0.7891566265060056,0.20481927710853934,0.006024096385455035,0,5,-0.0005279226040908469,16.599999999998545,13.099999999998545,0.0,2024-08-16T12:47:00+05:30,24424.15,30,10.80000000000291,34.94999999999709,-21.69999999999709,-23.19999999999709,False,False,-2.009259259258448
NIFTY:2024-08-16,2024-08-16,NIFTY,compression_expansion_down,2024-08-16T12:59:00+05:30,2024-08-16T12:59:00+05:30,DOWN,{},"{'source_path': '/Users/madhuram/tradebot-structural-edge-discovery-v3/runtime/upstox_candidate_replay.zip!upstox_candidate_replay/20240816/underlying/NIFTY_20240816.parquet', 'source_hash': '4357f109ed631802b3774c34db9c318f71742f8e99de307408af71bf00810707'}",{'completed_bar_only': True},"{'buy_ce_allowed': False, 'buy_pe_allowed': True, 'research_only': True}",ab72b9713adda61306fe1914be6824a681605a94049eef1b642c8e34e452a6e4,24423.45,2024-08-16 12:58:00+05:30,223,0.011913686346787113,100.75,0.0,96.79999999999927,7.220000000000437,7.969999999999952,0.0002287366901076438,7.917857142857039,91.75758928571668,28.799999999999272,218.95000000000073,0.7044534412956884,0.2955465587043115,0.0,8,5,-0.00033767605201440176,12.349999999998545,8.700000000000728,0.0,2024-08-16T12:59:00+05:30,24423.8,30,4.200000000000728,35.29999999999927,-14.25,-15.75,False,False,-3.3928571428565553
NIFTY:2024-08-16,2024-08-16,NIFTY,compression_expansion_down,2024-08-16T13:12:00+05:30,2024-08-16T13:12:00+05:30,DOWN,{},"{'source_path': '/Users/madhuram/tradebot-structural-edge-discovery-v3/runtime/upstox_candidate_replay.zip!upstox_candidate_replay/20240816/underlying/NIFTY_20240816.parquet', 'source_hash': '4357f109ed631802b3774c34db9c318f71742f8e99de307408af71bf00810707'}",{'completed_bar_only': True},"{'buy_ce_allowed': False, 'buy_pe_allowed': True, 'research_only': True}",721bf7a4abac0420c80a843dbc705557bea9e7ea5c50b3c829a58cff29109226,24442.15,2024-08-16 13:11:00+05:30,236,0.012655056016898229,100.75,0.0,96.79999999999927,6.439999999999418,8.43999999999966,0.00028265670603789243,8.485714285713973,104.24662447257651,16.94999999999709,237.65000000000146,0.6528925619833692,0.2024793388430597,0.1446280991735711,5,5,-0.00034355055407742086,12.099999999998545,7.899999999997817,0.0,2024-08-16T13:12:00+05:30,24441.65,30,14.0,25.25,-19.19999999999709,-20.69999999999709,False,False,-1.3714285714283636
NIFTY:2024-08-16,2024-08-16,NIFTY,compression_expansion_down,2024-08-16T13:29:00+05:30,2024-08-16T13:29:00+05:30,DOWN,{},"{'source_path': '/Users/madhuram/tradebot-structural-edge-discovery-v3/runtime/upstox_candidate_replay.zip!upstox_candidate_replay/20240816/underlying/NIFTY_20240816.parquet', 'source_hash': '4357f109ed631802b3774c34db9c318f71742f8e99de307408af71bf00810707'}",{'completed_bar_only': True},"{'buy_ce_allowed': False, 'buy_pe_allowed': True, 'research_only': True}",35930b95c0cf8757c4d20f09885922b6ebbc753db4eb91b4517797d2d7cd34e9,24434.15,2024-08-16 13:28:00+05:30,253,0.012684048126902608,100.75,0.0,96.79999999999927,7.890000000000145,7.679999999999806,0.00033860647871613686,7.978571428571221,89.11811023622431,24.94999999999709,229.65000000000146,0.9325842696628777,0.028089887640450586,0.0393258426966717,0,5,-0.0007218282498628881,17.799999999999272,16.599999999998545,0.0,2024-08-16T13:29:00+05:30,24433.8,30,6.149999999997817,61.85000000000218,-48.0,-49.5,False,False,-7.804878048783258
NIFTY:2024-08-19,2024-08-19,NIFTY,compression_expansion_down,2024-08-19T09:50:00+05:30,2024-08-19T09:50:00+05:30,DOWN,{},"{'source_path': '/Users/madhuram/tradebot-structural-edge-discovery-v3/runtime/upstox_candidate_replay.zip!upstox_candidate_replay/20240819/underlying/NIFTY_20240819.parquet', 'source_hash': '4357f109ed631802b3774c34db9c318f71742f8e99de307408af71bf00810707'}",{'completed_bar_only': True},"{'buy_ce_allowed': False, 'buy_pe_allowed': True, 'research_only': True}",8bd13b21077dfc7ce382edeb04ac5ebdabd4a515570be8c4e1e20156bdbe853e,24605.5,2024-08-19 09:49:00+05:30,34,0.0031357990480537557,62.54999999999927,0.0,359.40000000000146,11.11999999999971,10.909999999999611,0.0002942343227025113,10.72857142857122,-1.1385714285715949,33.29999999999927,29.25,0.6870967741936422,0.1322580645160821,0.18064516129027564,0,1,-0.00039812636855940386,15.5,10.650000000001455,0.0,2024-08-19T09:50:00+05:30,24604.45,30,40.75,0.6499999999978172,34.54999999999927,33.04999999999927,True,True,0.8478527607361784
NIFTY:2024-08-19,2024-08-19,NIFTY,compression_expansion_down,2024-08-19T10:19:00+05:30,2024-08-19T10:19:00+05:30,DOWN,{},"{'source_path': '/Users/madhuram/tradebot-structural-edge-discovery-v3/runtime/upstox_candidate_replay.zip!upstox_candidate_replay/20240819/underlying/NIFTY_20240819.parquet', 'source_hash': '4357f109ed631802b3774c34db9c318f71742f8e99de307408af71bf00810707'}",{'completed_bar_only': True},"{'buy_ce_allowed': False, 'buy_pe_allowed': True, 'research_only': True}",3f71bc1a8e94fb159510571bcaa6f65c5b4d61d197a06d33e3f5d66efc23356f,24569.65,2024-08-19 10:18:00+05:30,63,0.0016218947642954648,62.54999999999927,0.0,359.40000000000146,10.319999999999709,10.723333333332508,0.0002028799405846384,10.37499999999922,-27.064062499997817,69.14999999999782,3.650000000001455,0.5165745856353202,0.3176795580110753,0.16574585635360448,6,1,-0.00037633905504319554,18.099999999998545,9.349999999998545,0.0,2024-08-19T10:19:00+05:30,24569.55,30,27.950000000000728,13.549999999999272,13.049999999999272,11.549999999999272,True,True,0.4669051878353822
NIFTY:2024-08-19,2024-08-19,NIFTY,compression_expansion_down,2024-08-19T11:04:00+05:30,2024-08-19T11:04:00+05:30,DOWN,{},"{'source_path': '/Users/madhuram/tradebot-structural-edge-discovery-v3/runtime/upstox_candidate_replay.zip!upstox_candidate_replay/20240819/underlying/NIFTY_20240819.parquet', 'source_hash': '4357f109ed631802b3774c34db9c318f71742f8e99de307408af71bf00810707'}",{'completed_bar_only': True},"{'buy_ce_allowed': False, 'buy_pe_allowed': True, 'research_only': True}",894b9bd6bda88bf3b5cf3f972f0723cf10883b4aac532805a1054ad87bed190b,24528.35,2024-08-19 11:03:00+05:30,108,0.00013244115537588836,62.54999999999927,0.0,359.40000000000146,9.550000000000727,9.196666666666959,0.00023698314866760846,9.189285714286077,-52.32431192660806,110.45000000000073,3.099999999998545,0.7440633245383452,0.09234828496041862,0.1635883905012362,0,1,-0.0006457737469545144,18.950000000000728,14.100000000002183,0.0,2024-08-19T11:04:00+05:30,24528.6,30,5.649999999997817,67.25,-56.60000000000218,-58.10000000000218,False,False,-10.017699115048504
NIFTY:2024-08-19,2024-08-19,NIFTY,compression_expansion_down,2024-08-19T11:33:00+05:30,2024-08-19T11:33:00+05:30,DOWN,{},"{'source_path': '/Users/madhuram/tradebot-structural-edge-discovery-v3/runtime/upstox_candidate_replay.zip!upstox_candidate_replay/20240819/underlying/NIFTY_20240819.parquet', 'source_hash': '4357f109ed631802b3774c34db9c318f71742f8e99de307408af71bf00810707'}",{'completed_bar_only': True},"{'buy_ce_allowed': False, 'buy_pe_allowed': True, 'research_only': True}",a78ea03a53063ceff36bf73556920e5c3aa962c58a6a2eb62135ff1958657af2,24585.6,2024-08-19 11:32:00+05:30,137,0.001954016430853521,62.54999999999927,0.0,359.40000000000146,8.479999999999563,7.383333333332848,0.0001849056947899602,7.274999999999636,9.080434782605153,53.20000000000073,62.64999999999782,0.1462264150945841,0.5707547169809459,0.28301886792447,0,1,-8.337519039036678e-05,10.600000000002183,1.5500000000029104,0.0,2024-08-19T11:33:00+05:30,24584.95,30,15.799999999999272,13.049999999999272,7.200000000000728,5.700000000000728,True,False,0.4556962025317126
NIFTY:2024-08-19,2024-08-19,NIFTY,compression_expansion_down,2024-08-19T12:03:00+05:30,2024-08-19T12:03:00+05:30,DOWN,{},"{'source_path': '/Users/madhuram/tradebot-structural-edge-discovery-v3/runtime/upstox_candidate_replay.zip!upstox_candidate_replay/20240819/underlying/NIFTY_20240819.parquet', 'source_hash': '4357f109ed631802b3774c34db9c318f71742f8e99de307408af71bf00810707'}",{'completed_bar_only': True},"{'buy_ce_allowed': False, 'buy_pe_allowed': True, 'research_only': True}",53a85d3b4aa868d6895d119a29b1195a247ad8da0fed6cf5d7fa93d4ec03570c,24570.55,2024-08-19 12:02:00+05:30,167,0.0018949272999934797,62.54999999999927,0.0,359.40000000000146,7.809999999999855,7.086666666666618,0.0002433029616626333,7.089285714285714,-7.435416666667152,68.25,47.599999999998545,0.9071856287427602,0.008982035928014572,0.08383233532922522,0,1,-0.0006446653434419858,16.69999999999709,15.150000000001455,0.0,2024-08-19T12:03:00+05:30,24571.8,30,19.549999999999272,13.75,-0.3500000000021828,-1.8500000000021828,True,False,-0.017902813299345056
NIFTY:2024-08-19,2024-08-19,NIFTY,compression_expansion_down,2024-08-19T12:11:00+05:30,2024-08-19T12:11:00+05:30,DOWN,{},"{'source_path': '/Users/madhuram/tradebot-structural-edge-discovery-v3/runtime/upstox_candidate_replay.zip!upstox_candidate_replay/20240819/underlying/NIFTY_20240819.parquet', 'source_hash': '4357f109ed631802b3774c34db9c318f71742f8e99de307408af71bf00810707'}",{'completed_bar_only': True},"{'buy_ce_allowed': False, 'buy_pe_allowed': True, 'research_only': True}",4f09e673c39a2d5369ec172d1d02372bd3bfaf78f65f167108085ae2405a05bb,24561.55,2024-08-19 12:10:00+05:30,175,0.0015892938645106604,62.54999999999927,0.0,359.40000000000146,7.169999999999709,7.023333333333237,0.0002518326545662336,7.042857142857039,-16.44232954545805,77.25,38.599999999998545,0.9765395894429423,0.0,0.02346041055705773,0,1,-0.0005737386396698074,17.049999999999272,16.650000000001455,0.0,2024-08-19T12:11:00+05:30,24561.8,30,9.549999999999272,18.150000000001455,-15.299999999999272,-16.799999999999272,False,False,-1.602094240837742
NIFTY:2024-08-19,2024-08-19,NIFTY,compression_expansion_down,2024-08-19T12:51:00+05:30,2024-08-19T12:51:00+05:30,DOWN,{},"{'source_path': '/Users/madhuram/tradebot-structural-edge-discovery-v3/runtime/upstox_candidate_replay.zip!upstox_candidate_replay/20240819/underlying/NIFTY_20240819.parquet', 'source_hash': '4357f109ed631802b3774c34db9c318f71742f8e99de307408af71bf00810707'}",{'completed_bar_only': True},"{'buy_ce_allowed': False, 'buy_pe_allowed': True, 'research_only': True}",6de67f7b28b4f8ab3513913924d2c24cadb0523a90addfd98aa4606c780a9688,24574.3,2024-08-19 12:50:00+05:30,215,0.0014629653778443395,62.54999999999927,0.0,359.40000000000146,6.129999999999564,5.679999999999321,9.82625559535543e-05,5.589285714285195,-2.0641203703744395,64.5,51.349999999998545,0.08743169398901238,0.7595628415303154,0.15300546448067226,0,1,-6.103900595966216e-06,9.149999999997817,0.7999999999992724,0.0,2024-08-19T12:51:00+05:30,24573.95,30,3.5,31.149999999997817,-24.299999999999272,-25.799999999999272,False,False,-6.942857142856935
NIFTY:2024-08-19,2024-08-19,NIFTY,compression_expansion_down,2024-08-19T13:25:00+05:30,2024-08-19T13:25:00+05:30,DOWN,{},"{'source_path': '/Users/madhuram/tradebot-structural-edge-discovery-v3/runtime/upstox_candidate_replay.zip!upstox_candidate_replay/20240819/underlying/NIFTY_20240819.parquet', 'source_hash': '4357f109ed631802b3774c34db9c318f71742f8e99de307408af71bf00810707'}",{'completed_bar_only': True},"{'buy_ce_allowed': False, 'buy_pe_allowed': True, 'research_only': True}",ee2c2bff712f23c6312f71bf299a5400ccb2b8d8f145dab1cbbb60f2c805dca9,24579.75,2024-08-19 13:24:00+05:30,249,0.0019316033122513292,62.54999999999927,0.0,359.40000000000146,6.229999999999563,6.35999999999937,0.0002267258159681478,6.453571428570805,2.0951999999997497,59.04999999999927,56.79999999999927,0.7365591397848474,0.09677419354855114,0.16666666666660146,4,1,-0.00034772635765789595,9.299999999999272,6.849999999998545,0.0,2024-08-19T13:25:00+05:30,24579.6,30,35.75,2.75,15.599999999998545,14.099999999998545,True,True,0.43636363636359565
NIFTY:2024-08-20,2024-08-20,NIFTY,compression_expansion_down,2024-08-20T10:45:00+05:30,2024-08-20T10:45:00+05:30,DOWN,{},"{'source_path': '/Users/madhuram/tradebot-structural-edge-discovery-v3/runtime/upstox_candidate_replay.zip!upstox_candidate_replay/20240820/underlying/NIFTY_20240820.parquet', 'source_hash': '4357f109ed631802b3774c34db9c318f71742f8e99de307408af71bf00810707'}",{'completed_bar_only': True},"{'buy_ce_allowed': False, 'buy_pe_allowed': True, 'research_only': True}",a3feef6e920a8219c421d2fd094a33701046dd799e180632d557e2f1e1457013,24704.35,2024-08-20 10:44:00+05:30,89,0.005468082509459354,53.099999999998545,0.0,115.84999999999854,7.359999999999855,7.200000000000485,0.00019488036973233346,7.103571428572001,21.298888888886722,29.950000000000728,97.14999999999782,0.6988416988418843,0.2162162162161479,0.0849420849419678,0,5,-0.00037631025769169213,12.950000000000728,9.05000000000291,0.0,2024-08-20T10:45:00+05:30,24704.55,30,30.0,8.549999999999272,-4.100000000002183,-5.600000000002183,True,True,-0.13666666666673943
NIFTY:2024-08-20,2024-08-20,NIFTY,compression_expansion_down,2024-08-20T12:00:00+05:30,2024-08-20T12:00:00+05:30,DOWN,{},"{'source_path': '/Users/madhuram/tradebot-structural-edge-discovery-v3/runtime/upstox_candidate_replay.zip!upstox_candidate_replay/20240820/underlying/NIFTY_20240820.parquet', 'source_hash': '4357f109ed631802b3774c34db9c318f71742f8e99de307408af71bf00810707'}",{'completed_bar_only': True},"{'buy_ce_allowed': False, 'buy_pe_allowed': True, 'research_only': True}",a12897fc7b03da96d2eff160e8f66515d17a8c884692176a1fec588afbeb4b12,24711.95,2024-08-20 11:59:00+05:30,164,0.0055311444729240706,53.099999999998545,0.0,115.84999999999854,5.050000000000727,5.366666666666424,0.00011087479949020738,5.171428571428415,20.558181818181765,22.349999999998545,104.75,0.38961038961035277,0.20779220779199917,0.40259740259764804,13,5,-0.00011126981108411371,7.700000000000728,3.0,0.0,2024-08-20T12:00:00+05:30,24711.2,30,6.75,11.950000000000728,-6.450000000000728,-7.950000000000728,False,False,-0.9555555555556633
NIFTY:2024-08-20,2024-08-20,NIFTY,compression_expansion_down,2024-08-20T14:03:00+05:30,2024-08-20T14:03:00+05:30,DOWN,{},"{'source_path': '/Users/madhuram/tradebot-structural-edge-discovery-v3/runtime/upstox_candidate_replay.zip!upstox_candidate_replay/20240820/underlying/NIFTY_20240820.parquet', 'source_hash': '4357f109ed631802b3774c34db9c318f71742f8e99de307408af71bf00810707'}",{'completed_bar_only': True},"{'buy_ce_allowed': False, 'buy_pe_allowed': True, 'research_only': True}",3c3a1ea56bd3cb38e5bd6dfdc5184ff674a984fd65a57fc6d6285c4dc5946df4,24719.45,2024-08-20 14:02:00+05:30,287,0.00595426990520357,53.099999999998545,0.0,115.84999999999854,6.190000000000145,5.780000000000291,0.0001368189594445795,5.642857142857403,17.218402777776646,14.849999999998545,112.25,0.7283950617282564,0.12345679012347897,0.1481481481482646,0,5,-0.000238621495752267,8.099999999998545,5.899999999997817,0.0,2024-08-20T14:03:00+05:30,24720.3,30,20.899999999997817,6.799999999999272,5.399999999997817,3.899999999997817,True,True,0.2583732057415493
NIFTY:2024-08-20,2024-08-20,NIFTY,compression_expansion_down,2024-08-20T15:24:00+05:30,2024-08-20T15:24:00+05:30,DOWN,{},"{'source_path': '/Users/madhuram/tradebot-structural-edge-discovery-v3/runtime/upstox_candidate_replay.zip!upstox_candidate_replay/20240820/underlying/NIFTY_20240820.parquet', 'source_hash': '4357f109ed631802b3774c34db9c318f71742f8e99de307408af71bf00810707'}",{'completed_bar_only': True},"{'buy_ce_allowed': False, 'buy_pe_allowed': True, 'research_only': True}",d5d89fcc5c86d45ffbcd68dd7e4a330ac4d55b56f70fc8deea02d31b8c566c5c,24694.1,2024-08-20 15:23:00+05:30,368,0.0049025590951625375,53.099999999998545,0.0,115.84999999999854,6.739999999999418,6.776666666666278,0.00015797497320167521,6.460714285714078,-10.601626016261434,40.20000000000073,86.89999999999782,0.4169884169885059,0.0,0.583011583011494,10,5,-0.0002246995402770402,12.950000000000728,5.400000000001455,0.0,2024-08-20T15:24:00+05:30,24693.65,30,22.80000000000291,0.0,20.80000000000291,19.30000000000291,True,True,0.9122807017543971
NIFTY:2024-08-21,2024-08-21,NIFTY,compression_expansion_down,2024-08-21T10:49:00+05:30,2024-08-21T10:49:00+05:30,DOWN,{},"{'source_path': '/Users/madhuram/tradebot-structural-edge-discovery-v3/runtime/upstox_candidate_replay.zip!upstox_candidate_replay/20240821/underlying/NIFTY_20240821.parquet', 'source_hash': '4357f109ed631802b3774c34db9c318f71742f8e99de307408af71bf00810707'}",{'completed_bar_only': True},"{'buy_ce_allowed': False, 'buy_pe_allowed': True, 'research_only': True}",fd3f9236235055e320c03fb2c7b61de301fb90e0575b17e01312a3fed6f9acd6,24725.55,2024-08-21 10:48:00+05:30,93,0.002334549920256565,53.599999999998545,0.0,127.09999999999854,5.6900000000008735,6.050000000000242,0.000159147132850441,6.160714285714546,19.978191489361052,28.400000000001455,71.04999999999927,0.5632183908047179,0.12068965517232007,0.3160919540229621,8,6,-0.00022037119404794137,8.700000000000728,4.900000000001455,0.0,2024-08-21T10:49:00+05:30,24725.9,30,47.10000000000218,4.69999999999709,28.200000000000728,26.700000000000728,True,True,0.5987261146496692
NIFTY:2024-08-21,2024-08-21,NIFTY,compression_expansion_down,2024-08-21T10:52:00+05:30,2024-08-21T10:52:00+05:30,DOWN,{},"{'source_path': '/Users/madhuram/tradebot-structural-edge-discovery-v3/runtime/upstox_candidate_replay.zip!upstox_candidate_replay/20240821/underlying/NIFTY_20240821.parquet', 'source_hash': '4357f109ed631802b3774c34db9c318f71742f8e99de307408af71bf00810707'}",{'completed_bar_only': True},"{'buy_ce_allowed': False, 'buy_pe_allowed': True, 'research_only': True}",76bf87d94d6f38d45e8daebf85a98b4e5a46a6dac9a48ad8d4f65360cad81426,24715.95,2024-08-21 10:51:00+05:30,96,0.0021116328271765196,53.599999999998545,0.0,127.09999999999854,6.940000000000145,6.216666666666909,0.00018097732462281477,5.985714285714494,9.826288659794955,38.0,61.45000000000073,0.9,0.0,0.1,0,6,-0.0003599617388981846,10.0,9.0,0.0,2024-08-21T10:52:00+05:30,24716.75,30,37.95000000000073,13.650000000001455,5.650000000001455,4.150000000001455,True,True,0.14888010540188001
NIFTY:2024-08-21,2024-08-21,NIFTY,compression_expansion_down,2024-08-21T11:07:00+05:30,2024-08-21T11:07:00+05:30,DOWN,{},"{'source_path': '/Users/madhuram/tradebot-structural-edge-discovery-v3/runtime/upstox_candidate_replay.zip!upstox_candidate_replay/20240821/underlying/NIFTY_20240821.parquet', 'source_hash': '4357f109ed631802b3774c34db9c318f71742f8e99de307408af71bf00810707'}",{'completed_bar_only': True},"{'buy_ce_allowed': False, 'buy_pe_allowed': True, 'research_only': True}",c2b2e5c91bb06a9e82bea41acb9a6f347e87231cede4cc149aa0107d53254581,24709.1,2024-08-21 11:06:00+05:30,111,0.0019272195956285111,53.599999999998545,0.0,127.09999999999854,6.170000000000437,5.186666666667346,0.00015225002497380085,5.153571428572052,0.8562500000007276,44.85000000000218,54.599999999998545,0.8248175182483438,0.0,0.17518248175165618,0,6,-0.00046115572096039337,13.700000000000728,11.30000000000291,0.0,2024-08-21T11:07:00+05:30,24709.2,30,30.400000000001455,33.099999999998545,-9.349999999998545,-10.849999999998545,False,False,-0.3075657894736216
NIFTY:2024-08-21,2024-08-21,NIFTY,compression_expansion_down,2024-08-21T12:17:00+05:30,2024-08-21T12:17:00+05:30,DOWN,{},"{'source_path': '/Users/madhuram/tradebot-structural-edge-discovery-v3/runtime/upstox_candidate_replay.zip!upstox_candidate_replay/20240821/underlying/NIFTY_20240821.parquet', 'source_hash': '4357f109ed631802b3774c34db9c318f71742f8e99de307408af71bf00810707'}",{'completed_bar_only': True},"{'buy_ce_allowed': False, 'buy_pe_allowed': True, 'research_only': True}",1be641d8446b84475011941cb047d1d9d5f05f6e5bce36f380ba186f12cd42fd,24727.55,2024-08-21 12:16:00+05:30,181,0.0022757808684445236,53.599999999998545,0.0,127.09999999999854,6.3400000000001455,6.236666666666618,0.00013186235804982208,6.357142857142597,16.68818681318953,26.400000000001455,73.04999999999927,0.15591397849471408,0.6505376344085748,0.1935483870967111,0,6,-7.480974063267531e-05,9.299999999999272,1.4500000000007276,0.0,2024-08-21T12:17:00+05:30,24728.05,30,9.149999999997817,11.049999999999272,4.5,3.0,False,False,0.49180327868864193
NIFTY:2024-08-21,2024-08-21,NIFTY,compression_expansion_down,2024-08-21T13:53:00+05:30,2024-08-21T13:53:00+05:30,DOWN,{},"{'source_path': '/Users/madhuram/tradebot-structural-edge-discovery-v3/runtime/upstox_candidate_replay.zip!upstox_candidate_replay/20240821/underlying/NIFTY_20240821.parquet', 'source_hash': '4357f109ed631802b3774c34db9c318f71742f8e99de307408af71bf00810707'}",{'completed_bar_only': True},"{'buy_ce_allowed': False, 'buy_pe_allowed': True, 'research_only': True}",1a05bec53cd59025bd3c53335d662504bcb9076492aa60479d9191e270d2192c,24723.5,2024-08-21 13:52:00+05:30,277,0.0023325234012285937,53.599999999998545,0.0,127.09999999999854,5.319999999999709,5.2566666666668125,9.721500668329148e-05,5.303571428571429,8.464928057554062,30.450000000000728,69.0,0.8313253012050674,0.1144578313249606,0.05421686746997193,0,6,-0.00023251817180058865,8.299999999999272,6.900000000001455,0.0,2024-08-21T13:53:00+05:30,24723.9,30,4.25,20.75,-18.599999999998545,-20.099999999998545,False,False,-4.376470588234952
NIFTY:2024-08-21,2024-08-21,NIFTY,compression_expansion_down,2024-08-21T13:59:00+05:30,2024-08-21T13:59:00+05:30,DOWN,{},"{'source_path': '/Users/madhuram/tradebot-structural-edge-discovery-v3/runtime/upstox_candidate_replay.zip!upstox_candidate_replay/20240821/underlying/NIFTY_20240821.parquet', 'source_hash': '4357f109ed631802b3774c34db9c318f71742f8e99de307408af71bf00810707'}",{'completed_bar_only': True},"{'buy_ce_allowed': False, 'buy_pe_allowed': True, 'research_only': True}",aee4e6e588af3548b022080e30e5a6ec2ee1af592fe48ee77295aceb65f1cbce,24725.85,2024-08-21 13:58:00+05:30,283,0.002322390806088592,53.599999999998545,0.0,127.09999999999854,4.700000000000728,5.126666666667006,0.00010919605130004439,4.964285714286234,10.524999999997817,28.100000000002183,71.34999999999854,0.521212121212474,0.1696969696967051,0.3090909090908209,4,6,-0.00018398408436592906,8.25,4.30000000000291,0.0,2024-08-21T13:59:00+05:30,24725.5,30,5.849999999998545,21.799999999999272,-14.849999999998545,-16.349999999998545,False,False,-2.538461538461921
NIFTY:2024-08-22,2024-08-22,NIFTY,compression_expansion_down,2024-08-22T10:11:00+05:30,2024-08-22T10:11:00+05:30,DOWN,{},"{'source_path': '/Users/madhuram/tradebot-structural-edge-discovery-v3/runtime/upstox_candidate_replay.zip!upstox_candidate_replay/20240822/underlying/NIFTY_20240822.parquet', 'source_hash': '4357f109ed631802b3774c34db9c318f71742f8e99de307408af71bf00810707'}",{'completed_bar_only': True},"{'buy_ce_allowed': False, 'buy_pe_allowed': True, 'research_only': True}",ac98f1455b453ae7a2b09405b406e77aab3515ca5402bdbe7b9b9bc44a2314e2,24798.8,2024-08-22 10:10:00+05:30,55,0.0011439800822373807,68.5,0.0,133.45000000000073,7.640000000000145,8.719999999999466,0.000209796721282711,8.932142857142285,-17.90803571428478,68.54999999999927,14.349999999998545,0.6378830083565606,0.041782729805012235,0.3203342618384271,6,0,-0.00047358885635340187,17.950000000000728,11.450000000000728,0.0,2024-08-22T10:11:00+05:30,24799.9,30,2.650000000001455,24.75,-17.5,-19.0,False,False,-6.603773584902034
NIFTY:2024-08-22,2024-08-22,NIFTY,compression_expansion_down,2024-08-22T10:51:00+05:30,2024-08-22T10:51:00+05:30,DOWN,{},"{'source_path': '/Users/madhuram/tradebot-structural-edge-discovery-v3/runtime/upstox_candidate_replay.zip!upstox_candidate_replay/20240822/underlying/NIFTY_20240822.parquet', 'source_hash': '4357f109ed631802b3774c34db9c318f71742f8e99de307408af71bf00810707'}",{'completed_bar_only': True},"{'buy_ce_allowed': False, 'buy_pe_allowed': True, 'research_only': True}",4ee42403b92287711e431b03f830c22011be5e86aa6a9a78a0826ee5716b0d3c,24824.2,2024-08-22 10:50:00+05:30,95,0.0018218942050447226,68.5,0.0,133.45000000000073,4.320000000000436,4.720000000000194,8.129588904489471e-05,4.85357142857148,8.165104166666424,43.14999999999782,39.75,0.379999999999806,0.40666666666656964,0.21333333333362436,17,0,-9.465672838149253e-05,7.5,2.849999999998545,0.0,2024-08-22T10:51:00+05:30,24824.35,30,13.799999999999272,4.5,1.1499999999978172,-0.3500000000021828,True,False,0.08333333333317955
NIFTY:2024-08-22,2024-08-22,NIFTY,compression_expansion_down,2024-08-22T10:53:00+05:30,2024-08-22T10:53:00+05:30,DOWN,{},"{'source_path': '/Users/madhuram/tradebot-structural-edge-discovery-v3/runtime/upstox_candidate_replay.zip!upstox_candidate_replay/20240822/underlying/NIFTY_20240822.parquet', 'source_hash': '4357f109ed631802b3774c34db9c318f71742f8e99de307408af71bf00810707'}",{'completed_bar_only': True},"{'buy_ce_allowed': False, 'buy_pe_allowed': True, 'research_only': True}",36d0d5c0fbe75f2f5958b85d98f2634dee8b329fecc276036b3f94b7e1673e0a,24820.6,2024-08-22 10:52:00+05:30,97,0.0017633837599214382,68.5,0.0,133.45000000000073,5.169999999999709,4.80666666666657,9.779572534909179e-05,4.632142857142753,4.416326530612423,46.75,36.14999999999782,0.6024096385542697,0.2951807228916798,0.10240963855405052,0,0,-0.00021952747215125967,8.299999999999272,5.0,0.0,2024-08-22T10:53:00+05:30,24820.9,30,10.350000000002183,7.94999999999709,-3.6999999999970896,-5.19999999999709,True,False,-0.35748792270495744
NIFTY:2024-08-22,2024-08-22,NIFTY,compression_expansion_down,2024-08-22T11:03:00+05:30,2024-08-22T11:03:00+05:30,DOWN,{},"{'source_path': '/Users/madhuram/tradebot-structural-edge-discovery-v3/runtime/upstox_candidate_replay.zip!upstox_candidate_replay/20240822/underlying/NIFTY_20240822.parquet', 'source_hash': '4357f109ed631802b3774c34db9c318f71742f8e99de307408af71bf00810707'}",{'completed_bar_only': True},"{'buy_ce_allowed': False, 'buy_pe_allowed': True, 'research_only': True}",4594993948eaa49b662bdd01141b8e2d4e6c76d38e8267fa9b05975546825eb6,24813.4,2024-08-22 11:02:00+05:30,107,0.0014466203156335287,68.5,0.0,133.45000000000073,5.890000000000873,5.566666666666909,0.00010888907998685866,5.689285714286078,-3.31759259258979,53.94999999999709,28.950000000000728,0.5337423312880697,0.11656441717798258,0.3496932515339477,0,0,-0.00016722037429151015,8.150000000001455,4.349999999998545,0.0,2024-08-22T11:03:00+05:30,24813.5,30,0.9000000000014552,15.900000000001455,-7.950000000000728,-9.450000000000728,False,False,-8.833333333319858
NIFTY:2024-08-22,2024-08-22,NIFTY,compression_expansion_down,2024-08-22T11:55:00+05:30,2024-08-22T11:55:00+05:30,DOWN,{},"{'source_path': '/Users/madhuram/tradebot-structural-edge-discovery-v3/runtime/upstox_candidate_replay.zip!upstox_candidate_replay/20240822/underlying/NIFTY_20240822.parquet', 'source_hash': '4357f109ed631802b3774c34db9c318f71742f8e99de307408af71bf00810707'}",{'completed_bar_only': True},"{'buy_ce_allowed': False, 'buy_pe_allowed': True, 'research_only': True}",8483989a94c4a6819b2cfb326a4e8c2658d55426241ea44b642ab93cc27eba4f,24839.1,2024-08-22 11:54:00+05:30,159,0.0025098963356319365,68.5,0.0,133.45000000000073,6.369999999999709,5.876666666666764,0.0001526494985747585,5.392857142857403,18.81218749999971,28.25,54.64999999999782,0.5076142131980446,0.015228426396089071,0.47715736040586637,0,0,-0.00019521855421544831,9.849999999998545,5.0,0.0,2024-08-22T11:55:00+05:30,24839.4,30,11.400000000001455,4.899999999997817,6.450000000000728,4.950000000000728,True,False,0.5657894736842022
NIFTY:2024-08-22,2024-08-22,NIFTY,compression_expansion_down,2024-08-22T12:11:00+05:30,2024-08-22T12:11:00+05:30,DOWN,{},"{'source_path': '/Users/madhuram/tradebot-structural-edge-discovery-v3/runtime/upstox_candidate_replay.zip!upstox_candidate_replay/20240822/underlying/NIFTY_20240822.parquet', 'source_hash': '4357f109ed631802b3774c34db9c318f71742f8e99de307408af71bf00810707'}",{'completed_bar_only': True},"{'buy_ce_allowed': False, 'buy_pe_allowed': True, 'research_only': True}",793d54df753129dd4a176e947f2b6f71cd36e6a9251b2fe16e4202605399bb09,24834.55,2024-08-22 12:10:00+05:30,175,0.002334365000262229,68.5,0.0,133.45000000000073,4.170000000000437,4.566666666666666,0.00011624881640660968,4.432142857142805,12.640056818177982,32.79999999999927,50.099999999998545,0.7323943661970604,0.02816901408460086,0.23943661971833874,10,0,-0.00016909063459313867,7.100000000002183,5.200000000000728,0.0,2024-08-22T12:11:00+05:30,24834.55,30,10.899999999997817,2.25,9.549999999999272,8.049999999999272,True,False,0.8761467889909343
NIFTY:2024-08-22,2024-08-22,NIFTY,compression_expansion_down,2024-08-22T12:53:00+05:30,2024-08-22T12:53:00+05:30,DOWN,{},"{'source_path': '/Users/madhuram/tradebot-structural-edge-discovery-v3/runtime/upstox_candidate_replay.zip!upstox_candidate_replay/20240822/underlying/NIFTY_20240822.parquet', 'source_hash': '4357f109ed631802b3774c34db9c318f71742f8e99de307408af71bf00810707'}",{'completed_bar_only': True},"{'buy_ce_allowed': False, 'buy_pe_allowed': True, 'research_only': True}",20f9f3a14a3cdaaa7bfc047de38ff296dcaa46b493276a1fb6664d703cae135a,24830.3,2024-08-22 12:52:00+05:30,217,0.0019833023295226684,68.5,0.0,133.45000000000073,3.23999999999869,3.94999999999903,8.04774198795397e-05,3.8642857142848306,6.867660550458822,37.04999999999927,45.849999999998545,0.13392857142860623,0.5803571428572937,0.2857142857141001,6,0,1.0068445291055994e-05,5.599999999998545,0.75,0.0,2024-08-22T12:53:00+05:30,24830.65,30,29.80000000000291,4.94999999999709,10.5,9.0,True,True,0.3523489932885562
NIFTY:2024-08-22,2024-08-22,NIFTY,compression_expansion_down,2024-08-22T13:33:00+05:30,2024-08-22T13:33:00+05:30,DOWN,{},"{'source_path': '/Users/madhuram/tradebot-structural-edge-discovery-v3/runtime/upstox_candidate_replay.zip!upstox_candidate_replay/20240822/underlying/NIFTY_20240822.parquet', 'source_hash': '4357f109ed631802b3774c34db9c318f71742f8e99de307408af71bf00810707'}",{'completed_bar_only': True},"{'buy_ce_allowed': False, 'buy_pe_allowed': True, 'research_only': True}",fbbf7f66b290964be11204eaf63a43f6e16c57c6ca6fae3623975795681f177b,24812.8,2024-08-22 13:32:00+05:30,257,0.0014022330814021523,68.5,0.0,133.45000000000073,4.919999999999709,4.533333333333576,0.0001024350415188691,4.435714285714441,-9.405813953486359,54.54999999999927,28.349999999998545,0.5539568345326302,0.0,0.44604316546736983,0,0,-0.0001007442988800733,6.950000000000728,3.850000000002183,0.0,2024-08-22T13:33:00+05:30,24813.75,30,10.900000000001455,19.650000000001455,-11.799999999999272,-13.299999999999272,False,False,-1.0825688073392383
NIFTY:2024-08-23,2024-08-23,NIFTY,compression_expansion_down,2024-08-23T09:38:00+05:30,2024-08-23T09:38:00+05:30,DOWN,{},"{'source_path': '/Users/madhuram/tradebot-structural-edge-discovery-v3/runtime/upstox_candidate_replay.zip!upstox_candidate_replay/20240823/underlying/NIFTY_20240823.parquet', 'source_hash': '4357f109ed631802b3774c34db9c318f71742f8e99de307408af71bf00810707'}",{'completed_bar_only': True},"{'buy_ce_allowed': False, 'buy_pe_allowed': True, 'research_only': True}",33c651236eba97bcd0f6790c894f12cd070a97afc02365e53d29c7f974156ac2,24792.15,2024-08-23 09:37:00+05:30,22,-0.0002801188187450164,66.10000000000218,0.0,82.89999999999782,9.709999999998399,11.393333333332702,0.00029293204228728585,11.085714285713818,-22.29565217391064,66.25,2.650000000001455,0.6900584795321799,0.15497076023380366,0.1549707602340164,18,0,-0.0004757306799925143,17.099999999998545,11.799999999999272,0.0,2024-08-23T09:38:00+05:30,24791.65,30,20.0,43.89999999999782,-15.299999999999272,-16.799999999999272,False,False,-0.7649999999999636
NIFTY:2024-08-23,2024-08-23,NIFTY,compression_expansion_down,2024-08-23T11:52:00+05:30,2024-08-23T11:52:00+05:30,DOWN,{},"{'source_path': '/Users/madhuram/tradebot-structural-edge-discovery-v3/runtime/upstox_candidate_replay.zip!upstox_candidate_replay/20240823/underlying/NIFTY_20240823.parquet', 'source_hash': '4357f109ed631802b3774c34db9c318f71742f8e99de307408af71bf00810707'}",{'completed_bar_only': True},"{'buy_ce_allowed': False, 'buy_pe_allowed': True, 'research_only': True}",19b80c9af06247265ac82ee793dc897984fd64264095fb0abdd545ddb91de071,24831.2,2024-08-23 11:51:00+05:30,156,0.0009995606769605,66.10000000000218,0.0,82.89999999999782,5.280000000001019,4.820000000000436,0.00010867379400906606,4.821428571429091,7.59458598726269,27.200000000000728,59.54999999999927,0.45454545454538775,0.030303030302952356,0.5151515151516599,0,0,-0.00019930625318342887,9.900000000001455,4.5,0.0,2024-08-23T11:52:00+05:30,24831.05,30,11.75,16.600000000002183,-12.600000000002183,-14.100000000002183,False,False,-1.0723404255321007
NIFTY:2024-08-23,2024-08-23,NIFTY,compression_expansion_down,2024-08-23T12:31:00+05:30,2024-08-23T12:31:00+05:30,DOWN,{},"{'source_path': '/Users/madhuram/tradebot-structural-edge-discovery-v3/runtime/upstox_candidate_replay.zip!upstox_candidate_replay/20240823/underlying/NIFTY_20240823.parquet', 'source_hash': '4357f109ed631802b3774c34db9c318f71742f8e99de307408af71bf00810707'}",{'completed_bar_only': True},"{'buy_ce_allowed': False, 'buy_pe_allowed': True, 'research_only': True}",f8bd6ce5e11e8e02edafb57491973d22137acdcce061eca926b6d0b147fdcbcf,24837.3,2024-08-23 12:30:00+05:30,195,0.0011426429512834497,66.10000000000218,0.0,82.89999999999782,5.149999999998545,4.549999999999272,9.189890383945073e-05,4.503571428570597,10.763265306119138,21.100000000002183,65.64999999999782,0.2977099236642663,0.37404580152687017,0.32824427480886353,0,0,-9.05813511113962e-05,6.549999999999272,1.9500000000007276,0.0,2024-08-23T12:31:00+05:30,24836.8,30,7.5,7.650000000001455,5.599999999998545,4.099999999998545,False,False,0.7466666666664726
NIFTY:2024-08-23,2024-08-23,NIFTY,compression_expansion_down,2024-08-23T13:57:00+05:30,2024-08-23T13:57:00+05:30,DOWN,{},"{'source_path': '/Users/madhuram/tradebot-structural-edge-discovery-v3/runtime/upstox_candidate_replay.zip!upstox_candidate_replay/20240823/underlying/NIFTY_20240823.parquet', 'source_hash': '4357f109ed631802b3774c34db9c318f71742f8e99de307408af71bf00810707'}",{'completed_bar_only': True},"{'buy_ce_allowed': False, 'buy_pe_allowed': True, 'research_only': True}",d5a75a5d962c07454b72872fcdfda583356296087e128abae2b1e49a652c32ab,24824.55,2024-08-23 13:56:00+05:30,281,0.0009129052150465245,66.10000000000218,0.0,82.89999999999782,6.4,5.593333333333673,0.00015206442292723128,5.585714285714597,-3.852127659574762,33.85000000000218,52.89999999999782,0.722891566265018,0.05622489959844873,0.22088353413653328,0,0,-0.00040467734531657307,12.450000000000728,9.0,0.0,2024-08-23T13:57:00+05:30,24822.2,30,0.75,24.25,-22.950000000000728,-24.450000000000728,False,False,-30.60000000000097
NIFTY:2024-08-26,2024-08-26,NIFTY,compression_expansion_down,2024-08-26T10:52:00+05:30,2024-08-26T10:52:00+05:30,DOWN,{},"{'source_path': '/Users/madhuram/tradebot-structural-edge-discovery-v3/runtime/upstox_candidate_replay.zip!upstox_candidate_replay/20240826/underlying/NIFTY_20240826.parquet', 'source_hash': '4357f109ed631802b3774c34db9c318f71742f8e99de307408af71bf00810707'}",{'completed_bar_only': True},"{'buy_ce_allowed': False, 'buy_pe_allowed': True, 'research_only': True}",fb78a22217784f2d840c25062eac715fd24c6da9c8031eb68a22ef4c808b508a,24978.5,2024-08-26 10:51:00+05:30,96,0.006441324347561729,45.29999999999927,0.0,86.75,6.100000000000728,7.14666666666623,0.0002444077512735554,7.242857142856727,5.113402061855595,65.29999999999927,103.79999999999927,0.9779411764703778,0.011029411764811111,0.011029411764811111,9,9,-0.000578163041977886,13.600000000002183,13.299999999999272,0.0,2024-08-26T10:52:00+05:30,24978.4,30,7.150000000001455,13.25,-8.69999999999709,-10.19999999999709,False,False,-1.216783216782562
NIFTY:2024-08-26,2024-08-26,NIFTY,compression_expansion_down,2024-08-26T13:46:00+05:30,2024-08-26T13:46:00+05:30,DOWN,{},"{'source_path': '/Users/madhuram/tradebot-structural-edge-discovery-v3/runtime/upstox_candidate_replay.zip!upstox_candidate_replay/20240826/underlying/NIFTY_20240826.parquet', 'source_hash': '4357f109ed631802b3774c34db9c318f71742f8e99de307408af71bf00810707'}",{'completed_bar_only': True},"{'buy_ce_allowed': False, 'buy_pe_allowed': True, 'research_only': True}",7423d6bca56ac48e255b25b4469b832b063579a6830a25255382d56d64521d9a,25006.6,2024-08-26 13:45:00+05:30,270,0.00727493118716493,45.29999999999927,0.0,86.75,7.350000000000728,6.496666666667442,0.00012278709996015643,6.61428571428639,11.522324723246129,37.20000000000073,131.89999999999782,0.5462962962964678,0.06944444444444912,0.38425925925908305,0,9,-0.0002158963697426186,10.799999999999272,5.900000000001455,0.0,2024-08-26T13:46:00+05:30,25005.9,30,4.25,24.649999999997817,-10.099999999998545,-11.599999999998545,False,False,-2.3764705882349517
NIFTY:2024-08-26,2024-08-26,NIFTY,compression_expansion_down,2024-08-26T14:07:00+05:30,2024-08-26T14:07:00+05:30,DOWN,{},"{'source_path': '/Users/madhuram/tradebot-structural-edge-discovery-v3/runtime/upstox_candidate_replay.zip!upstox_candidate_replay/20240826/underlying/NIFTY_20240826.parquet', 'source_hash': '4357f109ed631802b3774c34db9c318f71742f8e99de307408af71bf00810707'}",{'completed_bar_only': True},"{'buy_ce_allowed': False, 'buy_pe_allowed': True, 'research_only': True}",b2e25d6b6232757f69c03c24407d1ffc31f85cc4220700cdaae932e4ae7d8a1a,25013.15,2024-08-26 14:06:00+05:30,291,0.007699788779329802,45.29999999999927,0.0,86.75,5.970000000000437,5.086666666666376,0.0001340248899715703,5.067857142856675,16.282020547947468,30.649999999997817,138.45000000000073,0.7795275590549016,0.05118110236231638,0.16929133858278206,0,9,-0.00039363785317503286,12.700000000000728,9.899999999997817,0.0,2024-08-26T14:07:00+05:30,25012.6,30,7.049999999999272,19.950000000000728,-17.75,-19.25,False,False,-2.5177304964541607
NIFTY:2024-08-26,2024-08-26,NIFTY,compression_expansion_down,2024-08-26T15:00:00+05:30,2024-08-26T15:00:00+05:30,DOWN,{},"{'source_path': '/Users/madhuram/tradebot-structural-edge-discovery-v3/runtime/upstox_candidate_replay.zip!upstox_candidate_replay/20240826/underlying/NIFTY_20240826.parquet', 'source_hash': '4357f109ed631802b3774c34db9c318f71742f8e99de307408af71bf00810707'}",{'completed_bar_only': True},"{'buy_ce_allowed': False, 'buy_pe_allowed': True, 'research_only': True}",b7004d0c7be14dd0a5d02b9f7c92e26283c890877fdb608de2b30a1fbc9d27fa,25018.35,2024-08-26 14:59:00+05:30,344,0.007593070995515957,45.29999999999927,0.0,86.75,5.609999999999855,5.73999999999966,9.274769715722581e-05,5.571428571428312,17.563478260868578,25.450000000000728,143.64999999999782,0.25153374233171283,0.1472392638033633,0.6012269938649238,10,9,-8.7927723411374e-05,8.149999999997817,2.0500000000029104,0.0,2024-08-26T15:00:00+05:30,25020.2,30,17.400000000001455,1.8499999999985448,8.75,7.25,True,False,0.5028735632183488
NIFTY:2024-08-26,2024-08-26,NIFTY,compression_expansion_down,2024-08-26T15:01:00+05:30,2024-08-26T15:01:00+05:30,DOWN,{},"{'source_path': '/Users/madhuram/tradebot-structural-edge-discovery-v3/runtime/upstox_candidate_replay.zip!upstox_candidate_replay/20240826/underlying/NIFTY_20240826.parquet', 'source_hash': '4357f109ed631802b3774c34db9c318f71742f8e99de307408af71bf00810707'}",{'completed_bar_only': True},"{'buy_ce_allowed': False, 'buy_pe_allowed': True, 'research_only': True}",ffbe9792c9732ad9a51421039d62603c819218e6dc1020bb8e97ccb17ea5f4c8,25010.25,2024-08-26 15:00:00+05:30,345,0.007585016823152612,45.29999999999927,0.0,86.75,6.8099999999991265,6.009999999999612,0.0001237809890736013,6.046428571428156,9.43612716763164,33.54999999999927,135.54999999999927,0.8189300411524704,0.15226337448550428,0.028806584362025323,0,9,-0.0003237623584289029,12.149999999997817,9.950000000000728,0.0,2024-08-26T15:01:00+05:30,25011.55,30,8.75,5.200000000000728,0.09999999999854481,-1.4000000000014552,False,False,0.01142857142840512
