session_id,session_date,instrument,event_type,event_timestamp,causal_trigger_timestamp,direction,event_parameters,source_provenance,feature_availability_mask,eligibility_flags,semantic_hash,close,ts,minute_index,gap_pct,opening_range_width,prior_session_return,prior_session_range,rolling_range_5,rolling_range_15,realized_vol_15,atr_14,vwap_distance,dist_session_high,dist_session_low,body_range_ratio,upper_wick_ratio,lower_wick_ratio,compression_duration,prior_failed_breaks,ret_1,range,body,volume,entry_timestamp,entry_price,horizon_min,mfe_points,mae_points,gross_points,net_points,target_10_before_stop_10,target_20_before_stop_20,path_efficiency
BANKNIFTY:2024-07-02,2024-07-02,BANKNIFTY,opening_range_low_break,2024-07-02T09:31:00+05:30,2024-07-02T09:31:00+05:30,DOWN,{},"{'source_path': '/Users/madhuram/tradebot-structural-edge-discovery-v3/runtime/upstox_candidate_replay.zip!upstox_candidate_replay/20240702/underlying/BANKNIFTY_20240702.parquet', 'source_hash': '4357f109ed631802b3774c34db9c318f71742f8e99de307408af71bf00810707'}",{'completed_bar_only': True},"{'buy_ce_allowed': False, 'buy_pe_allowed': True, 'research_only': True}",6314912b99ed1f87856fbef6a795ab27e8d7a83b147099fdd17aecc4a4f22529,52419.1,2024-07-02 09:30:00+05:30,15,-0.0010481431872119988,390.1999999999971,0.0,490.09999999999854,63.82999999999883,57.82666666666725,0.0008339838051393758,59.517857142857665,-156.6750000000029,409.34999999999854,16.650000000001455,0.6810655147588184,0.07919366450683447,0.23974082073434713,0,0,-0.0008386847136367948,69.45000000000437,47.30000000000291,0.0,2024-07-02T09:31:00+05:30,52411.35,30,291.09999999999854,38.349999999998545,122.29999999999563,120.79999999999563,True,True,0.42013053933354944
BANKNIFTY:2024-07-02,2024-07-02,BANKNIFTY,opening_range_low_break,2024-07-02T09:32:00+05:30,2024-07-02T09:32:00+05:30,DOWN,{},"{'source_path': '/Users/madhuram/tradebot-structural-edge-discovery-v3/runtime/upstox_candidate_replay.zip!upstox_candidate_replay/20240702/underlying/BANKNIFTY_20240702.parquet', 'source_hash': '4357f109ed631802b3774c34db9c318f71742f8e99de307408af71bf00810707'}",{'completed_bar_only': True},"{'buy_ce_allowed': False, 'buy_pe_allowed': True, 'research_only': True}",d88b54e5df2512a35a3ac36438bf29f4e677708bf6800135968480b2d5ecaa0e,52382.2,2024-07-02 09:31:00+05:30,16,-0.0020962863744241364,390.1999999999971,0.0,490.09999999999854,64.72999999999884,58.10666666666705,0.0008360058543655651,58.36785714285725,-182.18823529411748,446.25,9.19999999999709,0.7601043024772506,0.0,0.2398956975227494,0,0,-0.0007039418837789801,38.349999999998545,29.150000000001455,0.0,2024-07-02T09:32:00+05:30,52382.8,30,262.5500000000029,66.89999999999418,76.0,74.5,True,True,0.28946867263378084
BANKNIFTY:2024-07-02,2024-07-02,BANKNIFTY,opening_range_low_break,2024-07-02T09:33:00+05:30,2024-07-02T09:33:00+05:30,DOWN,{},"{'source_path': '/Users/madhuram/tradebot-structural-edge-discovery-v3/runtime/upstox_candidate_replay.zip!upstox_candidate_replay/20240702/underlying/BANKNIFTY_20240702.parquet', 'source_hash': '4357f109ed631802b3774c34db9c318f71742f8e99de307408af71bf00810707'}",{'completed_bar_only': True},"{'buy_ce_allowed': False, 'buy_pe_allowed': True, 'research_only': True}",d7c331c8e76a521fef3c8aed4b9c57ac50ee758ec85a66e7d9327f45942d6b01,52431.65,2024-07-02 09:32:00+05:30,17,-0.002639873803940946,390.1999999999971,0.0,490.09999999999854,63.61999999999826,58.119999999999706,0.0008957390220782096,58.40714285714265,-125.36388888888905,396.79999999999563,58.650000000001455,0.8938700823422461,0.10612991765775392,0.0,0,0,0.0009440229696349167,54.64999999999418,48.849999999998545,0.0,2024-07-02T09:33:00+05:30,52429.65,30,309.40000000000146,20.049999999995634,129.09999999999854,127.59999999999854,True,True,0.4172592113768518
BANKNIFTY:2024-07-02,2024-07-02,BANKNIFTY,opening_range_low_break,2024-07-02T09:34:00+05:30,2024-07-02T09:34:00+05:30,DOWN,{},"{'source_path': '/Users/madhuram/tradebot-structural-edge-discovery-v3/runtime/upstox_candidate_replay.zip!upstox_candidate_replay/20240702/underlying/BANKNIFTY_20240702.parquet', 'source_hash': '4357f109ed631802b3774c34db9c318f71742f8e99de307408af71bf00810707'}",{'completed_bar_only': True},"{'buy_ce_allowed': False, 'buy_pe_allowed': True, 'research_only': True}",4d780a67759faf9a9783cf92f03c93cb215fcf7b4a6e4497e087e2dcfd55e4d0,52419.85,2024-07-02 09:33:00+05:30,18,-0.0017478573040157048,390.1999999999971,0.0,490.09999999999854,49.87999999999884,57.543333333332946,0.0008402605229867904,59.77857142857101,-129.94473684210243,408.59999999999854,46.849999999998545,0.21562156215629347,0.44114411441137336,0.3432343234323332,1,0,-0.00022505490481428136,45.44999999999709,9.80000000000291,0.0,2024-07-02T09:34:00+05:30,52416.35,30,296.09999999999854,32.25,97.90000000000146,96.40000000000146,True,True,0.3306315433975074
BANKNIFTY:2024-07-02,2024-07-02,BANKNIFTY,opening_range_low_break,2024-07-02T09:35:00+05:30,2024-07-02T09:35:00+05:30,DOWN,{},"{'source_path': '/Users/madhuram/tradebot-structural-edge-discovery-v3/runtime/upstox_candidate_replay.zip!upstox_candidate_replay/20240702/underlying/BANKNIFTY_20240702.parquet', 'source_hash': '4357f109ed631802b3774c34db9c318f71742f8e99de307408af71bf00810707'}",{'completed_bar_only': True},"{'buy_ce_allowed': False, 'buy_pe_allowed': True, 'research_only': True}",7f74c86acbe70d3f558f499835aff95bad1b0db3550efee6d6a3180df50ffc3e,52428.75,2024-07-02 09:34:00+05:30,19,-0.002001087174859006,390.1999999999971,0.0,490.09999999999854,49.849999999998545,58.549999999999514,0.0008460548696316743,51.88571428571335,-114.99250000000757,399.6999999999971,55.75,0.2998790810157652,0.21765417170496534,0.48246674727926947,2,0,0.00016978301158809828,41.349999999998545,12.400000000001455,0.0,2024-07-02T09:35:00+05:30,52427.6,30,307.34999999999854,21.0,88.75,87.25,True,True,0.28875874410281577
BANKNIFTY:2024-07-02,2024-07-02,BANKNIFTY,opening_range_low_break,2024-07-02T09:36:00+05:30,2024-07-02T09:36:00+05:30,DOWN,{},"{'source_path': '/Users/madhuram/tradebot-structural-edge-discovery-v3/runtime/upstox_candidate_replay.zip!upstox_candidate_replay/20240702/underlying/BANKNIFTY_20240702.parquet', 'source_hash': '4357f109ed631802b3774c34db9c318f71742f8e99de307408af71bf00810707'}",{'completed_bar_only': True},"{'buy_ce_allowed': False, 'buy_pe_allowed': True, 'research_only': True}",2f1d8ef4332ee60816268f664efc4e206994657ddee3f4017ae3813522bd19a8,52421.0,2024-07-02 09:35:00+05:30,20,-0.0017868889758374635,390.1999999999971,0.0,490.09999999999854,45.85999999999767,51.72666666666579,0.0006384281288142037,52.22499999999906,-116.89761904762418,407.4499999999971,48.0,0.13333333333330394,0.42424242424242425,0.4424242424242718,3,0,-0.00014781966001475855,49.5,6.599999999998545,0.0,2024-07-02T09:36:00+05:30,52417.25,30,297.0,12.650000000001455,59.80000000000291,58.30000000000291,True,True,0.20134680134681116
BANKNIFTY:2024-07-02,2024-07-02,BANKNIFTY,opening_range_low_break,2024-07-02T09:37:00+05:30,2024-07-02T09:37:00+05:30,DOWN,{},"{'source_path': '/Users/madhuram/tradebot-structural-edge-discovery-v3/runtime/upstox_candidate_replay.zip!upstox_candidate_replay/20240702/underlying/BANKNIFTY_20240702.parquet', 'source_hash': '4357f109ed631802b3774c34db9c318f71742f8e99de307408af71bf00810707'}",{'completed_bar_only': True},"{'buy_ce_allowed': False, 'buy_pe_allowed': True, 'research_only': True}",8e17137dd38330e4a0e63b82e968972f58d1aea89175cc7ff2558ceefc7658bb,52411.3,2024-07-02 09:36:00+05:30,21,-0.001983951318937255,390.1999999999971,0.0,490.09999999999854,43.699999999998546,50.57999999999932,0.0006075112016545448,51.332142857141925,-120.84318181817798,417.1499999999942,38.30000000000291,0.21597096188734885,0.4591651542649771,0.32486388384767406,4,0,-0.00018504034642596867,27.55000000000291,5.94999999999709,0.0,2024-07-02T09:37:00+05:30,52409.1,30,288.84999999999854,17.5,89.75,88.25,True,True,0.3107149039293767
BANKNIFTY:2024-07-02,2024-07-02,BANKNIFTY,opening_range_low_break,2024-07-02T09:38:00+05:30,2024-07-02T09:38:00+05:30,DOWN,{},"{'source_path': '/Users/madhuram/tradebot-structural-edge-discovery-v3/runtime/upstox_candidate_replay.zip!upstox_candidate_replay/20240702/underlying/BANKNIFTY_20240702.parquet', 'source_hash': '4357f109ed631802b3774c34db9c318f71742f8e99de307408af71bf00810707'}",{'completed_bar_only': True},"{'buy_ce_allowed': False, 'buy_pe_allowed': True, 'research_only': True}",599fce825e8c9508b5b53d028b0d96fc61281ed7db3b749fcb52decc2e2abece,52412.5,2024-07-02 09:37:00+05:30,22,-0.0021391260142284447,390.1999999999971,0.0,490.09999999999854,47.869999999999706,52.94333333333246,0.0006077877708949322,54.84285714285631,-114.44130434781982,415.9499999999971,61.400000000001455,0.04503311258280073,0.18675496688739796,0.7682119205298014,5,0,2.2895825900093314e-05,75.5,3.400000000001455,0.0,2024-07-02T09:38:00+05:30,52415.05,30,294.8000000000029,6.19999999999709,99.05000000000291,97.55000000000291,True,True,0.3359905020352847
BANKNIFTY:2024-07-04,2024-07-04,BANKNIFTY,opening_range_low_break,2024-07-04T10:28:00+05:30,2024-07-04T10:28:00+05:30,DOWN,{},"{'source_path': '/Users/madhuram/tradebot-structural-edge-discovery-v3/runtime/upstox_candidate_replay.zip!upstox_candidate_replay/20240704/underlying/BANKNIFTY_20240704.parquet', 'source_hash': '4357f109ed631802b3774c34db9c318f71742f8e99de307408af71bf00810707'}",{'completed_bar_only': True},"{'buy_ce_allowed': False, 'buy_pe_allowed': True, 'research_only': True}",35da66dd6e6c083167e95965e5fd0e31dbb1bcbad04f3ee7ddc3f1cc2768ebc3,53019.35,2024-07-04 10:27:00+05:30,72,0.0001027484745621565,313.1999999999971,0.0,774.0499999999956,46.1,34.32333333333275,0.00046823212853559597,35.86785714285673,-132.99726027397264,338.34999999999854,12.94999999999709,0.6856796116505339,0.0,0.31432038834946613,0,0,-0.0004826095603822633,41.19999999999709,28.25,0.0,2024-07-04T10:28:00+05:30,53019.65,30,203.75,64.44999999999709,173.84999999999854,172.34999999999854,True,True,0.8532515337423241
BANKNIFTY:2024-07-04,2024-07-04,BANKNIFTY,opening_range_low_break,2024-07-04T10:33:00+05:30,2024-07-04T10:33:00+05:30,DOWN,{},"{'source_path': '/Users/madhuram/tradebot-structural-edge-discovery-v3/runtime/upstox_candidate_replay.zip!upstox_candidate_replay/20240704/underlying/BANKNIFTY_20240704.parquet', 'source_hash': '4357f109ed631802b3774c34db9c318f71742f8e99de307408af71bf00810707'}",{'completed_bar_only': True},"{'buy_ce_allowed': False, 'buy_pe_allowed': True, 'research_only': True}",3e27a5dd7259753fee680d1179eadef8bb1a1acc4564c536fbe351a34ba2e403,53028.15,2024-07-04 10:32:00+05:30,77,4.5247034669625104e-05,313.1999999999971,0.0,774.0499999999956,27.23999999999942,35.63333333333285,0.0004931770905350981,33.65714285714213,-117.71794871795282,329.54999999999563,21.75,0.8138957816380245,0.14392059553325146,0.042183622828724086,3,0,-0.00033650039588284386,20.14999999999418,16.400000000001455,0.0,2024-07-04T10:33:00+05:30,53025.45,30,209.54999999999563,3.8000000000029104,160.54999999999563,159.04999999999563,True,True,0.7661655929372416
BANKNIFTY:2024-07-04,2024-07-04,BANKNIFTY,opening_range_low_break,2024-07-04T10:34:00+05:30,2024-07-04T10:34:00+05:30,DOWN,{},"{'source_path': '/Users/madhuram/tradebot-structural-edge-discovery-v3/runtime/upstox_candidate_replay.zip!upstox_candidate_replay/20240704/underlying/BANKNIFTY_20240704.parquet', 'source_hash': '4357f109ed631802b3774c34db9c318f71742f8e99de307408af71bf00810707'}",{'completed_bar_only': True},"{'buy_ce_allowed': False, 'buy_pe_allowed': True, 'research_only': True}",4bb11481816db4704e85705ed441734c3786e13c2ac2be3479f773aea0d5207b,52971.65,2024-07-04 10:33:00+05:30,78,-0.00031484394957603275,313.1999999999971,0.0,774.0499999999956,31.669999999998254,35.55333333333256,0.000535325676529108,35.38928571428499,-172.01265822783898,386.04999999999563,4.5,0.8663446054749903,0.061191626409066016,0.07246376811594372,4,0,-0.0010654718295848298,62.099999999998545,53.799999999995634,0.0,2024-07-04T10:34:00+05:30,52973.0,30,157.09999999999854,3.349999999998545,101.40000000000146,99.90000000000146,True,True,0.6454487587524023
BANKNIFTY:2024-07-04,2024-07-04,BANKNIFTY,opening_range_low_break,2024-07-04T10:35:00+05:30,2024-07-04T10:35:00+05:30,DOWN,{},"{'source_path': '/Users/madhuram/tradebot-structural-edge-discovery-v3/runtime/upstox_candidate_replay.zip!upstox_candidate_replay/20240704/underlying/BANKNIFTY_20240704.parquet', 'source_hash': '4357f109ed631802b3774c34db9c318f71742f8e99de307408af71bf00810707'}",{'completed_bar_only': True},"{'buy_ce_allowed': False, 'buy_pe_allowed': True, 'research_only': True}",4d67b4637276e9163b016b103d082f96421a4751531990648f51e4198949cffe,52954.3,2024-07-04 10:34:00+05:30,79,-0.0013036801864178102,313.1999999999971,0.0,774.0499999999956,32.28999999999942,35.506666666666085,0.0005015378203074189,37.01071428571387,-186.9956250000032,403.3999999999942,15.10000000000582,0.503364737550373,0.09017496635258179,0.4064602960970452,5,0,-0.0003275336901908954,37.150000000001455,18.69999999999709,0.0,2024-07-04T10:35:00+05:30,52944.95,30,129.04999999999563,7.700000000004366,80.44999999999709,78.94999999999709,True,True,0.6234017822549385
BANKNIFTY:2024-07-04,2024-07-04,BANKNIFTY,opening_range_low_break,2024-07-04T10:36:00+05:30,2024-07-04T10:36:00+05:30,DOWN,{},"{'source_path': '/Users/madhuram/tradebot-structural-edge-discovery-v3/runtime/upstox_candidate_replay.zip!upstox_candidate_replay/20240704/underlying/BANKNIFTY_20240704.parquet', 'source_hash': '4357f109ed631802b3774c34db9c318f71742f8e99de307408af71bf00810707'}",{'completed_bar_only': True},"{'buy_ce_allowed': False, 'buy_pe_allowed': True, 'research_only': True}",53637fe68bda523e0525edc042e5f0ccc5da69cc95ac3fefe8876fee6e970749,52917.0,2024-07-04 10:35:00+05:30,80,-0.0018325049041187879,313.1999999999971,0.0,774.0499999999956,36.65999999999913,37.20666666666657,0.0005086459263584673,37.20357142857132,-221.52654320988222,440.6999999999971,4.30000000000291,0.6996245306631799,0.19274092615778535,0.1076345431790348,6,0,-0.0007043809473452622,39.950000000004366,27.94999999999709,0.0,2024-07-04T10:36:00+05:30,52914.45,30,98.54999999999563,36.400000000001455,55.349999999998545,53.849999999998545,True,True,0.5616438356164485
BANKNIFTY:2024-07-04,2024-07-04,BANKNIFTY,opening_range_low_break,2024-07-04T10:37:00+05:30,2024-07-04T10:37:00+05:30,DOWN,{},"{'source_path': '/Users/madhuram/tradebot-structural-edge-discovery-v3/runtime/upstox_candidate_replay.zip!upstox_candidate_replay/20240704/underlying/BANKNIFTY_20240704.parquet', 'source_hash': '4357f109ed631802b3774c34db9c318f71742f8e99de307408af71bf00810707'}",{'completed_bar_only': True},"{'buy_ce_allowed': False, 'buy_pe_allowed': True, 'research_only': True}",11137901848b89be884b336de85aa292ea37bda14c5c4ffc121c6b001f66f598,52931.7,2024-07-04 10:36:00+05:30,81,-0.002407519303044925,313.1999999999971,0.0,774.0499999999956,39.529999999998836,37.27666666666628,0.0005241806452709014,38.87142857142836,-204.30426829268254,426.0,19.14999999999418,0.4503916449086675,0.500000000000095,0.04960835509123749,0,0,0.00027779352571011273,38.299999999995634,17.25,0.0,2024-07-04T10:37:00+05:30,52929.95,30,114.04999999999563,13.10000000000582,92.09999999999854,90.59999999999854,True,True,0.8075405523893211
BANKNIFTY:2024-07-04,2024-07-04,BANKNIFTY,opening_range_low_break,2024-07-04T10:38:00+05:30,2024-07-04T10:38:00+05:30,DOWN,{},"{'source_path': '/Users/madhuram/tradebot-structural-edge-discovery-v3/runtime/upstox_candidate_replay.zip!upstox_candidate_replay/20240704/underlying/BANKNIFTY_20240704.parquet', 'source_hash': '4357f109ed631802b3774c34db9c318f71742f8e99de307408af71bf00810707'}",{'completed_bar_only': True},"{'buy_ce_allowed': False, 'buy_pe_allowed': True, 'research_only': True}",c1e9f2928aa858da3cc020409d238fcddfe0702e7194c77a6d04850fa12d7da5,52903.65,2024-07-04 10:37:00+05:30,82,-0.002115298870803773,313.1999999999971,0.0,774.0499999999956,45.640000000000875,39.660000000000096,0.0005284243306302952,39.88214285714275,-229.55481927710935,454.04999999999563,11.30000000000291,0.5187376725836956,0.2583826429981202,0.22287968441818418,0,0,-0.0005299281904793673,50.700000000004366,26.299999999995634,0.0,2024-07-04T10:38:00+05:30,52907.0,30,91.09999999999854,28.900000000001455,51.25,49.75,True,True,0.5625686059275611
BANKNIFTY:2024-07-04,2024-07-04,BANKNIFTY,opening_range_low_break,2024-07-04T10:39:00+05:30,2024-07-04T10:39:00+05:30,DOWN,{},"{'source_path': '/Users/madhuram/tradebot-structural-edge-discovery-v3/runtime/upstox_candidate_replay.zip!upstox_candidate_replay/20240704/underlying/BANKNIFTY_20240704.parquet', 'source_hash': '4357f109ed631802b3774c34db9c318f71742f8e99de307408af71bf00810707'}",{'completed_bar_only': True},"{'buy_ce_allowed': False, 'buy_pe_allowed': True, 'research_only': True}",4393e56905dd27d776efa687d0fa2b7ddb3a4030b4eff458485affce4e2bdc6e,52918.15,2024-07-04 10:38:00+05:30,83,-0.002547973639831746,313.1999999999971,0.0,774.0499999999956,40.19000000000087,39.546666666666475,0.0005433275332598264,37.9392857142853,-212.4946428571493,439.54999999999563,25.80000000000291,0.3199426111908729,0.5093256814921303,0.1707317073169968,0,0,0.00027408316817467693,34.849999999998545,11.150000000001455,0.0,2024-07-04T10:39:00+05:30,52914.7,30,98.79999999999563,14.55000000000291,38.14999999999418,36.64999999999418,True,True,0.38613360323882456
BANKNIFTY:2024-07-05,2024-07-05,BANKNIFTY,opening_range_low_break,2024-07-05T09:31:00+05:30,2024-07-05T09:31:00+05:30,DOWN,{},"{'source_path': '/Users/madhuram/tradebot-structural-edge-discovery-v3/runtime/upstox_candidate_replay.zip!upstox_candidate_replay/20240705/underlying/BANKNIFTY_20240705.parquet', 'source_hash': '4357f109ed631802b3774c34db9c318f71742f8e99de307408af71bf00810707'}",{'completed_bar_only': True},"{'buy_ce_allowed': False, 'buy_pe_allowed': True, 'research_only': True}",0d03a06b100c355d9f972ce0283e71bc8103808cebacb2e406b0d9bf1095de14,52351.35,2024-07-05 09:30:00+05:30,15,-0.010701014905691532,311.34999999999854,0.0,541.7999999999956,81.87000000000262,58.656666666669,0.0008343137307057028,58.985714285716575,-268.24687500000437,466.5,60.900000000001455,0.7040051402869799,0.03512529449562738,0.2608695652173927,0,0,-0.0031580129938382218,233.45000000000437,164.34999999999854,0.0,2024-07-05T09:31:00+05:30,52355.8,30,65.75,119.34999999999854,-45.099999999998545,-46.599999999998545,False,False,-0.6859315589353391
BANKNIFTY:2024-07-05,2024-07-05,BANKNIFTY,opening_range_low_break,2024-07-05T09:32:00+05:30,2024-07-05T09:32:00+05:30,DOWN,{},"{'source_path': '/Users/madhuram/tradebot-structural-edge-discovery-v3/runtime/upstox_candidate_replay.zip!upstox_candidate_replay/20240705/underlying/BANKNIFTY_20240705.parquet', 'source_hash': '4357f109ed631802b3774c34db9c318f71742f8e99de307408af71bf00810707'}",{'completed_bar_only': True},"{'buy_ce_allowed': False, 'buy_pe_allowed': True, 'research_only': True}",c0a00605abcf3844569688e5599416c4bfc78bfeeabfdc4344480ebfbec35000,52403.05,2024-07-05 09:31:00+05:30,16,-0.013713236159841704,311.34999999999854,0.0,541.7999999999956,87.72000000000261,60.22000000000214,0.000917960822334912,61.628571428573714,-203.80882352940534,414.79999999999563,112.60000000000582,0.6096774193548387,0.3580645161290323,0.03225806451612903,0,0,0.000987558104996511,77.5,47.25,0.0,2024-07-05T09:32:00+05:30,52396.9,30,106.84999999999854,78.25,31.55000000000291,30.05000000000291,True,True,0.29527374824523483
BANKNIFTY:2024-07-05,2024-07-05,BANKNIFTY,opening_range_low_break,2024-07-05T09:33:00+05:30,2024-07-05T09:33:00+05:30,DOWN,{},"{'source_path': '/Users/madhuram/tradebot-structural-edge-discovery-v3/runtime/upstox_candidate_replay.zip!upstox_candidate_replay/20240705/underlying/BANKNIFTY_20240705.parquet', 'source_hash': '4357f109ed631802b3774c34db9c318f71742f8e99de307408af71bf00810707'}",{'completed_bar_only': True},"{'buy_ce_allowed': False, 'buy_pe_allowed': True, 'research_only': True}",f5911df95f89a6eab0cb37b9f587390194e7f1efdac6b4c6568d4bf3b98ca792,52419.45,2024-07-05 09:32:00+05:30,17,-0.012938987920031998,311.34999999999854,0.0,541.7999999999956,92.4000000000029,61.53333333333576,0.0009363921371467446,62.128571428573714,-176.99722222222772,398.40000000000146,129.0,0.37458471760787376,0.1802325581396185,0.44518272425250777,0,0,0.00031295888311833053,60.200000000004366,22.549999999995634,0.0,2024-07-05T09:33:00+05:30,52425.05,30,135.0,50.099999999998545,53.25,51.75,True,True,0.39444444444444443
BANKNIFTY:2024-07-05,2024-07-05,BANKNIFTY,opening_range_low_break,2024-07-05T09:34:00+05:30,2024-07-05T09:34:00+05:30,DOWN,{},"{'source_path': '/Users/madhuram/tradebot-structural-edge-discovery-v3/runtime/upstox_candidate_replay.zip!upstox_candidate_replay/20240705/underlying/BANKNIFTY_20240705.parquet', 'source_hash': '4357f109ed631802b3774c34db9c318f71742f8e99de307408af71bf00810707'}",{'completed_bar_only': True},"{'buy_ce_allowed': False, 'buy_pe_allowed': True, 'research_only': True}",12213cce3312fc261dc69536cceff885e1218f73eaaa04926641388141e0b616,52374.9,2024-07-05 09:33:00+05:30,18,-0.012408693809310704,311.34999999999854,0.0,541.7999999999956,97.60000000000291,61.770000000002135,0.0009266450897911875,62.553571428573505,-209.88684210526117,442.9499999999971,84.45000000000437,0.88370044052866,0.11629955947133999,0.0,0,0,-0.0008498753802261838,56.75,50.150000000001455,0.0,2024-07-05T09:34:00+05:30,52374.25,30,84.19999999999709,100.90000000000146,-24.94999999999709,-26.44999999999709,False,False,-0.29631828978619895
BANKNIFTY:2024-07-05,2024-07-05,BANKNIFTY,opening_range_low_break,2024-07-05T09:35:00+05:30,2024-07-05T09:35:00+05:30,DOWN,{},"{'source_path': '/Users/madhuram/tradebot-structural-edge-discovery-v3/runtime/upstox_candidate_replay.zip!upstox_candidate_replay/20240705/underlying/BANKNIFTY_20240705.parquet', 'source_hash': '4357f109ed631802b3774c34db9c318f71742f8e99de307408af71bf00810707'}",{'completed_bar_only': True},"{'buy_ce_allowed': False, 'buy_pe_allowed': True, 'research_only': True}",5c089afb87c609b177ea74a3c962f30ab2a40e815aad5c0454df8841bc262c4f,52378.2,2024-07-05 09:34:00+05:30,19,-0.013365672168978266,311.34999999999854,0.0,541.7999999999956,92.63000000000174,60.733333333335274,0.0009305431885757216,62.73571428571605,-196.2574999999997,439.65000000000146,87.75,0.11205673758856992,0.6000000000000413,0.2879432624113888,0,0,6.300728020480761e-05,35.25,3.9499999999970896,0.0,2024-07-05T09:35:00+05:30,52378.7,30,88.64999999999418,96.45000000000437,-33.400000000001455,-34.900000000001455,False,False,-0.376762549351423
BANKNIFTY:2024-07-05,2024-07-05,BANKNIFTY,opening_range_low_break,2024-07-05T09:36:00+05:30,2024-07-05T09:36:00+05:30,DOWN,{},"{'source_path': '/Users/madhuram/tradebot-structural-edge-discovery-v3/runtime/upstox_candidate_replay.zip!upstox_candidate_replay/20240705/underlying/BANKNIFTY_20240705.parquet', 'source_hash': '4357f109ed631802b3774c34db9c318f71742f8e99de307408af71bf00810707'}",{'completed_bar_only': True},"{'buy_ce_allowed': False, 'buy_pe_allowed': True, 'research_only': True}",594b558cfc8078663abe27f0522da2be9b70f32b5c55ab44403e2a427d1276b0,52357.9,2024-07-05 09:35:00+05:30,20,-0.013281842371723982,311.34999999999854,0.0,541.7999999999956,53.76000000000058,61.16000000000155,0.0009305080960611922,62.703571428572886,-206.24523809523816,459.9499999999971,67.45000000000437,0.5319693094628237,0.057544757033250224,0.41048593350392604,1,0,-0.0003875658193674969,39.099999999998545,20.799999999995634,0.0,2024-07-05T09:36:00+05:30,52355.5,30,65.44999999999709,119.65000000000146,-75.05000000000291,-76.55000000000291,False,False,-1.146676852559301
BANKNIFTY:2024-07-05,2024-07-05,BANKNIFTY,opening_range_low_break,2024-07-05T09:37:00+05:30,2024-07-05T09:37:00+05:30,DOWN,{},"{'source_path': '/Users/madhuram/tradebot-structural-edge-discovery-v3/runtime/upstox_candidate_replay.zip!upstox_candidate_replay/20240705/underlying/BANKNIFTY_20240705.parquet', 'source_hash': '4357f109ed631802b3774c34db9c318f71742f8e99de307408af71bf00810707'}",{'completed_bar_only': True},"{'buy_ce_allowed': False, 'buy_pe_allowed': True, 'research_only': True}",6357582a5ea5371ab64b2a4d781f69a134c58f3a76e467f5ad56e1308703f726,52383.6,2024-07-05 09:36:00+05:30,21,-0.01371888760684767,311.34999999999854,0.0,541.7999999999956,45.96999999999971,61.0933333333344,0.000945530044615328,61.475000000001145,-172.33863636363094,434.25,93.15000000000146,0.7289234760052329,0.2399481193255784,0.03112840466918873,2,0,0.000490852383307816,38.549999999995634,28.099999999998545,0.0,2024-07-05T09:37:00+05:30,52386.15,30,96.09999999999854,89.0,-45.69999999999709,-47.19999999999709,True,True,-0.47554630593129843
BANKNIFTY:2024-07-05,2024-07-05,BANKNIFTY,opening_range_low_break,2024-07-05T09:38:00+05:30,2024-07-05T09:38:00+05:30,DOWN,{},"{'source_path': '/Users/madhuram/tradebot-structural-edge-discovery-v3/runtime/upstox_candidate_replay.zip!upstox_candidate_replay/20240705/underlying/BANKNIFTY_20240705.parquet', 'source_hash': '4357f109ed631802b3774c34db9c318f71742f8e99de307408af71bf00810707'}",{'completed_bar_only': True},"{'buy_ce_allowed': False, 'buy_pe_allowed': True, 'research_only': True}",a7e19862d8df34cb705f2d3202e6df9f5503a4454e1faafe3e85daa96a81bf04,52415.6,2024-07-05 09:37:00+05:30,22,-0.013141498104410456,311.34999999999854,0.0,541.7999999999956,43.48999999999942,60.5633333333346,0.000967134749350935,60.021428571429816,-134.23695652173774,402.25,125.15000000000146,0.6161087866107803,0.22071129707117715,0.16317991631804257,3,0,0.000610878213792132,47.80000000000291,29.44999999999709,0.0,2024-07-05T09:38:00+05:30,52415.7,30,125.64999999999418,59.450000000004366,-5.200000000004366,-6.700000000004366,True,True,-0.041384799045002835
BANKNIFTY:2024-07-08,2024-07-08,BANKNIFTY,opening_range_low_break,2024-07-08T11:44:00+05:30,2024-07-08T11:44:00+05:30,DOWN,{},"{'source_path': '/Users/madhuram/tradebot-structural-edge-discovery-v3/runtime/upstox_candidate_replay.zip!upstox_candidate_replay/20240708/underlying/BANKNIFTY_20240708.parquet', 'source_hash': '4357f109ed631802b3774c34db9c318f71742f8e99de307408af71bf00810707'}",{'completed_bar_only': True},"{'buy_ce_allowed': False, 'buy_pe_allowed': True, 'research_only': True}",eae76db012c1f0b8462493b828ab0248dacd2d1979d7bfb5fe8c74cea5ec0711,52314.45,2024-07-08 11:43:00+05:30,148,-0.005903123791754899,335.3500000000058,0.0,527.7999999999956,43.92000000000117,26.996666666667927,0.0003764455794959306,27.660714285715844,-195.79530201342277,396.3500000000058,13.69999999999709,0.23323615160347874,0.3673469387756487,0.3994169096208725,0,5,-0.00015671989090770833,34.30000000000291,8.0,0.0,2024-07-08T11:44:00+05:30,52311.95,30,59.5,127.75,28.299999999995634,26.799999999995634,False,False,0.475630252100767
BANKNIFTY:2024-07-08,2024-07-08,BANKNIFTY,opening_range_low_break,2024-07-08T12:14:00+05:30,2024-07-08T12:14:00+05:30,DOWN,{},"{'source_path': '/Users/madhuram/tradebot-structural-edge-discovery-v3/runtime/upstox_candidate_replay.zip!upstox_candidate_replay/20240708/underlying/BANKNIFTY_20240708.parquet', 'source_hash': '4357f109ed631802b3774c34db9c318f71742f8e99de307408af71bf00810707'}",{'completed_bar_only': True},"{'buy_ce_allowed': False, 'buy_pe_allowed': True, 'research_only': True}",dfaecf2c663ee0fbce65454d6e04a919923b15d3537e1162f56a162a6ba51e87,52272.75,2024-07-08 12:13:00+05:30,178,-0.005473736608962195,335.3500000000058,0.0,527.7999999999956,32.39000000000233,27.19333333333343,0.0004065682392576774,26.657142857143167,-214.8625698324031,438.0500000000029,15.30000000000291,0.8206583427922604,0.005675368898978059,0.17366628830876163,0,5,-0.0014403565359998316,88.10000000000582,72.30000000000291,0.0,2024-07-08T12:14:00+05:30,52275.5,30,28.80000000000291,106.90000000000146,-75.40000000000146,-76.90000000000146,False,False,-2.6180555555553413
BANKNIFTY:2024-07-08,2024-07-08,BANKNIFTY,opening_range_low_break,2024-07-08T12:15:00+05:30,2024-07-08T12:15:00+05:30,DOWN,{},"{'source_path': '/Users/madhuram/tradebot-structural-edge-discovery-v3/runtime/upstox_candidate_replay.zip!upstox_candidate_replay/20240708/underlying/BANKNIFTY_20240708.parquet', 'source_hash': '4357f109ed631802b3774c34db9c318f71742f8e99de307408af71bf00810707'}",{'completed_bar_only': True},"{'buy_ce_allowed': False, 'buy_pe_allowed': True, 'research_only': True}",71885309ff4bf33c2445d790d9a138ae02e9c1da2afab93a898afc75fd7c7195,52283.65,2024-07-08 12:14:00+05:30,179,-0.006795147164857156,335.3500000000058,0.0,527.7999999999956,35.580000000001746,27.48000000000029,0.00041117900723396117,27.09285714285787,-202.8294444444473,427.15000000000146,31.200000000004366,0.20897435897439628,0.19999999999988807,0.5910256410257156,0,5,0.00020852164846885124,39.0,8.150000000001455,0.0,2024-07-08T12:15:00+05:30,52285.1,30,38.400000000001455,97.30000000000291,-70.30000000000291,-71.80000000000291,False,False,-1.8307291666666732
BANKNIFTY:2024-07-08,2024-07-08,BANKNIFTY,opening_range_low_break,2024-07-08T12:16:00+05:30,2024-07-08T12:16:00+05:30,DOWN,{},"{'source_path': '/Users/madhuram/tradebot-structural-edge-discovery-v3/runtime/upstox_candidate_replay.zip!upstox_candidate_replay/20240708/underlying/BANKNIFTY_20240708.parquet', 'source_hash': '4357f109ed631802b3774c34db9c318f71742f8e99de307408af71bf00810707'}",{'completed_bar_only': True},"{'buy_ce_allowed': False, 'buy_pe_allowed': True, 'research_only': True}",8371b0ec84aa46b6e7ec71ca6f276f2ef966b7eb87d7ee8b6d2500e8161ef45f,52285.75,2024-07-08 12:15:00+05:30,180,-0.0066127526093346664,335.3500000000058,0.0,527.7999999999956,42.35000000000146,28.396666666667443,0.0004130906250947627,28.767857142858183,-199.62044198895455,425.0500000000029,39.05000000000291,0.013933547695636333,0.16291532690242888,0.8231511254019348,0,5,4.016552019603381e-05,46.650000000001455,0.6500000000014552,0.0,2024-07-08T12:16:00+05:30,52290.45,30,3.6999999999970896,91.95000000000437,-55.400000000001455,-56.900000000001455,False,False,-14.972972972985144
BANKNIFTY:2024-07-08,2024-07-08,BANKNIFTY,opening_range_low_break,2024-07-08T12:17:00+05:30,2024-07-08T12:17:00+05:30,DOWN,{},"{'source_path': '/Users/madhuram/tradebot-structural-edge-discovery-v3/runtime/upstox_candidate_replay.zip!upstox_candidate_replay/20240708/underlying/BANKNIFTY_20240708.parquet', 'source_hash': '4357f109ed631802b3774c34db9c318f71742f8e99de307408af71bf00810707'}",{'completed_bar_only': True},"{'buy_ce_allowed': False, 'buy_pe_allowed': True, 'research_only': True}",bb2a1ddbcfca097e38a88ae2ce4807987e0860e3b66273548803270d51a66371,52308.1,2024-07-08 12:16:00+05:30,181,-0.006511105643496625,335.3500000000058,0.0,527.7999999999956,44.900000000001455,29.260000000001067,0.0004333296701796946,29.953571428572364,-176.29642857143335,402.70000000000437,61.400000000001455,0.4882434301521644,0.409405255878349,0.1023513139694866,0,5,0.00042745872441352084,36.150000000001455,17.650000000001455,0.0,2024-07-08T12:17:00+05:30,52309.1,30,3.599999999998545,73.30000000000291,-59.150000000001455,-60.650000000001455,False,False,-16.430555555562602
BANKNIFTY:2024-07-10,2024-07-10,BANKNIFTY,opening_range_low_break,2024-07-10T10:36:00+05:30,2024-07-10T10:36:00+05:30,DOWN,{},"{'source_path': '/Users/madhuram/tradebot-structural-edge-discovery-v3/runtime/upstox_candidate_replay.zip!upstox_candidate_replay/20240710/underlying/BANKNIFTY_20240710.parquet', 'source_hash': '4357f109ed631802b3774c34db9c318f71742f8e99de307408af71bf00810707'}",{'completed_bar_only': True},"{'buy_ce_allowed': False, 'buy_pe_allowed': True, 'research_only': True}",36d4ba709a7b306712e4c0dd6746081eef0a06c3e26c456d38e02d95ca6085e2,52118.65,2024-07-10 10:35:00+05:30,80,-0.006355504613357658,353.6000000000058,0.0,333.65000000000146,32.919999999998254,31.973333333333237,0.0005005535027638371,31.485714285713975,-161.3006172839523,410.15000000000146,0.25,0.9963872832369941,0.0,0.0036127167630059325,0,0,-0.0014063444528429336,69.19999999999709,68.94999999999709,0.0,2024-07-10T10:36:00+05:30,52123.2,30,45.299999999995634,42.55000000000291,-28.80000000000291,-30.30000000000291,True,True,-0.635761589404099
BANKNIFTY:2024-07-10,2024-07-10,BANKNIFTY,opening_range_low_break,2024-07-10T10:37:00+05:30,2024-07-10T10:37:00+05:30,DOWN,{},"{'source_path': '/Users/madhuram/tradebot-structural-edge-discovery-v3/runtime/upstox_candidate_replay.zip!upstox_candidate_replay/20240710/underlying/BANKNIFTY_20240710.parquet', 'source_hash': '4357f109ed631802b3774c34db9c318f71742f8e99de307408af71bf00810707'}",{'completed_bar_only': True},"{'buy_ce_allowed': False, 'buy_pe_allowed': True, 'research_only': True}",81ec986bd3e7a7a8ae272066849ba9917dd9b0d671d9cd4c6d06fb0a1d06cf71,52120.95,2024-07-10 10:36:00+05:30,81,-0.007581671471057595,353.6000000000058,0.0,333.65000000000146,31.409999999999126,30.723333333333237,0.000491982630981709,29.60357142857122,-157.06158536586008,407.8500000000058,12.44999999999709,0.11221945137155478,0.2668329177059872,0.620947630922458,0,0,4.4130076277903996e-05,20.05000000000291,2.25,0.0,2024-07-10T10:37:00+05:30,52118.2,30,40.299999999995634,47.55000000000291,-39.700000000004366,-41.200000000004366,False,False,-0.9851116625312324
BANKNIFTY:2024-07-10,2024-07-10,BANKNIFTY,opening_range_low_break,2024-07-10T10:38:00+05:30,2024-07-10T10:38:00+05:30,DOWN,{},"{'source_path': '/Users/madhuram/tradebot-structural-edge-discovery-v3/runtime/upstox_candidate_replay.zip!upstox_candidate_replay/20240710/underlying/BANKNIFTY_20240710.parquet', 'source_hash': '4357f109ed631802b3774c34db9c318f71742f8e99de307408af71bf00810707'}",{'completed_bar_only': True},"{'buy_ce_allowed': False, 'buy_pe_allowed': True, 'research_only': True}",e098a8a38f43314b3ba2287a5a8818933308b5903b671e888e91350b148148f9,52132.95,2024-07-10 10:37:00+05:30,82,-0.007676870761251687,353.6000000000058,0.0,333.65000000000146,32.859999999999125,29.579999999999806,0.0004565608677772516,29.54999999999979,-143.313855421693,395.8500000000058,24.44999999999709,0.5042735042735043,0.4888888888889884,0.006837606837507337,0,0,0.00023023371600094933,29.25,14.75,0.0,2024-07-10T10:38:00+05:30,52133.2,30,55.299999999995634,32.55000000000291,-7.30000000000291,-8.80000000000291,True,True,-0.1320072332731191
BANKNIFTY:2024-07-10,2024-07-10,BANKNIFTY,opening_range_low_break,2024-07-10T10:39:00+05:30,2024-07-10T10:39:00+05:30,DOWN,{},"{'source_path': '/Users/madhuram/tradebot-structural-edge-discovery-v3/runtime/upstox_candidate_replay.zip!upstox_candidate_replay/20240710/underlying/BANKNIFTY_20240710.parquet', 'source_hash': '4357f109ed631802b3774c34db9c318f71742f8e99de307408af71bf00810707'}",{'completed_bar_only': True},"{'buy_ce_allowed': False, 'buy_pe_allowed': True, 'research_only': True}",f45aa03e6ea7f21498a625755035cd94ef2b7491f018c774061d94df92e0409e,52128.8,2024-07-10 10:38:00+05:30,83,-0.00739127289066941,353.6000000000058,0.0,333.65000000000146,31.599999999998545,28.339999999999417,0.0004562323478134685,28.235714285713453,-145.70833333333576,400.0,20.30000000000291,0.3859649122803882,0.3289473684212206,0.28508771929839116,0,0,-7.960416588725927e-05,11.39999999999418,4.399999999994179,0.0,2024-07-10T10:39:00+05:30,52128.35,30,50.44999999999709,37.400000000001455,2.150000000001455,0.6500000000014552,True,True,0.04261645193263784
BANKNIFTY:2024-07-10,2024-07-10,BANKNIFTY,opening_range_low_break,2024-07-10T10:40:00+05:30,2024-07-10T10:40:00+05:30,DOWN,{},"{'source_path': '/Users/madhuram/tradebot-structural-edge-discovery-v3/runtime/upstox_candidate_replay.zip!upstox_candidate_replay/20240710/underlying/BANKNIFTY_20240710.parquet', 'source_hash': '4357f109ed631802b3774c34db9c318f71742f8e99de307408af71bf00810707'}",{'completed_bar_only': True},"{'buy_ce_allowed': False, 'buy_pe_allowed': True, 'research_only': True}",47838345669d055982764b35e063b5366ea3b97c116907e4a90a6729584f57a8,52133.35,2024-07-10 10:39:00+05:30,84,-0.007483616202157652,353.6000000000058,0.0,333.65000000000146,29.759999999999128,27.613333333332655,0.0004579159263391479,27.739285714285092,-139.49764705882262,395.45000000000437,24.849999999998545,0.26455026455024416,0.2671957671959006,0.4682539682538552,0,0,8.728380472966535e-05,18.900000000001455,5.0,0.0,2024-07-10T10:40:00+05:30,52128.45,30,50.549999999995634,37.30000000000291,-11.900000000001455,-13.400000000001455,True,True,-0.23541048466869402
BANKNIFTY:2024-07-10,2024-07-10,BANKNIFTY,opening_range_low_break,2024-07-10T10:41:00+05:30,2024-07-10T10:41:00+05:30,DOWN,{},"{'source_path': '/Users/madhuram/tradebot-structural-edge-discovery-v3/runtime/upstox_candidate_replay.zip!upstox_candidate_replay/20240710/underlying/BANKNIFTY_20240710.parquet', 'source_hash': '4357f109ed631802b3774c34db9c318f71742f8e99de307408af71bf00810707'}",{'completed_bar_only': True},"{'buy_ce_allowed': False, 'buy_pe_allowed': True, 'research_only': True}",1cc9184b504faa6eeac3379ae4072baff6ecb89fcc3b70d46c67e047c6807cf0,52093.2,2024-07-10 10:40:00+05:30,85,-0.0074817122163537975,353.6000000000058,0.0,333.65000000000146,26.290000000000873,29.346666666666472,0.0004782626398729616,29.399999999999377,-177.55872093023208,435.6000000000058,6.5,0.6798457087752371,0.19479267116691779,0.12536162005784512,1,0,-0.000770140418753118,51.85000000000582,35.25,0.0,2024-07-10T10:41:00+05:30,52093.9,30,16.0,71.84999999999854,-58.19999999999709,-59.69999999999709,False,False,-3.637499999999818
BANKNIFTY:2024-07-10,2024-07-10,BANKNIFTY,opening_range_low_break,2024-07-10T10:42:00+05:30,2024-07-10T10:42:00+05:30,DOWN,{},"{'source_path': '/Users/madhuram/tradebot-structural-edge-discovery-v3/runtime/upstox_candidate_replay.zip!upstox_candidate_replay/20240710/underlying/BANKNIFTY_20240710.parquet', 'source_hash': '4357f109ed631802b3774c34db9c318f71742f8e99de307408af71bf00810707'}",{'completed_bar_only': True},"{'buy_ce_allowed': False, 'buy_pe_allowed': True, 'research_only': True}",be673459d28a0996d6955e25788d0f9b7942230e334a82f72cf3bc572f92301e,52130.45,2024-07-10 10:41:00+05:30,86,-0.008139539311594892,353.6000000000058,0.0,333.65000000000146,33.2,31.07999999999932,0.0005122311824325446,31.039285714284883,-138.69597701149905,398.3500000000058,52.549999999995634,0.6694139194138573,0.03754578754584185,0.2930402930403008,0,0,0.0007150645381739373,54.599999999998545,36.549999999995634,0.0,2024-07-10T10:42:00+05:30,52127.7,30,25.39999999999418,38.05000000000291,-14.10000000000582,-15.60000000000582,False,False,-0.5551181102365769
BANKNIFTY:2024-07-10,2024-07-10,BANKNIFTY,opening_range_low_break,2024-07-10T10:43:00+05:30,2024-07-10T10:43:00+05:30,DOWN,{},"{'source_path': '/Users/madhuram/tradebot-structural-edge-discovery-v3/runtime/upstox_candidate_replay.zip!upstox_candidate_replay/20240710/underlying/BANKNIFTY_20240710.parquet', 'source_hash': '4357f109ed631802b3774c34db9c318f71742f8e99de307408af71bf00810707'}",{'completed_bar_only': True},"{'buy_ce_allowed': False, 'buy_pe_allowed': True, 'research_only': True}",5e57375122d8570e7d4166f592803feacdf9ac3830f6e6e7962f06c33b3d33ce,52154.95,2024-07-10 10:42:00+05:30,87,-0.007495992109882912,353.6000000000058,0.0,333.65000000000146,35.08000000000029,31.54666666666599,0.0005263629380790486,31.985714285713975,-112.89829545454995,373.8500000000058,77.04999999999563,0.7050452781371015,0.14618369987066604,0.14877102199223244,0,0,0.00046997484195898664,38.650000000001455,27.25,0.0,2024-07-10T10:43:00+05:30,52155.5,30,53.19999999999709,10.25,48.80000000000291,47.30000000000291,True,True,0.9172932330828116
BANKNIFTY:2024-07-11,2024-07-11,BANKNIFTY,opening_range_low_break,2024-07-11T09:33:00+05:30,2024-07-11T09:33:00+05:30,DOWN,{},"{'source_path': '/Users/madhuram/tradebot-structural-edge-discovery-v3/runtime/upstox_candidate_replay.zip!upstox_candidate_replay/20240711/underlying/BANKNIFTY_20240711.parquet', 'source_hash': '4357f109ed631802b3774c34db9c318f71742f8e99de307408af71bf00810707'}",{'completed_bar_only': True},"{'buy_ce_allowed': False, 'buy_pe_allowed': True, 'research_only': True}",1bc9d251c99cb9bc1a9352e6a91823450a94c47d1127997684d2d856705a5879,52165.35,2024-07-11 09:32:00+05:30,17,3.734394539735087e-05,230.60000000000582,0.0,453.40000000000146,36.42000000000117,41.24333333333489,0.0005313004589644595,41.9928571428588,-73.01111111111095,234.95000000000437,2.2999999999956344,0.8172858225929315,0.14783927217589735,0.03487490523117113,13,0,-0.001002533623656321,65.94999999999709,53.900000000001455,0.0,2024-07-11T09:33:00+05:30,52163.85,30,53.849999999998545,100.84999999999854,-95.25,-96.75,False,False,-1.7688022284123042
BANKNIFTY:2024-07-11,2024-07-11,BANKNIFTY,opening_range_low_break,2024-07-11T09:34:00+05:30,2024-07-11T09:34:00+05:30,DOWN,{},"{'source_path': '/Users/madhuram/tradebot-structural-edge-discovery-v3/runtime/upstox_candidate_replay.zip!upstox_candidate_replay/20240711/underlying/BANKNIFTY_20240711.parquet', 'source_hash': '4357f109ed631802b3774c34db9c318f71742f8e99de307408af71bf00810707'}",{'completed_bar_only': True},"{'buy_ce_allowed': False, 'buy_pe_allowed': True, 'research_only': True}",11406e5404433138bb6e77f45abdad34f3267eb0eb7ee24fe7bac49cf970dc0e,52118.9,2024-07-11 09:33:00+05:30,18,-0.0010236071187136133,230.60000000000582,0.0,453.40000000000146,38.29000000000087,42.466666666668125,0.0005553290031171942,38.71785714285839,-113.17368421052379,281.40000000000146,3.349999999998545,0.915478615071251,0.016293279022463015,0.06822810590628603,14,0,-0.0008904378097721599,49.099999999998545,44.94999999999709,0.0,2024-07-11T09:34:00+05:30,52117.75,30,7.75,146.9499999999971,-140.0500000000029,-141.5500000000029,False,False,-18.07096774193586
BANKNIFTY:2024-07-11,2024-07-11,BANKNIFTY,opening_range_low_break,2024-07-11T09:35:00+05:30,2024-07-11T09:35:00+05:30,DOWN,{},"{'source_path': '/Users/madhuram/tradebot-structural-edge-discovery-v3/runtime/upstox_candidate_replay.zip!upstox_candidate_replay/20240711/underlying/BANKNIFTY_20240711.parquet', 'source_hash': '4357f109ed631802b3774c34db9c318f71742f8e99de307408af71bf00810707'}",{'completed_bar_only': True},"{'buy_ce_allowed': False, 'buy_pe_allowed': True, 'research_only': True}",28398c6c6e7c15a3b8327434149650ae368b79e1c2a9ee71dbe464b381accdfe,52138.45,2024-07-11 09:34:00+05:30,19,-0.0019064562893907366,230.60000000000582,0.0,453.40000000000146,40.109999999999125,38.1833333333343,0.0004569142871873966,37.40000000000094,-88.94250000000466,261.8500000000058,22.89999999999418,0.6742671009771678,0.3257328990228322,0.0,0,0,0.00037510384908334693,30.69999999999709,20.69999999999709,0.0,2024-07-11T09:35:00+05:30,52138.35,30,28.349999999998545,164.75,-156.3000000000029,-157.8000000000029,False,False,-5.513227513227899
BANKNIFTY:2024-07-11,2024-07-11,BANKNIFTY,opening_range_low_break,2024-07-11T09:36:00+05:30,2024-07-11T09:36:00+05:30,DOWN,{},"{'source_path': '/Users/madhuram/tradebot-structural-edge-discovery-v3/runtime/upstox_candidate_replay.zip!upstox_candidate_replay/20240711/underlying/BANKNIFTY_20240711.parquet', 'source_hash': '4357f109ed631802b3774c34db9c318f71742f8e99de307408af71bf00810707'}",{'completed_bar_only': True},"{'buy_ce_allowed': False, 'buy_pe_allowed': True, 'research_only': True}",09173f4434377bf0b06bc914efd95241e21b95103deebf0f4c8bcbf7a98fdef7,52152.0,2024-07-11 09:35:00+05:30,20,-0.001511951020064315,230.60000000000582,0.0,453.40000000000146,39.18000000000029,36.4533333333345,0.0004664786741871018,36.55000000000083,-71.80238095238747,248.3000000000029,36.44999999999709,0.5883620689654693,0.08836206896562607,0.3232758620689047,0,0,0.0002598849793196134,23.200000000004366,13.650000000001455,0.0,2024-07-11T09:36:00+05:30,52149.4,30,39.400000000001455,156.29999999999563,-143.4499999999971,-144.9499999999971,False,False,-3.640862944162228
BANKNIFTY:2024-07-11,2024-07-11,BANKNIFTY,opening_range_low_break,2024-07-11T09:37:00+05:30,2024-07-11T09:37:00+05:30,DOWN,{},"{'source_path': '/Users/madhuram/tradebot-structural-edge-discovery-v3/runtime/upstox_candidate_replay.zip!upstox_candidate_replay/20240711/underlying/BANKNIFTY_20240711.parquet', 'source_hash': '4357f109ed631802b3774c34db9c318f71742f8e99de307408af71bf00810707'}",{'completed_bar_only': True},"{'buy_ce_allowed': False, 'buy_pe_allowed': True, 'research_only': True}",ba72a01fa14d1e1ab76802dd9a29353a604afce9482d18b1373bcba8fc0206af,52120.0,2024-07-11 09:36:00+05:30,21,-0.0013003353294789553,230.60000000000582,0.0,453.40000000000146,41.33999999999942,36.63000000000078,0.00048427414026906945,36.38214285714327,-99.08409090909845,280.3000000000029,4.44999999999709,0.7788079470199061,0.19999999999988435,0.021192052980209545,0,0,-0.0006135910415707713,37.75,29.400000000001455,0.0,2024-07-11T09:37:00+05:30,52123.5,30,13.5,182.1999999999971,-161.4499999999971,-162.9499999999971,False,False,-11.959259259259044
BANKNIFTY:2024-07-11,2024-07-11,BANKNIFTY,opening_range_low_break,2024-07-11T09:38:00+05:30,2024-07-11T09:38:00+05:30,DOWN,{},"{'source_path': '/Users/madhuram/tradebot-structural-edge-discovery-v3/runtime/upstox_candidate_replay.zip!upstox_candidate_replay/20240711/underlying/BANKNIFTY_20240711.parquet', 'source_hash': '4357f109ed631802b3774c34db9c318f71742f8e99de307408af71bf00810707'}",{'completed_bar_only': True},"{'buy_ce_allowed': False, 'buy_pe_allowed': True, 'research_only': True}",d1d8c68e42aa0cb702946be6a2e1231db4f9034adea7b954c561339d7f70e346,52147.35,2024-07-11 09:37:00+05:30,22,-0.0017963395273214607,230.60000000000582,0.0,453.40000000000146,36.05,36.59000000000039,0.0005118802456876373,36.37500000000052,-68.61521739130694,252.95000000000437,37.349999999998545,0.6037974683543935,0.05443037974687228,0.34177215189873417,1,0,0.0005247505755947568,39.5,23.849999999998545,0.0,2024-07-11T09:38:00+05:30,52150.95,30,32.5,154.75,-124.95000000000437,-126.45000000000437,False,False,-3.844615384615519
BANKNIFTY:2024-07-11,2024-07-11,BANKNIFTY,opening_range_low_break,2024-07-11T09:39:00+05:30,2024-07-11T09:39:00+05:30,DOWN,{},"{'source_path': '/Users/madhuram/tradebot-structural-edge-discovery-v3/runtime/upstox_candidate_replay.zip!upstox_candidate_replay/20240711/underlying/BANKNIFTY_20240711.parquet', 'source_hash': '4357f109ed631802b3774c34db9c318f71742f8e99de307408af71bf00810707'}",{'completed_bar_only': True},"{'buy_ce_allowed': False, 'buy_pe_allowed': True, 'research_only': True}",1fa0bfc5ea98c179c8258131fc467885f1221e921bb905afe520bd2a36d97298,52118.45,2024-07-11 09:38:00+05:30,23,-0.001270651680573408,230.60000000000582,0.0,453.40000000000146,34.36000000000058,36.66000000000058,0.0005093604711202771,36.97857142857174,-93.45208333332994,281.8500000000058,8.44999999999709,0.7995079950799222,0.20049200492007782,0.0,2,0,-0.0005541988231425599,40.650000000001455,32.5,0.0,2024-07-11T09:39:00+05:30,52119.1,30,0.2999999999956344,186.59999999999854,-164.34999999999854,-165.84999999999854,False,False,-547.8333333413005
BANKNIFTY:2024-07-11,2024-07-11,BANKNIFTY,opening_range_low_break,2024-07-11T09:40:00+05:30,2024-07-11T09:40:00+05:30,DOWN,{},"{'source_path': '/Users/madhuram/tradebot-structural-edge-discovery-v3/runtime/upstox_candidate_replay.zip!upstox_candidate_replay/20240711/underlying/BANKNIFTY_20240711.parquet', 'source_hash': '4357f109ed631802b3774c34db9c318f71742f8e99de307408af71bf00810707'}",{'completed_bar_only': True},"{'buy_ce_allowed': False, 'buy_pe_allowed': True, 'research_only': True}",1843f6d0170957484a21941c84bb2b670988b7241e150635de04349b4519f692,52143.5,2024-07-11 09:39:00+05:30,24,-0.0018806027887310213,230.60000000000582,0.0,453.40000000000146,34.44000000000087,36.58666666666686,0.0005252692256123519,35.871428571428886,-65.66599999999744,256.8000000000029,33.5,0.7845659163987974,0.20578778135053874,0.009646302250663938,3,0,0.0004806359360265411,31.099999999998545,24.400000000001455,0.0,2024-07-11T09:40:00+05:30,52138.75,30,19.349999999998545,166.9499999999971,-152.90000000000146,-154.40000000000146,False,False,-7.901808785530386
BANKNIFTY:2024-07-15,2024-07-15,BANKNIFTY,opening_range_low_break,2024-07-15T09:47:00+05:30,2024-07-15T09:47:00+05:30,DOWN,{},"{'source_path': '/Users/madhuram/tradebot-structural-edge-discovery-v3/runtime/upstox_candidate_replay.zip!upstox_candidate_replay/20240715/underlying/BANKNIFTY_20240715.parquet', 'source_hash': '4357f109ed631802b3774c34db9c318f71742f8e99de307408af71bf00810707'}",{'completed_bar_only': True},"{'buy_ce_allowed': False, 'buy_pe_allowed': True, 'research_only': True}",7267c92f3a654bd423aae5e282f365e9916669a85c8fe4b307026923576f7c05,52259.05,2024-07-15 09:46:00+05:30,31,-0.0012722378970251133,185.59999999999854,0.0,623.4000000000015,27.750000000001457,36.883333333333816,0.00033571967816683736,37.38571428571491,-70.70937499999854,185.84999999999854,39.10000000000582,0.7645107794359709,0.0,0.23548922056402913,15,1,-0.0003959468054074433,30.150000000001455,23.049999999995634,0.0,2024-07-15T09:47:00+05:30,52257.5,30,90.25,100.65000000000146,-55.099999999998545,-56.599999999998545,False,False,-0.6105263157894576
BANKNIFTY:2024-07-15,2024-07-15,BANKNIFTY,opening_range_low_break,2024-07-15T09:48:00+05:30,2024-07-15T09:48:00+05:30,DOWN,{},"{'source_path': '/Users/madhuram/tradebot-structural-edge-discovery-v3/runtime/upstox_candidate_replay.zip!upstox_candidate_replay/20240715/underlying/BANKNIFTY_20240715.parquet', 'source_hash': '4357f109ed631802b3774c34db9c318f71742f8e99de307408af71bf00810707'}",{'completed_bar_only': True},"{'buy_ce_allowed': False, 'buy_pe_allowed': True, 'research_only': True}",0009b570955de05293dc313568bcb8dea291bce3ac528af0684104efb21df381,52249.35,2024-07-15 09:47:00+05:30,32,-0.0017421636067370746,185.59999999999854,0.0,623.4000000000015,27.450000000001456,36.43666666666734,0.0003318470049927828,35.85357142857226,-77.97272727272502,195.5500000000029,29.400000000001455,0.35205183585317246,0.05615550755951744,0.5917926565873101,16,1,-0.0001856137836413474,23.150000000001455,8.150000000001455,0.0,2024-07-15T09:48:00+05:30,52246.4,30,79.15000000000146,111.75,-61.150000000001455,-62.650000000001455,False,False,-0.7725837018319688
BANKNIFTY:2024-07-15,2024-07-15,BANKNIFTY,opening_range_low_break,2024-07-15T09:49:00+05:30,2024-07-15T09:49:00+05:30,DOWN,{},"{'source_path': '/Users/madhuram/tradebot-structural-edge-discovery-v3/runtime/upstox_candidate_replay.zip!upstox_candidate_replay/20240715/underlying/BANKNIFTY_20240715.parquet', 'source_hash': '4357f109ed631802b3774c34db9c318f71742f8e99de307408af71bf00810707'}",{'completed_bar_only': True},"{'buy_ce_allowed': False, 'buy_pe_allowed': True, 'research_only': True}",93e2f7eeaefa7520205f19346eb29fd3c985f5033d6494a9f4128eea82317dcc,52241.3,2024-07-15 09:48:00+05:30,33,-0.001954203256241237,185.59999999999854,0.0,623.4000000000015,23.920000000001163,34.54666666666744,0.0003313545063696076,32.517857142857665,-83.49264705881797,203.59999999999854,21.35000000000582,0.3138461538460643,0.6861538461539357,0.0,17,1,-0.00015406890229252568,16.25,5.099999999998545,0.0,2024-07-15T09:49:00+05:30,52240.25,30,73.0,117.90000000000146,-96.55000000000291,-98.05000000000291,False,False,-1.3226027397260673
BANKNIFTY:2024-07-15,2024-07-15,BANKNIFTY,opening_range_low_break,2024-07-15T09:56:00+05:30,2024-07-15T09:56:00+05:30,DOWN,{},"{'source_path': '/Users/madhuram/tradebot-structural-edge-discovery-v3/runtime/upstox_candidate_replay.zip!upstox_candidate_replay/20240715/underlying/BANKNIFTY_20240715.parquet', 'source_hash': '4357f109ed631802b3774c34db9c318f71742f8e99de307408af71bf00810707'}",{'completed_bar_only': True},"{'buy_ce_allowed': False, 'buy_pe_allowed': True, 'research_only': True}",d08639173964eaafc9ff5bba55670dba1c674a74a83c2b70c6af255272a7bd63,52250.1,2024-07-15 09:55:00+05:30,40,-0.001605579508182546,185.59999999999854,0.0,623.4000000000015,30.01000000000058,29.033333333334305,0.0003757235880730576,29.10357142857226,-66.13170731707214,194.8000000000029,30.150000000001455,0.6524663677130499,0.0,0.34753363228695017,0,1,-0.0003003876339786604,22.30000000000291,14.55000000000291,0.0,2024-07-15T09:56:00+05:30,52249.2,30,81.94999999999709,108.95000000000437,-7.600000000005821,-9.10000000000582,False,False,-0.09273947528988519
BANKNIFTY:2024-07-15,2024-07-15,BANKNIFTY,opening_range_low_break,2024-07-15T09:57:00+05:30,2024-07-15T09:57:00+05:30,DOWN,{},"{'source_path': '/Users/madhuram/tradebot-structural-edge-discovery-v3/runtime/upstox_candidate_replay.zip!upstox_candidate_replay/20240715/underlying/BANKNIFTY_20240715.parquet', 'source_hash': '4357f109ed631802b3774c34db9c318f71742f8e99de307408af71bf00810707'}",{'completed_bar_only': True},"{'buy_ce_allowed': False, 'buy_pe_allowed': True, 'research_only': True}",38e9dcac6ce0904ad0de13914a14529d81370c63c28ccae27ee75353a336b60c,52258.2,2024-07-15 09:56:00+05:30,41,-0.0019007157770871102,185.59999999999854,0.0,623.4000000000015,30.170000000001163,28.923333333334206,0.00033985051638710505,29.22857142857226,-56.65000000000873,186.70000000000437,38.25,0.3409090909090721,0.365530303030338,0.29356060606058987,0,1,0.0001550236267489069,26.400000000001455,9.0,0.0,2024-07-15T09:57:00+05:30,52257.4,30,90.15000000000146,100.75,-2.0,-3.5,False,False,-0.02218524681087041
BANKNIFTY:2024-07-15,2024-07-15,BANKNIFTY,opening_range_low_break,2024-07-15T10:00:00+05:30,2024-07-15T10:00:00+05:30,DOWN,{},"{'source_path': '/Users/madhuram/tradebot-structural-edge-discovery-v3/runtime/upstox_candidate_replay.zip!upstox_candidate_replay/20240715/underlying/BANKNIFTY_20240715.parquet', 'source_hash': '4357f109ed631802b3774c34db9c318f71742f8e99de307408af71bf00810707'}",{'completed_bar_only': True},"{'buy_ce_allowed': False, 'buy_pe_allowed': True, 'research_only': True}",20b93fa6861eb92f0930084797705271248131f0f281c94a660b4dcb2f970ba7,52232.1,2024-07-15 09:59:00+05:30,44,-0.0016275475799780528,185.59999999999854,0.0,623.4000000000015,24.120000000001163,28.15333333333401,0.00035913635796408396,28.367857142857765,-78.7233333333279,212.8000000000029,12.150000000001455,0.8662068965517643,0.08827586206888523,0.04551724137935049,3,1,-0.0006562533482313837,36.25,31.400000000001455,0.0,2024-07-15T10:00:00+05:30,52231.25,30,64.0,126.90000000000146,-49.44999999999709,-50.94999999999709,False,False,-0.7726562499999545
BANKNIFTY:2024-07-15,2024-07-15,BANKNIFTY,opening_range_low_break,2024-07-15T10:01:00+05:30,2024-07-15T10:01:00+05:30,DOWN,{},"{'source_path': '/Users/madhuram/tradebot-structural-edge-discovery-v3/runtime/upstox_candidate_replay.zip!upstox_candidate_replay/20240715/underlying/BANKNIFTY_20240715.parquet', 'source_hash': '4357f109ed631802b3774c34db9c318f71742f8e99de307408af71bf00810707'}",{'completed_bar_only': True},"{'buy_ce_allowed': False, 'buy_pe_allowed': True, 'research_only': True}",f6c229b0e1c66e6467e8c4f8e13fec611ec6e97598f41fc480376b790d8bcdb6,52247.2,2024-07-15 10:00:00+05:30,45,-0.0022436087238077948,185.59999999999854,0.0,623.4000000000015,23.69000000000087,27.82000000000068,0.00036658976598563246,27.653571428572054,-62.24021739130694,197.70000000000437,27.25,0.7915632754340416,0.20843672456595844,0.0,4,1,0.0002890942542994601,20.150000000001455,15.94999999999709,0.0,2024-07-15T10:01:00+05:30,52249.0,30,81.75,109.15000000000146,-31.30000000000291,-32.80000000000291,False,False,-0.3828746177370387
BANKNIFTY:2024-07-15,2024-07-15,BANKNIFTY,opening_range_low_break,2024-07-15T10:02:00+05:30,2024-07-15T10:02:00+05:30,DOWN,{},"{'source_path': '/Users/madhuram/tradebot-structural-edge-discovery-v3/runtime/upstox_candidate_replay.zip!upstox_candidate_replay/20240715/underlying/BANKNIFTY_20240715.parquet', 'source_hash': '4357f109ed631802b3774c34db9c318f71742f8e99de307408af71bf00810707'}",{'completed_bar_only': True},"{'buy_ce_allowed': False, 'buy_pe_allowed': True, 'research_only': True}",efaf0f60624c62098e78b481860226c0368f0a8c757e7120f7733bd9ad6eb32f,52202.55,2024-07-15 10:01:00+05:30,46,-0.0019045363113123553,185.59999999999854,0.0,623.4000000000015,34.76000000000058,31.26000000000058,0.00041429230557043183,31.839285714286234,-104.6159574468038,242.34999999999854,35.30000000000291,0.5681957186543987,0.0,0.43180428134560134,0,1,-0.0008545912508228781,81.75,46.44999999999709,0.0,2024-07-15T10:02:00+05:30,52202.9,30,18.150000000001455,155.25,-82.19999999999709,-83.69999999999709,False,False,-4.528925619834188
BANKNIFTY:2024-07-16,2024-07-16,BANKNIFTY,opening_range_low_break,2024-07-16T09:50:00+05:30,2024-07-16T09:50:00+05:30,DOWN,{},"{'source_path': '/Users/madhuram/tradebot-structural-edge-discovery-v3/runtime/upstox_candidate_replay.zip!upstox_candidate_replay/20240716/underlying/BANKNIFTY_20240716.parquet', 'source_hash': '4357f109ed631802b3774c34db9c318f71742f8e99de307408af71bf00810707'}",{'completed_bar_only': True},"{'buy_ce_allowed': False, 'buy_pe_allowed': True, 'research_only': True}",c019c974a51f4d9ab00022739e9e051def3d25c4bc5a07b8ab4d3f7bd85309d4,52462.65,2024-07-16 09:49:00+05:30,34,0.00014575759654300048,152.8000000000029,0.0,508.25,34.77000000000116,35.59666666666793,0.0003887228107521765,36.48928571428665,-75.98999999999796,156.40000000000146,21.599999999998545,0.5764705882353226,0.0,0.42352941176467734,8,2,-0.0005229557573713794,51.0,29.400000000001455,0.0,2024-07-16T09:50:00+05:30,52466.05,30,108.55000000000291,43.099999999998545,-35.849999999998545,-37.349999999998545,True,True,-0.3302625518194158
BANKNIFTY:2024-07-16,2024-07-16,BANKNIFTY,opening_range_low_break,2024-07-16T09:52:00+05:30,2024-07-16T09:52:00+05:30,DOWN,{},"{'source_path': '/Users/madhuram/tradebot-structural-edge-discovery-v3/runtime/upstox_candidate_replay.zip!upstox_candidate_replay/20240716/underlying/BANKNIFTY_20240716.parquet', 'source_hash': '4357f109ed631802b3774c34db9c318f71742f8e99de307408af71bf00810707'}",{'completed_bar_only': True},"{'buy_ce_allowed': False, 'buy_pe_allowed': True, 'research_only': True}",d16e2e0ee8110f92e931b46ecf2858614c97bf1540284509f58fdca23529f14e,52444.85,2024-07-16 09:51:00+05:30,36,-8.097644252387376e-05,152.8000000000029,0.0,508.25,39.119999999999706,39.096666666667446,0.00041838085949147716,37.192857142857974,-89.59729729730316,174.20000000000437,28.94999999999709,0.4950911640954428,0.0988779803646012,0.406030855539956,0,2,-0.0006183626063079872,71.29999999999563,35.30000000000291,0.0,2024-07-16T09:52:00+05:30,52438.35,30,80.84999999999854,70.80000000000291,-41.349999999998545,-42.849999999998545,True,True,-0.5114409400123597
BANKNIFTY:2024-07-16,2024-07-16,BANKNIFTY,opening_range_low_break,2024-07-16T09:53:00+05:30,2024-07-16T09:53:00+05:30,DOWN,{},"{'source_path': '/Users/madhuram/tradebot-structural-edge-discovery-v3/runtime/upstox_candidate_replay.zip!upstox_candidate_replay/20240716/underlying/BANKNIFTY_20240716.parquet', 'source_hash': '4357f109ed631802b3774c34db9c318f71742f8e99de307408af71bf00810707'}",{'completed_bar_only': True},"{'buy_ce_allowed': False, 'buy_pe_allowed': True, 'research_only': True}",49298bb9be7fbae5337a492ba7764ab02f320a07498cefd4ae4f4ffd7ec66c27,52445.2,2024-07-16 09:52:00+05:30,37,-0.00087740357134697,152.8000000000029,0.0,508.25,44.699999999998546,38.08666666666735,0.00041582850073281635,36.97500000000063,-86.89868421052961,173.85000000000582,33.44999999999709,0.13537549407112137,0.3389328063241492,0.5256916996047294,0,2,6.673677205748518e-06,50.599999999998545,6.849999999998545,0.0,2024-07-16T09:53:00+05:30,52447.85,30,90.34999999999854,61.30000000000291,-22.200000000004366,-23.700000000004366,True,True,-0.2457111234090174
BANKNIFTY:2024-07-16,2024-07-16,BANKNIFTY,opening_range_low_break,2024-07-16T09:54:00+05:30,2024-07-16T09:54:00+05:30,DOWN,{},"{'source_path': '/Users/madhuram/tradebot-structural-edge-discovery-v3/runtime/upstox_candidate_replay.zip!upstox_candidate_replay/20240716/underlying/BANKNIFTY_20240716.parquet', 'source_hash': '4357f109ed631802b3774c34db9c318f71742f8e99de307408af71bf00810707'}",{'completed_bar_only': True},"{'buy_ce_allowed': False, 'buy_pe_allowed': True, 'research_only': True}",3b1fb50ebac9d7526e274203d6e1c366a1fc98bafdf10e49439abe4c4c016a80,52415.5,2024-07-16 09:53:00+05:30,38,-0.0006963974057053698,152.8000000000029,0.0,508.25,50.78999999999942,37.953333333334015,0.00034050859368983774,38.1464285714293,-113.60897435897641,203.5500000000029,15.650000000001455,0.6263310745401284,0.0706679574056409,0.30300096805423066,0,2,-0.0005663054006848078,51.650000000001455,32.349999999998545,0.0,2024-07-16T09:54:00+05:30,52427.9,30,70.40000000000146,81.25,-21.400000000001455,-22.900000000001455,False,False,-0.30397727272728714
BANKNIFTY:2024-07-16,2024-07-16,BANKNIFTY,opening_range_low_break,2024-07-16T09:55:00+05:30,2024-07-16T09:55:00+05:30,DOWN,{},"{'source_path': '/Users/madhuram/tradebot-structural-edge-discovery-v3/runtime/upstox_candidate_replay.zip!upstox_candidate_replay/20240716/underlying/BANKNIFTY_20240716.parquet', 'source_hash': '4357f109ed631802b3774c34db9c318f71742f8e99de307408af71bf00810707'}",{'completed_bar_only': True},"{'buy_ce_allowed': False, 'buy_pe_allowed': True, 'research_only': True}",046683fea6033b6cabf0dbd1dac5f8e88edb673c0c5115fa95671f9a566ed03c,52369.4,2024-07-16 09:54:00+05:30,39,-0.0010765103535526747,152.8000000000029,0.0,508.25,54.21999999999971,40.14666666666744,0.00039305438883703564,40.28571428571532,-155.71624999999767,249.65000000000146,9.650000000001455,0.858400586940554,0.0,0.14159941305944607,0,2,-0.0008795108317195544,68.15000000000146,58.5,0.0,2024-07-16T09:55:00+05:30,52367.0,30,9.5,142.15000000000146,-105.69999999999709,-107.19999999999709,False,False,-11.126315789473377
BANKNIFTY:2024-07-16,2024-07-16,BANKNIFTY,opening_range_low_break,2024-07-16T09:56:00+05:30,2024-07-16T09:56:00+05:30,DOWN,{},"{'source_path': '/Users/madhuram/tradebot-structural-edge-discovery-v3/runtime/upstox_candidate_replay.zip!upstox_candidate_replay/20240716/underlying/BANKNIFTY_20240716.parquet', 'source_hash': '4357f109ed631802b3774c34db9c318f71742f8e99de307408af71bf00810707'}",{'completed_bar_only': True},"{'buy_ce_allowed': False, 'buy_pe_allowed': True, 'research_only': True}",50bef2537f2c525a826793334f5b135d5477114ce8ef6e58e462d18cdac8b775,52398.2,2024-07-16 09:55:00+05:30,40,-0.0022368551417183287,152.8000000000029,0.0,508.25,56.80999999999913,40.423333333334206,0.00042991019555283394,41.692857142857974,-123.82073170732474,220.85000000000582,40.69999999999709,0.7367178276268751,0.03896103896107466,0.2243211334120502,0,2,0.0005499394684680414,42.349999999998545,31.19999999999709,0.0,2024-07-16T09:56:00+05:30,52386.5,30,7.099999999998545,122.65000000000146,-81.40000000000146,-82.90000000000146,False,False,-11.46478873239692
BANKNIFTY:2024-07-16,2024-07-16,BANKNIFTY,opening_range_low_break,2024-07-16T09:57:00+05:30,2024-07-16T09:57:00+05:30,DOWN,{},"{'source_path': '/Users/madhuram/tradebot-structural-edge-discovery-v3/runtime/upstox_candidate_replay.zip!upstox_candidate_replay/20240716/underlying/BANKNIFTY_20240716.parquet', 'source_hash': '4357f109ed631802b3774c34db9c318f71742f8e99de307408af71bf00810707'}",{'completed_bar_only': True},"{'buy_ce_allowed': False, 'buy_pe_allowed': True, 'research_only': True}",dfa145f9c54c86f6ffbe1bbd214c7ffd58d10780e9201bbcea111fff9e8867df,52400.2,2024-07-16 09:56:00+05:30,41,-0.001865316170138202,152.8000000000029,0.0,508.25,48.23000000000029,40.80666666666754,0.0004076947779519947,41.814285714286335,-118.9202380952338,218.85000000000582,42.69999999999709,0.4823943661970559,0.26760563380300817,0.24999999999993594,0,2,3.816925008881533e-05,28.400000000001455,13.69999999999709,0.0,2024-07-16T09:57:00+05:30,52393.35,30,1.0999999999985448,115.80000000000291,-74.59999999999854,-76.09999999999854,False,False,-67.81818181827022
BANKNIFTY:2024-07-16,2024-07-16,BANKNIFTY,opening_range_low_break,2024-07-16T09:58:00+05:30,2024-07-16T09:58:00+05:30,DOWN,{},"{'source_path': '/Users/madhuram/tradebot-structural-edge-discovery-v3/runtime/upstox_candidate_replay.zip!upstox_candidate_replay/20240716/underlying/BANKNIFTY_20240716.parquet', 'source_hash': '4357f109ed631802b3774c34db9c318f71742f8e99de307408af71bf00810707'}",{'completed_bar_only': True},"{'buy_ce_allowed': False, 'buy_pe_allowed': True, 'research_only': True}",be58102f66eb45ecaf22fd147b214e6f1d05c18221c4d3e3aebcdfb58d54e3ac,52453.35,2024-07-16 09:57:00+05:30,42,-0.0017348011980703392,152.8000000000029,0.0,508.25,51.7,43.556666666667056,0.0004977178492108612,43.3500000000001,-64.24069767441688,165.70000000000437,95.84999999999854,0.8830022075055566,0.1008094186901963,0.016188373804247123,0,2,0.0010143091056904474,67.94999999999709,60.0,0.0,2024-07-16T09:58:00+05:30,52458.85,30,59.5,50.30000000000291,-23.0,-24.5,True,True,-0.3865546218487395
BANKNIFTY:2024-07-19,2024-07-19,BANKNIFTY,opening_range_low_break,2024-07-19T10:12:00+05:30,2024-07-19T10:12:00+05:30,DOWN,{},"{'source_path': '/Users/madhuram/tradebot-structural-edge-discovery-v3/runtime/upstox_candidate_replay.zip!upstox_candidate_replay/20240719/underlying/BANKNIFTY_20240719.parquet', 'source_hash': '4357f109ed631802b3774c34db9c318f71742f8e99de307408af71bf00810707'}",{'completed_bar_only': True},"{'buy_ce_allowed': False, 'buy_pe_allowed': True, 'research_only': True}",a4c01b2ff5d8a621bc8e38be76da1c5f1a706b56f06dcff90cafc51b711d26fe,52336.25,2024-07-19 10:11:00+05:30,56,-0.003668241080304664,246.8000000000029,0.0,614.0999999999985,35.27000000000116,31.626666666666765,0.00039743416867333176,30.192857142857456,-113.69649122807459,250.5,18.75,0.5904203323557425,0.04301075268825617,0.3665689149560013,0,0,-0.0005976983838273942,51.150000000001455,30.19999999999709,0.0,2024-07-19T10:12:00+05:30,52332.65,30,6.05000000000291,142.79999999999563,-34.049999999995634,-35.549999999995634,False,False,-5.62809917355029
BANKNIFTY:2024-07-19,2024-07-19,BANKNIFTY,opening_range_low_break,2024-07-19T10:54:00+05:30,2024-07-19T10:54:00+05:30,DOWN,{},"{'source_path': '/Users/madhuram/tradebot-structural-edge-discovery-v3/runtime/upstox_candidate_replay.zip!upstox_candidate_replay/20240719/underlying/BANKNIFTY_20240719.parquet', 'source_hash': '4357f109ed631802b3774c34db9c318f71742f8e99de307408af71bf00810707'}",{'completed_bar_only': True},"{'buy_ce_allowed': False, 'buy_pe_allowed': True, 'research_only': True}",befaea81dec5ae421579cafc535775d0ab01b9dff0375b3b082f88c786553c79,52339.0,2024-07-19 10:53:00+05:30,98,-0.0038585025471254424,246.8000000000029,0.0,614.0999999999985,21.49000000000233,26.806666666666086,0.00028734400198362207,27.114285714285092,-87.24494949494692,247.75,21.5,0.5240240240238908,0.4759759759761092,0.0,3,0,-0.0003819782654367332,33.30000000000291,17.44999999999709,0.0,2024-07-19T10:54:00+05:30,52345.0,30,198.6999999999971,21.349999999998545,3.0500000000029104,1.5500000000029104,True,True,0.015349773527946427
BANKNIFTY:2024-07-19,2024-07-19,BANKNIFTY,opening_range_low_break,2024-07-19T10:56:00+05:30,2024-07-19T10:56:00+05:30,DOWN,{},"{'source_path': '/Users/madhuram/tradebot-structural-edge-discovery-v3/runtime/upstox_candidate_replay.zip!upstox_candidate_replay/20240719/underlying/BANKNIFTY_20240719.parquet', 'source_hash': '4357f109ed631802b3774c34db9c318f71742f8e99de307408af71bf00810707'}",{'completed_bar_only': True},"{'buy_ce_allowed': False, 'buy_pe_allowed': True, 'research_only': True}",90fa9318d8dde33543011805d0d8d7fcc36304504c47f589234439f655456482,52327.3,2024-07-19 10:55:00+05:30,100,-0.004013565642584266,246.8000000000029,0.0,614.0999999999985,22.280000000001746,27.499999999999513,0.00029552994595259305,27.324999999999687,-97.19207920791814,259.4499999999971,9.80000000000291,0.711864406779661,0.027118644067648624,0.26101694915269036,5,0,-0.00039829487766041005,29.5,21.0,0.0,2024-07-19T10:56:00+05:30,52326.75,30,180.4499999999971,30.099999999998545,-13.900000000001455,-15.400000000001455,True,True,-0.07702964810197661
BANKNIFTY:2024-07-19,2024-07-19,BANKNIFTY,opening_range_low_break,2024-07-19T10:57:00+05:30,2024-07-19T10:57:00+05:30,DOWN,{},"{'source_path': '/Users/madhuram/tradebot-structural-edge-discovery-v3/runtime/upstox_candidate_replay.zip!upstox_candidate_replay/20240719/underlying/BANKNIFTY_20240719.parquet', 'source_hash': '4357f109ed631802b3774c34db9c318f71742f8e99de307408af71bf00810707'}",{'completed_bar_only': True},"{'buy_ce_allowed': False, 'buy_pe_allowed': True, 'research_only': True}",38e7732778b69b71a7641351e6cb515db4119f82656d8b9db2156414038cf256,52284.9,2024-07-19 10:56:00+05:30,101,-0.004423579103583099,246.8000000000029,0.0,614.0999999999985,29.969999999999708,28.906666666666084,0.0003478606719067468,28.34285714285631,-138.22352941175632,301.84999999999854,3.849999999998545,0.8197845249755558,0.10479921645443688,0.07541625857000733,0,0,-0.0008102844977669887,51.049999999995634,41.849999999998545,0.0,2024-07-19T10:57:00+05:30,52284.7,30,138.39999999999418,72.15000000000146,-47.5,-49.0,True,True,-0.34320809248556355
BANKNIFTY:2024-07-19,2024-07-19,BANKNIFTY,opening_range_low_break,2024-07-19T10:58:00+05:30,2024-07-19T10:58:00+05:30,DOWN,{},"{'source_path': '/Users/madhuram/tradebot-structural-edge-discovery-v3/runtime/upstox_candidate_replay.zip!upstox_candidate_replay/20240719/underlying/BANKNIFTY_20240719.parquet', 'source_hash': '4357f109ed631802b3774c34db9c318f71742f8e99de307408af71bf00810707'}",{'completed_bar_only': True},"{'buy_ce_allowed': False, 'buy_pe_allowed': True, 'research_only': True}",87e8b7d31cbe070c0ae7a70bed8ec865e01880843c4802ded2dd1fdaf7e21086,52281.05,2024-07-19 10:57:00+05:30,102,-0.005223628571564528,246.8000000000029,0.0,614.0999999999985,36.3,29.263333333332653,0.00032683418271843334,28.68571428571366,-140.6941747572855,305.6999999999971,36.55000000000291,0.08659549228930138,0.046263345195831515,0.8671411625148671,0,0,-7.363502655644005e-05,42.150000000001455,3.6499999999941792,0.0,2024-07-19T10:58:00+05:30,52281.55,30,135.25,75.29999999999563,-33.75,-35.25,True,True,-0.24953789279112754
BANKNIFTY:2024-07-19,2024-07-19,BANKNIFTY,opening_range_low_break,2024-07-19T10:59:00+05:30,2024-07-19T10:59:00+05:30,DOWN,{},"{'source_path': '/Users/madhuram/tradebot-structural-edge-discovery-v3/runtime/upstox_candidate_replay.zip!upstox_candidate_replay/20240719/underlying/BANKNIFTY_20240719.parquet', 'source_hash': '4357f109ed631802b3774c34db9c318f71742f8e99de307408af71bf00810707'}",{'completed_bar_only': True},"{'buy_ce_allowed': False, 'buy_pe_allowed': True, 'research_only': True}",ca04fb5d90da4f0c7b5caf8e8066cbe724a26c053dd468710fb1aafa1bf74191,52236.75,2024-07-19 10:58:00+05:30,103,-0.005283560933612963,246.8000000000029,0.0,614.0999999999985,44.20999999999913,31.62999999999932,0.00037788901100559657,31.68571428571366,-183.21538461538876,350.0,26.44999999999709,0.6149622512011503,0.021962937542876825,0.3630748112559728,0,0,-0.0008473433490719939,72.84999999999854,44.80000000000291,0.0,2024-07-19T10:59:00+05:30,52236.6,30,90.29999999999563,120.25,-94.09999999999854,-95.59999999999854,False,False,-1.0420819490587274
BANKNIFTY:2024-07-19,2024-07-19,BANKNIFTY,opening_range_low_break,2024-07-19T11:00:00+05:30,2024-07-19T11:00:00+05:30,DOWN,{},"{'source_path': '/Users/madhuram/tradebot-structural-edge-discovery-v3/runtime/upstox_candidate_replay.zip!upstox_candidate_replay/20240719/underlying/BANKNIFTY_20240719.parquet', 'source_hash': '4357f109ed631802b3774c34db9c318f71742f8e99de307408af71bf00810707'}",{'completed_bar_only': True},"{'buy_ce_allowed': False, 'buy_pe_allowed': True, 'research_only': True}",17c7c777612b6db825b0f6570dbd659d3df5030e3fadc96ba599c3ae03ece7b1,52229.8,2024-07-19 10:59:00+05:30,104,-0.0061387862269724446,246.8000000000029,0.0,614.0999999999985,46.54999999999855,32.05333333333256,0.00031662210138050297,32.82142857142805,-188.354285714282,356.9499999999971,19.5,0.18279569892462813,0.8172043010753719,0.0,0,0,-0.00013304809353564817,37.19999999999709,6.799999999995634,0.0,2024-07-19T11:00:00+05:30,52229.4,30,83.09999999999854,127.44999999999709,-103.29999999999563,-104.79999999999563,False,False,-1.2430806257520752
BANKNIFTY:2024-07-19,2024-07-19,BANKNIFTY,opening_range_low_break,2024-07-19T11:01:00+05:30,2024-07-19T11:01:00+05:30,DOWN,{},"{'source_path': '/Users/madhuram/tradebot-structural-edge-discovery-v3/runtime/upstox_candidate_replay.zip!upstox_candidate_replay/20240719/underlying/BANKNIFTY_20240719.parquet', 'source_hash': '4357f109ed631802b3774c34db9c318f71742f8e99de307408af71bf00810707'}",{'completed_bar_only': True},"{'buy_ce_allowed': False, 'buy_pe_allowed': True, 'research_only': True}",6ae0ecfc26e23eff484c100d35a16a177d72d69d934c91df7364530200e01d3e,52156.4,2024-07-19 11:00:00+05:30,105,-0.00627577448308335,246.8000000000029,0.0,614.0999999999985,58.31999999999825,36.52333333333275,0.0004374514692536679,36.9392857142853,-259.2849056603736,430.34999999999854,10.099999999998545,0.8262591963780554,0.059422750424449194,0.11431805319749531,0,0,-0.001405327992831662,88.34999999999854,73.0,0.0,2024-07-19T11:01:00+05:30,52161.5,30,8.349999999998545,206.90000000000146,-201.75,-203.25,False,False,-24.1616766467108
BANKNIFTY:2024-07-23,2024-07-23,BANKNIFTY,opening_range_low_break,2024-07-23T09:42:00+05:30,2024-07-23T09:42:00+05:30,DOWN,{},"{'source_path': '/Users/madhuram/tradebot-structural-edge-discovery-v3/runtime/upstox_candidate_replay.zip!upstox_candidate_replay/20240723/underlying/BANKNIFTY_20240723.parquet', 'source_hash': '4357f109ed631802b3774c34db9c318f71742f8e99de307408af71bf00810707'}",{'completed_bar_only': True},"{'buy_ce_allowed': False, 'buy_pe_allowed': True, 'research_only': True}",6e95e85db43aee58601af0317af0c701c3adbf47ecb60dd4f9449d9f07d5dd3e,52220.5,2024-07-23 09:41:00+05:30,26,-0.00018727808502416718,271.90000000000146,0.0,552.4499999999971,46.400000000001455,39.15000000000097,0.000621651087377489,37.45357142857237,-124.4703703703708,327.0500000000029,2.150000000001455,0.9751984126984135,0.0034722222222076855,0.0213293650793789,0,0,-0.001796824972044031,100.80000000000291,98.30000000000291,0.0,2024-07-23T09:42:00+05:30,52226.8,30,138.25,59.64999999999418,22.0,20.5,True,True,0.15913200723327306
BANKNIFTY:2024-07-23,2024-07-23,BANKNIFTY,opening_range_low_break,2024-07-23T09:43:00+05:30,2024-07-23T09:43:00+05:30,DOWN,{},"{'source_path': '/Users/madhuram/tradebot-structural-edge-discovery-v3/runtime/upstox_candidate_replay.zip!upstox_candidate_replay/20240723/underlying/BANKNIFTY_20240723.parquet', 'source_hash': '4357f109ed631802b3774c34db9c318f71742f8e99de307408af71bf00810707'}",{'completed_bar_only': True},"{'buy_ce_allowed': False, 'buy_pe_allowed': True, 'research_only': True}",4c2a3010f7d27e5951ed4e13672e4b19a13fae8488619f74e18b72e11b9fb5db,52160.3,2024-07-23 09:42:00+05:30,27,-0.0019453988832110096,271.90000000000146,0.0,552.4499999999971,58.04000000000233,41.63666666666783,0.0006601358139313091,42.61071428571553,-178.0749999999971,387.25,16.35000000000582,0.6636726546905899,0.1731536926147484,0.16317365269466175,0,0,-0.0011528039754501451,100.20000000000437,66.5,0.0,2024-07-23T09:43:00+05:30,52163.4,30,74.84999999999854,123.04999999999563,-35.5,-37.0,False,False,-0.4742818971275977
BANKNIFTY:2024-07-23,2024-07-23,BANKNIFTY,opening_range_low_break,2024-07-23T09:44:00+05:30,2024-07-23T09:44:00+05:30,DOWN,{},"{'source_path': '/Users/madhuram/tradebot-structural-edge-discovery-v3/runtime/upstox_candidate_replay.zip!upstox_candidate_replay/20240723/underlying/BANKNIFTY_20240723.parquet', 'source_hash': '4357f109ed631802b3774c34db9c318f71742f8e99de307408af71bf00810707'}",{'completed_bar_only': True},"{'buy_ce_allowed': False, 'buy_pe_allowed': True, 'research_only': True}",121bf06ff955cfeea1ec0ff9a0a83066bddb99d01d0ff2d223b0d8cba8c063d6,52177.25,2024-07-23 09:43:00+05:30,28,-0.0031569734332658832,271.90000000000146,0.0,552.4499999999971,68.27000000000116,45.6833333333343,0.0006644521101142962,46.03214285714369,-155.56896551723912,370.3000000000029,88.69999999999709,0.15614430665162343,0.0,0.8438556933483765,0,0,0.000324959787424417,88.69999999999709,13.849999999998545,0.0,2024-07-23T09:44:00+05:30,52175.15,30,18.849999999998545,111.29999999999563,-44.799999999995634,-46.299999999995634,False,False,-2.376657824933639
BANKNIFTY:2024-07-23,2024-07-23,BANKNIFTY,opening_range_low_break,2024-07-23T09:45:00+05:30,2024-07-23T09:45:00+05:30,DOWN,{},"{'source_path': '/Users/madhuram/tradebot-structural-edge-discovery-v3/runtime/upstox_candidate_replay.zip!upstox_candidate_replay/20240723/underlying/BANKNIFTY_20240723.parquet', 'source_hash': '4357f109ed631802b3774c34db9c318f71742f8e99de307408af71bf00810707'}",{'completed_bar_only': True},"{'buy_ce_allowed': False, 'buy_pe_allowed': True, 'research_only': True}",b185d52e6ddc1ffd3e4c73187465da7662193425341e51afcd4f7c211dd63268,52218.5,2024-07-23 09:44:00+05:30,29,-0.002932430831323542,271.90000000000146,0.0,552.4499999999971,78.41000000000058,48.26000000000058,0.000675310179478048,48.90000000000042,-110.5083333333314,329.0500000000029,129.9499999999971,0.5456261799874151,0.43108873505350853,0.023285084959076306,0,0,0.0007905744361766942,79.44999999999709,43.349999999998545,0.0,2024-07-23T09:45:00+05:30,52220.4,30,64.09999999999854,66.04999999999563,23.0,21.5,False,False,0.3588143525741111
BANKNIFTY:2024-07-23,2024-07-23,BANKNIFTY,opening_range_low_break,2024-07-23T09:46:00+05:30,2024-07-23T09:46:00+05:30,DOWN,{},"{'source_path': '/Users/madhuram/tradebot-structural-edge-discovery-v3/runtime/upstox_candidate_replay.zip!upstox_candidate_replay/20240723/underlying/BANKNIFTY_20240723.parquet', 'source_hash': '4357f109ed631802b3774c34db9c318f71742f8e99de307408af71bf00810707'}",{'completed_bar_only': True},"{'buy_ce_allowed': False, 'buy_pe_allowed': True, 'research_only': True}",e01ffb879cedfdb8e13d3b4a0782a10a77a2e39f058b279723d17a29fadf6e94,52242.55,2024-07-23 09:45:00+05:30,30,-0.0020677029387370788,271.90000000000146,0.0,552.4499999999971,83.6699999999997,48.92000000000019,0.0006928966701148717,49.6857142857147,-83.66935483870475,305.0,154.0,0.45020325203257655,0.26524390243895135,0.2845528455284721,0,0,0.00046056474238054257,49.19999999999709,22.150000000001455,0.0,2024-07-23T09:46:00+05:30,52247.75,30,91.44999999999709,38.69999999999709,61.099999999998545,59.599999999998545,True,True,0.6681246582832202
BANKNIFTY:2024-07-23,2024-07-23,BANKNIFTY,opening_range_low_break,2024-07-23T09:47:00+05:30,2024-07-23T09:47:00+05:30,DOWN,{},"{'source_path': '/Users/madhuram/tradebot-structural-edge-discovery-v3/runtime/upstox_candidate_replay.zip!upstox_candidate_replay/20240723/underlying/BANKNIFTY_20240723.parquet', 'source_hash': '4357f109ed631802b3774c34db9c318f71742f8e99de307408af71bf00810707'}",{'completed_bar_only': True},"{'buy_ce_allowed': False, 'buy_pe_allowed': True, 'research_only': True}",625222be75a65dd488c2876b9c4327318ff1e83ba92fedb97482fb357209490f,52225.0,2024-07-23 09:46:00+05:30,31,-0.0015450442014500398,271.90000000000146,0.0,552.4499999999971,72.4199999999997,49.343333333333916,0.0006890172125292564,51.389285714286544,-98.05625000000146,322.5500000000029,136.4499999999971,0.5106621773288106,0.34343434343438634,0.14590347923680305,0,0,-0.00033593306605439466,44.55000000000291,22.75,0.0,2024-07-23T09:47:00+05:30,52232.6,30,108.15000000000146,53.849999999998545,77.94999999999709,76.44999999999709,True,True,0.7207582061950628
BANKNIFTY:2024-07-23,2024-07-23,BANKNIFTY,opening_range_low_break,2024-07-23T09:48:00+05:30,2024-07-23T09:48:00+05:30,DOWN,{},"{'source_path': '/Users/madhuram/tradebot-structural-edge-discovery-v3/runtime/upstox_candidate_replay.zip!upstox_candidate_replay/20240723/underlying/BANKNIFTY_20240723.parquet', 'source_hash': '4357f109ed631802b3774c34db9c318f71742f8e99de307408af71bf00810707'}",{'completed_bar_only': True},"{'buy_ce_allowed': False, 'buy_pe_allowed': True, 'research_only': True}",e3a6c011f142e69d24ead8393cd131a2ca08cb33c5b19165eed7cf0370121400,52262.4,2024-07-23 09:47:00+05:30,32,-0.0018345608328906183,271.90000000000146,0.0,552.4499999999971,63.62999999999884,51.71333333333411,0.000722510988798073,53.514285714286544,-58.81818181817653,285.15000000000146,173.84999999999854,0.5297777777778295,0.427555555555478,0.04266666666669253,0,0,0.0007161321206319293,56.25,29.80000000000291,0.0,2024-07-23T09:48:00+05:30,52262.9,30,138.45000000000437,16.299999999995634,75.34999999999854,73.84999999999854,True,True,0.5442397977608968
BANKNIFTY:2024-07-23,2024-07-23,BANKNIFTY,opening_range_low_break,2024-07-23T09:49:00+05:30,2024-07-23T09:49:00+05:30,DOWN,{},"{'source_path': '/Users/madhuram/tradebot-structural-edge-discovery-v3/runtime/upstox_candidate_replay.zip!upstox_candidate_replay/20240723/underlying/BANKNIFTY_20240723.parquet', 'source_hash': '4357f109ed631802b3774c34db9c318f71742f8e99de307408af71bf00810707'}",{'completed_bar_only': True},"{'buy_ce_allowed': False, 'buy_pe_allowed': True, 'research_only': True}",ec8b3984bd82d5218d03380bb46889bdb112b5954bb001b737299a2f7059179a,52231.1,2024-07-23 09:48:00+05:30,33,-0.0012555275700094613,271.90000000000146,0.0,552.4499999999971,54.619999999999706,52.85666666666754,0.0007323697474983187,55.121428571429405,-87.46764705882379,316.45000000000437,142.54999999999563,0.7285223367698018,0.0,0.2714776632301982,0,0,-0.000598900930688262,43.650000000001455,31.80000000000291,0.0,2024-07-23T09:49:00+05:30,52237.7,30,113.25,41.5,44.299999999995634,42.799999999995634,True,True,0.39116997792490626
BANKNIFTY:2024-07-24,2024-07-24,BANKNIFTY,opening_range_low_break,2024-07-24T09:40:00+05:30,2024-07-24T09:40:00+05:30,DOWN,{},"{'source_path': '/Users/madhuram/tradebot-structural-edge-discovery-v3/runtime/upstox_candidate_replay.zip!upstox_candidate_replay/20240724/underlying/BANKNIFTY_20240724.parquet', 'source_hash': '4357f109ed631802b3774c34db9c318f71742f8e99de307408af71bf00810707'}",{'completed_bar_only': True},"{'buy_ce_allowed': False, 'buy_pe_allowed': True, 'research_only': True}",9daff600e06783ae262c2f8a1f4b17eccc8071222e6f5a9c16a255b45693cafe,51508.5,2024-07-24 09:39:00+05:30,24,-0.0028295607466795286,304.54999999999563,0.0,1204.9000000000015,96.28000000000029,74.48999999999893,0.0013788480708757163,73.69999999999865,-212.8440000000046,429.15000000000146,4.69999999999709,0.9560336763330464,0.0,0.043966323666953654,0,3,-0.0021841780274596267,106.89999999999418,102.19999999999709,0.0,2024-07-24T09:40:00+05:30,51507.8,30,38.0,436.84999999999854,-236.6999999999971,-238.1999999999971,False,False,-6.228947368420976
BANKNIFTY:2024-07-24,2024-07-24,BANKNIFTY,opening_range_low_break,2024-07-24T10:29:00+05:30,2024-07-24T10:29:00+05:30,DOWN,{},"{'source_path': '/Users/madhuram/tradebot-structural-edge-discovery-v3/runtime/upstox_candidate_replay.zip!upstox_candidate_replay/20240724/underlying/BANKNIFTY_20240724.parquet', 'source_hash': '4357f109ed631802b3774c34db9c318f71742f8e99de307408af71bf00810707'}",{'completed_bar_only': True},"{'buy_ce_allowed': False, 'buy_pe_allowed': True, 'research_only': True}",1d0413a76b8b7335115e6c10f5c57170f27221401679f738817b34c2b52c6f34,51442.85,2024-07-24 10:28:00+05:30,73,-0.0038072034491853377,304.54999999999563,0.0,1204.9000000000015,80.61000000000203,58.61333333333508,0.0009127339801760859,60.039285714288,-261.13648648648814,501.8000000000029,4.349999999998545,0.7508805635606718,0.221261607428771,0.027857829010557184,0,4,-0.0022043777215288163,156.15000000000146,117.25,0.0,2024-07-24T10:29:00+05:30,51428.35,30,150.75,157.09999999999854,52.150000000001455,50.650000000001455,False,False,0.34593698175788695
BANKNIFTY:2024-07-24,2024-07-24,BANKNIFTY,opening_range_low_break,2024-07-24T10:30:00+05:30,2024-07-24T10:30:00+05:30,DOWN,{},"{'source_path': '/Users/madhuram/tradebot-structural-edge-discovery-v3/runtime/upstox_candidate_replay.zip!upstox_candidate_replay/20240724/underlying/BANKNIFTY_20240724.parquet', 'source_hash': '4357f109ed631802b3774c34db9c318f71742f8e99de307408af71bf00810707'}",{'completed_bar_only': True},"{'buy_ce_allowed': False, 'buy_pe_allowed': True, 'research_only': True}",2a6c3e19c2965329a47ac3ad8e62380ac97216aa62bb2aed622998f805641098,51392.75,2024-07-24 10:29:00+05:30,74,-0.0063527454660854184,304.54999999999563,0.0,1204.9000000000015,94.83000000000175,63.47333333333566,0.0009261254100679471,65.3892857142881,-307.08666666666977,551.9000000000015,31.400000000001455,0.31913939937245733,0.39937247870911474,0.2814881219184279,0,4,-0.0009738962751868474,111.55000000000291,35.599999999998545,0.0,2024-07-24T10:30:00+05:30,51388.75,30,111.15000000000146,196.6999999999971,16.25,14.75,False,False,0.1461988304093548
BANKNIFTY:2024-07-24,2024-07-24,BANKNIFTY,opening_range_low_break,2024-07-24T10:31:00+05:30,2024-07-24T10:31:00+05:30,DOWN,{},"{'source_path': '/Users/madhuram/tradebot-structural-edge-discovery-v3/runtime/upstox_candidate_replay.zip!upstox_candidate_replay/20240724/underlying/BANKNIFTY_20240724.parquet', 'source_hash': '4357f109ed631802b3774c34db9c318f71742f8e99de307408af71bf00810707'}",{'completed_bar_only': True},"{'buy_ce_allowed': False, 'buy_pe_allowed': True, 'research_only': True}",3082eaead020455bf06980776ad03ff5c9e60780aa775296479f6a7520cd9f03,51507.9,2024-07-24 10:30:00+05:30,75,-0.00711785714630735,304.54999999999563,0.0,1204.9000000000015,114.83000000000175,69.00000000000243,0.0011509239021048948,67.43928571428789,-189.4111842105267,436.75,146.5500000000029,0.9966541196152117,0.003345880384788335,0.0,0,4,0.002240588409843758,119.55000000000291,119.15000000000146,0.0,2024-07-24T10:31:00+05:30,51507.45,30,229.84999999999854,78.0,150.34999999999854,148.84999999999854,True,True,0.6541222536436785
BANKNIFTY:2024-07-24,2024-07-24,BANKNIFTY,opening_range_low_break,2024-07-24T10:32:00+05:30,2024-07-24T10:32:00+05:30,DOWN,{},"{'source_path': '/Users/madhuram/tradebot-structural-edge-discovery-v3/runtime/upstox_candidate_replay.zip!upstox_candidate_replay/20240724/underlying/BANKNIFTY_20240724.parquet', 'source_hash': '4357f109ed631802b3774c34db9c318f71742f8e99de307408af71bf00810707'}",{'completed_bar_only': True},"{'buy_ce_allowed': False, 'buy_pe_allowed': True, 'research_only': True}",6a02a785f8c9502c44a0e7a3f91e507499cf04cb5b7574c67f27d5d32e3c7262,51526.4,2024-07-24 10:31:00+05:30,76,-0.004824454205844108,304.54999999999563,0.0,1204.9000000000015,108.34000000000087,66.1166666666686,0.0010420472719431006,66.80714285714463,-168.69155844155466,418.25,165.0500000000029,0.3981092436975829,0.09663865546215726,0.5052521008402598,0,4,0.0003591682052654921,47.599999999998545,18.950000000004366,0.0,2024-07-24T10:32:00+05:30,51519.15,30,241.5500000000029,66.29999999999563,153.5500000000029,152.0500000000029,True,True,0.6356861933347177
BANKNIFTY:2024-07-24,2024-07-24,BANKNIFTY,opening_range_low_break,2024-07-24T10:33:00+05:30,2024-07-24T10:33:00+05:30,DOWN,{},"{'source_path': '/Users/madhuram/tradebot-structural-edge-discovery-v3/runtime/upstox_candidate_replay.zip!upstox_candidate_replay/20240724/underlying/BANKNIFTY_20240724.parquet', 'source_hash': '4357f109ed631802b3774c34db9c318f71742f8e99de307408af71bf00810707'}",{'completed_bar_only': True},"{'buy_ce_allowed': False, 'buy_pe_allowed': True, 'research_only': True}",77bb05f98579ab8b1862051487cdd4546c940fd63f65c2ba30a5033d0ec86057,51519.55,2024-07-24 10:32:00+05:30,77,-0.004598398482142081,304.54999999999563,0.0,1204.9000000000015,98.96000000000058,66.35000000000146,0.0010351715258391414,68.16071428571584,-173.29102564102504,425.09999999999854,158.20000000000437,0.0066722268557376915,0.5913261050875531,0.40200166805670917,0,4,-0.00013294156005461133,59.94999999999709,0.4000000000014552,0.0,2024-07-24T10:33:00+05:30,51528.4,30,250.8000000000029,57.049999999995634,171.0500000000029,169.5500000000029,True,True,0.6820175438596529
BANKNIFTY:2024-07-24,2024-07-24,BANKNIFTY,opening_range_low_break,2024-07-24T10:35:00+05:30,2024-07-24T10:35:00+05:30,DOWN,{},"{'source_path': '/Users/madhuram/tradebot-structural-edge-discovery-v3/runtime/upstox_candidate_replay.zip!upstox_candidate_replay/20240724/underlying/BANKNIFTY_20240724.parquet', 'source_hash': '4357f109ed631802b3774c34db9c318f71742f8e99de307408af71bf00810707'}",{'completed_bar_only': True},"{'buy_ce_allowed': False, 'buy_pe_allowed': True, 'research_only': True}",d00d7c3d879d2e6f9c5c1bd1f8e904ec9f469246597cdf18b0d1efd05ead494c,51523.9,2024-07-24 10:34:00+05:30,79,-0.003983024567620154,304.54999999999563,0.0,1204.9000000000015,69.39999999999854,67.11666666666764,0.0010601621329102803,69.33214285714348,-165.0981249999968,420.75,162.5500000000029,0.47879858657242474,0.021201413427510963,0.5000000000000643,0,4,-0.0005906388112738581,56.599999999998545,27.099999999998545,0.0,2024-07-24T10:35:00+05:30,51526.55,30,248.95000000000437,3.849999999998545,186.60000000000582,185.10000000000582,True,True,0.7495481020285301
BANKNIFTY:2024-07-24,2024-07-24,BANKNIFTY,opening_range_low_break,2024-07-24T10:36:00+05:30,2024-07-24T10:36:00+05:30,DOWN,{},"{'source_path': '/Users/madhuram/tradebot-structural-edge-discovery-v3/runtime/upstox_candidate_replay.zip!upstox_candidate_replay/20240724/underlying/BANKNIFTY_20240724.parquet', 'source_hash': '4357f109ed631802b3774c34db9c318f71742f8e99de307408af71bf00810707'}",{'completed_bar_only': True},"{'buy_ce_allowed': False, 'buy_pe_allowed': True, 'research_only': True}",7009926db88280a4ee9f3f55528fcacc8103bd9628cfe4f96a8b4214e0141cd3,51467.75,2024-07-24 10:35:00+05:30,80,-0.004455423067151081,304.54999999999563,0.0,1204.9000000000015,59.769999999998255,69.47000000000068,0.0010809370002781166,71.68928571428634,-218.51666666667006,476.90000000000146,106.40000000000146,0.8235294117647298,0.011904761904741282,0.16456582633052885,1,4,-0.0010897855170125537,71.40000000000146,58.80000000000291,0.0,2024-07-24T10:36:00+05:30,51465.45,30,209.14999999999418,64.95000000000437,162.64999999999418,161.14999999999418,True,True,0.7776715276117557
BANKNIFTY:2024-07-25,2024-07-25,BANKNIFTY,opening_range_low_break,2024-07-25T09:47:00+05:30,2024-07-25T09:47:00+05:30,DOWN,{},"{'source_path': '/Users/madhuram/tradebot-structural-edge-discovery-v3/runtime/upstox_candidate_replay.zip!upstox_candidate_replay/20240725/underlying/BANKNIFTY_20240725.parquet', 'source_hash': '4357f109ed631802b3774c34db9c318f71742f8e99de307408af71bf00810707'}",{'completed_bar_only': True},"{'buy_ce_allowed': False, 'buy_pe_allowed': True, 'research_only': True}",1fbfd0ef3333486a08bc72026cb3e80b45ba4a6aaa267adf921fdfe6afc5edda,50629.7,2024-07-25 09:46:00+05:30,31,-0.013282195616350431,303.84999999999854,0.0,1160.4000000000015,58.07999999999883,48.43666666666686,0.0008711859116317496,49.52142857142878,-158.9875000000029,376.40000000000146,11.0,0.9122464898595973,0.0019500780031200583,0.08580343213728257,0,0,-0.0023222795977343447,128.20000000000437,116.95000000000437,0.0,2024-07-25T09:47:00+05:30,50631.5,30,59.5,80.44999999999709,-16.849999999998545,-18.349999999998545,False,False,-0.28319327731089994
BANKNIFTY:2024-07-25,2024-07-25,BANKNIFTY,opening_range_low_break,2024-07-25T09:48:00+05:30,2024-07-25T09:48:00+05:30,DOWN,{},"{'source_path': '/Users/madhuram/tradebot-structural-edge-discovery-v3/runtime/upstox_candidate_replay.zip!upstox_candidate_replay/20240725/underlying/BANKNIFTY_20240725.parquet', 'source_hash': '4357f109ed631802b3774c34db9c318f71742f8e99de307408af71bf00810707'}",{'completed_bar_only': True},"{'buy_ce_allowed': False, 'buy_pe_allowed': True, 'research_only': True}",50b272d55341f27b8cf78c3c1118def08544069c3c9047f24d5d740d6cd982d3,50634.05,2024-07-25 09:47:00+05:30,32,-0.015521172084250847,303.84999999999854,0.0,1160.4000000000015,58.23000000000029,49.00666666666705,0.0008398349444932619,50.13571428571439,-149.9515151515152,372.04999999999563,15.35000000000582,0.06100478468906059,0.7296650717702842,0.2093301435406553,0,0,8.591794934598163e-05,41.80000000000291,2.5500000000029104,0.0,2024-07-25T09:48:00+05:30,50629.75,30,57.75,82.19999999999709,10.400000000001455,8.900000000001455,False,False,0.18008658008660527
BANKNIFTY:2024-07-25,2024-07-25,BANKNIFTY,opening_range_low_break,2024-07-25T09:49:00+05:30,2024-07-25T09:49:00+05:30,DOWN,{},"{'source_path': '/Users/madhuram/tradebot-structural-edge-discovery-v3/runtime/upstox_candidate_replay.zip!upstox_candidate_replay/20240725/underlying/BANKNIFTY_20240725.parquet', 'source_hash': '4357f109ed631802b3774c34db9c318f71742f8e99de307408af71bf00810707'}",{'completed_bar_only': True},"{'buy_ce_allowed': False, 'buy_pe_allowed': True, 'research_only': True}",e35f6e1543f728d1a29afd82127d934d21f699e61cc517584cd90cedad3279fa,50654.9,2024-07-25 09:48:00+05:30,33,-0.015555199082243254,303.84999999999854,0.0,1160.4000000000015,59.28000000000029,48.98666666666686,0.0008567135214116761,49.54285714285704,-125.30441176470049,351.1999999999971,36.200000000004366,0.7644376899696153,0.23556231003038472,0.0,0,0,0.0004117782401367176,32.900000000001455,25.150000000001455,0.0,2024-07-25T09:49:00+05:30,50662.05,30,90.05000000000291,49.89999999999418,39.75,38.25,True,True,0.4414214325374649
BANKNIFTY:2024-07-25,2024-07-25,BANKNIFTY,opening_range_low_break,2024-07-25T09:50:00+05:30,2024-07-25T09:50:00+05:30,DOWN,{},"{'source_path': '/Users/madhuram/tradebot-structural-edge-discovery-v3/runtime/upstox_candidate_replay.zip!upstox_candidate_replay/20240725/underlying/BANKNIFTY_20240725.parquet', 'source_hash': '4357f109ed631802b3774c34db9c318f71742f8e99de307408af71bf00810707'}",{'completed_bar_only': True},"{'buy_ce_allowed': False, 'buy_pe_allowed': True, 'research_only': True}",b62acb4e81d4fbd76e042010f3ee25429bed3bd0ee302e0232cff339ca9e714b,50671.55,2024-07-25 09:49:00+05:30,34,-0.014927157919297626,303.84999999999854,0.0,1160.4000000000015,61.41000000000058,49.293333333332946,0.0008669576319828004,48.37142857142836,-105.54999999999563,334.54999999999563,52.85000000000582,0.20742358078604597,0.4268558951964519,0.3657205240175021,0,0,0.0003286947560847686,45.799999999995634,9.5,0.0,2024-07-25T09:50:00+05:30,50672.3,30,100.30000000000291,39.64999999999418,64.15000000000146,62.650000000001455,True,True,0.639581256231302
BANKNIFTY:2024-07-25,2024-07-25,BANKNIFTY,opening_range_low_break,2024-07-25T09:51:00+05:30,2024-07-25T09:51:00+05:30,DOWN,{},"{'source_path': '/Users/madhuram/tradebot-structural-edge-discovery-v3/runtime/upstox_candidate_replay.zip!upstox_candidate_replay/20240725/underlying/BANKNIFTY_20240725.parquet', 'source_hash': '4357f109ed631802b3774c34db9c318f71742f8e99de307408af71bf00810707'}",{'completed_bar_only': True},"{'buy_ce_allowed': False, 'buy_pe_allowed': True, 'research_only': True}",5d99f7e13dba5d162420a44cd8eb5d355b8d504b7e8fe2a281d72b3400a307e9,50695.1,2024-07-25 09:50:00+05:30,35,-0.014727856931056384,303.84999999999854,0.0,1160.4000000000015,60.310000000002034,48.67000000000019,0.0008819926529862038,50.45357142857132,-79.72222222222626,311.0,76.40000000000146,0.4314096499525662,0.06527909176923341,0.5033112582782004,0,0,0.000464757837484564,52.85000000000582,22.799999999995634,0.0,2024-07-25T09:51:00+05:30,50698.0,30,126.0,13.94999999999709,71.19999999999709,69.69999999999709,True,True,0.565079365079342
BANKNIFTY:2024-07-25,2024-07-25,BANKNIFTY,opening_range_low_break,2024-07-25T09:52:00+05:30,2024-07-25T09:52:00+05:30,DOWN,{},"{'source_path': '/Users/madhuram/tradebot-structural-edge-discovery-v3/runtime/upstox_candidate_replay.zip!upstox_candidate_replay/20240725/underlying/BANKNIFTY_20240725.parquet', 'source_hash': '4357f109ed631802b3774c34db9c318f71742f8e99de307408af71bf00810707'}",{'completed_bar_only': True},"{'buy_ce_allowed': False, 'buy_pe_allowed': True, 'research_only': True}",04cad92333a1734b13ec3ac33d364eeac89fe9ca461f9ef7c7d9d214785ee79b,50686.55,2024-07-25 09:51:00+05:30,36,-0.014228146160539376,303.84999999999854,0.0,1160.4000000000015,40.02000000000116,48.873333333333235,0.0008808943270916589,49.79999999999979,-85.88648648648086,319.54999999999563,67.85000000000582,0.4280373831774613,0.035514018691479986,0.5364485981310587,1,0,-0.0001686553532785906,26.75,11.44999999999709,0.0,2024-07-25T09:52:00+05:30,50691.8,30,119.80000000000291,20.14999999999418,76.15000000000146,74.65000000000146,True,True,0.6356427378964908
BANKNIFTY:2024-07-25,2024-07-25,BANKNIFTY,opening_range_low_break,2024-07-25T09:53:00+05:30,2024-07-25T09:53:00+05:30,DOWN,{},"{'source_path': '/Users/madhuram/tradebot-structural-edge-discovery-v3/runtime/upstox_candidate_replay.zip!upstox_candidate_replay/20240725/underlying/BANKNIFTY_20240725.parquet', 'source_hash': '4357f109ed631802b3774c34db9c318f71742f8e99de307408af71bf00810707'}",{'completed_bar_only': True},"{'buy_ce_allowed': False, 'buy_pe_allowed': True, 'research_only': True}",e5848919c93da95709e25a51169a9ad66b8439ccbdfd5c5c0226f497f27bbedc,50688.05,2024-07-25 09:52:00+05:30,37,-0.014348698953426706,303.84999999999854,0.0,1160.4000000000015,37.48999999999942,48.42333333333275,0.0008701413969457535,47.035714285713766,-82.16578947367816,318.04999999999563,69.35000000000582,0.12864493996572038,0.6912521440822711,0.18010291595200853,2,0,2.959364959731481e-05,29.14999999999418,3.75,0.0,2024-07-25T09:53:00+05:30,50689.05,30,117.05000000000291,21.25,92.30000000000291,90.80000000000291,True,True,0.7885519008970578
BANKNIFTY:2024-07-25,2024-07-25,BANKNIFTY,opening_range_low_break,2024-07-25T09:54:00+05:30,2024-07-25T09:54:00+05:30,DOWN,{},"{'source_path': '/Users/madhuram/tradebot-structural-edge-discovery-v3/runtime/upstox_candidate_replay.zip!upstox_candidate_replay/20240725/underlying/BANKNIFTY_20240725.parquet', 'source_hash': '4357f109ed631802b3774c34db9c318f71742f8e99de307408af71bf00810707'}",{'completed_bar_only': True},"{'buy_ce_allowed': False, 'buy_pe_allowed': True, 'research_only': True}",7d695dc03ff57a4faa88c97b03e1d30ed507b44f9192fceffc8e9ef6d23d36ae,50661.2,2024-07-25 09:53:00+05:30,38,-0.014402169950271916,303.84999999999854,0.0,1160.4000000000015,38.669999999998254,46.48666666666589,0.0008130755691905481,46.21785714285631,-106.22051282051689,344.90000000000146,42.5,0.71778350515487,0.13015463917515988,0.1520618556699702,3,0,-0.0005297106517218042,38.799999999995634,27.85000000000582,0.0,2024-07-25T09:54:00+05:30,50663.75,30,97.90000000000146,46.55000000000291,92.09999999999854,90.59999999999854,True,True,0.9407558733401141
BANKNIFTY:2024-07-29,2024-07-29,BANKNIFTY,opening_range_low_break,2024-07-29T12:19:00+05:30,2024-07-29T12:19:00+05:30,DOWN,{},"{'source_path': '/Users/madhuram/tradebot-structural-edge-discovery-v3/runtime/upstox_candidate_replay.zip!upstox_candidate_replay/20240729/underlying/BANKNIFTY_20240729.parquet', 'source_hash': '4357f109ed631802b3774c34db9c318f71742f8e99de307408af71bf00810707'}",{'completed_bar_only': True},"{'buy_ce_allowed': False, 'buy_pe_allowed': True, 'research_only': True}",dd11f6a37ebd7474c179205d60e24c8f06edabd13c89d520aa47c5249b5b1174,51382.75,2024-07-29 12:18:00+05:30,183,0.003194570884714118,415.5,0.0,960.2999999999956,134.38000000000176,111.48000000000125,0.0019597258265528442,117.71428571428676,-598.8978260869553,957.5,5.05000000000291,0.910665760869558,0.05502717391303196,0.03430706521741006,0,15,-0.0025914153301143106,147.20000000000437,134.0500000000029,0.0,2024-07-29T12:19:00+05:30,51378.5,30,191.5500000000029,384.15000000000146,-338.40000000000146,-339.90000000000146,False,False,-1.7666405638214373
BANKNIFTY:2024-07-29,2024-07-29,BANKNIFTY,opening_range_low_break,2024-07-29T12:20:00+05:30,2024-07-29T12:20:00+05:30,DOWN,{},"{'source_path': '/Users/madhuram/tradebot-structural-edge-discovery-v3/runtime/upstox_candidate_replay.zip!upstox_candidate_replay/20240729/underlying/BANKNIFTY_20240729.parquet', 'source_hash': '4357f109ed631802b3774c34db9c318f71742f8e99de307408af71bf00810707'}",{'completed_bar_only': True},"{'buy_ce_allowed': False, 'buy_pe_allowed': True, 'research_only': True}",488670cbf52dae821a2e3e71f80aa7d7a0a5e2e5be82e5065bab2c51228d2a37,51337.65,2024-07-29 12:19:00+05:30,184,0.0005014337109502412,415.5,0.0,960.2999999999956,154.18000000000174,124.3433333333344,0.001943409020635891,130.89642857142982,-640.5167567567551,1002.5999999999985,150.70000000000437,0.18811881188118015,0.11789085885331971,0.6939903292655002,0,15,-0.0008777264743518032,217.15000000000146,40.849999999998545,0.0,2024-07-29T12:20:00+05:30,51341.0,30,74.80000000000291,421.65000000000146,-355.3000000000029,-356.8000000000029,False,False,-4.749999999999854
BANKNIFTY:2024-07-29,2024-07-29,BANKNIFTY,opening_range_low_break,2024-07-29T12:25:00+05:30,2024-07-29T12:25:00+05:30,DOWN,{},"{'source_path': '/Users/madhuram/tradebot-structural-edge-discovery-v3/runtime/upstox_candidate_replay.zip!upstox_candidate_replay/20240729/underlying/BANKNIFTY_20240729.parquet', 'source_hash': '4357f109ed631802b3774c34db9c318f71742f8e99de307408af71bf00810707'}",{'completed_bar_only': True},"{'buy_ce_allowed': False, 'buy_pe_allowed': True, 'research_only': True}",7c105f88c1843f23977f9b6d9b1ea24e4ad8667a1fcad98834b504be79fceafb,51392.9,2024-07-29 12:24:00+05:30,189,0.0018460549824498768,415.5,0.0,960.2999999999956,139.78999999999942,156.4933333333339,0.0022518985623383773,148.30000000000084,-571.901052631576,947.3499999999985,205.95000000000437,0.48022847100178867,0.15509666080839066,0.36467486818982064,1,15,-0.0012796657516942478,113.79999999999563,54.650000000001455,0.0,2024-07-29T12:25:00+05:30,51398.05,30,9.60000000000582,364.59999999999854,-224.34999999999854,-225.84999999999854,False,False,-23.369791666652347
BANKNIFTY:2024-07-29,2024-07-29,BANKNIFTY,opening_range_low_break,2024-07-29T14:01:00+05:30,2024-07-29T14:01:00+05:30,DOWN,{},"{'source_path': '/Users/madhuram/tradebot-structural-edge-discovery-v3/runtime/upstox_candidate_replay.zip!upstox_candidate_replay/20240729/underlying/BANKNIFTY_20240729.parquet', 'source_hash': '4357f109ed631802b3774c34db9c318f71742f8e99de307408af71bf00810707'}",{'completed_bar_only': True},"{'buy_ce_allowed': False, 'buy_pe_allowed': True, 'research_only': True}",e341d9c5782b706fd66e254555bc044bb44d8690d3699b1a2a0c7b275faa5d97,51386.15,2024-07-29 14:00:00+05:30,285,0.0024838007701632903,415.5,0.0,960.2999999999956,69.1,54.13000000000078,0.000871465268385354,57.05357142857195,-468.532867132868,954.0999999999985,199.20000000000437,0.8462921348314738,0.14292134831455441,0.010786516853971825,0,15,-0.0018075261464823855,111.25,94.15000000000146,0.0,2024-07-29T14:01:00+05:30,51395.65,30,131.0,124.40000000000146,-112.90000000000146,-114.40000000000146,True,True,-0.8618320610687134
BANKNIFTY:2024-07-29,2024-07-29,BANKNIFTY,opening_range_low_break,2024-07-29T14:04:00+05:30,2024-07-29T14:04:00+05:30,DOWN,{},"{'source_path': '/Users/madhuram/tradebot-structural-edge-discovery-v3/runtime/upstox_candidate_replay.zip!upstox_candidate_replay/20240729/underlying/BANKNIFTY_20240729.parquet', 'source_hash': '4357f109ed631802b3774c34db9c318f71742f8e99de307408af71bf00810707'}",{'completed_bar_only': True},"{'buy_ce_allowed': False, 'buy_pe_allowed': True, 'research_only': True}",5e260736e9bf4c908a694dce0ddcb1373ad4c2100dd26c95612530f6854fae42,51429.0,2024-07-29 14:03:00+05:30,288,0.0015880356942910149,415.5,0.0,960.2999999999956,60.58999999999942,49.773333333333234,0.0007772557410856426,50.57499999999969,-421.3565743944637,911.25,242.0500000000029,0.09814814814820204,0.313888888888835,0.5879629629629629,0,15,-9.915600739585084e-05,54.0,5.30000000000291,0.0,2024-07-29T14:04:00+05:30,51425.6,30,160.9499999999971,123.05000000000291,-104.40000000000146,-105.90000000000146,True,True,-0.6486486486486694
BANKNIFTY:2024-07-29,2024-07-29,BANKNIFTY,opening_range_low_break,2024-07-29T14:05:00+05:30,2024-07-29T14:05:00+05:30,DOWN,{},"{'source_path': '/Users/madhuram/tradebot-structural-edge-discovery-v3/runtime/upstox_candidate_replay.zip!upstox_candidate_replay/20240729/underlying/BANKNIFTY_20240729.parquet', 'source_hash': '4357f109ed631802b3774c34db9c318f71742f8e99de307408af71bf00810707'}",{'completed_bar_only': True},"{'buy_ce_allowed': False, 'buy_pe_allowed': True, 'research_only': True}",b44833d635c17b2ae9d0adc3119cd13b8a107f01cef6d7434243bfc1cd4cbf95,51401.45,2024-07-29 14:04:00+05:30,289,0.0014186192560281298,415.5,0.0,960.2999999999956,61.79999999999855,50.70333333333304,0.0007620831393957409,50.39642857142826,-447.358620689658,938.8000000000029,214.5,0.4600000000000277,0.06000000000002772,0.4799999999999446,0,15,-0.0005356899803613535,52.5,24.150000000001455,0.0,2024-07-29T14:05:00+05:30,51402.9,30,138.25,145.75,-105.94999999999709,-107.44999999999709,False,False,-0.7663652802893098
BANKNIFTY:2024-07-29,2024-07-29,BANKNIFTY,opening_range_low_break,2024-07-29T14:06:00+05:30,2024-07-29T14:06:00+05:30,DOWN,{},"{'source_path': '/Users/madhuram/tradebot-structural-edge-discovery-v3/runtime/upstox_candidate_replay.zip!upstox_candidate_replay/20240729/underlying/BANKNIFTY_20240729.parquet', 'source_hash': '4357f109ed631802b3774c34db9c318f71742f8e99de307408af71bf00810707'}",{'completed_bar_only': True},"{'buy_ce_allowed': False, 'buy_pe_allowed': True, 'research_only': True}",1b93039b47e0201e324a36cd1475fe57efc0922271aa9ad32551cff684ccec18,51384.2,2024-07-29 14:05:00+05:30,290,0.0009765786642390419,415.5,0.0,960.2999999999956,46.599999999998545,49.38666666666638,0.0006998881289055173,51.685714285714184,-463.01202749140793,956.0500000000029,197.25,0.5304964539008331,0.03687943262398963,0.4326241134751773,1,15,-0.0003355936457045683,35.25,18.700000000004366,0.0,2024-07-29T14:06:00+05:30,51392.3,30,127.65000000000146,156.34999999999854,-119.94999999999709,-121.44999999999709,False,False,-0.9396788092439932
BANKNIFTY:2024-07-29,2024-07-29,BANKNIFTY,opening_range_low_break,2024-07-29T14:07:00+05:30,2024-07-29T14:07:00+05:30,DOWN,{},"{'source_path': '/Users/madhuram/tradebot-structural-edge-discovery-v3/runtime/upstox_candidate_replay.zip!upstox_candidate_replay/20240729/underlying/BANKNIFTY_20240729.parquet', 'source_hash': '4357f109ed631802b3774c34db9c318f71742f8e99de307408af71bf00810707'}",{'completed_bar_only': True},"{'buy_ce_allowed': False, 'buy_pe_allowed': True, 'research_only': True}",7273ea2760371c7ec6cd0da54a9d44ff1fac04ee5fefce04fb2f3d452d416029,51420.9,2024-07-29 14:06:00+05:30,291,0.0007701632337119806,415.5,0.0,960.2999999999956,43.349999999998545,51.186666666666376,0.0007452132726476263,52.56785714285694,-424.8520547945154,919.3499999999985,233.95000000000437,0.6470588235294215,0.242081447963751,0.11085972850682756,2,15,0.0007142273305802416,44.19999999999709,28.599999999998545,0.0,2024-07-29T14:07:00+05:30,51438.4,30,173.75,110.25,-83.04999999999563,-84.54999999999563,True,True,-0.47798561151076624
BANKNIFTY:2024-07-31,2024-07-31,BANKNIFTY,opening_range_low_break,2024-07-31T09:32:00+05:30,2024-07-31T09:32:00+05:30,DOWN,{},"{'source_path': '/Users/madhuram/tradebot-structural-edge-discovery-v3/runtime/upstox_candidate_replay.zip!upstox_candidate_replay/20240731/underlying/BANKNIFTY_20240731.parquet', 'source_hash': '4357f109ed631802b3774c34db9c318f71742f8e99de307408af71bf00810707'}",{'completed_bar_only': True},"{'buy_ce_allowed': False, 'buy_pe_allowed': True, 'research_only': True}",f204a553ce33d78729a09e142ba38f03a0f6633e04cad7bfc1b2c2aef9f022af,51415.15,2024-07-31 09:31:00+05:30,16,0.0010831065518223139,143.14999999999418,0.0,697.6999999999971,60.16000000000058,48.939999999999905,0.0006496575312645229,49.285714285714285,-82.30882352941262,172.79999999999563,22.30000000000291,0.6723790322580055,0.10282258064520078,0.22479838709679364,0,0,-0.0012267304864379547,99.20000000000437,66.69999999999709,0.0,2024-07-31T09:32:00+05:30,51412.4,30,1.9500000000043656,152.84999999999854,-144.65000000000146,-146.15000000000146,False,False,-74.17948717932185
BANKNIFTY:2024-07-31,2024-07-31,BANKNIFTY,opening_range_low_break,2024-07-31T09:33:00+05:30,2024-07-31T09:33:00+05:30,DOWN,{},"{'source_path': '/Users/madhuram/tradebot-structural-edge-discovery-v3/runtime/upstox_candidate_replay.zip!upstox_candidate_replay/20240731/underlying/BANKNIFTY_20240731.parquet', 'source_hash': '4357f109ed631802b3774c34db9c318f71742f8e99de307408af71bf00810707'}",{'completed_bar_only': True},"{'buy_ce_allowed': False, 'buy_pe_allowed': True, 'research_only': True}",0ff554a6048ef4b55be1ad099a729be3f82f8fa7b2353140ed4999a9203e62be,51432.2,2024-07-31 09:32:00+05:30,17,-0.0002673736999561507,143.14999999999418,0.0,697.6999999999971,69.84000000000087,50.520000000000195,0.0006596697437144002,51.58214285714296,-61.63333333333867,155.75,39.349999999998545,0.29203539823001157,0.6792035398230226,0.02876106194696581,0,0,0.0003316143199036947,67.80000000000291,19.799999999995634,0.0,2024-07-31T09:33:00+05:30,51433.15,30,12.349999999998545,132.09999999999854,-112.75,-114.25,False,False,-9.129554655871521
BANKNIFTY:2024-07-31,2024-07-31,BANKNIFTY,opening_range_low_break,2024-07-31T09:34:00+05:30,2024-07-31T09:34:00+05:30,DOWN,{},"{'source_path': '/Users/madhuram/tradebot-structural-edge-discovery-v3/runtime/upstox_candidate_replay.zip!upstox_candidate_replay/20240731/underlying/BANKNIFTY_20240731.parquet', 'source_hash': '4357f109ed631802b3774c34db9c318f71742f8e99de307408af71bf00810707'}",{'completed_bar_only': True},"{'buy_ce_allowed': False, 'buy_pe_allowed': True, 'research_only': True}",81008b94182a61440c1fcd337275ddb2a89409ec61a30cf1b80ce2ef7b26319d,51431.0,2024-07-31 09:33:00+05:30,18,0.00013611751997767672,143.14999999999418,0.0,697.6999999999971,64.76000000000059,50.17333333333324,0.0006589203554912504,51.88571428571387,-59.5263157894733,156.9499999999971,38.150000000001455,0.07060755336622859,0.5944170771757069,0.3349753694580645,0,0,-2.333168715318301e-05,30.44999999999709,2.150000000001455,0.0,2024-07-31T09:34:00+05:30,51437.35,30,11.0,127.90000000000146,-108.30000000000291,-109.80000000000291,False,False,-9.84545454545481
BANKNIFTY:2024-07-31,2024-07-31,BANKNIFTY,opening_range_low_break,2024-07-31T11:30:00+05:30,2024-07-31T11:30:00+05:30,DOWN,{},"{'source_path': '/Users/madhuram/tradebot-structural-edge-discovery-v3/runtime/upstox_candidate_replay.zip!upstox_candidate_replay/20240731/underlying/BANKNIFTY_20240731.parquet', 'source_hash': '4357f109ed631802b3774c34db9c318f71742f8e99de307408af71bf00810707'}",{'completed_bar_only': True},"{'buy_ce_allowed': False, 'buy_pe_allowed': True, 'research_only': True}",640f17cbd7e871702137a139a3f98d09f5be816e50d20e6b36670aa6e7ff2471,51405.45,2024-07-31 11:29:00+05:30,134,0.0012493643797951042,143.14999999999418,0.0,697.6999999999971,45.900000000001455,24.55000000000097,0.0004887718982806822,25.246428571429924,-136.26518518518424,256.40000000000146,12.599999999998545,0.9935672514620394,0.0,0.006432748537960636,0,2,-0.0016236461927342516,85.5,84.95000000000437,0.0,2024-07-31T11:30:00+05:30,51411.45,30,11.349999999998545,101.10000000000582,-50.75,-52.25,False,False,-4.471365638767093
BANKNIFTY:2024-07-31,2024-07-31,BANKNIFTY,opening_range_low_break,2024-07-31T11:31:00+05:30,2024-07-31T11:31:00+05:30,DOWN,{},"{'source_path': '/Users/madhuram/tradebot-structural-edge-discovery-v3/runtime/upstox_candidate_replay.zip!upstox_candidate_replay/20240731/underlying/BANKNIFTY_20240731.parquet', 'source_hash': '4357f109ed631802b3774c34db9c318f71742f8e99de307408af71bf00810707'}",{'completed_bar_only': True},"{'buy_ce_allowed': False, 'buy_pe_allowed': True, 'research_only': True}",68172c6130b6c2710f327cf24d94720b5c0803b65bc56c6b00c726927e26c42f,51419.45,2024-07-31 11:30:00+05:30,135,-0.000285846791953206,143.14999999999418,0.0,697.6999999999971,51.85,26.520000000001165,0.000503057287988639,27.439285714286857,-121.36617647059029,242.40000000000146,26.599999999998545,0.18038331454341067,0.5636978579481583,0.25591882750843103,0,2,0.0002723446638439597,44.349999999998545,8.0,0.0,2024-07-31T11:31:00+05:30,51418.7,30,15.799999999995634,93.85000000000582,-64.40000000000146,-65.90000000000146,False,False,-4.075949367089826
BANKNIFTY:2024-07-31,2024-07-31,BANKNIFTY,opening_range_low_break,2024-07-31T11:32:00+05:30,2024-07-31T11:32:00+05:30,DOWN,{},"{'source_path': '/Users/madhuram/tradebot-structural-edge-discovery-v3/runtime/upstox_candidate_replay.zip!upstox_candidate_replay/20240731/underlying/BANKNIFTY_20240731.parquet', 'source_hash': '4357f109ed631802b3774c34db9c318f71742f8e99de307408af71bf00810707'}",{'completed_bar_only': True},"{'buy_ce_allowed': False, 'buy_pe_allowed': True, 'research_only': True}",1b509e01bfebdd481e542cf6a5b2694744cd36adf423e23c5f50409fd0295e7e,51414.75,2024-07-31 11:31:00+05:30,136,-0.00014486793197632654,143.14999999999418,0.0,697.6999999999971,52.40999999999913,27.330000000000776,0.0004921535598622263,27.93571428571522,-125.14598540146108,247.09999999999854,21.900000000001455,0.15310077519371154,0.3875968992248718,0.45930232558141665,0,2,-9.140510059901796e-05,25.799999999995634,3.9499999999970896,0.0,2024-07-31T11:32:00+05:30,51416.85,30,2.25,95.70000000000437,-62.349999999998545,-63.849999999998545,False,False,-27.711111111110466
BANKNIFTY:2024-07-31,2024-07-31,BANKNIFTY,opening_range_low_break,2024-07-31T11:33:00+05:30,2024-07-31T11:33:00+05:30,DOWN,{},"{'source_path': '/Users/madhuram/tradebot-structural-edge-discovery-v3/runtime/upstox_candidate_replay.zip!upstox_candidate_replay/20240731/underlying/BANKNIFTY_20240731.parquet', 'source_hash': '4357f109ed631802b3774c34db9c318f71742f8e99de307408af71bf00810707'}",{'completed_bar_only': True},"{'buy_ce_allowed': False, 'buy_pe_allowed': True, 'research_only': True}",31ba595884093d73c81f413cdef063de6eb6c564bf8ed56c732993e87e2cf56b,51429.75,2024-07-31 11:32:00+05:30,137,-0.00018084184797039851,143.14999999999418,0.0,697.6999999999971,41.689999999999415,27.416666666667638,0.0005023303063381097,28.4964285714294,-109.34782608695969,232.09999999999854,36.900000000001455,0.6401985111662791,0.24813895781635925,0.11166253101736166,0,2,0.000291745073154992,20.150000000001455,12.900000000001455,0.0,2024-07-31T11:33:00+05:30,51428.85,30,4.650000000001455,83.70000000000437,-60.55000000000291,-62.05000000000291,False,False,-13.021505376340636
BANKNIFTY:2024-07-31,2024-07-31,BANKNIFTY,opening_range_low_break,2024-07-31T13:44:00+05:30,2024-07-31T13:44:00+05:30,DOWN,{},"{'source_path': '/Users/madhuram/tradebot-structural-edge-discovery-v3/runtime/upstox_candidate_replay.zip!upstox_candidate_replay/20240731/underlying/BANKNIFTY_20240731.parquet', 'source_hash': '4357f109ed631802b3774c34db9c318f71742f8e99de307408af71bf00810707'}",{'completed_bar_only': True},"{'buy_ce_allowed': False, 'buy_pe_allowed': True, 'research_only': True}",b82f6d038ad52483c145ff7fb9f1b915d731b738e41f53835d8c6d8a551c280f,51413.1,2024-07-31 13:43:00+05:30,268,0.0018580041476952023,143.14999999999418,0.0,697.6999999999971,37.48999999999942,23.136666666666862,0.0005773347278036239,22.600000000000104,-102.48289962825947,248.75,20.25,0.9191705459161845,0.004655099449876459,0.07617435463393897,0,2,-0.0021446482776824594,118.15000000000146,108.59999999999854,0.0,2024-07-31T13:44:00+05:30,51423.8,30,88.10000000000582,46.549999999995634,38.10000000000582,36.60000000000582,True,True,0.4324631101021941
BANKNIFTY:2024-08-01,2024-08-01,BANKNIFTY,opening_range_low_break,2024-08-01T12:29:00+05:30,2024-08-01T12:29:00+05:30,DOWN,{},"{'source_path': '/Users/madhuram/tradebot-structural-edge-discovery-v3/runtime/upstox_candidate_replay.zip!upstox_candidate_replay/20240801/underlying/BANKNIFTY_20240801.parquet', 'source_hash': '4357f109ed631802b3774c34db9c318f71742f8e99de307408af71bf00810707'}",{'completed_bar_only': True},"{'buy_ce_allowed': False, 'buy_pe_allowed': True, 'research_only': True}",1356c70bd423acd35575124df6eaf90f816a50424bbe7740592b15aecbb1c316,51613.85,2024-08-01 12:28:00+05:30,193,0.0007932848774136993,224.70000000000437,0.0,327.40000000000146,31.43999999999942,21.779999999999323,0.0003431504046707111,21.71785714285631,-122.71520618556679,263.3000000000029,1.9499999999970896,0.7591125198098663,0.209984152139466,0.03090332805066774,0,2,-0.0009068789234368824,63.099999999998545,47.900000000001455,0.0,2024-08-01T12:29:00+05:30,51616.7,30,35.849999999998545,38.400000000001455,-29.0,-30.5,False,False,-0.808926080892641
BANKNIFTY:2024-08-01,2024-08-01,BANKNIFTY,opening_range_low_break,2024-08-01T12:30:00+05:30,2024-08-01T12:30:00+05:30,DOWN,{},"{'source_path': '/Users/madhuram/tradebot-structural-edge-discovery-v3/runtime/upstox_candidate_replay.zip!upstox_candidate_replay/20240801/underlying/BANKNIFTY_20240801.parquet', 'source_hash': '4357f109ed631802b3774c34db9c318f71742f8e99de307408af71bf00810707'}",{'completed_bar_only': True},"{'buy_ce_allowed': False, 'buy_pe_allowed': True, 'research_only': True}",d8103d74d85f624c1b36139fd830cf6bcfddec49690b3641fcbff483ddf3ccd5,51617.15,2024-08-01 12:29:00+05:30,194,-7.942534792188072e-05,224.70000000000437,0.0,327.40000000000146,33.87999999999884,22.866666666665697,0.0003248533108493871,23.285714285713247,-118.8028205128212,260.0,30.0,0.011553273427584061,0.229781771501868,0.758664955070548,0,2,6.393632716794606e-05,38.94999999999709,0.4500000000043656,0.0,2024-08-01T12:30:00+05:30,51613.15,30,32.30000000000291,41.94999999999709,-31.650000000001455,-33.150000000001455,False,False,-0.9798761609906689
BANKNIFTY:2024-08-01,2024-08-01,BANKNIFTY,opening_range_low_break,2024-08-01T12:31:00+05:30,2024-08-01T12:31:00+05:30,DOWN,{},"{'source_path': '/Users/madhuram/tradebot-structural-edge-discovery-v3/runtime/upstox_candidate_replay.zip!upstox_candidate_replay/20240801/underlying/BANKNIFTY_20240801.parquet', 'source_hash': '4357f109ed631802b3774c34db9c318f71742f8e99de307408af71bf00810707'}",{'completed_bar_only': True},"{'buy_ce_allowed': False, 'buy_pe_allowed': True, 'research_only': True}",2f80ad8e2c29a0b7d5bf278cbe3b654ea0c7e95795511a63ba14be314b94528f,51604.5,2024-08-01 12:30:00+05:30,195,-0.00014819607600040013,224.70000000000437,0.0,327.40000000000146,37.779999999998836,24.3066666666656,0.0003263761815436253,24.52142857142774,-130.78214285714785,272.65000000000146,23.650000000001455,0.2240932642487508,0.16321243523305368,0.6126943005181955,0,2,-0.0002450735850391128,38.599999999998545,8.650000000001455,0.0,2024-08-01T12:31:00+05:30,51603.75,30,11.94999999999709,54.75,-53.44999999999709,-54.94999999999709,False,False,-4.472803347281181
BANKNIFTY:2024-08-01,2024-08-01,BANKNIFTY,opening_range_low_break,2024-08-01T12:32:00+05:30,2024-08-01T12:32:00+05:30,DOWN,{},"{'source_path': '/Users/madhuram/tradebot-structural-edge-discovery-v3/runtime/upstox_candidate_replay.zip!upstox_candidate_replay/20240801/underlying/BANKNIFTY_20240801.parquet', 'source_hash': '4357f109ed631802b3774c34db9c318f71742f8e99de307408af71bf00810707'}",{'completed_bar_only': True},"{'buy_ce_allowed': False, 'buy_pe_allowed': True, 'research_only': True}",3d8a3bda0c3ddd0de4a82a948462549171e09dce5b1059dc2668217f13cd6111,51601.8,2024-08-01 12:31:00+05:30,196,-0.0003302932151381402,224.70000000000437,0.0,327.40000000000146,37.99999999999854,23.70333333333256,0.00032472291020891085,23.83214285714192,-132.80456852791394,275.34999999999854,20.950000000004366,0.15918367346915016,0.4897959183673469,0.3510204081635029,0,2,-5.2321018515821827e-05,12.25,1.9499999999970896,0.0,2024-08-01T12:32:00+05:30,51601.0,30,9.19999999999709,75.65000000000146,-72.55000000000291,-74.05000000000291,False,False,-7.885869565220203
BANKNIFTY:2024-08-01,2024-08-01,BANKNIFTY,opening_range_low_break,2024-08-01T12:33:00+05:30,2024-08-01T12:33:00+05:30,DOWN,{},"{'source_path': '/Users/madhuram/tradebot-structural-edge-discovery-v3/runtime/upstox_candidate_replay.zip!upstox_candidate_replay/20240801/underlying/BANKNIFTY_20240801.parquet', 'source_hash': '4357f109ed631802b3774c34db9c318f71742f8e99de307408af71bf00810707'}",{'completed_bar_only': True},"{'buy_ce_allowed': False, 'buy_pe_allowed': True, 'research_only': True}",fe8d9fd1424134d931ee15ee242486aee0cd38160ded71bfd7e901a91326f02d,51611.1,2024-08-01 12:32:00+05:30,197,-0.0003835663143539602,224.70000000000437,0.0,327.40000000000146,33.529999999998836,23.226666666665793,0.0003214508646529645,23.59285714285631,-122.88080808080849,266.0500000000029,30.25,0.6847457627117658,0.31525423728823426,0.0,0,2,0.00018022627117653123,14.75,10.099999999998545,0.0,2024-08-01T12:33:00+05:30,51611.15,30,19.349999999998545,71.84999999999854,-59.900000000001455,-61.400000000001455,False,False,-3.095607235142427
BANKNIFTY:2024-08-01,2024-08-01,BANKNIFTY,opening_range_low_break,2024-08-01T12:34:00+05:30,2024-08-01T12:34:00+05:30,DOWN,{},"{'source_path': '/Users/madhuram/tradebot-structural-edge-discovery-v3/runtime/upstox_candidate_replay.zip!upstox_candidate_replay/20240801/underlying/BANKNIFTY_20240801.parquet', 'source_hash': '4357f109ed631802b3774c34db9c318f71742f8e99de307408af71bf00810707'}",{'completed_bar_only': True},"{'buy_ce_allowed': False, 'buy_pe_allowed': True, 'research_only': True}",0aeec13d1ecc9702a5a1edea3f9d4f8e13e22e0f7561bb6148fc2d7530bb9f68,51622.7,2024-08-01 12:33:00+05:30,198,-0.0001869401481573601,224.70000000000437,0.0,327.40000000000146,24.799999999998544,23.316666666665697,0.0003103302394773558,23.71785714285579,-110.72160804020677,254.45000000000437,41.849999999998545,0.5938303341900958,0.21336760925460546,0.19280205655529878,0,2,0.00022475785247744184,19.44999999999709,11.549999999995634,0.0,2024-08-01T12:34:00+05:30,51622.9,30,31.099999999998545,60.099999999998545,-49.25,-50.75,False,False,-1.5836012861737074
BANKNIFTY:2024-08-01,2024-08-01,BANKNIFTY,opening_range_low_break,2024-08-01T12:35:00+05:30,2024-08-01T12:35:00+05:30,DOWN,{},"{'source_path': '/Users/madhuram/tradebot-structural-edge-discovery-v3/runtime/upstox_candidate_replay.zip!upstox_candidate_replay/20240801/underlying/BANKNIFTY_20240801.parquet', 'source_hash': '4357f109ed631802b3774c34db9c318f71742f8e99de307408af71bf00810707'}",{'completed_bar_only': True},"{'buy_ce_allowed': False, 'buy_pe_allowed': True, 'research_only': True}",ace192cc31c9407b7aac56c6ee7b717ec5ffabf6355b730d3abee7094b1b440a,51631.9,2024-08-01 12:34:00+05:30,199,4.068127576477979e-05,224.70000000000437,0.0,327.40000000000146,19.509999999999128,22.969999999998738,0.0003179516492531812,23.696428571427532,-101.01400000000285,245.25,51.05000000000291,0.72,0.12399999999965075,0.15600000000034925,1,2,0.00017821617234292653,12.5,9.0,0.0,2024-08-01T12:35:00+05:30,51632.7,30,40.89999999999418,58.35000000000582,-58.35000000000582,-59.85000000000582,False,False,-1.4266503667485115
BANKNIFTY:2024-08-01,2024-08-01,BANKNIFTY,opening_range_low_break,2024-08-01T12:36:00+05:30,2024-08-01T12:36:00+05:30,DOWN,{},"{'source_path': '/Users/madhuram/tradebot-structural-edge-discovery-v3/runtime/upstox_candidate_replay.zip!upstox_candidate_replay/20240801/underlying/BANKNIFTY_20240801.parquet', 'source_hash': '4357f109ed631802b3774c34db9c318f71742f8e99de307408af71bf00810707'}",{'completed_bar_only': True},"{'buy_ce_allowed': False, 'buy_pe_allowed': True, 'research_only': True}",e86cde62f512d442325013aca7d75f58c6cdd39d0ee25729deceda7ef45a3b7a,51633.35,2024-08-01 12:35:00+05:30,200,0.00023052722933379914,224.70000000000437,0.0,327.40000000000146,15.319999999999709,23.29333333333246,0.00031918749729412213,24.210714285713557,-99.06865671642299,243.8000000000029,52.5,0.03682719546750151,0.7110481586403329,0.2521246458921656,2,2,2.8083413548651848e-05,17.650000000001455,0.6500000000014552,0.0,2024-08-01T12:36:00+05:30,51633.0,30,41.19999999999709,73.75,-69.09999999999854,-70.59999999999854,False,False,-1.6771844660195006
BANKNIFTY:2024-08-05,2024-08-05,BANKNIFTY,opening_range_low_break,2024-08-05T10:07:00+05:30,2024-08-05T10:07:00+05:30,DOWN,{},"{'source_path': '/Users/madhuram/tradebot-structural-edge-discovery-v3/runtime/upstox_candidate_replay.zip!upstox_candidate_replay/20240805/underlying/BANKNIFTY_20240805.parquet', 'source_hash': '4357f109ed631802b3774c34db9c318f71742f8e99de307408af71bf00810707'}",{'completed_bar_only': True},"{'buy_ce_allowed': False, 'buy_pe_allowed': True, 'research_only': True}",67f68de71b611df74c6b11fddaaaa5d5ea0c211178c3603cb8017034f5c6e4f2,50354.3,2024-08-05 10:06:00+05:30,51,-0.01797702470404335,386.45000000000437,0.0,520.8499999999985,41.939999999999415,37.273333333333234,0.0004966442040979383,36.764285714285506,-104.46634615384392,393.25,7.600000000005821,0.8143913920645167,0.16207128446540883,0.023537323470074437,0,0,-0.0012565044185914864,74.34999999999854,60.549999999995634,0.0,2024-08-05T10:07:00+05:30,50357.05,30,92.55000000000291,84.59999999999854,73.65000000000146,72.15000000000146,True,True,0.7957860615883213
BANKNIFTY:2024-08-05,2024-08-05,BANKNIFTY,opening_range_low_break,2024-08-05T10:28:00+05:30,2024-08-05T10:28:00+05:30,DOWN,{},"{'source_path': '/Users/madhuram/tradebot-structural-edge-discovery-v3/runtime/upstox_candidate_replay.zip!upstox_candidate_replay/20240805/underlying/BANKNIFTY_20240805.parquet', 'source_hash': '4357f109ed631802b3774c34db9c318f71742f8e99de307408af71bf00810707'}",{'completed_bar_only': True},"{'buy_ce_allowed': False, 'buy_pe_allowed': True, 'research_only': True}",f3235e49214aed37adde6c0cdf55c29ae270a3f7d0b5d9f31b497865039b6f4d,50339.75,2024-08-05 10:27:00+05:30,72,-0.01833933119390702,386.45000000000437,0.0,520.8499999999985,37.06999999999971,31.636666666666862,0.00045391139930512573,30.910714285714285,-100.15616438355937,407.8000000000029,23.400000000001455,0.6457142857142857,0.08685714285712623,0.26742857142858806,0,0,-0.0010983210669290866,87.5,56.5,0.0,2024-08-05T10:28:00+05:30,50345.25,30,324.3000000000029,24.94999999999709,284.15000000000146,282.65000000000146,True,True,0.8761948812827595
BANKNIFTY:2024-08-05,2024-08-05,BANKNIFTY,opening_range_low_break,2024-08-05T10:29:00+05:30,2024-08-05T10:29:00+05:30,DOWN,{},"{'source_path': '/Users/madhuram/tradebot-structural-edge-discovery-v3/runtime/upstox_candidate_replay.zip!upstox_candidate_replay/20240805/underlying/BANKNIFTY_20240805.parquet', 'source_hash': '4357f109ed631802b3774c34db9c318f71742f8e99de307408af71bf00810707'}",{'completed_bar_only': True},"{'buy_ce_allowed': False, 'buy_pe_allowed': True, 'research_only': True}",351c311232c9c2b45f9d27ed5f16f9dcafa9955165c051d5fa419714b4269d4b,50321.9,2024-08-05 10:28:00+05:30,73,-0.019332752214501026,386.45000000000437,0.0,520.8499999999985,40.1,31.289999999999903,0.0004348800233561471,31.007142857142753,-116.41148648648232,425.65000000000146,5.55000000000291,0.6379781420764883,0.36202185792351166,0.0,0,0,-0.0003545905571640251,36.599999999998545,23.349999999998545,0.0,2024-08-05T10:29:00+05:30,50314.55,30,293.6000000000058,55.64999999999418,275.3500000000058,273.8500000000058,True,True,0.9378405994550421
BANKNIFTY:2024-08-05,2024-08-05,BANKNIFTY,opening_range_low_break,2024-08-05T10:30:00+05:30,2024-08-05T10:30:00+05:30,DOWN,{},"{'source_path': '/Users/madhuram/tradebot-structural-edge-discovery-v3/runtime/upstox_candidate_replay.zip!upstox_candidate_replay/20240805/underlying/BANKNIFTY_20240805.parquet', 'source_hash': '4357f109ed631802b3774c34db9c318f71742f8e99de307408af71bf00810707'}",{'completed_bar_only': True},"{'buy_ce_allowed': False, 'buy_pe_allowed': True, 'research_only': True}",399d3bbc1db9e070d555ba2bfa491aa96fc9a4f718979544652df34e9c0effae,50341.2,2024-08-05 10:29:00+05:30,74,-0.019930752711211478,386.45000000000437,0.0,520.8499999999985,42.0,31.883333333333333,0.00044713843778415374,32.78214285714317,-95.81666666667297,406.3500000000058,36.5,0.6036240090598709,0.1732729331823602,0.22310305775776887,0,0,0.0003835308285258243,44.150000000001455,26.64999999999418,0.0,2024-08-05T10:30:00+05:30,50338.1,30,332.75,32.099999999998545,294.34999999999854,292.84999999999854,True,True,0.8845980465815133
BANKNIFTY:2024-08-05,2024-08-05,BANKNIFTY,opening_range_low_break,2024-08-05T10:32:00+05:30,2024-08-05T10:32:00+05:30,DOWN,{},"{'source_path': '/Users/madhuram/tradebot-structural-edge-discovery-v3/runtime/upstox_candidate_replay.zip!upstox_candidate_replay/20240805/underlying/BANKNIFTY_20240805.parquet', 'source_hash': '4357f109ed631802b3774c34db9c318f71742f8e99de307408af71bf00810707'}",{'completed_bar_only': True},"{'buy_ce_allowed': False, 'buy_pe_allowed': True, 'research_only': True}",6b11707faca07f36324063f2b337be835f1fc5a341cba8d30ebfa6003f083ab4,50352.6,2024-08-05 10:31:00+05:30,76,-0.01901427312260474,386.45000000000437,0.0,520.8499999999985,45.419999999998254,32.40999999999961,0.0004373531555874461,33.41785714285652,-82.36428571428405,394.95000000000437,47.900000000001455,0.4545454545455548,0.23232323232321006,0.31313131313123516,0,0,-0.0002144414396169081,19.799999999995634,9.0,0.0,2024-08-05T10:32:00+05:30,50353.55,30,393.20000000000437,5.649999999994179,389.20000000000437,387.70000000000437,True,True,0.989827060020346
BANKNIFTY:2024-08-05,2024-08-05,BANKNIFTY,opening_range_low_break,2024-08-05T10:33:00+05:30,2024-08-05T10:33:00+05:30,DOWN,{},"{'source_path': '/Users/madhuram/tradebot-structural-edge-discovery-v3/runtime/upstox_candidate_replay.zip!upstox_candidate_replay/20240805/underlying/BANKNIFTY_20240805.parquet', 'source_hash': '4357f109ed631802b3774c34db9c318f71742f8e99de307408af71bf00810707'}",{'completed_bar_only': True},"{'buy_ce_allowed': False, 'buy_pe_allowed': True, 'research_only': True}",c48eb1f7f471607bb41c53c25bae7a52061655c64e512ad94ac63bcffb6d6b3b,50337.15,2024-08-05 10:32:00+05:30,77,-0.019171077813110178,386.45000000000437,0.0,520.8499999999985,33.169999999998254,32.939999999999415,0.00044021413146250654,33.41785714285652,-96.5602564102519,410.40000000000146,32.450000000004366,0.6247619047619603,0.2152380952378735,0.16000000000016631,0,0,-0.00030683619117977123,26.25,16.400000000001455,0.0,2024-08-05T10:33:00+05:30,50339.35,30,394.29999999999563,6.349999999998545,367.04999999999563,365.54999999999563,True,True,0.9308901851382189
BANKNIFTY:2024-08-05,2024-08-05,BANKNIFTY,opening_range_low_break,2024-08-05T10:34:00+05:30,2024-08-05T10:34:00+05:30,DOWN,{},"{'source_path': '/Users/madhuram/tradebot-structural-edge-discovery-v3/runtime/upstox_candidate_replay.zip!upstox_candidate_replay/20240805/underlying/BANKNIFTY_20240805.parquet', 'source_hash': '4357f109ed631802b3774c34db9c318f71742f8e99de307408af71bf00810707'}",{'completed_bar_only': True},"{'buy_ce_allowed': False, 'buy_pe_allowed': True, 'research_only': True}",129cd116c02cd85d7465cfd9da6d7ee4a2445acae568ca05ed08b8647c099cda,50301.55,2024-08-05 10:33:00+05:30,78,-0.0194476773913933,386.45000000000437,0.0,520.8499999999985,38.48999999999796,35.403333333332554,0.0004661174826835075,36.58571428571356,-130.48734177215374,446.0,19.05000000000291,0.5981012658227433,0.1004746835442854,0.30142405063297134,0,0,-0.0007072311404201503,63.19999999999709,37.799999999995634,0.0,2024-08-05T10:34:00+05:30,50295.45,30,350.3999999999942,27.05000000000291,296.6499999999942,295.1499999999942,True,True,0.8466038812785363
BANKNIFTY:2024-08-05,2024-08-05,BANKNIFTY,opening_range_low_break,2024-08-05T10:35:00+05:30,2024-08-05T10:35:00+05:30,DOWN,{},"{'source_path': '/Users/madhuram/tradebot-structural-edge-discovery-v3/runtime/upstox_candidate_replay.zip!upstox_candidate_replay/20240805/underlying/BANKNIFTY_20240805.parquet', 'source_hash': '4357f109ed631802b3774c34db9c318f71742f8e99de307408af71bf00810707'}",{'completed_bar_only': True},"{'buy_ce_allowed': False, 'buy_pe_allowed': True, 'research_only': True}",c6aafc1f4d5cf9921b834cad2561e8194334a6c1db171274682ef6d365741323,50279.55,2024-08-05 10:34:00+05:30,79,-0.020302798622845817,386.45000000000437,0.0,520.8499999999985,36.92999999999738,36.569999999999226,0.0004684258667577792,37.082142857141925,-150.58124999999563,468.0,15.05000000000291,0.4374140302612054,0.14855570839069246,0.41403026134810217,0,0,-0.00043736226816071255,36.349999999998545,15.89999999999418,0.0,2024-08-05T10:35:00+05:30,50279.2,30,334.1499999999942,43.30000000000291,275.84999999999854,274.34999999999854,True,True,0.825527457728575
BANKNIFTY:2024-08-06,2024-08-06,BANKNIFTY,opening_range_low_break,2024-08-06T09:53:00+05:30,2024-08-06T09:53:00+05:30,DOWN,{},"{'source_path': '/Users/madhuram/tradebot-structural-edge-discovery-v3/runtime/upstox_candidate_replay.zip!upstox_candidate_replay/20240806/underlying/BANKNIFTY_20240806.parquet', 'source_hash': '4357f109ed631802b3774c34db9c318f71742f8e99de307408af71bf00810707'}",{'completed_bar_only': True},"{'buy_ce_allowed': False, 'buy_pe_allowed': True, 'research_only': True}",8cb82926925ff922c94b23856e8d5d3aac0c3e2c755117b689491cf352921878,50369.5,2024-08-06 09:52:00+05:30,37,0.007648433754195272,292.8500000000058,0.0,1028.4500000000044,45.449999999998546,39.32000000000068,0.0005261957072410964,38.53214285714369,-116.62368421052815,319.3000000000029,32.19999999999709,0.6514795678722446,0.046031000469719016,0.3024894316580364,0,1,-0.0013798818773530508,106.44999999999709,69.34999999999854,0.0,2024-08-06T09:53:00+05:30,50374.95,30,188.5,73.80000000000291,158.34999999999854,156.84999999999854,True,True,0.8400530503978703
BANKNIFTY:2024-08-06,2024-08-06,BANKNIFTY,opening_range_low_break,2024-08-06T10:06:00+05:30,2024-08-06T10:06:00+05:30,DOWN,{},"{'source_path': '/Users/madhuram/tradebot-structural-edge-discovery-v3/runtime/upstox_candidate_replay.zip!upstox_candidate_replay/20240806/underlying/BANKNIFTY_20240806.parquet', 'source_hash': '4357f109ed631802b3774c34db9c318f71742f8e99de307408af71bf00810707'}",{'completed_bar_only': True},"{'buy_ce_allowed': False, 'buy_pe_allowed': True, 'research_only': True}",b61f3f24ce4cb93ff77361478cfbbcff83213984d31629e80fae488dc121ae33,50365.95,2024-08-06 10:05:00+05:30,50,0.006855322039315995,292.8500000000058,0.0,1028.4500000000044,27.859999999999125,31.936666666666376,0.0004934542985366184,32.453571428570804,-101.76274509804352,322.8500000000058,28.64999999999418,0.6606965174130222,0.11840796019894706,0.22089552238803073,9,1,-0.0006587412684539995,50.25,33.200000000004366,0.0,2024-08-06T10:06:00+05:30,50362.1,30,286.40000000000146,24.349999999998545,279.65000000000146,278.15000000000146,True,True,0.9764315642458101
BANKNIFTY:2024-08-06,2024-08-06,BANKNIFTY,opening_range_low_break,2024-08-06T10:07:00+05:30,2024-08-06T10:07:00+05:30,DOWN,{},"{'source_path': '/Users/madhuram/tradebot-structural-edge-discovery-v3/runtime/upstox_candidate_replay.zip!upstox_candidate_replay/20240806/underlying/BANKNIFTY_20240806.parquet', 'source_hash': '4357f109ed631802b3774c34db9c318f71742f8e99de307408af71bf00810707'}",{'completed_bar_only': True},"{'buy_ce_allowed': False, 'buy_pe_allowed': True, 'research_only': True}",55ed65b4cac49234cbbc6ce89b6a0f3acb3fd8a1684575025ba8f169c59332b1,50283.4,2024-08-06 10:06:00+05:30,51,0.006115151030845424,292.8500000000058,0.0,1028.4500000000044,47.31999999999971,37.67333333333275,0.000632636384400997,32.76071428571387,-180.76826923076442,405.40000000000146,7.700000000004366,0.7106094808126148,0.21986455981939995,0.06952595936798524,0,1,-0.001639004128781374,110.75,78.69999999999709,0.0,2024-08-06T10:07:00+05:30,50286.8,30,237.0,35.0,230.45000000000437,228.95000000000437,True,True,0.9723628691983307
BANKNIFTY:2024-08-06,2024-08-06,BANKNIFTY,opening_range_low_break,2024-08-06T10:08:00+05:30,2024-08-06T10:08:00+05:30,DOWN,{},"{'source_path': '/Users/madhuram/tradebot-structural-edge-discovery-v3/runtime/upstox_candidate_replay.zip!upstox_candidate_replay/20240806/underlying/BANKNIFTY_20240806.parquet', 'source_hash': '4357f109ed631802b3774c34db9c318f71742f8e99de307408af71bf00810707'}",{'completed_bar_only': True},"{'buy_ce_allowed': False, 'buy_pe_allowed': True, 'research_only': True}",3af5897aebd89bdb337497d8f910952628e5f13b81b507fdc2771510f465289f,50288.15,2024-08-06 10:07:00+05:30,52,0.004610835863832566,292.8500000000058,0.0,1028.4500000000044,52.8,34.20999999999961,0.0005457814798348065,33.82142857142805,-172.69716981131933,400.65000000000146,20.849999999998545,0.024770642201808163,0.6174311926605771,0.3577981651376147,0,1,9.446457479000969e-05,54.5,1.3499999999985448,0.0,2024-08-06T10:08:00+05:30,50293.75,30,270.5500000000029,17.5,270.09999999999854,268.59999999999854,True,True,0.9983367214932384
BANKNIFTY:2024-08-06,2024-08-06,BANKNIFTY,opening_range_low_break,2024-08-06T10:09:00+05:30,2024-08-06T10:09:00+05:30,DOWN,{},"{'source_path': '/Users/madhuram/tradebot-structural-edge-discovery-v3/runtime/upstox_candidate_replay.zip!upstox_candidate_replay/20240806/underlying/BANKNIFTY_20240806.parquet', 'source_hash': '4357f109ed631802b3774c34db9c318f71742f8e99de307408af71bf00810707'}",{'completed_bar_only': True},"{'buy_ce_allowed': False, 'buy_pe_allowed': True, 'research_only': True}",6e55b3f70b0a2bef06d7a697ab9013c4db19da65dbd856d12c64a72bf449416f,50302.9,2024-08-06 10:08:00+05:30,53,0.004749680357999041,292.8500000000058,0.0,1028.4500000000044,54.06999999999971,33.59666666666599,0.0004855670743399468,33.79642857142763,-155.02222222221462,385.90000000000146,35.599999999998545,0.30049261083751494,0.2742200328407009,0.42528735632178416,0,1,0.0002933096564499138,30.44999999999709,9.150000000001455,0.0,2024-08-06T10:09:00+05:30,50301.1,30,280.65000000000146,5.700000000004366,253.5,252.0,True,True,0.9032602886157088
BANKNIFTY:2024-08-06,2024-08-06,BANKNIFTY,opening_range_low_break,2024-08-06T10:10:00+05:30,2024-08-06T10:10:00+05:30,DOWN,{},"{'source_path': '/Users/madhuram/tradebot-structural-edge-discovery-v3/runtime/upstox_candidate_replay.zip!upstox_candidate_replay/20240806/underlying/BANKNIFTY_20240806.parquet', 'source_hash': '4357f109ed631802b3774c34db9c318f71742f8e99de307408af71bf00810707'}",{'completed_bar_only': True},"{'buy_ce_allowed': False, 'buy_pe_allowed': True, 'research_only': True}",e2ea44e92f791e2a0c5eba7b84bc44f8db3ef6e1c6a678468ab6c328b06e672c,50283.7,2024-08-06 10:09:00+05:30,54,0.004896515902189519,292.8500000000058,0.0,1028.4500000000044,56.810000000000585,34.083333333332845,0.0004618322294862309,34.960714285714076,-171.05454545454995,405.1000000000058,16.39999999999418,0.4566929133857952,0.14960629921269014,0.39370078740151465,0,1,-0.0003816877356972448,38.10000000000582,17.400000000001455,0.0,2024-08-06T10:10:00+05:30,50288.25,30,267.8000000000029,9.05000000000291,261.1999999999971,259.6999999999971,True,True,0.9753547423450122
BANKNIFTY:2024-08-06,2024-08-06,BANKNIFTY,opening_range_low_break,2024-08-06T10:11:00+05:30,2024-08-06T10:11:00+05:30,DOWN,{},"{'source_path': '/Users/madhuram/tradebot-structural-edge-discovery-v3/runtime/upstox_candidate_replay.zip!upstox_candidate_replay/20240806/underlying/BANKNIFTY_20240806.parquet', 'source_hash': '4357f109ed631802b3774c34db9c318f71742f8e99de307408af71bf00810707'}",{'completed_bar_only': True},"{'buy_ce_allowed': False, 'buy_pe_allowed': True, 'research_only': True}",4678c7926015f15ce6a4f94d85afa14179d8e38679e4f8ba08a039ed5a2bf6f6,50277.6,2024-08-06 10:10:00+05:30,55,0.00463980342016941,292.8500000000058,0.0,1028.4500000000044,52.98000000000029,34.70333333333304,0.00046128280495069516,34.735714285713975,-173.99107142857247,411.20000000000437,14.799999999995634,0.3424437299035998,0.18167202572352795,0.47588424437287224,0,1,-0.00012131167754159122,31.099999999998545,10.650000000001455,0.0,2024-08-06T10:11:00+05:30,50279.0,30,282.9499999999971,18.30000000000291,278.0,276.5,True,True,0.9825057430641557
BANKNIFTY:2024-08-06,2024-08-06,BANKNIFTY,opening_range_low_break,2024-08-06T10:12:00+05:30,2024-08-06T10:12:00+05:30,DOWN,{},"{'source_path': '/Users/madhuram/tradebot-structural-edge-discovery-v3/runtime/upstox_candidate_replay.zip!upstox_candidate_replay/20240806/underlying/BANKNIFTY_20240806.parquet', 'source_hash': '4357f109ed631802b3774c34db9c318f71742f8e99de307408af71bf00810707'}",{'completed_bar_only': True},"{'buy_ce_allowed': False, 'buy_pe_allowed': True, 'research_only': True}",42c23e77900fe74d18e09797053d73c97f72cbb21ec7fc928ea923573283989c,50238.85,2024-08-06 10:11:00+05:30,56,0.004455010388365031,292.8500000000058,0.0,1028.4500000000044,40.240000000000876,35.55666666666657,0.00048358952007272017,37.06785714285694,-209.0087719298317,449.95000000000437,0.9000000000014552,0.8533475026567263,0.1275239107332546,0.019128586610019118,0,1,-0.0007707209572453966,47.05000000000291,40.150000000001455,0.0,2024-08-06T10:12:00+05:30,50240.2,30,285.0,57.10000000000582,250.04999999999563,248.54999999999563,True,True,0.8773684210526163
BANKNIFTY:2024-08-07,2024-08-07,BANKNIFTY,opening_range_low_break,2024-08-07T09:34:00+05:30,2024-08-07T09:34:00+05:30,DOWN,{},"{'source_path': '/Users/madhuram/tradebot-structural-edge-discovery-v3/runtime/upstox_candidate_replay.zip!upstox_candidate_replay/20240807/underlying/BANKNIFTY_20240807.parquet', 'source_hash': '4357f109ed631802b3774c34db9c318f71742f8e99de307408af71bf00810707'}",{'completed_bar_only': True},"{'buy_ce_allowed': False, 'buy_pe_allowed': True, 'research_only': True}",4f50c2c8631cab71106ac12452334e7211a6a1fe8577d62510f49a504fbc4c0e,50066.8,2024-08-07 09:33:00+05:30,18,0.007674270949282992,195.54999999999563,0.0,1029.75,48.21999999999971,48.530000000000776,0.0006586105830586214,48.65714285714369,-101.53684210526262,225.64999999999418,23.200000000004366,0.7503296703296576,0.04571428571426013,0.20395604395608233,14,1,-0.001624184293569475,113.75,85.34999999999854,0.0,2024-08-07T09:34:00+05:30,50061.3,30,176.75,61.599999999998545,169.45000000000437,167.95000000000437,True,True,0.9586987270155835
BANKNIFTY:2024-08-07,2024-08-07,BANKNIFTY,opening_range_low_break,2024-08-07T09:35:00+05:30,2024-08-07T09:35:00+05:30,DOWN,{},"{'source_path': '/Users/madhuram/tradebot-structural-edge-discovery-v3/runtime/upstox_candidate_replay.zip!upstox_candidate_replay/20240807/underlying/BANKNIFTY_20240807.parquet', 'source_hash': '4357f109ed631802b3774c34db9c318f71742f8e99de307408af71bf00810707'}",{'completed_bar_only': True},"{'buy_ce_allowed': False, 'buy_pe_allowed': True, 'research_only': True}",064fb5957d578e6210afa6e9b57c37ea2585027d5f673886fa23444a82b6c6f2,50048.95,2024-08-07 09:34:00+05:30,19,0.005848881459186538,195.54999999999563,0.0,1029.75,52.15999999999913,48.11000000000058,0.0006505954879508224,47.88571428571491,-113.4175000000032,243.5,10.299999999995634,0.30531520395566647,0.4400494437576493,0.2546353522866842,0,1,-0.00035652368435779014,40.44999999999709,12.35000000000582,0.0,2024-08-07T09:35:00+05:30,50049.85,30,223.90000000000146,73.05000000000291,210.79999999999563,209.29999999999563,True,True,0.9414917373827345
BANKNIFTY:2024-08-07,2024-08-07,BANKNIFTY,opening_range_low_break,2024-08-07T09:36:00+05:30,2024-08-07T09:36:00+05:30,DOWN,{},"{'source_path': '/Users/madhuram/tradebot-structural-edge-discovery-v3/runtime/upstox_candidate_replay.zip!upstox_candidate_replay/20240807/underlying/BANKNIFTY_20240807.parquet', 'source_hash': '4357f109ed631802b3774c34db9c318f71742f8e99de307408af71bf00810707'}",{'completed_bar_only': True},"{'buy_ce_allowed': False, 'buy_pe_allowed': True, 'research_only': True}",f540e4e0e0937efe5357a607a8681fe5018cb0a5e2bd8b84fb45c8e7bb841f86,50051.2,2024-08-07 09:35:00+05:30,20,0.0056188241156354905,195.54999999999563,0.0,1029.75,47.38999999999942,46.886666666667345,0.0006256053896949858,42.97857142857174,-105.873809523815,241.25,25.349999999998545,0.04103343465040988,0.22948328267485035,0.7294832826747397,0,1,4.495598808773593e-05,32.900000000001455,1.3499999999985448,0.0,2024-08-07T09:36:00+05:30,50049.1,30,227.90000000000146,73.80000000000291,160.79999999999563,159.29999999999563,True,True,0.7055726195699632
BANKNIFTY:2024-08-07,2024-08-07,BANKNIFTY,opening_range_low_break,2024-08-07T09:37:00+05:30,2024-08-07T09:37:00+05:30,DOWN,{},"{'source_path': '/Users/madhuram/tradebot-structural-edge-discovery-v3/runtime/upstox_candidate_replay.zip!upstox_candidate_replay/20240807/underlying/BANKNIFTY_20240807.parquet', 'source_hash': '4357f109ed631802b3774c34db9c318f71742f8e99de307408af71bf00810707'}",{'completed_bar_only': True},"{'buy_ce_allowed': False, 'buy_pe_allowed': True, 'research_only': True}",2515a8d20968e8402deac4e2fc568a6605b09e0b5af82df220cacbee980ed84c,50053.45,2024-08-07 09:36:00+05:30,21,0.005603754857324292,195.54999999999563,0.0,1029.75,48.95999999999913,42.25333333333353,0.0006138330795642774,41.55714285714306,-98.91363636364258,239.0,27.599999999998545,0.13551401869154958,0.64797507788174,0.21651090342671042,0,1,4.4953967137661976e-05,32.099999999998545,4.349999999998545,0.0,2024-08-07T09:37:00+05:30,50052.8,30,231.60000000000582,70.09999999999854,191.85000000000582,190.35000000000582,True,True,0.8283678756476727
BANKNIFTY:2024-08-07,2024-08-07,BANKNIFTY,opening_range_low_break,2024-08-07T09:39:00+05:30,2024-08-07T09:39:00+05:30,DOWN,{},"{'source_path': '/Users/madhuram/tradebot-structural-edge-discovery-v3/runtime/upstox_candidate_replay.zip!upstox_candidate_replay/20240807/underlying/BANKNIFTY_20240807.parquet', 'source_hash': '4357f109ed631802b3774c34db9c318f71742f8e99de307408af71bf00810707'}",{'completed_bar_only': True},"{'buy_ce_allowed': False, 'buy_pe_allowed': True, 'research_only': True}",05a80d10231f6702db7b4ee3d71111fa1bfdb2715e69ce1a9f9281ab790feeff,50093.5,2024-08-07 09:38:00+05:30,23,0.006790207795026027,195.54999999999563,0.0,1029.75,40.79999999999855,42.74666666666647,0.0006405294105961171,43.53214285714265,-54.34791666667297,198.9499999999971,67.65000000000146,0.5386029411765817,0.3658088235293439,0.09558823529407437,1,1,-0.00018661613061932147,27.19999999999709,14.650000000001455,0.0,2024-08-07T09:39:00+05:30,50099.0,30,304.5,17.69999999999709,253.15000000000146,251.65000000000146,True,True,0.8313628899835844
BANKNIFTY:2024-08-07,2024-08-07,BANKNIFTY,opening_range_low_break,2024-08-07T09:40:00+05:30,2024-08-07T09:40:00+05:30,DOWN,{},"{'source_path': '/Users/madhuram/tradebot-structural-edge-discovery-v3/runtime/upstox_candidate_replay.zip!upstox_candidate_replay/20240807/underlying/BANKNIFTY_20240807.parquet', 'source_hash': '4357f109ed631802b3774c34db9c318f71742f8e99de307408af71bf00810707'}",{'completed_bar_only': True},"{'buy_ce_allowed': False, 'buy_pe_allowed': True, 'research_only': True}",ec76778ee867f2f3ed806c5e4bd161220b2f9e58340884e7f2fedcf8f104b499,50061.25,2024-08-07 09:39:00+05:30,24,0.006606362843629379,195.54999999999563,0.0,1029.75,40.529999999998836,43.23666666666637,0.0006462851502581976,42.878571428571114,-83.13400000000547,231.1999999999971,35.400000000001455,0.965473145780087,0.03452685421991292,0.0,2,1,-0.0006437961012906168,39.099999999998545,37.75,0.0,2024-08-07T09:40:00+05:30,50063.4,30,268.90000000000146,53.299999999995634,205.3000000000029,203.8000000000029,True,True,0.7634808478988538
BANKNIFTY:2024-08-07,2024-08-07,BANKNIFTY,opening_range_low_break,2024-08-07T09:42:00+05:30,2024-08-07T09:42:00+05:30,DOWN,{},"{'source_path': '/Users/madhuram/tradebot-structural-edge-discovery-v3/runtime/upstox_candidate_replay.zip!upstox_candidate_replay/20240807/underlying/BANKNIFTY_20240807.parquet', 'source_hash': '4357f109ed631802b3774c34db9c318f71742f8e99de307408af71bf00810707'}",{'completed_bar_only': True},"{'buy_ce_allowed': False, 'buy_pe_allowed': True, 'research_only': True}",2acec99d12a9d87582e3146a365be64484d3a8489356f3a305b735d27980f1ee,50088.75,2024-08-07 09:41:00+05:30,26,0.006855507914374553,195.54999999999563,0.0,1029.75,44.669999999998254,42.296666666665985,0.0006652727423158901,43.24642857142784,-52.146296296297805,203.6999999999971,62.900000000001455,0.761344537815175,0.05042016806722689,0.18823529411759815,0,1,-0.00034127751549961616,29.75,22.650000000001455,0.0,2024-08-07T09:42:00+05:30,50087.25,30,292.75,24.849999999998545,201.75,200.25,True,True,0.6891545687446626
BANKNIFTY:2024-08-07,2024-08-07,BANKNIFTY,opening_range_low_break,2024-08-07T09:43:00+05:30,2024-08-07T09:43:00+05:30,DOWN,{},"{'source_path': '/Users/madhuram/tradebot-structural-edge-discovery-v3/runtime/upstox_candidate_replay.zip!upstox_candidate_replay/20240807/underlying/BANKNIFTY_20240807.parquet', 'source_hash': '4357f109ed631802b3774c34db9c318f71742f8e99de307408af71bf00810707'}",{'completed_bar_only': True},"{'buy_ce_allowed': False, 'buy_pe_allowed': True, 'research_only': True}",22e191963515783a9234f246eb9896fe8ae212e54c7935daa55389c5b465182d,50076.45,2024-08-07 09:42:00+05:30,27,0.0063702777967539394,195.54999999999563,0.0,1029.75,39.85999999999767,43.5166666666657,0.0006674697806785253,44.08571428571304,-62.14464285714348,216.0,50.599999999998545,0.22832980972524117,0.5253699788583687,0.24630021141639016,1,1,-0.0002455641236804862,47.299999999995634,10.80000000000291,0.0,2024-08-07T09:43:00+05:30,50074.05,30,279.5500000000029,25.299999999995634,198.65000000000146,197.15000000000146,True,True,0.7106063316043619
BANKNIFTY:2024-08-08,2024-08-08,BANKNIFTY,opening_range_low_break,2024-08-08T10:08:00+05:30,2024-08-08T10:08:00+05:30,DOWN,{},"{'source_path': '/Users/madhuram/tradebot-structural-edge-discovery-v3/runtime/upstox_candidate_replay.zip!upstox_candidate_replay/20240808/underlying/BANKNIFTY_20240808.parquet', 'source_hash': '4357f109ed631802b3774c34db9c318f71742f8e99de307408af71bf00810707'}",{'completed_bar_only': True},"{'buy_ce_allowed': False, 'buy_pe_allowed': True, 'research_only': True}",add9bb70a5baa2c2d1ca66454d997fb3a4c4ee83e09a57f948eda3dc8be2bce4,49890.45,2024-08-08 10:07:00+05:30,52,-0.005036191090550837,228.95000000000437,0.0,510.25,62.86000000000058,44.12666666666725,0.0007086680406884513,45.69642857142909,-204.7415094339667,295.1000000000058,11.5,0.8783712321523041,0.0,0.12162876784769588,0,1,-0.0016518920216918032,94.55000000000291,83.05000000000291,0.0,2024-08-08T10:08:00+05:30,49899.4,30,69.80000000000291,232.79999999999563,-186.59999999999854,-188.09999999999854,False,False,-2.673352435529954
BANKNIFTY:2024-08-08,2024-08-08,BANKNIFTY,opening_range_low_break,2024-08-08T10:09:00+05:30,2024-08-08T10:09:00+05:30,DOWN,{},"{'source_path': '/Users/madhuram/tradebot-structural-edge-discovery-v3/runtime/upstox_candidate_replay.zip!upstox_candidate_replay/20240808/underlying/BANKNIFTY_20240808.parquet', 'source_hash': '4357f109ed631802b3774c34db9c318f71742f8e99de307408af71bf00810707'}",{'completed_bar_only': True},"{'buy_ce_allowed': False, 'buy_pe_allowed': True, 'research_only': True}",8a98525d5613be967fcb4b0b95872cf1115d30c6e8ee7705aa1a90dfd83d12ad,49877.0,2024-08-08 10:08:00+05:30,53,-0.006511509374044864,228.95000000000437,0.0,510.25,65.72000000000116,45.75333333333401,0.0007081674457759237,47.96071428571512,-214.15092592592555,308.5500000000029,15.900000000001455,0.4812030075187982,0.17722878625133157,0.3415682062298703,0,1,-0.00026959067316489893,46.55000000000291,22.400000000001455,0.0,2024-08-08T10:09:00+05:30,49874.45,30,44.849999999998545,257.75,-202.20000000000437,-203.70000000000437,False,False,-4.508361204013622
BANKNIFTY:2024-08-08,2024-08-08,BANKNIFTY,opening_range_low_break,2024-08-08T10:10:00+05:30,2024-08-08T10:10:00+05:30,DOWN,{},"{'source_path': '/Users/madhuram/tradebot-structural-edge-discovery-v3/runtime/upstox_candidate_replay.zip!upstox_candidate_replay/20240808/underlying/BANKNIFTY_20240808.parquet', 'source_hash': '4357f109ed631802b3774c34db9c318f71742f8e99de307408af71bf00810707'}",{'completed_bar_only': True},"{'buy_ce_allowed': False, 'buy_pe_allowed': True, 'research_only': True}",25092a7c7d64e7f944c0342ed93016f9025a8e7653eec4a4d28a24d0c176a70a,49845.5,2024-08-08 10:09:00+05:30,54,-0.0070082595923064445,228.95000000000437,0.0,510.25,61.640000000000875,48.67000000000068,0.0007033715276100776,50.98571428571501,-241.18454545454733,340.0500000000029,15.900000000001455,0.4940273037542288,0.2346416382252618,0.2713310580205094,0,1,-0.0006315536219099194,58.599999999998545,28.94999999999709,0.0,2024-08-08T10:10:00+05:30,49849.95,30,6.69999999999709,282.25,-213.25,-214.75,False,False,-31.82835820896905
BANKNIFTY:2024-08-08,2024-08-08,BANKNIFTY,opening_range_low_break,2024-08-08T10:11:00+05:30,2024-08-08T10:11:00+05:30,DOWN,{},"{'source_path': '/Users/madhuram/tradebot-structural-edge-discovery-v3/runtime/upstox_candidate_replay.zip!upstox_candidate_replay/20240808/underlying/BANKNIFTY_20240808.parquet', 'source_hash': '4357f109ed631802b3774c34db9c318f71742f8e99de307408af71bf00810707'}",{'completed_bar_only': True},"{'buy_ce_allowed': False, 'buy_pe_allowed': True, 'research_only': True}",592a11cabee76f9065fd51bb771ebf1683f5f479c31884aabb5ffbd3c69a4dbb,49898.6,2024-08-08 10:10:00+05:30,55,-0.007496050387793683,228.95000000000437,0.0,510.25,67.87000000000117,52.026666666667246,0.0007919649943268116,53.94642857142909,-184.7258928571464,286.95000000000437,69.0,0.7304804804805183,0.1689189189189226,0.1006006006005591,0,1,0.001065291751512154,66.59999999999854,48.650000000001455,0.0,2024-08-08T10:11:00+05:30,49900.8,30,38.650000000001455,231.39999999999418,-169.34999999999854,-170.84999999999854,False,False,-4.381630012936408
BANKNIFTY:2024-08-08,2024-08-08,BANKNIFTY,opening_range_low_break,2024-08-08T10:12:00+05:30,2024-08-08T10:12:00+05:30,DOWN,{},"{'source_path': '/Users/madhuram/tradebot-structural-edge-discovery-v3/runtime/upstox_candidate_replay.zip!upstox_candidate_replay/20240808/underlying/BANKNIFTY_20240808.parquet', 'source_hash': '4357f109ed631802b3774c34db9c318f71742f8e99de307408af71bf00810707'}",{'completed_bar_only': True},"{'buy_ce_allowed': False, 'buy_pe_allowed': True, 'research_only': True}",4f5dd124016d8dc5bfad36c04b4a3bc24a291ad5d6a75ab824f1bcc03daca629,49886.45,2024-08-08 10:11:00+05:30,56,-0.006483635614302707,228.95000000000437,0.0,510.25,62.35000000000146,53.38000000000078,0.0007718451881355275,53.30000000000083,-193.42192982456618,299.1000000000058,56.849999999998545,0.31573157315741346,0.22002200220019888,0.46424642464238763,0,1,-0.0002434938054374225,45.450000000004366,14.35000000000582,0.0,2024-08-08T10:12:00+05:30,49879.9,30,17.75,252.29999999999563,-187.34999999999854,-188.84999999999854,False,False,-10.554929577464707
BANKNIFTY:2024-08-08,2024-08-08,BANKNIFTY,opening_range_low_break,2024-08-08T10:13:00+05:30,2024-08-08T10:13:00+05:30,DOWN,{},"{'source_path': '/Users/madhuram/tradebot-structural-edge-discovery-v3/runtime/upstox_candidate_replay.zip!upstox_candidate_replay/20240808/underlying/BANKNIFTY_20240808.parquet', 'source_hash': '4357f109ed631802b3774c34db9c318f71742f8e99de307408af71bf00810707'}",{'completed_bar_only': True},"{'buy_ce_allowed': False, 'buy_pe_allowed': True, 'research_only': True}",229d855d31c4dceaf3e8aa883f05b207adb93af40346cf82d45c930e85ca2af1,49897.2,2024-08-08 10:12:00+05:30,57,-0.006899751027595931,228.95000000000437,0.0,510.25,48.9,51.56666666666715,0.0007772497886826492,53.63214285714327,-179.52241379310726,288.3500000000058,67.59999999999854,0.6336996336995752,0.2710622710623677,0.09523809523805717,1,1,0.00021548937637372312,27.299999999995634,17.299999999995634,0.0,2024-08-08T10:13:00+05:30,49901.9,30,39.75,230.29999999999563,-187.75,-189.25,False,False,-4.723270440251572
BANKNIFTY:2024-08-08,2024-08-08,BANKNIFTY,opening_range_low_break,2024-08-08T10:14:00+05:30,2024-08-08T10:14:00+05:30,DOWN,{},"{'source_path': '/Users/madhuram/tradebot-structural-edge-discovery-v3/runtime/upstox_candidate_replay.zip!upstox_candidate_replay/20240808/underlying/BANKNIFTY_20240808.parquet', 'source_hash': '4357f109ed631802b3774c34db9c318f71742f8e99de307408af71bf00810707'}",{'completed_bar_only': True},"{'buy_ce_allowed': False, 'buy_pe_allowed': True, 'research_only': True}",1c19941b8afbdcf47749ef57002ae0e06cc8243bed13e80bff51f75acb563804,49895.8,2024-08-08 10:13:00+05:30,58,-0.006461734803076778,228.95000000000437,0.0,510.25,48.71999999999971,53.100000000000485,0.0007788134911350113,51.90357142857205,-177.8559322033907,289.75,66.20000000000437,0.13362541073380832,0.12924424972620518,0.7371303395399865,2,1,-2.8057686603522036e-05,45.650000000001455,6.099999999998545,0.0,2024-08-08T10:14:00+05:30,49899.0,30,15.05000000000291,233.1999999999971,-168.9499999999971,-170.4499999999971,False,False,-11.225913621260094
BANKNIFTY:2024-08-08,2024-08-08,BANKNIFTY,opening_range_low_break,2024-08-08T10:15:00+05:30,2024-08-08T10:15:00+05:30,DOWN,{},"{'source_path': '/Users/madhuram/tradebot-structural-edge-discovery-v3/runtime/upstox_candidate_replay.zip!upstox_candidate_replay/20240808/underlying/BANKNIFTY_20240808.parquet', 'source_hash': '4357f109ed631802b3774c34db9c318f71742f8e99de307408af71bf00810707'}",{'completed_bar_only': True},"{'buy_ce_allowed': False, 'buy_pe_allowed': True, 'research_only': True}",b0f5aa14d04029f2a39fdfe61df3d259fe17aa8ba4a5d59e888645c18f496e7d,49928.3,2024-08-08 10:14:00+05:30,59,-0.006519473305399787,228.95000000000437,0.0,510.25,49.95,52.76000000000058,0.0007491615822152834,54.35357142857174,-142.93333333332703,257.25,98.70000000000437,0.45250965250969744,0.31505791505782516,0.23243243243247738,3,1,0.0006513574288817825,64.75,29.30000000000291,0.0,2024-08-08T10:15:00+05:30,49928.0,30,26.44999999999709,204.1999999999971,-158.59999999999854,-160.09999999999854,False,False,-5.99621928166412
BANKNIFTY:2024-08-12,2024-08-12,BANKNIFTY,opening_range_low_break,2024-08-12T09:57:00+05:30,2024-08-12T09:57:00+05:30,DOWN,{},"{'source_path': '/Users/madhuram/tradebot-structural-edge-discovery-v3/runtime/upstox_candidate_replay.zip!upstox_candidate_replay/20240812/underlying/BANKNIFTY_20240812.parquet', 'source_hash': '4357f109ed631802b3774c34db9c318f71742f8e99de307408af71bf00810707'}",{'completed_bar_only': True},"{'buy_ce_allowed': False, 'buy_pe_allowed': True, 'research_only': True}",b8b4a0668d362b3f98a504e7b622f6b19ec9973f5ff337cb41fda4ec2e60f6f9,50189.6,2024-08-12 09:56:00+05:30,41,-0.005204846102951955,258.95000000000437,0.0,321.3000000000029,33.11000000000058,29.436666666666376,0.00034991224431660955,30.31071428571418,-87.5666666666657,270.5500000000029,17.049999999995634,0.5707364341086278,0.09883720930230017,0.330426356589072,0,0,-0.0006252364548695599,51.599999999998545,29.450000000004366,0.0,2024-08-12T09:57:00+05:30,50188.9,30,39.650000000001455,308.9499999999971,-242.65000000000146,-244.15000000000146,False,False,-6.119798234552145
BANKNIFTY:2024-08-12,2024-08-12,BANKNIFTY,opening_range_low_break,2024-08-12T09:58:00+05:30,2024-08-12T09:58:00+05:30,DOWN,{},"{'source_path': '/Users/madhuram/tradebot-structural-edge-discovery-v3/runtime/upstox_candidate_replay.zip!upstox_candidate_replay/20240812/underlying/BANKNIFTY_20240812.parquet', 'source_hash': '4357f109ed631802b3774c34db9c318f71742f8e99de307408af71bf00810707'}",{'completed_bar_only': True},"{'buy_ce_allowed': False, 'buy_pe_allowed': True, 'research_only': True}",3a18d4fdedace8b12511d581250d8d0b18b797fc079e9449e48329596d175eaa,50163.85,2024-08-12 09:57:00+05:30,42,-0.005802091050636099,258.95000000000437,0.0,321.3000000000029,35.27000000000116,30.710000000000097,0.0003542077452861201,30.07500000000021,-110.68139534883812,296.3000000000029,6.25,0.6900826446281241,0.13774104683194488,0.1721763085399311,0,0,-0.000513054497346066,36.30000000000291,25.05000000000291,0.0,2024-08-12T09:58:00+05:30,50167.8,30,18.55000000000291,330.04999999999563,-254.25,-255.75,False,False,-13.706199460914291
BANKNIFTY:2024-08-12,2024-08-12,BANKNIFTY,opening_range_low_break,2024-08-12T09:59:00+05:30,2024-08-12T09:59:00+05:30,DOWN,{},"{'source_path': '/Users/madhuram/tradebot-structural-edge-discovery-v3/runtime/upstox_candidate_replay.zip!upstox_candidate_replay/20240812/underlying/BANKNIFTY_20240812.parquet', 'source_hash': '4357f109ed631802b3774c34db9c318f71742f8e99de307408af71bf00810707'}",{'completed_bar_only': True},"{'buy_ce_allowed': False, 'buy_pe_allowed': True, 'research_only': True}",c1663c70490158d446052701040795a4b0a1ce51c08c554ba21eca0d16a07534,50157.5,2024-08-12 09:58:00+05:30,43,-0.006220063468418321,258.95000000000437,0.0,321.3000000000029,30.660000000000583,29.560000000000098,0.0003437988721408839,30.235714285714494,-114.37159090908972,302.65000000000146,4.5,0.4608501118569835,0.3378076062638088,0.20134228187920775,0,0,-0.00012658518036390287,22.349999999998545,10.30000000000291,0.0,2024-08-12T09:59:00+05:30,50157.85,30,8.599999999998545,340.0,-257.09999999999854,-258.59999999999854,False,False,-29.895348837214193
BANKNIFTY:2024-08-12,2024-08-12,BANKNIFTY,opening_range_low_break,2024-08-12T10:00:00+05:30,2024-08-12T10:00:00+05:30,DOWN,{},"{'source_path': '/Users/madhuram/tradebot-structural-edge-discovery-v3/runtime/upstox_candidate_replay.zip!upstox_candidate_replay/20240812/underlying/BANKNIFTY_20240812.parquet', 'source_hash': '4357f109ed631802b3774c34db9c318f71742f8e99de307408af71bf00810707'}",{'completed_bar_only': True},"{'buy_ce_allowed': False, 'buy_pe_allowed': True, 'research_only': True}",84cf912caa1e39b355da4d29ce2fb5bdbec8c66f0f8f19c3344a5d2fad9625af,50173.55,2024-08-12 09:59:00+05:30,44,-0.006417164205713828,258.95000000000437,0.0,321.3000000000029,31.55,29.716666666666665,0.00036428708304404335,29.17499999999979,-96.13666666665813,286.59999999999854,20.55000000000291,0.6993318485526236,0.26503340757228777,0.03563474387508856,0,0,0.00031999202512089653,22.44999999999709,15.700000000004366,0.0,2024-08-12T10:00:00+05:30,50172.6,30,23.349999999998545,325.25,-250.25,-251.75,False,False,-10.717344753747991
BANKNIFTY:2024-08-12,2024-08-12,BANKNIFTY,opening_range_low_break,2024-08-12T10:01:00+05:30,2024-08-12T10:01:00+05:30,DOWN,{},"{'source_path': '/Users/madhuram/tradebot-structural-edge-discovery-v3/runtime/upstox_candidate_replay.zip!upstox_candidate_replay/20240812/underlying/BANKNIFTY_20240812.parquet', 'source_hash': '4357f109ed631802b3774c34db9c318f71742f8e99de307408af71bf00810707'}",{'completed_bar_only': True},"{'buy_ce_allowed': False, 'buy_pe_allowed': True, 'research_only': True}",51243762545e692d3abb4139fe13dee640400ff8427daac067290860008bf0cc,50169.75,2024-08-12 10:00:00+05:30,45,-0.006124979695652777,258.95000000000437,0.0,321.3000000000029,33.9,29.683333333333334,0.00035637946066160997,30.017857142857142,-97.76413043477805,290.40000000000146,20.5,0.07744565217386737,0.36548913043487236,0.5570652173912602,0,0,-7.573711646879921e-05,36.80000000000291,2.849999999998545,0.0,2024-08-12T10:01:00+05:30,50167.5,30,12.349999999998545,330.34999999999854,-281.59999999999854,-283.09999999999854,False,False,-22.80161943320095
BANKNIFTY:2024-08-12,2024-08-12,BANKNIFTY,opening_range_low_break,2024-08-12T10:02:00+05:30,2024-08-12T10:02:00+05:30,DOWN,{},"{'source_path': '/Users/madhuram/tradebot-structural-edge-discovery-v3/runtime/upstox_candidate_replay.zip!upstox_candidate_replay/20240812/underlying/BANKNIFTY_20240812.parquet', 'source_hash': '4357f109ed631802b3774c34db9c318f71742f8e99de307408af71bf00810707'}",{'completed_bar_only': True},"{'buy_ce_allowed': False, 'buy_pe_allowed': True, 'research_only': True}",a379dd9db89439126cfddfe5bf59f42ebabafa19f5053242bc6885e535492c89,50181.95,2024-08-12 10:01:00+05:30,46,-0.00622600620421623,258.95000000000437,0.0,321.3000000000029,29.85,30.10666666666657,0.0003583423947844898,30.51071428571439,-83.74361702128226,278.20000000000437,32.69999999999709,0.46092503987233685,0.14513556618829734,0.39393939393936583,1,0,0.00024317442283439128,31.349999999998545,14.44999999999709,0.0,2024-08-12T10:02:00+05:30,50186.55,30,19.400000000001455,311.29999999999563,-269.79999999999563,-271.29999999999563,False,False,-13.907216494844093
BANKNIFTY:2024-08-12,2024-08-12,BANKNIFTY,opening_range_low_break,2024-08-12T10:03:00+05:30,2024-08-12T10:03:00+05:30,DOWN,{},"{'source_path': '/Users/madhuram/tradebot-structural-edge-discovery-v3/runtime/upstox_candidate_replay.zip!upstox_candidate_replay/20240812/underlying/BANKNIFTY_20240812.parquet', 'source_hash': '4357f109ed631802b3774c34db9c318f71742f8e99de307408af71bf00810707'}",{'completed_bar_only': True},"{'buy_ce_allowed': False, 'buy_pe_allowed': True, 'research_only': True}",a192c17b0b99d4758192402828225f84d67d9ac9738418c85e71795a6694cdba,50188.35,2024-08-12 10:02:00+05:30,47,-0.005848642481052577,258.95000000000437,0.0,321.3000000000029,26.179999999998834,29.673333333333236,0.00035624538977245806,30.378571428571117,-75.73229166667443,271.8000000000029,39.099999999998545,0.10027855153180648,0.42339832869079536,0.47632311977739816,2,0,0.0001275358968713114,17.94999999999709,1.7999999999956344,0.0,2024-08-12T10:03:00+05:30,50187.55,30,20.400000000001455,310.29999999999563,-264.5,-266.0,False,False,-12.96568627450888
BANKNIFTY:2024-08-12,2024-08-12,BANKNIFTY,opening_range_low_break,2024-08-12T10:06:00+05:30,2024-08-12T10:06:00+05:30,DOWN,{},"{'source_path': '/Users/madhuram/tradebot-structural-edge-discovery-v3/runtime/upstox_candidate_replay.zip!upstox_candidate_replay/20240812/underlying/BANKNIFTY_20240812.parquet', 'source_hash': '4357f109ed631802b3774c34db9c318f71742f8e99de307408af71bf00810707'}",{'completed_bar_only': True},"{'buy_ce_allowed': False, 'buy_pe_allowed': True, 'research_only': True}",27c7556996b01e21b6bf7307ff0a68c7a3fe116ea00c51314a20cffc9b5a0a93,50179.05,2024-08-12 10:05:00+05:30,50,-0.0052296075021096705,258.95000000000437,0.0,321.3000000000029,28.13999999999796,30.013333333332653,0.000394239934513064,30.296428571428155,-81.44999999999709,281.09999999999854,29.80000000000291,0.9556103575833335,0.04438964241666654,0.0,5,0,-0.0007348262852737708,40.549999999995634,38.75,0.0,2024-08-12T10:06:00+05:30,50179.5,30,12.349999999998545,365.90000000000146,-354.40000000000146,-355.90000000000146,False,False,-28.696356275307142
BANKNIFTY:2024-08-13,2024-08-13,BANKNIFTY,opening_range_low_break,2024-08-13T09:31:00+05:30,2024-08-13T09:31:00+05:30,DOWN,{},"{'source_path': '/Users/madhuram/tradebot-structural-edge-discovery-v3/runtime/upstox_candidate_replay.zip!upstox_candidate_replay/20240813/underlying/BANKNIFTY_20240813.parquet', 'source_hash': '4357f109ed631802b3774c34db9c318f71742f8e99de307408af71bf00810707'}",{'completed_bar_only': True},"{'buy_ce_allowed': False, 'buy_pe_allowed': True, 'research_only': True}",739746c064cbeedb3898f52f580f4528cf0f5160e351243458208dccfa25a1d2,50375.2,2024-08-13 09:30:00+05:30,15,-0.003178224761287146,172.25,0.0,681.4499999999971,42.050000000001454,42.3600000000001,0.0005156731762589821,42.35357142857174,-97.09062500000437,184.0500000000029,11.75,0.6887631366208862,0.12126111560225213,0.18997574777686166,11,2,-0.0008340399367280371,61.85000000000582,42.60000000000582,0.0,2024-08-13T09:31:00+05:30,50369.6,30,61.0,128.0500000000029,-7.200000000004366,-8.700000000004366,False,False,-0.11803278688531747
BANKNIFTY:2024-08-13,2024-08-13,BANKNIFTY,opening_range_low_break,2024-08-13T09:32:00+05:30,2024-08-13T09:32:00+05:30,DOWN,{},"{'source_path': '/Users/madhuram/tradebot-structural-edge-discovery-v3/runtime/upstox_candidate_replay.zip!upstox_candidate_replay/20240813/underlying/BANKNIFTY_20240813.parquet', 'source_hash': '4357f109ed631802b3774c34db9c318f71742f8e99de307408af71bf00810707'}",{'completed_bar_only': True},"{'buy_ce_allowed': False, 'buy_pe_allowed': True, 'research_only': True}",ca1a33e97ee25954d5b161a6f911e2325bc0b34e1db08dd1081810d82c097273,50364.95,2024-08-13 09:31:00+05:30,16,-0.0041311979089951045,172.25,0.0,681.4499999999971,39.150000000001455,41.72333333333372,0.0005153905563461841,42.78214285714317,-101.0264705882364,194.3000000000029,16.75,0.14133738601827506,0.3495440729483128,0.5091185410334121,12,2,-0.00020347313757562713,32.900000000001455,4.650000000001455,0.0,2024-08-13T09:32:00+05:30,50365.65,30,57.05000000000291,132.0,-9.150000000001455,-10.650000000001455,False,False,-0.16038562664331268
BANKNIFTY:2024-08-13,2024-08-13,BANKNIFTY,opening_range_low_break,2024-08-13T09:33:00+05:30,2024-08-13T09:33:00+05:30,DOWN,{},"{'source_path': '/Users/madhuram/tradebot-structural-edge-discovery-v3/runtime/upstox_candidate_replay.zip!upstox_candidate_replay/20240813/underlying/BANKNIFTY_20240813.parquet', 'source_hash': '4357f109ed631802b3774c34db9c318f71742f8e99de307408af71bf00810707'}",{'completed_bar_only': True},"{'buy_ce_allowed': False, 'buy_pe_allowed': True, 'research_only': True}",fac822e4f651161e87ac3c974972a1f91aefd2d67334de08dd1862eac1be2903,50380.8,2024-08-13 09:32:00+05:30,17,-0.0042092942561619785,172.25,0.0,681.4499999999971,38.68000000000175,42.47666666666725,0.0005314799792169988,40.814285714286335,-80.44444444444525,178.4499999999971,33.200000000004366,0.3965968586387362,0.13089005235600598,0.4725130890052578,13,2,0.00031470298292779475,38.200000000004366,15.150000000001455,0.0,2024-08-13T09:33:00+05:30,50385.8,30,77.20000000000437,111.84999999999854,-4.349999999998545,-5.849999999998545,False,False,-0.05634715025904532
BANKNIFTY:2024-08-13,2024-08-13,BANKNIFTY,opening_range_low_break,2024-08-13T09:34:00+05:30,2024-08-13T09:34:00+05:30,DOWN,{},"{'source_path': '/Users/madhuram/tradebot-structural-edge-discovery-v3/runtime/upstox_candidate_replay.zip!upstox_candidate_replay/20240813/underlying/BANKNIFTY_20240813.parquet', 'source_hash': '4357f109ed631802b3774c34db9c318f71742f8e99de307408af71bf00810707'}",{'completed_bar_only': True},"{'buy_ce_allowed': False, 'buy_pe_allowed': True, 'research_only': True}",5e438d9c82cdd3121fd0303f7d23128993bc38d0d8f5e9db2a43cef567d82873,50372.65,2024-08-13 09:33:00+05:30,18,-0.003810904029474945,172.25,0.0,681.4499999999971,38.12000000000262,39.67000000000068,0.00046567540726129926,39.32857142857184,-83.93157894736942,186.59999999999854,25.05000000000291,0.5560253699788856,0.4439746300211143,0.0,14,2,-0.00016176797510170093,23.650000000001455,13.150000000001455,0.0,2024-08-13T09:34:00+05:30,50377.3,30,68.70000000000437,120.34999999999854,-10.44999999999709,-11.94999999999709,False,False,-0.1521106259097005
BANKNIFTY:2024-08-13,2024-08-13,BANKNIFTY,opening_range_low_break,2024-08-13T09:35:00+05:30,2024-08-13T09:35:00+05:30,DOWN,{},"{'source_path': '/Users/madhuram/tradebot-structural-edge-discovery-v3/runtime/upstox_candidate_replay.zip!upstox_candidate_replay/20240813/underlying/BANKNIFTY_20240813.parquet', 'source_hash': '4357f109ed631802b3774c34db9c318f71742f8e99de307408af71bf00810707'}",{'completed_bar_only': True},"{'buy_ce_allowed': False, 'buy_pe_allowed': True, 'research_only': True}",62e8a9a2c8280fca6ef1ec1477f9a353e0bb9b0df7c4ebd96f1494847d55bfd3,50341.55,2024-08-13 09:34:00+05:30,19,-0.003978959460087329,172.25,0.0,681.4499999999971,39.89000000000233,39.563333333333624,0.000467524398709229,38.992857142857765,-109.27999999999884,217.6999999999971,5.700000000004366,0.8343057176196316,0.032672112018535045,0.13302217036183336,0,2,-0.0006173985287650785,42.849999999998545,35.75,0.0,2024-08-13T09:35:00+05:30,50344.35,30,35.75,153.3000000000029,-75.34999999999854,-76.84999999999854,False,False,-2.107692307692267
BANKNIFTY:2024-08-13,2024-08-13,BANKNIFTY,opening_range_low_break,2024-08-13T09:36:00+05:30,2024-08-13T09:36:00+05:30,DOWN,{},"{'source_path': '/Users/madhuram/tradebot-structural-edge-discovery-v3/runtime/upstox_candidate_replay.zip!upstox_candidate_replay/20240813/underlying/BANKNIFTY_20240813.parquet', 'source_hash': '4357f109ed631802b3774c34db9c318f71742f8e99de307408af71bf00810707'}",{'completed_bar_only': True},"{'buy_ce_allowed': False, 'buy_pe_allowed': True, 'research_only': True}",bc7bf79e35b0635c5476ea40d3c045133a6716c4d88f7fff11f7d90546b6bc5f,50347.85,2024-08-13 09:35:00+05:30,20,-0.0046304213940495395,172.25,0.0,681.4499999999971,32.640000000000875,38.100000000000485,0.0004434327251038589,37.867857142857765,-98.07619047618937,211.40000000000146,17.5,0.13671875000000777,0.31640624999996114,0.5468750000000311,1,2,0.0001251451335924081,25.599999999998545,3.5,0.0,2024-08-13T09:36:00+05:30,50349.9,30,41.30000000000291,147.75,-28.150000000001455,-29.650000000001455,False,False,-0.6815980629539824
BANKNIFTY:2024-08-13,2024-08-13,BANKNIFTY,opening_range_low_break,2024-08-13T09:37:00+05:30,2024-08-13T09:37:00+05:30,DOWN,{},"{'source_path': '/Users/madhuram/tradebot-structural-edge-discovery-v3/runtime/upstox_candidate_replay.zip!upstox_candidate_replay/20240813/underlying/BANKNIFTY_20240813.parquet', 'source_hash': '4357f109ed631802b3774c34db9c318f71742f8e99de307408af71bf00810707'}",{'completed_bar_only': True},"{'buy_ce_allowed': False, 'buy_pe_allowed': True, 'research_only': True}",d9622bfd9278864c2edbeb8f8d5c863c1e09302f4b243dc06b14f76113c6a013,50357.45,2024-08-13 09:36:00+05:30,21,-0.004520691083473161,172.25,0.0,681.4499999999971,35.130000000000294,38.36666666666715,0.00044925637908824456,38.514285714286544,-84.45454545454413,201.8000000000029,27.099999999998545,0.16648291069450666,0.7651598676958209,0.06835722160967242,2,2,0.00019067348456780486,45.349999999998545,7.549999999995634,0.0,2024-08-13T09:37:00+05:30,50359.2,30,50.599999999998545,138.45000000000437,29.049999999995634,27.549999999995634,False,False,0.5741106719366891
BANKNIFTY:2024-08-13,2024-08-13,BANKNIFTY,opening_range_low_break,2024-08-13T09:38:00+05:30,2024-08-13T09:38:00+05:30,DOWN,{},"{'source_path': '/Users/madhuram/tradebot-structural-edge-discovery-v3/runtime/upstox_candidate_replay.zip!upstox_candidate_replay/20240813/underlying/BANKNIFTY_20240813.parquet', 'source_hash': '4357f109ed631802b3774c34db9c318f71742f8e99de307408af71bf00810707'}",{'completed_bar_only': True},"{'buy_ce_allowed': False, 'buy_pe_allowed': True, 'research_only': True}",32f08bb8692d73ccdda2ff35d206594cae19dbe80af5176cb599d264af0255f7,50339.25,2024-08-13 09:37:00+05:30,22,-0.004336818671156168,172.25,0.0,681.4499999999971,33.58999999999942,37.98000000000078,0.00043650717828548955,37.25714285714379,-98.19130434781982,220.0,8.900000000001455,0.6540983606556423,0.1885245901639344,0.15737704918042328,3,2,-0.00036141623533358924,30.5,19.94999999999709,0.0,2024-08-13T09:38:00+05:30,50332.75,30,24.150000000001455,164.90000000000146,9.05000000000291,7.55000000000291,False,False,0.3747412008282553
BANKNIFTY:2024-08-14,2024-08-14,BANKNIFTY,opening_range_low_break,2024-08-14T09:31:00+05:30,2024-08-14T09:31:00+05:30,DOWN,{},"{'source_path': '/Users/madhuram/tradebot-structural-edge-discovery-v3/runtime/upstox_candidate_replay.zip!upstox_candidate_replay/20240814/underlying/BANKNIFTY_20240814.parquet', 'source_hash': '4357f109ed631802b3774c34db9c318f71742f8e99de307408af71bf00810707'}",{'completed_bar_only': True},"{'buy_ce_allowed': False, 'buy_pe_allowed': True, 'research_only': True}",ca50102f3c7277f333f9a6189d8cbd8cf373d6f00030b7a39a4e7daed5227567,49657.95,2024-08-14 09:30:00+05:30,15,-0.003227443499679947,275.75,0.0,774.1500000000015,39.15,40.773333333333724,0.0005284695715812136,40.35357142857174,-91.328125,301.3000000000029,3.2999999999956344,0.7061803444783555,0.2269503546098768,0.06686930091176761,11,0,-0.0008691951795885,49.349999999998545,34.85000000000582,0.0,2024-08-14T09:31:00+05:30,49661.7,30,0.5499999999956344,223.20000000000437,-82.95000000000437,-84.45000000000437,False,False,-150.81818181938687
BANKNIFTY:2024-08-16,2024-08-16,BANKNIFTY,opening_range_low_break,2024-08-16T09:43:00+05:30,2024-08-16T09:43:00+05:30,DOWN,{},"{'source_path': '/Users/madhuram/tradebot-structural-edge-discovery-v3/runtime/upstox_candidate_replay.zip!upstox_candidate_replay/20240816/underlying/BANKNIFTY_20240816.parquet', 'source_hash': '4357f109ed631802b3774c34db9c318f71742f8e99de307408af71bf00810707'}",{'completed_bar_only': True},"{'buy_ce_allowed': False, 'buy_pe_allowed': True, 'research_only': True}",5cb1d39ec169948f4f25930b6afd9846569ea1cd054f90a036ac9a1afb010579,50016.35,2024-08-16 09:42:00+05:30,27,0.006423580399787635,235.95000000000437,0.0,304.59999999999854,38.93000000000029,39.95999999999961,0.00046842251738555765,40.360714285713975,-161.69107142856956,273.95000000000437,18.650000000001455,0.7183200579289856,0.011585807385993869,0.2700941346850205,1,2,-0.0009437994870524768,69.05000000000291,49.599999999998545,0.0,2024-08-16T09:43:00+05:30,50011.5,30,137.59999999999854,9.5,42.30000000000291,40.80000000000291,True,True,0.30741279069769883
BANKNIFTY:2024-08-16,2024-08-16,BANKNIFTY,opening_range_low_break,2024-08-16T09:44:00+05:30,2024-08-16T09:44:00+05:30,DOWN,{},"{'source_path': '/Users/madhuram/tradebot-structural-edge-discovery-v3/runtime/upstox_candidate_replay.zip!upstox_candidate_replay/20240816/underlying/BANKNIFTY_20240816.parquet', 'source_hash': '4357f109ed631802b3774c34db9c318f71742f8e99de307408af71bf00810707'}",{'completed_bar_only': True},"{'buy_ce_allowed': False, 'buy_pe_allowed': True, 'research_only': True}",f926214c9e3ec96f1acc49f1df20a70fbc8d2001858b5eb4d2623838a935576a,49996.45,2024-08-16 09:43:00+05:30,28,0.005329028834247273,235.95000000000437,0.0,304.59999999999854,42.37000000000116,40.589999999999904,0.0004660742232663489,40.55357142857143,-175.32931034483045,293.8500000000058,25.849999999998545,0.34360730593611666,0.06621004566212928,0.590182648401754,0,2,-0.0003978698965438898,43.80000000000291,15.05000000000291,0.0,2024-08-16T09:44:00+05:30,49999.8,30,125.90000000000146,21.19999999999709,18.0,16.5,True,True,0.1429706115965035
BANKNIFTY:2024-08-16,2024-08-16,BANKNIFTY,opening_range_low_break,2024-08-16T09:45:00+05:30,2024-08-16T09:45:00+05:30,DOWN,{},"{'source_path': '/Users/madhuram/tradebot-structural-edge-discovery-v3/runtime/upstox_candidate_replay.zip!upstox_candidate_replay/20240816/underlying/BANKNIFTY_20240816.parquet', 'source_hash': '4357f109ed631802b3774c34db9c318f71742f8e99de307408af71bf00810707'}",{'completed_bar_only': True},"{'buy_ce_allowed': False, 'buy_pe_allowed': True, 'research_only': True}",b985ef6632949d23ca8823c39ca7333556ca62e83b18bf33b2061624574e4a44,50005.3,2024-08-16 09:44:00+05:30,29,0.005093835935866745,235.95000000000437,0.0,304.59999999999854,41.91000000000058,39.7899999999999,0.0004403617197949726,40.310714285714184,-160.92999999999302,285.0,34.700000000004366,0.1890034364261263,0.5395189003435695,0.27147766323030414,0,2,0.00017701256789237618,29.099999999998545,5.5,0.0,2024-08-16T09:45:00+05:30,50010.5,30,136.59999999999854,9.80000000000291,26.650000000001455,25.150000000001455,True,True,0.1950951683748297
BANKNIFTY:2024-08-16,2024-08-16,BANKNIFTY,opening_range_low_break,2024-08-16T09:46:00+05:30,2024-08-16T09:46:00+05:30,DOWN,{},"{'source_path': '/Users/madhuram/tradebot-structural-edge-discovery-v3/runtime/upstox_candidate_replay.zip!upstox_candidate_replay/20240816/underlying/BANKNIFTY_20240816.parquet', 'source_hash': '4357f109ed631802b3774c34db9c318f71742f8e99de307408af71bf00810707'}",{'completed_bar_only': True},"{'buy_ce_allowed': False, 'buy_pe_allowed': True, 'research_only': True}",4f9498ad51883efb00ec32551b532026769fe84599ee8b620dbb4f118cf4a376,49964.7,2024-08-16 09:45:00+05:30,30,0.005308926877120727,235.95000000000437,0.0,304.59999999999854,44.46000000000058,41.29333333333343,0.0004533732127279625,42.17142857142868,-195.0290322580695,325.6000000000058,2.6999999999970896,0.8319709355131787,0.11898274296099118,0.0490463215258301,0,2,-0.0008119139371227657,55.05000000000291,45.80000000000291,0.0,2024-08-16T09:46:00+05:30,49969.75,30,95.84999999999854,50.55000000000291,-1.9000000000014552,-3.400000000001455,True,True,-0.019822639540964884
BANKNIFTY:2024-08-16,2024-08-16,BANKNIFTY,opening_range_low_break,2024-08-16T09:47:00+05:30,2024-08-16T09:47:00+05:30,DOWN,{},"{'source_path': '/Users/madhuram/tradebot-structural-edge-discovery-v3/runtime/upstox_candidate_replay.zip!upstox_candidate_replay/20240816/underlying/BANKNIFTY_20240816.parquet', 'source_hash': '4357f109ed631802b3774c34db9c318f71742f8e99de307408af71bf00810707'}",{'completed_bar_only': True},"{'buy_ce_allowed': False, 'buy_pe_allowed': True, 'research_only': True}",be7df73d7e5f27d745171de981696c7a03abbe0c35722e2bc9aed90bcb287806,49968.45,2024-08-16 09:46:00+05:30,31,0.004489772124213984,235.95000000000437,0.0,304.59999999999854,46.62000000000262,41.76666666666715,0.0004640402223725441,43.317857142857456,-185.30156250000437,321.8500000000058,29.25,0.036011080332484784,0.15373961218842147,0.8102493074790937,0,2,7.505298740917432e-05,36.10000000000582,1.3000000000029104,0.0,2024-08-16T09:47:00+05:30,49965.35,30,91.44999999999709,54.950000000004366,10.799999999995634,9.299999999995634,True,True,0.11809732094036061
BANKNIFTY:2024-08-16,2024-08-16,BANKNIFTY,opening_range_low_break,2024-08-16T09:48:00+05:30,2024-08-16T09:48:00+05:30,DOWN,{},"{'source_path': '/Users/madhuram/tradebot-structural-edge-discovery-v3/runtime/upstox_candidate_replay.zip!upstox_candidate_replay/20240816/underlying/BANKNIFTY_20240816.parquet', 'source_hash': '4357f109ed631802b3774c34db9c318f71742f8e99de307408af71bf00810707'}",{'completed_bar_only': True},"{'buy_ce_allowed': False, 'buy_pe_allowed': True, 'research_only': True}",e7164a215656698ac4e93cfb5df85f9df602ef4172bc8ab5b5b5cab40ff3ca1a,49948.5,2024-08-16 09:47:00+05:30,32,0.004401323512857153,235.95000000000437,0.0,304.59999999999854,37.84000000000233,42.10666666666705,0.0004642401914998503,41.817857142857456,-199.03181818182202,341.8000000000029,9.30000000000291,0.6699801192841977,0.22067594433409898,0.10934393638170342,1,2,-0.0003992519279665263,25.150000000001455,16.849999999998545,0.0,2024-08-16T09:48:00+05:30,49947.65,30,73.75,72.65000000000146,16.5,15.0,True,True,0.22372881355932203
BANKNIFTY:2024-08-16,2024-08-16,BANKNIFTY,opening_range_low_break,2024-08-16T09:49:00+05:30,2024-08-16T09:49:00+05:30,DOWN,{},"{'source_path': '/Users/madhuram/tradebot-structural-edge-discovery-v3/runtime/upstox_candidate_replay.zip!upstox_candidate_replay/20240816/underlying/BANKNIFTY_20240816.parquet', 'source_hash': '4357f109ed631802b3774c34db9c318f71742f8e99de307408af71bf00810707'}",{'completed_bar_only': True},"{'buy_ce_allowed': False, 'buy_pe_allowed': True, 'research_only': True}",c54849b64e6bf5ae83a2cfa9897ed6e2482439cc715b3f85397cdadea2147c46,49958.6,2024-08-16 09:48:00+05:30,33,0.00404551887171735,235.95000000000437,0.0,304.59999999999854,34.740000000002325,40.916666666667155,0.0004334829546111277,41.42500000000083,-183.375,331.70000000000437,24.25,0.3869257950528609,0.14310954063613052,0.4699646643110086,2,2,0.0002022082745227749,28.30000000000291,10.94999999999709,0.0,2024-08-16T09:49:00+05:30,49958.85,30,84.94999999999709,61.450000000004366,13.44999999999709,11.94999999999709,True,True,0.15832842848731665
BANKNIFTY:2024-08-16,2024-08-16,BANKNIFTY,opening_range_low_break,2024-08-16T09:50:00+05:30,2024-08-16T09:50:00+05:30,DOWN,{},"{'source_path': '/Users/madhuram/tradebot-structural-edge-discovery-v3/runtime/upstox_candidate_replay.zip!upstox_candidate_replay/20240816/underlying/BANKNIFTY_20240816.parquet', 'source_hash': '4357f109ed631802b3774c34db9c318f71742f8e99de307408af71bf00810707'}",{'completed_bar_only': True},"{'buy_ce_allowed': False, 'buy_pe_allowed': True, 'research_only': True}",0f7d85afe0cbb00d613113bbae70a4965de8939eeb02e22ac390feca73f61874,49989.25,2024-08-16 09:49:00+05:30,34,0.004270660791534605,235.95000000000437,0.0,304.59999999999854,36.29000000000233,41.12000000000068,0.0004966328381103496,41.78214285714369,-148.3614285714284,301.0500000000029,54.900000000001455,0.824966078697494,0.08412483039345094,0.09090909090905501,3,2,0.000613507984611239,36.849999999998545,30.400000000001455,0.0,2024-08-16T09:50:00+05:30,49990.45,30,116.54999999999563,29.85000000000582,66.19999999999709,64.69999999999709,True,True,0.5679965679965643
BANKNIFTY:2024-08-19,2024-08-19,BANKNIFTY,opening_range_low_break,2024-08-19T09:52:00+05:30,2024-08-19T09:52:00+05:30,DOWN,{},"{'source_path': '/Users/madhuram/tradebot-structural-edge-discovery-v3/runtime/upstox_candidate_replay.zip!upstox_candidate_replay/20240819/underlying/BANKNIFTY_20240819.parquet', 'source_hash': '4357f109ed631802b3774c34db9c318f71742f8e99de307408af71bf00810707'}",{'completed_bar_only': True},"{'buy_ce_allowed': False, 'buy_pe_allowed': True, 'research_only': True}",f314912e723d067f9dd3037fdb8dfa8ac1a099e1a5cce55aa7830afe8d733cda,50554.85,2024-08-19 09:51:00+05:30,36,0.0013046676017774653,171.59999999999854,0.0,797.3499999999985,42.720000000001164,35.86666666666763,0.0004597732275720117,36.47857142857226,-65.53108108108427,173.40000000000146,12.599999999998545,0.5714285714285714,0.1012987012987391,0.32727272727268947,0,1,-0.0004833993353012822,38.5,22.0,0.0,2024-08-19T09:52:00+05:30,50558.4,30,182.15000000000146,0.0,158.75,157.25,True,True,0.8715344496294193
BANKNIFTY:2024-08-19,2024-08-19,BANKNIFTY,opening_range_low_break,2024-08-19T09:53:00+05:30,2024-08-19T09:53:00+05:30,DOWN,{},"{'source_path': '/Users/madhuram/tradebot-structural-edge-discovery-v3/runtime/upstox_candidate_replay.zip!upstox_candidate_replay/20240819/underlying/BANKNIFTY_20240819.parquet', 'source_hash': '4357f109ed631802b3774c34db9c318f71742f8e99de307408af71bf00810707'}",{'completed_bar_only': True},"{'buy_ce_allowed': False, 'buy_pe_allowed': True, 'research_only': True}",ec5b73f2be8136d2c09408ebe419df3087910ee4999131076fa48867427e38d1,50500.0,2024-08-19 09:52:00+05:30,37,0.0009394002686547049,171.59999999999854,0.0,797.3499999999985,47.42000000000117,38.760000000001064,0.0005224647657772964,38.87857142857268,-117.21315789473738,228.25,12.30000000000291,0.8260254596887956,0.0,0.1739745403112044,0,1,-0.0010849601966972378,70.70000000000437,58.400000000001455,0.0,2024-08-19T09:53:00+05:30,50500.05,30,123.80000000000291,15.94999999999709,107.15000000000146,105.65000000000146,True,True,0.8655088852988605
BANKNIFTY:2024-08-19,2024-08-19,BANKNIFTY,opening_range_low_break,2024-08-19T09:54:00+05:30,2024-08-19T09:54:00+05:30,DOWN,{},"{'source_path': '/Users/madhuram/tradebot-structural-edge-discovery-v3/runtime/upstox_candidate_replay.zip!upstox_candidate_replay/20240819/underlying/BANKNIFTY_20240819.parquet', 'source_hash': '4357f109ed631802b3774c34db9c318f71742f8e99de307408af71bf00810707'}",{'completed_bar_only': True},"{'buy_ce_allowed': False, 'buy_pe_allowed': True, 'research_only': True}",39073ba321fffc7ef98e2c88d40f2a49d51630dd9e9439a08d302da11f4c6db3,50485.15,2024-08-19 09:53:00+05:30,38,-0.00021579479301011325,171.59999999999854,0.0,797.3499999999985,41.61000000000204,38.646666666667926,0.0005194752206250014,39.26785714285818,-128.6769230769205,243.09999999999854,8.200000000004366,0.4209039548022837,0.3474576271185065,0.23163841807920985,0,1,-0.0002940594059405166,35.400000000001455,14.900000000001455,0.0,2024-08-19T09:54:00+05:30,50485.7,30,109.44999999999709,30.30000000000291,90.14999999999418,88.64999999999418,True,True,0.8236637734124859
BANKNIFTY:2024-08-19,2024-08-19,BANKNIFTY,opening_range_low_break,2024-08-19T09:55:00+05:30,2024-08-19T09:55:00+05:30,DOWN,{},"{'source_path': '/Users/madhuram/tradebot-structural-edge-discovery-v3/runtime/upstox_candidate_replay.zip!upstox_candidate_replay/20240819/underlying/BANKNIFTY_20240819.parquet', 'source_hash': '4357f109ed631802b3774c34db9c318f71742f8e99de307408af71bf00810707'}",{'completed_bar_only': True},"{'buy_ce_allowed': False, 'buy_pe_allowed': True, 'research_only': True}",7d1c2ec408643226ccfc41dbfc4d4386290aa3cea99b0c325b9515f632041b8e,50460.05,2024-08-19 09:54:00+05:30,39,-0.0004998916076613091,171.59999999999854,0.0,797.3499999999985,41.62000000000116,39.37333333333421,0.0005122470543838487,40.26071428571491,-149.93249999999534,268.1999999999971,6.400000000001455,0.6279069767440659,0.21542227662186594,0.15667074663406813,0,1,-0.0004971759022207589,40.849999999998545,25.64999999999418,0.0,2024-08-19T09:55:00+05:30,50458.4,30,82.15000000000146,57.599999999998545,66.84999999999854,65.34999999999854,True,True,0.8137553256238267
BANKNIFTY:2024-08-19,2024-08-19,BANKNIFTY,opening_range_low_break,2024-08-19T09:56:00+05:30,2024-08-19T09:56:00+05:30,DOWN,{},"{'source_path': '/Users/madhuram/tradebot-structural-edge-discovery-v3/runtime/upstox_candidate_replay.zip!upstox_candidate_replay/20240819/underlying/BANKNIFTY_20240819.parquet', 'source_hash': '4357f109ed631802b3774c34db9c318f71742f8e99de307408af71bf00810707'}",{'completed_bar_only': True},"{'buy_ce_allowed': False, 'buy_pe_allowed': True, 'research_only': True}",630c14a85965d12d32332ac2781bf853c09f51f36890de1b724554c3fe2f7426,50483.55,2024-08-19 09:55:00+05:30,40,-0.0010403684745584005,171.59999999999854,0.0,797.3499999999985,44.220000000001164,39.953333333334015,0.0005204628566867923,39.689285714286335,-123.34878048780229,244.6999999999971,33.450000000004366,0.7054698457223122,0.06171107994381486,0.23281907433387297,0,1,0.00046571495668357166,35.650000000001455,25.150000000001455,0.0,2024-08-19T09:56:00+05:30,50482.2,30,105.94999999999709,33.80000000000291,96.69999999999709,95.19999999999709,True,True,0.9126946672958919
BANKNIFTY:2024-08-19,2024-08-19,BANKNIFTY,opening_range_low_break,2024-08-19T09:57:00+05:30,2024-08-19T09:57:00+05:30,DOWN,{},"{'source_path': '/Users/madhuram/tradebot-structural-edge-discovery-v3/runtime/upstox_candidate_replay.zip!upstox_candidate_replay/20240819/underlying/BANKNIFTY_20240819.parquet', 'source_hash': '4357f109ed631802b3774c34db9c318f71742f8e99de307408af71bf00810707'}",{'completed_bar_only': True},"{'buy_ce_allowed': False, 'buy_pe_allowed': True, 'research_only': True}",32f872017276b2d70f2b4a3640a4e031a745c3b8fbc3c70f3be625ac72fbd0cc,50453.85,2024-08-19 09:56:00+05:30,41,-0.0005691835136737678,171.59999999999854,0.0,797.3499999999985,46.29000000000087,40.30000000000049,0.0004896443564178054,40.95357142857237,-149.40476190477057,274.40000000000146,19.599999999998545,0.5803480040941533,0.01842374616174989,0.4012282497440968,0,1,-0.0005883104496415825,48.849999999998545,28.349999999998545,0.0,2024-08-19T09:57:00+05:30,50451.95,30,90.09999999999854,64.05000000000291,81.44999999999709,79.94999999999709,True,True,0.9039955604883286
BANKNIFTY:2024-08-19,2024-08-19,BANKNIFTY,opening_range_low_break,2024-08-19T09:58:00+05:30,2024-08-19T09:58:00+05:30,DOWN,{},"{'source_path': '/Users/madhuram/tradebot-structural-edge-discovery-v3/runtime/upstox_candidate_replay.zip!upstox_candidate_replay/20240819/underlying/BANKNIFTY_20240819.parquet', 'source_hash': '4357f109ed631802b3774c34db9c318f71742f8e99de307408af71bf00810707'}",{'completed_bar_only': True},"{'buy_ce_allowed': False, 'buy_pe_allowed': True, 'research_only': True}",46fe6b21735dba28ba32e77b9cd1e5fbad81a653dda92e6edfe6c40b341ff4f4,50446.2,2024-08-19 09:57:00+05:30,42,-0.001168063558495732,171.59999999999854,0.0,797.3499999999985,37.79000000000087,40.1033333333345,0.0004901436653248732,40.7928571428586,-153.40232558139542,282.0500000000029,11.94999999999709,0.2039007092198266,0.5620567375887718,0.23404255319140152,1,1,-0.00015162371157007026,28.200000000004366,5.75,0.0,2024-08-19T09:58:00+05:30,50448.85,30,87.0,67.15000000000146,57.049999999995634,55.549999999995634,True,True,0.6557471264367314
BANKNIFTY:2024-08-19,2024-08-19,BANKNIFTY,opening_range_low_break,2024-08-19T09:59:00+05:30,2024-08-19T09:59:00+05:30,DOWN,{},"{'source_path': '/Users/madhuram/tradebot-structural-edge-discovery-v3/runtime/upstox_candidate_replay.zip!upstox_candidate_replay/20240819/underlying/BANKNIFTY_20240819.parquet', 'source_hash': '4357f109ed631802b3774c34db9c318f71742f8e99de307408af71bf00810707'}",{'completed_bar_only': True},"{'buy_ce_allowed': False, 'buy_pe_allowed': True, 'research_only': True}",ec6cbc8dd1579d1032502e084875546687fe66f9a7c2060e7add3df76442770b,50436.7,2024-08-19 09:58:00+05:30,43,-0.0012294363895353096,171.59999999999854,0.0,797.3499999999985,35.35,39.62000000000116,0.0004653250572978864,39.60357142857226,-159.20000000000437,291.5500000000029,4.299999999995634,0.5237068965518525,0.2909482758621055,0.18534482758604198,2,1,-0.00018831943734121115,23.19999999999709,12.150000000001455,0.0,2024-08-19T09:59:00+05:30,50440.3,30,78.45000000000437,75.69999999999709,31.85000000000582,30.35000000000582,True,True,0.4059910771192358
BANKNIFTY:2024-08-21,2024-08-21,BANKNIFTY,opening_range_low_break,2024-08-21T09:32:00+05:30,2024-08-21T09:32:00+05:30,DOWN,{},"{'source_path': '/Users/madhuram/tradebot-structural-edge-discovery-v3/runtime/upstox_candidate_replay.zip!upstox_candidate_replay/20240821/underlying/BANKNIFTY_20240821.parquet', 'source_hash': '4357f109ed631802b3774c34db9c318f71742f8e99de307408af71bf00810707'}",{'completed_bar_only': True},"{'buy_ce_allowed': False, 'buy_pe_allowed': True, 'research_only': True}",0b0c97092b22eaa91ceba63c464e2f4bf7c39cad48303d898b20f0f160ba77ef,50523.45,2024-08-21 09:31:00+05:30,16,-0.0033241914781610587,211.9499999999971,0.0,627.0,31.670000000001163,37.62666666666725,0.00042038513996000627,35.23214285714338,-117.42058823529806,241.0,2.5,0.714663143989399,0.21928665786001675,0.0660501981505843,12,2,-0.0005776156146117817,37.85000000000582,27.05000000000291,0.0,2024-08-21T09:32:00+05:30,50520.55,30,98.90000000000146,45.799999999995634,47.10000000000582,45.60000000000582,True,True,0.47623862487366153
BANKNIFTY:2024-08-21,2024-08-21,BANKNIFTY,opening_range_low_break,2024-08-21T09:33:00+05:30,2024-08-21T09:33:00+05:30,DOWN,{},"{'source_path': '/Users/madhuram/tradebot-structural-edge-discovery-v3/runtime/upstox_candidate_replay.zip!upstox_candidate_replay/20240821/underlying/BANKNIFTY_20240821.parquet', 'source_hash': '4357f109ed631802b3774c34db9c318f71742f8e99de307408af71bf00810707'}",{'completed_bar_only': True},"{'buy_ce_allowed': False, 'buy_pe_allowed': True, 'research_only': True}",dce8fec27fc1162f9fa5007a6529a6928a940c357631abc59b49c1ded520b893,50499.7,2024-08-21 09:32:00+05:30,17,-0.003914698801831966,211.9499999999971,0.0,627.0,33.50000000000146,35.490000000000386,0.0002948360281636028,36.63571428571439,-133.32777777778392,264.75,5.549999999995634,0.5332480818416009,0.32480818414316015,0.1419437340152389,13,2,-0.0004700787456122235,39.099999999998545,20.85000000000582,0.0,2024-08-21T09:33:00+05:30,50495.7,30,74.04999999999563,70.65000000000146,22.849999999998545,21.349999999998545,True,True,0.30857528696826325
BANKNIFTY:2024-08-21,2024-08-21,BANKNIFTY,opening_range_low_break,2024-08-21T09:34:00+05:30,2024-08-21T09:34:00+05:30,DOWN,{},"{'source_path': '/Users/madhuram/tradebot-structural-edge-discovery-v3/runtime/upstox_candidate_replay.zip!upstox_candidate_replay/20240821/underlying/BANKNIFTY_20240821.parquet', 'source_hash': '4357f109ed631802b3774c34db9c318f71742f8e99de307408af71bf00810707'}",{'completed_bar_only': True},"{'buy_ce_allowed': False, 'buy_pe_allowed': True, 'research_only': True}",5e4bc19ed0e1c6121280d99a84ba6bea733cfe0099b1dc3fd42687c4ff3080f1,50478.25,2024-08-21 09:33:00+05:30,18,-0.004404652290754399,211.9499999999971,0.0,627.0,34.10000000000146,36.22000000000019,0.0002563301335592521,35.10000000000063,-146.6315789473665,286.1999999999971,8.80000000000291,0.5740131578946136,0.13651315789477816,0.2894736842106082,14,2,-0.000424754998544441,30.400000000001455,17.44999999999709,0.0,2024-08-21T09:34:00+05:30,50479.6,30,57.94999999999709,86.75,0.09999999999854481,-1.4000000000014552,False,False,0.0017256255392329566
BANKNIFTY:2024-08-21,2024-08-21,BANKNIFTY,opening_range_low_break,2024-08-21T09:35:00+05:30,2024-08-21T09:35:00+05:30,DOWN,{},"{'source_path': '/Users/madhuram/tradebot-structural-edge-discovery-v3/runtime/upstox_candidate_replay.zip!upstox_candidate_replay/20240821/underlying/BANKNIFTY_20240821.parquet', 'source_hash': '4357f109ed631802b3774c34db9c318f71742f8e99de307408af71bf00810707'}",{'completed_bar_only': True},"{'buy_ce_allowed': False, 'buy_pe_allowed': True, 'research_only': True}",d3039abdec1a12b02529ba0321e739648dc8157a931d502af231d102f057f52d,50536.9,2024-08-21 09:34:00+05:30,19,-0.0047220869455491124,211.9499999999971,0.0,627.0,41.43000000000175,37.05666666666754,0.0004589109707126696,37.03928571428644,-83.5824999999968,227.54999999999563,67.45000000000437,0.8890612878200005,0.11093871217999955,0.0,0,2,0.001161886555100411,64.45000000000437,57.30000000000291,0.0,2024-08-21T09:35:00+05:30,50540.05,30,118.40000000000146,26.299999999995634,61.05000000000291,59.55000000000291,True,True,0.5156250000000182
BANKNIFTY:2024-08-21,2024-08-21,BANKNIFTY,opening_range_low_break,2024-08-21T09:36:00+05:30,2024-08-21T09:36:00+05:30,DOWN,{},"{'source_path': '/Users/madhuram/tradebot-structural-edge-discovery-v3/runtime/upstox_candidate_replay.zip!upstox_candidate_replay/20240821/underlying/BANKNIFTY_20240821.parquet', 'source_hash': '4357f109ed631802b3774c34db9c318f71742f8e99de307408af71bf00810707'}",{'completed_bar_only': True},"{'buy_ce_allowed': False, 'buy_pe_allowed': True, 'research_only': True}",761a28d8dbb1475a3e2a2e86870fc87c334d6258a5487fd21a31f8c65f4e8f58,50503.05,2024-08-21 09:35:00+05:30,20,-0.0035302282572047933,211.9499999999971,0.0,627.0,47.22000000000262,38.85666666666754,0.00047221677345863483,40.36071428571501,-111.8404761904676,261.3999999999942,33.60000000000582,0.5754276827371435,0.2130637636080322,0.21150855365482435,0,2,-0.0006698076059274971,64.30000000000291,37.0,0.0,2024-08-21T09:36:00+05:30,50500.95,30,79.29999999999563,65.40000000000146,-14.150000000001455,-15.650000000001455,True,True,-0.17843631778060826
BANKNIFTY:2024-08-21,2024-08-21,BANKNIFTY,opening_range_low_break,2024-08-21T09:37:00+05:30,2024-08-21T09:37:00+05:30,DOWN,{},"{'source_path': '/Users/madhuram/tradebot-structural-edge-discovery-v3/runtime/upstox_candidate_replay.zip!upstox_candidate_replay/20240821/underlying/BANKNIFTY_20240821.parquet', 'source_hash': '4357f109ed631802b3774c34db9c318f71742f8e99de307408af71bf00810707'}",{'completed_bar_only': True},"{'buy_ce_allowed': False, 'buy_pe_allowed': True, 'research_only': True}",edb90a0fceb0afc0bf84b67eee6f6f2b4970113609765a2963710bc4b1ee6fca,50467.15,2024-08-21 09:36:00+05:30,21,-0.004301140990277853,211.9499999999971,0.0,627.0,48.95000000000145,40.77000000000068,0.00048645677615406394,41.514285714286544,-141.02500000000146,297.29999999999563,8.950000000004366,0.7268817204300136,0.08064516129032258,0.19247311827966376,0,2,-0.0007108481566955316,46.5,33.799999999995634,0.0,2024-08-21T09:37:00+05:30,50468.8,30,47.150000000001455,97.54999999999563,-20.39999999999418,-21.89999999999418,False,False,-0.43266171792139024
BANKNIFTY:2024-08-21,2024-08-21,BANKNIFTY,opening_range_low_break,2024-08-21T09:38:00+05:30,2024-08-21T09:38:00+05:30,DOWN,{},"{'source_path': '/Users/madhuram/tradebot-structural-edge-discovery-v3/runtime/upstox_candidate_replay.zip!upstox_candidate_replay/20240821/underlying/BANKNIFTY_20240821.parquet', 'source_hash': '4357f109ed631802b3774c34db9c318f71742f8e99de307408af71bf00810707'}",{'completed_bar_only': True},"{'buy_ce_allowed': False, 'buy_pe_allowed': True, 'research_only': True}",58c87242562a77eff353d4d9ebf7de73fa82f1dc0e5b2e7b83030e0fa65624ff,50487.6,2024-08-21 09:37:00+05:30,22,-0.004935024477957922,211.9499999999971,0.0,627.0,46.13000000000174,40.41333333333411,0.0005095027742186042,39.21071428571512,-115.33260869565129,276.84999999999854,29.400000000001455,0.7519999999998254,0.17800000000017463,0.07,0,2,0.0004052140848056496,25.0,18.799999999995634,0.0,2024-08-21T09:38:00+05:30,50489.9,30,68.25,76.44999999999709,2.599999999998545,1.0999999999985448,False,False,0.038095238095216775
BANKNIFTY:2024-08-21,2024-08-21,BANKNIFTY,opening_range_low_break,2024-08-21T09:39:00+05:30,2024-08-21T09:39:00+05:30,DOWN,{},"{'source_path': '/Users/madhuram/tradebot-structural-edge-discovery-v3/runtime/upstox_candidate_replay.zip!upstox_candidate_replay/20240821/underlying/BANKNIFTY_20240821.parquet', 'source_hash': '4357f109ed631802b3774c34db9c318f71742f8e99de307408af71bf00810707'}",{'completed_bar_only': True},"{'buy_ce_allowed': False, 'buy_pe_allowed': True, 'research_only': True}",414b0da3083a77c51e55bfea2b27c4b6fef998f483a8b2cf4fee5af9d2e01823,50498.25,2024-08-21 09:38:00+05:30,23,-0.0045190076322331645,211.9499999999971,0.0,627.0,45.27000000000116,38.33666666666735,0.00048304592035210977,38.971428571429506,-100.3208333333314,266.1999999999971,40.05000000000291,0.31992337164747164,0.5804597701150307,0.09961685823749769,0,2,0.00021094288498568758,26.099999999998545,8.349999999998545,0.0,2024-08-21T09:39:00+05:30,50494.5,30,72.84999999999854,71.84999999999854,5.25,3.75,True,True,0.07206588881263012
BANKNIFTY:2024-08-27,2024-08-27,BANKNIFTY,opening_range_low_break,2024-08-27T09:32:00+05:30,2024-08-27T09:32:00+05:30,DOWN,{},"{'source_path': '/Users/madhuram/tradebot-structural-edge-discovery-v3/runtime/upstox_candidate_replay.zip!upstox_candidate_replay/20240827/underlying/BANKNIFTY_20240827.parquet', 'source_hash': '4357f109ed631802b3774c34db9c318f71742f8e99de307408af71bf00810707'}",{'completed_bar_only': True},"{'buy_ce_allowed': False, 'buy_pe_allowed': True, 'research_only': True}",70c20f432a31409366c09ad1fd7eb282c547d00079c7b55cb8233d1e3de34a84,50987.6,2024-08-27 09:31:00+05:30,16,-0.0024372915377901777,246.75,0.0,256.29999999999563,40.04999999999855,39.53666666666589,0.0006633029368218792,35.59999999999958,-115.15294117647136,261.90000000000146,5.650000000001455,0.9003527336860491,0.0,0.09964726631395097,0,1,-0.0009659677605811101,56.700000000004366,51.05000000000291,0.0,2024-08-27T09:32:00+05:30,50988.85,30,50.75,266.34999999999854,-264.59999999999854,-266.09999999999854,False,False,-5.213793103448247
BANKNIFTY:2024-08-27,2024-08-27,BANKNIFTY,opening_range_low_break,2024-08-27T09:33:00+05:30,2024-08-27T09:33:00+05:30,DOWN,{},"{'source_path': '/Users/madhuram/tradebot-structural-edge-discovery-v3/runtime/upstox_candidate_replay.zip!upstox_candidate_replay/20240827/underlying/BANKNIFTY_20240827.parquet', 'source_hash': '4357f109ed631802b3774c34db9c318f71742f8e99de307408af71bf00810707'}",{'completed_bar_only': True},"{'buy_ce_allowed': False, 'buy_pe_allowed': True, 'research_only': True}",c7efaa432484d28b09621887b12776729bd8acfbea7e3426aba7e69471a911a1,51001.7,2024-08-27 09:32:00+05:30,17,-0.0034106445336358937,246.75,0.0,256.29999999999563,35.1,35.56666666666667,0.0004521153918028994,35.26071428571439,-95.43888888889342,247.8000000000029,25.0,0.36609686609676395,0.2877492877494059,0.3461538461538302,1,1,0.0002765378248827943,35.10000000000582,12.849999999998545,0.0,2024-08-27T09:33:00+05:30,51002.4,30,64.30000000000291,263.6999999999971,-229.75,-231.25,False,False,-3.5730948678069923
BANKNIFTY:2024-08-27,2024-08-27,BANKNIFTY,opening_range_low_break,2024-08-27T09:35:00+05:30,2024-08-27T09:35:00+05:30,DOWN,{},"{'source_path': '/Users/madhuram/tradebot-structural-edge-discovery-v3/runtime/upstox_candidate_replay.zip!upstox_candidate_replay/20240827/underlying/BANKNIFTY_20240827.parquet', 'source_hash': '4357f109ed631802b3774c34db9c318f71742f8e99de307408af71bf00810707'}",{'completed_bar_only': True},"{'buy_ce_allowed': False, 'buy_pe_allowed': True, 'research_only': True}",22f7695ff073b31efa848aedd6363cc6ae4e85a5dc98ff0ecbd11bdb430d18cf,50997.7,2024-08-27 09:34:00+05:30,19,-0.0025516311969406937,246.75,0.0,256.29999999999563,39.68000000000175,36.00666666666657,0.0004899764350835667,36.61428571428561,-91.10250000000087,251.8000000000029,21.0,0.9448183041723942,0.055181695827605765,0.0,0,1,-0.0006300234078682188,37.150000000001455,35.10000000000582,0.0,2024-08-27T09:35:00+05:30,51003.35,30,65.25,262.75,-188.5,-190.0,False,False,-2.888888888888889
BANKNIFTY:2024-08-27,2024-08-27,BANKNIFTY,opening_range_low_break,2024-08-27T09:36:00+05:30,2024-08-27T09:36:00+05:30,DOWN,{},"{'source_path': '/Users/madhuram/tradebot-structural-edge-discovery-v3/runtime/upstox_candidate_replay.zip!upstox_candidate_replay/20240827/underlying/BANKNIFTY_20240827.parquet', 'source_hash': '4357f109ed631802b3774c34db9c318f71742f8e99de307408af71bf00810707'}",{'completed_bar_only': True},"{'buy_ce_allowed': False, 'buy_pe_allowed': True, 'research_only': True}",85473e9dec67722478dc46353070a4742ce817ec1b591581ad880ce3ff897e8d,50958.05,2024-08-27 09:35:00+05:30,20,-0.0031272385408695875,246.75,0.0,256.29999999999563,44.31000000000349,37.93000000000029,0.0005083069994077141,36.97142857142899,-124.52619047619373,291.4499999999971,3.3500000000058208,0.8039041703636371,0.1366459627329826,0.05944986690338021,0,1,-0.0007774860434881514,56.35000000000582,45.299999999995634,0.0,2024-08-27T09:36:00+05:30,50968.6,30,30.5,297.5,-257.20000000000437,-258.70000000000437,False,False,-8.432786885246045
BANKNIFTY:2024-08-27,2024-08-27,BANKNIFTY,opening_range_low_break,2024-08-27T09:37:00+05:30,2024-08-27T09:37:00+05:30,DOWN,{},"{'source_path': '/Users/madhuram/tradebot-structural-edge-discovery-v3/runtime/upstox_candidate_replay.zip!upstox_candidate_replay/20240827/underlying/BANKNIFTY_20240827.parquet', 'source_hash': '4357f109ed631802b3774c34db9c318f71742f8e99de307408af71bf00810707'}",{'completed_bar_only': True},"{'buy_ce_allowed': False, 'buy_pe_allowed': True, 'research_only': True}",06b1da1697d5510b180132c63edc2fc717e4c385cc10353be3897405de90ce82,50963.0,2024-08-27 09:36:00+05:30,21,-0.003806435661464701,246.75,0.0,256.29999999999563,41.010000000003494,37.18666666666734,0.000496439552337784,38.121428571429405,-114.14090909091465,286.5,24.900000000001455,0.13930348258701336,0.24129353233839085,0.6194029850745958,0,1,9.713872489225395e-05,40.200000000004366,5.599999999998545,0.0,2024-08-27T09:37:00+05:30,50969.05,30,24.80000000000291,297.04999999999563,-235.0,-236.5,False,False,-9.475806451611792
BANKNIFTY:2024-08-27,2024-08-27,BANKNIFTY,opening_range_low_break,2024-08-27T09:38:00+05:30,2024-08-27T09:38:00+05:30,DOWN,{},"{'source_path': '/Users/madhuram/tradebot-structural-edge-discovery-v3/runtime/upstox_candidate_replay.zip!upstox_candidate_replay/20240827/underlying/BANKNIFTY_20240827.parquet', 'source_hash': '4357f109ed631802b3774c34db9c318f71742f8e99de307408af71bf00810707'}",{'completed_bar_only': True},"{'buy_ce_allowed': False, 'buy_pe_allowed': True, 'research_only': True}",12208cef038d610e8d958fc680cd6ec3ec5f17da2729d38eb75b0b1969414ccc,50958.9,2024-08-27 09:37:00+05:30,22,-0.00379764030306842,246.75,0.0,256.29999999999563,37.93000000000175,36.89333333333391,0.0004971849678057068,37.70714285714348,-113.09999999999854,290.59999999999854,20.80000000000291,0.5152284263960891,0.3629441624363064,0.12182741116760455,0,1,-8.045052292837696e-05,19.69999999999709,10.150000000001455,0.0,2024-08-27T09:38:00+05:30,50962.4,30,18.150000000001455,303.6999999999971,-236.34999999999854,-237.84999999999854,False,False,-13.022038567491988
BANKNIFTY:2024-08-27,2024-08-27,BANKNIFTY,opening_range_low_break,2024-08-27T09:39:00+05:30,2024-08-27T09:39:00+05:30,DOWN,{},"{'source_path': '/Users/madhuram/tradebot-structural-edge-discovery-v3/runtime/upstox_candidate_replay.zip!upstox_candidate_replay/20240827/underlying/BANKNIFTY_20240827.parquet', 'source_hash': '4357f109ed631802b3774c34db9c318f71742f8e99de307408af71bf00810707'}",{'completed_bar_only': True},"{'buy_ce_allowed': False, 'buy_pe_allowed': True, 'research_only': True}",1d6e658cc310cdcbf91ce2986679b0b976226145c17f4dfad0e348bed90d1d24,50962.6,2024-08-27 09:38:00+05:30,23,-0.003927616154923341,246.75,0.0,256.29999999999563,35.27000000000116,36.72333333333372,0.0005024186652779001,37.32857142857184,-104.84166666667443,286.90000000000146,24.5,0.008714596949765358,0.20043572984745656,0.7908496732027781,1,1,7.260753273707898e-05,22.94999999999709,0.19999999999708962,0.0,2024-08-27T09:39:00+05:30,50966.0,30,7.25,300.09999999999854,-235.59999999999854,-237.09999999999854,False,False,-32.49655172413773
BANKNIFTY:2024-08-27,2024-08-27,BANKNIFTY,opening_range_low_break,2024-08-27T09:40:00+05:30,2024-08-27T09:40:00+05:30,DOWN,{},"{'source_path': '/Users/madhuram/tradebot-structural-edge-discovery-v3/runtime/upstox_candidate_replay.zip!upstox_candidate_replay/20240827/underlying/BANKNIFTY_20240827.parquet', 'source_hash': '4357f109ed631802b3774c34db9c318f71742f8e99de307408af71bf00810707'}",{'completed_bar_only': True},"{'buy_ce_allowed': False, 'buy_pe_allowed': True, 'research_only': True}",dbd62bc74bdd2d881760da6cc82f2a6cc9611cbd9a2cc685a778c0aeafc54c96,51001.05,2024-08-27 09:39:00+05:30,24,-0.003857253287753803,246.75,0.0,256.29999999999563,36.890000000000875,37.85666666666705,0.0005527861571250129,37.72857142857174,-63.73599999998987,248.4499999999971,62.950000000004366,0.7745856353591803,0.06519337016568154,0.16022099447513813,2,1,0.0007544748501844278,45.25,35.05000000000291,0.0,2024-08-27T09:40:00+05:30,51009.0,30,26.0,257.09999999999854,-159.84999999999854,-161.34999999999854,False,False,-6.148076923076867
NIFTY:2024-05-30,2024-05-30,NIFTY,opening_range_low_break,2024-05-30T09:38:00+05:30,2024-05-30T09:38:00+05:30,DOWN,{},"{'source_path': '/Users/madhuram/tradebot-structural-edge-discovery-v3/runtime/upstox_candidate_replay.zip!upstox_candidate_replay/20240530/underlying/NIFTY_20240530.parquet', 'source_hash': '4357f109ed631802b3774c34db9c318f71742f8e99de307408af71bf00810707'}",{'completed_bar_only': True},"{'buy_ce_allowed': False, 'buy_pe_allowed': True, 'research_only': True}",27d6f7b8a123883b391f4afabba9c49ec02062e111b633fe2e78b624838e69a6,22613.45,2024-05-30 09:37:00+05:30,22,0.0,88.5,0.0,0.0,17.609999999999854,16.6,0.00038852956557931307,16.46071428571434,-35.497826086953864,92.29999999999927,10.5,0.17391304347815506,0.1237458193981333,0.7023411371237116,0,0,-0.00016801335264005068,14.950000000000728,2.599999999998545,0.0,2024-05-30T09:38:00+05:30,22610.95,30,43.45000000000073,7.649999999997817,42.5,41.0,True,True,0.9781357882623541
NIFTY:2024-05-30,2024-05-30,NIFTY,opening_range_low_break,2024-05-30T09:39:00+05:30,2024-05-30T09:39:00+05:30,DOWN,{},"{'source_path': '/Users/madhuram/tradebot-structural-edge-discovery-v3/runtime/upstox_candidate_replay.zip!upstox_candidate_replay/20240530/underlying/NIFTY_20240530.parquet', 'source_hash': '4357f109ed631802b3774c34db9c318f71742f8e99de307408af71bf00810707'}",{'completed_bar_only': True},"{'buy_ce_allowed': False, 'buy_pe_allowed': True, 'research_only': True}",fa25f7e2e7bbd5d514c6a18d7e2d2961ca6f6e6d39ac293c6f8f5933db3c952e,22613.35,2024-05-30 09:38:00+05:30,23,0.0,88.5,0.0,0.0,14.709999999999855,15.980000000000048,0.0003742732820059996,15.735714285714234,-34.11458333333576,92.40000000000146,10.399999999997817,0.2594594594592235,0.0,0.7405405405407766,1,0,-4.422146996696519e-06,9.25,2.399999999997817,0.0,2024-05-30T09:39:00+05:30,22613.1,30,45.599999999998545,5.5,42.099999999998545,40.599999999998545,True,True,0.9232456140350853
NIFTY:2024-05-30,2024-05-30,NIFTY,opening_range_low_break,2024-05-30T09:40:00+05:30,2024-05-30T09:40:00+05:30,DOWN,{},"{'source_path': '/Users/madhuram/tradebot-structural-edge-discovery-v3/runtime/upstox_candidate_replay.zip!upstox_candidate_replay/20240530/underlying/NIFTY_20240530.parquet', 'source_hash': '4357f109ed631802b3774c34db9c318f71742f8e99de307408af71bf00810707'}",{'completed_bar_only': True},"{'buy_ce_allowed': False, 'buy_pe_allowed': True, 'research_only': True}",176a8be21fee59cd24634b44e8c4da3630693bf5dc2670cf56fa10d0290131c5,22606.7,2024-05-30 09:39:00+05:30,24,0.0,88.5,0.0,0.0,14.479999999999563,15.686666666666618,0.0003356825834918201,15.51071428571439,-39.133999999998196,99.04999999999927,4.299999999999272,0.42666666666652114,0.2866666666668607,0.28666666666661816,2,0,-0.0002940740757118032,15.0,6.399999999997817,0.0,2024-05-30T09:40:00+05:30,22608.15,30,44.05000000000291,10.44999999999709,38.10000000000218,36.60000000000218,True,True,0.8649262202043057
NIFTY:2024-05-30,2024-05-30,NIFTY,opening_range_low_break,2024-05-30T09:41:00+05:30,2024-05-30T09:41:00+05:30,DOWN,{},"{'source_path': '/Users/madhuram/tradebot-structural-edge-discovery-v3/runtime/upstox_candidate_replay.zip!upstox_candidate_replay/20240530/underlying/NIFTY_20240530.parquet', 'source_hash': '4357f109ed631802b3774c34db9c318f71742f8e99de307408af71bf00810707'}",{'completed_bar_only': True},"{'buy_ce_allowed': False, 'buy_pe_allowed': True, 'research_only': True}",76259d7c3e9c6974bca1f37b6dc31d614f438cf78ee39e04b9400ba914b88abe,22607.0,2024-05-30 09:40:00+05:30,25,0.0,88.5,0.0,0.0,13.979999999999563,15.216666666666667,0.0003186285013983312,15.142857142857142,-37.34038461538512,98.75,4.599999999998545,0.10360360360374829,0.5720720720720159,0.32432432432423575,3,0,1.3270402137388615e-05,11.099999999998545,1.1500000000014552,0.0,2024-05-30T09:41:00+05:30,22607.65,30,43.55000000000291,10.94999999999709,30.400000000001455,28.900000000001455,True,True,0.6980482204362669
NIFTY:2024-05-30,2024-05-30,NIFTY,opening_range_low_break,2024-05-30T09:42:00+05:30,2024-05-30T09:42:00+05:30,DOWN,{},"{'source_path': '/Users/madhuram/tradebot-structural-edge-discovery-v3/runtime/upstox_candidate_replay.zip!upstox_candidate_replay/20240530/underlying/NIFTY_20240530.parquet', 'source_hash': '4357f109ed631802b3774c34db9c318f71742f8e99de307408af71bf00810707'}",{'completed_bar_only': True},"{'buy_ce_allowed': False, 'buy_pe_allowed': True, 'research_only': True}",54d3caa5835060082e33bb0aaa6c3483680b7a839faf2597926061add53f586e,22597.15,2024-05-30 09:41:00+05:30,26,0.0,88.5,0.0,0.0,13.939999999999419,15.426666666666522,0.0003180982957245267,15.132142857142753,-45.44259259258979,108.59999999999854,5.950000000000728,0.5412371134021228,0.1520618556699702,0.30670103092790707,4,0,-0.0004357057548546317,19.399999999997817,10.5,0.0,2024-05-30T09:42:00+05:30,22596.3,30,32.20000000000073,22.299999999999272,26.899999999997817,25.399999999997817,True,True,0.8354037267079879
NIFTY:2024-05-30,2024-05-30,NIFTY,opening_range_low_break,2024-05-30T09:43:00+05:30,2024-05-30T09:43:00+05:30,DOWN,{},"{'source_path': '/Users/madhuram/tradebot-structural-edge-discovery-v3/runtime/upstox_candidate_replay.zip!upstox_candidate_replay/20240530/underlying/NIFTY_20240530.parquet', 'source_hash': '4357f109ed631802b3774c34db9c318f71742f8e99de307408af71bf00810707'}",{'completed_bar_only': True},"{'buy_ce_allowed': False, 'buy_pe_allowed': True, 'research_only': True}",cb328a9282600c25b94781aa77db1f82e581a1bfc4bc87a9d2a2f4c78045449b,22598.6,2024-05-30 09:42:00+05:30,27,0.0,88.5,0.0,0.0,13.079999999999563,14.833333333333334,0.00029776158573249594,14.771428571428519,-42.421428571429715,107.15000000000146,8.299999999999272,0.21596244131445616,0.22065727699547996,0.5633802816900638,5,0,6.416738393988375e-05,10.650000000001455,2.2999999999992724,0.0,2024-05-30T09:43:00+05:30,22599.15,30,39.20000000000073,19.44999999999709,37.75,36.25,True,True,0.9630102040816148
NIFTY:2024-05-30,2024-05-30,NIFTY,opening_range_low_break,2024-05-30T09:44:00+05:30,2024-05-30T09:44:00+05:30,DOWN,{},"{'source_path': '/Users/madhuram/tradebot-structural-edge-discovery-v3/runtime/upstox_candidate_replay.zip!upstox_candidate_replay/20240530/underlying/NIFTY_20240530.parquet', 'source_hash': '4357f109ed631802b3774c34db9c318f71742f8e99de307408af71bf00810707'}",{'completed_bar_only': True},"{'buy_ce_allowed': False, 'buy_pe_allowed': True, 'research_only': True}",4bab10b76c38a01c3f80abef9470d95d20b6feed038464b4ce116f3682659c02,22603.05,2024-05-30 09:43:00+05:30,28,0.0,88.5,0.0,0.0,13.029999999999564,14.386666666666619,0.0003010227227072117,14.439285714285559,-36.66206896551739,102.70000000000073,12.75,0.4333333333330908,0.5666666666669092,0.0,6,0,0.00019691485313244605,9.0,3.899999999997817,0.0,2024-05-30T09:44:00+05:30,22604.3,30,50.29999999999927,14.299999999999272,45.79999999999927,44.29999999999927,True,True,0.9105367793240544
NIFTY:2024-05-30,2024-05-30,NIFTY,opening_range_low_break,2024-05-30T09:45:00+05:30,2024-05-30T09:45:00+05:30,DOWN,{},"{'source_path': '/Users/madhuram/tradebot-structural-edge-discovery-v3/runtime/upstox_candidate_replay.zip!upstox_candidate_replay/20240530/underlying/NIFTY_20240530.parquet', 'source_hash': '4357f109ed631802b3774c34db9c318f71742f8e99de307408af71bf00810707'}",{'completed_bar_only': True},"{'buy_ce_allowed': False, 'buy_pe_allowed': True, 'research_only': True}",bf668f651e2e56b61b2a79aca982f17c198810eec6fb0701a013e9521a7ef01c,22608.3,2024-05-30 09:44:00+05:30,29,0.0,88.5,0.0,0.0,11.569999999999709,13.989999999999903,0.00029572809960372716,13.98928571428561,-30.364999999997963,97.45000000000073,18.0,0.5194805194804704,0.25324675324682383,0.2272727272727058,7,0,0.0002322695388454754,7.700000000000728,4.0,0.0,2024-05-30T09:45:00+05:30,22608.1,30,54.099999999998545,10.5,46.25,44.75,True,True,0.8548983364140711
NIFTY:2024-05-31,2024-05-31,NIFTY,opening_range_low_break,2024-05-31T10:06:00+05:30,2024-05-31T10:06:00+05:30,DOWN,{},"{'source_path': '/Users/madhuram/tradebot-structural-edge-discovery-v3/runtime/upstox_candidate_replay.zip!upstox_candidate_replay/20240531/underlying/NIFTY_20240531.parquet', 'source_hash': '4357f109ed631802b3774c34db9c318f71742f8e99de307408af71bf00810707'}",{'completed_bar_only': True},"{'buy_ce_allowed': False, 'buy_pe_allowed': True, 'research_only': True}",a41f39369029515a9571cefc3a830852911b0521aa013b4126dbf70f656aaf81,22554.35,2024-05-31 10:05:00+05:30,50,0.0002460422660715655,89.54999999999927,0.0,288.75,12.16000000000131,12.050000000000242,0.0002735730474071464,12.26071428571465,-57.1803921568644,99.40000000000146,5.75,0.39336492891004987,0.3341232227487461,0.272511848341204,0,3,-0.0004276723985109365,21.100000000002183,8.30000000000291,0.0,2024-05-31T10:06:00+05:30,22553.8,30,35.70000000000073,33.5,27.649999999997817,26.149999999997817,True,True,0.7745098039214917
NIFTY:2024-05-31,2024-05-31,NIFTY,opening_range_low_break,2024-05-31T10:07:00+05:30,2024-05-31T10:07:00+05:30,DOWN,{},"{'source_path': '/Users/madhuram/tradebot-structural-edge-discovery-v3/runtime/upstox_candidate_replay.zip!upstox_candidate_replay/20240531/underlying/NIFTY_20240531.parquet', 'source_hash': '4357f109ed631802b3774c34db9c318f71742f8e99de307408af71bf00810707'}",{'completed_bar_only': True},"{'buy_ce_allowed': False, 'buy_pe_allowed': True, 'research_only': True}",ade07798a444f822e0cb21ac9f4e6a29a901eaf94c955cf7317bab8cf65d745f,22549.5,2024-05-31 10:06:00+05:30,51,-0.0001462954014478489,89.54999999999927,0.0,288.75,13.640000000001601,12.530000000000534,0.00027170012478627717,12.289285714286182,-60.837500000001455,104.25,5.900000000001455,0.26380368098150336,0.37423312883442295,0.36196319018407375,0,3,-0.00021503612385187498,16.30000000000291,4.299999999999272,0.0,2024-05-31T10:07:00+05:30,22548.05,30,29.950000000000728,39.25,19.75,18.25,False,False,0.6594323873121709
NIFTY:2024-05-31,2024-05-31,NIFTY,opening_range_low_break,2024-05-31T10:08:00+05:30,2024-05-31T10:08:00+05:30,DOWN,{},"{'source_path': '/Users/madhuram/tradebot-structural-edge-discovery-v3/runtime/upstox_candidate_replay.zip!upstox_candidate_replay/20240531/underlying/NIFTY_20240531.parquet', 'source_hash': '4357f109ed631802b3774c34db9c318f71742f8e99de307408af71bf00810707'}",{'completed_bar_only': True},"{'buy_ce_allowed': False, 'buy_pe_allowed': True, 'research_only': True}",0cc94bfb875f2ab57909d614ffdb6ec5bcdd402515ff1a71be825f980ed1e3f8,22549.0,2024-05-31 10:07:00+05:30,52,-0.0004012040554858237,89.54999999999927,0.0,288.75,12.030000000001746,11.963333333333868,0.00026035137820689606,12.007142857143274,-60.180188679245475,104.75,6.75,0.12837837837845145,0.08783783783801721,0.7837837837835313,0,3,-2.2173440652806242e-05,7.400000000001455,0.9500000000007276,0.0,2024-05-31T10:08:00+05:30,22548.85,30,30.75,38.45000000000073,21.19999999999709,19.69999999999709,False,False,0.6894308943088484
NIFTY:2024-05-31,2024-05-31,NIFTY,opening_range_low_break,2024-05-31T10:09:00+05:30,2024-05-31T10:09:00+05:30,DOWN,{},"{'source_path': '/Users/madhuram/tradebot-structural-edge-discovery-v3/runtime/upstox_candidate_replay.zip!upstox_candidate_replay/20240531/underlying/NIFTY_20240531.parquet', 'source_hash': '4357f109ed631802b3774c34db9c318f71742f8e99de307408af71bf00810707'}",{'completed_bar_only': True},"{'buy_ce_allowed': False, 'buy_pe_allowed': True, 'research_only': True}",d5f4ed64f7ba4da915524c1d859acf07f8008e7e8c1381884a39868373e11305,22546.0,2024-05-31 10:08:00+05:30,53,-0.0003657385036197029,89.54999999999927,0.0,288.75,13.470000000001164,12.216666666666908,0.00026027276126503395,12.546428571428935,-62.010185185186856,107.75,12.299999999999272,0.18811881188111917,0.0,0.8118811881188809,0,3,-0.00013304359395094334,15.149999999997817,2.849999999998545,0.0,2024-05-31T10:09:00+05:30,22545.65,30,27.55000000000291,41.64999999999782,22.05000000000291,20.55000000000291,False,False,0.8003629764065546
NIFTY:2024-05-31,2024-05-31,NIFTY,opening_range_low_break,2024-05-31T10:10:00+05:30,2024-05-31T10:10:00+05:30,DOWN,{},"{'source_path': '/Users/madhuram/tradebot-structural-edge-discovery-v3/runtime/upstox_candidate_replay.zip!upstox_candidate_replay/20240531/underlying/NIFTY_20240531.parquet', 'source_hash': '4357f109ed631802b3774c34db9c318f71742f8e99de307408af71bf00810707'}",{'completed_bar_only': True},"{'buy_ce_allowed': False, 'buy_pe_allowed': True, 'research_only': True}",8b97496783af9823dfb74e549fec254d870a8cd2a0e6c441f141bd65d6c11439,22543.4,2024-05-31 10:09:00+05:30,54,-0.000507600711084186,89.54999999999927,0.0,288.75,15.080000000001018,12.740000000000387,0.00026004425973578867,12.88571428571465,-63.43545454545165,110.34999999999854,9.700000000000728,0.14563106796115818,0.5663430420711707,0.2880258899676711,0,3,-0.00011531979065015907,15.450000000000728,2.25,0.0,2024-05-31T10:10:00+05:30,22543.8,30,27.549999999999272,43.5,19.549999999999272,18.049999999999272,False,False,0.7096188747731321
NIFTY:2024-05-31,2024-05-31,NIFTY,opening_range_low_break,2024-05-31T10:11:00+05:30,2024-05-31T10:11:00+05:30,DOWN,{},"{'source_path': '/Users/madhuram/tradebot-structural-edge-discovery-v3/runtime/upstox_candidate_replay.zip!upstox_candidate_replay/20240531/underlying/NIFTY_20240531.parquet', 'source_hash': '4357f109ed631802b3774c34db9c318f71742f8e99de307408af71bf00810707'}",{'completed_bar_only': True},"{'buy_ce_allowed': False, 'buy_pe_allowed': True, 'research_only': True}",a6825bee82daf07ed81c5f9b035b6d9d61003f7216a61683b6ad59068ec3dc6c,22541.6,2024-05-31 10:10:00+05:30,55,-0.0005896147997747615,89.54999999999927,0.0,288.75,13.330000000000291,12.850000000000243,0.00024521030978309056,12.910714285714546,-64.07053571428696,112.15000000000146,7.899999999997817,0.17813765182194224,0.6680161943320625,0.15384615384599523,0,3,-7.984598596499914e-05,12.349999999998545,2.2000000000007276,0.0,2024-05-31T10:11:00+05:30,22540.9,30,24.650000000001455,46.39999999999782,15.900000000001455,14.400000000001455,False,False,0.6450304259635098
NIFTY:2024-05-31,2024-05-31,NIFTY,opening_range_low_break,2024-05-31T10:12:00+05:30,2024-05-31T10:12:00+05:30,DOWN,{},"{'source_path': '/Users/madhuram/tradebot-structural-edge-discovery-v3/runtime/upstox_candidate_replay.zip!upstox_candidate_replay/20240531/underlying/NIFTY_20240531.parquet', 'source_hash': '4357f109ed631802b3774c34db9c318f71742f8e99de307408af71bf00810707'}",{'completed_bar_only': True},"{'buy_ce_allowed': False, 'buy_pe_allowed': True, 'research_only': True}",8cc78ddad49dd574aaa3d6c575682528e6fa4de1f2f4cb691789dba85fd796af,22545.45,2024-05-31 10:11:00+05:30,56,-0.0007181774252894694,89.54999999999927,0.0,288.75,12.779999999999564,12.953333333333527,0.0002445968055046346,13.02142857142878,-59.16403508771691,108.29999999999927,11.75,0.33579335793354365,0.2656826568264751,0.39852398523998117,1,3,0.0001707953295242426,13.549999999999272,4.549999999999272,0.0,2024-05-31T10:12:00+05:30,22544.85,30,28.599999999998545,42.45000000000073,4.349999999998545,2.849999999998545,False,False,0.15209790209785895
NIFTY:2024-05-31,2024-05-31,NIFTY,opening_range_low_break,2024-05-31T10:13:00+05:30,2024-05-31T10:13:00+05:30,DOWN,{},"{'source_path': '/Users/madhuram/tradebot-structural-edge-discovery-v3/runtime/upstox_candidate_replay.zip!upstox_candidate_replay/20240531/underlying/NIFTY_20240531.parquet', 'source_hash': '4357f109ed631802b3774c34db9c318f71742f8e99de307408af71bf00810707'}",{'completed_bar_only': True},"{'buy_ce_allowed': False, 'buy_pe_allowed': True, 'research_only': True}",fc6e0f22db31c216b0952645384c0371a0e704425905fa4210aab31aa35cd710,22545.9,2024-05-31 10:12:00+05:30,57,-0.000543066262950468,89.54999999999927,0.0,288.75,13.039999999999418,12.733333333333576,0.00024828797011018476,12.682142857143324,-57.70172413792898,107.84999999999854,12.200000000000728,0.12068965517273823,0.5172413793103016,0.3620689655169602,0,3,1.9959681443415533e-05,8.700000000000728,1.0500000000029104,0.0,2024-05-31T10:13:00+05:30,22545.6,30,29.349999999998545,41.70000000000073,5.399999999997817,3.899999999997817,False,False,0.18398637137983254
NIFTY:2024-06-04,2024-06-04,NIFTY,opening_range_low_break,2024-06-04T09:31:00+05:30,2024-06-04T09:31:00+05:30,DOWN,{},"{'source_path': '/Users/madhuram/tradebot-structural-edge-discovery-v3/runtime/upstox_candidate_replay.zip!upstox_candidate_replay/20240604/underlying/NIFTY_20240604.parquet', 'source_hash': '4357f109ed631802b3774c34db9c318f71742f8e99de307408af71bf00810707'}",{'completed_bar_only': True},"{'buy_ce_allowed': False, 'buy_pe_allowed': True, 'research_only': True}",8adbea500c7d132655d194c304e578f553b1af1e999e6e68023a2d56b1d79f24,22391.1,2024-06-04 09:30:00+05:30,15,-0.035452320115678615,700.0999999999985,0.0,276.40000000000146,63.91999999999971,82.9333333333331,0.003208682980038735,75.98214285714259,-303.140625,788.4000000000015,1.25,0.9860879243183086,0.0,0.013912075681691371,11,0,-0.00400336282477276,89.85000000000218,88.60000000000218,0.0,2024-06-04T09:31:00+05:30,22392.5,30,0.0,488.2999999999993,-327.7999999999993,-329.2999999999993,False,False,0.0
NIFTY:2024-06-04,2024-06-04,NIFTY,opening_range_low_break,2024-06-04T09:32:00+05:30,2024-06-04T09:32:00+05:30,DOWN,{},"{'source_path': '/Users/madhuram/tradebot-structural-edge-discovery-v3/runtime/upstox_candidate_replay.zip!upstox_candidate_replay/20240604/underlying/NIFTY_20240604.parquet', 'source_hash': '4357f109ed631802b3774c34db9c318f71742f8e99de307408af71bf00810707'}",{'completed_bar_only': True},"{'buy_ce_allowed': False, 'buy_pe_allowed': True, 'research_only': True}",11e0137c3519b3f21f58e78a607ba34f3290d26356de70b201b7efda33e3da89,22436.25,2024-06-04 09:31:00+05:30,16,-0.03919385393000503,700.0999999999985,0.0,276.40000000000146,63.829999999999565,75.21999999999971,0.0023365248882972114,77.35357142857121,-242.81470588235243,743.25,46.400000000001455,0.6777691711851355,0.32223082881486453,0.0,12,0,0.002016426169326291,64.54999999999927,43.75,0.0,2024-06-04T09:32:00+05:30,22434.55,30,23.099999999998545,446.25,-328.5,-330.0,False,False,-14.220779220780116
NIFTY:2024-06-04,2024-06-04,NIFTY,opening_range_low_break,2024-06-04T09:33:00+05:30,2024-06-04T09:33:00+05:30,DOWN,{},"{'source_path': '/Users/madhuram/tradebot-structural-edge-discovery-v3/runtime/upstox_candidate_replay.zip!upstox_candidate_replay/20240604/underlying/NIFTY_20240604.parquet', 'source_hash': '4357f109ed631802b3774c34db9c318f71742f8e99de307408af71bf00810707'}",{'completed_bar_only': True},"{'buy_ce_allowed': False, 'buy_pe_allowed': True, 'research_only': True}",f0658f32beb8565941a698712daa0522f0324f8f9278d64a83c7611ab571dd35,22446.55,2024-06-04 09:32:00+05:30,17,-0.037389593644541474,700.0999999999985,0.0,276.40000000000146,65.27999999999956,74.53666666666638,0.0023348001997070497,75.94642857142831,-219.59722222222263,732.9500000000007,56.70000000000073,0.34188034188035604,0.0,0.6581196581196439,13,0,0.0004590785001949982,35.099999999998545,12.0,0.0,2024-06-04T09:33:00+05:30,22448.2,30,1.0499999999992724,432.59999999999854,-327.75,-329.25,False,False,-312.14285714307346
NIFTY:2024-06-04,2024-06-04,NIFTY,opening_range_low_break,2024-06-04T10:55:00+05:30,2024-06-04T10:55:00+05:30,DOWN,{},"{'source_path': '/Users/madhuram/tradebot-structural-edge-discovery-v3/runtime/upstox_candidate_replay.zip!upstox_candidate_replay/20240604/underlying/NIFTY_20240604.parquet', 'source_hash': '4357f109ed631802b3774c34db9c318f71742f8e99de307408af71bf00810707'}",{'completed_bar_only': True},"{'buy_ce_allowed': False, 'buy_pe_allowed': True, 'research_only': True}",e512da915c6533517291139675139a9f92c7a5d7eb31985f9f2e5a881278aa6d,22444.7,2024-06-04 10:54:00+05:30,99,-0.034821579896979066,700.0999999999985,0.0,276.40000000000146,37.79999999999927,40.613333333332896,0.0011468111617117037,40.70357142857107,-247.0854999999974,734.7999999999993,54.85000000000218,0.9548511047070398,0.045148895292960185,0.0,3,0,-0.0021273710628629816,52.04999999999927,49.70000000000073,0.0,2024-06-04T10:55:00+05:30,22444.8,30,444.2000000000007,0.0,245.75,244.25,True,True,0.5532417829806384
NIFTY:2024-06-04,2024-06-04,NIFTY,opening_range_low_break,2024-06-04T10:56:00+05:30,2024-06-04T10:56:00+05:30,DOWN,{},"{'source_path': '/Users/madhuram/tradebot-structural-edge-discovery-v3/runtime/upstox_candidate_replay.zip!upstox_candidate_replay/20240604/underlying/NIFTY_20240604.parquet', 'source_hash': '4357f109ed631802b3774c34db9c318f71742f8e99de307408af71bf00810707'}",{'completed_bar_only': True},"{'buy_ce_allowed': False, 'buy_pe_allowed': True, 'research_only': True}",856cafa73094d5449f7fa0a259e377c89c287432626babcfd4ed051564ed74f9,22349.05,2024-06-04 10:55:00+05:30,100,-0.03694979179136664,700.0999999999985,0.0,276.40000000000146,49.649999999999274,44.85666666666633,0.0014735904904879175,45.014285714285506,-339.34207920792323,830.4500000000007,7.25,0.9296116504854369,0.0,0.0703883495145631,0,0,-0.00426158514036723,103.0,95.75,0.0,2024-06-04T10:56:00+05:30,22347.65,30,347.0500000000029,54.099999999998545,144.5,143.0,True,True,0.41636651779282174
NIFTY:2024-06-04,2024-06-04,NIFTY,opening_range_low_break,2024-06-04T10:57:00+05:30,2024-06-04T10:57:00+05:30,DOWN,{},"{'source_path': '/Users/madhuram/tradebot-structural-edge-discovery-v3/runtime/upstox_candidate_replay.zip!upstox_candidate_replay/20240604/underlying/NIFTY_20240604.parquet', 'source_hash': '4357f109ed631802b3774c34db9c318f71742f8e99de307408af71bf00810707'}",{'completed_bar_only': True},"{'buy_ce_allowed': False, 'buy_pe_allowed': True, 'research_only': True}",98cda1ad235c76ae14f44c8e1522cd1ebc6573d35f996adeafdb6ff4271587c4,22288.85,2024-06-04 10:56:00+05:30,101,-0.04111825520950655,700.0999999999985,0.0,276.40000000000146,55.70999999999985,46.18666666666662,0.0015439371631907834,48.160714285714285,-395.62500000000364,890.6500000000015,2.5,0.9392971246006527,0.02076677316292695,0.039936102236420336,0,0,-0.0026936267984545292,62.60000000000218,58.80000000000291,0.0,2024-06-04T10:57:00+05:30,22289.15,30,288.5500000000029,112.59999999999854,115.40000000000146,113.90000000000146,True,True,0.39993068792237146
NIFTY:2024-06-04,2024-06-04,NIFTY,opening_range_low_break,2024-06-04T10:58:00+05:30,2024-06-04T10:58:00+05:30,DOWN,{},"{'source_path': '/Users/madhuram/tradebot-structural-edge-discovery-v3/runtime/upstox_candidate_replay.zip!upstox_candidate_replay/20240604/underlying/NIFTY_20240604.parquet', 'source_hash': '4357f109ed631802b3774c34db9c318f71742f8e99de307408af71bf00810707'}",{'completed_bar_only': True},"{'buy_ce_allowed': False, 'buy_pe_allowed': True, 'research_only': True}",37803a25540bd698b7969b784e7e4f27933130132e5bd7c873c9dada74c93296,22355.4,2024-06-04 10:57:00+05:30,102,-0.043628343834943406,700.0999999999985,0.0,276.40000000000146,67.6199999999997,50.75333333333329,0.001856617140516478,51.528571428571276,-325.8800970873781,824.0999999999985,77.65000000000146,0.7610568638713446,0.10798391728889024,0.13095921883976508,0,0,0.0029857978316514266,87.04999999999927,66.25,0.0,2024-06-04T10:58:00+05:30,22357.8,30,357.2000000000007,43.95000000000073,165.79999999999927,164.29999999999927,True,True,0.4641657334826398
NIFTY:2024-06-04,2024-06-04,NIFTY,opening_range_low_break,2024-06-04T10:59:00+05:30,2024-06-04T10:59:00+05:30,DOWN,{},"{'source_path': '/Users/madhuram/tradebot-structural-edge-discovery-v3/runtime/upstox_candidate_replay.zip!upstox_candidate_replay/20240604/underlying/NIFTY_20240604.parquet', 'source_hash': '4357f109ed631802b3774c34db9c318f71742f8e99de307408af71bf00810707'}",{'completed_bar_only': True},"{'buy_ce_allowed': False, 'buy_pe_allowed': True, 'research_only': True}",3a1c8d4f4f844ccf9a1ab3ee7e4c7d511cd40bf0b89d5e4e5e1e80e0b6eb35a7,22385.1,2024-06-04 10:58:00+05:30,103,-0.040682744106118884,700.0999999999985,0.0,276.40000000000146,71.79000000000015,51.70999999999985,0.001915543026585935,51.33928571428545,-293.33221153846534,794.4000000000015,107.34999999999854,0.5032258064515995,0.3069124423963402,0.18986175115206033,0,0,0.0013285380713383699,54.25,27.299999999999272,0.0,2024-06-04T10:59:00+05:30,22382.55,30,381.9500000000007,3.650000000001455,137.45000000000073,135.95000000000073,True,True,0.3598638565257245
NIFTY:2024-06-10,2024-06-10,NIFTY,opening_range_low_break,2024-06-10T09:37:00+05:30,2024-06-10T09:37:00+05:30,DOWN,{},"{'source_path': '/Users/madhuram/tradebot-structural-edge-discovery-v3/runtime/upstox_candidate_replay.zip!upstox_candidate_replay/20240610/underlying/NIFTY_20240610.parquet', 'source_hash': '4357f109ed631802b3774c34db9c318f71742f8e99de307408af71bf00810707'}",{'completed_bar_only': True},"{'buy_ce_allowed': False, 'buy_pe_allowed': True, 'research_only': True}",b523d9dbdcd26614b821ceb3499d41f753c52db81d1598cf1565bf73cf111e1e,23277.8,2024-06-10 09:36:00+05:30,21,0.0025075150246777374,98.15000000000146,0.0,531.1500000000015,31.240000000000144,22.15666666666633,0.000899728000234686,22.2321428571426,-95.53863636363894,134.10000000000218,0.0,1.0,0.0,0.0,0,1,-0.00229091883203858,50.60000000000218,50.60000000000218,0.0,2024-06-10T09:37:00+05:30,23280.05,30,47.0,68.65000000000146,-18.400000000001455,-19.900000000001455,False,False,-0.39148936170215864
NIFTY:2024-06-10,2024-06-10,NIFTY,opening_range_low_break,2024-06-10T09:38:00+05:30,2024-06-10T09:38:00+05:30,DOWN,{},"{'source_path': '/Users/madhuram/tradebot-structural-edge-discovery-v3/runtime/upstox_candidate_replay.zip!upstox_candidate_replay/20240610/underlying/NIFTY_20240610.parquet', 'source_hash': '4357f109ed631802b3774c34db9c318f71742f8e99de307408af71bf00810707'}",{'completed_bar_only': True},"{'buy_ce_allowed': False, 'buy_pe_allowed': True, 'research_only': True}",30b36db35727ba454f86c51586bc092c60d5818e702a54caa8d996f0b75b72cd,23267.45,2024-06-10 09:37:00+05:30,22,0.00042973693653430053,98.15000000000146,0.0,531.1500000000015,34.28000000000029,23.329999999999806,0.0008971706039670669,24.360714285714234,-101.28478260869451,144.45000000000073,26.100000000002183,0.3255813953487935,0.0,0.6744186046512065,0,1,-0.00044462964713154474,38.70000000000073,12.599999999998545,0.0,2024-06-10T09:38:00+05:30,23267.8,30,34.75,80.90000000000146,-20.299999999999272,-21.799999999999272,False,False,-0.5841726618704827
NIFTY:2024-06-10,2024-06-10,NIFTY,opening_range_low_break,2024-06-10T09:39:00+05:30,2024-06-10T09:39:00+05:30,DOWN,{},"{'source_path': '/Users/madhuram/tradebot-structural-edge-discovery-v3/runtime/upstox_candidate_replay.zip!upstox_candidate_replay/20240610/underlying/NIFTY_20240610.parquet', 'source_hash': '4357f109ed631802b3774c34db9c318f71742f8e99de307408af71bf00810707'}",{'completed_bar_only': True},"{'buy_ce_allowed': False, 'buy_pe_allowed': True, 'research_only': True}",061b3a0217690c5ae1658837364e5b83aa72888f898a7ec721de40467fd27973,23282.9,2024-06-10 09:38:00+05:30,23,-9.669081072021763e-05,98.15000000000146,0.0,531.1500000000015,35.29000000000015,24.51999999999995,0.0009267580916081065,23.417857142857038,-82.25833333333503,129.0,41.55000000000291,0.5644859813084928,0.4355140186915072,0.0,0,1,0.0006640177587144969,26.75,15.100000000002183,0.0,2024-06-10T09:39:00+05:30,23285.0,30,51.95000000000073,63.70000000000073,-22.25,-23.75,False,False,-0.42829643888353586
NIFTY:2024-06-10,2024-06-10,NIFTY,opening_range_low_break,2024-06-10T09:40:00+05:30,2024-06-10T09:40:00+05:30,DOWN,{},"{'source_path': '/Users/madhuram/tradebot-structural-edge-discovery-v3/runtime/upstox_candidate_replay.zip!upstox_candidate_replay/20240610/underlying/NIFTY_20240610.parquet', 'source_hash': '4357f109ed631802b3774c34db9c318f71742f8e99de307408af71bf00810707'}",{'completed_bar_only': True},"{'buy_ce_allowed': False, 'buy_pe_allowed': True, 'research_only': True}",afb40da2ddaacf15f3a417fc806750408eb19bd4d45d01d5548752836d26ca3a,23272.35,2024-06-10 09:39:00+05:30,24,0.0006424567201188106,98.15000000000146,0.0,531.1500000000015,31.48000000000029,23.2,0.0008041518827708158,23.857142857142858,-89.09600000000137,139.5500000000029,31.0,0.6277915632754612,0.0,0.37220843672453885,0,1,-0.0004531222485172348,20.150000000001455,12.650000000001455,0.0,2024-06-10T09:40:00+05:30,23273.5,30,40.45000000000073,75.20000000000073,-50.04999999999927,-51.54999999999927,False,False,-1.237330037082778
NIFTY:2024-06-10,2024-06-10,NIFTY,opening_range_low_break,2024-06-10T09:41:00+05:30,2024-06-10T09:41:00+05:30,DOWN,{},"{'source_path': '/Users/madhuram/tradebot-structural-edge-discovery-v3/runtime/upstox_candidate_replay.zip!upstox_candidate_replay/20240610/underlying/NIFTY_20240610.parquet', 'source_hash': '4357f109ed631802b3774c34db9c318f71742f8e99de307408af71bf00810707'}",{'completed_bar_only': True},"{'buy_ce_allowed': False, 'buy_pe_allowed': True, 'research_only': True}",65337a89aa759e061538b8067ceb696ccfe7c9abb9880b4a68292567bd7a7a52,23305.75,2024-06-10 09:40:00+05:30,25,0.00014825924310436496,98.15000000000146,0.0,531.1500000000015,36.240000000000876,25.266666666666666,0.0009230951380578657,25.767857142857142,-53.55384615384537,106.15000000000146,64.40000000000146,0.7166666666666667,0.07999999999996767,0.20333333333336567,0,1,0.0014351795156055669,45.0,32.25,0.0,2024-06-10T09:41:00+05:30,23305.5,30,72.45000000000073,43.20000000000073,-11.849999999998545,-13.349999999998545,True,True,-0.16356107660453315
NIFTY:2024-06-10,2024-06-10,NIFTY,opening_range_low_break,2024-06-10T09:46:00+05:30,2024-06-10T09:46:00+05:30,DOWN,{},"{'source_path': '/Users/madhuram/tradebot-structural-edge-discovery-v3/runtime/upstox_candidate_replay.zip!upstox_candidate_replay/20240610/underlying/NIFTY_20240610.parquet', 'source_hash': '4357f109ed631802b3774c34db9c318f71742f8e99de307408af71bf00810707'}",{'completed_bar_only': True},"{'buy_ce_allowed': False, 'buy_pe_allowed': True, 'research_only': True}",3332d77e00426af06fbbd5dbcf54f3d01e13f222eef826a80401658ee480aa79,23303.25,2024-06-10 09:45:00+05:30,30,0.0023764452590346505,98.15000000000146,0.0,531.1500000000015,22.93999999999869,27.603333333333044,0.0009886657091060919,28.678571428571168,-51.311290322581044,108.65000000000146,61.900000000001455,0.9650655021834346,0.030567685589554337,0.004366812227011106,2,1,-0.0009217676502427663,22.899999999997817,22.099999999998545,0.0,2024-06-10T09:46:00+05:30,23304.2,30,71.15000000000146,23.450000000000728,-12.299999999999272,-13.799999999999272,True,True,-0.17287420941671147
NIFTY:2024-06-10,2024-06-10,NIFTY,opening_range_low_break,2024-06-10T09:47:00+05:30,2024-06-10T09:47:00+05:30,DOWN,{},"{'source_path': '/Users/madhuram/tradebot-structural-edge-discovery-v3/runtime/upstox_candidate_replay.zip!upstox_candidate_replay/20240610/underlying/NIFTY_20240610.parquet', 'source_hash': '4357f109ed631802b3774c34db9c318f71742f8e99de307408af71bf00810707'}",{'completed_bar_only': True},"{'buy_ce_allowed': False, 'buy_pe_allowed': True, 'research_only': True}",4b2ebc620d9095693da81679196c123340beebe237058e2326ccc80304a604cf,23300.6,2024-06-10 09:46:00+05:30,31,0.0014675516382646988,98.15000000000146,0.0,531.1500000000015,18.919999999998982,27.766666666666424,0.0009888610599264544,28.07142857142831,-52.275000000001455,111.30000000000291,59.25,0.2400000000001455,0.0,0.7599999999998545,3,1,-0.00011371804362059201,15.0,3.600000000002183,0.0,2024-06-10T09:47:00+05:30,23301.1,30,68.04999999999927,26.55000000000291,-13.75,-15.25,True,True,-0.20205731080088388
NIFTY:2024-06-10,2024-06-10,NIFTY,opening_range_low_break,2024-06-10T09:48:00+05:30,2024-06-10T09:48:00+05:30,DOWN,{},"{'source_path': '/Users/madhuram/tradebot-structural-edge-discovery-v3/runtime/upstox_candidate_replay.zip!upstox_candidate_replay/20240610/underlying/NIFTY_20240610.parquet', 'source_hash': '4357f109ed631802b3774c34db9c318f71742f8e99de307408af71bf00810707'}",{'completed_bar_only': True},"{'buy_ce_allowed': False, 'buy_pe_allowed': True, 'research_only': True}",ecc3dc54fefb3ceb238eddba2e534b55ffcbb9e85a2aa2878cbf01321d410eb2,23301.2,2024-06-10 09:47:00+05:30,32,0.001334333187938972,98.15000000000146,0.0,531.1500000000015,17.229999999998835,27.243333333332945,0.000988751347149518,27.639285714285247,-50.10909090908899,110.70000000000073,59.85000000000218,0.006389776357967843,0.7252396166134267,0.26837060702860543,4,1,2.5750409860858525e-05,15.649999999997817,0.10000000000218279,0.0,2024-06-10T09:48:00+05:30,23301.35,30,68.29999999999927,26.30000000000291,-13.850000000002183,-15.350000000002183,True,True,-0.20278184480237674
NIFTY:2024-06-11,2024-06-11,NIFTY,opening_range_low_break,2024-06-11T09:38:00+05:30,2024-06-11T09:38:00+05:30,DOWN,{},"{'source_path': '/Users/madhuram/tradebot-structural-edge-discovery-v3/runtime/upstox_candidate_replay.zip!upstox_candidate_replay/20240611/underlying/NIFTY_20240611.parquet', 'source_hash': '4357f109ed631802b3774c34db9c318f71742f8e99de307408af71bf00810707'}",{'completed_bar_only': True},"{'buy_ce_allowed': False, 'buy_pe_allowed': True, 'research_only': True}",288656a50da3b6e75e7b3bb6756bd2273618490482577b7fd1c6e2ac8b2ed9b4,23223.25,2024-06-11 09:37:00+05:30,22,0.0002926688602484359,60.20000000000073,0.0,184.75,15.569999999999709,12.686666666666133,0.00037879826937914623,12.649999999999377,-36.72826086956411,66.54999999999927,6.0,0.75,0.0,0.25,0,2,-0.0007357892630703855,24.0,18.0,0.0,2024-06-11T09:38:00+05:30,23221.8,30,15.149999999997817,81.60000000000218,-80.40000000000146,-81.90000000000146,False,False,-5.306930693070168
NIFTY:2024-06-11,2024-06-11,NIFTY,opening_range_low_break,2024-06-11T09:39:00+05:30,2024-06-11T09:39:00+05:30,DOWN,{},"{'source_path': '/Users/madhuram/tradebot-structural-edge-discovery-v3/runtime/upstox_candidate_replay.zip!upstox_candidate_replay/20240611/underlying/NIFTY_20240611.parquet', 'source_hash': '4357f109ed631802b3774c34db9c318f71742f8e99de307408af71bf00810707'}",{'completed_bar_only': True},"{'buy_ce_allowed': False, 'buy_pe_allowed': True, 'research_only': True}",564d6be463bc7deb78d0dba56608f90379f5b972574c056322fd4ea067481095,23215.55,2024-06-11 09:38:00+05:30,23,-0.0005444501591387554,60.20000000000073,0.0,184.75,16.05999999999913,12.81666666666594,0.0003778098261649866,13.174999999999272,-42.577083333337214,74.25,8.899999999997817,0.412541254125472,0.0,0.5874587458745281,0,2,-0.0003315642728731749,15.149999999997817,6.25,0.0,2024-06-11T09:39:00+05:30,23215.2,30,2.900000000001455,93.89999999999782,-89.45000000000073,-90.95000000000073,False,False,-30.84482758619167
NIFTY:2024-06-11,2024-06-11,NIFTY,opening_range_low_break,2024-06-11T09:40:00+05:30,2024-06-11T09:40:00+05:30,DOWN,{},"{'source_path': '/Users/madhuram/tradebot-structural-edge-discovery-v3/runtime/upstox_candidate_replay.zip!upstox_candidate_replay/20240611/underlying/NIFTY_20240611.parquet', 'source_hash': '4357f109ed631802b3774c34db9c318f71742f8e99de307408af71bf00810707'}",{'completed_bar_only': True},"{'buy_ce_allowed': False, 'buy_pe_allowed': True, 'research_only': True}",b3535611e6b31a7a3cb1b61c7f532d0dd6e22898e4b4886ece49e5399006c70f,23218.75,2024-06-11 09:39:00+05:30,24,-0.0008285111117327934,60.20000000000073,0.0,184.75,16.259999999999128,13.196666666665987,0.00037364243681382837,12.617857142856467,-37.80200000000332,71.04999999999927,12.099999999998545,0.26296296296290905,0.7185185185185724,0.018518518518518517,0,2,0.0001378386469415016,13.5,3.5499999999992724,0.0,2024-06-11T09:40:00+05:30,23218.6,30,6.299999999999272,100.60000000000218,-100.25,-101.75,False,False,-15.91269841270025
NIFTY:2024-06-11,2024-06-11,NIFTY,opening_range_low_break,2024-06-11T09:41:00+05:30,2024-06-11T09:41:00+05:30,DOWN,{},"{'source_path': '/Users/madhuram/tradebot-structural-edge-discovery-v3/runtime/upstox_candidate_replay.zip!upstox_candidate_replay/20240611/underlying/NIFTY_20240611.parquet', 'source_hash': '4357f109ed631802b3774c34db9c318f71742f8e99de307408af71bf00810707'}",{'completed_bar_only': True},"{'buy_ce_allowed': False, 'buy_pe_allowed': True, 'research_only': True}",495d78b28e715b21cd910e979abe209ed2b8f1cd7952aeecde52bc5e5692a88d,23223.5,2024-06-11 09:40:00+05:30,25,-0.0006821766816086536,60.20000000000073,0.0,184.75,15.699999999999273,12.70999999999937,0.0003228221098410707,12.839285714285195,-31.78076923077242,66.29999999999927,16.849999999998545,0.35000000000010395,0.19999999999994802,0.44999999999994805,0,2,0.0002045760430686716,14.0,4.900000000001455,0.0,2024-06-11T09:41:00+05:30,23222.6,30,0.0,99.60000000000218,-96.05000000000291,-97.55000000000291,False,False,0.0
NIFTY:2024-06-13,2024-06-13,NIFTY,opening_range_low_break,2024-06-13T09:37:00+05:30,2024-06-13T09:37:00+05:30,DOWN,{},"{'source_path': '/Users/madhuram/tradebot-structural-edge-discovery-v3/runtime/upstox_candidate_replay.zip!upstox_candidate_replay/20240613/underlying/NIFTY_20240613.parquet', 'source_hash': '4357f109ed631802b3774c34db9c318f71742f8e99de307408af71bf00810707'}",{'completed_bar_only': True},"{'buy_ce_allowed': False, 'buy_pe_allowed': True, 'research_only': True}",b3419dcea5ed8a9b5ccce95a64c96c9079bbd0c51e00bc4b038e4acdb63de890,23403.05,2024-06-13 09:36:00+05:30,21,0.0044533301299102155,71.95000000000073,0.0,146.0,13.790000000000145,12.090000000000389,0.0003108041475209293,12.47857142857174,-24.4659090909081,78.0,7.049999999999272,0.6828358208955568,0.31716417910444317,0.0,0,0,-0.0003993610223642641,13.400000000001455,9.150000000001455,0.0,2024-06-13T09:37:00+05:30,23401.35,30,37.29999999999927,12.75,23.599999999998545,22.099999999998545,True,True,0.632707774798901
NIFTY:2024-06-13,2024-06-13,NIFTY,opening_range_low_break,2024-06-13T09:38:00+05:30,2024-06-13T09:38:00+05:30,DOWN,{},"{'source_path': '/Users/madhuram/tradebot-structural-edge-discovery-v3/runtime/upstox_candidate_replay.zip!upstox_candidate_replay/20240613/underlying/NIFTY_20240613.parquet', 'source_hash': '4357f109ed631802b3774c34db9c318f71742f8e99de307408af71bf00810707'}",{'completed_bar_only': True},"{'buy_ce_allowed': False, 'buy_pe_allowed': True, 'research_only': True}",dd88ac2cdd8e49cfc2f50e61ea8c8d552d6f368eb11a8f0deadd3d8c105e6b9b,23407.5,2024-06-13 09:37:00+05:30,22,0.003987832712669985,71.95000000000073,0.0,146.0,13.590000000000146,12.536666666667104,0.000317651107268599,12.507142857143274,-19.145652173912822,73.54999999999927,11.5,0.46067415730340444,0.34831460674162507,0.19101123595497044,0,0,0.0001901461561635287,13.350000000002183,6.150000000001455,0.0,2024-06-13T09:38:00+05:30,23407.6,30,43.54999999999927,6.5,27.649999999997817,26.149999999997817,True,True,0.6349024110217745
NIFTY:2024-06-13,2024-06-13,NIFTY,opening_range_low_break,2024-06-13T09:39:00+05:30,2024-06-13T09:39:00+05:30,DOWN,{},"{'source_path': '/Users/madhuram/tradebot-structural-edge-discovery-v3/runtime/upstox_candidate_replay.zip!upstox_candidate_replay/20240613/underlying/NIFTY_20240613.parquet', 'source_hash': '4357f109ed631802b3774c34db9c318f71742f8e99de307408af71bf00810707'}",{'completed_bar_only': True},"{'buy_ce_allowed': False, 'buy_pe_allowed': True, 'research_only': True}",542a301e8249a491c975f382f2063b43517f05c2755ee1f396afcb6b0628691a,23402.85,2024-06-13 09:38:00+05:30,23,0.00425597638619541,71.95000000000073,0.0,146.0,15.18000000000102,12.8466666666672,0.0003147510882903305,13.157142857143429,-22.80416666666497,78.20000000000073,6.849999999998545,0.2698863636363302,0.3607954545455338,0.369318181818136,0,0,-0.0001986542774752298,17.600000000002183,4.75,0.0,2024-06-13T09:39:00+05:30,23401.0,30,36.95000000000073,13.099999999998545,0.4500000000007276,-1.0499999999992724,True,True,0.012178619756447056
NIFTY:2024-06-13,2024-06-13,NIFTY,opening_range_low_break,2024-06-13T09:40:00+05:30,2024-06-13T09:40:00+05:30,DOWN,{},"{'source_path': '/Users/madhuram/tradebot-structural-edge-discovery-v3/runtime/upstox_candidate_replay.zip!upstox_candidate_replay/20240613/underlying/NIFTY_20240613.parquet', 'source_hash': '4357f109ed631802b3774c34db9c318f71742f8e99de307408af71bf00810707'}",{'completed_bar_only': True},"{'buy_ce_allowed': False, 'buy_pe_allowed': True, 'research_only': True}",17a43b2abf27c074cdb31eba9898b813b01fd8c2233e12dd26ffafdf42f29e0e,23396.25,2024-06-13 09:39:00+05:30,24,0.003972816666952624,71.95000000000073,0.0,146.0,16.46000000000131,13.573333333333965,0.00031912720473729596,13.367857142857767,-28.227999999999156,84.79999999999927,6.400000000001455,0.2448453608247239,0.425257731958731,0.32989690721654513,0,0,-0.00028201693383489435,19.400000000001455,4.75,0.0,2024-06-13T09:40:00+05:30,23395.1,30,31.049999999999272,19.0,-3.25,-4.75,True,True,-0.10466988727858538
NIFTY:2024-06-13,2024-06-13,NIFTY,opening_range_low_break,2024-06-13T09:41:00+05:30,2024-06-13T09:41:00+05:30,DOWN,{},"{'source_path': '/Users/madhuram/tradebot-structural-edge-discovery-v3/runtime/upstox_candidate_replay.zip!upstox_candidate_replay/20240613/underlying/NIFTY_20240613.parquet', 'source_hash': '4357f109ed631802b3774c34db9c318f71742f8e99de307408af71bf00810707'}",{'completed_bar_only': True},"{'buy_ce_allowed': False, 'buy_pe_allowed': True, 'research_only': True}",4ef3cfea543a4e05991b58e3cb0d7220ede7863ad4ddc2a758fe0e954dfa50c3,23396.2,2024-06-13 09:40:00+05:30,25,0.003719689039144561,71.95000000000073,0.0,146.0,14.8400000000016,13.173333333333964,0.0003003125988803638,13.607142857143637,-27.190384615383664,84.84999999999854,8.900000000001455,0.1052631578949384,0.14832535885159467,0.746411483253467,0,0,-2.1370946198251417e-06,10.450000000000728,1.1000000000021828,0.0,2024-06-13T09:41:00+05:30,23395.8,30,31.75,18.299999999999272,-6.75,-8.25,True,True,-0.2125984251968504
NIFTY:2024-06-13,2024-06-13,NIFTY,opening_range_low_break,2024-06-13T09:42:00+05:30,2024-06-13T09:42:00+05:30,DOWN,{},"{'source_path': '/Users/madhuram/tradebot-structural-edge-discovery-v3/runtime/upstox_candidate_replay.zip!upstox_candidate_replay/20240613/underlying/NIFTY_20240613.parquet', 'source_hash': '4357f109ed631802b3774c34db9c318f71742f8e99de307408af71bf00810707'}",{'completed_bar_only': True},"{'buy_ce_allowed': False, 'buy_pe_allowed': True, 'research_only': True}",3d44b15c2299b8c3a8012701457ae5255f1ed9b79b8ce55c35e17d73e7fc8ad8,23389.45,2024-06-13 09:41:00+05:30,26,0.0037497211305794398,71.95000000000073,0.0,146.0,14.080000000001018,13.34000000000063,0.0002950857153678917,13.985714285715014,-32.683333333330665,91.59999999999854,3.25,0.661458333333282,0.0,0.338541666666718,0,0,-0.0002885083902514074,9.599999999998545,6.349999999998545,0.0,2024-06-13T09:42:00+05:30,23389.25,30,25.200000000000728,24.849999999998545,-7.049999999999272,-8.549999999999272,True,True,-0.2797619047618678
NIFTY:2024-06-13,2024-06-13,NIFTY,opening_range_low_break,2024-06-13T09:43:00+05:30,2024-06-13T09:43:00+05:30,DOWN,{},"{'source_path': '/Users/madhuram/tradebot-structural-edge-discovery-v3/runtime/upstox_candidate_replay.zip!upstox_candidate_replay/20240613/underlying/NIFTY_20240613.parquet', 'source_hash': '4357f109ed631802b3774c34db9c318f71742f8e99de307408af71bf00810707'}",{'completed_bar_only': True},"{'buy_ce_allowed': False, 'buy_pe_allowed': True, 'research_only': True}",aa2ae298dd72753ddd923ec74e172c662acb7ab68b9ff1395c5bc7d25cb193f3,23397.95,2024-06-13 09:42:00+05:30,27,0.003468706560724826,71.95000000000073,0.0,146.0,14.320000000000437,14.023333333333964,0.00032047940385829596,13.692857142857715,-23.319642857142753,83.09999999999854,11.75,0.5979381443299768,0.27835051546388145,0.12371134020614175,0,0,0.0003634117091253497,14.549999999999272,8.700000000000728,0.0,2024-06-13T09:43:00+05:30,23397.65,30,33.60000000000218,16.44999999999709,-6.099999999998545,-7.599999999998545,True,True,-0.18154761904756395
NIFTY:2024-06-13,2024-06-13,NIFTY,opening_range_low_break,2024-06-13T09:44:00+05:30,2024-06-13T09:44:00+05:30,DOWN,{},"{'source_path': '/Users/madhuram/tradebot-structural-edge-discovery-v3/runtime/upstox_candidate_replay.zip!upstox_candidate_replay/20240613/underlying/NIFTY_20240613.parquet', 'source_hash': '4357f109ed631802b3774c34db9c318f71742f8e99de307408af71bf00810707'}",{'completed_bar_only': True},"{'buy_ce_allowed': False, 'buy_pe_allowed': True, 'research_only': True}",521f0d8310400bbb20e1d8952b5b985e956fbdec0845b2bf432df3fbca997d87,23387.85,2024-06-13 09:43:00+05:30,28,0.0038290916579430587,71.95000000000073,0.0,146.0,13.430000000000291,13.656666666667297,0.00030241914448045766,14.242857142857767,-32.2672413793116,93.20000000000073,3.25,0.7452471482891122,0.007604562737531083,0.2471482889733567,1,0,-0.00043166174814468494,13.150000000001455,9.80000000000291,0.0,2024-06-13T09:44:00+05:30,23388.05,30,24.0,26.049999999999272,-20.650000000001455,-22.150000000001455,False,False,-0.8604166666667273
NIFTY:2024-06-19,2024-06-19,NIFTY,opening_range_low_break,2024-06-19T09:31:00+05:30,2024-06-19T09:31:00+05:30,DOWN,{},"{'source_path': '/Users/madhuram/tradebot-structural-edge-discovery-v3/runtime/upstox_candidate_replay.zip!upstox_candidate_replay/20240619/underlying/NIFTY_20240619.parquet', 'source_hash': '4357f109ed631802b3774c34db9c318f71742f8e99de307408af71bf00810707'}",{'completed_bar_only': True},"{'buy_ce_allowed': False, 'buy_pe_allowed': True, 'research_only': True}",f0597f4a52aac305f59935786b423e5aa793cd3c8a8949db027b6584fa74f8eb,23536.0,2024-06-19 09:30:00+05:30,15,-0.00021220339270784262,76.54999999999927,0.0,79.34999999999854,15.589999999999417,13.189999999999419,0.00040298209698243844,13.517857142856624,-45.056250000001455,94.84999999999854,0.0,0.740869565217366,0.259130434782634,0.0,0,0,-0.00086176521779735,28.75,21.299999999999272,0.0,2024-06-19T09:31:00+05:30,23534.7,30,2.600000000002183,69.95000000000073,-47.04999999999927,-48.54999999999927,False,False,-18.096153846138375
NIFTY:2024-06-19,2024-06-19,NIFTY,opening_range_low_break,2024-06-19T09:43:00+05:30,2024-06-19T09:43:00+05:30,DOWN,{},"{'source_path': '/Users/madhuram/tradebot-structural-edge-discovery-v3/runtime/upstox_candidate_replay.zip!upstox_candidate_replay/20240619/underlying/NIFTY_20240619.parquet', 'source_hash': '4357f109ed631802b3774c34db9c318f71742f8e99de307408af71bf00810707'}",{'completed_bar_only': True},"{'buy_ce_allowed': False, 'buy_pe_allowed': True, 'research_only': True}",5b6f58bca369b3b0db16c4767ae5a1c19ffb5bc1c3e1b095e37bad2512673f08,23553.3,2024-06-19 09:42:00+05:30,27,-6.153898388530524e-05,76.54999999999927,0.0,79.34999999999854,11.650000000000727,17.456666666667054,0.0006752313670682617,17.671428571429196,-26.776785714286234,77.54999999999927,21.200000000000728,0.8118279569892326,0.0,0.1881720430107674,4,0,-0.00037348114132440546,9.299999999999272,7.549999999999272,0.0,2024-06-19T09:43:00+05:30,23551.7,30,17.850000000002183,44.0,17.850000000002183,16.350000000002183,False,False,1.0
NIFTY:2024-06-19,2024-06-19,NIFTY,opening_range_low_break,2024-06-19T10:14:00+05:30,2024-06-19T10:14:00+05:30,DOWN,{},"{'source_path': '/Users/madhuram/tradebot-structural-edge-discovery-v3/runtime/upstox_candidate_replay.zip!upstox_candidate_replay/20240619/underlying/NIFTY_20240619.parquet', 'source_hash': '4357f109ed631802b3774c34db9c318f71742f8e99de307408af71bf00810707'}",{'completed_bar_only': True},"{'buy_ce_allowed': False, 'buy_pe_allowed': True, 'research_only': True}",e3964f9d9912f4238d272a06de8982811a0be393c11d74be599a762cad860c14,23533.85,2024-06-19 10:13:00+05:30,58,-4.8806780322711164e-05,76.54999999999927,0.0,79.34999999999854,13.290000000000145,10.836666666667103,0.00035888932463226463,11.182142857143324,-42.47372881356205,97.0,1.75,0.9545454545454835,0.04545454545451655,0.0,0,0,-0.0012243927903000662,28.600000000002183,27.30000000000291,0.0,2024-06-19T10:14:00+05:30,23533.3,30,120.39999999999782,4.049999999999272,72.25,70.75,True,True,0.6000830564784162
NIFTY:2024-06-19,2024-06-19,NIFTY,opening_range_low_break,2024-06-19T10:15:00+05:30,2024-06-19T10:15:00+05:30,DOWN,{},"{'source_path': '/Users/madhuram/tradebot-structural-edge-discovery-v3/runtime/upstox_candidate_replay.zip!upstox_candidate_replay/20240619/underlying/NIFTY_20240619.parquet', 'source_hash': '4357f109ed631802b3774c34db9c318f71742f8e99de307408af71bf00810707'}",{'completed_bar_only': True},"{'buy_ce_allowed': False, 'buy_pe_allowed': True, 'research_only': True}",158e810ed0ee2fd51f18c73aa3c3fe570ed3e77ffb0e5e83a9fa53b149f6faad,23523.05,2024-06-19 10:14:00+05:30,59,-0.0012307796777054872,76.54999999999927,0.0,79.34999999999854,14.21999999999971,11.393333333333674,0.0003687390102251422,11.50000000000026,-52.38583333333372,107.79999999999927,0.049999999999272404,0.7142857142857867,0.28222996515677234,0.003484320557440939,0,0,-0.00045891343745285695,14.349999999998545,10.25,0.0,2024-06-19T10:15:00+05:30,23523.05,30,110.14999999999782,9.549999999999272,59.95000000000073,58.45000000000073,True,True,0.5442578302315199
NIFTY:2024-06-19,2024-06-19,NIFTY,opening_range_low_break,2024-06-19T10:16:00+05:30,2024-06-19T10:16:00+05:30,DOWN,{},"{'source_path': '/Users/madhuram/tradebot-structural-edge-discovery-v3/runtime/upstox_candidate_replay.zip!upstox_candidate_replay/20240619/underlying/NIFTY_20240619.parquet', 'source_hash': '4357f109ed631802b3774c34db9c318f71742f8e99de307408af71bf00810707'}",{'completed_bar_only': True},"{'buy_ce_allowed': False, 'buy_pe_allowed': True, 'research_only': True}",c4242976366c499b60be01198c67c9b4bb1c4c6cdbf2488387078d199c51edf2,23511.45,2024-06-19 10:15:00+05:30,60,-0.0016657966327565646,76.54999999999927,0.0,79.34999999999854,15.390000000000146,11.800000000000242,0.0003684335264407679,11.735714285714494,-62.93688524590107,119.39999999999782,1.2999999999992724,0.724999999999909,0.19375000000013642,0.08124999999995453,0,0,-0.0004931333309242669,16.0,11.599999999998545,0.0,2024-06-19T10:16:00+05:30,23511.65,30,98.75,20.94999999999709,57.400000000001455,55.900000000001455,True,True,0.5812658227848249
NIFTY:2024-06-19,2024-06-19,NIFTY,opening_range_low_break,2024-06-19T10:17:00+05:30,2024-06-19T10:17:00+05:30,DOWN,{},"{'source_path': '/Users/madhuram/tradebot-structural-edge-discovery-v3/runtime/upstox_candidate_replay.zip!upstox_candidate_replay/20240619/underlying/NIFTY_20240619.parquet', 'source_hash': '4357f109ed631802b3774c34db9c318f71742f8e99de307408af71bf00810707'}",{'completed_bar_only': True},"{'buy_ce_allowed': False, 'buy_pe_allowed': True, 'research_only': True}",cee36db66c7535c06bdadbc1940cfd5740ba4ba20be857b8dfa9b2e6c16e284a,23503.6,2024-06-19 10:16:00+05:30,61,-0.002149620368130353,76.54999999999927,0.0,79.34999999999854,17.11999999999971,12.04333333333343,0.0003588817093806971,12.296428571428676,-69.645161290322,127.25,1.3999999999978172,0.4923547400613839,0.42201834862375726,0.08562691131485883,0,0,-0.0003338798755501138,16.349999999998545,8.05000000000291,0.0,2024-06-19T10:17:00+05:30,23503.35,30,90.44999999999709,29.25,59.0,57.5,True,True,0.652294085129927
NIFTY:2024-06-19,2024-06-19,NIFTY,opening_range_low_break,2024-06-19T10:18:00+05:30,2024-06-19T10:18:00+05:30,DOWN,{},"{'source_path': '/Users/madhuram/tradebot-structural-edge-discovery-v3/runtime/upstox_candidate_replay.zip!upstox_candidate_replay/20240619/underlying/NIFTY_20240619.parquet', 'source_hash': '4357f109ed631802b3774c34db9c318f71742f8e99de307408af71bf00810707'}",{'completed_bar_only': True},"{'buy_ce_allowed': False, 'buy_pe_allowed': True, 'research_only': True}",f7a0d4ba8dd04eb8301f6d030728cd39b6661adf0581948dbe072d32c9a54aef,23515.85,2024-06-19 10:17:00+05:30,62,-0.0025018780000254956,76.54999999999927,0.0,79.34999999999854,18.059999999999853,12.476666666666764,0.00040581984874430945,12.764285714285766,-56.48412698413085,115.0,14.349999999998545,0.8333333333333334,0.04333333333343035,0.12333333333323632,0,0,0.0005211967528377937,15.0,12.5,0.0,2024-06-19T10:18:00+05:30,23515.95,30,103.04999999999927,16.649999999997817,78.45000000000073,76.95000000000073,True,True,0.7612809315866209
NIFTY:2024-06-19,2024-06-19,NIFTY,opening_range_low_break,2024-06-19T10:19:00+05:30,2024-06-19T10:19:00+05:30,DOWN,{},"{'source_path': '/Users/madhuram/tradebot-structural-edge-discovery-v3/runtime/upstox_candidate_replay.zip!upstox_candidate_replay/20240619/underlying/NIFTY_20240619.parquet', 'source_hash': '4357f109ed631802b3774c34db9c318f71742f8e99de307408af71bf00810707'}",{'completed_bar_only': True},"{'buy_ce_allowed': False, 'buy_pe_allowed': True, 'research_only': True}",549597ec7f3b88dff52d60f10cd2624bb2d91df14ef6194bdf217905811ba1dc,23526.05,2024-06-19 10:18:00+05:30,63,-0.0019671254504016393,76.54999999999927,0.0,79.34999999999854,15.21999999999971,12.873333333333479,0.0004359890464101031,13.146428571428519,-45.56093750000218,104.79999999999927,24.549999999999272,0.701388888888717,0.23263888888901696,0.06597222222226608,0,0,0.00043375000265788444,14.400000000001455,10.099999999998545,0.0,2024-06-19T10:19:00+05:30,23526.05,30,113.14999999999782,6.549999999999272,85.5,84.0,True,True,0.7556341140079686
NIFTY:2024-06-20,2024-06-20,NIFTY,opening_range_low_break,2024-06-20T09:57:00+05:30,2024-06-20T09:57:00+05:30,DOWN,{},"{'source_path': '/Users/madhuram/tradebot-structural-edge-discovery-v3/runtime/upstox_candidate_replay.zip!upstox_candidate_replay/20240620/underlying/NIFTY_20240620.parquet', 'source_hash': '4357f109ed631802b3774c34db9c318f71742f8e99de307408af71bf00810707'}",{'completed_bar_only': True},"{'buy_ce_allowed': False, 'buy_pe_allowed': True, 'research_only': True}",4a480fd70d371d400f80e1936dc2eb13e50b1d3db6488b66b7ccc08e0253cd44,23453.4,2024-06-20 09:56:00+05:30,41,-0.0020066832756553913,125.95000000000073,0.0,251.09999999999854,17.93000000000029,18.340000000000146,0.0003579275568808627,18.150000000000155,-43.14999999999782,134.29999999999927,10.80000000000291,0.5495376486128949,0.1651254953764766,0.28533685601062847,4,0,-0.00090735983846435,37.85000000000218,20.799999999999272,0.0,2024-06-20T09:57:00+05:30,23452.9,30,4.450000000000728,82.0,-68.59999999999854,-70.09999999999854,False,False,-15.415730337075804
NIFTY:2024-06-20,2024-06-20,NIFTY,opening_range_low_break,2024-06-20T09:58:00+05:30,2024-06-20T09:58:00+05:30,DOWN,{},"{'source_path': '/Users/madhuram/tradebot-structural-edge-discovery-v3/runtime/upstox_candidate_replay.zip!upstox_candidate_replay/20240620/underlying/NIFTY_20240620.parquet', 'source_hash': '4357f109ed631802b3774c34db9c318f71742f8e99de307408af71bf00810707'}",{'completed_bar_only': True},"{'buy_ce_allowed': False, 'buy_pe_allowed': True, 'research_only': True}",8aa5c851507a6b8f859c84232e7d831652156e058c16b056732610dee031a302,23457.7,2024-06-20 09:57:00+05:30,42,-0.002912241618271021,125.95000000000073,0.0,251.09999999999854,16.860000000000582,17.740000000000144,0.00033687709300024885,18.167857142857297,-37.94651162790615,130.0,15.100000000002183,0.39999999999993935,0.22916666666666666,0.37083333333339397,5,0,0.00018334228725902513,12.0,4.799999999999272,0.0,2024-06-20T09:58:00+05:30,23459.0,30,1.2000000000007276,75.90000000000146,-59.25,-60.75,False,False,-49.374999999970065
NIFTY:2024-06-21,2024-06-21,NIFTY,opening_range_low_break,2024-06-21T09:44:00+05:30,2024-06-21T09:44:00+05:30,DOWN,{},"{'source_path': '/Users/madhuram/tradebot-structural-edge-discovery-v3/runtime/upstox_candidate_replay.zip!upstox_candidate_replay/20240621/underlying/NIFTY_20240621.parquet', 'source_hash': '4357f109ed631802b3774c34db9c318f71742f8e99de307408af71bf00810707'}",{'completed_bar_only': True},"{'buy_ce_allowed': False, 'buy_pe_allowed': True, 'research_only': True}",866c8407a480efc4e3aad8b85cada0b7c9e6f77d3edbb56b091f545ac443dc8e,23589.05,2024-06-21 09:43:00+05:30,28,0.001456795516377755,73.0,0.0,181.40000000000146,16.7,15.46999999999971,0.0004646132240980624,15.421428571428155,-29.7327586206884,78.04999999999927,7.149999999997817,0.7180616740088472,0.07195301027902437,0.20998531571212833,0,0,-0.0010544614518114281,34.04999999999927,24.450000000000728,0.0,2024-06-21T09:44:00+05:30,23590.65,30,23.600000000002183,31.799999999999272,5.900000000001455,4.400000000001455,False,False,0.2500000000000385
NIFTY:2024-06-21,2024-06-21,NIFTY,opening_range_low_break,2024-06-21T09:45:00+05:30,2024-06-21T09:45:00+05:30,DOWN,{},"{'source_path': '/Users/madhuram/tradebot-structural-edge-discovery-v3/runtime/upstox_candidate_replay.zip!upstox_candidate_replay/20240621/underlying/NIFTY_20240621.parquet', 'source_hash': '4357f109ed631802b3774c34db9c318f71742f8e99de307408af71bf00810707'}",{'completed_bar_only': True},"{'buy_ce_allowed': False, 'buy_pe_allowed': True, 'research_only': True}",dfc7baf508bdd001e1ee271c2060f66c819cb11f9041eb76bacca71035a2bbaa,23589.55,2024-06-21 09:44:00+05:30,29,0.00048771902295036075,73.0,0.0,181.40000000000146,17.920000000000435,15.459999999999612,0.00045463869475956205,15.653571428571013,-28.25833333333503,77.54999999999927,13.450000000000728,0.06875000000013642,0.0906249999998181,0.8406250000000455,0,0,2.1196275390433783e-05,16.0,1.1000000000021828,0.0,2024-06-21T09:45:00+05:30,23588.4,30,21.350000000002183,34.04999999999927,-1.25,-2.75,False,False,-0.05854800936767551
NIFTY:2024-06-21,2024-06-21,NIFTY,opening_range_low_break,2024-06-21T09:46:00+05:30,2024-06-21T09:46:00+05:30,DOWN,{},"{'source_path': '/Users/madhuram/tradebot-structural-edge-discovery-v3/runtime/upstox_candidate_replay.zip!upstox_candidate_replay/20240621/underlying/NIFTY_20240621.parquet', 'source_hash': '4357f109ed631802b3774c34db9c318f71742f8e99de307408af71bf00810707'}",{'completed_bar_only': True},"{'buy_ce_allowed': False, 'buy_pe_allowed': True, 'research_only': True}",4c20c0d9f6ebdeacb5e8625a43c42c0f7c709c2de55df5491d023825be083887,23579.3,2024-06-21 09:45:00+05:30,30,0.00039229573585137714,73.0,0.0,181.40000000000146,18.890000000000146,15.779999999999564,0.0004640698018162173,15.96785714285683,-37.26612903226123,87.79999999999927,3.2000000000007276,0.5185185185186644,0.4814814814813356,0.0,0,0,-0.0004345144354174213,17.549999999999272,9.100000000002183,0.0,2024-06-21T09:46:00+05:30,23579.2,30,12.150000000001455,43.25,-22.450000000000728,-23.950000000000728,False,False,-1.8477366255142418
NIFTY:2024-06-21,2024-06-21,NIFTY,opening_range_low_break,2024-06-21T09:47:00+05:30,2024-06-21T09:47:00+05:30,DOWN,{},"{'source_path': '/Users/madhuram/tradebot-structural-edge-discovery-v3/runtime/upstox_candidate_replay.zip!upstox_candidate_replay/20240621/underlying/NIFTY_20240621.parquet', 'source_hash': '4357f109ed631802b3774c34db9c318f71742f8e99de307408af71bf00810707'}",{'completed_bar_only': True},"{'buy_ce_allowed': False, 'buy_pe_allowed': True, 'research_only': True}",84b9272b6594ce760e0651d9bce686e534e47a8642239697ff4298b309f3fbcc,23581.5,2024-06-21 09:46:00+05:30,31,2.1205174910576676e-06,73.0,0.0,181.40000000000146,18.48000000000029,15.75666666666657,0.0004594954448031821,14.964285714285714,-33.970312500001455,85.59999999999854,7.400000000001455,0.1796874999999023,0.42187500000001776,0.39843750000007994,0,0,9.330217606118296e-05,12.80000000000291,2.2999999999992724,0.0,2024-06-21T09:47:00+05:30,23578.75,30,11.700000000000728,43.70000000000073,-17.25,-18.75,False,False,-1.4743589743588827
NIFTY:2024-06-21,2024-06-21,NIFTY,opening_range_low_break,2024-06-21T09:48:00+05:30,2024-06-21T09:48:00+05:30,DOWN,{},"{'source_path': '/Users/madhuram/tradebot-structural-edge-discovery-v3/runtime/upstox_candidate_replay.zip!upstox_candidate_replay/20240621/underlying/NIFTY_20240621.parquet', 'source_hash': '4357f109ed631802b3774c34db9c318f71742f8e99de307408af71bf00810707'}",{'completed_bar_only': True},"{'buy_ce_allowed': False, 'buy_pe_allowed': True, 'research_only': True}",93f37df6f45a9c98df385af775da58b0c3035b319b86800704e275922c1398c5,23591.65,2024-06-21 09:47:00+05:30,32,-1.6964139928769915e-05,73.0,0.0,181.40000000000146,19.840000000000874,15.220000000000194,0.00037636256654368207,15.325000000000207,-23.09848484848044,75.44999999999709,17.55000000000291,0.6861702127659286,0.23936170212762253,0.07446808510644885,0,0,0.0004304221529589647,18.80000000000291,12.900000000001455,0.0,2024-06-21T09:48:00+05:30,23591.9,30,24.850000000002183,30.549999999999272,9.5,8.0,False,False,0.38229376257541914
NIFTY:2024-06-21,2024-06-21,NIFTY,opening_range_low_break,2024-06-21T09:49:00+05:30,2024-06-21T09:49:00+05:30,DOWN,{},"{'source_path': '/Users/madhuram/tradebot-structural-edge-discovery-v3/runtime/upstox_candidate_replay.zip!upstox_candidate_replay/20240621/underlying/NIFTY_20240621.parquet', 'source_hash': '4357f109ed631802b3774c34db9c318f71742f8e99de307408af71bf00810707'}",{'completed_bar_only': True},"{'buy_ce_allowed': False, 'buy_pe_allowed': True, 'research_only': True}",669164d0c4e47a63184b0accf247824debf1b087989fcd9d80bd6c0ddae909e5,23581.35,2024-06-21 09:48:00+05:30,33,0.0005407319602275739,73.0,0.0,181.40000000000146,16.520000000000437,15.466666666666667,0.00036072493102219574,15.375,-32.41617647058956,85.75,7.25,0.604584527220898,0.38395415472769095,0.01146131805141106,0,0,-0.00043659515125071824,17.44999999999709,10.55000000000291,0.0,2024-06-21T09:49:00+05:30,23581.4,30,14.350000000002183,41.04999999999927,-5.75,-7.25,False,False,-0.4006968641114373
NIFTY:2024-06-21,2024-06-21,NIFTY,opening_range_low_break,2024-06-21T09:50:00+05:30,2024-06-21T09:50:00+05:30,DOWN,{},"{'source_path': '/Users/madhuram/tradebot-structural-edge-discovery-v3/runtime/upstox_candidate_replay.zip!upstox_candidate_replay/20240621/underlying/NIFTY_20240621.parquet', 'source_hash': '4357f109ed631802b3774c34db9c318f71742f8e99de307408af71bf00810707'}",{'completed_bar_only': True},"{'buy_ce_allowed': False, 'buy_pe_allowed': True, 'research_only': True}",5789d411856a83fb9bcb36118c5cb457582bdb3f7eb4c9063063453db7fcb0f9,23581.75,2024-06-21 09:49:00+05:30,34,9.542328709898364e-05,73.0,0.0,181.40000000000146,15.810000000000581,15.180000000000048,0.0003621233166058967,15.650000000000157,-31.101428571430006,85.34999999999854,7.650000000001455,0.028112449799078263,0.5060240963854542,0.46586345381546757,0,0,1.6962557275235213e-05,12.450000000000728,0.3499999999985448,0.0,2024-06-21T09:50:00+05:30,23579.7,30,12.650000000001455,42.75,-20.299999999999272,-21.799999999999272,False,False,-1.6047430830037104
NIFTY:2024-06-21,2024-06-21,NIFTY,opening_range_low_break,2024-06-21T09:51:00+05:30,2024-06-21T09:51:00+05:30,DOWN,{},"{'source_path': '/Users/madhuram/tradebot-structural-edge-discovery-v3/runtime/upstox_candidate_replay.zip!upstox_candidate_replay/20240621/underlying/NIFTY_20240621.parquet', 'source_hash': '4357f109ed631802b3774c34db9c318f71742f8e99de307408af71bf00810707'}",{'completed_bar_only': True},"{'buy_ce_allowed': False, 'buy_pe_allowed': True, 'research_only': True}",75d42104cf9217e5c66e1b57a2ffe386774820641532bd7acb152adab4374294,23581.4,2024-06-21 09:50:00+05:30,35,2.3325692401942918e-05,73.0,0.0,181.40000000000146,16.090000000000874,15.870000000000195,0.0003592797574376261,16.346428571428728,-30.577777777776646,85.69999999999709,14.350000000002183,0.08970976253301648,0.24274406332445214,0.6675461741425314,0,0,-1.4841985857660944e-05,18.950000000000728,1.7000000000007276,0.0,2024-06-21T09:51:00+05:30,23581.05,30,6.0,41.400000000001455,-16.75,-18.25,False,False,-2.7916666666666665
NIFTY:2024-06-25,2024-06-25,NIFTY,opening_range_low_break,2024-06-25T10:03:00+05:30,2024-06-25T10:03:00+05:30,DOWN,{},"{'source_path': '/Users/madhuram/tradebot-structural-edge-discovery-v3/runtime/upstox_candidate_replay.zip!upstox_candidate_replay/20240625/underlying/NIFTY_20240625.parquet', 'source_hash': '4357f109ed631802b3774c34db9c318f71742f8e99de307408af71bf00810707'}",{'completed_bar_only': True},"{'buy_ce_allowed': False, 'buy_pe_allowed': True, 'research_only': True}",eeb7e4a50d798feed02ef3bb53a67b07596e6c6fe629c8202428a5659bb47527,23569.6,2024-06-25 10:02:00+05:30,47,0.0009851944803628695,32.60000000000218,0.0,208.09999999999854,11.03000000000029,9.519999999999708,0.0002802866658257414,9.735714285713973,-19.640625000003638,48.5,2.099999999998545,0.375,0.27500000000024255,0.34999999999975745,0,3,-8.696887998937974e-05,6.0,2.25,0.0,2024-06-25T10:03:00+05:30,23569.7,30,4.75,34.70000000000073,-21.599999999998545,-23.099999999998545,False,False,-4.547368421052325
NIFTY:2024-06-25,2024-06-25,NIFTY,opening_range_low_break,2024-06-25T10:09:00+05:30,2024-06-25T10:09:00+05:30,DOWN,{},"{'source_path': '/Users/madhuram/tradebot-structural-edge-discovery-v3/runtime/upstox_candidate_replay.zip!upstox_candidate_replay/20240625/underlying/NIFTY_20240625.parquet', 'source_hash': '4357f109ed631802b3774c34db9c318f71742f8e99de307408af71bf00810707'}",{'completed_bar_only': True},"{'buy_ce_allowed': False, 'buy_pe_allowed': True, 'research_only': True}",7ed3803c2bbd0d3d24ea96c30d4ebc8cdc6f15b3ebea28dd5728d601e2c0f009,23570.8,2024-06-25 10:08:00+05:30,53,0.0010807413588463494,32.60000000000218,0.0,208.09999999999854,7.419999999999709,9.116666666666424,0.0002801058086675836,8.942857142856935,-16.953703703704377,47.29999999999927,5.849999999998545,0.43708609271517757,0.4768211920533152,0.08609271523150727,3,3,-0.00013998413513127694,7.549999999999272,3.2999999999992724,0.0,2024-06-25T10:09:00+05:30,23571.45,30,0.0,32.95000000000073,-24.049999999999272,-25.549999999999272,False,False,0.0
NIFTY:2024-06-25,2024-06-25,NIFTY,opening_range_low_break,2024-06-25T11:19:00+05:30,2024-06-25T11:19:00+05:30,DOWN,{},"{'source_path': '/Users/madhuram/tradebot-structural-edge-discovery-v3/runtime/upstox_candidate_replay.zip!upstox_candidate_replay/20240625/underlying/NIFTY_20240625.parquet', 'source_hash': '4357f109ed631802b3774c34db9c318f71742f8e99de307408af71bf00810707'}",{'completed_bar_only': True},"{'buy_ce_allowed': False, 'buy_pe_allowed': True, 'research_only': True}",66326e5149d5b5807cd1d94fc49d38d5f714be49d5422ac6b10d2ce42c29ca2b,23565.65,2024-06-25 11:18:00+05:30,123,0.0011359462219702615,32.60000000000218,0.0,208.09999999999854,7.549999999999272,5.766666666666424,0.00015889129391887313,5.639285714285506,-24.63991935483864,52.44999999999709,2.0,0.8262711864407289,0.004237288135531821,0.16949152542373927,0,3,-0.0004093267105825804,11.799999999999272,9.75,0.0,2024-06-25T11:19:00+05:30,23564.6,30,2.5499999999992724,25.5,-23.25,-24.75,False,False,-9.117647058826131
NIFTY:2024-06-25,2024-06-25,NIFTY,opening_range_low_break,2024-06-25T11:20:00+05:30,2024-06-25T11:20:00+05:30,DOWN,{},"{'source_path': '/Users/madhuram/tradebot-structural-edge-discovery-v3/runtime/upstox_candidate_replay.zip!upstox_candidate_replay/20240625/underlying/NIFTY_20240625.parquet', 'source_hash': '4357f109ed631802b3774c34db9c318f71742f8e99de307408af71bf00810707'}",{'completed_bar_only': True},"{'buy_ce_allowed': False, 'buy_pe_allowed': True, 'research_only': True}",ac2fb5d6b07773977c09db7c6b926ea4dbe9ccb67b3db8e4f4b694fbc299f0d0,23564.45,2024-06-25 11:19:00+05:30,124,0.0006773212052494342,32.60000000000218,0.0,208.09999999999854,7.669999999999709,5.676666666666521,0.00015563809880691392,5.689285714285559,-25.633200000000215,53.64999999999782,2.400000000001455,0.024193548386741873,0.5887096774195204,0.38709677419373767,0,3,-5.092157441022316e-05,6.200000000000728,0.1499999999978172,0.0,2024-06-25T11:20:00+05:30,23565.15,30,0.75,24.94999999999709,-20.0,-21.5,False,False,-26.666666666666668
NIFTY:2024-06-25,2024-06-25,NIFTY,opening_range_low_break,2024-06-25T11:32:00+05:30,2024-06-25T11:32:00+05:30,DOWN,{},"{'source_path': '/Users/madhuram/tradebot-structural-edge-discovery-v3/runtime/upstox_candidate_replay.zip!upstox_candidate_replay/20240625/underlying/NIFTY_20240625.parquet', 'source_hash': '4357f109ed631802b3774c34db9c318f71742f8e99de307408af71bf00810707'}",{'completed_bar_only': True},"{'buy_ce_allowed': False, 'buy_pe_allowed': True, 'research_only': True}",4523b8bedefa7b006da9366033570e07b0e66ab1d33f70c0883faefb22c1d85d,23569.85,2024-06-25 11:31:00+05:30,136,0.0010764948309138123,32.60000000000218,0.0,208.09999999999854,5.280000000000291,6.303333333333285,0.00019973745854807014,6.503571428571377,-19.068978102190158,48.25,7.799999999999272,0.6535433070869932,0.015748031495837436,0.3307086614171695,7,3,-0.00016967953898072707,6.349999999998545,4.150000000001455,0.0,2024-06-25T11:32:00+05:30,23568.95,30,2.600000000002183,24.399999999997817,-19.200000000000728,-20.700000000000728,False,False,-7.384615384609464
NIFTY:2024-06-25,2024-06-25,NIFTY,opening_range_low_break,2024-06-25T11:37:00+05:30,2024-06-25T11:37:00+05:30,DOWN,{},"{'source_path': '/Users/madhuram/tradebot-structural-edge-discovery-v3/runtime/upstox_candidate_replay.zip!upstox_candidate_replay/20240625/underlying/NIFTY_20240625.parquet', 'source_hash': '4357f109ed631802b3774c34db9c318f71742f8e99de307408af71bf00810707'}",{'completed_bar_only': True},"{'buy_ce_allowed': False, 'buy_pe_allowed': True, 'research_only': True}",696a21df32ca33a723ecf9e0166a0e21ff24546f67187365c341492f1a2a71bf,23569.35,2024-06-25 11:36:00+05:30,141,0.0009873177443292928,32.60000000000218,0.0,208.09999999999854,6.870000000000436,6.0900000000001455,0.00017903708162253816,6.142857142857403,-19.04507042253681,48.75,7.299999999999272,0.3953488372097089,0.36434108527105113,0.24031007751923994,0,3,-8.696980238775964e-05,6.450000000000728,2.5500000000029104,0.0,2024-06-25T11:37:00+05:30,23568.5,30,2.150000000001455,30.400000000001455,-24.849999999998545,-26.349999999998545,False,False,-11.55813953487522
NIFTY:2024-06-25,2024-06-25,NIFTY,opening_range_low_break,2024-06-25T11:38:00+05:30,2024-06-25T11:38:00+05:30,DOWN,{},"{'source_path': '/Users/madhuram/tradebot-structural-edge-discovery-v3/runtime/upstox_candidate_replay.zip!upstox_candidate_replay/20240625/underlying/NIFTY_20240625.parquet', 'source_hash': '4357f109ed631802b3774c34db9c318f71742f8e99de307408af71bf00810707'}",{'completed_bar_only': True},"{'buy_ce_allowed': False, 'buy_pe_allowed': True, 'research_only': True}",d42fb4ddd72930b4aa4e6bff68c2d51074da36df1636302976217277b4e2f946,23568.2,2024-06-25 11:37:00+05:30,142,0.0008429357946208612,32.60000000000218,0.0,208.09999999999854,5.470000000001164,5.986666666667103,0.0001790882234475999,5.950000000000467,-20.05384615384537,49.89999999999782,6.150000000001455,0.07894736842080069,0.43421052631583984,0.48684210526335947,1,3,-4.8792181371104526e-05,3.8000000000029104,0.2999999999992724,0.0,2024-06-25T11:38:00+05:30,23568.35,30,1.0999999999985448,30.55000000000291,-26.200000000000728,-27.700000000000728,False,False,-23.81818181821399
NIFTY:2024-06-25,2024-06-25,NIFTY,opening_range_low_break,2024-06-25T11:39:00+05:30,2024-06-25T11:39:00+05:30,DOWN,{},"{'source_path': '/Users/madhuram/tradebot-structural-edge-discovery-v3/runtime/upstox_candidate_replay.zip!upstox_candidate_replay/20240625/underlying/NIFTY_20240625.parquet', 'source_hash': '4357f109ed631802b3774c34db9c318f71742f8e99de307408af71bf00810707'}",{'completed_bar_only': True},"{'buy_ce_allowed': False, 'buy_pe_allowed': True, 'research_only': True}",2dfb676b1e9d50745236227ebfed4f0471580dc471ffe43786db6bde488e353d,23567.8,2024-06-25 11:38:00+05:30,143,0.0008365660027219008,32.60000000000218,0.0,208.09999999999854,5.450000000000728,5.786666666667103,0.0001684660622068609,5.757142857143273,-20.31180555555693,50.29999999999927,5.75,0.15714285714264925,0.7571428571432729,0.08571428571407783,2,3,-1.6972021622430056e-05,3.5,0.5499999999992724,0.0,2024-06-25T11:39:00+05:30,23567.85,30,0.5999999999985448,31.05000000000291,-27.950000000000728,-29.450000000000728,False,False,-46.58333333344753
NIFTY:2024-06-26,2024-06-26,NIFTY,opening_range_low_break,2024-06-26T09:31:00+05:30,2024-06-26T09:31:00+05:30,DOWN,{},"{'source_path': '/Users/madhuram/tradebot-structural-edge-discovery-v3/runtime/upstox_candidate_replay.zip!upstox_candidate_replay/20240626/underlying/NIFTY_20240626.parquet', 'source_hash': '4357f109ed631802b3774c34db9c318f71742f8e99de307408af71bf00810707'}",{'completed_bar_only': True},"{'buy_ce_allowed': False, 'buy_pe_allowed': True, 'research_only': True}",202cb20cde60b41dd235df9928637ff20d3812fc5b976af21f22df15454c94f2,23678.4,2024-06-26 09:30:00+05:30,15,-0.0010686327823657541,60.20000000000073,0.0,192.10000000000218,13.559999999999855,14.54333333333343,0.0004571201832917425,13.642857142857403,-34.18437499999709,71.09999999999854,1.1500000000014552,0.8231292517006085,0.12471655328798598,0.052154195011405585,11,0,-0.0007385243860752455,22.049999999999272,18.149999999997817,0.0,2024-06-26T09:31:00+05:30,23678.85,30,8.399999999997817,46.400000000001455,-16.900000000001455,-18.400000000001455,False,False,-2.0119047619054578
NIFTY:2024-06-26,2024-06-26,NIFTY,opening_range_low_break,2024-06-26T09:32:00+05:30,2024-06-26T09:32:00+05:30,DOWN,{},"{'source_path': '/Users/madhuram/tradebot-structural-edge-discovery-v3/runtime/upstox_candidate_replay.zip!upstox_candidate_replay/20240626/underlying/NIFTY_20240626.parquet', 'source_hash': '4357f109ed631802b3774c34db9c318f71742f8e99de307408af71bf00810707'}",{'completed_bar_only': True},"{'buy_ce_allowed': False, 'buy_pe_allowed': True, 'research_only': True}",072ec3a272c23e816f8813b0e3565c263e96c0786c047c569032a35e9471ab3e,23678.95,2024-06-26 09:31:00+05:30,16,-0.0018147787487512767,60.20000000000073,0.0,192.10000000000218,13.879999999999564,13.353333333333527,0.00040385035619427186,12.48928571428587,-31.655882352941262,70.54999999999927,8.5,0.010752688172278561,0.08602150537627258,0.9032258064514489,0,0,2.3227920805446445e-05,9.299999999999272,0.10000000000218279,0.0,2024-06-26T09:32:00+05:30,23678.65,30,0.8500000000021828,46.599999999998545,-14.94999999999709,-16.44999999999709,False,False,-17.588235294069058
NIFTY:2024-06-26,2024-06-26,NIFTY,opening_range_low_break,2024-06-26T09:47:00+05:30,2024-06-26T09:47:00+05:30,DOWN,{},"{'source_path': '/Users/madhuram/tradebot-structural-edge-discovery-v3/runtime/upstox_candidate_replay.zip!upstox_candidate_replay/20240626/underlying/NIFTY_20240626.parquet', 'source_hash': '4357f109ed631802b3774c34db9c318f71742f8e99de307408af71bf00810707'}",{'completed_bar_only': True},"{'buy_ce_allowed': False, 'buy_pe_allowed': True, 'research_only': True}",c771c153d1ea63ca3b7f6c54f714899bf0c0e55d7e05621b02cc8a0f53d1d91a,23686.15,2024-06-26 09:46:00+05:30,31,-0.00119088268646272,60.20000000000073,0.0,192.10000000000218,12.059999999999127,12.729999999999807,0.0004257532832380467,12.721428571428207,-22.85624999999709,63.349999999998545,15.700000000000728,0.6944444444444913,0.13425925925899881,0.17129629629650994,9,0,-0.0002933343462863114,10.799999999999272,7.5,0.0,2024-06-26T09:47:00+05:30,23685.65,30,4.600000000002183,37.54999999999927,-29.75,-31.25,False,False,-6.4673913043447575
NIFTY:2024-06-26,2024-06-26,NIFTY,opening_range_low_break,2024-06-26T09:48:00+05:30,2024-06-26T09:48:00+05:30,DOWN,{},"{'source_path': '/Users/madhuram/tradebot-structural-edge-discovery-v3/runtime/upstox_candidate_replay.zip!upstox_candidate_replay/20240626/underlying/NIFTY_20240626.parquet', 'source_hash': '4357f109ed631802b3774c34db9c318f71742f8e99de307408af71bf00810707'}",{'completed_bar_only': True},"{'buy_ce_allowed': False, 'buy_pe_allowed': True, 'research_only': True}",8fc200db5f4c08f80b499bf61068805d52ceafa0772d50cacba694c6fd10e449,23683.2,2024-06-26 09:47:00+05:30,32,-0.0015281238012132248,60.20000000000073,0.0,192.10000000000218,10.769999999999708,12.33999999999966,0.00040740886560242307,10.62499999999974,-25.024242424242402,66.29999999999927,12.75,0.35000000000010395,0.34285714285683105,0.30714285714306505,10,0,-0.00012454535667472122,7.0,2.4500000000007276,0.0,2024-06-26T09:48:00+05:30,23684.1,30,0.5499999999992724,48.80000000000291,-46.400000000001455,-47.900000000001455,False,False,-84.36363636375062
NIFTY:2024-06-26,2024-06-26,NIFTY,opening_range_low_break,2024-06-26T10:09:00+05:30,2024-06-26T10:09:00+05:30,DOWN,{},"{'source_path': '/Users/madhuram/tradebot-structural-edge-discovery-v3/runtime/upstox_candidate_replay.zip!upstox_candidate_replay/20240626/underlying/NIFTY_20240626.parquet', 'source_hash': '4357f109ed631802b3774c34db9c318f71742f8e99de307408af71bf00810707'}",{'completed_bar_only': True},"{'buy_ce_allowed': False, 'buy_pe_allowed': True, 'research_only': True}",ae49a6ac5403e9c3b9c76065de313f1b5fcc67f28e4a8679bfbb998114b7eb94,23689.15,2024-06-26 10:08:00+05:30,53,-0.0012688696942488662,60.20000000000073,0.0,192.10000000000218,8.560000000000581,8.599999999999758,0.00019684545121855987,8.392857142856883,-15.584259259256214,60.349999999998545,18.700000000000728,0.33757961783417945,0.28025477707020835,0.38216560509561226,1,0,-0.00012029377004885156,7.849999999998545,2.649999999997817,0.0,2024-06-26T10:09:00+05:30,23689.9,30,0.0,61.099999999998545,-33.849999999998545,-35.349999999998545,False,False,0.0
NIFTY:2024-06-28,2024-06-28,NIFTY,opening_range_low_break,2024-06-28T12:21:00+05:30,2024-06-28T12:21:00+05:30,DOWN,{},"{'source_path': '/Users/madhuram/tradebot-structural-edge-discovery-v3/runtime/upstox_candidate_replay.zip!upstox_candidate_replay/20240628/underlying/NIFTY_20240628.parquet', 'source_hash': '4357f109ed631802b3774c34db9c318f71742f8e99de307408af71bf00810707'}",{'completed_bar_only': True},"{'buy_ce_allowed': False, 'buy_pe_allowed': True, 'research_only': True}",61d5d07772cc719804cb3365de5082ef853ce7ec93fb9787d8120b35ab9345bd,24055.1,2024-06-28 12:20:00+05:30,185,0.002028199250294349,74.65000000000146,0.0,282.0499999999993,18.19999999999927,10.203333333333285,0.0004160864189927711,10.521428571428519,-75.76774193548772,118.90000000000146,1.4499999999970896,0.952,0.0016000000000931322,0.04639999999990687,0,5,-0.0011667884666490824,31.25,29.75,0.0,2024-06-28T12:21:00+05:30,24055.6,30,46.44999999999709,18.75,27.349999999998545,25.849999999998545,True,True,0.5888051668460766
NIFTY:2024-06-28,2024-06-28,NIFTY,opening_range_low_break,2024-06-28T12:22:00+05:30,2024-06-28T12:22:00+05:30,DOWN,{},"{'source_path': '/Users/madhuram/tradebot-structural-edge-discovery-v3/runtime/upstox_candidate_replay.zip!upstox_candidate_replay/20240628/underlying/NIFTY_20240628.parquet', 'source_hash': '4357f109ed631802b3774c34db9c318f71742f8e99de307408af71bf00810707'}",{'completed_bar_only': True},"{'buy_ce_allowed': False, 'buy_pe_allowed': True, 'research_only': True}",21649f2e4215c0e588d01a149af30c310aa090a90b103b68e4004c0834dd5a78,24036.0,2024-06-28 12:21:00+05:30,186,0.0008112797001177396,74.65000000000146,0.0,282.0499999999993,21.719999999999708,11.386666666666619,0.0004422019293937944,11.646428571428519,-94.36042780748903,138.0,3.900000000001455,0.8340425531914274,0.0,0.16595744680857255,0,5,-0.0007940104177491802,23.5,19.599999999998545,0.0,2024-06-28T12:22:00+05:30,24035.2,30,26.049999999999272,39.14999999999782,13.700000000000728,12.200000000000728,False,False,0.5259117082534015
NIFTY:2024-06-28,2024-06-28,NIFTY,opening_range_low_break,2024-06-28T12:23:00+05:30,2024-06-28T12:23:00+05:30,DOWN,{},"{'source_path': '/Users/madhuram/tradebot-structural-edge-discovery-v3/runtime/upstox_candidate_replay.zip!upstox_candidate_replay/20240628/underlying/NIFTY_20240628.parquet', 'source_hash': '4357f109ed631802b3774c34db9c318f71742f8e99de307408af71bf00810707'}",{'completed_bar_only': True},"{'buy_ce_allowed': False, 'buy_pe_allowed': True, 'research_only': True}",8495ed6d5e01c1af73ce0703b619e5da06f37b1a0d01f7c7c5b12093c81922f1,24043.55,2024-06-28 12:22:00+05:30,187,-3.7443678466881784e-05,74.65000000000146,0.0,282.0499999999993,17.109999999999854,11.639999999999903,0.0004616432296409003,12.060714285714182,-86.34867021276659,130.45000000000073,11.450000000000728,0.7229437229436425,0.2770562770563575,0.0,0,5,0.00031411216508558937,11.549999999999272,8.349999999998545,0.0,2024-06-28T12:23:00+05:30,24043.95,30,34.79999999999927,30.399999999997817,21.350000000002183,19.850000000002183,True,True,0.6135057471265123
NIFTY:2024-06-28,2024-06-28,NIFTY,opening_range_low_break,2024-06-28T12:24:00+05:30,2024-06-28T12:24:00+05:30,DOWN,{},"{'source_path': '/Users/madhuram/tradebot-structural-edge-discovery-v3/runtime/upstox_candidate_replay.zip!upstox_candidate_replay/20240628/underlying/NIFTY_20240628.parquet', 'source_hash': '4357f109ed631802b3774c34db9c318f71742f8e99de307408af71bf00810707'}",{'completed_bar_only': True},"{'buy_ce_allowed': False, 'buy_pe_allowed': True, 'research_only': True}",264c1c97cb297694cff73b53df5a2eaec354868d8c10faedceba16c1ab7589f4,24041.9,2024-06-28 12:23:00+05:30,188,0.0003265920844064629,74.65000000000146,0.0,282.0499999999993,17.109999999999125,11.953333333333042,0.0004535366000626729,12.26071428571413,-87.53306878306466,132.09999999999854,9.80000000000291,0.19617224880381276,0.13397129186585713,0.6698564593303301,0,5,-6.862547335972913e-05,10.44999999999709,2.0499999999992724,0.0,2024-06-28T12:24:00+05:30,24040.65,30,31.5,33.69999999999709,20.700000000000728,19.200000000000728,False,False,0.6571428571428802
NIFTY:2024-06-28,2024-06-28,NIFTY,opening_range_low_break,2024-06-28T12:25:00+05:30,2024-06-28T12:25:00+05:30,DOWN,{},"{'source_path': '/Users/madhuram/tradebot-structural-edge-discovery-v3/runtime/upstox_candidate_replay.zip!upstox_candidate_replay/20240628/underlying/NIFTY_20240628.parquet', 'source_hash': '4357f109ed631802b3774c34db9c318f71742f8e99de307408af71bf00810707'}",{'completed_bar_only': True},"{'buy_ce_allowed': False, 'buy_pe_allowed': True, 'research_only': True}",725fe8c9fc27b1061d0d0e335126f9fee8eb67919e77d4eadff3017c5158d085,24057.4,2024-06-28 12:24:00+05:30,189,0.00018929859669426032,74.65000000000146,0.0,282.0499999999993,19.93999999999942,12.973333333333237,0.0005056750160586713,13.339285714285454,-71.65394736842063,116.59999999999854,25.30000000000291,0.7298474945533537,0.10457516339859438,0.16557734204805186,0,5,0.0006447077809990098,22.950000000000728,16.75,0.0,2024-06-28T12:25:00+05:30,24058.55,30,49.39999999999782,15.799999999999272,29.5,28.0,True,True,0.5971659919028603
NIFTY:2024-06-28,2024-06-28,NIFTY,opening_range_low_break,2024-06-28T12:26:00+05:30,2024-06-28T12:26:00+05:30,DOWN,{},"{'source_path': '/Users/madhuram/tradebot-structural-edge-discovery-v3/runtime/upstox_candidate_replay.zip!upstox_candidate_replay/20240628/underlying/NIFTY_20240628.parquet', 'source_hash': '4357f109ed631802b3774c34db9c318f71742f8e99de307408af71bf00810707'}",{'completed_bar_only': True},"{'buy_ce_allowed': False, 'buy_pe_allowed': True, 'research_only': True}",b6eb8622e80a7bc3b9712ffe7bbbab7bf75d6bcc87ca3702f907d5c53564416e,24047.65,2024-06-28 12:25:00+05:30,190,0.0009340117573150689,74.65000000000146,0.0,282.0499999999993,17.05999999999913,13.573333333332993,0.0005082772428217399,13.974999999999584,-80.97774869110071,126.34999999999854,15.55000000000291,0.6468842729969589,0.05637982195850502,0.296735905044536,0,5,-0.00040528070365042357,16.849999999998545,10.899999999997817,0.0,2024-06-28T12:26:00+05:30,24045.55,30,36.39999999999782,28.799999999999272,13.599999999998545,12.099999999998545,True,True,0.37362637362635603
NIFTY:2024-06-28,2024-06-28,NIFTY,opening_range_low_break,2024-06-28T12:27:00+05:30,2024-06-28T12:27:00+05:30,DOWN,{},"{'source_path': '/Users/madhuram/tradebot-structural-edge-discovery-v3/runtime/upstox_candidate_replay.zip!upstox_candidate_replay/20240628/underlying/NIFTY_20240628.parquet', 'source_hash': '4357f109ed631802b3774c34db9c318f71742f8e99de307408af71bf00810707'}",{'completed_bar_only': True},"{'buy_ce_allowed': False, 'buy_pe_allowed': True, 'research_only': True}",3b56a5f16ad2849bc38d90e8762185f95486685e99323ed88d179fcd1ca61800,24053.45,2024-06-28 12:26:00+05:30,191,0.00039315862390324255,74.65000000000146,0.0,282.0499999999993,13.949999999999273,13.573333333332993,0.000519301049254259,14.246428571428103,-74.78619791666279,120.54999999999927,21.350000000002183,0.9937106918239915,0.006289308176008532,0.0,0,5,0.00024118780837212306,7.950000000000728,7.900000000001455,0.0,2024-06-28T12:27:00+05:30,24054.9,30,45.75,19.44999999999709,16.350000000002183,14.850000000002183,True,True,0.3573770491803756
NIFTY:2024-06-28,2024-06-28,NIFTY,opening_range_low_break,2024-06-28T12:30:00+05:30,2024-06-28T12:30:00+05:30,DOWN,{},"{'source_path': '/Users/madhuram/tradebot-structural-edge-discovery-v3/runtime/upstox_candidate_replay.zip!upstox_candidate_replay/20240628/underlying/NIFTY_20240628.parquet', 'source_hash': '4357f109ed631802b3774c34db9c318f71742f8e99de307408af71bf00810707'}",{'completed_bar_only': True},"{'buy_ce_allowed': False, 'buy_pe_allowed': True, 'research_only': True}",3a7e575abccec8bfee6681681fc589ecdf5889d69f4c7b89434f924ece2ea257,24052.75,2024-06-28 12:29:00+05:30,194,0.001229400776332388,74.65000000000146,0.0,282.0499999999993,13.879999999999564,15.546666666665988,0.0005902432437094362,16.346428571427946,-74.50102564102781,121.25,20.650000000001455,0.8190476190477114,0.03492063492058872,0.14603174603169983,1,5,-0.0005443398010042122,15.75,12.900000000001455,0.0,2024-06-28T12:30:00+05:30,24052.9,30,43.75,13.899999999997817,17.350000000002183,15.850000000002183,True,True,0.3965714285714785
NIFTY:2024-07-02,2024-07-02,NIFTY,opening_range_low_break,2024-07-02T09:31:00+05:30,2024-07-02T09:31:00+05:30,DOWN,{},"{'source_path': '/Users/madhuram/tradebot-structural-edge-discovery-v3/runtime/upstox_candidate_replay.zip!upstox_candidate_replay/20240702/underlying/NIFTY_20240702.parquet', 'source_hash': '4357f109ed631802b3774c34db9c318f71742f8e99de307408af71bf00810707'}",{'completed_bar_only': True},"{'buy_ce_allowed': False, 'buy_pe_allowed': True, 'research_only': True}",5c87ffe4955120940e8d22689862a933dfafc58c771b88bc06925fccb637b361,24130.85,2024-07-02 09:30:00+05:30,15,0.0008850419617669559,96.39999999999782,0.0,171.29999999999927,19.58999999999869,17.103333333332316,0.00046134093622754425,17.01428571428473,-46.978125000001455,105.5,2.1999999999970896,0.3739726027397659,0.5657534246575742,0.060273972602659986,0,0,-0.0005798337947844345,36.5,13.650000000001455,0.0,2024-07-02T09:31:00+05:30,24132.0,30,58.349999999998545,12.200000000000728,-8.049999999999272,-9.549999999999272,True,True,-0.13796058269065078
NIFTY:2024-07-02,2024-07-02,NIFTY,opening_range_low_break,2024-07-02T09:32:00+05:30,2024-07-02T09:32:00+05:30,DOWN,{},"{'source_path': '/Users/madhuram/tradebot-structural-edge-discovery-v3/runtime/upstox_candidate_replay.zip!upstox_candidate_replay/20240702/underlying/NIFTY_20240702.parquet', 'source_hash': '4357f109ed631802b3774c34db9c318f71742f8e99de307408af71bf00810707'}",{'completed_bar_only': True},"{'buy_ce_allowed': False, 'buy_pe_allowed': True, 'research_only': True}",f3dbf8e3cef5652704074f5c5df3c870c2a2fd5911c49eab6f91b09859ab0611,24129.55,2024-07-02 09:31:00+05:30,16,0.00036686751108369115,96.39999999999782,0.0,171.29999999999927,20.379999999999562,16.70333333333256,0.00045777193937138183,16.699999999999168,-45.438235294117476,106.79999999999927,4.950000000000728,0.1983805668016433,0.40080971659917836,0.40080971659917836,0,0,-5.387294687086985e-05,12.350000000002183,2.4500000000007276,0.0,2024-07-02T09:32:00+05:30,24130.1,30,56.44999999999709,17.200000000000728,-12.200000000000728,-13.700000000000728,True,True,-0.21612046058461215
NIFTY:2024-07-02,2024-07-02,NIFTY,opening_range_low_break,2024-07-02T09:34:00+05:30,2024-07-02T09:34:00+05:30,DOWN,{},"{'source_path': '/Users/madhuram/tradebot-structural-edge-discovery-v3/runtime/upstox_candidate_replay.zip!upstox_candidate_replay/20240702/underlying/NIFTY_20240702.parquet', 'source_hash': '4357f109ed631802b3774c34db9c318f71742f8e99de307408af71bf00810707'}",{'completed_bar_only': True},"{'buy_ce_allowed': False, 'buy_pe_allowed': True, 'research_only': True}",4031446b27e3f5b77103cd69e763116323fda7161d8dd2f6b2d10fa8ae190f92,24136.15,2024-07-02 09:33:00+05:30,18,0.0007005718573236835,96.39999999999782,0.0,171.29999999999927,16.530000000000292,16.369999999999468,0.000458908093255346,16.764285714285247,-34.97631578947403,100.19999999999709,11.55000000000291,0.3594470046080214,0.38248847926273,0.2580645161292486,0,0,-0.00017812426860308594,10.850000000002183,3.899999999997817,0.0,2024-07-02T09:34:00+05:30,24135.8,30,62.14999999999782,11.5,-0.7000000000007276,-2.2000000000007276,True,True,-0.011263073209987968
NIFTY:2024-07-02,2024-07-02,NIFTY,opening_range_low_break,2024-07-02T09:35:00+05:30,2024-07-02T09:35:00+05:30,DOWN,{},"{'source_path': '/Users/madhuram/tradebot-structural-edge-discovery-v3/runtime/upstox_candidate_replay.zip!upstox_candidate_replay/20240702/underlying/NIFTY_20240702.parquet', 'source_hash': '4357f109ed631802b3774c34db9c318f71742f8e99de307408af71bf00810707'}",{'completed_bar_only': True},"{'buy_ce_allowed': False, 'buy_pe_allowed': True, 'research_only': True}",62ec100d19b69a16c0e505f5f7d6e1514612736145fe06a02a849dc007d2097c,24133.3,2024-07-02 09:34:00+05:30,19,0.0005243925440913735,96.39999999999782,0.0,171.29999999999927,16.620000000000438,16.419999999999465,0.0004400117381291647,15.271428571428,-35.93500000000131,103.04999999999927,8.700000000000728,0.2155172413793374,0.34913793103446383,0.4353448275861988,0,0,-0.00011808014119907284,11.599999999998545,2.5,0.0,2024-07-02T09:35:00+05:30,24134.35,30,60.69999999999709,12.950000000000728,-6.75,-8.25,True,True,-0.11120263591433811
NIFTY:2024-07-02,2024-07-02,NIFTY,opening_range_low_break,2024-07-02T09:36:00+05:30,2024-07-02T09:36:00+05:30,DOWN,{},"{'source_path': '/Users/madhuram/tradebot-structural-edge-discovery-v3/runtime/upstox_candidate_replay.zip!upstox_candidate_replay/20240702/underlying/NIFTY_20240702.parquet', 'source_hash': '4357f109ed631802b3774c34db9c318f71742f8e99de307408af71bf00810707'}",{'completed_bar_only': True},"{'buy_ce_allowed': False, 'buy_pe_allowed': True, 'research_only': True}",4434f36fe32c23ae98c67f1b097dcbd369366845cd0bb5005090fa9635da9e0d,24134.15,2024-07-02 09:35:00+05:30,20,0.0004642843078120846,96.39999999999782,0.0,171.29999999999927,11.570000000000437,15.0033333333328,0.0003855502327666657,15.514285714285247,-33.414285714283324,102.19999999999709,9.55000000000291,0.01777777777751908,0.4311111111113051,0.5511111111111758,1,0,3.522104312314589e-05,11.25,0.19999999999708962,0.0,2024-07-02T09:36:00+05:30,24134.6,30,60.94999999999709,14.5,-11.150000000001455,-12.650000000001455,True,True,-0.18293683347009004
NIFTY:2024-07-02,2024-07-02,NIFTY,opening_range_low_break,2024-07-02T09:37:00+05:30,2024-07-02T09:37:00+05:30,DOWN,{},"{'source_path': '/Users/madhuram/tradebot-structural-edge-discovery-v3/runtime/upstox_candidate_replay.zip!upstox_candidate_replay/20240702/underlying/NIFTY_20240702.parquet', 'source_hash': '4357f109ed631802b3774c34db9c318f71742f8e99de307408af71bf00810707'}",{'completed_bar_only': True},"{'buy_ce_allowed': False, 'buy_pe_allowed': True, 'research_only': True}",5fd204744b36ed443d7d0e9e0ad976b88e427a86044901d8629bc9602382297c,24132.4,2024-07-02 09:36:00+05:30,21,0.0004746477968257499,96.39999999999782,0.0,171.29999999999927,10.789999999999418,15.043333333332702,0.0003812553089928637,14.99999999999948,-33.56590909090664,103.94999999999709,7.80000000000291,0.2603550295855441,0.4733727810652518,0.26627218934920416,2,0,-7.251135838637346e-05,8.44999999999709,2.1999999999970896,0.0,2024-07-02T09:37:00+05:30,24132.8,30,59.14999999999782,16.299999999999272,-3.0499999999992724,-4.549999999999272,True,True,-0.05156382079457963
NIFTY:2024-07-02,2024-07-02,NIFTY,opening_range_low_break,2024-07-02T09:38:00+05:30,2024-07-02T09:38:00+05:30,DOWN,{},"{'source_path': '/Users/madhuram/tradebot-structural-edge-discovery-v3/runtime/upstox_candidate_replay.zip!upstox_candidate_replay/20240702/underlying/NIFTY_20240702.parquet', 'source_hash': '4357f109ed631802b3774c34db9c318f71742f8e99de307408af71bf00810707'}",{'completed_bar_only': True},"{'buy_ce_allowed': False, 'buy_pe_allowed': True, 'research_only': True}",3c5f9f7500d664f4d42fd8f7943cf41afbbea11b0d3126c15cdceee49f174139,24128.3,2024-07-02 09:37:00+05:30,22,0.00040003067592738996,96.39999999999782,0.0,171.29999999999927,11.289999999999418,14.9533333333328,0.00035287353280855977,15.396428571428,-36.02826086956702,108.04999999999927,9.799999999999272,0.3146853146853307,0.0,0.6853146853146693,3,0,-0.0001698960733288457,14.299999999999272,4.5,0.0,2024-07-02T09:38:00+05:30,24129.75,30,56.099999999998545,19.349999999998545,-0.9000000000014552,-2.400000000001455,True,True,-0.016042780748689457
NIFTY:2024-07-02,2024-07-02,NIFTY,opening_range_low_break,2024-07-02T09:39:00+05:30,2024-07-02T09:39:00+05:30,DOWN,{},"{'source_path': '/Users/madhuram/tradebot-structural-edge-discovery-v3/runtime/upstox_candidate_replay.zip!upstox_candidate_replay/20240702/underlying/NIFTY_20240702.parquet', 'source_hash': '4357f109ed631802b3774c34db9c318f71742f8e99de307408af71bf00810707'}",{'completed_bar_only': True},"{'buy_ce_allowed': False, 'buy_pe_allowed': True, 'research_only': True}",6d198c3f2c5541587b2349c0ff6c6451bb7e1732e32ef8c8549bf461c8de40db,24123.4,2024-07-02 09:38:00+05:30,23,0.0002735961099607035,96.39999999999782,0.0,171.29999999999927,11.059999999999127,15.01666666666618,0.0003464568285570189,14.746428571428103,-39.22291666666206,112.94999999999709,4.900000000001455,0.6546391752575328,0.09793814432996457,0.2474226804125026,4,0,-0.00020308102933064287,9.700000000000728,6.349999999998545,0.0,2024-07-02T09:39:00+05:30,24123.8,30,50.14999999999782,25.299999999999272,-18.0,-19.5,True,True,-0.3589232303090884
NIFTY:2024-07-04,2024-07-04,NIFTY,opening_range_low_break,2024-07-04T10:35:00+05:30,2024-07-04T10:35:00+05:30,DOWN,{},"{'source_path': '/Users/madhuram/tradebot-structural-edge-discovery-v3/runtime/upstox_candidate_replay.zip!upstox_candidate_replay/20240704/underlying/NIFTY_20240704.parquet', 'source_hash': '4357f109ed631802b3774c34db9c318f71742f8e99de307408af71bf00810707'}",{'completed_bar_only': True},"{'buy_ce_allowed': False, 'buy_pe_allowed': True, 'research_only': True}",d2babea794e88a852265ad89a613e2ec79caabd4b9e2cee67ff4cee39e719799,24318.85,2024-07-04 10:34:00+05:30,79,0.0015088016862351778,53.0,0.0,102.05000000000291,10.2,10.736666666666375,0.0002480708562627218,11.074999999999688,-48.44500000000335,82.15000000000146,4.099999999998545,0.6771653543308417,0.0,0.32283464566915826,5,1,-0.0003432371995133465,12.700000000000728,8.600000000002183,0.0,2024-07-04T10:35:00+05:30,24319.45,30,19.100000000002183,19.649999999997817,-19.149999999997817,-20.649999999997817,False,False,-1.0026178010468916
NIFTY:2024-07-04,2024-07-04,NIFTY,opening_range_low_break,2024-07-04T10:36:00+05:30,2024-07-04T10:36:00+05:30,DOWN,{},"{'source_path': '/Users/madhuram/tradebot-structural-edge-discovery-v3/runtime/upstox_candidate_replay.zip!upstox_candidate_replay/20240704/underlying/NIFTY_20240704.parquet', 'source_hash': '4357f109ed631802b3774c34db9c318f71742f8e99de307408af71bf00810707'}",{'completed_bar_only': True},"{'buy_ce_allowed': False, 'buy_pe_allowed': True, 'research_only': True}",df4d9e356d7b17ea0fa42bbcf5de881fe1a6e9cf00faaf8025a28e10a947e258,24317.55,2024-07-04 10:35:00+05:30,80,0.001179458889785493,53.0,0.0,102.05000000000291,10.309999999999855,10.823333333332993,0.0002462577986477206,10.792857142856779,-49.13086419753017,83.45000000000073,4.849999999998545,0.26027397260296503,0.07534246575333249,0.6643835616437025,6,1,-5.34564751211164e-05,7.299999999999272,1.9000000000014552,0.0,2024-07-04T10:36:00+05:30,24317.45,30,17.100000000002183,22.049999999999272,-18.5,-20.0,False,False,-1.0818713450291018
NIFTY:2024-07-04,2024-07-04,NIFTY,opening_range_low_break,2024-07-04T10:38:00+05:30,2024-07-04T10:38:00+05:30,DOWN,{},"{'source_path': '/Users/madhuram/tradebot-structural-edge-discovery-v3/runtime/upstox_candidate_replay.zip!upstox_candidate_replay/20240704/underlying/NIFTY_20240704.parquet', 'source_hash': '4357f109ed631802b3774c34db9c318f71742f8e99de307408af71bf00810707'}",{'completed_bar_only': True},"{'buy_ce_allowed': False, 'buy_pe_allowed': True, 'research_only': True}",32d082c5a12d45960c434367c91247fce5ea9ec438cf36bf4cb209ce870a1a1f,24318.7,2024-07-04 10:37:00+05:30,82,0.0014635170517232562,53.0,0.0,102.05000000000291,11.8,11.496666666666473,0.00027480512342376197,11.046428571428416,-46.91024096385445,82.29999999999927,6.0,0.6710526315786702,0.18859649122817376,0.140350877193156,0,1,-0.0002918711820371067,11.400000000001455,7.649999999997817,0.0,2024-07-04T10:38:00+05:30,24319.05,30,18.700000000000728,20.450000000000728,-14.25,-15.75,False,False,-0.7620320855614677
NIFTY:2024-07-04,2024-07-04,NIFTY,opening_range_low_break,2024-07-04T10:47:00+05:30,2024-07-04T10:47:00+05:30,DOWN,{},"{'source_path': '/Users/madhuram/tradebot-structural-edge-discovery-v3/runtime/upstox_candidate_replay.zip!upstox_candidate_replay/20240704/underlying/NIFTY_20240704.parquet', 'source_hash': '4357f109ed631802b3774c34db9c318f71742f8e99de307408af71bf00810707'}",{'completed_bar_only': True},"{'buy_ce_allowed': False, 'buy_pe_allowed': True, 'research_only': True}",70b53b420145842cefb09e53b60a63410a9751d06bee4695696b54578e9fbab5,24304.7,2024-07-04 10:46:00+05:30,91,0.0016775898694155814,53.0,0.0,102.05000000000291,10.349999999999273,10.519999999999952,0.0003565944876964685,10.51071428571413,-57.01521739130112,96.29999999999927,2.0,0.9306759098786793,0.0,0.06932409012132065,9,1,-0.0010952947534763613,28.849999999998545,26.849999999998545,0.0,2024-07-04T10:47:00+05:30,24304.1,30,3.75,40.70000000000073,-36.70000000000073,-38.20000000000073,False,False,-9.78666666666686
NIFTY:2024-07-04,2024-07-04,NIFTY,opening_range_low_break,2024-07-04T10:48:00+05:30,2024-07-04T10:48:00+05:30,DOWN,{},"{'source_path': '/Users/madhuram/tradebot-structural-edge-discovery-v3/runtime/upstox_candidate_replay.zip!upstox_candidate_replay/20240704/underlying/NIFTY_20240704.parquet', 'source_hash': '4357f109ed631802b3774c34db9c318f71742f8e99de307408af71bf00810707'}",{'completed_bar_only': True},"{'buy_ce_allowed': False, 'buy_pe_allowed': True, 'research_only': True}",73787cf35314f7b1e449a3c27b35548baf777987ff72b93eed4acec3c18c300d,24310.6,2024-07-04 10:47:00+05:30,92,0.0005475323990975708,53.0,0.0,102.05000000000291,11.569999999999709,10.533333333333333,0.00036734256074480096,10.353571428571481,-50.56559139785168,90.40000000000146,10.25,0.5990783410137044,0.055299539170696965,0.34562211981559865,0,1,0.00024275140199203626,10.850000000002183,6.5,0.0,2024-07-04T10:48:00+05:30,24310.35,30,0.09999999999854481,34.45000000000073,-31.200000000000728,-32.70000000000073,False,False,-312.0000000045475
NIFTY:2024-07-04,2024-07-04,NIFTY,opening_range_low_break,2024-07-04T10:49:00+05:30,2024-07-04T10:49:00+05:30,DOWN,{},"{'source_path': '/Users/madhuram/tradebot-structural-edge-discovery-v3/runtime/upstox_candidate_replay.zip!upstox_candidate_replay/20240704/underlying/NIFTY_20240704.parquet', 'source_hash': '4357f109ed631802b3774c34db9c318f71742f8e99de307408af71bf00810707'}",{'completed_bar_only': True},"{'buy_ce_allowed': False, 'buy_pe_allowed': True, 'research_only': True}",d9cd22cf8d617cde43c5dd1e6aa20c03825e7d0ab231dda7ee807be7bef965cb,24314.05,2024-07-04 10:48:00+05:30,93,0.000804831458823887,53.0,0.0,102.05000000000291,11.340000000000146,10.026666666666763,0.00035310390995665295,9.835714285714337,-46.61436170212983,86.95000000000073,13.700000000000728,0.6788990825688502,0.30275229357820826,0.018348623852941552,0,1,0.00014191340402947006,5.450000000000728,3.7000000000007276,0.0,2024-07-04T10:49:00+05:30,24314.2,30,3.0499999999992724,30.599999999998545,-26.75,-28.25,False,False,-8.77049180328078
NIFTY:2024-07-04,2024-07-04,NIFTY,opening_range_low_break,2024-07-04T10:50:00+05:30,2024-07-04T10:50:00+05:30,DOWN,{},"{'source_path': '/Users/madhuram/tradebot-structural-edge-discovery-v3/runtime/upstox_candidate_replay.zip!upstox_candidate_replay/20240704/underlying/NIFTY_20240704.parquet', 'source_hash': '4357f109ed631802b3774c34db9c318f71742f8e99de307408af71bf00810707'}",{'completed_bar_only': True},"{'buy_ce_allowed': False, 'buy_pe_allowed': True, 'research_only': True}",9f2d7be8b80777934330d0f7f27b256fba9d551b9fe877eae394f1470ef225df,24315.85,2024-07-04 10:49:00+05:30,94,0.0009633276796153876,53.0,0.0,102.05000000000291,11.4,9.636666666666619,0.00034347460943613515,9.803571428571429,-44.342631578947476,85.15000000000146,15.5,0.24087591240849163,0.31386861313896525,0.4452554744525431,0,1,7.403126998584142e-05,6.849999999998545,1.6499999999978172,0.0,2024-07-04T10:50:00+05:30,24315.5,30,1.7999999999992724,29.299999999999272,-26.849999999998545,-28.349999999998545,False,False,-14.916666666671889
NIFTY:2024-07-04,2024-07-04,NIFTY,opening_range_low_break,2024-07-04T10:51:00+05:30,2024-07-04T10:51:00+05:30,DOWN,{},"{'source_path': '/Users/madhuram/tradebot-structural-edge-discovery-v3/runtime/upstox_candidate_replay.zip!upstox_candidate_replay/20240704/underlying/NIFTY_20240704.parquet', 'source_hash': '4357f109ed631802b3774c34db9c318f71742f8e99de307408af71bf00810707'}",{'completed_bar_only': True},"{'buy_ce_allowed': False, 'buy_pe_allowed': True, 'research_only': True}",612014d66cf37dabb55cdbeb656f65c796d59134db0de88a2c4c7aa90a3b9451,24319.0,2024-07-04 10:50:00+05:30,95,0.0010168458840384314,53.0,0.0,102.05000000000291,11.509999999999854,9.519999999999952,0.00034499783230646625,9.160714285714286,-40.763541666663514,82.0,18.650000000001455,0.6306306306307133,0.04504504504505095,0.32432432432423575,0,1,0.0001295451320846297,5.549999999999272,3.5,0.0,2024-07-04T10:51:00+05:30,24319.35,30,4.649999999997817,25.450000000000728,-19.100000000002183,-20.600000000002183,False,False,-4.107526881722828
NIFTY:2024-07-05,2024-07-05,NIFTY,opening_range_low_break,2024-07-05T09:31:00+05:30,2024-07-05T09:31:00+05:30,DOWN,{},"{'source_path': '/Users/madhuram/tradebot-structural-edge-discovery-v3/runtime/upstox_candidate_replay.zip!upstox_candidate_replay/20240705/underlying/NIFTY_20240705.parquet', 'source_hash': '4357f109ed631802b3774c34db9c318f71742f8e99de307408af71bf00810707'}",{'completed_bar_only': True},"{'buy_ce_allowed': False, 'buy_pe_allowed': True, 'research_only': True}",687d20b67c56759fa4bf34b1b936af9c1b2f6caae35c8ffd77e5941476be01c0,24178.6,2024-07-05 09:30:00+05:30,15,-0.004875610222735156,77.10000000000218,0.0,120.0,16.74999999999927,17.60666666666681,0.0004033723793049621,17.45000000000021,-23.446875000001455,82.35000000000218,8.25,0.30505050505062264,0.36161616161604404,0.3333333333333333,11,0,-0.00030802880172664526,24.75,7.55000000000291,0.0,2024-07-05T09:31:00+05:30,24178.4,30,9.55000000000291,49.099999999998545,-23.44999999999709,-24.94999999999709,False,False,-2.4554973821979
NIFTY:2024-07-05,2024-07-05,NIFTY,opening_range_low_break,2024-07-05T09:32:00+05:30,2024-07-05T09:32:00+05:30,DOWN,{},"{'source_path': '/Users/madhuram/tradebot-structural-edge-discovery-v3/runtime/upstox_candidate_replay.zip!upstox_candidate_replay/20240705/underlying/NIFTY_20240705.parquet', 'source_hash': '4357f109ed631802b3774c34db9c318f71742f8e99de307408af71bf00810707'}",{'completed_bar_only': True},"{'buy_ce_allowed': False, 'buy_pe_allowed': True, 'research_only': True}",4c1d4cb09d127dc5d5b982afc2130a9ffc8258a3d69d291f9a381baf225ecb7d,24178.5,2024-07-05 09:31:00+05:30,16,-0.005194479245741041,77.10000000000218,0.0,120.0,14.919999999998982,17.15,0.0004024648283262798,16.328571428571585,-22.16176470588107,82.45000000000073,8.150000000001455,0.007722007721897088,0.6447876447876774,0.34749034749042557,12,0,-4.135888761025441e-06,12.94999999999709,0.09999999999854481,0.0,2024-07-05T09:32:00+05:30,24179.7,30,10.850000000002183,47.79999999999927,-5.349999999998545,-6.849999999998545,False,False,-0.4930875576034533
NIFTY:2024-07-05,2024-07-05,NIFTY,opening_range_low_break,2024-07-05T09:53:00+05:30,2024-07-05T09:53:00+05:30,DOWN,{},"{'source_path': '/Users/madhuram/tradebot-structural-edge-discovery-v3/runtime/upstox_candidate_replay.zip!upstox_candidate_replay/20240705/underlying/NIFTY_20240705.parquet', 'source_hash': '4357f109ed631802b3774c34db9c318f71742f8e99de307408af71bf00810707'}",{'completed_bar_only': True},"{'buy_ce_allowed': False, 'buy_pe_allowed': True, 'research_only': True}",fd34383d33ca3a299e0aa386f081a543a58fec67419cbde5decf785d24bb2ca4,24182.9,2024-07-05 09:52:00+05:30,37,-0.004488852956121655,77.10000000000218,0.0,120.0,10.629999999999564,11.323333333332993,0.00032602121650472443,11.117857142856987,-18.84078947368471,78.04999999999927,12.55000000000291,0.9511278195487601,0.04887218045123991,0.0,10,0,-0.0005310850045978643,13.299999999999272,12.649999999997817,0.0,2024-07-05T09:53:00+05:30,24182.8,30,13.950000000000728,52.29999999999927,-34.20000000000073,-35.70000000000073,False,False,-2.4516129032257306
NIFTY:2024-07-05,2024-07-05,NIFTY,opening_range_low_break,2024-07-05T09:54:00+05:30,2024-07-05T09:54:00+05:30,DOWN,{},"{'source_path': '/Users/madhuram/tradebot-structural-edge-discovery-v3/runtime/upstox_candidate_replay.zip!upstox_candidate_replay/20240705/underlying/NIFTY_20240705.parquet', 'source_hash': '4357f109ed631802b3774c34db9c318f71742f8e99de307408af71bf00810707'}",{'completed_bar_only': True},"{'buy_ce_allowed': False, 'buy_pe_allowed': True, 'research_only': True}",0b8bb14fc4d86d396baf23f2c1b8e76a10ac40d6beb20c452ebac0775ef3875a,24180.8,2024-07-05 09:53:00+05:30,38,-0.005013443929453919,77.10000000000218,0.0,120.0,10.7,11.0,0.00030584631462333853,10.210714285714337,-20.403846153843915,80.15000000000146,10.450000000000728,0.21390374331545808,0.12299465240654403,0.6631016042779979,11,0,-8.683822039545763e-05,9.350000000002183,2.0,0.0,2024-07-05T09:54:00+05:30,24179.7,30,10.850000000002183,55.39999999999782,-40.45000000000073,-41.95000000000073,False,False,-3.728110599077658
NIFTY:2024-07-05,2024-07-05,NIFTY,opening_range_low_break,2024-07-05T09:55:00+05:30,2024-07-05T09:55:00+05:30,DOWN,{},"{'source_path': '/Users/madhuram/tradebot-structural-edge-discovery-v3/runtime/upstox_candidate_replay.zip!upstox_candidate_replay/20240705/underlying/NIFTY_20240705.parquet', 'source_hash': '4357f109ed631802b3774c34db9c318f71742f8e99de307408af71bf00810707'}",{'completed_bar_only': True},"{'buy_ce_allowed': False, 'buy_pe_allowed': True, 'research_only': True}",1bd2ee43bf9a82b856771e232a318b143247e2f63e78aab82085b8e53803824c,24179.6,2024-07-05 09:54:00+05:30,39,-0.005140991538656213,77.10000000000218,0.0,120.0,8.779999999999564,9.969999999999951,0.0002582121884857042,9.939285714285559,-21.063750000001164,81.35000000000218,9.25,0.015151515151849218,0.507575757575649,0.47727272727250175,12,0,-4.9626149672521436e-05,6.599999999998545,0.10000000000218279,0.0,2024-07-05T09:55:00+05:30,24179.7,30,10.850000000002183,55.39999999999782,-42.14999999999782,-43.64999999999782,False,False,-3.884792626727128
NIFTY:2024-07-05,2024-07-05,NIFTY,opening_range_low_break,2024-07-05T09:56:00+05:30,2024-07-05T09:56:00+05:30,DOWN,{},"{'source_path': '/Users/madhuram/tradebot-structural-edge-discovery-v3/runtime/upstox_candidate_replay.zip!upstox_candidate_replay/20240705/underlying/NIFTY_20240705.parquet', 'source_hash': '4357f109ed631802b3774c34db9c318f71742f8e99de307408af71bf00810707'}",{'completed_bar_only': True},"{'buy_ce_allowed': False, 'buy_pe_allowed': True, 'research_only': True}",1fc7a6fbe9e8e75b647582a447fb941ffe9b44348dd0e48e429678d7d9b9a458,24179.25,2024-07-05 09:55:00+05:30,40,-0.005140991538656213,77.10000000000218,0.0,120.0,8.46999999999971,9.71999999999971,0.0002564407121611254,9.278571428571013,-20.891463414634927,81.70000000000073,8.900000000001455,0.06766917293246245,0.5789473684210238,0.3533834586465137,13,0,-1.4475011993475562e-05,6.649999999997817,0.4500000000007276,0.0,2024-07-05T09:56:00+05:30,24179.9,30,11.05000000000291,55.44999999999709,-49.849999999998545,-51.349999999998545,False,False,-4.51131221719325
NIFTY:2024-07-05,2024-07-05,NIFTY,opening_range_low_break,2024-07-05T09:57:00+05:30,2024-07-05T09:57:00+05:30,DOWN,{},"{'source_path': '/Users/madhuram/tradebot-structural-edge-discovery-v3/runtime/upstox_candidate_replay.zip!upstox_candidate_replay/20240705/underlying/NIFTY_20240705.parquet', 'source_hash': '4357f109ed631802b3774c34db9c318f71742f8e99de307408af71bf00810707'}",{'completed_bar_only': True},"{'buy_ce_allowed': False, 'buy_pe_allowed': True, 'research_only': True}",ae9be5e22d7c72b6a5d1b7a2bb9dce3a8cf40cf4ec4cb2c8c06072941b216259,24177.9,2024-07-05 09:56:00+05:30,41,-0.005132762660643128,77.10000000000218,0.0,120.0,9.390000000000146,9.396666666666473,0.0002153794896873206,8.889285714285506,-21.71190476190168,83.04999999999927,9.05000000000291,0.1809954751130745,0.0,0.8190045248869255,14,0,-5.583299730138602e-05,11.05000000000291,2.0,0.0,2024-07-05T09:57:00+05:30,24178.05,30,2.25,57.29999999999927,-47.54999999999927,-49.04999999999927,False,False,-21.13333333333301
NIFTY:2024-07-05,2024-07-05,NIFTY,opening_range_low_break,2024-07-05T09:58:00+05:30,2024-07-05T09:58:00+05:30,DOWN,{},"{'source_path': '/Users/madhuram/tradebot-structural-edge-discovery-v3/runtime/upstox_candidate_replay.zip!upstox_candidate_replay/20240705/underlying/NIFTY_20240705.parquet', 'source_hash': '4357f109ed631802b3774c34db9c318f71742f8e99de307408af71bf00810707'}",{'completed_bar_only': True},"{'buy_ce_allowed': False, 'buy_pe_allowed': True, 'research_only': True}",8a894b02e069fd577058a2ef657224fc59d87bb10858fdc525f84ad066d2c986,24178.15,2024-07-05 09:57:00+05:30,42,-0.005208879782263977,77.10000000000218,0.0,120.0,8.730000000000292,8.96333333333314,0.00014739652090420602,9.29285714285704,-20.962790697671153,82.79999999999927,9.30000000000291,0.010000000000218279,0.7649999999997817,0.225,15,0,1.0340021258992138e-05,10.0,0.10000000000218279,0.0,2024-07-05T09:58:00+05:30,24179.0,30,2.099999999998545,59.54999999999927,-57.70000000000073,-59.20000000000073,False,False,-27.47619047620986
NIFTY:2024-07-08,2024-07-08,NIFTY,opening_range_low_break,2024-07-08T09:42:00+05:30,2024-07-08T09:42:00+05:30,DOWN,{},"{'source_path': '/Users/madhuram/tradebot-structural-edge-discovery-v3/runtime/upstox_candidate_replay.zip!upstox_candidate_replay/20240708/underlying/NIFTY_20240708.parquet', 'source_hash': '4357f109ed631802b3774c34db9c318f71742f8e99de307408af71bf00810707'}",{'completed_bar_only': True},"{'buy_ce_allowed': False, 'buy_pe_allowed': True, 'research_only': True}",88c19fb8e8044baa4a664c25e89cddb4b0b0be2a382d9df92f8f7dd34b28344a,24266.4,2024-07-08 09:41:00+05:30,26,-0.0010424912868701017,55.75,0.0,194.15000000000146,14.93000000000102,11.8966666666672,0.00038614683996215145,12.128571428572156,-46.509259259259125,72.44999999999709,3.850000000002183,0.8445945945945323,0.02533783783783597,0.13006756756763171,0,1,-0.0010209458569357954,29.600000000002183,25.0,0.0,2024-07-08T09:42:00+05:30,24265.95,30,1.5499999999992724,46.349999999998545,-29.049999999999272,-30.549999999999272,False,False,-18.741935483879296
NIFTY:2024-07-08,2024-07-08,NIFTY,opening_range_low_break,2024-07-08T09:43:00+05:30,2024-07-08T09:43:00+05:30,DOWN,{},"{'source_path': '/Users/madhuram/tradebot-structural-edge-discovery-v3/runtime/upstox_candidate_replay.zip!upstox_candidate_replay/20240708/underlying/NIFTY_20240708.parquet', 'source_hash': '4357f109ed631802b3774c34db9c318f71742f8e99de307408af71bf00810707'}",{'completed_bar_only': True},"{'buy_ce_allowed': False, 'buy_pe_allowed': True, 'research_only': True}",f679a9bad91da7965b7dccbbb27f98a8944e04e77c619370a0e281f81c092bc0,24271.55,2024-07-08 09:42:00+05:30,27,-0.0020890949654044752,55.75,0.0,194.15000000000146,16.090000000000874,12.236666666667345,0.00038928062068901314,12.192857142857974,-39.88214285714275,67.29999999999927,9.0,0.4072727272726214,0.48000000000015874,0.11272727272721982,0,1,0.00021222760689676434,13.75,5.599999999998545,0.0,2024-07-08T09:43:00+05:30,24270.95,30,5.25,41.349999999998545,-35.54999999999927,-37.04999999999927,False,False,-6.771428571428433
NIFTY:2024-07-08,2024-07-08,NIFTY,opening_range_low_break,2024-07-08T09:44:00+05:30,2024-07-08T09:44:00+05:30,DOWN,{},"{'source_path': '/Users/madhuram/tradebot-structural-edge-discovery-v3/runtime/upstox_candidate_replay.zip!upstox_candidate_replay/20240708/underlying/NIFTY_20240708.parquet', 'source_hash': '4357f109ed631802b3774c34db9c318f71742f8e99de307408af71bf00810707'}",{'completed_bar_only': True},"{'buy_ce_allowed': False, 'buy_pe_allowed': True, 'research_only': True}",8a54f55de005cf0ccbcf563d3b921612a6dd64f22f71ffe7f8268641153222ff,24276.65,2024-07-08 09:43:00+05:30,28,-0.0018834753821953703,55.75,0.0,194.15000000000146,16.960000000000583,12.033333333334062,0.0003830093335857142,12.378571428572156,-33.582758620686946,62.19999999999709,14.100000000002183,0.5816326530613419,0.3469387755100071,0.07142857142865097,0,1,0.00021012255088792564,9.799999999999272,5.700000000000728,0.0,2024-07-08T09:44:00+05:30,24275.5,30,9.799999999999272,36.79999999999927,-28.650000000001455,-30.150000000001455,False,False,-2.9234693877554676
NIFTY:2024-07-08,2024-07-08,NIFTY,opening_range_low_break,2024-07-08T09:45:00+05:30,2024-07-08T09:45:00+05:30,DOWN,{},"{'source_path': '/Users/madhuram/tradebot-structural-edge-discovery-v3/runtime/upstox_candidate_replay.zip!upstox_candidate_replay/20240708/underlying/NIFTY_20240708.parquet', 'source_hash': '4357f109ed631802b3774c34db9c318f71742f8e99de307408af71bf00810707'}",{'completed_bar_only': True},"{'buy_ce_allowed': False, 'buy_pe_allowed': True, 'research_only': True}",12e1511fd619ec8f7ba7d24852eef3e8d7ad97967e71c78eccc5d0192656ee25,24273.45,2024-07-08 09:44:00+05:30,29,-0.0016963615614751148,55.75,0.0,194.15000000000146,16.780000000000292,12.436666666667346,0.0003797761909204245,12.33214285714348,-35.55666666666366,65.39999999999782,10.900000000001455,0.15471698113202056,0.4377358490565489,0.4075471698114306,0,1,-0.00013181390348337985,13.25,2.0499999999992724,0.0,2024-07-08T09:45:00+05:30,24274.3,30,8.599999999998545,38.0,-34.900000000001455,-36.400000000001455,False,False,-4.058139534884577
NIFTY:2024-07-08,2024-07-08,NIFTY,opening_range_low_break,2024-07-08T09:46:00+05:30,2024-07-08T09:46:00+05:30,DOWN,{},"{'source_path': '/Users/madhuram/tradebot-structural-edge-discovery-v3/runtime/upstox_candidate_replay.zip!upstox_candidate_replay/20240708/underlying/NIFTY_20240708.parquet', 'source_hash': '4357f109ed631802b3774c34db9c318f71742f8e99de307408af71bf00810707'}",{'completed_bar_only': True},"{'buy_ce_allowed': False, 'buy_pe_allowed': True, 'research_only': True}",9d69063349f16ef23be0901e96612f86b1d15a2b3e616e137efb2c51230fcaa7,24276.6,2024-07-08 09:45:00+05:30,30,-0.00174571026144533,55.75,0.0,194.15000000000146,15.1,12.116666666667152,0.0003853657136293141,12.303571428571948,-31.361290322583955,62.25,14.049999999999272,0.2527472527472132,0.01648351648367903,0.7307692307691077,0,1,0.00012977141691838945,9.099999999998545,2.2999999999992724,0.0,2024-07-08T09:46:00+05:30,24274.95,30,9.25,37.349999999998545,-26.700000000000728,-28.200000000000728,False,False,-2.8864864864865654
NIFTY:2024-07-08,2024-07-08,NIFTY,opening_range_low_break,2024-07-08T09:47:00+05:30,2024-07-08T09:47:00+05:30,DOWN,{},"{'source_path': '/Users/madhuram/tradebot-structural-edge-discovery-v3/runtime/upstox_candidate_replay.zip!upstox_candidate_replay/20240708/underlying/NIFTY_20240708.parquet', 'source_hash': '4357f109ed631802b3774c34db9c318f71742f8e99de307408af71bf00810707'}",{'completed_bar_only': True},"{'buy_ce_allowed': False, 'buy_pe_allowed': True, 'research_only': True}",0fff2319d1c3dc9f1991681bf72d993fd03d539aa869363df4c1bf02873b2c70,24266.9,2024-07-08 09:46:00+05:30,31,-0.0017189797156280866,55.75,0.0,194.15000000000146,12.509999999999128,12.593333333333673,0.00039184703727451026,12.460714285714598,-39.77812499999709,71.94999999999709,4.350000000002183,0.4834834834835032,0.4444444444443716,0.07207207207212522,1,1,-0.00039956171786814654,16.649999999997817,8.049999999999272,0.0,2024-07-08T09:47:00+05:30,24267.45,30,0.0,44.849999999998545,-37.29999999999927,-38.79999999999927,False,False,0.0
NIFTY:2024-07-08,2024-07-08,NIFTY,opening_range_low_break,2024-07-08T09:55:00+05:30,2024-07-08T09:55:00+05:30,DOWN,{},"{'source_path': '/Users/madhuram/tradebot-structural-edge-discovery-v3/runtime/upstox_candidate_replay.zip!upstox_candidate_replay/20240708/underlying/NIFTY_20240708.parquet', 'source_hash': '4357f109ed631802b3774c34db9c318f71742f8e99de307408af71bf00810707'}",{'completed_bar_only': True},"{'buy_ce_allowed': False, 'buy_pe_allowed': True, 'research_only': True}",d992b04452535b91d503d728b1c8874ad6341713d1e0bb3a5abe2830cfa14846,24276.55,2024-07-08 09:54:00+05:30,39,-0.0011967059742769303,55.75,0.0,194.15000000000146,9.25,12.906666666666327,0.00042492410445172534,12.578571428571065,-26.604999999999563,62.29999999999927,14.0,0.7375415282393833,0.26245847176061665,0.0,6,1,-0.0004282135056069558,15.049999999999272,11.100000000002183,0.0,2024-07-08T09:55:00+05:30,24277.3,30,7.099999999998545,41.79999999999927,-39.5,-41.0,False,False,-5.563380281691281
NIFTY:2024-07-08,2024-07-08,NIFTY,opening_range_low_break,2024-07-08T09:56:00+05:30,2024-07-08T09:56:00+05:30,DOWN,{},"{'source_path': '/Users/madhuram/tradebot-structural-edge-discovery-v3/runtime/upstox_candidate_replay.zip!upstox_candidate_replay/20240708/underlying/NIFTY_20240708.parquet', 'source_hash': '4357f109ed631802b3774c34db9c318f71742f8e99de307408af71bf00810707'}",{'completed_bar_only': True},"{'buy_ce_allowed': False, 'buy_pe_allowed': True, 'research_only': True}",5d0dcabab5eb640776045828571d351537976646049b7c5738cb3c70d0b243c2,24278.45,2024-07-08 09:55:00+05:30,40,-0.0016223385115198671,55.75,0.0,194.15000000000146,8.95,12.253333333333043,0.0003980600522327137,11.014285714285247,-24.10243902439106,60.39999999999782,15.900000000001455,0.14935064935082423,0.3831168831169414,0.4675324675322344,7,1,7.82648275805542e-05,7.700000000000728,1.1500000000014552,0.0,2024-07-08T09:56:00+05:30,24278.85,30,8.649999999997817,40.25,-32.30000000000291,-33.80000000000291,False,False,-3.7341040462440533
NIFTY:2024-07-10,2024-07-10,NIFTY,opening_range_low_break,2024-07-10T09:46:00+05:30,2024-07-10T09:46:00+05:30,DOWN,{},"{'source_path': '/Users/madhuram/tradebot-structural-edge-discovery-v3/runtime/upstox_candidate_replay.zip!upstox_candidate_replay/20240710/underlying/NIFTY_20240710.parquet', 'source_hash': '4357f109ed631802b3774c34db9c318f71742f8e99de307408af71bf00810707'}",{'completed_bar_only': True},"{'buy_ce_allowed': False, 'buy_pe_allowed': True, 'research_only': True}",0c43213c36562db9380816bd49d8d9ccfcad342a1a9c0c27cbce525fc6eae6f7,24371.9,2024-07-10 09:45:00+05:30,30,-0.0006921336350326697,77.45000000000073,0.0,111.69999999999709,12.360000000000582,11.04333333333343,0.000369906802692903,10.825000000000207,-35.330645161287975,89.14999999999782,1.75,0.9420529801324448,0.0,0.05794701986755525,0,0,-0.0011659668816225155,30.19999999999709,28.44999999999709,0.0,2024-07-10T09:46:00+05:30,24372.0,30,59.95000000000073,22.950000000000728,27.450000000000728,25.950000000000728,True,True,0.4578815679733177
NIFTY:2024-07-10,2024-07-10,NIFTY,opening_range_low_break,2024-07-10T09:47:00+05:30,2024-07-10T09:47:00+05:30,DOWN,{},"{'source_path': '/Users/madhuram/tradebot-structural-edge-discovery-v3/runtime/upstox_candidate_replay.zip!upstox_candidate_replay/20240710/underlying/NIFTY_20240710.parquet', 'source_hash': '4357f109ed631802b3774c34db9c318f71742f8e99de307408af71bf00810707'}",{'completed_bar_only': True},"{'buy_ce_allowed': False, 'buy_pe_allowed': True, 'research_only': True}",11ba9ec5b9c8a6fce0f827fd1966a33c5069f4952b88775d28e9183823421cb0,24373.1,2024-07-10 09:46:00+05:30,31,-0.0018531980464630538,77.45000000000073,0.0,111.69999999999709,13.290000000000145,10.74333333333343,0.0003717371914285947,10.685714285714441,-33.064062500001455,87.95000000000073,6.099999999998545,0.11458333333319912,0.3645833333333886,0.5208333333334123,0,0,4.923703117110101e-05,9.599999999998545,1.0999999999985448,0.0,2024-07-10T09:47:00+05:30,24373.4,30,61.35000000000218,21.549999999999272,34.45000000000073,32.95000000000073,True,True,0.5615321923390302
NIFTY:2024-07-10,2024-07-10,NIFTY,opening_range_low_break,2024-07-10T09:48:00+05:30,2024-07-10T09:48:00+05:30,DOWN,{},"{'source_path': '/Users/madhuram/tradebot-structural-edge-discovery-v3/runtime/upstox_candidate_replay.zip!upstox_candidate_replay/20240710/underlying/NIFTY_20240710.parquet', 'source_hash': '4357f109ed631802b3774c34db9c318f71742f8e99de307408af71bf00810707'}",{'completed_bar_only': True},"{'buy_ce_allowed': False, 'buy_pe_allowed': True, 'research_only': True}",7a1a8da53c7bb10bd5fff9a4d8e7c1145811124ca79ff4816b83b9a3f1cfe784,24374.25,2024-07-10 09:47:00+05:30,32,-0.001795861532318281,77.45000000000073,0.0,111.69999999999709,12.919999999999709,10.320000000000194,0.00037291533395890743,10.225000000000104,-30.946969696968154,86.79999999999927,7.25,0.16346153846123573,0.6538461538463421,0.18269230769242206,0,0,4.7183165046815745e-05,5.200000000000728,0.8499999999985448,0.0,2024-07-10T09:48:00+05:30,24373.65,30,61.60000000000218,21.299999999999272,33.60000000000218,32.10000000000218,True,True,0.5454545454545615
NIFTY:2024-07-10,2024-07-10,NIFTY,opening_range_low_break,2024-07-10T09:49:00+05:30,2024-07-10T09:49:00+05:30,DOWN,{},"{'source_path': '/Users/madhuram/tradebot-structural-edge-discovery-v3/runtime/upstox_candidate_replay.zip!upstox_candidate_replay/20240710/underlying/NIFTY_20240710.parquet', 'source_hash': '4357f109ed631802b3774c34db9c318f71742f8e99de307408af71bf00810707'}",{'completed_bar_only': True},"{'buy_ce_allowed': False, 'buy_pe_allowed': True, 'research_only': True}",e5c5fb79f577f25b17b0717ef9fd58e2043df0c5db4e3815b8d0d2ca669c9921,24378.15,2024-07-10 09:48:00+05:30,33,-0.0017856228690781536,77.45000000000073,0.0,111.69999999999709,13.279999999999564,10.256666666666812,0.0003760605394996708,10.007142857143013,-26.25147058823495,82.89999999999782,11.150000000001455,0.4205607476635228,0.448598130841023,0.1308411214954542,0,0,0.00016000492322842952,10.700000000000728,4.5,0.0,2024-07-10T09:49:00+05:30,24378.3,30,66.25,16.650000000001455,43.29999999999927,41.79999999999927,True,True,0.6535849056603664
NIFTY:2024-07-10,2024-07-10,NIFTY,opening_range_low_break,2024-07-10T09:52:00+05:30,2024-07-10T09:52:00+05:30,DOWN,{},"{'source_path': '/Users/madhuram/tradebot-structural-edge-discovery-v3/runtime/upstox_candidate_replay.zip!upstox_candidate_replay/20240710/underlying/NIFTY_20240710.parquet', 'source_hash': '4357f109ed631802b3774c34db9c318f71742f8e99de307408af71bf00810707'}",{'completed_bar_only': True},"{'buy_ce_allowed': False, 'buy_pe_allowed': True, 'research_only': True}",214e9992d762fd32a95fc6e2ebca16306ae05e0c9c61664aff88a7bc9a930320,24379.95,2024-07-10 09:51:00+05:30,36,-0.0010136276607726096,77.45000000000073,0.0,111.69999999999709,9.640000000000146,9.966666666666667,0.00039329168565233936,10.175000000000052,-23.058108108107263,81.09999999999854,12.950000000000728,0.8869257950530889,0.02473498233205645,0.08833922261485462,2,0,-0.0005698157527408432,14.149999999997817,12.549999999999272,0.0,2024-07-10T09:52:00+05:30,24378.85,30,113.75,12.850000000002183,111.5,110.0,True,True,0.9802197802197802
NIFTY:2024-07-10,2024-07-10,NIFTY,opening_range_low_break,2024-07-10T09:53:00+05:30,2024-07-10T09:53:00+05:30,DOWN,{},"{'source_path': '/Users/madhuram/tradebot-structural-edge-discovery-v3/runtime/upstox_candidate_replay.zip!upstox_candidate_replay/20240710/underlying/NIFTY_20240710.parquet', 'source_hash': '4357f109ed631802b3774c34db9c318f71742f8e99de307408af71bf00810707'}",{'completed_bar_only': True},"{'buy_ce_allowed': False, 'buy_pe_allowed': True, 'research_only': True}",b6c4076649d8d983479706d50da3c648799004db18392327e91e1f0d1ab2d40f,24373.7,2024-07-10 09:52:00+05:30,37,-0.0015726586736836234,77.45000000000073,0.0,111.69999999999709,9.909999999999854,9.933333333333334,0.0003826773782981967,10.128571428571377,-28.53684210526262,87.34999999999854,6.700000000000728,0.7862595419844869,0.0,0.21374045801551309,3,0,-0.0002563581959765804,6.549999999999272,5.149999999997817,0.0,2024-07-10T09:53:00+05:30,24372.95,30,115.70000000000073,18.75,115.29999999999927,113.79999999999927,True,True,0.9965427830596244
NIFTY:2024-07-10,2024-07-10,NIFTY,opening_range_low_break,2024-07-10T09:54:00+05:30,2024-07-10T09:54:00+05:30,DOWN,{},"{'source_path': '/Users/madhuram/tradebot-structural-edge-discovery-v3/runtime/upstox_candidate_replay.zip!upstox_candidate_replay/20240710/underlying/NIFTY_20240710.parquet', 'source_hash': '4357f109ed631802b3774c34db9c318f71742f8e99de307408af71bf00810707'}",{'completed_bar_only': True},"{'buy_ce_allowed': False, 'buy_pe_allowed': True, 'research_only': True}",78313576f328428387f0a0325a3e80bcbee3bd54813281a0fa0c3372b9ff34f1,24383.0,2024-07-10 09:53:00+05:30,38,-0.0018142911261505399,77.45000000000073,0.0,111.69999999999709,10.15,10.246666666666716,0.0004015926520856046,10.428571428571429,-18.743589743589837,78.04999999999927,16.0,0.844537815125886,0.0,0.155462184874114,4,0,0.00038155881134160907,11.900000000001455,10.049999999999272,0.0,2024-07-10T09:54:00+05:30,24382.85,30,132.59999999999854,8.850000000002183,130.75,129.25,True,True,0.986048265460041
NIFTY:2024-07-10,2024-07-10,NIFTY,opening_range_low_break,2024-07-10T09:56:00+05:30,2024-07-10T09:56:00+05:30,DOWN,{},"{'source_path': '/Users/madhuram/tradebot-structural-edge-discovery-v3/runtime/upstox_candidate_replay.zip!upstox_candidate_replay/20240710/underlying/NIFTY_20240710.parquet', 'source_hash': '4357f109ed631802b3774c34db9c318f71742f8e99de307408af71bf00810707'}",{'completed_bar_only': True},"{'buy_ce_allowed': False, 'buy_pe_allowed': True, 'research_only': True}",ed0abc4ead70b5f3bb901ecb2a6c9ca6363909642f767ea25dcdea7d99c0b0a5,24376.65,2024-07-10 09:55:00+05:30,40,-0.001337169419160694,77.45000000000073,0.0,111.69999999999709,10.96999999999971,10.686666666666861,0.00040419754501999855,11.096428571428728,-24.05243902438815,84.39999999999782,9.650000000001455,0.6652719665269126,0.20502092050214046,0.12970711297094695,0,0,-0.0003075768480754748,11.950000000000728,7.94999999999709,0.0,2024-07-10T09:56:00+05:30,24375.55,30,138.59999999999854,8.549999999999272,115.09999999999854,113.59999999999854,True,True,0.8304473304473287
NIFTY:2024-07-11,2024-07-11,NIFTY,opening_range_low_break,2024-07-11T09:33:00+05:30,2024-07-11T09:33:00+05:30,DOWN,{},"{'source_path': '/Users/madhuram/tradebot-structural-edge-discovery-v3/runtime/upstox_candidate_replay.zip!upstox_candidate_replay/20240711/underlying/NIFTY_20240711.parquet', 'source_hash': '4357f109ed631802b3774c34db9c318f71742f8e99de307408af71bf00810707'}",{'completed_bar_only': True},"{'buy_ce_allowed': False, 'buy_pe_allowed': True, 'research_only': True}",d083cc25513425aaf21ed6df291b39d2e431a65861ba068235c2cffdab793569,24322.5,2024-07-11 09:32:00+05:30,17,0.0016123459633765934,67.10000000000218,0.0,319.25,14.55,13.516666666666667,0.00034629574751427605,13.91785714285704,-32.53888888888832,80.15000000000146,1.0999999999985448,0.8338108882521594,0.13467048710604645,0.031518624641794085,0,0,-0.0011929425436983943,34.89999999999782,29.099999999998545,0.0,2024-07-11T09:33:00+05:30,24323.7,30,13.549999999999272,36.45000000000073,-24.849999999998545,-26.349999999998545,False,False,-1.833948339483386
NIFTY:2024-07-11,2024-07-11,NIFTY,opening_range_low_break,2024-07-11T09:34:00+05:30,2024-07-11T09:34:00+05:30,DOWN,{},"{'source_path': '/Users/madhuram/tradebot-structural-edge-discovery-v3/runtime/upstox_candidate_replay.zip!upstox_candidate_replay/20240711/underlying/NIFTY_20240711.parquet', 'source_hash': '4357f109ed631802b3774c34db9c318f71742f8e99de307408af71bf00810707'}",{'completed_bar_only': True},"{'buy_ce_allowed': False, 'buy_pe_allowed': True, 'research_only': True}",91022e650e6598261130cbd26aa1f609ef19278e275914aa35077034fb756f26,24319.25,2024-07-11 09:33:00+05:30,18,0.0004647834027080532,67.10000000000218,0.0,319.25,15.140000000000146,13.889999999999903,0.0003462956589629902,13.514285714285766,-33.905263157896115,83.40000000000146,6.0,0.3296296296296835,0.22592592592587202,0.4444444444444444,0,0,-0.00013362113269610454,13.5,4.450000000000728,0.0,2024-07-11T09:34:00+05:30,24319.65,30,9.5,40.5,-32.79999999999927,-34.29999999999927,False,False,-3.4526315789472917
NIFTY:2024-07-11,2024-07-11,NIFTY,opening_range_low_break,2024-07-11T09:35:00+05:30,2024-07-11T09:35:00+05:30,DOWN,{},"{'source_path': '/Users/madhuram/tradebot-structural-edge-discovery-v3/runtime/upstox_candidate_replay.zip!upstox_candidate_replay/20240711/underlying/NIFTY_20240711.parquet', 'source_hash': '4357f109ed631802b3774c34db9c318f71742f8e99de307408af71bf00810707'}",{'completed_bar_only': True},"{'buy_ce_allowed': False, 'buy_pe_allowed': True, 'research_only': True}",8eb4247862622984875fd59a265fd7ec0bbed518cdbe617ab62221869960157c,24321.95,2024-07-11 09:34:00+05:30,19,0.00029820174067554005,67.10000000000218,0.0,319.25,14.8,13.116666666666667,0.0003477315227032558,13.149999999999896,-29.645000000000437,80.70000000000073,8.700000000000728,0.304635761589337,0.6291390728477427,0.0662251655629203,0,0,0.00011102316066491369,7.549999999999272,2.2999999999992724,0.0,2024-07-11T09:35:00+05:30,24322.0,30,11.849999999998545,39.54999999999927,-38.400000000001455,-39.900000000001455,False,False,-3.240506329114445
NIFTY:2024-07-11,2024-07-11,NIFTY,opening_range_low_break,2024-07-11T09:36:00+05:30,2024-07-11T09:36:00+05:30,DOWN,{},"{'source_path': '/Users/madhuram/tradebot-structural-edge-discovery-v3/runtime/upstox_candidate_replay.zip!upstox_candidate_replay/20240711/underlying/NIFTY_20240711.parquet', 'source_hash': '4357f109ed631802b3774c34db9c318f71742f8e99de307408af71bf00810707'}",{'completed_bar_only': True},"{'buy_ce_allowed': False, 'buy_pe_allowed': True, 'research_only': True}",e6b5db520407a670d471d51c409156eb83ce9e32a9bf626c8ea3c78762baafb4,24327.15,2024-07-11 09:35:00+05:30,20,0.0003948602359289311,67.10000000000218,0.0,319.25,15.069999999999709,13.089999999999902,0.0003568465468763841,13.067857142856935,-23.28095238095193,75.5,13.900000000001455,0.4204081632654249,0.21632653061206672,0.3632653061225084,0,0,0.00021379864690129757,12.25,5.150000000001455,0.0,2024-07-11T09:36:00+05:30,24326.85,30,16.69999999999709,36.30000000000291,-32.35000000000218,-33.85000000000218,False,False,-1.9371257485034623
NIFTY:2024-07-11,2024-07-11,NIFTY,opening_range_low_break,2024-07-11T09:37:00+05:30,2024-07-11T09:37:00+05:30,DOWN,{},"{'source_path': '/Users/madhuram/tradebot-structural-edge-discovery-v3/runtime/upstox_candidate_replay.zip!upstox_candidate_replay/20240711/underlying/NIFTY_20240711.parquet', 'source_hash': '4357f109ed631802b3774c34db9c318f71742f8e99de307408af71bf00810707'}",{'completed_bar_only': True},"{'buy_ce_allowed': False, 'buy_pe_allowed': True, 'research_only': True}",7f654fbb45ae68e4494dfa345bfca6ff677f9a06845222cdee87b52e2de86053,24321.75,2024-07-11 09:36:00+05:30,21,0.0005943469176221635,67.10000000000218,0.0,319.25,16.139999999999418,13.029999999999806,0.00035538152519903394,12.707142857142701,-27.37727272727352,80.90000000000146,8.5,0.40799999999988357,0.30800000000017463,0.2839999999999418,0,0,-0.00022197421399550166,12.5,5.099999999998545,0.0,2024-07-11T09:37:00+05:30,24321.75,30,11.599999999998545,41.400000000001455,-35.5,-37.0,False,False,-3.060344827586591
NIFTY:2024-07-11,2024-07-11,NIFTY,opening_range_low_break,2024-07-11T09:38:00+05:30,2024-07-11T09:38:00+05:30,DOWN,{},"{'source_path': '/Users/madhuram/tradebot-structural-edge-discovery-v3/runtime/upstox_candidate_replay.zip!upstox_candidate_replay/20240711/underlying/NIFTY_20240711.parquet', 'source_hash': '4357f109ed631802b3774c34db9c318f71742f8e99de307408af71bf00810707'}",{'completed_bar_only': True},"{'buy_ce_allowed': False, 'buy_pe_allowed': True, 'research_only': True}",ab8bc61916a254b66e92fa5d9879aa3d3dc80df23d31388f42f9e6e3e6be9fa9,24330.1,2024-07-11 09:37:00+05:30,22,0.0003845774172849469,67.10000000000218,0.0,319.25,11.089999999999417,12.503333333333043,0.00037035422899794657,12.79285714285704,-18.200000000000728,72.55000000000291,16.849999999998545,0.8652849740933092,0.0,0.13471502590669082,1,0,0.0003433141118545091,9.649999999997817,8.349999999998545,0.0,2024-07-11T09:38:00+05:30,24331.2,30,21.049999999999272,31.950000000000728,-20.549999999999272,-22.049999999999272,False,False,-0.976247030878859
NIFTY:2024-07-11,2024-07-11,NIFTY,opening_range_low_break,2024-07-11T09:39:00+05:30,2024-07-11T09:39:00+05:30,DOWN,{},"{'source_path': '/Users/madhuram/tradebot-structural-edge-discovery-v3/runtime/upstox_candidate_replay.zip!upstox_candidate_replay/20240711/underlying/NIFTY_20240711.parquet', 'source_hash': '4357f109ed631802b3774c34db9c318f71742f8e99de307408af71bf00810707'}",{'completed_bar_only': True},"{'buy_ce_allowed': False, 'buy_pe_allowed': True, 'research_only': True}",290870049cf3a8e50598bb245528371a2870ec14e7c444650f33b4dab96bbb58,24311.3,2024-07-11 09:38:00+05:30,23,0.0007732679620275773,67.10000000000218,0.0,319.25,12.409999999999854,13.280000000000049,0.00041171839764187417,13.11428571428587,-35.45833333333212,91.35000000000218,0.2000000000007276,0.990049751243746,0.0,0.009950248756254023,2,0,-0.0007727054142810941,20.100000000002183,19.900000000001455,0.0,2024-07-11T09:39:00+05:30,24310.65,30,0.5,52.5,-37.79999999999927,-39.29999999999927,False,False,-75.59999999999854
NIFTY:2024-07-11,2024-07-11,NIFTY,opening_range_low_break,2024-07-11T09:40:00+05:30,2024-07-11T09:40:00+05:30,DOWN,{},"{'source_path': '/Users/madhuram/tradebot-structural-edge-discovery-v3/runtime/upstox_candidate_replay.zip!upstox_candidate_replay/20240711/underlying/NIFTY_20240711.parquet', 'source_hash': '4357f109ed631802b3774c34db9c318f71742f8e99de307408af71bf00810707'}",{'completed_bar_only': True},"{'buy_ce_allowed': False, 'buy_pe_allowed': True, 'research_only': True}",1024cee257fed596433a89bcc0738fad4d28d2efc7093ee17ba93de5813befa1,24322.1,2024-07-11 09:39:00+05:30,24,-7.197973050788897e-05,67.10000000000218,0.0,319.25,13.519999999999708,13.113333333333381,0.00042841815353748786,13.432142857142805,-23.6720000000023,80.55000000000291,11.94999999999709,0.8740458015265925,0.08778625954210557,0.03816793893130195,0,0,0.0004442378646967171,13.099999999998545,11.44999999999709,0.0,2024-07-11T09:40:00+05:30,24322.05,30,1.75,41.10000000000218,-25.600000000002183,-27.100000000002183,False,False,-14.628571428572675
NIFTY:2024-07-15,2024-07-15,NIFTY,opening_range_low_break,2024-07-15T10:00:00+05:30,2024-07-15T10:00:00+05:30,DOWN,{},"{'source_path': '/Users/madhuram/tradebot-structural-edge-discovery-v3/runtime/upstox_candidate_replay.zip!upstox_candidate_replay/20240715/underlying/NIFTY_20240715.parquet', 'source_hash': '4357f109ed631802b3774c34db9c318f71742f8e99de307408af71bf00810707'}",{'completed_bar_only': True},"{'buy_ce_allowed': False, 'buy_pe_allowed': True, 'research_only': True}",181f9e5eca055ce480eb0b482344b8cfbef7f0545dceed06447574cf1c3ea12a,24535.65,2024-07-15 09:59:00+05:30,44,0.001405411138852054,61.849999999998545,0.0,261.0499999999993,7.930000000000291,8.993333333333673,0.0002852151701998799,8.628571428571897,-18.792222222218697,62.349999999998545,12.900000000001455,0.9142857142854767,0.0857142857145233,0.0,16,0,-0.0004603423235880477,12.25,11.19999999999709,0.0,2024-07-15T10:00:00+05:30,24535.2,30,7.299999999999272,43.0,-18.700000000000728,-20.200000000000728,False,False,-2.561643835616793
NIFTY:2024-07-16,2024-07-16,NIFTY,opening_range_low_break,2024-07-16T14:34:00+05:30,2024-07-16T14:34:00+05:30,DOWN,{},"{'source_path': '/Users/madhuram/tradebot-structural-edge-discovery-v3/runtime/upstox_candidate_replay.zip!upstox_candidate_replay/20240716/underlying/NIFTY_20240716.parquet', 'source_hash': '4357f109ed631802b3774c34db9c318f71742f8e99de307408af71bf00810707'}",{'completed_bar_only': True},"{'buy_ce_allowed': False, 'buy_pe_allowed': True, 'research_only': True}",4edd852593b77d9832eee62ec6ae1504aef724a345b029f9cb758108efd0c340,24597.4,2024-07-16 14:33:00+05:30,318,0.0006425807343722906,50.29999999999927,0.0,112.29999999999927,7.439999999999418,7.446666666666473,0.00015766355885705603,7.38571428571413,-39.863636363632395,63.849999999998545,2.4500000000007276,0.581896551724211,0.20689655172397572,0.21120689655181335,7,2,-0.00024996392796960976,11.599999999998545,6.75,0.0,2024-07-16T14:34:00+05:30,24596.8,30,9.149999999997817,43.35000000000218,-41.70000000000073,-43.20000000000073,False,False,-4.557377049181494
NIFTY:2024-07-16,2024-07-16,NIFTY,opening_range_low_break,2024-07-16T14:35:00+05:30,2024-07-16T14:35:00+05:30,DOWN,{},"{'source_path': '/Users/madhuram/tradebot-structural-edge-discovery-v3/runtime/upstox_candidate_replay.zip!upstox_candidate_replay/20240716/underlying/NIFTY_20240716.parquet', 'source_hash': '4357f109ed631802b3774c34db9c318f71742f8e99de307408af71bf00810707'}",{'completed_bar_only': True},"{'buy_ce_allowed': False, 'buy_pe_allowed': True, 'research_only': True}",d0af0236f2b3721b1eefdb36472e35e801f97aa96bd3d03c54646b0e6e99d6db,24590.5,2024-07-16 14:34:00+05:30,319,0.0003436586838889445,50.29999999999927,0.0,112.29999999999927,8.889999999999418,7.689999999999903,0.0001324734291602598,7.678571428571429,-46.61750000000029,70.75,2.0499999999992724,0.5271966527195723,0.30125523012568733,0.1715481171547404,0,2,-0.0002805174530642329,11.950000000000728,6.299999999999272,0.0,2024-07-16T14:35:00+05:30,24588.3,30,0.6499999999978172,59.70000000000073,-54.650000000001455,-56.150000000001455,False,False,-84.07692307720765
NIFTY:2024-07-16,2024-07-16,NIFTY,opening_range_low_break,2024-07-16T15:17:00+05:30,2024-07-16T15:17:00+05:30,DOWN,{},"{'source_path': '/Users/madhuram/tradebot-structural-edge-discovery-v3/runtime/upstox_candidate_replay.zip!upstox_candidate_replay/20240716/underlying/NIFTY_20240716.parquet', 'source_hash': '4357f109ed631802b3774c34db9c318f71742f8e99de307408af71bf00810707'}",{'completed_bar_only': True},"{'buy_ce_allowed': False, 'buy_pe_allowed': True, 'research_only': True}",7d5e3231665b3abbd15b73751d24dbbbeeef2194837b335d8115962465ceacab,24597.5,2024-07-16 15:16:00+05:30,361,0.0006588486010651682,50.29999999999927,0.0,112.29999999999927,6.3099999999991265,7.5900000000001455,0.00020962021067761214,7.689285714285818,-37.36187845303721,63.75,9.849999999998545,0.7966101694915741,0.09039548022592135,0.11299435028250446,6,2,-0.0002560580072996643,8.849999999998545,7.049999999999272,0.0,2024-07-16T15:17:00+05:30,24597.25,30,3.349999999998545,18.950000000000728,-3.849999999998545,-5.349999999998545,False,False,-1.1492537313433484
NIFTY:2024-07-16,2024-07-16,NIFTY,opening_range_low_break,2024-07-16T15:19:00+05:30,2024-07-16T15:19:00+05:30,DOWN,{},"{'source_path': '/Users/madhuram/tradebot-structural-edge-discovery-v3/runtime/upstox_candidate_replay.zip!upstox_candidate_replay/20240716/underlying/NIFTY_20240716.parquet', 'source_hash': '4357f109ed631802b3774c34db9c318f71742f8e99de307408af71bf00810707'}",{'completed_bar_only': True},"{'buy_ce_allowed': False, 'buy_pe_allowed': True, 'research_only': True}",5535e84f8cba3bc23cb5d4d298e77f3d41cc4ab2123decf1199d0cea50090bb4,24597.85,2024-07-16 15:18:00+05:30,363,0.0005165047675017123,50.29999999999927,0.0,112.29999999999927,8.08999999999869,8.126666666666521,0.00021440370770082592,8.199999999999688,-36.81703296703563,63.400000000001455,10.19999999999709,0.2976744186047188,0.3348837209304356,0.36744186046484556,8,2,-0.00012601139386902993,10.75,3.2000000000007276,0.0,2024-07-16T15:19:00+05:30,24598.55,30,3.2999999999992724,17.650000000001455,-2.5499999999992724,-4.049999999999272,False,False,-0.7727272727272226
NIFTY:2024-07-16,2024-07-16,NIFTY,opening_range_low_break,2024-07-16T15:21:00+05:30,2024-07-16T15:21:00+05:30,DOWN,{},"{'source_path': '/Users/madhuram/tradebot-structural-edge-discovery-v3/runtime/upstox_candidate_replay.zip!upstox_candidate_replay/20240716/underlying/NIFTY_20240716.parquet', 'source_hash': '4357f109ed631802b3774c34db9c318f71742f8e99de307408af71bf00810707'}",{'completed_bar_only': True},"{'buy_ce_allowed': False, 'buy_pe_allowed': True, 'research_only': True}",53eb9fe5d5b72eaa2be1a51101632e49e7fc1c73d278701a6b0850379e9f2eb3,24597.4,2024-07-16 15:20:00+05:30,365,0.0004982034174720955,50.29999999999927,0.0,112.29999999999927,7.819999999999709,7.796666666666472,0.0001959231991087327,7.507142857142753,-37.07486338797753,63.849999999998545,9.75,0.4266666666662786,0.2866666666668607,0.2866666666668607,0,2,-0.0001707206035378439,7.5,3.1999999999970896,0.0,2024-07-16T15:21:00+05:30,24598.6,30,1.0,17.600000000002183,-2.5,-4.0,False,False,-2.5
NIFTY:2024-07-18,2024-07-18,NIFTY,opening_range_low_break,2024-07-18T09:31:00+05:30,2024-07-18T09:31:00+05:30,DOWN,{},"{'source_path': '/Users/madhuram/tradebot-structural-edge-discovery-v3/runtime/upstox_candidate_replay.zip!upstox_candidate_replay/20240718/underlying/NIFTY_20240718.parquet', 'source_hash': '4357f109ed631802b3774c34db9c318f71742f8e99de307408af71bf00810707'}",{'completed_bar_only': True},"{'buy_ce_allowed': False, 'buy_pe_allowed': True, 'research_only': True}",d82731be3c2a82c8e4a053c57d206ca939ecc6a41f6ca8ce3be3bce88838f0c4,24527.0,2024-07-18 09:30:00+05:30,15,-0.0025466340935973524,51.650000000001455,0.0,73.59999999999854,15.180000000000291,15.109999999999854,0.00031630447555421217,14.41785714285704,-25.590625000000728,58.95000000000073,2.4500000000007276,0.4437984496124438,0.46124031007744776,0.0949612403101084,0,1,-0.0005175287391451233,25.799999999999272,11.450000000000728,0.0,2024-07-18T09:31:00+05:30,24525.6,30,10.5,133.15000000000146,-120.25,-121.75,False,False,-11.452380952380953
NIFTY:2024-07-18,2024-07-18,NIFTY,opening_range_low_break,2024-07-18T09:32:00+05:30,2024-07-18T09:32:00+05:30,DOWN,{},"{'source_path': '/Users/madhuram/tradebot-structural-edge-discovery-v3/runtime/upstox_candidate_replay.zip!upstox_candidate_replay/20240718/underlying/NIFTY_20240718.parquet', 'source_hash': '4357f109ed631802b3774c34db9c318f71742f8e99de307408af71bf00810707'}",{'completed_bar_only': True},"{'buy_ce_allowed': False, 'buy_pe_allowed': True, 'research_only': True}",492c3666a48e5e7ec09324fdf8de725a1d0c008a5718cc11c4ffee75624a3ec7,24524.15,2024-07-18 09:31:00+05:30,16,-0.0030689684607598847,51.650000000001455,0.0,73.59999999999854,14.740000000000146,14.193333333333188,0.00025253867195439676,14.04285714285704,-26.76764705881942,61.79999999999927,8.400000000001455,0.13122171945675884,0.1085972850679463,0.7601809954752948,0,1,-0.00011619847514976467,11.049999999999272,1.4499999999970896,0.0,2024-07-18T09:32:00+05:30,24523.5,30,8.400000000001455,135.25,-119.09999999999854,-120.59999999999854,False,False,-14.1785714285688
NIFTY:2024-07-18,2024-07-18,NIFTY,opening_range_low_break,2024-07-18T09:33:00+05:30,2024-07-18T09:33:00+05:30,DOWN,{},"{'source_path': '/Users/madhuram/tradebot-structural-edge-discovery-v3/runtime/upstox_candidate_replay.zip!upstox_candidate_replay/20240718/underlying/NIFTY_20240718.parquet', 'source_hash': '4357f109ed631802b3774c34db9c318f71742f8e99de307408af71bf00810707'}",{'completed_bar_only': True},"{'buy_ce_allowed': False, 'buy_pe_allowed': True, 'research_only': True}",02b708fa24ebc7d48b7fa213f43cf515273f69ef7a073b8658570a5933235def,24523.65,2024-07-18 09:32:00+05:30,17,-0.003154330497416723,51.650000000001455,0.0,73.59999999999854,13.25,13.556666666666569,0.00025433051716770806,13.549999999999793,-25.75277777777592,62.29999999999927,7.900000000001455,0.022222222222437808,0.6296296296296297,0.34814814814793255,1,1,-2.0388066456988874e-05,6.75,0.1500000000014552,0.0,2024-07-18T09:33:00+05:30,24523.15,30,8.05000000000291,135.59999999999854,-114.19999999999709,-115.69999999999709,False,False,-14.186335403721218
NIFTY:2024-07-18,2024-07-18,NIFTY,opening_range_low_break,2024-07-18T09:34:00+05:30,2024-07-18T09:34:00+05:30,DOWN,{},"{'source_path': '/Users/madhuram/tradebot-structural-edge-discovery-v3/runtime/upstox_candidate_replay.zip!upstox_candidate_replay/20240718/underlying/NIFTY_20240718.parquet', 'source_hash': '4357f109ed631802b3774c34db9c318f71742f8e99de307408af71bf00810707'}",{'completed_bar_only': True},"{'buy_ce_allowed': False, 'buy_pe_allowed': True, 'research_only': True}",7df971663da3eac6d9a17d10b16a637d9c6e91af09fb588362ebf2fcd5a17d3e,24521.95,2024-07-18 09:33:00+05:30,18,-0.003168557503526147,51.650000000001455,0.0,73.59999999999854,12.309999999999855,13.10666666666657,0.0002496800228328022,13.14642857142826,-26.00789473684199,64.0,6.200000000000728,0.17391304347832964,0.6521739130433407,0.17391304347832964,2,1,-6.932083927146948e-05,6.900000000001455,1.2000000000007276,0.0,2024-07-18T09:34:00+05:30,24522.85,30,7.75,135.90000000000146,-119.55000000000291,-121.05000000000291,False,False,-15.425806451613278
NIFTY:2024-07-18,2024-07-18,NIFTY,opening_range_low_break,2024-07-18T09:35:00+05:30,2024-07-18T09:35:00+05:30,DOWN,{},"{'source_path': '/Users/madhuram/tradebot-structural-edge-discovery-v3/runtime/upstox_candidate_replay.zip!upstox_candidate_replay/20240718/underlying/NIFTY_20240718.parquet', 'source_hash': '4357f109ed631802b3774c34db9c318f71742f8e99de307408af71bf00810707'}",{'completed_bar_only': True},"{'buy_ce_allowed': False, 'buy_pe_allowed': True, 'research_only': True}",1f08f27e2eb433c3bfbedbe9c6669589956bd9cfa182ed9f728b2fd09a2442f3,24527.85,2024-07-18 09:34:00+05:30,19,-0.0031807520801915364,51.650000000001455,0.0,73.59999999999854,12.5,13.069999999999709,0.00026390904647969585,12.828571428571324,-19.102500000000873,58.10000000000218,12.099999999998545,0.4166666666666667,0.5291666666668485,0.054166666666484765,3,1,0.00024060076788345874,12.0,5.0,0.0,2024-07-18T09:35:00+05:30,24527.75,30,12.650000000001455,131.0,-116.34999999999854,-117.84999999999854,False,False,-9.197628458496851
NIFTY:2024-07-18,2024-07-18,NIFTY,opening_range_low_break,2024-07-18T09:36:00+05:30,2024-07-18T09:36:00+05:30,DOWN,{},"{'source_path': '/Users/madhuram/tradebot-structural-edge-discovery-v3/runtime/upstox_candidate_replay.zip!upstox_candidate_replay/20240718/underlying/NIFTY_20240718.parquet', 'source_hash': '4357f109ed631802b3774c34db9c318f71742f8e99de307408af71bf00810707'}",{'completed_bar_only': True},"{'buy_ce_allowed': False, 'buy_pe_allowed': True, 'research_only': True}",f85190d2d32e845989f2c4e5c5d8a252d3c46fcf9bb21b2641b145faa7dec126,24520.95,2024-07-18 09:35:00+05:30,20,-0.0029815739946587165,51.650000000001455,0.0,73.59999999999854,9.409999999999854,12.663333333333139,0.00023703454452418226,12.13571428571413,-24.764285714285506,65.0,5.200000000000728,0.6570048309178965,0.34299516908210353,0.0,4,1,-0.00028131287495636315,10.349999999998545,6.799999999999272,0.0,2024-07-18T09:36:00+05:30,24521.5,30,6.400000000001455,137.25,-117.5,-119.0,False,False,-18.359374999995826
NIFTY:2024-07-18,2024-07-18,NIFTY,opening_range_low_break,2024-07-18T09:37:00+05:30,2024-07-18T09:37:00+05:30,DOWN,{},"{'source_path': '/Users/madhuram/tradebot-structural-edge-discovery-v3/runtime/upstox_candidate_replay.zip!upstox_candidate_replay/20240718/underlying/NIFTY_20240718.parquet', 'source_hash': '4357f109ed631802b3774c34db9c318f71742f8e99de307408af71bf00810707'}",{'completed_bar_only': True},"{'buy_ce_allowed': False, 'buy_pe_allowed': True, 'research_only': True}",6c9e367ef824b1c9850f9d8d2252a84e5b1ffa586c2a3f0ec3676941d0dab9d7,24529.55,2024-07-18 09:36:00+05:30,21,-0.003235627675185197,51.650000000001455,0.0,73.59999999999854,10.090000000000146,12.289999999999903,0.000259717728902565,12.253571428571377,-15.429545454549952,56.400000000001455,14.450000000000728,0.5570934256054579,0.0,0.44290657439454206,5,1,0.000350720506342439,14.450000000000728,8.049999999999272,0.0,2024-07-18T09:37:00+05:30,24529.35,30,7.099999999998545,129.40000000000146,-107.20000000000073,-108.70000000000073,False,False,-15.098591549298972
NIFTY:2024-07-18,2024-07-18,NIFTY,opening_range_low_break,2024-07-18T09:38:00+05:30,2024-07-18T09:38:00+05:30,DOWN,{},"{'source_path': '/Users/madhuram/tradebot-structural-edge-discovery-v3/runtime/upstox_candidate_replay.zip!upstox_candidate_replay/20240718/underlying/NIFTY_20240718.parquet', 'source_hash': '4357f109ed631802b3774c34db9c318f71742f8e99de307408af71bf00810707'}",{'completed_bar_only': True},"{'buy_ce_allowed': False, 'buy_pe_allowed': True, 'research_only': True}",f16977b3fb0ba53f4b86814b0aabb85f7fc9d5e8fe90890543ed724a87e79b6c,24534.15,2024-07-18 09:37:00+05:30,22,-0.0029165362524439967,51.650000000001455,0.0,73.59999999999854,11.069999999999709,12.21333333333314,0.0002423265689142189,12.174999999999793,-10.358695652172173,51.79999999999927,19.05000000000291,0.41201716738230126,0.33476394849772945,0.2532188841199693,6,1,0.0001875289192017071,11.649999999997817,4.80000000000291,0.0,2024-07-18T09:38:00+05:30,24533.05,30,10.799999999999272,125.70000000000073,-105.75,-107.25,False,False,-9.791666666667327
NIFTY:2024-07-19,2024-07-19,NIFTY,opening_range_low_break,2024-07-19T09:47:00+05:30,2024-07-19T09:47:00+05:30,DOWN,{},"{'source_path': '/Users/madhuram/tradebot-structural-edge-discovery-v3/runtime/upstox_candidate_replay.zip!upstox_candidate_replay/20240719/underlying/NIFTY_20240719.parquet', 'source_hash': '4357f109ed631802b3774c34db9c318f71742f8e99de307408af71bf00810707'}",{'completed_bar_only': True},"{'buy_ce_allowed': False, 'buy_pe_allowed': True, 'research_only': True}",373ba129de62f1879f0af06e62799f2f489e7019a5a1af5d7edb03629b9b2ffb,24724.35,2024-07-19 09:46:00+05:30,31,-0.0013115759695068677,127.04999999999927,0.0,333.2999999999993,11.550000000000727,9.670000000000437,0.00026572422305936683,10.325000000000468,-26.45625000000291,130.45000000000073,0.0,1.0,0.0,0.0,0,0,-0.0008870012890815904,22.5,22.5,0.0,2024-07-19T09:47:00+05:30,24725.15,30,46.75,14.899999999997817,30.05000000000291,28.55000000000291,True,True,0.6427807486631638
NIFTY:2024-07-19,2024-07-19,NIFTY,opening_range_low_break,2024-07-19T09:48:00+05:30,2024-07-19T09:48:00+05:30,DOWN,{},"{'source_path': '/Users/madhuram/tradebot-structural-edge-discovery-v3/runtime/upstox_candidate_replay.zip!upstox_candidate_replay/20240719/underlying/NIFTY_20240719.parquet', 'source_hash': '4357f109ed631802b3774c34db9c318f71742f8e99de307408af71bf00810707'}",{'completed_bar_only': True},"{'buy_ce_allowed': False, 'buy_pe_allowed': True, 'research_only': True}",4325dd62e292712827ed046f3bb019b90e71f5c0a969e8e58d605c1d0321d2c5,24714.75,2024-07-19 09:47:00+05:30,32,-0.0021873051553005663,127.04999999999927,0.0,333.2999999999993,12.329999999999563,10.583333333333576,0.00027567394975136077,10.803571428571688,-34.963636363638216,140.04999999999927,2.599999999998545,0.7323943661974357,0.08450704225333348,0.18309859154923083,0,0,-0.00038828118838307724,14.19999999999709,10.400000000001455,0.0,2024-07-19T09:48:00+05:30,24714.35,30,35.94999999999709,25.700000000000728,16.799999999999272,15.299999999999272,True,True,0.4673157162726184
NIFTY:2024-07-19,2024-07-19,NIFTY,opening_range_low_break,2024-07-19T09:49:00+05:30,2024-07-19T09:49:00+05:30,DOWN,{},"{'source_path': '/Users/madhuram/tradebot-structural-edge-discovery-v3/runtime/upstox_candidate_replay.zip!upstox_candidate_replay/20240719/underlying/NIFTY_20240719.parquet', 'source_hash': '4357f109ed631802b3774c34db9c318f71742f8e99de307408af71bf00810707'}",{'completed_bar_only': True},"{'buy_ce_allowed': False, 'buy_pe_allowed': True, 'research_only': True}",f6f43bb1732848026ebc6f963e16775e9fb36fec612ee44d1035237584b6f209,24720.95,2024-07-19 09:48:00+05:30,33,-0.0026231519390137355,127.04999999999927,0.0,333.2999999999993,12.779999999999564,10.81666666666691,0.0002906133529606868,10.65714285714317,-27.917647058824514,133.84999999999854,11.0,0.6000000000001985,0.0,0.39999999999980157,0,0,0.0002508623392913911,11.0,6.600000000002183,0.0,2024-07-19T09:49:00+05:30,24722.65,30,44.25,17.399999999997817,25.55000000000291,24.05000000000291,True,True,0.5774011299435686
NIFTY:2024-07-19,2024-07-19,NIFTY,opening_range_low_break,2024-07-19T09:50:00+05:30,2024-07-19T09:50:00+05:30,DOWN,{},"{'source_path': '/Users/madhuram/tradebot-structural-edge-discovery-v3/runtime/upstox_candidate_replay.zip!upstox_candidate_replay/20240719/underlying/NIFTY_20240719.parquet', 'source_hash': '4357f109ed631802b3774c34db9c318f71742f8e99de307408af71bf00810707'}",{'completed_bar_only': True},"{'buy_ce_allowed': False, 'buy_pe_allowed': True, 'research_only': True}",d3660dcc8e5eae4c0ac4ea01dfe9896ae960480f745e86fadb516a12e32c01a4,24718.75,2024-07-19 09:49:00+05:30,34,-0.0022881956144934026,127.04999999999927,0.0,333.2999999999993,13.659999999999854,10.686666666667103,0.00029048887936244987,10.839285714286234,-29.257142857142753,136.04999999999927,8.799999999999272,0.3513513513514134,0.5450450450448723,0.10360360360371433,0,0,-8.899334370238154e-05,11.100000000002183,3.900000000001455,0.0,2024-07-19T09:50:00+05:30,24718.3,30,39.89999999999782,21.75,11.049999999999272,9.549999999999272,True,True,0.2769423558897212
NIFTY:2024-07-19,2024-07-19,NIFTY,opening_range_low_break,2024-07-19T09:51:00+05:30,2024-07-19T09:51:00+05:30,DOWN,{},"{'source_path': '/Users/madhuram/tradebot-structural-edge-discovery-v3/runtime/upstox_candidate_replay.zip!upstox_candidate_replay/20240719/underlying/NIFTY_20240719.parquet', 'source_hash': '4357f109ed631802b3774c34db9c318f71742f8e99de307408af71bf00810707'}",{'completed_bar_only': True},"{'buy_ce_allowed': False, 'buy_pe_allowed': True, 'research_only': True}",bf4fd7e5a38d1bfa1919021f1e07ec44b818eb3f7f587aee7fd76494f49b1acc,24709.3,2024-07-19 09:50:00+05:30,35,-0.0024637450134890253,127.04999999999927,0.0,333.2999999999993,14.359999999999854,10.98333333333382,0.00029070233992609275,11.532142857143429,-37.63194444444525,145.5,3.5499999999992724,0.6923076923076923,0.034615384615440586,0.2730769230768671,0,0,-0.0003823008849558329,13.0,9.0,0.0,2024-07-19T09:51:00+05:30,24708.7,30,30.299999999999272,31.349999999998545,-7.5,-9.0,False,False,-0.24752475247525346
NIFTY:2024-07-19,2024-07-19,NIFTY,opening_range_low_break,2024-07-19T09:52:00+05:30,2024-07-19T09:52:00+05:30,DOWN,{},"{'source_path': '/Users/madhuram/tradebot-structural-edge-discovery-v3/runtime/upstox_candidate_replay.zip!upstox_candidate_replay/20240719/underlying/NIFTY_20240719.parquet', 'source_hash': '4357f109ed631802b3774c34db9c318f71742f8e99de307408af71bf00810707'}",{'completed_bar_only': True},"{'buy_ce_allowed': False, 'buy_pe_allowed': True, 'research_only': True}",45b49347408499d81f7114bd18d6605205c42b0a8dd1c227a445c544e9494a46,24714.05,2024-07-19 09:51:00+05:30,36,-0.0028511643767894566,127.04999999999927,0.0,333.2999999999993,12.3,11.576666666667249,0.0002988726582827293,11.960714285714857,-31.99324324324334,140.75,9.75,0.438524590163789,0.2008196721311952,0.3606557377050158,0,0,0.00019223531221035373,12.200000000000728,5.349999999998545,0.0,2024-07-19T09:52:00+05:30,24714.55,30,36.14999999999782,25.5,6.599999999998545,5.099999999998545,True,True,0.18257261410785458
NIFTY:2024-07-19,2024-07-19,NIFTY,opening_range_low_break,2024-07-19T09:53:00+05:30,2024-07-19T09:53:00+05:30,DOWN,{},"{'source_path': '/Users/madhuram/tradebot-structural-edge-discovery-v3/runtime/upstox_candidate_replay.zip!upstox_candidate_replay/20240719/underlying/NIFTY_20240719.parquet', 'source_hash': '4357f109ed631802b3774c34db9c318f71742f8e99de307408af71bf00810707'}",{'completed_bar_only': True},"{'buy_ce_allowed': False, 'buy_pe_allowed': True, 'research_only': True}",1ed0dbf2e53243262e357a405d1bbf2f31d51a4860f771e908df5558949fcf24,24713.5,2024-07-19 09:52:00+05:30,37,-0.002615080702278279,127.04999999999927,0.0,333.2999999999993,12.320000000000437,12.116666666667152,0.00029359360849140286,11.971428571428987,-31.686842105264077,141.29999999999927,9.200000000000728,0.07342657342652628,0.8776223776223714,0.048951048951102326,0,0,-2.225454751447753e-05,14.299999999999272,1.0499999999992724,0.0,2024-07-19T09:53:00+05:30,24713.15,30,34.75,26.899999999997817,9.30000000000291,7.80000000000291,True,True,0.2676258992806593
NIFTY:2024-07-19,2024-07-19,NIFTY,opening_range_low_break,2024-07-19T09:54:00+05:30,2024-07-19T09:54:00+05:30,DOWN,{},"{'source_path': '/Users/madhuram/tradebot-structural-edge-discovery-v3/runtime/upstox_candidate_replay.zip!upstox_candidate_replay/20240719/underlying/NIFTY_20240719.parquet', 'source_hash': '4357f109ed631802b3774c34db9c318f71742f8e99de307408af71bf00810707'}",{'completed_bar_only': True},"{'buy_ce_allowed': False, 'buy_pe_allowed': True, 'research_only': True}",a86df7bf0379f276f8845c19b9dcaba001e39a8b0adca45c2b21a2e6a6f3f345,24720.7,2024-07-19 09:53:00+05:30,38,-0.0026715793594261792,127.04999999999927,0.0,333.2999999999993,12.709999999999855,12.03666666666686,0.00030956234522873995,12.61428571428587,-23.85897435897641,134.09999999999854,16.400000000001455,0.5830115830116579,0.18532818532805842,0.2316602316602837,0,0,0.00029133874198317145,12.94999999999709,7.549999999999272,0.0,2024-07-19T09:54:00+05:30,24720.2,30,41.79999999999927,19.849999999998545,3.350000000002183,1.8500000000021828,True,True,0.08014354066991007
NIFTY:2024-07-23,2024-07-23,NIFTY,opening_range_low_break,2024-07-23T09:42:00+05:30,2024-07-23T09:42:00+05:30,DOWN,{},"{'source_path': '/Users/madhuram/tradebot-structural-edge-discovery-v3/runtime/upstox_candidate_replay.zip!upstox_candidate_replay/20240723/underlying/NIFTY_20240723.parquet', 'source_hash': '4357f109ed631802b3774c34db9c318f71742f8e99de307408af71bf00810707'}",{'completed_bar_only': True},"{'buy_ce_allowed': False, 'buy_pe_allowed': True, 'research_only': True}",527af3d964533686b861299f93d4bd3b6954319ecceb1f0249c54c042d49d4c9,24482.55,2024-07-23 09:41:00+05:30,26,-0.00012236956424198172,79.95000000000073,0.0,232.90000000000146,17.220000000001164,14.313333333333624,0.0004731697718455054,14.28214285714317,-45.39074074074233,100.0,1.0999999999985448,0.9650238473768357,0.0,0.03497615262316437,0,0,-0.0012014523498694585,31.450000000000728,30.350000000002183,0.0,2024-07-23T09:42:00+05:30,24482.15,30,36.55000000000291,32.29999999999927,29.100000000002183,27.600000000002183,True,True,0.7961696306429512
NIFTY:2024-07-23,2024-07-23,NIFTY,opening_range_low_break,2024-07-23T09:43:00+05:30,2024-07-23T09:43:00+05:30,DOWN,{},"{'source_path': '/Users/madhuram/tradebot-structural-edge-discovery-v3/runtime/upstox_candidate_replay.zip!upstox_candidate_replay/20240723/underlying/NIFTY_20240723.parquet', 'source_hash': '4357f109ed631802b3774c34db9c318f71742f8e99de307408af71bf00810707'}",{'completed_bar_only': True},"{'buy_ce_allowed': False, 'buy_pe_allowed': True, 'research_only': True}",c71d53b80cffe69e46cc756ad8da8f166593761f851e193ce1ad7531a0c40531,24480.1,2024-07-23 09:42:00+05:30,27,-0.0013766575977222945,79.95000000000073,0.0,232.90000000000146,17.920000000000435,14.840000000000146,0.00047237797500977605,15.19642857142883,-46.13214285714275,102.45000000000073,12.649999999997817,0.09050772626945289,0.350993377483349,0.5584988962471981,0,0,-0.0001000712752552424,22.649999999997817,2.0500000000029104,0.0,2024-07-23T09:43:00+05:30,24479.05,30,33.45000000000073,35.400000000001455,26.75,25.25,False,False,0.7997010463378003
NIFTY:2024-07-23,2024-07-23,NIFTY,opening_range_low_break,2024-07-23T09:44:00+05:30,2024-07-23T09:44:00+05:30,DOWN,{},"{'source_path': '/Users/madhuram/tradebot-structural-edge-discovery-v3/runtime/upstox_candidate_replay.zip!upstox_candidate_replay/20240723/underlying/NIFTY_20240723.parquet', 'source_hash': '4357f109ed631802b3774c34db9c318f71742f8e99de307408af71bf00810707'}",{'completed_bar_only': True},"{'buy_ce_allowed': False, 'buy_pe_allowed': True, 'research_only': True}",c1db7007bab90bda7ccf5e91c69e256e1a340eebb50ebd3286b6a177cb0754b8,24480.8,2024-07-23 09:43:00+05:30,28,-0.001503106147439098,79.95000000000073,0.0,232.90000000000146,18.23000000000029,15.200000000000243,0.00047274005165515425,14.892857142857403,-43.865517241381895,101.75,13.349999999998545,0.11475409836065574,0.3016393442624382,0.583606557376906,0,0,2.859465443361131e-05,15.25,1.75,0.0,2024-07-23T09:44:00+05:30,24481.35,30,35.75,33.10000000000218,32.19999999999709,30.69999999999709,True,True,0.9006993006992193
NIFTY:2024-07-23,2024-07-23,NIFTY,opening_range_low_break,2024-07-23T09:45:00+05:30,2024-07-23T09:45:00+05:30,DOWN,{},"{'source_path': '/Users/madhuram/tradebot-structural-edge-discovery-v3/runtime/upstox_candidate_replay.zip!upstox_candidate_replay/20240723/underlying/NIFTY_20240723.parquet', 'source_hash': '4357f109ed631802b3774c34db9c318f71742f8e99de307408af71bf00810707'}",{'completed_bar_only': True},"{'buy_ce_allowed': False, 'buy_pe_allowed': True, 'research_only': True}",3eb7d04affcc1fd4357a92d42e41e347ab5a35d5eccc48de8670f1a25d9f5a31,24488.3,2024-07-23 09:44:00+05:30,29,-0.001409289481520275,79.95000000000073,0.0,232.90000000000146,19.660000000000583,15.026666666667007,0.0004255404338026231,14.442857142857454,-35.15333333333183,94.25,20.849999999998545,0.4112426035503035,0.5562130177515175,0.032544378698179,0,0,0.00030636253717197803,16.900000000001455,6.950000000000728,0.0,2024-07-23T09:45:00+05:30,24488.8,30,48.39999999999782,25.650000000001455,42.89999999999782,41.39999999999782,True,True,0.8863636363636312
NIFTY:2024-07-23,2024-07-23,NIFTY,opening_range_low_break,2024-07-23T09:47:00+05:30,2024-07-23T09:47:00+05:30,DOWN,{},"{'source_path': '/Users/madhuram/tradebot-structural-edge-discovery-v3/runtime/upstox_candidate_replay.zip!upstox_candidate_replay/20240723/underlying/NIFTY_20240723.parquet', 'source_hash': '4357f109ed631802b3774c34db9c318f71742f8e99de307408af71bf00810707'}",{'completed_bar_only': True},"{'buy_ce_allowed': False, 'buy_pe_allowed': True, 'research_only': True}",0efad279f628f6619d3f4b793add568c2cb909fdfaf92c9c5d8516b31ea222a7,24495.9,2024-07-23 09:46:00+05:30,31,-0.0006730326033308995,79.95000000000073,0.0,232.90000000000146,16.05,14.190000000000389,0.0004508843193277607,14.696428571429092,-26.042187499999272,86.64999999999782,28.450000000000728,0.3743315508021973,0.4117647058822614,0.21390374331554132,0,0,-0.00027548040722125133,9.349999999998545,3.5,0.0,2024-07-23T09:47:00+05:30,24496.8,30,73.04999999999927,17.650000000001455,64.09999999999854,62.599999999998545,True,True,0.8774811772758273
NIFTY:2024-07-23,2024-07-23,NIFTY,opening_range_low_break,2024-07-23T09:50:00+05:30,2024-07-23T09:50:00+05:30,DOWN,{},"{'source_path': '/Users/madhuram/tradebot-structural-edge-discovery-v3/runtime/upstox_candidate_replay.zip!upstox_candidate_replay/20240723/underlying/NIFTY_20240723.parquet', 'source_hash': '4357f109ed631802b3774c34db9c318f71742f8e99de307408af71bf00810707'}",{'completed_bar_only': True},"{'buy_ce_allowed': False, 'buy_pe_allowed': True, 'research_only': True}",c47ceb66ab700ee781a0b4044b1b3b6d58520a93488d65b1f067fb00ac1b5217,24494.25,2024-07-23 09:49:00+05:30,34,-0.0005527025318264029,79.95000000000073,0.0,232.90000000000146,13.28000000000029,15.20333333333377,0.0004699075197091441,15.5607142857147,-25.938571428570867,88.29999999999927,26.799999999999272,0.5547945205479008,0.08561643835617291,0.35958904109592627,3,0,-0.00036525841522738745,14.599999999998545,8.099999999998545,0.0,2024-07-23T09:50:00+05:30,24494.25,30,70.5,20.200000000000728,42.25,40.75,True,True,0.599290780141844
NIFTY:2024-07-23,2024-07-23,NIFTY,opening_range_low_break,2024-07-23T09:53:00+05:30,2024-07-23T09:53:00+05:30,DOWN,{},"{'source_path': '/Users/madhuram/tradebot-structural-edge-discovery-v3/runtime/upstox_candidate_replay.zip!upstox_candidate_replay/20240723/underlying/NIFTY_20240723.parquet', 'source_hash': '4357f109ed631802b3774c34db9c318f71742f8e99de307408af71bf00810707'}",{'completed_bar_only': True},"{'buy_ce_allowed': False, 'buy_pe_allowed': True, 'research_only': True}",bf2c927a69fcb6b1f635e167ae5272ffca5e2f81e21f2a584029fce2e807ae83,24502.5,2024-07-23 09:52:00+05:30,37,-0.00034671376535228156,79.95000000000073,0.0,232.90000000000146,12.120000000000436,14.856666666667055,0.0004575189356626842,14.939285714286077,-16.581578947367234,80.04999999999927,35.04999999999927,0.5833333333334055,0.15476190476179133,0.26190476190480316,6,0,-0.00017138170377895,8.400000000001455,4.900000000001455,0.0,2024-07-23T09:53:00+05:30,24500.3,30,76.54999999999927,14.150000000001455,46.39999999999782,44.89999999999782,True,True,0.6061397779229034
NIFTY:2024-07-23,2024-07-23,NIFTY,opening_range_low_break,2024-07-23T09:56:00+05:30,2024-07-23T09:56:00+05:30,DOWN,{},"{'source_path': '/Users/madhuram/tradebot-structural-edge-discovery-v3/runtime/upstox_candidate_replay.zip!upstox_candidate_replay/20240723/underlying/NIFTY_20240723.parquet', 'source_hash': '4357f109ed631802b3774c34db9c318f71742f8e99de307408af71bf00810707'}",{'completed_bar_only': True},"{'buy_ce_allowed': False, 'buy_pe_allowed': True, 'research_only': True}",1e63a0baf5317ded2da22c7652f315cedf26a3c19aa2d6ea487ed61f3412f98b,24499.65,2024-07-23 09:55:00+05:30,40,-0.00038342463462493544,79.95000000000073,0.0,232.90000000000146,11.659999999999854,15.226666666666764,0.00046073956862933193,14.067857142857195,-18.446341463411954,82.89999999999782,32.20000000000073,0.526923076922965,0.473076923077035,0.0,9,0,-0.00025708042332572845,13.0,6.849999999998545,0.0,2024-07-23T09:56:00+05:30,24499.4,30,75.65000000000146,3.649999999997817,50.80000000000291,49.30000000000291,True,True,0.6715135492399462
NIFTY:2024-07-24,2024-07-24,NIFTY,opening_range_low_break,2024-07-24T09:40:00+05:30,2024-07-24T09:40:00+05:30,DOWN,{},"{'source_path': '/Users/madhuram/tradebot-structural-edge-discovery-v3/runtime/upstox_candidate_replay.zip!upstox_candidate_replay/20240724/underlying/NIFTY_20240724.parquet', 'source_hash': '4357f109ed631802b3774c34db9c318f71742f8e99de307408af71bf00810707'}",{'completed_bar_only': True},"{'buy_ce_allowed': False, 'buy_pe_allowed': True, 'research_only': True}",adc42a2650cfecf506490de0324e824dd223be50948876489ddf363c62b85e4b,24402.8,2024-07-24 09:39:00+05:30,24,-0.001297167884165972,81.40000000000146,0.0,508.34999999999854,25.609999999999854,19.506666666667055,0.0006908362521595648,19.682142857143067,-56.22999999999956,101.45000000000073,0.6499999999978172,0.9847058823529925,0.0,0.015294117647007464,0,1,-0.0017834936841417681,42.5,41.85000000000218,0.0,2024-07-24T09:40:00+05:30,24402.1,30,28.649999999997817,64.45000000000073,-52.35000000000218,-53.85000000000218,False,False,-1.8272251308902678
NIFTY:2024-07-24,2024-07-24,NIFTY,opening_range_low_break,2024-07-24T09:47:00+05:30,2024-07-24T09:47:00+05:30,DOWN,{},"{'source_path': '/Users/madhuram/tradebot-structural-edge-discovery-v3/runtime/upstox_candidate_replay.zip!upstox_candidate_replay/20240724/underlying/NIFTY_20240724.parquet', 'source_hash': '4357f109ed631802b3774c34db9c318f71742f8e99de307408af71bf00810707'}",{'completed_bar_only': True},"{'buy_ce_allowed': False, 'buy_pe_allowed': True, 'research_only': True}",9a396449ace0df2fdf80eb5b6d22eb97c6dd5781ff442045bb2e35abcf88c9d3,24397.2,2024-07-24 09:46:00+05:30,31,-0.002639277017862193,81.40000000000146,0.0,508.34999999999854,16.419999999998982,20.769999999999467,0.0006977377102538726,21.29285714285652,-51.7734375,107.04999999999927,4.549999999999272,0.6636363636362975,0.12954545454555377,0.20681818181814873,3,1,-0.000655383153375988,22.0,14.599999999998545,0.0,2024-07-24T09:47:00+05:30,24397.95,30,24.5,87.39999999999782,-84.39999999999782,-85.89999999999782,False,False,-3.444897959183584
NIFTY:2024-07-24,2024-07-24,NIFTY,opening_range_low_break,2024-07-24T09:48:00+05:30,2024-07-24T09:48:00+05:30,DOWN,{},"{'source_path': '/Users/madhuram/tradebot-structural-edge-discovery-v3/runtime/upstox_candidate_replay.zip!upstox_candidate_replay/20240724/underlying/NIFTY_20240724.parquet', 'source_hash': '4357f109ed631802b3774c34db9c318f71742f8e99de307408af71bf00810707'}",{'completed_bar_only': True},"{'buy_ce_allowed': False, 'buy_pe_allowed': True, 'research_only': True}",ee50f3a6a89e729f749eddc422747f2d8189ce27625d57e788050afb0a512de6,24397.15,2024-07-24 09:47:00+05:30,32,-0.0032051282051282345,81.40000000000146,0.0,508.34999999999854,14.729999999999563,20.636666666666134,0.0006788787238992188,20.48214285714234,-50.253030303028936,107.09999999999854,4.5,0.06986899563311978,0.8689956331877813,0.06113537117909896,4,1,-2.0494155066330677e-06,11.450000000000728,0.7999999999992724,0.0,2024-07-24T09:48:00+05:30,24396.65,30,23.200000000000728,88.69999999999709,-71.39999999999782,-72.89999999999782,False,False,-3.077586206896361
NIFTY:2024-07-24,2024-07-24,NIFTY,opening_range_low_break,2024-07-24T09:49:00+05:30,2024-07-24T09:49:00+05:30,DOWN,{},"{'source_path': '/Users/madhuram/tradebot-structural-edge-discovery-v3/runtime/upstox_candidate_replay.zip!upstox_candidate_replay/20240724/underlying/NIFTY_20240724.parquet', 'source_hash': '4357f109ed631802b3774c34db9c318f71742f8e99de307408af71bf00810707'}",{'completed_bar_only': True},"{'buy_ce_allowed': False, 'buy_pe_allowed': True, 'research_only': True}",9f2087e0eedc75f2aad29aad4f8d10cd1441e87953c289d51bc45fe3d9d628ab,24391.5,2024-07-24 09:48:00+05:30,33,-0.0032582405909365756,81.40000000000146,0.0,508.34999999999854,15.909999999999854,20.33333333333285,0.000614161443746822,20.539285714285143,-54.25882352941335,112.75,11.299999999999272,0.28219178082199753,0.0986301369862615,0.619178082191741,5,1,-0.0002315844268695466,18.25,5.150000000001455,0.0,2024-07-24T09:49:00+05:30,24391.6,30,18.149999999997817,93.75,-70.40000000000146,-71.90000000000146,False,False,-3.8787878787884256
NIFTY:2024-07-24,2024-07-24,NIFTY,opening_range_low_break,2024-07-24T09:50:00+05:30,2024-07-24T09:50:00+05:30,DOWN,{},"{'source_path': '/Users/madhuram/tradebot-structural-edge-discovery-v3/runtime/upstox_candidate_replay.zip!upstox_candidate_replay/20240724/underlying/NIFTY_20240724.parquet', 'source_hash': '4357f109ed631802b3774c34db9c318f71742f8e99de307408af71bf00810707'}",{'completed_bar_only': True},"{'buy_ce_allowed': False, 'buy_pe_allowed': True, 'research_only': True}",635570ba5ca43ab6069b65f4cff104baf3ee1ed7a359d34fd64cd3a0c9ba876b,24375.4,2024-07-24 09:49:00+05:30,34,-0.0034645617819615182,81.40000000000146,0.0,508.34999999999854,16.00000000000073,20.373333333332994,0.0005715834834757024,20.564285714285298,-68.34857142856708,128.84999999999854,1.3000000000029104,0.8975069252074502,0.03047091412758015,0.07202216066496957,6,1,-0.0006600660066006236,18.05000000000291,16.19999999999709,0.0,2024-07-24T09:50:00+05:30,24373.9,30,0.4500000000007276,111.44999999999709,-83.54999999999927,-85.04999999999927,False,False,-185.66666666636485
NIFTY:2024-07-24,2024-07-24,NIFTY,opening_range_low_break,2024-07-24T09:51:00+05:30,2024-07-24T09:51:00+05:30,DOWN,{},"{'source_path': '/Users/madhuram/tradebot-structural-edge-discovery-v3/runtime/upstox_candidate_replay.zip!upstox_candidate_replay/20240724/underlying/NIFTY_20240724.parquet', 'source_hash': '4357f109ed631802b3774c34db9c318f71742f8e99de307408af71bf00810707'}",{'completed_bar_only': True},"{'buy_ce_allowed': False, 'buy_pe_allowed': True, 'research_only': True}",b659aec8a7f17532bc87fba22d59a8b89b95410cd6c53ac16ab728577f53388a,24393.5,2024-07-24 09:50:00+05:30,35,-0.00418770734258306,81.40000000000146,0.0,508.34999999999854,18.160000000000583,20.59666666666623,0.0006277493492999638,21.007142857142494,-48.8527777777781,110.75,20.049999999999272,0.9311163895486566,0.04750593824228193,0.02137767220906143,7,1,0.0007425519170967121,21.049999999999272,19.599999999998545,0.0,2024-07-24T09:51:00+05:30,24393.4,30,8.150000000001455,91.94999999999709,-63.89999999999782,-65.39999999999782,False,False,-7.840490797544344
NIFTY:2024-07-24,2024-07-24,NIFTY,opening_range_low_break,2024-07-24T09:52:00+05:30,2024-07-24T09:52:00+05:30,DOWN,{},"{'source_path': '/Users/madhuram/tradebot-structural-edge-discovery-v3/runtime/upstox_candidate_replay.zip!upstox_candidate_replay/20240724/underlying/NIFTY_20240724.parquet', 'source_hash': '4357f109ed631802b3774c34db9c318f71742f8e99de307408af71bf00810707'}",{'completed_bar_only': True},"{'buy_ce_allowed': False, 'buy_pe_allowed': True, 'research_only': True}",ba791240661635cf824f52c9c90ea52c2eec4f2361d0cc9d11f3ae902a6b20e8,24388.0,2024-07-24 09:51:00+05:30,36,-0.0033910215554575017,81.40000000000146,0.0,508.34999999999854,16.63000000000029,20.563333333332896,0.0006269576238551998,20.910714285713766,-52.88378378378184,116.25,14.549999999999272,0.3763066202091988,0.4320557491287609,0.19163763066204034,8,1,-0.00022546989976834908,14.349999999998545,5.400000000001455,0.0,2024-07-24T09:52:00+05:30,24385.85,30,0.0,99.5,-70.0,-71.5,False,False,0.0
NIFTY:2024-07-24,2024-07-24,NIFTY,opening_range_low_break,2024-07-24T09:53:00+05:30,2024-07-24T09:53:00+05:30,DOWN,{},"{'source_path': '/Users/madhuram/tradebot-structural-edge-discovery-v3/runtime/upstox_candidate_replay.zip!upstox_candidate_replay/20240724/underlying/NIFTY_20240724.parquet', 'source_hash': '4357f109ed631802b3774c34db9c318f71742f8e99de307408af71bf00810707'}",{'completed_bar_only': True},"{'buy_ce_allowed': False, 'buy_pe_allowed': True, 'research_only': True}",9f117223a53adad5251fdb0675e980aae1a51912a622b2901cd8bef2273a8fff,24403.65,2024-07-24 09:52:00+05:30,37,-0.00369948194996008,81.40000000000146,0.0,508.34999999999854,19.100000000000726,21.103333333333044,0.0006607980805599019,19.94642857142831,-36.253947368419176,100.59999999999854,30.200000000000728,0.7478991596638964,0.25210084033610364,0.0,9,1,0.000641709037231486,23.80000000000291,17.80000000000291,0.0,2024-07-24T09:53:00+05:30,24403.85,30,0.2999999999992724,81.5,-47.85000000000218,-49.35000000000218,False,False,-159.50000000039412
NIFTY:2024-07-29,2024-07-29,NIFTY,opening_range_low_break,2024-07-29T09:33:00+05:30,2024-07-29T09:33:00+05:30,DOWN,{},"{'source_path': '/Users/madhuram/tradebot-structural-edge-discovery-v3/runtime/upstox_candidate_replay.zip!upstox_candidate_replay/20240729/underlying/NIFTY_20240729.parquet', 'source_hash': '4357f109ed631802b3774c34db9c318f71742f8e99de307408af71bf00810707'}",{'completed_bar_only': True},"{'buy_ce_allowed': False, 'buy_pe_allowed': True, 'research_only': True}",c01c6ba3f8b741a65db6cc12610ab97ed45ff15ca95ae7698f80d960176811a3,24899.1,2024-07-29 09:32:00+05:30,17,0.0025833190821572213,75.90000000000146,0.0,450.25,14.019999999999708,13.193333333333188,0.0003705428202017916,13.321428571428571,-30.83333333333576,81.35000000000218,1.2999999999992724,0.7556053811660418,0.18609865470842837,0.058295964125529814,0,0,-0.0006361642307129989,22.299999999999272,16.850000000002183,0.0,2024-07-29T09:33:00+05:30,24901.0,30,6.950000000000728,34.099999999998545,-21.549999999999272,-23.049999999999272,False,False,-3.1007194244600025
NIFTY:2024-07-29,2024-07-29,NIFTY,opening_range_low_break,2024-07-29T09:42:00+05:30,2024-07-29T09:42:00+05:30,DOWN,{},"{'source_path': '/Users/madhuram/tradebot-structural-edge-discovery-v3/runtime/upstox_candidate_replay.zip!upstox_candidate_replay/20240729/underlying/NIFTY_20240729.parquet', 'source_hash': '4357f109ed631802b3774c34db9c318f71742f8e99de307408af71bf00810707'}",{'completed_bar_only': True},"{'buy_ce_allowed': False, 'buy_pe_allowed': True, 'research_only': True}",f5ca5fc5d266bd713c51fc89ae514a06f462381688449268c08b0c36594bdce6,24896.4,2024-07-29 09:41:00+05:30,26,0.002201052239781936,75.90000000000146,0.0,450.25,11.100000000000728,12.450000000000243,0.0003904023112335502,12.621428571428883,-27.190740740737965,84.04999999999927,2.350000000002183,0.5982142857142683,0.26190476190464335,0.13988095238108836,5,0,-0.0004115366779554597,16.799999999999272,10.049999999999272,0.0,2024-07-29T09:42:00+05:30,24897.7,30,4.549999999999272,37.39999999999782,1.9000000000014552,0.4000000000014552,False,False,0.4175824175828042
NIFTY:2024-07-29,2024-07-29,NIFTY,opening_range_low_break,2024-07-29T09:43:00+05:30,2024-07-29T09:43:00+05:30,DOWN,{},"{'source_path': '/Users/madhuram/tradebot-structural-edge-discovery-v3/runtime/upstox_candidate_replay.zip!upstox_candidate_replay/20240729/underlying/NIFTY_20240729.parquet', 'source_hash': '4357f109ed631802b3774c34db9c318f71742f8e99de307408af71bf00810707'}",{'completed_bar_only': True},"{'buy_ce_allowed': False, 'buy_pe_allowed': True, 'research_only': True}",fa1e5b7758339bd8c20cf3bde39e50a64d26b9656c4fd6b8624e44a0c2905c81,24902.45,2024-07-29 09:42:00+05:30,27,0.0018489643586468046,75.90000000000146,0.0,450.25,11.320000000000437,12.27333333333372,0.000390675362879233,12.360714285714753,-20.38571428571595,78.0,8.400000000001455,0.6418918918917657,0.10135135135133141,0.2567567567569029,6,0,0.000243007021095476,7.400000000001455,4.75,0.0,2024-07-29T09:43:00+05:30,24902.75,30,24.799999999999272,32.349999999998545,18.650000000001455,17.150000000001455,False,False,0.7520161290323388
NIFTY:2024-07-29,2024-07-29,NIFTY,opening_range_low_break,2024-07-29T09:46:00+05:30,2024-07-29T09:46:00+05:30,DOWN,{},"{'source_path': '/Users/madhuram/tradebot-structural-edge-discovery-v3/runtime/upstox_candidate_replay.zip!upstox_candidate_replay/20240729/underlying/NIFTY_20240729.parquet', 'source_hash': '4357f109ed631802b3774c34db9c318f71742f8e99de307408af71bf00810707'}",{'completed_bar_only': True},"{'buy_ce_allowed': False, 'buy_pe_allowed': True, 'research_only': True}",d5b2e41d63aac3556696aa9f5209d324b30825c790d8c49c5c06ffad6c4b83a1,24903.0,2024-07-29 09:45:00+05:30,30,0.002498817990684702,75.90000000000146,0.0,450.25,10.269999999999708,11.470000000000436,0.00039368157371952637,11.675000000000312,-18.47419354838712,77.45000000000073,8.950000000000728,0.8378378378376784,0.061776061776283045,0.10038610038603855,9,0,-0.0004615785988079102,12.950000000000728,10.849999999998545,0.0,2024-07-29T09:46:00+05:30,24902.5,30,32.70000000000073,32.599999999998545,30.150000000001455,28.650000000001455,True,True,0.9220183486238772
NIFTY:2024-07-29,2024-07-29,NIFTY,opening_range_low_break,2024-07-29T09:55:00+05:30,2024-07-29T09:55:00+05:30,DOWN,{},"{'source_path': '/Users/madhuram/tradebot-structural-edge-discovery-v3/runtime/upstox_candidate_replay.zip!upstox_candidate_replay/20240729/underlying/NIFTY_20240729.parquet', 'source_hash': '4357f109ed631802b3774c34db9c318f71742f8e99de307408af71bf00810707'}",{'completed_bar_only': True},"{'buy_ce_allowed': False, 'buy_pe_allowed': True, 'research_only': True}",ba497ba35a8649b1f152c35980efc7fdc7acffd1715173370ea85483cdce8839,24900.85,2024-07-29 09:54:00+05:30,39,0.0021748971400404105,75.90000000000146,0.0,450.25,17.169999999998982,11.883333333333333,0.00037233617621235354,11.814285714285559,-18.746250000000146,79.60000000000218,6.799999999999272,0.5183246073299587,0.15183246073307205,0.32984293193696934,0,0,-0.00021279884687130934,9.549999999999272,4.950000000000728,0.0,2024-07-29T09:55:00+05:30,24900.6,30,30.799999999999272,24.100000000002183,8.69999999999709,7.19999999999709,True,True,0.28246753246744466
NIFTY:2024-07-29,2024-07-29,NIFTY,opening_range_low_break,2024-07-29T09:57:00+05:30,2024-07-29T09:57:00+05:30,DOWN,{},"{'source_path': '/Users/madhuram/tradebot-structural-edge-discovery-v3/runtime/upstox_candidate_replay.zip!upstox_candidate_replay/20240729/underlying/NIFTY_20240729.parquet', 'source_hash': '4357f109ed631802b3774c34db9c318f71742f8e99de307408af71bf00810707'}",{'completed_bar_only': True},"{'buy_ce_allowed': False, 'buy_pe_allowed': True, 'research_only': True}",c846dd857de392a1fd0ec67addc5b70ec1bda02dffd434a213d1cbd7bf201880,24904.45,2024-07-29 09:56:00+05:30,41,0.0023278038769904952,75.90000000000146,0.0,450.25,12.929999999999563,11.2,0.0003522354495674599,11.471428571428467,-14.523809523809177,76.0,10.400000000001455,0.8956521739126638,0.10434782608733614,0.0,0,0,-0.00016660912295340946,5.75,5.149999999997817,0.0,2024-07-29T09:57:00+05:30,24904.45,30,34.650000000001455,20.25,13.600000000002183,12.100000000002183,True,True,0.39249639249643903
NIFTY:2024-07-29,2024-07-29,NIFTY,opening_range_low_break,2024-07-29T09:58:00+05:30,2024-07-29T09:58:00+05:30,DOWN,{},"{'source_path': '/Users/madhuram/tradebot-structural-edge-discovery-v3/runtime/upstox_candidate_replay.zip!upstox_candidate_replay/20240729/underlying/NIFTY_20240729.parquet', 'source_hash': '4357f109ed631802b3774c34db9c318f71742f8e99de307408af71bf00810707'}",{'completed_bar_only': True},"{'buy_ce_allowed': False, 'buy_pe_allowed': True, 'research_only': True}",a47c118245063ccf9b905881a7590bd3148c55252d182458f9795f2d0eb99bbd,24901.05,2024-07-29 09:57:00+05:30,42,0.0021205750098081916,75.90000000000146,0.0,450.25,10.019999999999708,11.193333333333188,0.0003488106400677972,11.557142857142805,-17.506976744185522,79.40000000000146,7.0,0.46575342465778,0.2739726027397533,0.26027397260246665,1,0,-0.00013652178626721856,7.299999999999272,3.400000000001455,0.0,2024-07-29T09:58:00+05:30,24901.05,30,31.25,23.650000000001455,-3.900000000001455,-5.400000000001455,True,True,-0.12480000000004657
NIFTY:2024-07-29,2024-07-29,NIFTY,opening_range_low_break,2024-07-29T09:59:00+05:30,2024-07-29T09:59:00+05:30,DOWN,{},"{'source_path': '/Users/madhuram/tradebot-structural-edge-discovery-v3/runtime/upstox_candidate_replay.zip!upstox_candidate_replay/20240729/underlying/NIFTY_20240729.parquet', 'source_hash': '4357f109ed631802b3774c34db9c318f71742f8e99de307408af71bf00810707'}",{'completed_bar_only': True},"{'buy_ce_allowed': False, 'buy_pe_allowed': True, 'research_only': True}",0d52a1a4e7b61ec08b6bae6007127f6100ad503e0547b72c9a1de2196c34717d,24899.3,2024-07-29 09:58:00+05:30,43,0.0019837637188527676,75.90000000000146,0.0,450.25,8.55,11.219999999999951,0.0003416165146990336,11.442857142857195,-18.819318181820563,81.15000000000146,5.25,0.2692307692307692,0.16923076923110505,0.5615384615381257,2,0,-7.027816096105699e-05,6.5,1.75,0.0,2024-07-29T09:59:00+05:30,24899.5,30,29.700000000000728,25.200000000000728,-3.400000000001455,-4.900000000001455,True,True,-0.11447811447816067
NIFTY:2024-07-31,2024-07-31,NIFTY,opening_range_low_break,2024-07-31T09:32:00+05:30,2024-07-31T09:32:00+05:30,DOWN,{},"{'source_path': '/Users/madhuram/tradebot-structural-edge-discovery-v3/runtime/upstox_candidate_replay.zip!upstox_candidate_replay/20240731/underlying/NIFTY_20240731.parquet', 'source_hash': '4357f109ed631802b3774c34db9c318f71742f8e99de307408af71bf00810707'}",{'completed_bar_only': True},"{'buy_ce_allowed': False, 'buy_pe_allowed': True, 'research_only': True}",7a147efbef1eaa9e1a1f4b5e344617ffed161f7fc4e6403fa600ff1abeb1059c,24867.05,2024-07-31 09:31:00+05:30,16,0.0026247036137980943,51.04999999999927,0.0,173.09999999999854,19.679999999999563,13.513333333332655,0.0005085030956520372,13.160714285713766,-36.00882352941335,62.04999999999927,3.2999999999992724,0.9134502923976437,0.00935672514623287,0.07719298245612333,0,1,-0.0015298040766669185,42.75,39.04999999999927,0.0,2024-07-31T09:32:00+05:30,24867.05,30,10.549999999999272,62.45000000000073,-53.79999999999927,-55.29999999999927,False,False,-5.099526066350994
NIFTY:2024-07-31,2024-07-31,NIFTY,opening_range_low_break,2024-07-31T09:33:00+05:30,2024-07-31T09:33:00+05:30,DOWN,{},"{'source_path': '/Users/madhuram/tradebot-structural-edge-discovery-v3/runtime/upstox_candidate_replay.zip!upstox_candidate_replay/20240731/underlying/NIFTY_20240731.parquet', 'source_hash': '4357f109ed631802b3774c34db9c318f71742f8e99de307408af71bf00810707'}",{'completed_bar_only': True},"{'buy_ce_allowed': False, 'buy_pe_allowed': True, 'research_only': True}",86602824beec5fd94e60565825d37dd381e750d7017357464194860b4b1b533b,24864.7,2024-07-31 09:32:00+05:30,17,0.0010526993788468942,51.04999999999927,0.0,173.09999999999854,21.80999999999913,13.4033333333328,0.0005008050354060293,13.728571428570701,-36.2277777777781,64.39999999999782,8.200000000000728,0.1398809523808718,0.37202380952382563,0.48809523809530253,0,1,-9.450256463872098e-05,16.799999999999272,2.349999999998545,0.0,2024-07-31T09:33:00+05:30,24863.95,30,1.6000000000021828,65.54999999999927,-53.849999999998545,-55.349999999998545,False,False,-33.656249999953175
NIFTY:2024-08-01,2024-08-01,NIFTY,opening_range_low_break,2024-08-01T10:52:00+05:30,2024-08-01T10:52:00+05:30,DOWN,{},"{'source_path': '/Users/madhuram/tradebot-structural-edge-discovery-v3/runtime/upstox_candidate_replay.zip!upstox_candidate_replay/20240801/underlying/NIFTY_20240801.parquet', 'source_hash': '4357f109ed631802b3774c34db9c318f71742f8e99de307408af71bf00810707'}",{'completed_bar_only': True},"{'buy_ce_allowed': False, 'buy_pe_allowed': True, 'research_only': True}",5887035473fc8e528e8d4dbaac775d7ef6103588b75287045603357a99fbe0dc,25007.8,2024-08-01 10:51:00+05:30,96,0.0013631286705391775,69.5,0.0,128.09999999999854,6.260000000000582,6.503333333333285,0.000199688251058222,6.046428571428415,-32.431958762888826,70.5,0.2000000000007276,0.7551020408160033,0.2176870748301643,0.02721088435383241,1,1,-0.00021588601218558434,7.350000000002183,5.549999999999272,0.0,2024-08-01T10:52:00+05:30,25008.1,30,4.5,33.10000000000218,-12.350000000002183,-13.850000000002183,False,False,-2.7444444444449294
NIFTY:2024-08-01,2024-08-01,NIFTY,opening_range_low_break,2024-08-01T11:02:00+05:30,2024-08-01T11:02:00+05:30,DOWN,{},"{'source_path': '/Users/madhuram/tradebot-structural-edge-discovery-v3/runtime/upstox_candidate_replay.zip!upstox_candidate_replay/20240801/underlying/NIFTY_20240801.parquet', 'source_hash': '4357f109ed631802b3774c34db9c318f71742f8e99de307408af71bf00810707'}",{'completed_bar_only': True},"{'buy_ce_allowed': False, 'buy_pe_allowed': True, 'research_only': True}",ff258ee2abbcb1983a9ca5d73b6330dc9e4f370b6354b61e386c9a8a1938a7b4,25008.05,2024-08-01 11:01:00+05:30,106,0.0013030789493700494,69.5,0.0,128.09999999999854,7.020000000000437,6.120000000000194,0.0001259181264412191,5.84285714285735,-29.680373831775796,70.25,4.450000000000728,0.43181818181795634,0.06250000000031006,0.5056818181817336,0,1,-0.0001559254676265498,8.80000000000291,3.7999999999992724,0.0,2024-08-01T11:02:00+05:30,25007.6,30,1.2999999999992724,33.60000000000218,-13.75,-15.25,False,False,-10.576923076928997
NIFTY:2024-08-01,2024-08-01,NIFTY,opening_range_low_break,2024-08-01T11:05:00+05:30,2024-08-01T11:05:00+05:30,DOWN,{},"{'source_path': '/Users/madhuram/tradebot-structural-edge-discovery-v3/runtime/upstox_candidate_replay.zip!upstox_candidate_replay/20240801/underlying/NIFTY_20240801.parquet', 'source_hash': '4357f109ed631802b3774c34db9c318f71742f8e99de307408af71bf00810707'}",{'completed_bar_only': True},"{'buy_ce_allowed': False, 'buy_pe_allowed': True, 'research_only': True}",0cfd429c12b3eed473d4e6dea344e028ef5dae216877df97386f14ebc8cf67d8,25008.2,2024-08-01 11:04:00+05:30,109,0.0013090839214870203,69.5,0.0,128.09999999999854,8.120000000001165,6.236666666667103,0.00014317907534980255,6.332142857143221,-28.835454545453103,70.09999999999854,4.600000000002183,0.8172043010748566,0.08602150537663011,0.09677419354851328,0,1,-0.00018590444511512594,4.650000000001455,3.7999999999992724,0.0,2024-08-01T11:05:00+05:30,25007.85,30,1.5499999999992724,33.35000000000218,-10.650000000001455,-12.150000000001455,False,False,-6.870967741939648
NIFTY:2024-08-01,2024-08-01,NIFTY,opening_range_low_break,2024-08-01T11:43:00+05:30,2024-08-01T11:43:00+05:30,DOWN,{},"{'source_path': '/Users/madhuram/tradebot-structural-edge-discovery-v3/runtime/upstox_candidate_replay.zip!upstox_candidate_replay/20240801/underlying/NIFTY_20240801.parquet', 'source_hash': '4357f109ed631802b3774c34db9c318f71742f8e99de307408af71bf00810707'}",{'completed_bar_only': True},"{'buy_ce_allowed': False, 'buy_pe_allowed': True, 'research_only': True}",31737cb68e1a0c9fa71b72544a251893cef9b50e497c43f0f19787a899e325fe,25005.7,2024-08-01 11:42:00+05:30,147,0.0016573723042679922,69.5,0.0,128.09999999999854,6.920000000000437,5.140000000000388,0.00018723037192992382,5.100000000000364,-27.570608108104352,72.59999999999854,2.7999999999992724,0.8042895442360191,0.045576407506629724,0.15013404825735122,0,1,-0.0006234688045784198,18.649999999997817,15.0,0.0,2024-08-01T11:43:00+05:30,25005.85,30,22.549999999999272,1.5500000000029104,19.94999999999709,18.44999999999709,True,True,0.8847006651883695
NIFTY:2024-08-01,2024-08-01,NIFTY,opening_range_low_break,2024-08-01T11:44:00+05:30,2024-08-01T11:44:00+05:30,DOWN,{},"{'source_path': '/Users/madhuram/tradebot-structural-edge-discovery-v3/runtime/upstox_candidate_replay.zip!upstox_candidate_replay/20240801/underlying/NIFTY_20240801.parquet', 'source_hash': '4357f109ed631802b3774c34db9c318f71742f8e99de307408af71bf00810707'}",{'completed_bar_only': True},"{'buy_ce_allowed': False, 'buy_pe_allowed': True, 'research_only': True}",eea792059810c435e1065f0ec6ec582a6b35c9deca3662247a96ecc6ce74c1bb,25000.35,2024-08-01 11:43:00+05:30,148,0.0010628800646935372,69.5,0.0,128.09999999999854,7.3400000000001455,5.286666666667103,0.00018420986268997182,5.400000000000416,-32.69966442953228,77.95000000000073,0.8499999999985448,0.6962025316454413,0.19620253164590187,0.10759493670865673,0,1,-0.00021395121912215487,7.900000000001455,5.5,0.0,2024-08-01T11:44:00+05:30,25000.1,30,16.799999999999272,6.80000000000291,9.549999999999272,8.049999999999272,True,False,0.5684523809523623
NIFTY:2024-08-01,2024-08-01,NIFTY,opening_range_low_break,2024-08-01T11:45:00+05:30,2024-08-01T11:45:00+05:30,DOWN,{},"{'source_path': '/Users/madhuram/tradebot-structural-edge-discovery-v3/runtime/upstox_candidate_replay.zip!upstox_candidate_replay/20240801/underlying/NIFTY_20240801.parquet', 'source_hash': '4357f109ed631802b3774c34db9c318f71742f8e99de307408af71bf00810707'}",{'completed_bar_only': True},"{'buy_ce_allowed': False, 'buy_pe_allowed': True, 'research_only': True}",44e3f2e153a3ff0bd8dcb49808519134b48e6e4eacf4512fe5c8adb1fd4ecc61,24998.45,2024-08-01 11:44:00+05:30,149,0.0008326894668785463,69.5,0.0,128.09999999999854,7.819999999999709,5.413333333333624,0.0001837614169359186,5.582142857143221,-34.36899999999878,79.84999999999854,0.2999999999992724,0.2946428571425439,0.6517857142861435,0.053571428571312564,0,1,-7.599893601484276e-05,5.599999999998545,1.6499999999978172,0.0,2024-08-01T11:45:00+05:30,24998.55,30,15.25,8.350000000002183,9.899999999997817,8.399999999997817,True,False,0.6491803278687093
NIFTY:2024-08-01,2024-08-01,NIFTY,opening_range_low_break,2024-08-01T11:46:00+05:30,2024-08-01T11:46:00+05:30,DOWN,{},"{'source_path': '/Users/madhuram/tradebot-structural-edge-discovery-v3/runtime/upstox_candidate_replay.zip!upstox_candidate_replay/20240801/underlying/NIFTY_20240801.parquet', 'source_hash': '4357f109ed631802b3774c34db9c318f71742f8e99de307408af71bf00810707'}",{'completed_bar_only': True},"{'buy_ce_allowed': False, 'buy_pe_allowed': True, 'research_only': True}",509d8c03c3f5657578aa314d9e808827b61616b829a634b3ae9a6107835a7c8c,25001.05,2024-08-01 11:45:00+05:30,150,0.0007706380883371432,69.5,0.0,128.09999999999854,8.479999999999563,5.61000000000034,0.00018844886116097163,5.821428571428831,-31.558609271523892,77.25,5.549999999999272,0.4166666666666667,0.07500000000012126,0.5083333333332121,0,1,0.00010400644839969608,6.0,2.5,0.0,2024-08-01T11:46:00+05:30,25001.65,30,18.350000000002183,5.25,14.30000000000291,12.80000000000291,True,False,0.7792915531335809
NIFTY:2024-08-01,2024-08-01,NIFTY,opening_range_low_break,2024-08-01T11:47:00+05:30,2024-08-01T11:47:00+05:30,DOWN,{},"{'source_path': '/Users/madhuram/tradebot-structural-edge-discovery-v3/runtime/upstox_candidate_replay.zip!upstox_candidate_replay/20240801/underlying/NIFTY_20240801.parquet', 'source_hash': '4357f109ed631802b3774c34db9c318f71742f8e99de307408af71bf00810707'}",{'completed_bar_only': True},"{'buy_ce_allowed': False, 'buy_pe_allowed': True, 'research_only': True}",439de8388665d9ea19fcccf6d4b7853443a6431d855db162baf5a67f17fd1c0c,25003.5,2024-08-01 11:46:00+05:30,151,0.0008947408454200951,69.5,0.0,128.09999999999854,8.96999999999971,5.880000000000291,0.00019247832686957638,6.014285714286026,-28.917105263157282,74.79999999999927,8.0,0.27611940298482746,0.4104477611939853,0.31343283582118725,0,1,9.799588417291893e-05,6.700000000000728,1.8499999999985448,0.0,2024-08-01T11:47:00+05:30,25003.8,30,20.5,3.100000000002183,15.549999999999272,14.049999999999272,True,True,0.7585365853658181
NIFTY:2024-08-02,2024-08-02,NIFTY,opening_range_low_break,2024-08-02T09:46:00+05:30,2024-08-02T09:46:00+05:30,DOWN,{},"{'source_path': '/Users/madhuram/tradebot-structural-edge-discovery-v3/runtime/upstox_candidate_replay.zip!upstox_candidate_replay/20240802/underlying/NIFTY_20240802.parquet', 'source_hash': '4357f109ed631802b3774c34db9c318f71742f8e99de307408af71bf00810707'}",{'completed_bar_only': True},"{'buy_ce_allowed': False, 'buy_pe_allowed': True, 'research_only': True}",6ec7eecbeb580851eaf992172410a97c13655bf1bd5f9b49c78e060b44c91834,24750.1,2024-08-02 09:45:00+05:30,30,-0.009881628409181739,100.80000000000291,0.0,121.89999999999782,15.470000000000436,13.580000000000291,0.0002349706382434978,13.621428571428883,-62.50161290322649,101.80000000000291,2.5499999999992724,0.6929133858269612,0.10629921259830452,0.20078740157473435,0,2,-0.00046039214102544523,12.700000000000728,8.80000000000291,0.0,2024-08-02T09:46:00+05:30,24749.85,30,26.149999999997817,38.80000000000291,-33.900000000001455,-35.400000000001455,False,False,-1.2963671128108714
NIFTY:2024-08-02,2024-08-02,NIFTY,opening_range_low_break,2024-08-02T09:47:00+05:30,2024-08-02T09:47:00+05:30,DOWN,{},"{'source_path': '/Users/madhuram/tradebot-structural-edge-discovery-v3/runtime/upstox_candidate_replay.zip!upstox_candidate_replay/20240802/underlying/NIFTY_20240802.parquet', 'source_hash': '4357f109ed631802b3774c34db9c318f71742f8e99de307408af71bf00810707'}",{'completed_bar_only': True},"{'buy_ce_allowed': False, 'buy_pe_allowed': True, 'research_only': True}",588baf42482d79c7bb45d639824e117c3549e14b38d14ee17c979d58348b50cb,24731.85,2024-08-02 09:46:00+05:30,31,-0.010243541550028051,100.80000000000291,0.0,121.89999999999782,15.78000000000029,14.016666666666909,0.00026658155731291224,14.214285714285975,-78.22812500000146,120.05000000000291,1.5499999999992724,0.9207161125320036,0.0,0.07928388746799643,0,2,-0.0007373707580979882,19.549999999999272,18.0,0.0,2024-08-02T09:47:00+05:30,24733.0,30,9.299999999999272,55.650000000001455,-48.849999999998545,-50.349999999998545,False,False,-5.252688172043265
NIFTY:2024-08-02,2024-08-02,NIFTY,opening_range_low_break,2024-08-02T09:48:00+05:30,2024-08-02T09:48:00+05:30,DOWN,{},"{'source_path': '/Users/madhuram/tradebot-structural-edge-discovery-v3/runtime/upstox_candidate_replay.zip!upstox_candidate_replay/20240802/underlying/NIFTY_20240802.parquet', 'source_hash': '4357f109ed631802b3774c34db9c318f71742f8e99de307408af71bf00810707'}",{'completed_bar_only': True},"{'buy_ce_allowed': False, 'buy_pe_allowed': True, 'research_only': True}",7d0dea1608e164321403ef6c26f9c31869efabd257adff84cad1b6e5645471a2,24738.35,2024-08-02 09:47:00+05:30,32,-0.010917379828841079,100.80000000000291,0.0,121.89999999999782,14.420000000000437,14.383333333333576,0.0002977760717882476,14.36428571428587,-69.55454545454631,113.55000000000291,14.649999999997817,0.31940298507454,0.1253731343284885,0.5552238805969715,0,2,0.0002628189965570016,16.75,5.349999999998545,0.0,2024-08-02T09:48:00+05:30,24739.3,30,9.049999999999272,49.35000000000218,-40.5,-42.0,False,False,-4.475138121547321
NIFTY:2024-08-02,2024-08-02,NIFTY,opening_range_low_break,2024-08-02T09:49:00+05:30,2024-08-02T09:49:00+05:30,DOWN,{},"{'source_path': '/Users/madhuram/tradebot-structural-edge-discovery-v3/runtime/upstox_candidate_replay.zip!upstox_candidate_replay/20240802/underlying/NIFTY_20240802.parquet', 'source_hash': '4357f109ed631802b3774c34db9c318f71742f8e99de307408af71bf00810707'}",{'completed_bar_only': True},"{'buy_ce_allowed': False, 'buy_pe_allowed': True, 'research_only': True}",eb37bf9866c7a14f8e6ddc38053c7b21285a2587d4eef7b5af18a8e6f5946949,24741.7,2024-08-02 09:48:00+05:30,33,-0.01066544029432939,100.80000000000291,0.0,121.89999999999782,14.990000000000872,14.53000000000029,0.0003069331893914185,14.94642857142883,-64.2573529411784,110.20000000000073,18.0,0.1424332344214329,0.8575667655785671,0.0,0,2,0.00013541727722343744,16.850000000002183,2.400000000001455,0.0,2024-08-02T09:49:00+05:30,24741.3,30,11.049999999999272,47.35000000000218,-35.10000000000218,-36.60000000000218,False,False,-3.1764705882357007
NIFTY:2024-08-02,2024-08-02,NIFTY,opening_range_low_break,2024-08-02T09:50:00+05:30,2024-08-02T09:50:00+05:30,DOWN,{},"{'source_path': '/Users/madhuram/tradebot-structural-edge-discovery-v3/runtime/upstox_candidate_replay.zip!upstox_candidate_replay/20240802/underlying/NIFTY_20240802.parquet', 'source_hash': '4357f109ed631802b3774c34db9c318f71742f8e99de307408af71bf00810707'}",{'completed_bar_only': True},"{'buy_ce_allowed': False, 'buy_pe_allowed': True, 'research_only': True}",f42ec9eb72b324f42989dae545eb7c015b68626a0c6bf1bdf4a5ad7f7b21ce07,24742.35,2024-08-02 09:49:00+05:30,34,-0.010585459489722495,100.80000000000291,0.0,121.89999999999782,15.950000000000728,14.876666666667006,0.00029680876429528203,15.25000000000026,-61.79000000000087,109.55000000000291,18.649999999997817,0.07553956834526349,0.21942446043184108,0.7050359712228954,0,2,2.6271436481595245e-05,13.900000000001455,1.0499999999992724,0.0,2024-08-02T09:50:00+05:30,24742.8,30,12.549999999999272,45.85000000000218,-14.200000000000728,-15.700000000000728,False,False,-1.131474103585781
NIFTY:2024-08-02,2024-08-02,NIFTY,opening_range_low_break,2024-08-02T09:57:00+05:30,2024-08-02T09:57:00+05:30,DOWN,{},"{'source_path': '/Users/madhuram/tradebot-structural-edge-discovery-v3/runtime/upstox_candidate_replay.zip!upstox_candidate_replay/20240802/underlying/NIFTY_20240802.parquet', 'source_hash': '4357f109ed631802b3774c34db9c318f71742f8e99de307408af71bf00810707'}",{'completed_bar_only': True},"{'buy_ce_allowed': False, 'buy_pe_allowed': True, 'research_only': True}",4ce0b91ca819a7ed2a474912a76bca33ac9440267fe650ec42d49d081dbb9987,24747.45,2024-08-02 09:56:00+05:30,41,-0.010119571302887279,100.80000000000291,0.0,121.89999999999782,11.590000000000874,13.936666666667346,0.00031851024529934397,13.25000000000078,-48.74880952380772,104.45000000000073,23.75,0.4471544715447419,0.08536585365848248,0.4674796747967756,6,2,-0.00021411762329437423,12.299999999999272,5.5,0.0,2024-08-02T09:57:00+05:30,24747.05,30,16.799999999999272,41.60000000000218,-12.0,-13.5,False,False,-0.7142857142857452
NIFTY:2024-08-02,2024-08-02,NIFTY,opening_range_low_break,2024-08-02T09:58:00+05:30,2024-08-02T09:58:00+05:30,DOWN,{},"{'source_path': '/Users/madhuram/tradebot-structural-edge-discovery-v3/runtime/upstox_candidate_replay.zip!upstox_candidate_replay/20240802/underlying/NIFTY_20240802.parquet', 'source_hash': '4357f109ed631802b3774c34db9c318f71742f8e99de307408af71bf00810707'}",{'completed_bar_only': True},"{'buy_ce_allowed': False, 'buy_pe_allowed': True, 'research_only': True}",11ed248ddb4279d7670a0c6921cb628ad9de051fc2c6580cd9cc53a68e6daebc,24740.95,2024-08-02 09:57:00+05:30,42,-0.010355514676477674,100.80000000000291,0.0,121.89999999999782,10.580000000000291,13.043333333333916,0.0003153748602998696,12.975000000000623,-53.96395348837177,110.95000000000073,17.25,0.6009852216748627,0.0,0.39901477832513726,7,2,-0.0002626533238777595,10.149999999997817,6.099999999998545,0.0,2024-08-02T09:58:00+05:30,24741.7,30,11.450000000000728,46.95000000000073,-13.599999999998545,-15.099999999998545,False,False,-1.1877729257639895
NIFTY:2024-08-02,2024-08-02,NIFTY,opening_range_low_break,2024-08-02T09:59:00+05:30,2024-08-02T09:59:00+05:30,DOWN,{},"{'source_path': '/Users/madhuram/tradebot-structural-edge-discovery-v3/runtime/upstox_candidate_replay.zip!upstox_candidate_replay/20240802/underlying/NIFTY_20240802.parquet', 'source_hash': '4357f109ed631802b3774c34db9c318f71742f8e99de307408af71bf00810707'}",{'completed_bar_only': True},"{'buy_ce_allowed': False, 'buy_pe_allowed': True, 'research_only': True}",82e469277909a52b33b8582e709d9cdf66efdbe33de93ff0cbfe33d636d33f41,24740.35,2024-08-02 09:58:00+05:30,43,-0.010569463328801059,100.80000000000291,0.0,121.89999999999782,10.45,12.513333333333867,0.00031066951710706134,12.757142857143274,-53.32386363636397,111.55000000000291,16.649999999997817,0.22314049586815624,0.6033057851236787,0.17355371900816507,8,2,-2.4251291886656645e-05,6.049999999999272,1.3500000000021828,0.0,2024-08-02T09:59:00+05:30,24739.9,30,9.650000000001455,48.75,-14.19999999999709,-15.69999999999709,False,False,-1.4715025906730517
NIFTY:2024-08-05,2024-08-05,NIFTY,opening_range_low_break,2024-08-05T09:31:00+05:30,2024-08-05T09:31:00+05:30,DOWN,{},"{'source_path': '/Users/madhuram/tradebot-structural-edge-discovery-v3/runtime/upstox_candidate_replay.zip!upstox_candidate_replay/20240805/underlying/NIFTY_20240805.parquet', 'source_hash': '4357f109ed631802b3774c34db9c318f71742f8e99de307408af71bf00810707'}",{'completed_bar_only': True},"{'buy_ce_allowed': False, 'buy_pe_allowed': True, 'research_only': True}",b52d098757d83ac1da2e06e29dcc586f85114a245b2344daf0e9e6ed365c784d,24201.85,2024-08-05 09:30:00+05:30,15,-0.01959355370261284,140.45000000000073,0.0,165.0500000000029,22.740000000000872,22.756666666667055,0.00040231334018614104,22.37500000000052,-55.078125,148.20000000000073,9.349999999998545,0.3939393939394194,0.3362193362193641,0.26984126984121654,11,0,-0.0006070228831109858,34.650000000001455,13.650000000001455,0.0,2024-08-05T09:31:00+05:30,24203.65,30,4.75,142.54999999999927,-119.59999999999854,-121.09999999999854,False,False,-25.178947368420747
NIFTY:2024-08-05,2024-08-05,NIFTY,opening_range_low_break,2024-08-05T10:43:00+05:30,2024-08-05T10:43:00+05:30,DOWN,{},"{'source_path': '/Users/madhuram/tradebot-structural-edge-discovery-v3/runtime/upstox_candidate_replay.zip!upstox_candidate_replay/20240805/underlying/NIFTY_20240805.parquet', 'source_hash': '4357f109ed631802b3774c34db9c318f71742f8e99de307408af71bf00810707'}",{'completed_bar_only': True},"{'buy_ce_allowed': False, 'buy_pe_allowed': True, 'research_only': True}",ab90cb4bbc82c500976897ae02e59cb617f08a5fbfac129fe25171bc2127bd32,24193.1,2024-08-05 10:42:00+05:30,87,-0.019553066971126916,140.45000000000073,0.0,165.0500000000029,18.43999999999942,13.889999999999903,0.0003835903217953086,13.59285714285709,-76.69829545454559,156.95000000000073,7.19999999999709,0.7647058823530251,0.0,0.23529411764697492,0,0,-0.0010199109745724355,30.599999999998545,23.400000000001455,0.0,2024-08-05T10:43:00+05:30,24195.35,30,175.84999999999854,14.100000000002183,167.09999999999854,165.59999999999854,True,True,0.9502416832527718
NIFTY:2024-08-05,2024-08-05,NIFTY,opening_range_low_break,2024-08-05T10:44:00+05:30,2024-08-05T10:44:00+05:30,DOWN,{},"{'source_path': '/Users/madhuram/tradebot-structural-edge-discovery-v3/runtime/upstox_candidate_replay.zip!upstox_candidate_replay/20240805/underlying/NIFTY_20240805.parquet', 'source_hash': '4357f109ed631802b3774c34db9c318f71742f8e99de307408af71bf00810707'}",{'completed_bar_only': True},"{'buy_ce_allowed': False, 'buy_pe_allowed': True, 'research_only': True}",486a299271b8e58ae5f6b11fd51736ee6e69bc0d20f482a893dac858bdbec5a8,24196.95,2024-08-05 10:43:00+05:30,88,-0.020409361342054264,140.45000000000073,0.0,165.0500000000029,18.23999999999942,13.686666666666618,0.00038149338062001234,13.375,-72.02977528090196,153.09999999999854,11.049999999999272,0.10666666666681218,0.8333333333333334,0.05999999999985448,0,0,0.000159136282659178,15.0,1.6000000000021828,0.0,2024-08-05T10:44:00+05:30,24195.45,30,184.0,11.349999999998545,174.70000000000073,173.20000000000073,True,True,0.9494565217391344
NIFTY:2024-08-05,2024-08-05,NIFTY,opening_range_low_break,2024-08-05T10:45:00+05:30,2024-08-05T10:45:00+05:30,DOWN,{},"{'source_path': '/Users/madhuram/tradebot-structural-edge-discovery-v3/runtime/upstox_candidate_replay.zip!upstox_candidate_replay/20240805/underlying/NIFTY_20240805.parquet', 'source_hash': '4357f109ed631802b3774c34db9c318f71742f8e99de307408af71bf00810707'}",{'completed_bar_only': True},"{'buy_ce_allowed': False, 'buy_pe_allowed': True, 'research_only': True}",6d56a03303a810023b48da5b610e9fdee7e4fbacd779cdf1290aceca65bb70e4,24205.55,2024-08-05 10:44:00+05:30,89,-0.020405312668905582,140.45000000000073,0.0,165.0500000000029,17.15,13.323333333333478,0.0003568006780047302,13.603571428571481,-62.72500000000218,144.5,19.649999999997817,0.8015873015870473,0.051587301587408145,0.14682539682554463,0,0,0.0003554166950792137,12.600000000002183,10.099999999998545,0.0,2024-08-05T10:45:00+05:30,24206.2,30,198.95000000000073,0.5999999999985448,197.04999999999927,195.54999999999927,True,True,0.9904498617743078
NIFTY:2024-08-05,2024-08-05,NIFTY,opening_range_low_break,2024-08-05T10:46:00+05:30,2024-08-05T10:46:00+05:30,DOWN,{},"{'source_path': '/Users/madhuram/tradebot-structural-edge-discovery-v3/runtime/upstox_candidate_replay.zip!upstox_candidate_replay/20240805/underlying/NIFTY_20240805.parquet', 'source_hash': '4357f109ed631802b3774c34db9c318f71742f8e99de307408af71bf00810707'}",{'completed_bar_only': True},"{'buy_ce_allowed': False, 'buy_pe_allowed': True, 'research_only': True}",de5d71942994653d94be4e4b15e0a278b112c53c693de1dadb686fe4de5c699c,24188.1,2024-08-05 10:45:00+05:30,90,-0.019970080305431903,140.45000000000073,0.0,165.0500000000029,18.109999999999854,14.203333333333285,0.0003630470871364279,14.828571428571324,-79.29395604395904,161.95000000000073,3.899999999997817,0.8008849557523605,0.026548672566309002,0.17256637168133046,0,0,-0.0007209090477183766,22.599999999998545,18.100000000002183,0.0,2024-08-05T10:46:00+05:30,24187.65,30,190.15000000000146,11.899999999997817,169.95000000000073,168.45000000000073,True,True,0.8937680778332865
NIFTY:2024-08-05,2024-08-05,NIFTY,opening_range_low_break,2024-08-05T10:47:00+05:30,2024-08-05T10:47:00+05:30,DOWN,{},"{'source_path': '/Users/madhuram/tradebot-structural-edge-discovery-v3/runtime/upstox_candidate_replay.zip!upstox_candidate_replay/20240805/underlying/NIFTY_20240805.parquet', 'source_hash': '4357f109ed631802b3774c34db9c318f71742f8e99de307408af71bf00810707'}",{'completed_bar_only': True},"{'buy_ce_allowed': False, 'buy_pe_allowed': True, 'research_only': True}",d389ab040b7b74762400b548a46e5ca12c933c732e52881dc1d71d7c0b096378,24187.5,2024-08-05 10:46:00+05:30,91,-0.02072110917449576,140.45000000000073,0.0,165.0500000000029,18.85,14.736666666666618,0.00036365458938765824,15.350000000000104,-79.02554347826299,162.54999999999927,3.2999999999992724,0.011152416356984912,0.8847583643120575,0.10408921933095758,0,0,-2.480558621797968e-05,13.450000000000728,0.1500000000014552,0.0,2024-08-05T10:47:00+05:30,24186.9,30,189.40000000000146,0.0,165.5,164.0,True,True,0.8738120380147768
NIFTY:2024-08-05,2024-08-05,NIFTY,opening_range_low_break,2024-08-05T10:48:00+05:30,2024-08-05T10:48:00+05:30,DOWN,{},"{'source_path': '/Users/madhuram/tradebot-structural-edge-discovery-v3/runtime/upstox_candidate_replay.zip!upstox_candidate_replay/20240805/underlying/NIFTY_20240805.parquet', 'source_hash': '4357f109ed631802b3774c34db9c318f71742f8e99de307408af71bf00810707'}",{'completed_bar_only': True},"{'buy_ce_allowed': False, 'buy_pe_allowed': True, 'research_only': True}",650aaf3b0c872844095e1b80b72bf6a9bbe601a0364bf35e6f973084672e14ae,24169.35,2024-08-05 10:47:00+05:30,92,-0.020751474223110203,140.45000000000073,0.0,165.0500000000029,17.070000000000437,15.773333333333479,0.000384978900543778,15.803571428571429,-96.13064516129452,180.70000000000073,4.149999999997817,0.8087557603687706,0.0,0.1912442396312294,0,0,-0.0007503875968992713,21.700000000000728,17.55000000000291,0.0,2024-08-05T10:48:00+05:30,24170.65,30,184.8000000000029,0.0,178.90000000000146,177.40000000000146,True,True,0.9680735930735856
NIFTY:2024-08-05,2024-08-05,NIFTY,opening_range_low_break,2024-08-05T10:49:00+05:30,2024-08-05T10:49:00+05:30,DOWN,{},"{'source_path': '/Users/madhuram/tradebot-structural-edge-discovery-v3/runtime/upstox_candidate_replay.zip!upstox_candidate_replay/20240805/underlying/NIFTY_20240805.parquet', 'source_hash': '4357f109ed631802b3774c34db9c318f71742f8e99de307408af71bf00810707'}",{'completed_bar_only': True},"{'buy_ce_allowed': False, 'buy_pe_allowed': True, 'research_only': True}",b0c6029547fa197077548330bf24c7662431f970c01844c6979b15209fc67b98,24162.5,2024-08-05 10:48:00+05:30,93,-0.02140938360975646,140.45000000000073,0.0,165.0500000000029,16.13000000000102,15.436666666666861,0.00037866741950794814,15.914285714285922,-101.88510638298249,187.54999999999927,2.150000000001455,0.7912621359222478,0.0,0.2087378640777522,0,0,-0.0002834168068234222,10.30000000000291,8.150000000001455,0.0,2024-08-05T10:49:00+05:30,24163.2,30,177.35000000000218,1.8499999999985448,168.29999999999927,166.79999999999927,True,True,0.9489709613757947
NIFTY:2024-08-06,2024-08-06,NIFTY,opening_range_low_break,2024-08-06T10:38:00+05:30,2024-08-06T10:38:00+05:30,DOWN,{},"{'source_path': '/Users/madhuram/tradebot-structural-edge-discovery-v3/runtime/upstox_candidate_replay.zip!upstox_candidate_replay/20240806/underlying/NIFTY_20240806.parquet', 'source_hash': '4357f109ed631802b3774c34db9c318f71742f8e99de307408af71bf00810707'}",{'completed_bar_only': True},"{'buy_ce_allowed': False, 'buy_pe_allowed': True, 'research_only': True}",9a02ca20f7445ac7eefc868e994bf6bcfaa1f5a5db468aa1d660da225a17a883,24179.25,2024-08-06 10:37:00+05:30,82,0.006018260587565172,193.09999999999854,0.0,456.34999999999854,16.790000000000873,16.916666666667393,0.000497745508224901,17.13214285714353,-118.11144578313178,203.34999999999854,2.0499999999992724,0.7706013363028379,0.13808463251679653,0.09131403118036552,1,1,-0.0006385696040869249,22.450000000000728,17.299999999999272,0.0,2024-08-06T10:38:00+05:30,24177.15,30,46.150000000001455,88.69999999999709,-39.5,-41.0,False,False,-0.8559046587215331
NIFTY:2024-08-06,2024-08-06,NIFTY,opening_range_low_break,2024-08-06T10:39:00+05:30,2024-08-06T10:39:00+05:30,DOWN,{},"{'source_path': '/Users/madhuram/tradebot-structural-edge-discovery-v3/runtime/upstox_candidate_replay.zip!upstox_candidate_replay/20240806/underlying/NIFTY_20240806.parquet', 'source_hash': '4357f109ed631802b3774c34db9c318f71742f8e99de307408af71bf00810707'}",{'completed_bar_only': True},"{'buy_ce_allowed': False, 'buy_pe_allowed': True, 'research_only': True}",19f1c7c8ae6816708158e12638c5a2c17b8a636b891344d156879091feb6ab24,24158.75,2024-08-06 10:38:00+05:30,83,0.005211668149577253,193.09999999999854,0.0,456.34999999999854,19.640000000000875,17.666666666667393,0.0005167814944360262,16.653571428572054,-136.96130952380918,223.84999999999854,0.0,0.7316103379721826,0.2683896620278175,0.0,0,1,-0.0008478344034658081,25.150000000001455,18.400000000001455,0.0,2024-08-06T10:39:00+05:30,24158.95,30,27.950000000000728,106.89999999999782,-57.95000000000073,-59.45000000000073,False,False,-2.073345259391743
NIFTY:2024-08-06,2024-08-06,NIFTY,opening_range_low_break,2024-08-06T10:40:00+05:30,2024-08-06T10:40:00+05:30,DOWN,{},"{'source_path': '/Users/madhuram/tradebot-structural-edge-discovery-v3/runtime/upstox_candidate_replay.zip!upstox_candidate_replay/20240806/underlying/NIFTY_20240806.parquet', 'source_hash': '4357f109ed631802b3774c34db9c318f71742f8e99de307408af71bf00810707'}",{'completed_bar_only': True},"{'buy_ce_allowed': False, 'buy_pe_allowed': True, 'research_only': True}",7ab1b9b1ace057f2eab6d7596ef675c939c061eeb916821300a9ec462039fbca,24176.25,2024-08-06 10:39:00+05:30,84,0.00445496802734105,193.09999999999854,0.0,456.34999999999854,22.31000000000058,17.3966666666672,0.0005087381031605273,17.40714285714343,-118.05588235294272,206.34999999999854,19.0,0.6223021582733714,0.31654676258991016,0.06115107913671842,0,1,0.0007243752263672576,27.799999999999272,17.299999999999272,0.0,2024-08-06T10:40:00+05:30,24176.1,30,45.099999999998545,89.75,-55.75,-57.25,False,False,-1.236141906873654
NIFTY:2024-08-06,2024-08-06,NIFTY,opening_range_low_break,2024-08-06T10:41:00+05:30,2024-08-06T10:41:00+05:30,DOWN,{},"{'source_path': '/Users/madhuram/tradebot-structural-edge-discovery-v3/runtime/upstox_candidate_replay.zip!upstox_candidate_replay/20240806/underlying/NIFTY_20240806.parquet', 'source_hash': '4357f109ed631802b3774c34db9c318f71742f8e99de307408af71bf00810707'}",{'completed_bar_only': True},"{'buy_ce_allowed': False, 'buy_pe_allowed': True, 'research_only': True}",eae8f6cee5f62668a074e75756dfe2ab0a87603681153cb63aed7252c57722a4,24166.1,2024-08-06 10:40:00+05:30,85,0.005168012373294276,193.09999999999854,0.0,456.34999999999854,22.06000000000131,17.186666666667346,0.00046276319478926424,17.59285714285787,-126.71511627907239,216.5,8.849999999998545,0.7092198581559186,0.2907801418440814,0.0,0,1,-0.0004198335142960863,14.100000000002183,10.0,0.0,2024-08-06T10:41:00+05:30,24165.4,30,34.400000000001455,100.44999999999709,-50.94999999999709,-52.44999999999709,False,False,-1.4811046511626433
NIFTY:2024-08-06,2024-08-06,NIFTY,opening_range_low_break,2024-08-06T10:42:00+05:30,2024-08-06T10:42:00+05:30,DOWN,{},"{'source_path': '/Users/madhuram/tradebot-structural-edge-discovery-v3/runtime/upstox_candidate_replay.zip!upstox_candidate_replay/20240806/underlying/NIFTY_20240806.parquet', 'source_hash': '4357f109ed631802b3774c34db9c318f71742f8e99de307408af71bf00810707'}",{'completed_bar_only': True},"{'buy_ce_allowed': False, 'buy_pe_allowed': True, 'research_only': True}",ebc3dd264ccdaf06c367b02148511dc7a09478a5da6c6c2e168e953cc78ca26a,24154.35,2024-08-06 10:41:00+05:30,86,0.004723139224507196,193.09999999999854,0.0,456.34999999999854,22.210000000000583,17.856666666667298,0.00044965225495789056,18.117857142857765,-136.87356321839616,228.25,0.5999999999985448,0.5127610208818228,0.45939675174005346,0.02784222737812367,0,1,-0.00048621829753248136,21.549999999999272,11.05000000000291,0.0,2024-08-06T10:42:00+05:30,24152.65,30,21.650000000001455,113.19999999999709,-65.44999999999709,-66.94999999999709,False,False,-3.0230946882213714
NIFTY:2024-08-06,2024-08-06,NIFTY,opening_range_low_break,2024-08-06T10:43:00+05:30,2024-08-06T10:43:00+05:30,DOWN,{},"{'source_path': '/Users/madhuram/tradebot-structural-edge-discovery-v3/runtime/upstox_candidate_replay.zip!upstox_candidate_replay/20240806/underlying/NIFTY_20240806.parquet', 'source_hash': '4357f109ed631802b3774c34db9c318f71742f8e99de307408af71bf00810707'}",{'completed_bar_only': True},"{'buy_ce_allowed': False, 'buy_pe_allowed': True, 'research_only': True}",cae8a3814681337c75332539298d4fb24764338cff208c26b200c732a0126937,24154.55,2024-08-06 10:42:00+05:30,87,0.004193033369643943,193.09999999999854,0.0,456.34999999999854,19.98000000000029,17.663333333333867,0.0004500632765980623,17.425000000000573,-135.1204545454566,228.04999999999927,7.049999999999272,0.16814159292017164,0.3761061946902897,0.45575221238953867,0,1,8.280082055556193e-06,11.299999999999272,1.8999999999978172,0.0,2024-08-06T10:43:00+05:30,24154.4,30,23.400000000001455,111.44999999999709,-56.94999999999709,-58.44999999999709,False,False,-2.433760683760408
NIFTY:2024-08-06,2024-08-06,NIFTY,opening_range_low_break,2024-08-06T10:44:00+05:30,2024-08-06T10:44:00+05:30,DOWN,{},"{'source_path': '/Users/madhuram/tradebot-structural-edge-discovery-v3/runtime/upstox_candidate_replay.zip!upstox_candidate_replay/20240806/underlying/NIFTY_20240806.parquet', 'source_hash': '4357f109ed631802b3774c34db9c318f71742f8e99de307408af71bf00810707'}",{'completed_bar_only': True},"{'buy_ce_allowed': False, 'buy_pe_allowed': True, 'research_only': True}",998412463e9597a24a52fdbf30d25fc7d18423c1a30a4e965f885ff477b40e0e,24133.95,2024-08-06 10:43:00+05:30,88,0.004265792996782036,193.09999999999854,0.0,456.34999999999854,19.280000000000292,17.706666666667296,0.00045303262811124853,17.78214285714343,-153.9707865168566,248.64999999999782,1.2000000000007276,0.9445727482678685,0.0,0.0554272517321315,0,1,-0.0008528413901314202,21.650000000001455,20.450000000000728,0.0,2024-08-06T10:44:00+05:30,24133.6,30,2.599999999998545,132.25,-92.20000000000073,-93.70000000000073,False,False,-35.46153846155859
NIFTY:2024-08-06,2024-08-06,NIFTY,opening_range_low_break,2024-08-06T10:45:00+05:30,2024-08-06T10:45:00+05:30,DOWN,{},"{'source_path': '/Users/madhuram/tradebot-structural-edge-discovery-v3/runtime/upstox_candidate_replay.zip!upstox_candidate_replay/20240806/underlying/NIFTY_20240806.parquet', 'source_hash': '4357f109ed631802b3774c34db9c318f71742f8e99de307408af71bf00810707'}",{'completed_bar_only': True},"{'buy_ce_allowed': False, 'buy_pe_allowed': True, 'research_only': True}",6fb960deae2fffc66658c24ae19ddfa470ffee5903b4bfd5fd2c384676781daa,24155.9,2024-08-06 10:44:00+05:30,89,0.0034009928570834314,193.09999999999854,0.0,456.34999999999854,20.63000000000029,18.900000000000485,0.0005328497733642116,19.475000000000364,-130.55388888888774,226.6999999999971,24.900000000001455,0.6454413892909806,0.27930535455855343,0.07525325615046598,0,1,0.0009095071465714533,34.54999999999927,22.30000000000291,0.0,2024-08-06T10:45:00+05:30,24155.2,30,2.0,110.64999999999782,-98.04999999999927,-99.54999999999927,False,False,-49.024999999999636
NIFTY:2024-08-07,2024-08-07,NIFTY,opening_range_low_break,2024-08-07T09:36:00+05:30,2024-08-07T09:36:00+05:30,DOWN,{},"{'source_path': '/Users/madhuram/tradebot-structural-edge-discovery-v3/runtime/upstox_candidate_replay.zip!upstox_candidate_replay/20240807/underlying/NIFTY_20240807.parquet', 'source_hash': '4357f109ed631802b3774c34db9c318f71742f8e99de307408af71bf00810707'}",{'completed_bar_only': True},"{'buy_ce_allowed': False, 'buy_pe_allowed': True, 'research_only': True}",02ccaced8212854f26e3993c33a070d431768c93410bf529893659c7e264df0d,24238.35,2024-08-07 09:35:00+05:30,20,0.009112451395058056,63.75,0.0,422.1999999999971,13.939999999999419,16.623333333332265,0.0004794740570569884,15.64642857142748,-26.507142857142753,68.10000000000218,6.44999999999709,0.6157303370786844,0.09438202247200822,0.28988764044930737,16,1,-0.0006390737965312754,22.25,13.700000000000728,0.0,2024-08-07T09:36:00+05:30,24238.05,30,43.89999999999782,23.700000000000728,36.45000000000073,34.95000000000073,True,True,0.8302961275627002
NIFTY:2024-08-07,2024-08-07,NIFTY,opening_range_low_break,2024-08-07T09:37:00+05:30,2024-08-07T09:37:00+05:30,DOWN,{},"{'source_path': '/Users/madhuram/tradebot-structural-edge-discovery-v3/runtime/upstox_candidate_replay.zip!upstox_candidate_replay/20240807/underlying/NIFTY_20240807.parquet', 'source_hash': '4357f109ed631802b3774c34db9c318f71742f8e99de307408af71bf00810707'}",{'completed_bar_only': True},"{'buy_ce_allowed': False, 'buy_pe_allowed': True, 'research_only': True}",445fe162ab5402ce93b4a7b73603162a8fdf4e1c0eef3bc71578ecb6bb5dc85f,24236.95,2024-08-07 09:36:00+05:30,21,0.008529920255647952,63.75,0.0,422.1999999999971,14.46999999999971,15.24999999999903,0.00044580127840920005,15.364285714284831,-26.63863636363385,69.5,5.049999999999272,0.11340206185551158,0.8865979381444884,0.0,17,1,-5.775970724075652e-05,9.700000000000728,1.0999999999985448,0.0,2024-08-07T09:37:00+05:30,24237.2,30,43.04999999999927,24.549999999999272,40.5,39.0,True,True,0.940766550522664
NIFTY:2024-08-07,2024-08-07,NIFTY,opening_range_low_break,2024-08-07T09:44:00+05:30,2024-08-07T09:44:00+05:30,DOWN,{},"{'source_path': '/Users/madhuram/tradebot-structural-edge-discovery-v3/runtime/upstox_candidate_replay.zip!upstox_candidate_replay/20240807/underlying/NIFTY_20240807.parquet', 'source_hash': '4357f109ed631802b3774c34db9c318f71742f8e99de307408af71bf00810707'}",{'completed_bar_only': True},"{'buy_ce_allowed': False, 'buy_pe_allowed': True, 'research_only': True}",e2d9aa7ac371482cfbaedfa4d5a92341785bb2650f52acb8e472d5ac78b544d1,24235.95,2024-08-07 09:43:00+05:30,28,0.008671392103790466,63.75,0.0,422.1999999999971,12.900000000000727,13.319999999999952,0.0003963333769365348,13.678571428571429,-24.05172413793116,70.5,4.049999999999272,0.36666666666666664,0.6333333333333333,0.0,24,1,-0.00028255812034905237,15.0,5.5,0.0,2024-08-07T09:44:00+05:30,24236.15,30,51.25,19.899999999997817,28.600000000002183,27.100000000002183,True,True,0.5580487804878475
NIFTY:2024-08-07,2024-08-07,NIFTY,opening_range_low_break,2024-08-07T09:45:00+05:30,2024-08-07T09:45:00+05:30,DOWN,{},"{'source_path': '/Users/madhuram/tradebot-structural-edge-discovery-v3/runtime/upstox_candidate_replay.zip!upstox_candidate_replay/20240807/underlying/NIFTY_20240807.parquet', 'source_hash': '4357f109ed631802b3774c34db9c318f71742f8e99de307408af71bf00810707'}",{'completed_bar_only': True},"{'buy_ce_allowed': False, 'buy_pe_allowed': True, 'research_only': True}",1558b43985d35d90519c19838239f1b635ed3fb141ec37647abae271e250088e,24236.7,2024-08-07 09:44:00+05:30,29,0.00845086245815667,63.75,0.0,422.1999999999971,12.620000000000436,13.25,0.00039116622065914376,12.853571428571481,-22.524999999997817,69.75,4.799999999999272,0.07586206896541689,0.9103448275860062,0.013793103448576937,25,1,3.0945764453171876e-05,7.25,0.5499999999992724,0.0,2024-08-07T09:45:00+05:30,24239.2,30,54.29999999999927,16.849999999998545,27.450000000000728,25.950000000000728,True,True,0.5055248618784732
NIFTY:2024-08-07,2024-08-07,NIFTY,opening_range_low_break,2024-08-07T09:47:00+05:30,2024-08-07T09:47:00+05:30,DOWN,{},"{'source_path': '/Users/madhuram/tradebot-structural-edge-discovery-v3/runtime/upstox_candidate_replay.zip!upstox_candidate_replay/20240807/underlying/NIFTY_20240807.parquet', 'source_hash': '4357f109ed631802b3774c34db9c318f71742f8e99de307408af71bf00810707'}",{'completed_bar_only': True},"{'buy_ce_allowed': False, 'buy_pe_allowed': True, 'research_only': True}",fdeb6f6af6fa96326fd5cbd52fe164ccdbbc065683e48bdcddc2edd980ca4daf,24236.75,2024-08-07 09:46:00+05:30,31,0.009218555281164866,63.75,0.0,422.1999999999971,15.009999999999854,13.883333333333333,0.0004596444370448555,13.817857142857195,-21.6640625,69.70000000000073,4.849999999998545,0.9648648648647862,0.016216216216373536,0.01891891891884026,0,1,-0.0007833194191068094,18.5,17.849999999998545,0.0,2024-08-07T09:47:00+05:30,24237.2,30,52.29999999999927,16.849999999998545,38.35000000000218,36.85000000000218,True,True,0.7332695984704152
NIFTY:2024-08-07,2024-08-07,NIFTY,opening_range_low_break,2024-08-07T09:48:00+05:30,2024-08-07T09:48:00+05:30,DOWN,{},"{'source_path': '/Users/madhuram/tradebot-structural-edge-discovery-v3/runtime/upstox_candidate_replay.zip!upstox_candidate_replay/20240807/underlying/NIFTY_20240807.parquet', 'source_hash': '4357f109ed631802b3774c34db9c318f71742f8e99de307408af71bf00810707'}",{'completed_bar_only': True},"{'buy_ce_allowed': False, 'buy_pe_allowed': True, 'research_only': True}",9c76f6ad1469ddf4421a87708e0a02483327381540c004bb9525d5da9546b462,24236.55,2024-08-07 09:47:00+05:30,32,0.008494552293612399,63.75,0.0,422.1999999999971,14.11999999999971,13.763333333333382,0.00045670888725252455,13.514285714285766,-21.201515151518834,69.90000000000146,4.649999999997817,0.05000000000011194,0.9307692307691189,0.019230769230769232,0,1,-8.251931467695428e-06,13.0,0.6500000000014552,0.0,2024-08-07T09:48:00+05:30,24236.25,30,51.349999999998545,17.799999999999272,33.45000000000073,31.950000000000728,True,True,0.6514118792600132
NIFTY:2024-08-07,2024-08-07,NIFTY,opening_range_low_break,2024-08-07T09:49:00+05:30,2024-08-07T09:49:00+05:30,DOWN,{},"{'source_path': '/Users/madhuram/tradebot-structural-edge-discovery-v3/runtime/upstox_candidate_replay.zip!upstox_candidate_replay/20240807/underlying/NIFTY_20240807.parquet', 'source_hash': '4357f109ed631802b3774c34db9c318f71742f8e99de307408af71bf00810707'}",{'completed_bar_only': True},"{'buy_ce_allowed': False, 'buy_pe_allowed': True, 'research_only': True}",30221668bff2f6af6e8585c763d43233402bea789bf6c311daf7a918adf1c3f9,24235.65,2024-08-07 09:48:00+05:30,33,0.008455023394866684,63.75,0.0,422.1999999999971,12.559999999999855,13.09333333333343,0.0004313648245255612,13.432142857143065,-21.45147058823204,70.79999999999927,3.75,0.0833333333331228,0.458333333333186,0.45833333333369125,1,1,-3.713399803184636e-05,7.200000000000728,0.5999999999985448,0.0,2024-08-07T09:49:00+05:30,24234.8,30,49.89999999999782,19.25,16.349999999998545,14.849999999998545,True,True,0.32765531062122766
NIFTY:2024-08-07,2024-08-07,NIFTY,opening_range_low_break,2024-08-07T09:50:00+05:30,2024-08-07T09:50:00+05:30,DOWN,{},"{'source_path': '/Users/madhuram/tradebot-structural-edge-discovery-v3/runtime/upstox_candidate_replay.zip!upstox_candidate_replay/20240807/underlying/NIFTY_20240807.parquet', 'source_hash': '4357f109ed631802b3774c34db9c318f71742f8e99de307408af71bf00810707'}",{'completed_bar_only': True},"{'buy_ce_allowed': False, 'buy_pe_allowed': True, 'research_only': True}",fadad6c59487136745d2496515a9cbaf0c752734eb403bd04fbc4792a9854a78,24219.4,2024-08-07 09:49:00+05:30,34,0.008394689812570607,63.75,0.0,422.1999999999971,15.05,13.850000000000243,0.0004531340732510175,13.25000000000026,-36.62428571428245,87.04999999999927,1.4500000000007276,0.7817258883247334,0.14467005076152678,0.0736040609137398,0,1,-0.0006704998628054293,19.700000000000728,15.399999999997817,0.0,2024-08-07T09:50:00+05:30,24220.6,30,35.69999999999709,33.45000000000073,2.599999999998545,1.0999999999985448,True,True,0.07282913165262624
NIFTY:2024-08-08,2024-08-08,NIFTY,opening_range_low_break,2024-08-08T09:37:00+05:30,2024-08-08T09:37:00+05:30,DOWN,{},"{'source_path': '/Users/madhuram/tradebot-structural-edge-discovery-v3/runtime/upstox_candidate_replay.zip!upstox_candidate_replay/20240808/underlying/NIFTY_20240808.parquet', 'source_hash': '4357f109ed631802b3774c34db9c318f71742f8e99de307408af71bf00810707'}",{'completed_bar_only': True},"{'buy_ce_allowed': False, 'buy_pe_allowed': True, 'research_only': True}",214569e5e097c743d3159c9127fcee7f40a4bd4ec9df8e81b98f4f87fb6c260f,24195.75,2024-08-08 09:36:00+05:30,21,-0.004624669703169851,61.64999999999782,0.0,152.79999999999927,18.410000000000583,16.3966666666672,0.0006535165551169743,16.65357142857179,-33.540909090908826,67.75,2.900000000001455,0.449044585987194,0.36624203821654355,0.18471337579626246,0,0,-0.0003098757398283247,15.700000000000728,7.049999999999272,0.0,2024-08-08T09:37:00+05:30,24195.15,30,55.85000000000218,66.79999999999927,44.650000000001455,43.150000000001455,False,False,0.7994628469113646
NIFTY:2024-08-08,2024-08-08,NIFTY,opening_range_low_break,2024-08-08T10:02:00+05:30,2024-08-08T10:02:00+05:30,DOWN,{},"{'source_path': '/Users/madhuram/tradebot-structural-edge-discovery-v3/runtime/upstox_candidate_replay.zip!upstox_candidate_replay/20240808/underlying/NIFTY_20240808.parquet', 'source_hash': '4357f109ed631802b3774c34db9c318f71742f8e99de307408af71bf00810707'}",{'completed_bar_only': True},"{'buy_ce_allowed': False, 'buy_pe_allowed': True, 'research_only': True}",3e8d9fb91d7f0846ecbd07f885f8403d9ffbe0856d36e1da6752c38d47305eba,24197.25,2024-08-08 10:01:00+05:30,46,-0.004525966214618368,61.64999999999782,0.0,152.79999999999927,17.48999999999942,13.556666666666569,0.0004307084309347316,13.21785714285709,-32.441489361703134,66.25,4.400000000001455,0.4953271028038061,0.33333333333325776,0.1713395638629361,0,0,-0.0003036612875237932,16.049999999999272,7.950000000000728,0.0,2024-08-08T10:02:00+05:30,24197.5,30,78.20000000000073,62.099999999998545,7.849999999998545,6.349999999998545,True,True,0.10038363171353544
NIFTY:2024-08-08,2024-08-08,NIFTY,opening_range_low_break,2024-08-08T10:07:00+05:30,2024-08-08T10:07:00+05:30,DOWN,{},"{'source_path': '/Users/madhuram/tradebot-structural-edge-discovery-v3/runtime/upstox_candidate_replay.zip!upstox_candidate_replay/20240808/underlying/NIFTY_20240808.parquet', 'source_hash': '4357f109ed631802b3774c34db9c318f71742f8e99de307408af71bf00810707'}",{'completed_bar_only': True},"{'buy_ce_allowed': False, 'buy_pe_allowed': True, 'research_only': True}",d15844e3bbddbff0bfbba9de2b182c63513d3659f46357e9a83a018aa5ddc83d,24181.95,2024-08-08 10:06:00+05:30,51,-0.004694584674227139,61.64999999999782,0.0,152.79999999999927,20.65,16.05666666666657,0.0004748712007952954,16.01071428571413,-45.391346153846825,81.54999999999927,0.4000000000014552,0.9795396419436588,0.0,0.02046035805634118,0,0,-0.0007954151033833234,19.549999999999272,19.149999999997817,0.0,2024-08-08T10:07:00+05:30,24181.1,30,61.79999999999927,78.5,-25.150000000001455,-26.650000000001455,False,False,-0.40695792880261733
NIFTY:2024-08-08,2024-08-08,NIFTY,opening_range_low_break,2024-08-08T10:08:00+05:30,2024-08-08T10:08:00+05:30,DOWN,{},"{'source_path': '/Users/madhuram/tradebot-structural-edge-discovery-v3/runtime/upstox_candidate_replay.zip!upstox_candidate_replay/20240808/underlying/NIFTY_20240808.parquet', 'source_hash': '4357f109ed631802b3774c34db9c318f71742f8e99de307408af71bf00810707'}",{'completed_bar_only': True},"{'buy_ce_allowed': False, 'buy_pe_allowed': True, 'research_only': True}",e1786b2d3b2f5ddb5d2ff1fd9860ab169c2d18aeb8034583a58e5e67b4391117,24150.5,2024-08-08 10:07:00+05:30,52,-0.005517113745489002,61.64999999999782,0.0,152.79999999999927,24.979999999999563,17.729999999999805,0.0005603080569085701,18.428571428571168,-75.39150943396089,113.0,11.200000000000728,0.7320574162679205,0.0,0.26794258373207946,0,0,-0.001300556820272969,41.79999999999927,30.599999999998545,0.0,2024-08-08T10:08:00+05:30,24151.55,30,32.25,108.04999999999927,-56.25,-57.75,False,False,-1.744186046511628
NIFTY:2024-08-08,2024-08-08,NIFTY,opening_range_low_break,2024-08-08T10:09:00+05:30,2024-08-08T10:09:00+05:30,DOWN,{},"{'source_path': '/Users/madhuram/tradebot-structural-edge-discovery-v3/runtime/upstox_candidate_replay.zip!upstox_candidate_replay/20240808/underlying/NIFTY_20240808.parquet', 'source_hash': '4357f109ed631802b3774c34db9c318f71742f8e99de307408af71bf00810707'}",{'completed_bar_only': True},"{'buy_ce_allowed': False, 'buy_pe_allowed': True, 'research_only': True}",5d0611c6590b5acd119be3a85c40bfb9ff092b81204e1886c28f64bd34a1e475,24142.05,2024-08-08 10:08:00+05:30,53,-0.006732400448278374,61.64999999999782,0.0,152.79999999999927,25.759999999999856,18.326666666666522,0.0005607743131646296,19.121428571428364,-82.28888888889196,121.45000000000073,7.25,0.5621301775147445,0.008875739645055756,0.42899408284019974,0,0,-0.0003498892362476802,16.900000000001455,9.5,0.0,2024-08-08T10:09:00+05:30,24141.65,30,22.350000000002183,117.94999999999709,-58.349999999998545,-59.849999999998545,False,False,-2.6107382550332368
NIFTY:2024-08-08,2024-08-08,NIFTY,opening_range_low_break,2024-08-08T10:10:00+05:30,2024-08-08T10:10:00+05:30,DOWN,{},"{'source_path': '/Users/madhuram/tradebot-structural-edge-discovery-v3/runtime/upstox_candidate_replay.zip!upstox_candidate_replay/20240808/underlying/NIFTY_20240808.parquet', 'source_hash': '4357f109ed631802b3774c34db9c318f71742f8e99de307408af71bf00810707'}",{'completed_bar_only': True},"{'buy_ce_allowed': False, 'buy_pe_allowed': True, 'research_only': True}",298fc80aa9169c116ab143210ad052d47b54703cba0eddd7a86a0fd8ebe86873,24126.7,2024-08-08 10:09:00+05:30,54,-0.007139552338552906,61.64999999999782,0.0,152.79999999999927,24.16999999999971,19.51333333333314,0.0005620679455746368,20.317857142856933,-95.86363636363603,136.79999999999927,7.400000000001455,0.5980000000000291,0.10599999999991269,0.2960000000000582,0,0,-0.0006358200732745622,25.0,14.950000000000728,0.0,2024-08-08T10:10:00+05:30,24127.0,30,1.4000000000014552,132.59999999999854,-71.70000000000073,-73.20000000000073,False,False,-51.214285714233
NIFTY:2024-08-08,2024-08-08,NIFTY,opening_range_low_break,2024-08-08T10:11:00+05:30,2024-08-08T10:11:00+05:30,DOWN,{},"{'source_path': '/Users/madhuram/tradebot-structural-edge-discovery-v3/runtime/upstox_candidate_replay.zip!upstox_candidate_replay/20240808/underlying/NIFTY_20240808.parquet', 'source_hash': '4357f109ed631802b3774c34db9c318f71742f8e99de307408af71bf00810707'}",{'completed_bar_only': True},"{'buy_ce_allowed': False, 'buy_pe_allowed': True, 'research_only': True}",d9df8795d6a6464fde650dbd122fc50c1eedd3d32408929197571a9da06dd8bc,24153.7,2024-08-08 10:10:00+05:30,55,-0.00774205488325228,61.64999999999782,0.0,152.79999999999927,26.710000000000583,20.983333333333334,0.0006637692486729578,21.764285714285766,-67.63392857142753,109.79999999999927,34.400000000001455,0.8811881188118206,0.07260726072608964,0.04620462046208979,0,0,0.0011190921261508002,30.30000000000291,26.700000000000728,0.0,2024-08-08T10:11:00+05:30,24153.9,30,20.100000000002183,105.69999999999709,-47.54999999999927,-49.04999999999927,False,False,-2.3656716417907515
NIFTY:2024-08-08,2024-08-08,NIFTY,opening_range_low_break,2024-08-08T10:12:00+05:30,2024-08-08T10:12:00+05:30,DOWN,{},"{'source_path': '/Users/madhuram/tradebot-structural-edge-discovery-v3/runtime/upstox_candidate_replay.zip!upstox_candidate_replay/20240808/underlying/NIFTY_20240808.parquet', 'source_hash': '4357f109ed631802b3774c34db9c318f71742f8e99de307408af71bf00810707'}",{'completed_bar_only': True},"{'buy_ce_allowed': False, 'buy_pe_allowed': True, 'research_only': True}",d063827a79c1ad01aa1e0ef787ca15fc39fea240a0448b318c2ff5982f5ec715,24149.3,2024-08-08 10:11:00+05:30,56,-0.0066357532824050155,61.64999999999782,0.0,152.79999999999927,25.700000000000728,21.280000000000047,0.0006499346636075397,21.38571428571439,-70.7701754385962,114.20000000000073,30.0,0.31724137931049534,0.22758620689650155,0.4551724137930031,0,0,-0.0001821667073782507,14.5,4.600000000002183,0.0,2024-08-08T10:12:00+05:30,24145.8,30,12.0,113.79999999999927,-51.85000000000218,-53.35000000000218,False,False,-4.320833333333515
NIFTY:2024-08-12,2024-08-12,NIFTY,opening_range_low_break,2024-08-12T09:46:00+05:30,2024-08-12T09:46:00+05:30,DOWN,{},"{'source_path': '/Users/madhuram/tradebot-structural-edge-discovery-v3/runtime/upstox_candidate_replay.zip!upstox_candidate_replay/20240812/underlying/NIFTY_20240812.parquet', 'source_hash': '4357f109ed631802b3774c34db9c318f71742f8e99de307408af71bf00810707'}",{'completed_bar_only': True},"{'buy_ce_allowed': False, 'buy_pe_allowed': True, 'research_only': True}",0a886e2d446477c513abf8b6283bb158d2eec9fb6f0bf03463524b197de9458e,24254.05,2024-08-12 09:45:00+05:30,30,-0.0036713401520251155,64.45000000000073,0.0,108.54999999999927,12.970000000000436,12.283333333333333,0.0003441752396315725,11.460714285714337,-32.83548387096744,69.65000000000146,0.049999999999272404,0.8478701825557899,0.1501014198783168,0.002028397565893284,0,0,-0.0008300994471497347,24.650000000001455,20.900000000001455,0.0,2024-08-12T09:46:00+05:30,24253.5,30,41.400000000001455,13.450000000000728,-12.25,-13.75,True,True,-0.2958937198067529
NIFTY:2024-08-12,2024-08-12,NIFTY,opening_range_low_break,2024-08-12T09:47:00+05:30,2024-08-12T09:47:00+05:30,DOWN,{},"{'source_path': '/Users/madhuram/tradebot-structural-edge-discovery-v3/runtime/upstox_candidate_replay.zip!upstox_candidate_replay/20240812/underlying/NIFTY_20240812.parquet', 'source_hash': '4357f109ed631802b3774c34db9c318f71742f8e99de307408af71bf00810707'}",{'completed_bar_only': True},"{'buy_ce_allowed': False, 'buy_pe_allowed': True, 'research_only': True}",3f20752ba6b4aa48f86ef1ff9d4b9b143ce4d43b76f293cb58cd94b86c510c13,24249.6,2024-08-12 09:46:00+05:30,31,-0.004551723005696896,64.45000000000073,0.0,108.54999999999927,11.180000000000291,11.116666666666667,0.00032519574684843403,11.16785714285704,-36.12031250000291,74.10000000000218,0.8499999999985448,0.6190476190479215,0.24603174603165895,0.13492063492041953,0,0,-0.0001834745125041115,6.299999999999272,3.900000000001455,0.0,2024-08-12T09:47:00+05:30,24249.9,30,37.80000000000291,42.349999999998545,-41.5,-43.0,False,False,-1.0978835978835133
NIFTY:2024-08-12,2024-08-12,NIFTY,opening_range_low_break,2024-08-12T09:48:00+05:30,2024-08-12T09:48:00+05:30,DOWN,{},"{'source_path': '/Users/madhuram/tradebot-structural-edge-discovery-v3/runtime/upstox_candidate_replay.zip!upstox_candidate_replay/20240812/underlying/NIFTY_20240812.parquet', 'source_hash': '4357f109ed631802b3774c34db9c318f71742f8e99de307408af71bf00810707'}",{'completed_bar_only': True},"{'buy_ce_allowed': False, 'buy_pe_allowed': True, 'research_only': True}",df09922b9fdf7a7d7f0ca6b3b744e3afb2a9415395aea752ac83408a85564898,24258.05,2024-08-12 09:47:00+05:30,32,-0.004699479568550836,64.45000000000073,0.0,108.54999999999927,11.759999999999854,11.246666666666473,0.00034753473438132033,11.039285714285663,-26.831818181817653,65.65000000000146,9.549999999999272,0.659919028339982,0.22672064777324716,0.11336032388677086,0,0,0.00034845935603056155,12.349999999998545,8.149999999997817,0.0,2024-08-12T09:48:00+05:30,24259.25,30,47.150000000001455,37.70000000000073,-30.650000000001455,-32.150000000001455,True,True,-0.6500530222693639
NIFTY:2024-08-12,2024-08-12,NIFTY,opening_range_low_break,2024-08-12T09:49:00+05:30,2024-08-12T09:49:00+05:30,DOWN,{},"{'source_path': '/Users/madhuram/tradebot-structural-edge-discovery-v3/runtime/upstox_candidate_replay.zip!upstox_candidate_replay/20240812/underlying/NIFTY_20240812.parquet', 'source_hash': '4357f109ed631802b3774c34db9c318f71742f8e99de307408af71bf00810707'}",{'completed_bar_only': True},"{'buy_ce_allowed': False, 'buy_pe_allowed': True, 'research_only': True}",d4f856bfa03e9779e72e656f6fc46802cbfc66ab8091aec8c4ff0daf280d3279,24253.4,2024-08-12 09:48:00+05:30,33,-0.004315722940027312,64.45000000000073,0.0,108.54999999999927,11.96999999999971,11.069999999999952,0.0003341784648095755,11.09285714285709,-30.55588235293908,70.29999999999927,5.650000000001455,0.5086956521737865,0.0,0.4913043478262135,0,0,-0.00019168894449461682,11.5,5.849999999998545,0.0,2024-08-12T09:49:00+05:30,24253.3,30,41.20000000000073,45.0,-44.45000000000073,-45.95000000000073,False,False,-1.0788834951456296
NIFTY:2024-08-12,2024-08-12,NIFTY,opening_range_low_break,2024-08-12T09:50:00+05:30,2024-08-12T09:50:00+05:30,DOWN,{},"{'source_path': '/Users/madhuram/tradebot-structural-edge-discovery-v3/runtime/upstox_candidate_replay.zip!upstox_candidate_replay/20240812/underlying/NIFTY_20240812.parquet', 'source_hash': '4357f109ed631802b3774c34db9c318f71742f8e99de307408af71bf00810707'}",{'completed_bar_only': True},"{'buy_ce_allowed': False, 'buy_pe_allowed': True, 'research_only': True}",dbc5890ee928576c453d47f2f44160f09601fa2731fdcdf1e6be7dfc0e31e200,24253.85,2024-08-12 09:49:00+05:30,34,-0.004559931703633259,64.45000000000073,0.0,108.54999999999927,12.189999999999419,10.76333333333314,0.00032435215675868733,10.846428571428467,-29.24571428571653,69.85000000000218,6.099999999998545,0.08943089430885652,0.31707317073193814,0.5934959349592053,0,0,1.8554099631362675e-05,6.149999999997817,0.5499999999992724,0.0,2024-08-12T09:50:00+05:30,24253.8,30,41.70000000000073,50.25,-39.400000000001455,-40.900000000001455,False,False,-0.9448441247002582
NIFTY:2024-08-12,2024-08-12,NIFTY,opening_range_low_break,2024-08-12T09:51:00+05:30,2024-08-12T09:51:00+05:30,DOWN,{},"{'source_path': '/Users/madhuram/tradebot-structural-edge-discovery-v3/runtime/upstox_candidate_replay.zip!upstox_candidate_replay/20240812/underlying/NIFTY_20240812.parquet', 'source_hash': '4357f109ed631802b3774c34db9c318f71742f8e99de307408af71bf00810707'}",{'completed_bar_only': True},"{'buy_ce_allowed': False, 'buy_pe_allowed': True, 'research_only': True}",dc7cc0d4f176cbf0c23295b7c80dfe3b6c67cb578290e0b5074b701e7acc57f9,24231.2,2024-08-12 09:50:00+05:30,35,-0.004539409958792426,64.45000000000073,0.0,108.54999999999927,11.779999999998836,11.629999999999805,0.00038973809369247906,11.839285714285454,-50.454166666666424,92.5,0.0,1.0,0.0,0.0,0,0,-0.0009338723542858807,22.599999999998545,22.599999999998545,0.0,2024-08-12T09:51:00+05:30,24231.05,30,18.950000000000728,73.0,-58.900000000001455,-60.400000000001455,False,False,-3.1081794195250234
NIFTY:2024-08-12,2024-08-12,NIFTY,opening_range_low_break,2024-08-12T09:52:00+05:30,2024-08-12T09:52:00+05:30,DOWN,{},"{'source_path': '/Users/madhuram/tradebot-structural-edge-discovery-v3/runtime/upstox_candidate_replay.zip!upstox_candidate_replay/20240812/underlying/NIFTY_20240812.parquet', 'source_hash': '4357f109ed631802b3774c34db9c318f71742f8e99de307408af71bf00810707'}",{'completed_bar_only': True},"{'buy_ce_allowed': False, 'buy_pe_allowed': True, 'research_only': True}",4d29e1a0277246f3644fadb4d1b44b45daa7579582ce71feba4506435f9b0c89,24240.35,2024-08-12 09:51:00+05:30,36,-0.0054731493490503425,64.45000000000073,0.0,108.54999999999927,12.68999999999869,11.773333333332994,0.0003983551401901405,11.724999999999584,-40.18783783783874,83.35000000000218,9.899999999997817,0.8571428571429051,0.08755760368671475,0.05529953917038021,0,0,0.00037761233451072407,10.849999999998545,9.299999999999272,0.0,2024-08-12T09:52:00+05:30,24240.25,30,28.150000000001455,64.34999999999854,-60.70000000000073,-62.20000000000073,False,False,-2.1563055062166105
NIFTY:2024-08-12,2024-08-12,NIFTY,opening_range_low_break,2024-08-12T09:53:00+05:30,2024-08-12T09:53:00+05:30,DOWN,{},"{'source_path': '/Users/madhuram/tradebot-structural-edge-discovery-v3/runtime/upstox_candidate_replay.zip!upstox_candidate_replay/20240812/underlying/NIFTY_20240812.parquet', 'source_hash': '4357f109ed631802b3774c34db9c318f71742f8e99de307408af71bf00810707'}",{'completed_bar_only': True},"{'buy_ce_allowed': False, 'buy_pe_allowed': True, 'research_only': True}",59795a8020c04f6d1902edb467683a8c0290469a41ccc7af76a7e7f5ea0b4392,24240.1,2024-08-12 09:52:00+05:30,37,-0.00509554924397898,64.45000000000073,0.0,108.54999999999927,11.83999999999869,11.483333333332848,0.00039910296690650503,11.507142857142494,-39.373684210528154,83.60000000000218,9.649999999997817,0.0185185185187015,0.9691358024691302,0.012345679012168244,0,0,-1.0313382438731367e-05,8.099999999998545,0.1500000000014552,0.0,2024-08-12T09:53:00+05:30,24240.85,30,28.75,63.75,-53.70000000000073,-55.20000000000073,False,False,-1.867826086956547
NIFTY:2024-08-13,2024-08-13,NIFTY,opening_range_low_break,2024-08-13T09:38:00+05:30,2024-08-13T09:38:00+05:30,DOWN,{},"{'source_path': '/Users/madhuram/tradebot-structural-edge-discovery-v3/runtime/upstox_candidate_replay.zip!upstox_candidate_replay/20240813/underlying/NIFTY_20240813.parquet', 'source_hash': '4357f109ed631802b3774c34db9c318f71742f8e99de307408af71bf00810707'}",{'completed_bar_only': True},"{'buy_ce_allowed': False, 'buy_pe_allowed': True, 'research_only': True}",0e0c817f47c857c1829e6db8d41cc0fa65f5d04cbf5577e2ef3773dab43712a5,24305.45,2024-08-13 09:37:00+05:30,22,-0.001533956498882842,51.60000000000218,0.0,260.7000000000007,10.670000000000437,11.799999999999757,0.00033530010851037486,11.849999999999843,-21.093478260867414,54.5,0.9000000000014552,0.4494382022471175,0.4831460674157058,0.06741573033717663,18,0,-0.00023857267725846398,13.350000000002183,6.0,0.0,2024-08-13T09:38:00+05:30,24306.2,30,6.799999999999272,51.79999999999927,-10.299999999999272,-11.799999999999272,False,False,-1.5147058823529962
NIFTY:2024-08-13,2024-08-13,NIFTY,opening_range_low_break,2024-08-13T09:39:00+05:30,2024-08-13T09:39:00+05:30,DOWN,{},"{'source_path': '/Users/madhuram/tradebot-structural-edge-discovery-v3/runtime/upstox_candidate_replay.zip!upstox_candidate_replay/20240813/underlying/NIFTY_20240813.parquet', 'source_hash': '4357f109ed631802b3774c34db9c318f71742f8e99de307408af71bf00810707'}",{'completed_bar_only': True},"{'buy_ce_allowed': False, 'buy_pe_allowed': True, 'research_only': True}",a01674f6f1dd02f06c5ec71469c322432c60725f846253f788bb709a3fca9ccc,24301.65,2024-08-13 09:38:00+05:30,23,-0.0017495728742278284,51.60000000000218,0.0,260.7000000000007,10.809999999999855,11.736666666666375,0.00032506823333128477,11.567857142856935,-23.856250000000728,58.29999999999927,2.25,0.4482758620689902,0.33004926108367144,0.2216748768473383,19,0,-0.00015634353612048457,10.149999999997817,4.549999999999272,0.0,2024-08-13T09:39:00+05:30,24302.75,30,0.09999999999854481,55.25,-21.349999999998545,-22.849999999998545,False,False,-213.50000000309228
NIFTY:2024-08-13,2024-08-13,NIFTY,opening_range_low_break,2024-08-13T10:22:00+05:30,2024-08-13T10:22:00+05:30,DOWN,{},"{'source_path': '/Users/madhuram/tradebot-structural-edge-discovery-v3/runtime/upstox_candidate_replay.zip!upstox_candidate_replay/20240813/underlying/NIFTY_20240813.parquet', 'source_hash': '4357f109ed631802b3774c34db9c318f71742f8e99de307408af71bf00810707'}",{'completed_bar_only': True},"{'buy_ce_allowed': False, 'buy_pe_allowed': True, 'research_only': True}",7b940289a9f54f3ecd38c1f78b073ff4146dd0fa691bad14ec0a93e358ee12d9,24306.6,2024-08-13 10:21:00+05:30,66,-0.0013409285057168247,51.60000000000218,0.0,260.7000000000007,7.869999999999709,8.153333333333284,0.00022765436344759677,7.625,-20.62985074626704,53.35000000000218,7.19999999999709,0.7431906614789099,0.007782101167202812,0.24902723735388732,6,0,-0.0003742438013301097,12.849999999998545,9.55000000000291,0.0,2024-08-13T10:22:00+05:30,24307.05,30,29.899999999997817,10.900000000001455,-1.2999999999992724,-2.7999999999992724,True,True,-0.04347826086954406
NIFTY:2024-08-13,2024-08-13,NIFTY,opening_range_low_break,2024-08-13T10:23:00+05:30,2024-08-13T10:23:00+05:30,DOWN,{},"{'source_path': '/Users/madhuram/tradebot-structural-edge-discovery-v3/runtime/upstox_candidate_replay.zip!upstox_candidate_replay/20240813/underlying/NIFTY_20240813.parquet', 'source_hash': '4357f109ed631802b3774c34db9c318f71742f8e99de307408af71bf00810707'}",{'completed_bar_only': True},"{'buy_ce_allowed': False, 'buy_pe_allowed': True, 'research_only': True}",347a257bb3cac4277e8756e3c6ce62018c1800c42abcd538568d4e06dc27aec6,24293.35,2024-08-13 10:22:00+05:30,67,-0.0017146635563148904,51.60000000000218,0.0,260.7000000000007,9.289999999999418,8.046666666666715,0.00024026974835183375,8.235714285714234,-33.38161764706092,66.60000000000218,0.25,0.9820788530465959,0.0,0.017921146953404084,0,0,-0.0005451194325820641,13.950000000000728,13.700000000000728,0.0,2024-08-13T10:23:00+05:30,24293.1,30,15.94999999999709,24.850000000002183,-21.150000000001455,-22.650000000001455,False,False,-1.3260188087777627
NIFTY:2024-08-13,2024-08-13,NIFTY,opening_range_low_break,2024-08-13T10:24:00+05:30,2024-08-13T10:24:00+05:30,DOWN,{},"{'source_path': '/Users/madhuram/tradebot-structural-edge-discovery-v3/runtime/upstox_candidate_replay.zip!upstox_candidate_replay/20240813/underlying/NIFTY_20240813.parquet', 'source_hash': '4357f109ed631802b3774c34db9c318f71742f8e99de307408af71bf00810707'}",{'completed_bar_only': True},"{'buy_ce_allowed': False, 'buy_pe_allowed': True, 'research_only': True}",7b857eb8a3ad69513b68414bf258873666ba3238a062faa3dba06f04aabbd3e5,24302.1,2024-08-13 10:23:00+05:30,68,-0.0022875870679458835,51.60000000000218,0.0,260.7000000000007,10.319999999999709,8.453333333333285,0.0002643639401055492,8.396428571428519,-24.274637681162858,57.85000000000218,10.19999999999709,0.782608695652174,0.11304347826112264,0.10434782608670344,0,0,0.0003601808725433031,11.5,9.0,0.0,2024-08-13T10:24:00+05:30,24301.65,30,24.5,16.299999999999272,-12.149999999997817,-13.649999999997817,True,True,-0.4959183673468497
NIFTY:2024-08-13,2024-08-13,NIFTY,opening_range_low_break,2024-08-13T10:25:00+05:30,2024-08-13T10:25:00+05:30,DOWN,{},"{'source_path': '/Users/madhuram/tradebot-structural-edge-discovery-v3/runtime/upstox_candidate_replay.zip!upstox_candidate_replay/20240813/underlying/NIFTY_20240813.parquet', 'source_hash': '4357f109ed631802b3774c34db9c318f71742f8e99de307408af71bf00810707'}",{'completed_bar_only': True},"{'buy_ce_allowed': False, 'buy_pe_allowed': True, 'research_only': True}",9d2decbeb7907816f1b61fcfed30febc237c8a6f3c1ba8799fc6e4bd8655cf48,24298.25,2024-08-13 10:24:00+05:30,69,-0.0019364403995267864,51.60000000000218,0.0,260.7000000000007,10.609999999999854,8.369999999999951,0.0002469666717542756,8.54285714285704,-27.72285714285681,61.70000000000073,6.349999999998545,0.4250000000001819,0.5,0.0749999999998181,0,0,-0.00015842252315634298,8.0,3.400000000001455,0.0,2024-08-13T10:25:00+05:30,24297.8,30,20.649999999997817,20.150000000001455,-9.75,-11.25,True,True,-0.4721549636804373
NIFTY:2024-08-13,2024-08-13,NIFTY,opening_range_low_break,2024-08-13T10:26:00+05:30,2024-08-13T10:26:00+05:30,DOWN,{},"{'source_path': '/Users/madhuram/tradebot-structural-edge-discovery-v3/runtime/upstox_candidate_replay.zip!upstox_candidate_replay/20240813/underlying/NIFTY_20240813.parquet', 'source_hash': '4357f109ed631802b3774c34db9c318f71742f8e99de307408af71bf00810707'}",{'completed_bar_only': True},"{'buy_ce_allowed': False, 'buy_pe_allowed': True, 'research_only': True}",7555c79bbf16612382b160c7024e1fb1534a28ad0107da6379e4eafbc3d1c98d,24305.8,2024-08-13 10:25:00+05:30,70,-0.002094559074779866,51.60000000000218,0.0,260.7000000000007,11.229999999999563,8.629999999999805,0.00026446556670967986,8.821428571428312,-19.888732394367253,54.150000000001455,13.899999999997817,0.8121827411168713,0.09644670050770233,0.09137055837542642,0,0,0.00031072196557357934,9.849999999998545,8.0,0.0,2024-08-13T10:26:00+05:30,24305.1,30,27.94999999999709,12.850000000002183,-3.600000000002183,-5.100000000002183,True,True,-0.12880143112710404
NIFTY:2024-08-13,2024-08-13,NIFTY,opening_range_low_break,2024-08-13T10:27:00+05:30,2024-08-13T10:27:00+05:30,DOWN,{},"{'source_path': '/Users/madhuram/tradebot-structural-edge-discovery-v3/runtime/upstox_candidate_replay.zip!upstox_candidate_replay/20240813/underlying/NIFTY_20240813.parquet', 'source_hash': '4357f109ed631802b3774c34db9c318f71742f8e99de307408af71bf00810707'}",{'completed_bar_only': True},"{'buy_ce_allowed': False, 'buy_pe_allowed': True, 'research_only': True}",b59ed9324c4f48885dc991a536fe2f4369eaf0e03465517ff8d0119cd52e79aa,24304.25,2024-08-13 10:26:00+05:30,71,-0.001794749638585915,51.60000000000218,0.0,260.7000000000007,9.429999999999563,8.489999999999661,0.0002622414310477372,8.642857142856883,-21.140972222219716,55.70000000000073,12.349999999998545,0.22077922077892626,0.23376623376670008,0.5454545454543737,0,0,-6.377078721953033e-05,3.849999999998545,0.8499999999985448,0.0,2024-08-13T10:27:00+05:30,24304.2,30,27.049999999999272,13.75,-0.9500000000007276,-2.4500000000007276,True,True,-0.035120147874334685
NIFTY:2024-08-14,2024-08-14,NIFTY,opening_range_low_break,2024-08-14T09:31:00+05:30,2024-08-14T09:31:00+05:30,DOWN,{},"{'source_path': '/Users/madhuram/tradebot-structural-edge-discovery-v3/runtime/upstox_candidate_replay.zip!upstox_candidate_replay/20240814/underlying/NIFTY_20240814.parquet', 'source_hash': '4357f109ed631802b3774c34db9c318f71742f8e99de307408af71bf00810707'}",{'completed_bar_only': True},"{'buy_ce_allowed': False, 'buy_pe_allowed': True, 'research_only': True}",ee715eccb11669a888c801e84b19cd0c0381235c11fb4c8c1e616df58fa10429,24114.0,2024-08-14 09:30:00+05:30,15,-0.00035416632147529007,66.20000000000073,0.0,243.45000000000073,15.109999999999854,13.746666666666957,0.00038120904547631263,13.492857142857506,-29.237499999999272,82.5,0.4500000000007276,0.7520161290323388,0.22983870967730874,0.01814516129035245,0,0,-0.00088252476662809,24.799999999999272,18.650000000001455,0.0,2024-08-14T09:31:00+05:30,24115.3,30,15.599999999998545,59.10000000000218,-13.600000000002183,-15.100000000002183,False,False,-0.8717948717950931
NIFTY:2024-08-14,2024-08-14,NIFTY,opening_range_low_break,2024-08-14T09:32:00+05:30,2024-08-14T09:32:00+05:30,DOWN,{},"{'source_path': '/Users/madhuram/tradebot-structural-edge-discovery-v3/runtime/upstox_candidate_replay.zip!upstox_candidate_replay/20240814/underlying/NIFTY_20240814.parquet', 'source_hash': '4357f109ed631802b3774c34db9c318f71742f8e99de307408af71bf00810707'}",{'completed_bar_only': True},"{'buy_ce_allowed': False, 'buy_pe_allowed': True, 'research_only': True}",e397aa69f9a2e264ee644e5d679c3b49a8a8da7a8cbf3d8d6d9cd648f91d7179,24127.4,2024-08-14 09:31:00+05:30,16,-0.0010728547048200361,66.20000000000073,0.0,243.45000000000073,15.820000000000437,13.683333333333819,0.00041448549350637403,13.38571428571465,-14.905882352941262,69.09999999999854,16.350000000002183,0.7400611620795454,0.0,0.2599388379204546,0,0,0.0005556937878410384,16.350000000002183,12.100000000002183,0.0,2024-08-14T09:32:00+05:30,24129.55,30,29.849999999998545,44.85000000000218,4.25,2.75,False,False,0.14237855946399355
NIFTY:2024-08-14,2024-08-14,NIFTY,opening_range_low_break,2024-08-14T09:33:00+05:30,2024-08-14T09:33:00+05:30,DOWN,{},"{'source_path': '/Users/madhuram/tradebot-structural-edge-discovery-v3/runtime/upstox_candidate_replay.zip!upstox_candidate_replay/20240814/underlying/NIFTY_20240814.parquet', 'source_hash': '4357f109ed631802b3774c34db9c318f71742f8e99de307408af71bf00810707'}",{'completed_bar_only': True},"{'buy_ce_allowed': False, 'buy_pe_allowed': True, 'research_only': True}",b58ebee58343fa700f62a7890fbf1ef2daf5213007bc6ce51785e862f0728da2,24122.7,2024-08-14 09:32:00+05:30,17,-0.0004825775023611691,66.20000000000073,0.0,243.45000000000073,15.710000000000582,13.21000000000034,0.00041037508994731407,13.485714285714494,-18.516666666666424,73.79999999999927,11.650000000001455,0.637209302325446,0.3395348837210656,0.023255813953488372,0,0,-0.00019479927385468443,10.75,6.849999999998545,0.0,2024-08-14T09:33:00+05:30,24122.9,30,23.200000000000728,51.5,-9.049999999999272,-10.549999999999272,False,False,-0.39008620689650814
NIFTY:2024-08-14,2024-08-14,NIFTY,opening_range_low_break,2024-08-14T09:34:00+05:30,2024-08-14T09:34:00+05:30,DOWN,{},"{'source_path': '/Users/madhuram/tradebot-structural-edge-discovery-v3/runtime/upstox_candidate_replay.zip!upstox_candidate_replay/20240814/underlying/NIFTY_20240814.parquet', 'source_hash': '4357f109ed631802b3774c34db9c318f71742f8e99de307408af71bf00810707'}",{'completed_bar_only': True},"{'buy_ce_allowed': False, 'buy_pe_allowed': True, 'research_only': True}",78a74fa620204005ae8700cbc34ca15d3167e22526156ca7e8d3ca69e8a7b592,24128.5,2024-08-14 09:33:00+05:30,18,-0.0007580401968418833,66.20000000000073,0.0,243.45000000000073,15.78000000000029,13.34333333333343,0.00041766771627632925,13.625,-12.04736842105558,68.0,17.450000000000728,0.49339207048451655,0.0,0.5066079295154835,0,0,0.00024043743030421894,11.349999999998545,5.599999999998545,0.0,2024-08-14T09:34:00+05:30,24128.6,30,28.899999999997817,45.80000000000291,-12.950000000000728,-14.450000000000728,False,False,-0.44809688581320783
NIFTY:2024-08-14,2024-08-14,NIFTY,opening_range_low_break,2024-08-14T09:35:00+05:30,2024-08-14T09:35:00+05:30,DOWN,{},"{'source_path': '/Users/madhuram/tradebot-structural-edge-discovery-v3/runtime/upstox_candidate_replay.zip!upstox_candidate_replay/20240814/underlying/NIFTY_20240814.parquet', 'source_hash': '4357f109ed631802b3774c34db9c318f71742f8e99de307408af71bf00810707'}",{'completed_bar_only': True},"{'buy_ce_allowed': False, 'buy_pe_allowed': True, 'research_only': True}",064d86c974b719d76aabbaa9e6e384a1cfc68d266f568c93f1f31d7e3c7c58d5,24129.95,2024-08-14 09:34:00+05:30,19,-0.000521929315858457,66.20000000000073,0.0,243.45000000000073,14.470000000000436,13.323333333333478,0.0004123240069252426,12.900000000000157,-10.06749999999738,66.54999999999927,18.900000000001455,0.14835164835185263,0.8516483516481473,0.0,0,0,6.0094908510777145e-05,9.100000000002183,1.3500000000021828,0.0,2024-08-14T09:35:00+05:30,24129.9,30,30.200000000000728,44.5,-8.649999999997817,-10.149999999997817,False,False,-0.28642384105952345
NIFTY:2024-08-14,2024-08-14,NIFTY,opening_range_low_break,2024-08-14T09:37:00+05:30,2024-08-14T09:37:00+05:30,DOWN,{},"{'source_path': '/Users/madhuram/tradebot-structural-edge-discovery-v3/runtime/upstox_candidate_replay.zip!upstox_candidate_replay/20240814/underlying/NIFTY_20240814.parquet', 'source_hash': '4357f109ed631802b3774c34db9c318f71742f8e99de307408af71bf00810707'}",{'completed_bar_only': True},"{'buy_ce_allowed': False, 'buy_pe_allowed': True, 'research_only': True}",1149210b43d61ca60bdccc8664abea14eb4b88408bb784cb20cf7852b732ecb2,24102.3,2024-08-14 09:36:00+05:30,21,-0.00046600831773068444,66.20000000000073,0.0,243.45000000000073,15.930000000000291,14.576666666667006,0.000488969530831525,14.150000000000416,-35.586363636364695,94.20000000000073,2.599999999998545,0.9006514657980716,0.014657980456049411,0.08469055374587893,0,0,-0.0011831327947420256,30.700000000000728,27.650000000001455,0.0,2024-08-14T09:37:00+05:30,24104.2,30,0.0,70.20000000000073,-29.349999999998545,-30.849999999998545,False,False,0.0
NIFTY:2024-08-14,2024-08-14,NIFTY,opening_range_low_break,2024-08-14T09:38:00+05:30,2024-08-14T09:38:00+05:30,DOWN,{},"{'source_path': '/Users/madhuram/tradebot-structural-edge-discovery-v3/runtime/upstox_candidate_replay.zip!upstox_candidate_replay/20240814/underlying/NIFTY_20240814.parquet', 'source_hash': '4357f109ed631802b3774c34db9c318f71742f8e99de307408af71bf00810707'}",{'completed_bar_only': True},"{'buy_ce_allowed': False, 'buy_pe_allowed': True, 'research_only': True}",c518a2202c91ad9a0031b79acf60cb1d94ff4e6f8c037abfc43a93025f93b367,24117.4,2024-08-14 09:37:00+05:30,22,-0.0015326495783142512,66.20000000000073,0.0,243.45000000000073,16.770000000000437,14.20333333333377,0.0004986915521022296,14.50000000000052,-19.59565217391355,79.09999999999854,17.700000000000728,0.8829431438127148,0.11705685618728527,0.0,0,0,0.0006264962265012386,14.950000000000728,13.200000000000728,0.0,2024-08-14T09:38:00+05:30,24116.1,30,7.69999999999709,58.30000000000291,-23.80000000000291,-25.30000000000291,False,False,-3.090909090910637
NIFTY:2024-08-14,2024-08-14,NIFTY,opening_range_low_break,2024-08-14T09:39:00+05:30,2024-08-14T09:39:00+05:30,DOWN,{},"{'source_path': '/Users/madhuram/tradebot-structural-edge-discovery-v3/runtime/upstox_candidate_replay.zip!upstox_candidate_replay/20240814/underlying/NIFTY_20240814.parquet', 'source_hash': '4357f109ed631802b3774c34db9c318f71742f8e99de307408af71bf00810707'}",{'completed_bar_only': True},"{'buy_ce_allowed': False, 'buy_pe_allowed': True, 'research_only': True}",01b90dd4eb927ee5c8c3294db6756c5c892228e2ff1fa83bea583414b711395e,24117.5,2024-08-14 09:38:00+05:30,23,-0.0010397163355592176,66.20000000000073,0.0,243.45000000000073,16.320000000000437,14.140000000000388,0.0004949545668962972,14.482142857143117,-18.683333333334303,79.0,17.799999999999272,0.15384615384633835,0.0,0.8461538461536616,0,0,4.1463839384192624e-06,9.099999999998545,1.4000000000014552,0.0,2024-08-14T09:39:00+05:30,24117.2,30,7.299999999999272,57.20000000000073,-24.599999999998545,-26.099999999998545,False,False,-3.3698630136987666
NIFTY:2024-08-16,2024-08-16,NIFTY,opening_range_low_break,2024-08-16T09:52:00+05:30,2024-08-16T09:52:00+05:30,DOWN,{},"{'source_path': '/Users/madhuram/tradebot-structural-edge-discovery-v3/runtime/upstox_candidate_replay.zip!upstox_candidate_replay/20240816/underlying/NIFTY_20240816.parquet', 'source_hash': '4357f109ed631802b3774c34db9c318f71742f8e99de307408af71bf00810707'}",{'completed_bar_only': True},"{'buy_ce_allowed': False, 'buy_pe_allowed': True, 'research_only': True}",8010597fad47fd5be835c66d56f6603a1d2ea1d418b541d1d1e06e6ecfddc237,24292.8,2024-08-16 09:51:00+05:30,36,0.007310153451096523,100.75,0.0,96.79999999999927,18.129999999999562,18.923333333332994,0.0005246777765718569,16.939285714285298,-67.60810810810653,110.75,0.8499999999985448,0.7943661971831191,0.18169014084509091,0.023943661971789994,5,2,-0.0011943992747261989,35.5,28.200000000000728,0.0,2024-08-16T09:52:00+05:30,24293.05,30,25.349999999998545,32.650000000001455,11.049999999999272,9.549999999999272,False,False,0.43589743589743224
NIFTY:2024-08-16,2024-08-16,NIFTY,opening_range_low_break,2024-08-16T09:53:00+05:30,2024-08-16T09:53:00+05:30,DOWN,{},"{'source_path': '/Users/madhuram/tradebot-structural-edge-discovery-v3/runtime/upstox_candidate_replay.zip!upstox_candidate_replay/20240816/underlying/NIFTY_20240816.parquet', 'source_hash': '4357f109ed631802b3774c34db9c318f71742f8e99de307408af71bf00810707'}",{'completed_bar_only': True},"{'buy_ce_allowed': False, 'buy_pe_allowed': True, 'research_only': True}",7b01ef613023e86412bda1a974377ec217e4fce8e4deff64b6cd7a91ff5f5c28,24295.45,2024-08-16 09:52:00+05:30,37,0.006152539915922851,100.75,0.0,96.79999999999927,18.890000000000146,16.756666666666327,0.00047627477728901034,16.753571428571117,-63.248684210528154,108.09999999999854,9.5,0.16901408450713606,0.330985915492992,0.4999999999998719,0,2,0.00010908581966684316,14.200000000000728,2.400000000001455,0.0,2024-08-16T09:53:00+05:30,24294.45,30,26.75,31.25,10.299999999999272,8.799999999999272,False,False,0.3850467289719354
NIFTY:2024-08-16,2024-08-16,NIFTY,opening_range_low_break,2024-08-16T10:00:00+05:30,2024-08-16T10:00:00+05:30,DOWN,{},"{'source_path': '/Users/madhuram/tradebot-structural-edge-discovery-v3/runtime/upstox_candidate_replay.zip!upstox_candidate_replay/20240816/underlying/NIFTY_20240816.parquet', 'source_hash': '4357f109ed631802b3774c34db9c318f71742f8e99de307408af71bf00810707'}",{'completed_bar_only': True},"{'buy_ce_allowed': False, 'buy_pe_allowed': True, 'research_only': True}",92b0f4cdb8b92c52125e1b997e60d7a8616d822bb0aef2680027237bac1a3b94,24300.15,2024-08-16 09:59:00+05:30,44,0.006854563151028185,100.75,0.0,96.79999999999927,15.440000000000873,16.726666666667008,0.00050379612452378,16.639285714286025,-50.908888888883666,103.39999999999782,14.200000000000728,0.8794642857140986,0.07142857142850183,0.049107142857399526,2,2,-0.00037639915587850403,11.200000000000728,9.849999999998545,0.0,2024-08-16T10:00:00+05:30,24299.1,30,87.64999999999782,20.5,83.64999999999782,82.14999999999782,True,True,0.9543639475185385
NIFTY:2024-08-16,2024-08-16,NIFTY,opening_range_low_break,2024-08-16T10:01:00+05:30,2024-08-16T10:01:00+05:30,DOWN,{},"{'source_path': '/Users/madhuram/tradebot-structural-edge-discovery-v3/runtime/upstox_candidate_replay.zip!upstox_candidate_replay/20240816/underlying/NIFTY_20240816.parquet', 'source_hash': '4357f109ed631802b3774c34db9c318f71742f8e99de307408af71bf00810707'}",{'completed_bar_only': True},"{'buy_ce_allowed': False, 'buy_pe_allowed': True, 'research_only': True}",2d301b148efc02c307b017aa13b1959965acc648543cd997da618887fcafcc55,24278.0,2024-08-16 10:00:00+05:30,45,0.006403114580960407,100.75,0.0,96.79999999999927,18.75000000000073,17.73000000000029,0.0005436591252780133,18.20714285714322,-71.47065217390991,125.54999999999927,2.2999999999992724,0.6393939393938953,0.29090909090915706,0.06969696969694765,0,2,-0.0009115170070966849,33.0,21.099999999998545,0.0,2024-08-16T10:01:00+05:30,24278.45,30,73.95000000000073,41.14999999999782,50.79999999999927,49.29999999999927,True,True,0.6869506423258793
NIFTY:2024-08-16,2024-08-16,NIFTY,opening_range_low_break,2024-08-16T10:02:00+05:30,2024-08-16T10:02:00+05:30,DOWN,{},"{'source_path': '/Users/madhuram/tradebot-structural-edge-discovery-v3/runtime/upstox_candidate_replay.zip!upstox_candidate_replay/20240816/underlying/NIFTY_20240816.parquet', 'source_hash': '4357f109ed631802b3774c34db9c318f71742f8e99de307408af71bf00810707'}",{'completed_bar_only': True},"{'buy_ce_allowed': False, 'buy_pe_allowed': True, 'research_only': True}",c92a5abaf38820eda18575c4c0ca183181cc392b19efbaf94849c4873d945977,24289.85,2024-08-16 10:01:00+05:30,46,0.005547847335832207,100.75,0.0,96.79999999999927,19.58000000000029,18.196666666666957,0.0005631048137981006,18.753571428571895,-58.35212765957476,113.70000000000073,15.44999999999709,0.6315789473683255,0.14404432132976663,0.2243767313019078,0,2,0.0004880962187987503,18.049999999999272,11.399999999997817,0.0,2024-08-16T10:02:00+05:30,24290.15,30,85.65000000000146,29.44999999999709,70.20000000000073,68.70000000000073,True,True,0.8196147110332695
NIFTY:2024-08-16,2024-08-16,NIFTY,opening_range_low_break,2024-08-16T10:04:00+05:30,2024-08-16T10:04:00+05:30,DOWN,{},"{'source_path': '/Users/madhuram/tradebot-structural-edge-discovery-v3/runtime/upstox_candidate_replay.zip!upstox_candidate_replay/20240816/underlying/NIFTY_20240816.parquet', 'source_hash': '4357f109ed631802b3774c34db9c318f71742f8e99de307408af71bf00810707'}",{'completed_bar_only': True},"{'buy_ce_allowed': False, 'buy_pe_allowed': True, 'research_only': True}",b0cb5e046bbb7bc71b17b410b159894ab342c91b6bdf2676fbdb89aff6829ba9,24301.25,2024-08-16 10:03:00+05:30,48,0.006525295615978764,100.75,0.0,96.79999999999927,18.68999999999942,18.47333333333348,0.0005654660378129564,18.821428571428832,-45.09081632653033,102.29999999999927,26.849999999998545,0.07111111111104644,0.35111111111117577,0.5777777777777777,0,2,-0.00011109305277545722,11.25,0.7999999999992724,0.0,2024-08-16T10:04:00+05:30,24300.4,30,95.90000000000146,19.19999999999709,73.55000000000291,72.05000000000291,True,True,0.7669447340980374
NIFTY:2024-08-16,2024-08-16,NIFTY,opening_range_low_break,2024-08-16T10:07:00+05:30,2024-08-16T10:07:00+05:30,DOWN,{},"{'source_path': '/Users/madhuram/tradebot-structural-edge-discovery-v3/runtime/upstox_candidate_replay.zip!upstox_candidate_replay/20240816/underlying/NIFTY_20240816.parquet', 'source_hash': '4357f109ed631802b3774c34db9c318f71742f8e99de307408af71bf00810707'}",{'completed_bar_only': True},"{'buy_ce_allowed': False, 'buy_pe_allowed': True, 'research_only': True}",b01d3caae8033a54384e47ae7c87f4d359287440eb61ffda1e7dbb922d387c62,24298.9,2024-08-16 10:06:00+05:30,51,0.006995381971049368,100.75,0.0,96.79999999999927,14.569999999999709,17.01000000000034,0.0005308844320630192,17.210714285714598,-45.39615384615172,104.64999999999782,24.5,0.9477124183004734,0.0,0.05228758169952668,2,2,-0.0006477576276031627,15.30000000000291,14.5,0.0,2024-08-16T10:07:00+05:30,24297.7,30,93.20000000000073,8.950000000000728,62.5,61.0,True,True,0.6706008583690934
NIFTY:2024-08-16,2024-08-16,NIFTY,opening_range_low_break,2024-08-16T10:08:00+05:30,2024-08-16T10:08:00+05:30,DOWN,{},"{'source_path': '/Users/madhuram/tradebot-structural-edge-discovery-v3/runtime/upstox_candidate_replay.zip!upstox_candidate_replay/20240816/underlying/NIFTY_20240816.parquet', 'source_hash': '4357f109ed631802b3774c34db9c318f71742f8e99de307408af71bf00810707'}",{'completed_bar_only': True},"{'buy_ce_allowed': False, 'buy_pe_allowed': True, 'research_only': True}",816995a05829c4d53a220e35807f845fcfabb15f062ea8ff9a9b429f14a356ce,24288.6,2024-08-16 10:07:00+05:30,52,0.0063451303609518,100.75,0.0,96.79999999999927,13.090000000000146,16.900000000000244,0.0005419911526463121,16.282142857142908,-54.64528301886821,114.95000000000073,14.19999999999709,0.7250996015938415,0.21115537848589408,0.06374501992026445,3,2,-0.0004238875010804666,12.549999999999272,9.100000000002183,0.0,2024-08-16T10:08:00+05:30,24288.35,30,83.84999999999854,18.30000000000291,54.94999999999709,53.44999999999709,True,True,0.6553369111508413
NIFTY:2024-08-19,2024-08-19,NIFTY,opening_range_low_break,2024-08-19T09:54:00+05:30,2024-08-19T09:54:00+05:30,DOWN,{},"{'source_path': '/Users/madhuram/tradebot-structural-edge-discovery-v3/runtime/upstox_candidate_replay.zip!upstox_candidate_replay/20240819/underlying/NIFTY_20240819.parquet', 'source_hash': '4357f109ed631802b3774c34db9c318f71742f8e99de307408af71bf00810707'}",{'completed_bar_only': True},"{'buy_ce_allowed': False, 'buy_pe_allowed': True, 'research_only': True}",5bb466fe6c3830aaa90505e60ffc489bd4f854c3aa7a0acbe8ed4e022788b9db,24575.75,2024-08-19 09:53:00+05:30,38,0.0016748712264457906,62.54999999999927,0.0,359.40000000000146,13.369999999998981,11.723333333332993,0.0003517718811744024,11.574999999999688,-29.017948717948457,63.04999999999927,4.099999999998545,0.4482758620689902,0.1477832512315589,0.4039408866994509,0,1,-0.00018510758615641887,10.149999999997817,4.549999999999272,0.0,2024-08-19T09:54:00+05:30,24575.3,30,15.950000000000728,26.799999999999272,11.599999999998545,10.099999999998545,False,False,0.7272727272726028
NIFTY:2024-08-19,2024-08-19,NIFTY,opening_range_low_break,2024-08-19T09:55:00+05:30,2024-08-19T09:55:00+05:30,DOWN,{},"{'source_path': '/Users/madhuram/tradebot-structural-edge-discovery-v3/runtime/upstox_candidate_replay.zip!upstox_candidate_replay/20240819/underlying/NIFTY_20240819.parquet', 'source_hash': '4357f109ed631802b3774c34db9c318f71742f8e99de307408af71bf00810707'}",{'completed_bar_only': True},"{'buy_ce_allowed': False, 'buy_pe_allowed': True, 'research_only': True}",9fdd5eaab712e117e0818f1ed3728c99e82e70e0f0dc21b6236dc9ab01760666,24571.8,2024-08-19 09:54:00+05:30,39,0.0014711156027905777,62.54999999999927,0.0,359.40000000000146,12.039999999999418,11.393333333333187,0.00033204661967551155,11.421428571428416,-32.14374999999927,67.0,1.7000000000007276,0.395480225988603,0.41242937853113615,0.19209039548026083,0,1,-0.00016072754646356824,8.850000000002183,3.5,0.0,2024-08-19T09:55:00+05:30,24571.3,30,15.349999999998545,30.799999999999272,9.450000000000728,7.950000000000728,False,False,0.6156351791532002
NIFTY:2024-08-19,2024-08-19,NIFTY,opening_range_low_break,2024-08-19T09:57:00+05:30,2024-08-19T09:57:00+05:30,DOWN,{},"{'source_path': '/Users/madhuram/tradebot-structural-edge-discovery-v3/runtime/upstox_candidate_replay.zip!upstox_candidate_replay/20240819/underlying/NIFTY_20240819.parquet', 'source_hash': '4357f109ed631802b3774c34db9c318f71742f8e99de307408af71bf00810707'}",{'completed_bar_only': True},"{'buy_ce_allowed': False, 'buy_pe_allowed': True, 'research_only': True}",aa48a2b39b955b85feb977df49fafa0e721a1b690f315ef893a8eb371690cdf2,24573.25,2024-08-19 09:56:00+05:30,41,0.0015424300710699021,62.54999999999927,0.0,359.40000000000146,12.36999999999971,10.913333333333139,0.0002665198584268483,11.067857142856935,-29.325000000000728,65.54999999999927,7.25,0.38578680203043997,0.0,0.61421319796956,0,1,-0.00015868398085217006,9.849999999998545,3.7999999999992724,0.0,2024-08-19T09:57:00+05:30,24572.8,30,31.200000000000728,29.299999999999272,27.25,25.75,True,True,0.8733974358974155
NIFTY:2024-08-19,2024-08-19,NIFTY,opening_range_low_break,2024-08-19T09:58:00+05:30,2024-08-19T09:58:00+05:30,DOWN,{},"{'source_path': '/Users/madhuram/tradebot-structural-edge-discovery-v3/runtime/upstox_candidate_replay.zip!upstox_candidate_replay/20240819/underlying/NIFTY_20240819.parquet', 'source_hash': '4357f109ed631802b3774c34db9c318f71742f8e99de307408af71bf00810707'}",{'completed_bar_only': True},"{'buy_ce_allowed': False, 'buy_pe_allowed': True, 'research_only': True}",5b201fbe93afedffe0bc83824515e9446f764e505d8592f60ed7eac0b4092003,24572.0,2024-08-19 09:57:00+05:30,42,0.0013692377909629713,62.54999999999927,0.0,359.40000000000146,9.639999999999418,10.83999999999966,0.00026660579086632306,10.985714285713973,-29.86395348836959,66.79999999999927,6.0,0.10457516339862753,0.7843137254904199,0.11111111111095259,1,1,-5.086832226097737e-05,7.649999999997817,0.7999999999992724,0.0,2024-08-19T09:58:00+05:30,24571.95,30,30.350000000002183,30.149999999997817,17.049999999999272,15.549999999999272,True,True,0.561779242174565
NIFTY:2024-08-19,2024-08-19,NIFTY,opening_range_low_break,2024-08-19T09:59:00+05:30,2024-08-19T09:59:00+05:30,DOWN,{},"{'source_path': '/Users/madhuram/tradebot-structural-edge-discovery-v3/runtime/upstox_candidate_replay.zip!upstox_candidate_replay/20240819/underlying/NIFTY_20240819.parquet', 'source_hash': '4357f109ed631802b3774c34db9c318f71742f8e99de307408af71bf00810707'}",{'completed_bar_only': True},"{'buy_ce_allowed': False, 'buy_pe_allowed': True, 'research_only': True}",5ef819cde5fd829d844cece259a7265f081355c7b2abc39dbfeaeb014a549678,24572.7,2024-08-19 09:58:00+05:30,43,0.0013345993349416444,62.54999999999927,0.0,359.40000000000146,8.53000000000029,10.559999999999855,0.0002698839863215756,10.685714285713923,-28.50113636363676,66.09999999999854,6.700000000000728,0.16304347826079219,0.804347826086733,0.03260869565247478,2,1,2.848770958818747e-05,4.600000000002183,0.75,0.0,2024-08-19T09:59:00+05:30,24573.5,30,31.900000000001455,28.599999999998545,15.5,14.0,True,True,0.4858934169278775
NIFTY:2024-08-19,2024-08-19,NIFTY,opening_range_low_break,2024-08-19T10:19:00+05:30,2024-08-19T10:19:00+05:30,DOWN,{},"{'source_path': '/Users/madhuram/tradebot-structural-edge-discovery-v3/runtime/upstox_candidate_replay.zip!upstox_candidate_replay/20240819/underlying/NIFTY_20240819.parquet', 'source_hash': '4357f109ed631802b3774c34db9c318f71742f8e99de307408af71bf00810707'}",{'completed_bar_only': True},"{'buy_ce_allowed': False, 'buy_pe_allowed': True, 'research_only': True}",67ee5e202af90443e8f13d74950a16b363a3960a9768903f2ad021e03c40a209,24569.65,2024-08-19 10:18:00+05:30,63,0.0016218947642954648,62.54999999999927,0.0,359.40000000000146,10.319999999999709,10.723333333332508,0.0002028799405846384,10.37499999999922,-27.064062499997817,69.14999999999782,3.650000000001455,0.5165745856353202,0.3176795580110753,0.16574585635360448,6,1,-0.00037633905504319554,18.099999999998545,9.349999999998545,0.0,2024-08-19T10:19:00+05:30,24569.55,30,27.950000000000728,13.549999999999272,13.049999999999272,11.549999999999272,True,True,0.4669051878353822
NIFTY:2024-08-19,2024-08-19,NIFTY,opening_range_low_break,2024-08-19T10:20:00+05:30,2024-08-19T10:20:00+05:30,DOWN,{},"{'source_path': '/Users/madhuram/tradebot-structural-edge-discovery-v3/runtime/upstox_candidate_replay.zip!upstox_candidate_replay/20240819/underlying/NIFTY_20240819.parquet', 'source_hash': '4357f109ed631802b3774c34db9c318f71742f8e99de307408af71bf00810707'}",{'completed_bar_only': True},"{'buy_ce_allowed': False, 'buy_pe_allowed': True, 'research_only': True}",82d58b3048f5333a8c0b1e04dcf98dedcf3b8f911b7443ba45bcf313907c159f,24574.45,2024-08-19 10:19:00+05:30,64,0.0012367966355870828,62.54999999999927,0.0,359.40000000000146,11.45,10.433333333332605,0.00017570525837680494,10.599999999999325,-21.92153846153451,64.34999999999854,10.75,0.4355555555556849,0.044444444444444446,0.5199999999998707,0,1,0.0001953629783084665,11.25,4.900000000001455,0.0,2024-08-19T10:20:00+05:30,24574.6,30,33.0,8.5,22.25,20.75,True,True,0.6742424242424242
NIFTY:2024-08-19,2024-08-19,NIFTY,opening_range_low_break,2024-08-19T10:21:00+05:30,2024-08-19T10:21:00+05:30,DOWN,{},"{'source_path': '/Users/madhuram/tradebot-structural-edge-discovery-v3/runtime/upstox_candidate_replay.zip!upstox_candidate_replay/20240819/underlying/NIFTY_20240819.parquet', 'source_hash': '4357f109ed631802b3774c34db9c318f71742f8e99de307408af71bf00810707'}",{'completed_bar_only': True},"{'buy_ce_allowed': False, 'buy_pe_allowed': True, 'research_only': True}",f541082f244c06e306d915daa0e3a09d65a4489874b84b7158816ab2aa1d3e88,24569.9,2024-08-19 10:20:00+05:30,65,0.0014425898154788181,62.54999999999927,0.0,359.40000000000146,11.65,10.626666666666036,0.00016610411348594813,10.571428571428052,-26.070454545453686,68.89999999999782,6.200000000000728,0.4272727272724627,0.422727272727405,0.15000000000013228,0,1,-0.0001851516514103091,11.0,4.69999999999709,0.0,2024-08-19T10:21:00+05:30,24571.2,30,29.600000000002183,11.899999999997817,16.950000000000728,15.450000000000728,True,True,0.5726351351351174
NIFTY:2024-08-22,2024-08-22,NIFTY,opening_range_low_break,2024-08-22T09:50:00+05:30,2024-08-22T09:50:00+05:30,DOWN,{},"{'source_path': '/Users/madhuram/tradebot-structural-edge-discovery-v3/runtime/upstox_candidate_replay.zip!upstox_candidate_replay/20240822/underlying/NIFTY_20240822.parquet', 'source_hash': '4357f109ed631802b3774c34db9c318f71742f8e99de307408af71bf00810707'}",{'completed_bar_only': True},"{'buy_ce_allowed': False, 'buy_pe_allowed': True, 'research_only': True}",f18892df37f38020d8f69c8fcb62186774a9f8c9ab51203c99c94cec3be4829b,24798.45,2024-08-22 09:49:00+05:30,34,0.0010451176059946097,68.5,0.0,133.45000000000073,12.360000000000582,8.409999999999854,0.0002450549409391985,8.528571428571272,-24.795714285712165,68.89999999999782,5.100000000002183,0.6317567567565342,0.023648648648791484,0.34459459459467434,0,0,-0.0003789123200921285,14.80000000000291,9.349999999998545,0.0,2024-08-22T09:50:00+05:30,24799.4,30,14.950000000000728,23.799999999999272,-7.94999999999709,-9.44999999999709,False,False,-0.5317725752506156
NIFTY:2024-08-22,2024-08-22,NIFTY,opening_range_low_break,2024-08-22T09:52:00+05:30,2024-08-22T09:52:00+05:30,DOWN,{},"{'source_path': '/Users/madhuram/tradebot-structural-edge-discovery-v3/runtime/upstox_candidate_replay.zip!upstox_candidate_replay/20240822/underlying/NIFTY_20240822.parquet', 'source_hash': '4357f109ed631802b3774c34db9c318f71742f8e99de307408af71bf00810707'}",{'completed_bar_only': True},"{'buy_ce_allowed': False, 'buy_pe_allowed': True, 'research_only': True}",77e9c05afa565dc3d2906f67342c9f3eed3687b12f7999fa484c0fb25af42a27,24798.25,2024-08-22 09:51:00+05:30,36,0.0008897622861846456,68.5,0.0,133.45000000000073,12.759999999999854,9.043333333333187,0.00023444438302297813,9.339285714285714,-23.785135135134624,69.09999999999854,8.400000000001455,0.3507692307692755,0.13230769230755798,0.5169230769231665,0,0,-0.00020964825457747693,16.25,5.700000000000728,0.0,2024-08-22T09:52:00+05:30,24796.1,30,11.649999999997817,27.100000000002183,-13.05000000000291,-14.55000000000291,False,False,-1.120171673820202
NIFTY:2024-08-22,2024-08-22,NIFTY,opening_range_low_break,2024-08-22T09:53:00+05:30,2024-08-22T09:53:00+05:30,DOWN,{},"{'source_path': '/Users/madhuram/tradebot-structural-edge-discovery-v3/runtime/upstox_candidate_replay.zip!upstox_candidate_replay/20240822/underlying/NIFTY_20240822.parquet', 'source_hash': '4357f109ed631802b3774c34db9c318f71742f8e99de307408af71bf00810707'}",{'completed_bar_only': True},"{'buy_ce_allowed': False, 'buy_pe_allowed': True, 'research_only': True}",483a9cbddb43d41e6e749a839d68e7e98c18d6cd8d4ebd922e66dc6387d44056,24791.2,2024-08-22 09:52:00+05:30,37,0.0005729988418965894,68.5,0.0,133.45000000000073,13.490000000000146,9.383333333333333,0.00023625737877718954,9.625,-30.02368421052597,76.14999999999782,1.3500000000021828,0.4899999999997817,0.5100000000002183,0.0,0,0,-0.0002842942546348315,10.0,4.899999999997817,0.0,2024-08-22T09:53:00+05:30,24791.3,30,6.849999999998545,31.900000000001455,-16.100000000002183,-17.600000000002183,False,False,-2.3503649635044677
NIFTY:2024-08-22,2024-08-22,NIFTY,opening_range_low_break,2024-08-22T09:56:00+05:30,2024-08-22T09:56:00+05:30,DOWN,{},"{'source_path': '/Users/madhuram/tradebot-structural-edge-discovery-v3/runtime/upstox_candidate_replay.zip!upstox_candidate_replay/20240822/underlying/NIFTY_20240822.parquet', 'source_hash': '4357f109ed631802b3774c34db9c318f71742f8e99de307408af71bf00810707'}",{'completed_bar_only': True},"{'buy_ce_allowed': False, 'buy_pe_allowed': True, 'research_only': True}",bc4968281a804532f5c7fff385f87db6c09e8e3b31077baa808c60208fa07533,24793.6,2024-08-22 09:55:00+05:30,40,0.0007364245679306267,68.5,0.0,133.45000000000073,11.640000000000146,10.360000000000097,0.00026263358657631635,10.417857142857299,-25.884146341464657,73.75,3.75,0.5646551724141148,0.20258620689645168,0.23275862068943348,0,0,-0.00024798637083045527,11.599999999998545,6.55000000000291,0.0,2024-08-22T09:56:00+05:30,24794.6,30,10.149999999997817,28.600000000002183,-20.55000000000291,-22.05000000000291,False,False,-2.0246305418726434
NIFTY:2024-08-22,2024-08-22,NIFTY,opening_range_low_break,2024-08-22T09:57:00+05:30,2024-08-22T09:57:00+05:30,DOWN,{},"{'source_path': '/Users/madhuram/tradebot-structural-edge-discovery-v3/runtime/upstox_candidate_replay.zip!upstox_candidate_replay/20240822/underlying/NIFTY_20240822.parquet', 'source_hash': '4357f109ed631802b3774c34db9c318f71742f8e99de307408af71bf00810707'}",{'completed_bar_only': True},"{'buy_ce_allowed': False, 'buy_pe_allowed': True, 'research_only': True}",28fa5d67490859ae7ca529c371e7089c1a244ae240e8ddd286a5359100d805fa,24797.25,2024-08-22 09:56:00+05:30,41,0.0005124707952173598,68.5,0.0,133.45000000000073,9.540000000000145,10.106666666666813,0.00026805398629995716,10.475000000000104,-21.704761904762563,70.09999999999854,7.400000000001455,0.4608695652176444,0.4869565217390039,0.05217391304335172,1,0,0.00014721541042850284,5.75,2.650000000001455,0.0,2024-08-22T09:57:00+05:30,24796.95,30,12.5,26.25,-15.399999999997817,-16.899999999997817,False,False,-1.2319999999998255
NIFTY:2024-08-22,2024-08-22,NIFTY,opening_range_low_break,2024-08-22T09:58:00+05:30,2024-08-22T09:58:00+05:30,DOWN,{},"{'source_path': '/Users/madhuram/tradebot-structural-edge-discovery-v3/runtime/upstox_candidate_replay.zip!upstox_candidate_replay/20240822/underlying/NIFTY_20240822.parquet', 'source_hash': '4357f109ed631802b3774c34db9c318f71742f8e99de307408af71bf00810707'}",{'completed_bar_only': True},"{'buy_ce_allowed': False, 'buy_pe_allowed': True, 'research_only': True}",b0b12cc46a2b2eb5112f23ebde11beee025bd8e08e9acc78102c0c3e4793ca57,24796.0,2024-08-22 09:57:00+05:30,42,0.000607298068348241,68.5,0.0,133.45000000000073,10.080000000000291,10.623333333333479,0.00026360124995443223,10.764285714285766,-22.42093023256166,71.34999999999854,11.549999999999272,0.07480314960635222,0.01574803149611938,0.9094488188975284,2,0,-5.0408815493674375e-05,12.700000000000728,0.9500000000007276,0.0,2024-08-22T09:58:00+05:30,24796.2,30,3.150000000001455,27.0,-9.599999999998545,-11.099999999998545,False,False,-3.047619047617178
NIFTY:2024-08-22,2024-08-22,NIFTY,opening_range_low_break,2024-08-22T10:11:00+05:30,2024-08-22T10:11:00+05:30,DOWN,{},"{'source_path': '/Users/madhuram/tradebot-structural-edge-discovery-v3/runtime/upstox_candidate_replay.zip!upstox_candidate_replay/20240822/underlying/NIFTY_20240822.parquet', 'source_hash': '4357f109ed631802b3774c34db9c318f71742f8e99de307408af71bf00810707'}",{'completed_bar_only': True},"{'buy_ce_allowed': False, 'buy_pe_allowed': True, 'research_only': True}",e6f150ca9a93b1e60591b9c6c85f5ddc2d7784c87077719d98ae71595b098bf7,24798.8,2024-08-22 10:10:00+05:30,55,0.0011439800822373807,68.5,0.0,133.45000000000073,7.640000000000145,8.719999999999466,0.000209796721282711,8.932142857142285,-17.90803571428478,68.54999999999927,14.349999999998545,0.6378830083565606,0.041782729805012235,0.3203342618384271,6,0,-0.00047358885635340187,17.950000000000728,11.450000000000728,0.0,2024-08-22T10:11:00+05:30,24799.9,30,2.650000000001455,24.75,-17.5,-19.0,False,False,-6.603773584902034
NIFTY:2024-08-23,2024-08-23,NIFTY,opening_range_low_break,2024-08-23T09:38:00+05:30,2024-08-23T09:38:00+05:30,DOWN,{},"{'source_path': '/Users/madhuram/tradebot-structural-edge-discovery-v3/runtime/upstox_candidate_replay.zip!upstox_candidate_replay/20240823/underlying/NIFTY_20240823.parquet', 'source_hash': '4357f109ed631802b3774c34db9c318f71742f8e99de307408af71bf00810707'}",{'completed_bar_only': True},"{'buy_ce_allowed': False, 'buy_pe_allowed': True, 'research_only': True}",e669d7c06082ffdd7e23195a9b2e7a61dcf745c75dc4b0423e6446044d1d28d2,24792.15,2024-08-23 09:37:00+05:30,22,-0.0002801188187450164,66.10000000000218,0.0,82.89999999999782,9.709999999998399,11.393333333332702,0.00029293204228728585,11.085714285713818,-22.29565217391064,66.25,2.650000000001455,0.6900584795321799,0.15497076023380366,0.1549707602340164,18,0,-0.0004757306799925143,17.099999999998545,11.799999999999272,0.0,2024-08-23T09:38:00+05:30,24791.65,30,20.0,43.89999999999782,-15.299999999999272,-16.799999999999272,False,False,-0.7649999999999636
NIFTY:2024-08-23,2024-08-23,NIFTY,opening_range_low_break,2024-08-23T09:39:00+05:30,2024-08-23T09:39:00+05:30,DOWN,{},"{'source_path': '/Users/madhuram/tradebot-structural-edge-discovery-v3/runtime/upstox_candidate_replay.zip!upstox_candidate_replay/20240823/underlying/NIFTY_20240823.parquet', 'source_hash': '4357f109ed631802b3774c34db9c318f71742f8e99de307408af71bf00810707'}",{'completed_bar_only': True},"{'buy_ce_allowed': False, 'buy_pe_allowed': True, 'research_only': True}",f153f784ccfb3eec583c2a0a8aa0c256416db6f9cc6b455e71895029e4cd7808,24782.6,2024-08-23 09:38:00+05:30,23,-0.0007758686706246044,66.10000000000218,0.0,82.89999999999782,10.579999999998837,11.113333333332896,0.0002781923602010294,11.235714285713973,-30.518749999999272,75.80000000000291,1.1999999999970896,0.7869565217393835,0.10869565217391304,0.10434782608670344,19,0,-0.0003852025742020482,11.5,9.05000000000291,0.0,2024-08-23T09:39:00+05:30,24782.1,30,10.44999999999709,53.45000000000073,-25.700000000000728,-27.200000000000728,False,False,-2.4593301435414245
NIFTY:2024-08-23,2024-08-23,NIFTY,opening_range_low_break,2024-08-23T09:40:00+05:30,2024-08-23T09:40:00+05:30,DOWN,{},"{'source_path': '/Users/madhuram/tradebot-structural-edge-discovery-v3/runtime/upstox_candidate_replay.zip!upstox_candidate_replay/20240823/underlying/NIFTY_20240823.parquet', 'source_hash': '4357f109ed631802b3774c34db9c318f71742f8e99de307408af71bf00810707'}",{'completed_bar_only': True},"{'buy_ce_allowed': False, 'buy_pe_allowed': True, 'research_only': True}",b6bc8668a7ac1465f17ea5e5cb06fac08d34d028613c475881d80073f45b79b8,24777.8,2024-08-23 09:39:00+05:30,24,-0.0011607801409865386,66.10000000000218,0.0,82.89999999999782,10.78999999999869,11.22666666666628,0.00026694784202825226,11.199999999999688,-33.90600000000268,80.60000000000218,6.149999999997817,0.3873873873873726,0.058558558558697335,0.55405405405393,20,0,-0.00019368427848565073,11.099999999998545,4.299999999999272,0.0,2024-08-23T09:40:00+05:30,24778.4,30,4.950000000000728,57.14999999999782,-33.64999999999782,-35.14999999999782,False,False,-6.797979797978358
NIFTY:2024-08-23,2024-08-23,NIFTY,opening_range_low_break,2024-08-23T09:41:00+05:30,2024-08-23T09:41:00+05:30,DOWN,{},"{'source_path': '/Users/madhuram/tradebot-structural-edge-discovery-v3/runtime/upstox_candidate_replay.zip!upstox_candidate_replay/20240823/underlying/NIFTY_20240823.parquet', 'source_hash': '4357f109ed631802b3774c34db9c318f71742f8e99de307408af71bf00810707'}",{'completed_bar_only': True},"{'buy_ce_allowed': False, 'buy_pe_allowed': True, 'research_only': True}",25214773228a0186d785cef0e67639ede160d976f919e11d1e57164defdd37e7,24782.85,2024-08-23 09:40:00+05:30,25,-0.001309908145210371,66.10000000000218,0.0,82.89999999999782,10.499999999998545,10.996666666666231,0.00025801488560984575,10.39642857142826,-27.746153846153902,75.55000000000291,11.19999999999709,0.5460122699384394,0.45398773006156057,0.0,21,0,0.00020381147640224917,8.149999999997817,4.44999999999709,0.0,2024-08-23T09:41:00+05:30,24782.4,30,8.950000000000728,53.14999999999782,-25.899999999997817,-27.399999999997817,False,False,-2.8938547486028727
NIFTY:2024-08-23,2024-08-23,NIFTY,opening_range_low_break,2024-08-23T09:42:00+05:30,2024-08-23T09:42:00+05:30,DOWN,{},"{'source_path': '/Users/madhuram/tradebot-structural-edge-discovery-v3/runtime/upstox_candidate_replay.zip!upstox_candidate_replay/20240823/underlying/NIFTY_20240823.parquet', 'source_hash': '4357f109ed631802b3774c34db9c318f71742f8e99de307408af71bf00810707'}",{'completed_bar_only': True},"{'buy_ce_allowed': False, 'buy_pe_allowed': True, 'research_only': True}",4f19fa4bafcfe8810c4edd1b25edd56b7c4aa42b4e21fdf3bcff900d9b0c1629,24777.2,2024-08-23 09:41:00+05:30,26,-0.0011486886811844794,66.10000000000218,0.0,82.89999999999782,11.709999999999127,10.416666666666424,0.0002290085934810398,10.524999999999636,-32.15925925925694,81.20000000000073,5.549999999999272,0.4859813084112499,0.4579439252334097,0.05607476635534037,0,0,-0.00022798023633274767,10.700000000000728,5.200000000000728,0.0,2024-08-23T09:42:00+05:30,24777.55,30,4.099999999998545,58.0,-30.450000000000728,-31.950000000000728,False,False,-7.426829268295497
NIFTY:2024-08-23,2024-08-23,NIFTY,opening_range_low_break,2024-08-23T09:43:00+05:30,2024-08-23T09:43:00+05:30,DOWN,{},"{'source_path': '/Users/madhuram/tradebot-structural-edge-discovery-v3/runtime/upstox_candidate_replay.zip!upstox_candidate_replay/20240823/underlying/NIFTY_20240823.parquet', 'source_hash': '4357f109ed631802b3774c34db9c318f71742f8e99de307408af71bf00810707'}",{'completed_bar_only': True},"{'buy_ce_allowed': False, 'buy_pe_allowed': True, 'research_only': True}",76e74c31930a7dc85c15d9df1979f77d438de51f97dadfe5b96b352858c4c034,24790.0,2024-08-23 09:42:00+05:30,27,-0.0013441672813159613,66.10000000000218,0.0,82.89999999999782,11.609999999999127,10.929999999999563,0.00026484960416145974,11.271428571428,-18.66785714285652,68.40000000000146,18.349999999998545,0.7500000000001096,0.0030120481927275173,0.2469879518071629,0,0,0.000516603974621832,16.599999999998545,12.450000000000728,0.0,2024-08-23T09:43:00+05:30,24790.05,30,14.099999999998545,45.5,-9.25,-10.75,False,False,-0.656028368794394
NIFTY:2024-08-23,2024-08-23,NIFTY,opening_range_low_break,2024-08-23T09:44:00+05:30,2024-08-23T09:44:00+05:30,DOWN,{},"{'source_path': '/Users/madhuram/tradebot-structural-edge-discovery-v3/runtime/upstox_candidate_replay.zip!upstox_candidate_replay/20240823/underlying/NIFTY_20240823.parquet', 'source_hash': '4357f109ed631802b3774c34db9c318f71742f8e99de307408af71bf00810707'}",{'completed_bar_only': True},"{'buy_ce_allowed': False, 'buy_pe_allowed': True, 'research_only': True}",4c927c5ef81d99b6f664a58d96f679f05b08ff535a0b04f934f22c269e922e56,24784.3,2024-08-23 09:43:00+05:30,28,-0.0008403564562350492,66.10000000000218,0.0,82.89999999999782,11.869999999998981,11.37333333333275,0.0002610737876488341,11.371428571427844,-23.52758620689565,74.10000000000218,12.649999999997817,0.44921875000002554,0.4609375000001399,0.08984374999983458,0,0,-0.00022993142396132704,12.799999999999272,5.75,0.0,2024-08-23T09:44:00+05:30,24785.1,30,9.149999999997817,50.45000000000073,-16.400000000001455,-17.900000000001455,False,False,-1.792349726776543
NIFTY:2024-08-23,2024-08-23,NIFTY,opening_range_low_break,2024-08-23T09:45:00+05:30,2024-08-23T09:45:00+05:30,DOWN,{},"{'source_path': '/Users/madhuram/tradebot-structural-edge-discovery-v3/runtime/upstox_candidate_replay.zip!upstox_candidate_replay/20240823/underlying/NIFTY_20240823.parquet', 'source_hash': '4357f109ed631802b3774c34db9c318f71742f8e99de307408af71bf00810707'}",{'completed_bar_only': True},"{'buy_ce_allowed': False, 'buy_pe_allowed': True, 'research_only': True}",136fbfa830be328f57dd9d6e89ecaf864931ab6e02b9ecc0e9afacccbc47871b,24784.5,2024-08-23 09:44:00+05:30,29,-0.0010398655429671197,66.10000000000218,0.0,82.89999999999782,10.909999999999126,11.033333333332605,0.0002622220920841816,10.471428571427689,-22.549999999999272,73.90000000000146,12.849999999998545,0.09523809523787526,0.7460317460319477,0.15873015873017707,1,0,8.069624722217839e-06,6.299999999999272,0.5999999999985448,0.0,2024-08-23T09:45:00+05:30,24785.0,30,9.049999999999272,50.54999999999927,-15.0,-16.5,False,False,-1.6574585635360448
