expired_instrument_key,expiry,option_type,strike,timestamp,session,minute_of_day,days_to_expiry,premium_band,open,high,low,close,volume,open_interest,entry_price_next_open,prior_5m_return_pct,prior_10m_range_pct,prior_5m_volume_ratio,transition_compression_to_lift,transition_put_call_selloff_or_lift,transition_volume_participation,session_id,expiry_id,previous_return,previous_close,previous_volume_ratio,previous_open_interest,return_acceleration,volume_acceleration,oi_change_ratio,bar_acceptance,positive_return,positive_acceleration,volume_participating,positive_weight,weighted_strike_numerator,surface_count,breadth_positive,breadth_acceleration,breadth_volume,surface_median_return,surface_median_acceleration,surface_return_dispersion,breadth_delta,acceleration_breadth_delta,directional_mass_shift,compression_transition_breadth,put_call_transition_breadth,participation_transition_breadth,mirror_return,mirror_acceleration,mirror_volume_ratio,option_asymmetry,mechanism,premium_distance,score,forward_mfe_points,forward_mae_points,forward_close_change_points,forward_expansion_pct,label_horizon_minutes,is_expansion_event,move_cluster_id,gross_return_pct,net_return_pct,stress_return_pct,fold_id,partition
NSE_FO|43893|09-04-2025,2025-04-09,PE,23100.0,2025-04-03 06:29:00+00:00,2025-04-03,719,6,2,77.55,77.7,77.0,77.3,22950,2113500,77.25,0.3896103896103842,6.985769728331184,1.3304347826086957,False,False,False,2025-04-03,2025-04-09,-0.32133676092545027,77.55,0.9372197309417041,2113500.0,0.7109471505358345,0.39321505166699167,0.0,False,1.0,1.0,1.0,3.9121234237106592,90370.05108771623,5,1.0,1.0,0.2,1.1456628477904962,1.0808938367311671,0.46563725799921923,0.6,0.0,61.17668090609368,0.0,0.0,0.0,-0.9139348600867958,-0.0651284940390573,0.6545454545454545,1.30354524969718,quiet_contract_volume_ignition,22.75,4.363709833262038,1.1500000000000057,0.7000000000000028,-0.1599999999999966,1.4886731391585832,5,False,,-0.20711974110031922,-0.30711974110031925,-1.2071197411003192,fold_1,research_oof
NSE_FO|43899|09-04-2025,2025-04-09,PE,23250.0,2025-04-03 06:53:00+00:00,2025-04-03,743,6,3,135.0,136.5,134.75,136.19,36825,1389300,136.3,0.806809770540351,3.120640281959028,1.9918864097363083,False,False,True,2025-04-03,2025-04-09,-0.5535055350553542,134.75,1.2466367713004485,1389300.0,1.3603153055957051,0.7452496384358598,0.0,True,1.0,1.0,1.0,8.482765168101968,197224.29015837077,5,1.0,1.0,0.8,0.7336757153338258,0.7336757153338258,0.08071691963500777,0.8,0.39999998,-58.52109217232646,0.0,0.0,0.4,-1.2532789274264045,-1.5158226847192702,3.081081081081081,2.0600886979667554,quiet_contract_volume_ignition,36.30000000000001,7.3527827980060865,3.6999999999999886,0.6500000000000057,2.4499999999999886,2.7146001467351346,5,False,,1.7975055025678564,1.6975055025678563,0.7975055025678564,fold_1,research_oof
NSE_FO|43888|09-04-2025,2025-04-09,PE,23050.0,2025-04-04 06:57:00+00:00,2025-04-04,747,5,3,166.1,173.95,165.75,173.45,95775,1256325,173.55,0.34712178189180154,7.293168059959647,1.5139300533491404,False,False,True,2025-04-04,2025-04-09,-6.764374295377673,165.4,1.1807943094250148,1223325.0,7.111496077269474,0.3331357439241256,0.02697566059714303,True,1.0,1.0,1.0,3.9814061014701845,91771.41063888776,5,0.8,1.0,0.8,0.34712178189180154,5.9075664199116025,0.2526786772172152,0.8,1.0,,0.0,0.0,0.2,-1.620370370370372,-8.983790797923819,1.609442060085837,1.9674921522621736,quiet_contract_volume_ignition,73.55000000000001,11.667018514808374,10.599999999999994,0.6500000000000057,6.049999999999983,6.107749927974644,5,False,,3.4860270815326895,3.3860270815326894,2.4860270815326895,fold_1,research_oof
NSE_FO|48187|17-04-2025,2025-04-17,PE,22650.0,2025-04-11 06:32:00+00:00,2025-04-11,722,6,3,115.75,121.35,115.75,118.65,104925,984375,117.9,0.5508474576271238,6.86894226717236,2.89648033126294,False,False,True,2025-04-11,2025-04-17,-2.1132713440405793,115.8,0.7308488612836439,984375.0,2.664118801667703,2.1656314699792962,0.0,False,1.0,1.0,1.0,6.368353306951556,144243.20240245273,8,0.5,0.875,1.0,0.23116568137032667,1.9038045936573267,0.8488692559025626,0.5,0.5,,0.0,0.0,1.0,-0.7627458851866664,-1.2820534750668133,3.345029239766082,1.3135933428137903,quiet_contract_volume_ignition,17.900000000000006,7.160851111976767,4.799999999999997,1.7000000000000028,4.349999999999994,4.07124681933842,5,False,,3.68956743002544,3.58956743002544,2.68956743002544,fold_1,research_oof
NSE_FO|48197|17-04-2025,2025-04-17,PE,22750.0,2025-04-11 07:57:00+00:00,2025-04-11,807,6,3,161.1,163.25,160.65,162.15,157050,1836975,162.65,0.5955704448166843,7.462226333641686,2.129130655821047,False,False,True,2025-04-11,2025-04-17,0.03763171098845053,159.5,0.8174885612608033,1836975.0,0.5579387338282338,1.311642094560244,0.0,True,1.0,1.0,1.0,7.125598881724538,162107.37455923323,8,1.0,0.875,1.0,1.9217712958984001,0.924613456048673,5.419160976633052,0.0,-0.125,-45.47577826650377,0.0,0.375,1.0,-1.7304929093521437,-1.7304929093521437,1.8961625282167043,2.326063354168828,quiet_contract_volume_ignition,62.650000000000006,0.12121447176151962,19.75,2.25,9.299999999999983,12.142637565324316,5,False,,5.717798954810933,5.617798954810933,4.717798954810933,fold_1,research_oof
NSE_FO|52000|30-04-2025,2025-04-30,CE,24350.0,2025-04-24 07:01:00+00:00,2025-04-24,751,6,3,161.4,161.6,159.94,160.9,23925,750675,160.9,0.4996876951905094,4.387818520820386,2.3284671532846715,False,False,True,2025-04-24,2025-04-30,-0.9230769230769265,161.0,1.313868613138686,744825.0,1.4227646182674358,1.0145985401459854,0.007854193938173397,False,1.0,1.0,1.0,5.038211624100398,122680.45304684468,5,0.8,1.0,0.8,0.2897950734837451,0.882090756261833,0.21835464474644037,0.8,0.0,,0.0,0.0,0.8,-2.634619828980811,-3.474367904558151,1.6339869281045751,3.1343075241713203,quiet_contract_volume_ignition,60.900000000000006,8.198536371285885,0.03999999999999204,8.900000000000006,-7.960000000000008,0.0248601615910454,5,False,,-4.947172156619023,-5.047172156619022,-5.947172156619023,fold_1,research_oof
NSE_FO|51993|30-04-2025,2025-04-30,PE,24250.0,2025-04-24 07:31:00+00:00,2025-04-24,781,6,3,164.65,165.1,164.15,165.0,27975,759900,164.7,0.8249312557286892,1.4606060606060587,1.4949899799599198,False,False,False,2025-04-24,2025-04-30,0.5507955936352449,164.3,1.066132264529058,772575.0,0.2741356620934443,0.4288577154308617,-0.016406174157848754,False,1.0,1.0,1.0,8.446555500338121,204828.97088319945,8,0.875,0.75,0.5,0.827059326040136,0.18163111090411244,1.0407830950254278,0.0,0.0,-950.1971162232185,0.125,0.0,0.25,-1.06888361045131,-0.2400889147373575,1.9705159705159705,1.8938148661799992,quiet_contract_volume_ignition,64.69999999999999,-8.202197789208002,0.30000000000001137,1.799999999999983,-1.299999999999983,0.18214936247723826,5,False,,-0.7893139040679922,-0.8893139040679922,-1.7893139040679922,fold_1,research_oof
NSE_FO|51988|30-04-2025,2025-04-30,CE,24200.0,2025-04-29 07:00:00+00:00,2025-04-29,750,1,3,140.69,147.0,140.15,145.94,163425,3873750,146.1,0.6135815236125275,7.194737563382211,1.757258064516129,False,False,True,2025-04-29,2025-04-30,-3.1947784266575074,140.9,1.0419354838709678,3854550.0,3.808359950270035,0.7153225806451613,0.004981126201502121,False,1.0,1.0,1.0,7.365503519513426,178245.1851722249,5,0.6,1.0,1.0,0.13550135501356753,4.889683120391741,0.6378392425514904,0.6,0.39999998,,0.0,0.0,0.4,-2.003034901365719,-8.285438073064421,1.3070066568881868,2.6166164249782464,quiet_contract_volume_ignition,46.099999999999994,7.561220557345579,2.3400000000000034,4.699999999999989,1.1500000000000057,1.6016427104722817,5,False,,0.7871321013004831,0.6871321013004831,-0.21286789869951694,fold_1,research_oof
NSE_FO|51990|30-04-2025,2025-04-30,CE,24250.0,2025-04-30 09:00:00+00:00,2025-04-30,870,0,3,100.5,101.8,100.3,100.45,180675,2998125,100.3,0.09965122072745913,5.0273768043802995,1.6875656742556917,False,False,True,2025-04-30,2025-04-30,-0.496277915632759,100.25,0.5401050788091069,2998125.0,0.5959291363602182,1.1474605954465849,0.0,True,1.0,1.0,1.0,1.206224280113259,29250.938792746532,5,0.4,0.4,0.8,-0.4859086491739606,0.0,4.885504728470945,0.2,-0.6,15.65908067971759,0.0,0.0,0.8,-25.00000000000001,-21.66666666666668,6.107553080403759,25.09965122072747,quiet_contract_volume_ignition,0.29999999999999716,8.372229126677084,0.04999999999999716,12.349999999999994,-7.450000000000003,0.049850448654035054,5,False,,-7.427716849451649,-7.527716849451648,-8.427716849451649,fold_1,research_oof
NSE_FO|38600|08-05-2025,2025-05-08,CE,24250.0,2025-05-06 07:15:00+00:00,2025-05-06,765,2,3,174.8,177.0,174.8,176.4,37125,937950,176.4,0.11350737797957144,4.166666666666679,1.683673469387755,False,False,True,2025-05-06,2025-05-08,-1.1331444759206777,174.5,0.8571428571428571,939675.0,1.2466518539002491,0.826530612244898,-0.0018357410806927926,True,1.0,1.0,1.0,1.194332895774055,28962.572722520836,6,0.33333334,0.8333333,0.16666667,-0.29706646862235897,1.1212705871577966,1.0392242963534066,0.33333334,0.8333333,,0.0,0.0,0.16666666666666666,-8.550724637681162,-3.3333333333333437,1.9632911392405064,8.664232015660733,quiet_contract_volume_ignition,76.4,5.748802201260457,0.25,5.450000000000017,-5.450000000000017,0.1417233560090703,5,False,,-3.089569160997742,-3.189569160997742,-4.089569160997742,fold_1,research_oof
NSE_FO|38600|08-05-2025,2025-05-08,CE,24250.0,2025-05-06 07:35:00+00:00,2025-05-06,785,2,3,164.2,167.0,163.5,167.0,36375,959475,166.95,0.14992503748125774,6.107784431137718,1.549520766773163,False,False,True,2025-05-06,2025-05-08,-1.8540669856459302,164.1,0.35782747603833864,959475.0,2.003992023127188,1.1916932907348243,0.0,False,1.0,1.0,1.0,1.5744624431041576,38180.71424527582,6,0.33333334,0.8333333,0.8333333,0.0,2.173095654278956,0.33386164947008246,0.33333334,0.0,,0.0,0.0,0.5,-3.9110861001688257,-3.9110861001688257,1.4959893048128343,4.061011137650084,quiet_contract_volume_ignition,66.94999999999999,4.88338410035826,5.050000000000011,3.5999999999999943,-3.5999999999999943,3.024857741838881,5,False,,-2.1563342318059266,-2.2563342318059267,-3.1563342318059266,fold_1,research_oof
NSE_FO|38602|08-05-2025,2025-05-08,CE,24300.0,2025-05-08 06:19:00+00:00,2025-05-08,709,0,2,98.4,100.1,98.25,98.5,480150,6576450,98.2,0.15251652262329163,5.634517766497459,2.101083032490975,False,False,True,2025-05-08,2025-05-08,-0.7099391480730133,97.9,0.7151296357072531,6576450.0,0.8624556706963049,1.3859533967837216,0.0,True,1.0,1.0,1.0,1.9951991738811006,48483.33992531074,5,0.6,1.0,1.0,0.15251652262329163,0.7845475152321701,3.534228998059958,0.6,0.0,,0.0,0.0,0.8,-4.687500000000011,-1.6105769230769336,1.8853953994827821,4.840016522623302,quiet_contract_volume_ignition,1.7999999999999972,6.390385433013593,2.3999999999999915,0.6500000000000057,0.14999999999999147,2.44399185336048,5,False,,0.15274949083502187,0.05274949083502187,-0.8472505091649781,fold_1,research_oof
NSE_FO|46235|15-05-2025,2025-05-15,PE,23900.0,2025-05-12 06:38:00+00:00,2025-05-12,728,3,0,22.4,22.8,22.3,22.6,30000,2849400,22.6,0.4444444444444473,8.185840707964607,1.6771488469601676,False,False,True,2025-05-12,2025-05-15,-3.4557235421166177,22.35,0.6960167714884696,2849400.0,3.900167986561065,0.981132075471698,0.0,False,1.0,1.0,1.0,4.581771552632066,109504.34010790638,8,0.125,0.75,1.0,-0.5274696508622168,2.541157577680969,1.1731108588780061,0.125,0.125,,0.0,0.0,0.75,-0.7771869339098902,-0.6178948985116617,0.4,1.2216313783543375,quiet_contract_volume_ignition,77.4,3.7899550634458947,0.6999999999999993,0.15000000000000213,0.34999999999999787,3.0973451327433597,5,False,,1.5486725663716718,1.4486725663716717,0.5486725663716718,fold_1,research_oof
NSE_FO|49237|22-05-2025,2025-05-22,PE,24950.0,2025-05-19 06:01:00+00:00,2025-05-19,691,3,3,129.19,133.19,127.85,131.65,161325,2686425,131.85,0.6113870844478564,5.157614887960495,1.8205670757511638,False,False,True,2025-05-19,2025-05-22,0.046443223159697844,129.25,1.255632582322357,2686425.0,0.5649438612881585,0.5649344934288067,0.0,False,1.0,1.0,1.0,7.331254071961737,182914.78909544536,8,0.5,0.75,0.875,0.07018528916339362,0.49300672609188245,3.232298996499554,0.375,0.5,-105.48220326692899,0.0,0.0,0.625,-0.5073689296931527,-0.7219612043712798,1.3543307086614174,1.1187560141410091,quiet_contract_volume_ignition,31.849999999999994,1.943630029315135,2.75,2.049999999999983,-0.44999999999998863,2.085703450891164,5,False,,-0.3412969283276364,-0.44129692832763645,-1.3412969283276364,fold_1,research_oof
NSE_FO|49245|22-05-2025,2025-05-22,CE,25000.0,2025-05-19 07:18:00+00:00,2025-05-19,768,3,3,166.0,168.45,163.9,167.9,432375,12598575,167.4,0.4186602870813516,3.811792733770088,1.7453829851650016,False,False,True,2025-05-19,2025-05-22,0.030330603579020732,164.9,1.3617923100211928,12598575.0,0.3883296835023309,0.38359067514380873,0.0,False,1.0,1.0,1.0,5.432975838116647,135824.39595291618,5,1.0,0.8,1.0,0.4186602870813516,0.28572319245183664,0.09809097890536553,0.19999999,-0.19999999,-65.80360224663309,0.0,0.0,1.0,-2.8403525954946107,-3.000928098095923,3.376151618847065,3.2590128825759623,quiet_contract_volume_ignition,67.4,1.7713037807496697,3.25,4.460000000000008,0.9499999999999886,1.941457586618877,5,False,,0.5675029868578187,0.46750298685781877,-0.43249701314218125,fold_1,research_oof
NSE_FO|61724|29-05-2025,2025-05-29,PE,24750.0,2025-05-23 08:11:00+00:00,2025-05-23,821,6,3,145.19,149.55,145.19,148.35,81150,2313825,148.19,0.5081300813008172,6.107178968655209,1.6775193798449612,False,False,True,2025-05-23,2025-05-29,-3.688225538971812,145.19,0.9920508744038156,2313825.0,4.196355620272629,0.6854685054411457,0.0,True,1.0,1.0,1.0,5.743936430754983,142162.42666118583,8,0.25,0.75,0.875,-0.2422480620155043,3.8206020745994884,2.582768880591263,0.25,0.625,,0.0,0.0,0.25,-2.1269841269841216,-3.4084603876363917,2.0330578512396693,2.635114208284939,quiet_contract_volume_ignition,48.19,5.820482602317881,14.610000000000014,0.38999999999998636,12.110000000000014,9.858964842432021,5,False,,8.17194142654701,8.07194142654701,7.17194142654701,fold_1,research_oof
NSE_FO|61724|29-05-2025,2025-05-29,PE,24750.0,2025-05-23 08:53:00+00:00,2025-05-23,863,6,3,139.69,142.44,139.1,140.8,89475,2306250,140.35,0.5355230274901812,7.563920454545459,1.3855981416957026,False,False,False,2025-05-23,2025-05-29,-3.241412675374933,140.0,0.9895470383275261,2306250.0,3.776935702865114,0.3960511033681765,0.0,False,1.0,1.0,1.0,6.10588667183755,151120.69512797936,8,0.625,0.75,0.75,0.04320028450870428,3.536726721428951,3.0690983181490243,0.5,0.0,-1427.8722642857792,0.125,0.125,0.125,-1.5853577811610342,-3.2051361272820933,1.2269503546099292,2.1208808086512154,quiet_contract_volume_ignition,40.349999999999994,-8.1291014985468,0.8000000000000114,9.449999999999989,-5.75,0.5700035625222739,5,False,,-4.096900605628785,-4.196900605628785,-5.096900605628785,fold_1,research_oof
NSE_FO|61724|29-05-2025,2025-05-29,PE,24750.0,2025-05-26 08:27:00+00:00,2025-05-26,837,3,3,112.45,114.4,112.45,113.0,98550,1743975,112.6,0.17730496453900457,6.681415929203551,2.404391582799634,False,False,True,2025-05-26,2025-05-29,-1.1453744493392093,112.2,1.6212259835315646,1743975.0,1.3226794138782139,0.7831655992680693,0.0,True,1.0,1.0,1.0,2.0387108971033077,50458.094703306866,8,0.5,0.875,0.875,0.08865248226950229,0.5050864805174415,5.505804059308457,0.375,0.25,-86.74839230331054,0.0,0.375,0.875,-0.10413954699297623,-1.9199290206771913,2.9714285714285715,0.2814445115319808,quiet_contract_volume_ignition,12.599999999999994,2.6016310343577302,2.200000000000003,4.449999999999989,-3.0,1.953818827708706,5,False,,-2.664298401420959,-2.7642984014209593,-3.664298401420959,fold_1,research_oof
NSE_FO|40476|05-06-2025,2025-06-05,PE,24700.0,2025-06-04 06:17:00+00:00,2025-06-04,707,1,3,149.55,154.55,149.0,152.8,190050,5394225,152.8,0.22958346999017998,5.660994764397909,1.4728276663760536,False,False,False,2025-06-04,2025-06-05,-0.06664445184939582,149.95,0.45165394402035625,5396775.0,0.2962279218395758,1.0211737223556974,-0.0004725044123573801,False,1.0,1.0,1.0,2.790598037167744,68927.77151804329,8,0.625,0.5,1.0,0.09151590867227943,0.144906742712414,5.933317602912543,0.5,0.375,19.744092691664264,0.0,0.0,0.625,-1.171875,-1.8423730842911823,1.5516394318060451,1.40145846999018,quiet_contract_volume_ignition,52.80000000000001,3.86481404712497,6.099999999999994,0.700000000000017,4.5,3.9921465968586345,5,False,,2.9450261780104707,2.8450261780104706,1.9450261780104707,fold_2,research_oof
NSE_FO|44857|12-06-2025,2025-06-12,PE,24800.0,2025-06-06 07:30:00+00:00,2025-06-06,780,6,2,101.2,101.5,99.6,99.8,161625,7832100,99.65,0.0,6.763527054108216,1.4352314352314353,False,False,False,2025-06-06,2025-06-12,-0.34414945919371,101.35,0.9337329337329338,7832100.0,0.34414945919371,0.5014985014985015,0.0,False,0.0,1.0,1.0,0.0,0.0,8,0.125,0.625,0.5,-0.02146844139115367,0.17350863130929373,5.0570790601442654,-0.125,0.0,20.02019014735197,0.0,0.125,0.0,-0.3904343582235348,0.5171564008523699,1.2913752913752914,0.3904343582235348,quiet_contract_volume_ignition,0.3499999999999943,-1.5065349249751683,2.1499999999999915,1.7000000000000028,1.1999999999999886,2.157551430005009,5,False,,1.204214751630696,1.104214751630696,0.20421475163069602,fold_2,research_oof
NSE_FO|44859|12-06-2025,2025-06-12,PE,24850.0,2025-06-06 08:19:00+00:00,2025-06-06,829,6,3,108.0,110.95,108.0,110.55,102450,2181225,110.5,0.18124150430449681,6.919945725915881,1.407521895929933,False,False,False,2025-06-06,2025-06-12,-3.363228699551568,107.75,0.743847874720358,2206125.0,3.544470203856065,0.663674021209575,-0.011286758456569778,True,1.0,1.0,1.0,2.0910085934715124,51961.56354776708,8,0.5,0.75,0.875,0.09009009009008917,3.4582665752270145,2.5041475507419655,0.5,0.75,,0.125,0.125,0.375,-1.2286427337300787,-2.897838484868165,1.6227642276422765,1.4098842380345755,quiet_contract_volume_ignition,10.5,6.1725263577064995,3.0,1.7999999999999972,1.4500000000000028,2.7149321266968327,5,False,,1.3122171945701384,1.2122171945701383,0.3122171945701384,fold_2,research_oof
NSE_FO|44855|12-06-2025,2025-06-12,PE,24750.0,2025-06-09 06:31:00+00:00,2025-06-09,721,3,1,37.6,37.65,37.0,37.5,219525,3560775,37.45,0.536193029490617,5.199999999999989,4.965224766751485,False,False,True,2025-06-09,2025-06-12,-0.3973509933774766,37.6,0.724342663273961,3560775.0,0.9335440228680936,4.2408821034775235,0.0,False,1.0,1.0,1.0,6.594759225473276,163220.29083046358,8,0.875,0.75,0.375,0.6539840560904064,0.9494904580359842,3.507464841773983,0.75,0.25,-1096.9024587049244,0.125,0.25,0.25,-0.7092198581560294,-1.6628449398020106,0.9090909090909091,1.2454128876466464,quiet_contract_volume_ignition,62.55,-0.6308533812856,0.3499999999999943,2.6500000000000057,-1.8500000000000014,0.9345794392523211,5,False,,-4.939919893190925,-5.039919893190925,-5.939919893190925,fold_2,research_oof
NSE_FO|44859|12-06-2025,2025-06-12,PE,24850.0,2025-06-09 06:54:00+00:00,2025-06-09,744,3,2,50.8,51.9,50.45,51.5,43425,2192850,51.55,0.1945525291828787,6.116504854368929,1.4087591240875912,False,False,False,2025-06-09,2025-06-12,-2.030947775628633,50.65,0.6593673965936739,2196225.0,2.225500304811512,0.7493917274939172,-0.0015367277942833727,False,1.0,1.0,1.0,2.0775901982594704,51628.11642674784,8,0.25,0.625,0.5,-0.11848341232227888,2.11869503470542,2.8169615013747333,0.125,-0.375,-2500.0,0.125,0.125,0.125,-2.569389373513087,-2.059754081269105,0.5964912280701754,2.7639419026959655,quiet_contract_volume_ignition,48.45,-22.083405415607388,0.30000000000000426,2.1999999999999957,-1.4499999999999957,0.5819592628516087,5,False,,-2.812803103782727,-2.912803103782727,-3.812803103782727,fold_2,research_oof
NSE_FO|50992|19-06-2025,2025-06-19,PE,24550.0,2025-06-16 06:22:00+00:00,2025-06-16,712,3,1,41.45,41.95,41.2,41.95,65925,1098450,42.0,0.11933174224345588,7.628128724672235,1.5710455764075066,False,False,True,2025-06-16,2025-06-19,-3.040935672514611,41.45,0.9838709677419355,1098450.0,3.1602674147580667,0.5871746086655711,0.0,False,1.0,1.0,1.0,1.3241394009380183,32507.622293028347,8,0.75,0.875,0.5,0.30833734553041836,3.052093760056823,0.5586955712128872,0.75,0.25,,0.0,0.0,0.5,-0.28985507246376274,-0.011594202898546069,2.0,0.4091868147072186,quiet_contract_volume_ignition,58.0,7.068622809502521,3.200000000000003,0.04999999999999716,2.549999999999997,7.619047619047626,5,False,,6.071428571428564,5.971428571428564,5.071428571428564,fold_2,research_oof
NSE_FO|62384|26-06-2025,2025-06-26,PE,24700.0,2025-06-20 07:30:00+00:00,2025-06-20,780,6,2,53.95,54.5,53.65,54.05,125100,5990175,54.15,0.6517690875232685,5.550416281221092,1.351154313487242,False,False,False,2025-06-20,2025-06-26,-0.27752081406104967,53.9,0.9015795868772782,5990175.0,0.9292899015843181,0.44957472660996367,0.0,False,1.0,1.0,1.0,7.64973341063278,188948.41524262965,8,0.625,0.625,0.625,0.4626253196806651,0.9470927385151318,2.5197323854570524,0.5,-0.25,-10805.136706970912,0.0,0.0,0.375,-1.1423860558238186,-0.24615964072947083,1.255813953488372,1.794155143347087,quiet_contract_volume_ignition,45.85,-104.10342587901432,0.14999999999999858,1.3999999999999986,-0.6499999999999986,0.2770083102493049,5,False,,-1.2003693444136632,-1.3003693444136633,-2.200369344413663,fold_2,research_oof
NSE_FO|62394|26-06-2025,2025-06-26,PE,24850.0,2025-06-20 08:18:00+00:00,2025-06-20,828,6,2,75.05,76.1,74.9,76.1,65175,4164600,76.15,0.6613756613756516,4.7306176084099985,1.3674272226593234,False,False,False,2025-06-20,2025-06-26,-1.379763469119577,75.05,0.7189751801441153,4164600.0,2.0411391304952287,0.648452042515208,0.0,False,1.0,1.0,1.0,7.331247739411584,182181.50632437787,8,0.625,0.875,0.375,0.563354580677411,2.047671019729486,0.3751333807636614,0.625,0.25,,0.0,0.0,0.0,-0.21276595744680327,-2.69197753736673,0.7908309455587392,0.8741416188224549,quiet_contract_volume_ignition,23.849999999999994,6.149011015473411,1.0999999999999943,2.9000000000000057,-2.25,1.4445173998686727,5,False,,-2.954694681549573,-3.0546946815495732,-3.954694681549573,fold_2,research_oof
NSE_FO|56924|03-07-2025,2025-07-03,PE,25550.0,2025-06-27 07:40:00+00:00,2025-06-27,790,6,3,103.3,105.3,103.05,103.95,177525,4513650,104.1,0.7755695588948175,6.108706108706103,1.4900849858356942,False,False,False,2025-06-27,2025-07-03,0.3399708596405926,103.3,0.9909326424870466,4513650.0,0.4355986992542249,0.49915234334864755,0.0,False,1.0,1.0,1.0,9.374210261594904,239511.07218374978,8,0.625,0.75,0.625,0.8754497249436777,0.8787694797081191,1.939721955410494,0.0,0.75,11.873941501249647,0.0,0.0,0.0,-1.7801299013711747,-1.2222836728967623,1.5278326095538888,2.555699460265992,quiet_contract_volume_ignition,4.099999999999994,0.1746225917154159,4.800000000000011,0.5999999999999943,2.6000000000000085,4.610951008645545,5,False,,2.4975984630163386,2.3975984630163385,1.4975984630163386,fold_2,research_oof
NSE_FO|56924|03-07-2025,2025-07-03,PE,25550.0,2025-06-27 08:59:00+00:00,2025-06-27,869,6,3,96.7,101.8,96.4,100.7,216975,4475400,100.9,0.4990019960079861,7.000993048659382,1.7543966040024257,False,False,True,2025-06-27,2025-07-03,-1.122448979591828,96.9,1.284461592423711,4475400.0,1.621450975599814,0.46993501157871465,0.0,False,1.0,1.0,1.0,6.131507997668551,156660.0293404315,8,0.5,0.875,0.75,0.24950099800399306,1.6348358022322151,2.6513879796139594,0.5,0.75,,0.0,0.0,0.75,-1.391650099403574,-2.130566355561203,2.939159292035398,1.8906520954115602,quiet_contract_volume_ignition,0.9000000000000057,4.373415993107169,3.799999999999997,1.2000000000000028,-0.20000000000000284,3.7661050545094126,5,False,,-0.19821605550049837,-0.29821605550049834,-1.1982160555004984,fold_2,research_oof
NSE_FO|56924|03-07-2025,2025-07-03,PE,25550.0,2025-07-01 05:19:00+00:00,2025-07-01,649,2,3,99.35,101.75,99.05,100.7,447450,5694600,100.65,0.4990019960079861,7.696127110228401,1.4059149287145045,False,False,False,2025-07-01,2025-07-03,0.05040322580645018,99.25,0.719688936019795,5694600.0,0.44859877020153593,0.6862259926947095,0.0,False,1.0,1.0,1.0,6.492675805137296,165887.8668212579,8,0.75,0.875,0.75,0.5659566942065264,0.40579538129402737,4.908547406060526,0.125,0.75,1536.0474039077562,0.0,0.125,0.125,-1.513761467889918,-0.23871593054930473,0.9801989402249698,2.012763463897904,quiet_contract_volume_ignition,0.6500000000000057,15.711246145551918,6.099999999999994,2.0500000000000114,2.4499999999999886,6.060606060606054,5,False,,2.4341778440138984,2.3341778440138983,1.4341778440138984,fold_2,research_oof
NSE_FO|56984|03-07-2025,2025-07-03,CE,25650.0,2025-07-01 08:00:00+00:00,2025-07-01,810,2,2,53.45,55.15,53.45,54.0,188850,6735750,54.0,0.746268656716409,7.6851851851851825,2.233259423503326,False,False,True,2025-07-01,2025-07-03,-0.18639328984156878,53.55,0.9569844789356985,6735750.0,0.9326619465579777,1.2762749445676276,0.0,False,1.0,1.0,1.0,9.066204196518115,232548.13764068965,6,0.6666667,0.6666667,0.8333333,0.3966566606090294,0.5030548022617265,0.31350053621884466,0.33333334,-0.16666663,60.74786266324736,0.0,0.0,0.8333333333333334,-1.201298701298703,-0.16267487786474355,2.9010043041606886,1.947567358015112,quiet_contract_volume_ignition,46.0,3.7443870103358523,0.6000000000000014,2.200000000000003,-0.14999999999999858,1.1111111111111138,5,False,,-0.2777777777777751,-0.3777777777777751,-1.277777777777775,fold_2,research_oof
NSE_FO|56985|03-07-2025,2025-07-03,PE,25650.0,2025-07-02 06:57:00+00:00,2025-07-02,747,1,3,174.95,179.35,174.4,178.4,65475,1559850,178.15,0.08415147265077305,3.2791479820627774,1.4709351305812974,False,False,False,2025-07-02,2025-07-03,-1.3540197461213044,174.85,0.8838475499092558,1563375.0,1.4381712187720774,0.5870875806720416,-0.002254737347085632,False,1.0,1.0,1.0,0.9331926178623672,23936.39064816972,8,0.25,0.75,0.5,-0.02260908885372004,1.6534129785046647,5.0444928115236545,0.25,0.75,,0.0,0.0,0.25,-5.000000000000004,-5.000000000000004,1.4063986165153481,5.0841514726507775,quiet_contract_volume_ignition,78.15,4.486501385936,0.6500000000000057,5.550000000000011,-1.25,0.3648610721302305,5,False,,-0.7016559079427448,-0.8016559079427448,-1.7016559079427447,fold_2,research_oof
NSE_FO|40047|10-07-2025,2025-07-10,CE,25450.0,2025-07-04 05:23:00+00:00,2025-07-04,653,6,3,130.4,134.4,130.0,133.65,358650,5096700,133.9,0.33783783783785104,7.931163486719038,1.496713615023474,False,False,False,2025-07-04,2025-07-10,-1.5430937147158375,130.8,0.980068060281964,5096700.0,1.8809315525536885,0.5166455547415101,0.0,False,1.0,1.0,1.0,4.320981435738124,109968.97753953526,6,0.8333333,0.8333333,0.8333333,0.13498881999844947,1.5666045384243432,0.2504043844089786,0.8333333,0.0,,0.0,0.0,0.16666666666666666,-0.7382550335570448,0.45537891869760205,1.2964154411764706,1.0760928713948958,quiet_contract_volume_ignition,33.900000000000006,6.343221539060513,3.5,1.8000000000000114,-1.450000000000017,2.6138909634055265,5,False,,-1.0828976848394452,-1.1828976848394452,-2.082897684839445,fold_2,research_oof
NSE_FO|40051|10-07-2025,2025-07-10,CE,25550.0,2025-07-04 07:21:00+00:00,2025-07-04,771,6,2,66.35,67.2,65.4,66.2,91950,4379775,66.3,0.5315110098709219,7.477341389728101,1.4491725768321513,False,False,False,2025-07-04,2025-07-10,-5.028735632183912,66.1,0.9822695035460993,4385100.0,5.5602466420548335,0.46690307328605196,-0.001214339467743039,False,1.0,1.0,1.0,6.074645234483249,155207.18574104703,6,1.0,0.8333333,0.33333334,1.4022294701554694,4.8366424485036035,0.45006571567908615,0.8333333,0.8333333,,0.0,0.0,0.0,-0.8101165777514407,-3.014198210404506,0.625,1.3416275876223627,quiet_contract_volume_ignition,33.7,10.186255642564388,1.6000000000000085,1.5499999999999972,1.4500000000000028,2.4132730015083084,5,False,,2.187028657616897,2.087028657616897,1.1870286576168971,fold_2,research_oof
NSE_FO|40041|10-07-2025,2025-07-10,PE,25350.0,2025-07-08 07:56:00+00:00,2025-07-08,806,2,1,34.55,35.5,34.4,35.1,87000,5165925,35.0,0.14265335235379428,4.558404558404542,1.4518147684605758,False,False,False,2025-07-08,2025-07-10,-1.7094017094017144,34.5,1.0112640801001251,5165925.0,1.8520550617555087,0.44055068836045064,0.0,False,1.0,1.0,1.0,1.622492851900806,41130.19379568543,8,0.75,0.875,0.75,1.1471100492231767,1.1068470260552965,2.758768255985587,0.25,0.75,-112.53919988016423,0.375,0.125,0.75,-2.5064822817631893,-0.8958984451224117,2.5253940455341506,2.6491356341169836,quiet_contract_volume_ignition,65.0,2.599825776542149,2.6499999999999986,1.6499999999999986,1.0,7.571428571428568,5,False,,2.857142857142857,2.757142857142857,1.8571428571428572,fold_2,research_oof
NSE_FO|40042|10-07-2025,2025-07-10,CE,25400.0,2025-07-08 08:29:00+00:00,2025-07-08,839,2,3,134.4,139.55,133.8,139.2,323325,6531525,139.15,0.723589001447178,4.2025862068965685,2.6286585365853656,False,False,True,2025-07-08,2025-07-10,-2.2173754998182527,134.5,0.848170731707317,6531525.0,2.9409645012654306,1.7804878048780486,0.0,False,1.0,1.0,1.0,9.179751361173574,233165.68457380877,6,0.8333333,0.8333333,0.8333333,0.8331961349159256,3.3784801728279747,0.40565427790208214,0.8333333,0.8333333,,0.0,0.0,0.8333333333333334,0.0,-1.8907563025210017,1.35243817887682,0.723589001447178,quiet_contract_volume_ignition,39.150000000000006,10.133984716606541,0.4000000000000057,6.150000000000006,-4.400000000000006,0.28745957599712946,5,False,,-3.1620553359683834,-3.2620553359683835,-4.162055335968383,fold_2,research_oof
NSE_FO|40048|10-07-2025,2025-07-10,PE,25450.0,2025-07-09 06:52:00+00:00,2025-07-09,742,1,1,28.65,29.9,28.45,29.65,415650,10379625,29.5,0.679117147707986,6.576728499156828,1.637706855791962,False,False,True,2025-07-09,2025-07-10,-2.876480541455162,28.7,0.8601232811759127,10379625.0,3.555597689163148,0.7775835746160493,0.0,False,1.0,1.0,1.0,8.786146855569973,223607.4374742558,8,0.875,0.75,0.875,1.0071062350979543,3.4084257995659337,6.433621027395139,0.625,0.75,-265.5375862134133,0.0,0.375,1.0,-1.4754703061600871,-0.7344551153486756,1.0787258623535236,2.154587453868073,quiet_contract_volume_ignition,70.5,4.9140548246491615,0.05000000000000071,1.4499999999999993,-0.6999999999999993,0.16949152542373122,5,False,,-2.372881355932201,-2.472881355932201,-3.372881355932201,fold_2,research_oof
NSE_FO|40042|10-07-2025,2025-07-10,CE,25400.0,2025-07-09 08:23:00+00:00,2025-07-09,833,1,3,165.6,168.35,165.2,168.0,99000,4460775,167.7,0.7798440311937771,4.583333333333327,1.3476263399693722,False,False,False,2025-07-09,2025-07-10,-2.046870364876896,165.1,0.8834285714285715,4460775.0,2.826714396070673,0.46419776854080075,0.0,True,1.0,1.0,1.0,8.970456388181681,227849.5922598147,8,0.625,0.625,0.625,0.6637315394064092,2.487543369679135,0.5845156428041293,0.625,0.25,,0.0,0.0,0.125,-1.1235955056179803,-5.511586267742707,1.5065308254963428,1.9034395368117574,quiet_contract_volume_ignition,67.69999999999999,7.095369109997234,5.300000000000011,3.1999999999999886,3.1500000000000057,3.1604054859868884,5,False,,1.878354203935603,1.7783542039356028,0.8783542039356029,fold_2,research_oof
NSE_FO|47293|17-07-2025,2025-07-17,CE,25300.0,2025-07-11 08:07:00+00:00,2025-07-11,817,6,2,78.05,78.65,77.85,78.4,302550,11737050,78.5,0.0,7.0790816326530575,1.4918639053254439,False,False,False,2025-07-11,2025-07-17,-0.7010834926704845,77.9,0.5233150071268581,11750550.0,0.7010834926704845,0.9685488981985858,-0.0011488823927390632,False,0.0,1.0,1.0,0.0,0.0,6,0.5,0.8333333,0.16666667,0.050847457627123394,0.4891237240423507,0.09025760414895845,0.5,0.0,,0.0,0.0,0.0,-0.29062087186262353,-0.3693610293429517,0.4671294405879951,0.29062087186262353,quiet_contract_volume_ignition,21.5,3.268001656681773,2.0,4.849999999999994,-3.200000000000003,2.547770700636943,5,False,,-4.076433121019112,-4.1764331210191115,-5.076433121019112,fold_2,research_oof
NSE_FO|47286|17-07-2025,2025-07-17,PE,25150.0,2025-07-14 07:23:00+00:00,2025-07-14,773,3,3,151.05,154.4,150.6,151.8,125850,2330550,152.05,0.49652432969216065,7.60869565217392,1.5501154734411084,False,False,True,2025-07-14,2025-07-17,-0.5268356931181994,151.05,0.8341801385681293,2330550.0,1.02336002281036,0.7159353348729791,0.0,False,1.0,1.0,1.0,5.830612684458515,146639.90901413164,8,0.625,0.5,0.625,0.10324034027618945,0.2655438688483003,2.1959778528692464,0.25,0.5,139.24335282061293,0.0,0.0,0.625,-0.2044989775050965,0.07003774178109268,1.7414084507042253,0.7010233071972571,quiet_contract_volume_ignition,52.05000000000001,2.9900151374302206,10.899999999999977,0.5,7.149999999999977,7.168694508385384,5,False,,4.702400526142701,4.602400526142701,3.702400526142701,fold_2,research_oof
NSE_FO|47296|17-07-2025,2025-07-17,PE,25350.0,2025-07-16 07:50:00+00:00,2025-07-16,800,1,3,149.1,156.2,149.1,150.7,146700,1026600,151.0,0.4666666666666597,7.332448573324475,3.575868372943327,False,False,True,2025-07-16,2025-07-17,0.0,149.4,1.659963436928702,1026600.0,0.4666666666666597,1.9159049360146252,0.0,False,1.0,1.0,1.0,5.551537497678781,140731.47556615708,8,0.625,0.625,0.875,0.7775510204081626,0.9137289595820219,4.758796075741405,0.5,-0.375,-2275.6104887509064,0.0,0.0,0.75,-3.803131991051456,-2.9162140309627715,2.6795452036648637,4.269798657718116,quiet_contract_volume_ignition,51.0,-17.06348266859381,4.599999999999994,2.3499999999999943,4.0,3.046357615894036,5,False,,2.6490066225165565,2.5490066225165564,1.6490066225165565,fold_2,research_oof
NSE_FO|47296|17-07-2025,2025-07-17,PE,25350.0,2025-07-17 06:04:00+00:00,2025-07-17,694,0,3,157.0,163.35,157.0,161.7,118050,689925,161.45,0.6535947712418277,7.142857142857151,1.8334304018637158,False,False,True,2025-07-17,2025-07-17,-1.1972274732198973,156.8,0.5626092020966803,682725.0,1.850822244461725,1.2708211997670356,0.010545973854773152,True,1.0,1.0,1.0,7.6332496820030125,193502.87943877638,8,0.75,0.75,0.625,1.1262721932503883,3.585114774606102,11.244527219264535,0.75,0.625,,0.0,0.125,0.375,-11.764705882352933,-5.0339366515836925,1.4021296296296297,12.41830065359476,quiet_contract_volume_ignition,61.44999999999999,9.578919599466717,2.3500000000000227,24.349999999999994,-19.599999999999994,1.4555589965933868,5,False,,-12.139981418395786,-12.239981418395786,-13.139981418395786,fold_2,research_oof
NSE_FO|49490|24-07-2025,2025-07-24,CE,25050.0,2025-07-18 08:03:00+00:00,2025-07-18,813,6,3,100.15,102.0,99.4,101.4,125325,4460625,101.7,0.7451564828613977,5.769230769230763,1.4926306386779813,False,False,False,2025-07-18,2025-07-24,0.14985014985016143,100.25,1.2062000939408173,4460625.0,0.5953063330112363,0.286430544737164,0.0,False,1.0,1.0,1.0,8.747148749145872,219116.0761661041,6,0.8333333,0.8333333,0.8333333,0.9172777063981674,0.8156103619492039,0.43332667302880623,0.16666663,0.8333333,37.42912067231373,0.0,0.0,0.3333333333333333,-1.2884978001256986,-1.5399120050282766,1.282780410742496,2.0336542829870963,quiet_contract_volume_ignition,1.7000000000000028,1.586584957653902,1.5,2.700000000000003,0.45000000000000284,1.4749262536873156,5,False,,0.4424778761061975,0.3424778761061975,-0.5575221238938025,fold_2,research_oof
NSE_FO|49487|24-07-2025,2025-07-24,CE,25000.0,2025-07-22 07:51:00+00:00,2025-07-22,801,2,3,139.5,142.85,139.5,142.05,213825,5449800,141.65,0.7089684509039351,7.638155579021467,1.3779603673272112,False,False,False,2025-07-22,2025-07-24,0.1794043774668186,139.6,1.0106331561140647,5449800.0,0.5295640734371165,0.3673272112131465,0.0,False,1.0,1.0,1.0,8.701111576859036,217527.7894214759,7,0.71428573,0.71428573,0.5714286,0.6618133686300487,0.5295640734371165,0.3906919438553647,0.42857143,0.0,23.5130605219274,0.0,0.0,0.14285714285714285,-1.7467248908296984,0.39002724592244187,1.1466044884873214,2.4556933417336335,quiet_contract_volume_ignition,41.650000000000006,2.6697391535057515,0.9499999999999886,12.349999999999994,-10.700000000000017,0.6706671373102637,5,False,,-7.553829862336757,-7.653829862336757,-8.553829862336757,fold_2,research_oof
NSE_FO|49520|24-07-2025,2025-07-24,PE,25200.0,2025-07-22 08:17:00+00:00,2025-07-22,827,2,3,137.65,138.6,134.2,135.95,174375,3876375,135.8,0.7410151908114226,5.958072820890029,1.3872315035799523,False,False,False,2025-07-22,2025-07-24,0.363636363636366,138.0,1.0352028639618138,3876375.0,0.37737882717505666,0.35202863961813846,0.0,False,1.0,1.0,1.0,8.943289489669159,225370.8951396628,8,0.625,0.625,0.75,1.021484060102762,0.4227948630810552,3.5857289878219567,-0.125,0.625,-855.4440122966589,0.0,0.0,0.125,-0.14265335235377208,-0.43505101317247163,1.163509180996794,0.8836685431651947,quiet_contract_volume_ignition,35.80000000000001,-9.958832415808166,4.549999999999983,2.450000000000017,-1.5,3.350515463917513,5,False,,-1.1045655375552281,-1.2045655375552282,-2.104565537555228,fold_2,research_oof
NSE_FO|49487|24-07-2025,2025-07-24,CE,25000.0,2025-07-23 06:25:00+00:00,2025-07-23,715,1,3,155.75,158.5,154.9,156.6,217725,5135475,156.5,0.5780346820809301,5.555555555555548,1.5068777575914871,False,False,True,2025-07-23,2025-07-24,-0.2564102564102555,155.6,0.639501686997145,5146725.0,0.8344449384911856,0.8673760705943421,-0.0021858560540926513,False,1.0,1.0,1.0,7.104620040751634,177615.50101879085,7,0.71428573,0.71428573,0.5714286,0.5780346820809301,1.1631258371707198,0.46102566668526357,0.71428573,0.0,,0.0,0.0,0.14285714285714285,-1.2232415902140858,-2.7712292063131527,1.5943323972427879,1.801276272295016,quiet_contract_volume_ignition,56.5,5.743525444243065,11.75,0.3499999999999943,10.25,7.507987220447284,5,False,,6.549520766773163,6.449520766773164,5.549520766773163,fold_2,research_oof
NSE_FO|49518|24-07-2025,2025-07-24,PE,25150.0,2025-07-23 08:19:00+00:00,2025-07-23,829,1,1,38.35,39.6,38.25,39.05,1033350,17411625,39.05,0.5148005148005064,6.145966709346988,1.6427804936210801,False,False,True,2025-07-23,2025-07-24,0.0,38.35,0.6837963514963634,17429700.0,0.5148005148005064,0.9589841421247167,-0.001037023012444276,False,1.0,1.0,1.0,7.129120966494252,179297.39230733045,8,0.5,0.625,0.75,0.10373443983402453,0.5721051613692962,9.844709511133615,0.375,-0.125,1846.822601581498,0.0,0.125,0.625,-2.417730020147746,-1.2256770400152828,1.693913222290767,2.932530534948252,quiet_contract_volume_ignition,60.95,21.730336211430828,0.15000000000000568,5.25,-4.799999999999997,0.38412291933420156,5,False,,-12.291933418693976,-12.391933418693975,-13.291933418693976,fold_2,research_oof
NSE_FO|55801|31-07-2025,2025-07-31,CE,25050.0,2025-07-25 05:30:00+00:00,2025-07-25,660,6,2,64.35,66.85,64.35,64.55,211275,4047075,64.6,0.5451713395638436,7.3586367157242565,1.8405749754982033,False,False,True,2025-07-25,2025-07-31,0.23400936037443199,64.25,0.5115975171512578,4026900.0,0.3111619791894116,1.3289774583469454,0.005010057364225583,True,1.0,1.0,1.0,6.684302515730609,167441.77801905177,6,0.8333333,0.8333333,0.8333333,0.684836060497207,0.2805547335249181,0.36520358050692425,0.0,0.0,15.242650952041004,0.0,0.0,0.6666666666666666,-1.592425220572402,-1.1851369033162418,1.558792924037461,2.1375965601362457,quiet_contract_volume_ignition,35.400000000000006,0.34123887982718293,2.4000000000000057,5.299999999999997,2.3500000000000085,3.7151702786377796,5,False,,3.637770897832831,3.537770897832831,2.637770897832831,fold_2,research_oof
NSE_FO|55801|31-07-2025,2025-07-31,CE,25050.0,2025-07-25 07:50:00+00:00,2025-07-25,800,6,2,58.1,59.0,57.05,57.85,94275,4155825,57.85,0.7839721254355503,6.309420916162487,1.4710356933879463,False,False,False,2025-07-25,2025-07-31,0.4310344827586299,58.25,1.13867758923347,4155825.0,0.3529376426769204,0.3323581041544763,0.0,False,1.0,1.0,1.0,8.979602557842147,224939.04407394578,6,0.8333333,0.6666667,0.8333333,0.7497737421477524,0.19452237843270437,0.3537739590972986,0.0,-0.16666663,7.977183473049081,0.0,0.0,0.3333333333333333,-0.907403588368727,0.4018233442996011,1.2627986348122866,1.6913757138042773,quiet_contract_volume_ignition,42.15,-0.3679574899885595,2.9499999999999957,0.0,1.8500000000000014,5.09939498703543,5,False,,3.1979256698357847,3.0979256698357847,2.1979256698357847,fold_2,research_oof
NSE_FO|39855|07-08-2025,2025-08-07,PE,24700.0,2025-08-04 09:00:00+00:00,2025-08-04,870,3,3,106.65,109.65,104.2,109.0,617475,9286050,109.0,0.3221352968246549,6.926605504587154,1.7584365655702692,False,False,True,2025-08-04,2025-08-07,-1.9761029411764608,106.65,1.199914566424605,9286050.0,2.2982382380011157,0.5585219991456642,0.0,False,1.0,1.0,1.0,4.295157310737322,106090.38557521185,5,0.8,1.0,1.0,0.26109660574411553,1.8723232169707282,0.27999633725256445,0.8,0.39999998,,0.0,0.0,0.6,-0.6215722120658129,-1.6460873968444534,1.487901832008296,0.9437075088904678,quiet_contract_volume_ignition,9.0,7.00796287539518,0.3499999999999943,8.450000000000003,-1.9500000000000028,0.3211009174311874,5,False,,-1.788990825688076,-1.888990825688076,-2.788990825688076,fold_3,research_oof
NSE_FO|39855|07-08-2025,2025-08-07,PE,24700.0,2025-08-05 08:14:00+00:00,2025-08-05,824,2,3,146.85,149.2,145.0,147.2,395175,6675900,146.65,0.615174299384802,6.589673913043471,1.4835984795156976,False,False,False,2025-08-05,2025-08-07,-0.2718314644920228,146.75,0.7486977333521048,6675900.0,0.8870057638768247,0.7349007461635928,0.0,False,1.0,1.0,1.0,7.9278044175254365,195816.76911287828,8,0.5,0.5,0.75,0.26250345399282393,0.296843529911478,0.3953248449642351,0.5,-0.25,,0.0,0.0,0.5,-0.8944543828264706,-0.8036278614822479,0.7683007461981676,1.5096286822112726,quiet_contract_volume_ignition,46.650000000000006,3.751001864244971,1.5999999999999943,9.5,-8.25,1.0910330719399892,5,False,,-5.625639277190589,-5.725639277190589,-6.625639277190589,fold_3,research_oof
NSE_FO|44491|14-08-2025,2025-08-14,PE,24550.0,2025-08-11 08:48:00+00:00,2025-08-11,858,3,3,105.95,110.6,104.65,108.95,572175,3377100,109.1,0.22999080036798514,7.067462138595676,2.066639577407558,False,False,True,2025-08-11,2025-08-14,-1.9016697588126186,105.75,0.8730624214495182,3377100.0,2.1316605591806037,1.19357715595804,0.0,False,1.0,1.0,1.0,3.049034479149505,74853.79646312035,5,0.8,1.0,1.0,0.22999080036798514,2.1316605591806037,0.21023458743348625,0.8,1.0,,0.0,0.0,0.8,-0.04721435316337175,-1.2100050508377924,1.2468439759774481,0.2772051535313569,quiet_contract_volume_ignition,9.099999999999994,7.255852659359833,2.1000000000000085,4.949999999999989,-1.3499999999999943,1.924839596700283,5,False,,-1.2373968835930287,-1.3373968835930288,-2.2373968835930285,fold_3,research_oof
NSE_FO|47232|21-08-2025,2025-08-21,PE,25000.0,2025-08-19 05:45:00+00:00,2025-08-19,675,2,3,106.5,109.15,106.0,107.35,321300,7521900,107.55,0.13992537313431974,6.4741499767116935,1.5502080694771123,False,False,True,2025-08-19,2025-08-21,-0.23419203747072626,106.5,0.9918142014087188,7431750.0,0.374117410605046,0.5583938680683935,0.012130386517307499,False,1.0,1.0,1.0,1.7742724334124598,44356.810835311495,8,0.625,0.75,0.625,0.1124796933698824,0.6018820417093229,2.9773009700784825,0.5,0.125,-208.84565341230336,0.25,0.25,0.25,-0.15961691939345712,0.7786160751335203,1.159165613147914,0.29954229252777687,quiet_contract_volume_ignition,7.549999999999997,0.792739028835773,2.799999999999997,3.549999999999997,-1.7999999999999972,2.603440260344023,5,False,,-1.6736401673640142,-1.7736401673640143,-2.673640167364014,fold_3,research_oof
NSE_FO|47216|21-08-2025,2025-08-21,CE,24900.0,2025-08-20 06:55:00+00:00,2025-08-20,745,1,3,165.55,172.75,164.3,166.5,470475,4464225,166.45,0.6346328195829587,6.27627627627627,1.644083344253702,False,False,True,2025-08-20,2025-08-21,0.12091898428052694,165.6,0.6087783235620345,4464225.0,0.5137138353024318,1.0353050206916674,0.0,False,1.0,1.0,1.0,8.289256717134739,206402.492256655,5,1.0,1.0,1.0,0.753669178897276,0.8169934640522847,0.10997822190989569,0.8,1.0,63.684778170307254,0.0,0.0,1.0,-2.857142857142847,0.006293266205159576,3.2875486703669954,3.4917756767258057,quiet_contract_volume_ignition,66.44999999999999,7.025329181768431,1.5,8.25,-2.799999999999983,0.9011715229798739,5,False,,-1.6821868428957543,-1.7821868428957544,-2.6821868428957543,fold_3,research_oof
NSE_FO|47231|21-08-2025,2025-08-21,CE,25000.0,2025-08-20 07:29:00+00:00,2025-08-20,779,1,2,96.05,98.4,95.6,96.65,2149800,16010475,96.7,0.4155844155844246,6.932229694774963,2.15098304067237,False,False,True,2025-08-20,2025-08-21,-0.8264462809917328,96.0,0.7991145129821402,16010475.0,1.2420306965761574,1.3518685276902298,0.0,False,1.0,1.0,1.0,6.059588919555681,151489.72298889203,5,1.0,1.0,1.0,0.39107430411777777,0.8900252154813382,0.20974658703106322,1.0,0.0,,0.0,0.0,0.4,-0.9864364981504337,-0.615149369437562,0.7606875601985627,1.4020209137348583,quiet_contract_volume_ignition,3.299999999999997,8.255648447942493,2.25,4.5,-0.4000000000000057,2.326783867631851,5,False,,-0.41365046535677935,-0.5136504653567794,-1.4136504653567794,fold_3,research_oof
NSE_FO|71975|28-08-2025,2025-08-28,PE,25000.0,2025-08-22 07:35:00+00:00,2025-08-22,785,6,3,143.7,150.0,143.7,147.45,411450,11379975,147.3,0.27201632097924033,6.069854187860284,2.00072939460248,False,False,True,2025-08-22,2025-08-28,-2.4720623095157546,144.0,1.687089715536105,11379975.0,2.744078630494995,0.3136396790663747,0.0,False,1.0,1.0,1.0,3.516476087170078,87911.90217925195,8,0.625,0.625,0.75,0.06756045480585948,2.378566411684957,2.415118402872402,0.5,0.625,,0.0,0.0,0.75,-0.7931665649786535,-3.6169848584101993,2.224418915308576,1.0651828859578938,quiet_contract_volume_ignition,47.30000000000001,5.62151984283439,2.6999999999999886,3.3000000000000114,-2.6500000000000057,1.8329938900203586,5,False,,-1.799049558723697,-1.899049558723697,-2.7990495587236968,fold_3,research_oof
NSE_FO|71991|28-08-2025,2025-08-28,PE,25150.0,2025-08-25 07:45:00+00:00,2025-08-25,795,3,3,160.9,165.15,160.85,164.65,32325,931275,164.0,0.5803298717165672,5.314303067112055,1.9198218262806237,False,False,True,2025-08-25,2025-08-28,-1.2269938650306789,161.0,1.4527363184079602,925800.0,1.8073237367472461,0.46708550787266345,0.005913804277381724,False,1.0,1.0,1.0,6.025929005510983,151552.11448860122,8,0.75,0.75,0.875,0.87109986171795,2.175850186137823,3.017465750628627,0.75,0.0,,0.0,0.125,0.625,-1.6516516516516422,-4.046861232489984,1.8730473592858914,2.2319815233682094,quiet_contract_volume_ignition,64.0,7.067607919641971,7.900000000000006,1.9499999999999886,7.0,4.817073170731711,5,False,,4.2682926829268295,4.16829268292683,3.2682926829268295,fold_3,research_oof
NSE_FO|48940|02-09-2025,2025-09-02,PE,24700.0,2025-09-01 05:45:00+00:00,2025-09-01,675,1,3,149.6,154.5,149.05,151.75,188025,2343825,151.5,0.26428807400067367,5.963756177924226,1.5792125984251968,False,False,True,2025-09-01,2025-09-02,-0.29980013324449883,149.65,0.6992125984251969,2349975.0,0.5640882072451725,0.8799999999999999,-0.0026170491175438034,False,1.0,1.0,1.0,3.2096030472739354,79277.1952676662,5,0.8,1.0,1.0,0.12690355329949554,0.5127556433316416,0.10671739406881195,0.8,0.0,,0.0,0.0,0.6,-0.990099009900991,-2.957312124655087,1.1873878846419208,1.2543870839016646,quiet_contract_volume_ignition,51.5,5.839060552601136,1.0,4.800000000000011,-4.550000000000011,0.6600660066006601,5,False,,-3.0033003300330106,-3.1033003300330106,-4.00330033003301,fold_3,research_oof
NSE_FO|48935|02-09-2025,2025-09-02,CE,24600.0,2025-09-02 07:32:00+00:00,2025-09-02,782,0,3,156.25,161.0,155.75,158.0,467850,4566600,158.4,0.5089058524173184,5.063291139240507,2.0597655605085023,False,False,True,2025-09-02,2025-09-02,-0.7931472081218249,156.35,1.0014858841010401,4566600.0,1.3020530605391434,1.0582796764074622,0.0,False,1.0,1.0,1.0,6.644226538493328,163447.97284693585,5,0.8,1.0,1.0,0.7707129094412402,3.469308469308474,0.8251310583942155,0.8,1.0,,0.0,0.0,0.4,-4.34782608695653,-4.34782608695653,1.578428036747193,4.856731939373849,quiet_contract_volume_ignition,58.400000000000006,8.167676588840845,0.3499999999999943,10.050000000000011,-7.700000000000017,0.22095959595959236,5,False,,-4.861111111111121,-4.961111111111121,-5.861111111111121,fold_3,research_oof
NSE_FO|41904|09-12-2025,2025-12-09,PE,26000.0,2025-12-04 05:48:00+00:00,2025-12-04,678,5,2,66.45,70.35,66.25,68.75,702750,16471650,68.8,0.585223116313105,7.054545454545447,1.646170063246662,False,False,True,2025-12-04,2025-12-09,-2.6412325752017796,66.35,0.6734012649332396,16653000.0,3.2264556915148845,0.9727687983134224,-0.01088992974238876,False,1.0,1.0,1.0,7.878717139282607,204846.64562134776,8,0.625,0.625,0.75,0.48146897080999507,3.30389425507886,2.1880587849801545,0.5,0.5,-2262.536758427679,0.0,0.0,0.625,-1.125592417061616,-2.568041636961549,1.8447789275634996,1.710815533374721,quiet_contract_volume_ignition,31.200000000000003,-16.391448763560568,2.299999999999997,2.0,1.7999999999999972,3.3430232558139497,5,False,,2.6162790697674376,2.5162790697674375,1.6162790697674376,fold_3,research_oof
NSE_FO|41879|09-12-2025,2025-12-09,CE,25900.0,2025-12-04 08:30:00+00:00,2025-12-04,840,5,3,163.1,164.0,159.25,163.4,237525,3281925,163.75,0.5847953216374435,6.85434516523867,1.8761848341232228,False,False,True,2025-12-04,2025-12-09,-1.777643868635126,163.0,0.3542654028436019,3281925.0,2.3624391902725694,1.521919431279621,0.0,False,1.0,1.0,1.0,7.238615421140111,187480.13940752886,5,1.0,1.0,0.4,0.9569377990430672,2.9634706968498903,0.2317618095837686,1.0,1.0,,0.0,0.0,0.2,-0.7751937984496138,-2.921457709419406,1.1510008301817176,1.3599891200870573,quiet_contract_volume_ignition,63.75,9.382947652982127,9.449999999999989,4.0,4.550000000000011,5.770992366412207,5,False,,2.77862595419848,2.67862595419848,1.7786259541984801,fold_3,research_oof
NSE_FO|41905|09-12-2025,2025-12-09,CE,26050.0,2025-12-05 06:11:00+00:00,2025-12-05,701,4,3,158.05,161.1,157.4,158.85,246750,3856200,158.85,0.6016466117795938,4.784387787220645,1.3581011351909185,False,False,False,2025-12-05,2025-12-09,-0.40931989924433143,158.15,0.7116615067079464,3856200.0,1.0109665110239252,0.6464396284829721,0.0,False,1.0,1.0,1.0,7.470125560147899,194596.77084185276,5,1.0,1.0,0.6,0.5615109749872449,1.125354687046931,0.05991719758982905,1.0,0.39999998,,0.0,0.0,0.0,-1.9122609673790758,-1.571351876469984,0.9100854044717398,2.5139075791586696,quiet_contract_volume_ignition,58.849999999999994,8.128787969244055,5.050000000000011,6.75,0.8000000000000114,3.179099779666359,5,False,,0.5036197670758649,0.4036197670758649,-0.49638023292413513,fold_3,research_oof
NSE_FO|57002|23-12-2025,2025-12-23,PE,25900.0,2025-12-17 07:18:00+00:00,2025-12-17,768,6,3,150.2,156.3,149.95,155.6,362775,6578250,155.55,0.16092693916962553,7.165809768637518,1.5306962025316455,False,False,True,2025-12-17,2025-12-23,-5.246523388116298,149.9,0.9433544303797469,6578250.0,5.407450327285924,0.5873417721518986,0.0,True,1.0,1.0,1.0,2.060112784500435,53356.921118561266,8,0.375,0.75,0.625,0.0,4.601478971889966,0.14797553936173896,0.125,-0.125,-1863.2209510364846,0.0,0.0,0.25,-1.1370096645821448,-5.371348411681898,1.371975806451613,1.2979366037517703,quiet_contract_volume_ignition,55.55000000000001,-13.327454020784364,0.19999999999998863,10.950000000000017,-2.1500000000000057,0.12857602057215597,5,False,,-1.382192221150759,-1.482192221150759,-2.382192221150759,fold_3,research_oof
NSE_FO|57005|23-12-2025,2025-12-23,CE,26000.0,2025-12-22 05:29:00+00:00,2025-12-22,659,1,3,158.05,162.0,157.9,160.4,509925,9096600,160.75,0.5327483547477252,3.3665835411471354,2.0295522388059704,False,False,True,2025-12-22,2025-12-23,-1.372854914196564,158.05,0.8549939831528279,9096600.0,1.9056032689442892,1.1745582556531424,0.0,False,1.0,1.0,1.0,7.001390010475376,182036.14027235977,6,0.8333333,0.8333333,0.8333333,0.4689631028874319,1.2094904295855247,0.24490699437504515,0.8333333,0.8333333,,0.0,0.0,0.5,-1.5037593984962405,-2.763205242324951,1.011813560535548,2.0365077532439657,quiet_contract_volume_ignition,60.75,8.96545379443852,2.25,7.75,-6.400000000000006,1.3996889580093312,5,False,,-3.9813374805598793,-4.081337480559879,-4.98133748055988,fold_3,research_oof
NSE_FO|57005|23-12-2025,2025-12-23,CE,26000.0,2025-12-22 06:36:00+00:00,2025-12-22,726,1,3,158.5,159.9,156.8,158.3,294000,8639475,157.95,0.6357279084551859,3.5375868603916576,1.5217391304347827,False,False,True,2025-12-22,2025-12-23,0.3157562361856714,158.85,0.8082298136645962,8639475.0,0.3199716722695145,0.7135093167701865,0.0,False,1.0,1.0,1.0,8.004665255992164,208121.29665579626,6,0.8333333,0.33333334,0.8333333,0.14308848825476117,-0.12659973994199047,0.28164199517334154,0.0,-0.33333334,6.992130559265206,0.0,0.0,0.3333333333333333,-0.28571428571428914,1.7200163733114837,0.902549387484825,0.921442194169475,quiet_contract_volume_ignition,57.94999999999999,0.6780996780624865,3.6500000000000057,1.3499999999999943,-0.19999999999998863,2.3108578664134254,5,False,,-0.1266223488445639,-0.2266223488445639,-1.126622348844564,fold_3,research_oof
NSE_FO|65622|30-12-2025,2025-12-30,PE,26050.0,2025-12-24 05:05:00+00:00,2025-12-24,635,6,1,30.75,30.75,29.8,30.55,136950,3688725,30.5,0.3284072249589487,5.23731587561374,1.8556910569105691,False,False,True,2025-12-24,2025-12-30,-0.32414910858995505,30.75,0.5060975609756098,3688725.0,0.6525563335489037,1.3495934959349594,0.0,False,1.0,1.0,1.0,3.884196544039266,101183.31997222287,8,0.625,0.625,0.625,0.43983757058311257,0.35804365613253397,0.28535795510047773,0.375,0.125,-23.411778919682547,0.0,0.0,0.25,-0.3358522250209828,-0.2091630358317942,1.2103004291845494,0.6642594499799315,quiet_contract_volume_ignition,69.5,3.316483500788756,2.1000000000000014,0.05000000000000071,0.9499999999999993,6.885245901639349,5,False,,3.1147540983606534,3.0147540983606533,2.1147540983606534,fold_4,research_oof
NSE_FO|65647|30-12-2025,2025-12-30,PE,26250.0,2025-12-24 07:26:00+00:00,2025-12-24,776,6,3,103.3,105.1,102.4,102.4,285600,4604400,102.3,0.5893909626719207,6.396484374999997,1.4410596026490066,False,False,False,2025-12-24,2025-12-30,0.0,103.5,0.7382470119521912,4628475.0,0.5893909626719207,0.7028125906968153,-0.005201497253415002,False,1.0,1.0,1.0,7.404136155702741,194358.57408719693,8,0.625,0.625,0.625,0.6763748706489325,0.6087508029286037,0.6538302320381899,0.5,0.625,-98.32626746438109,0.0,0.0,0.125,-1.1580381471389734,-1.2273382164390334,1.1164043082021542,1.747429109810894,quiet_contract_volume_ignition,2.299999999999997,2.5500347545392543,5.25,2.049999999999997,2.950000000000003,5.131964809384164,5,False,,2.8836754643206284,2.7836754643206283,1.8836754643206284,fold_4,research_oof
NSE_FO|65647|30-12-2025,2025-12-30,PE,26250.0,2025-12-26 05:26:00+00:00,2025-12-26,656,4,3,167.45,172.4,167.1,169.5,115575,1727475,169.45,0.3552397868561208,5.368731563421825,2.2562225475841875,False,False,True,2025-12-26,2025-12-30,-0.7431629013079699,166.95,0.726027397260274,1727475.0,1.0984026881640907,1.5301951503239135,0.0,True,1.0,1.0,1.0,4.141273037729658,108708.4172404035,8,0.375,0.625,0.625,0.0,0.6442665382471235,0.45902176442313825,0.375,0.625,,0.0,0.0,0.625,-1.0852713178294615,-0.5750672361968023,3.086867862969005,1.4405111046855823,quiet_contract_volume_ignition,69.44999999999999,4.480232053672877,1.25,9.199999999999989,-8.199999999999989,0.737680731779286,5,False,,-4.83918560047211,-4.9391856004721095,-5.83918560047211,fold_4,research_oof
NSE_FO|65635|30-12-2025,2025-12-30,CE,26200.0,2025-12-26 06:16:00+00:00,2025-12-26,706,4,0,24.75,24.95,24.45,24.7,606300,26352450,24.75,0.40650406504063596,3.2388663967611366,1.5627295573168374,False,False,True,2025-12-26,2025-12-30,0.20283975659229903,24.7,0.7276242025903731,26479425.0,0.20366430844833694,0.8351053547264643,-0.004795232524875446,False,1.0,1.0,1.0,5.412655220083942,141811.56676619928,5,0.4,0.2,0.6,0.0,-0.6557377049180246,0.3298448103400486,-0.6,-0.2,43.45592085404496,0.0,0.0,0.2,-0.21088435374150283,0.6388777128798484,0.7747215276199136,0.6173884187821388,quiet_contract_volume_ignition,75.25,-3.1350174399648107,0.4499999999999993,0.3999999999999986,0.3000000000000007,1.8181818181818152,5,False,,1.212121212121215,1.112121212121215,0.21212121212121504,fold_4,research_oof
NSE_FO|65634|30-12-2025,2025-12-30,PE,26150.0,2025-12-29 06:08:00+00:00,2025-12-29,698,1,3,170.9,172.3,170.65,171.0,237300,1857075,171.25,0.4700352526439522,2.5146198830409423,2.890817724988579,False,False,True,2025-12-29,2025-12-30,-0.29239766081871066,170.5,0.6368204659661946,1857075.0,0.7624329134626628,2.2539972590223845,0.0,True,1.0,1.0,1.0,5.817666113508855,152131.96886825655,8,0.625,0.625,0.125,0.22813725875008295,0.5459589071761584,0.27664005397436586,0.625,0.625,,0.0,0.0,0.25,-0.4024144869215207,-1.316120070677862,0.7447040838611051,0.8724497395654729,quiet_contract_volume_ignition,71.25,7.611335196050779,0.3499999999999943,3.75,-3.75,0.2043795620437923,5,False,,-2.18978102189781,-2.2897810218978103,-3.18978102189781,fold_4,research_oof
NSE_FO|40460|06-01-2026,2026-01-06,PE,25900.0,2025-12-31 08:44:00+00:00,2025-12-31,854,6,0,21.85,22.05,21.75,22.05,233025,9471475,22.0,0.4555808656036442,2.7210884353741562,1.530089628681178,False,False,True,2025-12-31,2026-01-06,-0.6818181818181723,21.85,0.39900811541929665,9471475.0,1.1373990474218165,1.1310815132618814,0.0,False,1.0,1.0,1.0,5.630480781004639,145829.45222802015,8,0.75,0.75,0.625,0.3752830581705613,1.082840235285193,1.2240402348140682,0.75,0.75,,0.125,0.0,0.375,-1.0990736379337451,-0.8279940477052161,0.5459459459459459,1.5546545035373893,quiet_contract_volume_ignition,78.0,7.437037670212209,0.8000000000000007,0.10000000000000142,0.6000000000000014,3.63636363636364,5,False,,2.7272727272727337,2.6272727272727336,1.7272727272727337,fold_4,research_oof
NSE_FO|40469|06-01-2026,2026-01-06,CE,26050.0,2026-01-01 07:39:00+00:00,2026-01-01,789,5,3,161.25,162.5,158.35,161.15,82030,1650805,161.5,0.031036623215396908,4.784362395283901,2.2841628959276017,False,False,True,2026-01-01,2026-01-06,-0.5258274048871026,160.8,0.7800904977375566,1650805.0,0.5568640281024995,1.5040723981900452,0.0,False,1.0,1.0,1.0,0.35117481389154076,9148.103901874636,6,0.6666667,0.5,0.8333333,0.0670966074608037,0.08986809363034642,0.5849338746990091,0.16666669,0.5,-1204.2939932811714,0.0,0.0,1.0,-1.4677901603696641,-0.7893641088092873,2.920754716981132,1.498826783585061,quiet_contract_volume_ignition,61.5,-9.349093554416456,2.4000000000000057,8.150000000000006,-0.6500000000000057,1.486068111455112,5,False,,-0.40247678018576205,-0.502476780185762,-1.402476780185762,fold_4,research_oof
NSE_FO|46179|13-01-2026,2026-01-13,CE,26050.0,2026-01-07 07:08:00+00:00,2026-01-07,758,6,3,154.19,156.65,151.4,156.65,113360,1394510,157.0,0.0,6.639004149377596,1.4557595993322203,False,False,False,2026-01-07,2026-01-13,-4.225527413031294,153.9,0.7562604340567612,1394510.0,4.225527413031294,0.6994991652754591,0.0,False,0.0,1.0,1.0,0.0,0.0,6,0.0,0.8333333,0.8333333,-0.3069460798731549,4.177759661665648,0.5498913552589866,0.0,0.8333333,,0.0,0.0,0.16666666666666666,-0.16583747927030323,-6.1692680110027265,1.4589024087409983,0.16583747927030323,quiet_contract_volume_ignition,57.0,3.1958395041894154,3.3000000000000114,21.25,-16.349999999999994,2.101910828025485,5,False,,-10.414012738853499,-10.514012738853499,-11.414012738853499,fold_4,research_oof
NSE_FO|46197|13-01-2026,2026-01-13,PE,26250.0,2026-01-07 08:44:00+00:00,2026-01-07,854,6,3,160.69,162.8,160.65,161.4,81705,1421355,162.15,0.3731343283582156,3.593556381660478,1.3626016260162601,False,False,False,2026-01-07,2026-01-13,0.1563086157309046,160.19,0.6042692939244664,1407445.0,0.21682571262731098,0.7583323320917937,0.009883157068304622,True,1.0,1.0,1.0,4.2204786259568055,110787.56393136614,7,0.71428573,0.71428573,0.85714287,0.3731343283582156,0.21682571262731098,1.5579337541063774,0.14285713,0.0,52.03707803336874,0.0,0.0,0.14285714285714285,-0.6249999999999978,-0.728092783505152,1.2518301610541727,0.9981343283582134,quiet_contract_volume_ignition,62.150000000000006,1.982494448915622,9.349999999999994,0.6500000000000057,5.75,5.766265803268575,5,False,,3.546099290780141,3.446099290780141,2.546099290780141,fold_4,research_oof
NSE_FO|47616|20-01-2026,2026-01-20,PE,25750.0,2026-01-14 07:31:00+00:00,2026-01-14,781,6,3,114.5,118.45,114.5,117.15,703235,6913465,116.7,0.5579399141630859,7.29833546734955,1.9802324517250847,False,False,True,2026-01-14,2026-01-20,-0.43497172683775176,114.45,0.9983990959600716,6913465.0,0.9929116410008376,0.9818333557650131,0.0,True,1.0,1.0,1.0,7.5117949202388035,193428.71919614918,6,0.6666667,0.8333333,1.0,0.28651831390901217,0.7749883686712922,1.0107707538540014,0.5,-0.16666669,-1736.779932664922,0.0,0.0,0.8333333333333334,-1.2759170653907526,-1.432289231145234,1.8131044224709334,1.8338569795538384,quiet_contract_volume_ignition,16.700000000000003,-13.244349611645964,2.5,7.1000000000000085,-5.25,2.1422450728363325,5,False,,-4.4987146529562985,-4.598714652956298,-5.4987146529562985,fold_4,research_oof
NSE_FO|49799|03-02-2026,2026-02-03,CE,25350.0,2026-01-29 05:43:00+00:00,2026-01-29,673,5,3,162.3,166.6,159.7,162.9,218140,3457740,163.35,0.27700831024932704,7.612031921424189,1.3992078382322284,False,False,False,2026-01-29,2026-02-03,-1.5468607825295577,162.3,1.0444027517198249,3469960.0,1.8238690927788848,0.3548050865124035,-0.0035216544282931214,False,1.0,1.0,1.0,3.4052346043448942,86322.69722014306,5,1.0,1.0,0.6,0.5667506297229341,2.1070573060622766,0.1612376362175191,1.0,1.0,,0.0,0.0,0.0,-0.2057189878625798,-1.2798772196328634,2.2869147659063627,0.48272729811190684,quiet_contract_volume_ignition,63.349999999999994,7.24481489975891,14.650000000000006,3.1500000000000057,8.099999999999994,8.968472604836245,5,False,,4.95867768595041,4.85867768595041,3.95867768595041,fold_4,research_oof
NSE_FO|49799|03-02-2026,2026-02-03,CE,25350.0,2026-01-30 05:33:00+00:00,2026-01-30,663,4,3,180.9,184.45,179.1,179.2,300560,4103125,179.5,0.6741573033707704,6.501116071428559,1.4923350008068421,False,False,False,2026-01-30,2026-02-03,-0.027631942525552233,180.9,0.9991931579796676,4103125.0,0.7017892458963226,0.49314184282717455,0.0,False,1.0,1.0,1.0,8.503419780245878,215561.691429233,5,1.0,1.0,0.8,0.8399209486166015,0.8532416224134476,0.16032802576593308,0.6,1.0,31.76970087472,0.0,0.0,0.0,-1.180828895577668,-0.5223152549379662,1.035006605019815,1.8549861989484384,quiet_contract_volume_ignition,79.5,4.523866348006734,1.4000000000000057,11.449999999999989,-8.75,0.7799442896935965,5,False,,-4.874651810584958,-4.974651810584958,-5.874651810584958,fold_4,research_oof
NSE_FO|49790|03-02-2026,2026-02-03,PE,25150.0,2026-01-30 07:20:00+00:00,2026-01-30,770,4,3,134.2,137.4,133.75,134.35,171535,2509520,134.45,0.11177347242921076,5.991812430219585,1.4918032786885247,False,False,False,2026-01-30,2026-02-03,-0.33333333333332993,134.55,0.742792538157151,2500875.0,0.4451068057625407,0.7490107405313737,0.0034567901234567903,False,1.0,1.0,1.0,1.347155190323706,33880.95303664121,5,0.4,0.6,1.0,0.0,0.1626442040909004,0.22197455985158218,0.4,0.6,,0.0,0.0,0.4,-0.3470414714558445,-0.2253869702393163,1.3681747269890796,0.4588149438850553,quiet_contract_volume_ignition,34.44999999999999,2.5715457147592367,2.25,2.8499999999999943,0.5,1.6734845667534402,5,False,,0.3718854592785423,0.27188545927854224,-0.6281145407214577,fold_4,research_oof
NSE_FO|42531|10-02-2026,2026-02-10,PE,25700.0,2026-02-05 07:24:00+00:00,2026-02-05,774,5,3,162.45,167.0,162.05,164.4,248950,6224075,164.35,0.24390243902439046,7.481751824817508,1.5623087905364064,False,False,True,2026-02-05,2026-02-10,-2.432432432432441,162.45,1.2800326330817866,6224075.0,2.6763348714568314,0.28227615745461976,0.0,False,1.0,1.0,1.0,3.030490577788568,77883.6078491662,8,0.625,0.625,1.0,0.2254173343595789,2.5480949566893285,2.361705794860506,0.625,-0.125,,0.0,0.0,0.5,-0.6071118820468402,-2.1895294644644125,1.0089473684210526,0.8510143210712307,quiet_contract_volume_ignition,64.35,5.638336826397679,11.050000000000011,11.049999999999983,-7.25,6.723456038941291,5,False,,-4.4113173106175845,-4.511317310617584,-5.4113173106175845,fold_4,research_oof
NSE_FO|42529|10-02-2026,2026-02-10,PE,25650.0,2026-02-06 07:54:00+00:00,2026-02-06,804,4,3,143.7,147.75,141.3,147.75,424190,3104465,147.7,0.339558573853993,7.580372250423004,1.7782016348773841,False,False,True,2026-02-06,2026-02-10,-3.5234899328859037,143.75,1.162125340599455,3104465.0,3.8630485067398967,0.6160762942779292,0.0,False,1.0,1.0,1.0,4.399979322404215,112859.46961966813,8,0.625,1.0,0.875,0.224104876204112,3.8863526261857406,1.2492735759084481,0.625,0.875,,0.0,0.0,0.375,-1.642857142857146,-5.123640319071776,1.3940436176033768,1.982415716711139,quiet_contract_volume_ignition,47.69999999999999,7.431680186416769,1.9000000000000057,5.449999999999989,-1.8999999999999773,1.2863913337847026,5,False,,-1.2863913337846835,-1.3863913337846836,-2.2863913337846835,fold_4,research_oof
NSE_FO|48239|17-02-2026,2026-02-17,PE,26050.0,2026-02-11 05:05:00+00:00,2026-02-11,635,6,3,150.5,154.5,148.25,150.2,242385,1760720,150.0,0.5354752342703994,7.656458055925433,2.0086183678965797,False,False,True,2026-02-11,2026-02-17,-0.4310344827586299,150.15,0.718556423377323,1760720.0,0.9665097170290293,1.2900619445192567,0.0,False,1.0,1.0,1.0,6.638975515787647,172945.3121862682,8,0.75,0.625,0.75,0.5297287497430192,0.7395476688168201,0.7178615278628591,0.375,-0.25,-1886.617903360835,0.125,0.0,0.375,-0.9316770186335366,0.21118012422359778,1.0708374710360808,1.467152252903936,quiet_contract_volume_ignition,50.0,-15.615785930589507,0.75,9.699999999999989,-7.099999999999994,0.5,5,False,,-4.73333333333333,-4.8333333333333295,-5.73333333333333,fold_4,research_oof
NSE_FO|48238|17-02-2026,2026-02-17,CE,26050.0,2026-02-12 07:33:00+00:00,2026-02-12,783,5,1,42.55,43.45,42.45,43.05,115245,5066425,43.0,0.4667444574095514,4.761904761904772,1.8851674641148326,False,False,True,2026-02-12,2026-02-17,-1.1627906976744207,42.5,1.2573402417962003,5066425.0,1.629535155083972,0.6278272223186323,0.0,False,1.0,1.0,1.0,5.439824622216016,141707.43140872722,5,1.0,1.0,1.0,0.6644518272425293,1.786564038463645,0.18468042380864566,1.0,0.0,,0.0,0.0,0.8,-0.4964539007092261,-1.7833938435118935,1.4784688995215312,0.9631983581187775,quiet_contract_volume_ignition,57.0,8.617122226743387,0.20000000000000284,3.950000000000003,-3.6499999999999986,0.46511627906977404,5,False,,-8.488372093023253,-8.588372093023253,-9.488372093023253,fold_4,research_oof
NSE_FO|48238|17-02-2026,2026-02-17,CE,26050.0,2026-02-12 08:30:00+00:00,2026-02-12,840,5,1,36.6,36.9,36.4,36.6,103935,5036395,36.6,0.273972602739736,3.5519125683060224,1.4334379202151502,False,False,False,2026-02-12,2026-02-17,-1.4784946236559238,36.65,0.6633348477964561,5036395.0,1.7524672263956598,0.770103072418694,0.0,False,1.0,1.0,1.0,3.1648029052278672,82443.11568118594,5,1.0,1.0,0.2,0.46874999999999556,2.017083154747079,0.14751033572573885,1.0,1.0,,0.0,0.0,0.0,-0.9704641350210985,-2.348883260586454,0.47985347985347987,1.2444367377608345,quiet_contract_volume_ignition,63.4,9.114703276350356,0.75,0.7000000000000028,0.25,2.0491803278688523,5,False,,0.6830601092896175,0.5830601092896175,-0.31693989071038253,fold_4,research_oof
NSE_FO|64858|24-02-2026,2026-02-24,CE,25650.0,2026-02-18 06:52:00+00:00,2026-02-18,742,6,3,179.85,183.9,178.3,179.25,213070,3252210,179.7,0.13966480446927498,7.08507670850768,1.4156769596199525,False,False,False,2026-02-18,2026-02-24,-0.7707129094412402,180.25,0.9846685381127186,3252210.0,0.9103777139105151,0.43100842150723395,0.0,False,1.0,1.0,1.0,1.7136006595644961,43953.856917829326,7,0.71428573,0.71428573,0.71428573,0.15166835187057082,1.0931125383055296,0.12244276244064502,0.71428573,0.0,,0.0,0.0,0.14285714285714285,-0.4749340369393118,-1.86679699197142,0.9775318578135479,0.6145988414085868,quiet_contract_volume_ignition,79.69999999999999,4.615345372225375,6.100000000000023,10.449999999999989,-4.699999999999989,3.3945464663327893,5,False,,-2.6154702281580353,-2.7154702281580354,-3.6154702281580353,fold_4,research_oof
NSE_FO|48348|27-03-2025,2025-03-27,PE,23100.0,2025-03-24 05:27:00+00:00,2025-03-24,657,3,0,21.0,21.35,20.7,21.2,224400,6681375,21.15,2.4154589371980784,5.89622641509434,1.6971072036301758,True,False,True,2025-03-24,2025-03-27,1.9464720194647178,20.95,0.7952353942144073,6676575.0,0.46898691773336054,0.9018718094157685,0.0007189314880758472,False,1.0,1.0,1.0,29.761328282485,687486.6833254035,5,1.0,0.6,1.0,2.1630615640598982,0.3143220682615855,0.37872752898860934,0.0,0.20000002,13.888682254604646,0.8,0.0,0.6,2.9095331649358958,2.205072198393143,1.9327731092436975,-0.4940742277378174,quiet_surface_breadth_ignition,78.85,-0.05411497704032539,0.75,0.4499999999999993,0.10000000000000142,3.546099290780142,5,False,,0.4728132387706923,0.3728132387706923,-0.5271867612293077,fold_1,research_oof
NSE_FO|49835|27-03-2025,2025-03-27,PE,23250.0,2025-03-24 08:02:00+00:00,2025-03-24,812,3,1,25.0,25.2,24.55,25.15,48450,2575875,25.1,0.8016032064128265,6.361829025844923,1.0739817123857025,False,False,False,2025-03-24,2025-03-27,0.6048387096774244,24.95,0.6733167082294265,2575875.0,0.19676449673540208,0.40066500415627604,0.0,False,1.0,1.0,1.0,8.647942490533712,201064.6629049088,5,0.8,0.8,0.8,0.48661800486617945,0.19676449673540208,0.3395311414134671,0.19999999,0.4,44.67905930568304,0.0,0.0,0.2,0.5771842462652721,0.12500246919089353,1.346938775510204,0.22441896014755436,quiet_surface_breadth_ignition,74.9,0.7105091370423087,1.0499999999999972,0.6000000000000014,0.4499999999999993,4.183266932270905,5,False,,1.7928286852589612,1.6928286852589611,0.7928286852589612,fold_1,research_oof
NSE_FO|43893|09-04-2025,2025-04-09,PE,23100.0,2025-04-03 05:21:00+00:00,2025-04-03,651,6,2,83.45,85.6,83.4,84.95,53400,1921875,85.45,3.2199270959902826,6.121247792819308,1.8761528326745718,True,False,True,2025-04-03,2025-04-09,0.06002400960383181,83.35,1.0276679841897234,1919325.0,3.159903086386451,0.8484848484848484,0.001328592083154234,True,1.0,1.0,1.0,35.05078929661786,809673.2327518725,5,1.0,1.0,0.8,3.6743515850144126,3.159903086386451,0.40541437849552825,0.19999999,1.0,52.46799733539592,1.0,0.0,0.2,-4.5171714393757,-2.739777133939991,2.248062015503876,7.737098535365982,quiet_surface_breadth_ignition,14.549999999999997,6.451325882974027,0.14999999999999147,4.609999999999999,-3.25,0.17554125219425568,5,False,,-3.8033937975424226,-3.9033937975424227,-4.803393797542423,fold_1,research_oof
NSE_FO|43897|09-04-2025,2025-04-09,PE,23200.0,2025-04-03 05:45:00+00:00,2025-04-03,675,6,3,117.1,119.75,116.65,119.6,42600,3191175,119.5,2.5289327046720933,6.103678929765884,1.0393412625800549,True,False,False,2025-04-03,2025-04-09,-1.0152284263959421,117.0,0.45550239234449763,3173925.0,3.5441611310680354,0.5838388702355573,0.005434911032869397,False,1.0,1.0,1.0,26.957494529081014,625413.8730746795,5,1.0,1.0,0.8,2.5289327046720933,3.5441611310680354,0.29269210185495514,1.0,0.0,,1.0,0.0,0.0,-2.4494649227110643,-3.459565932812081,1.63922942206655,4.978397627383158,quiet_surface_breadth_ignition,19.5,10.611924915323966,2.4000000000000057,0.7999999999999972,2.3499999999999943,2.008368200836825,5,False,,1.9665271966527147,1.8665271966527146,0.9665271966527147,fold_1,research_oof
NSE_FO|48189|17-04-2025,2025-04-17,PE,22700.0,2025-04-11 06:32:00+00:00,2025-04-11,722,6,3,129.55,135.69,129.4,132.55,242475,3095550,131.8,0.46233136274065334,6.412674462466993,2.2381446867428174,False,False,True,2025-04-11,2025-04-17,-1.663516068052917,130.05,0.5745932848736587,3095550.0,2.1258474307935704,1.6635514018691588,0.0,False,1.0,1.0,1.0,5.732288456410466,130122.94796051759,8,0.5,0.875,1.0,0.23116568137032667,1.9038045936573267,0.8488692559025626,0.5,0.5,,0.0,0.0,1.0,-1.0901591043017023,-1.974071891573348,2.2193308550185873,1.5524904670423556,quiet_surface_breadth_ignition,31.80000000000001,6.13626988046399,5.699999999999989,1.6100000000000136,4.449999999999989,4.324734446130492,5,False,,3.376327769347488,3.2763277693474877,2.376327769347488,fold_1,research_oof
NSE_FO|48199|17-04-2025,2025-04-17,PE,22800.0,2025-04-11 07:46:00+00:00,2025-04-11,796,6,3,168.8,172.8,168.6,172.25,215850,5590125,172.25,3.9843042559613684,5.6894049346879605,1.4646310432569976,True,False,False,2025-04-11,2025-04-17,0.5065554231227676,168.65,1.065079365079365,5589675.0,3.477748832838601,0.3995516781776325,8.050557501106951e-05,False,1.0,1.0,1.0,48.936594013408154,1115754.343505706,8,1.0,0.75,1.0,3.8660247981657347,3.4476215912278674,0.9223446993403185,0.0,0.25,-1202.8797754219559,0.75,0.0,0.25,-3.2795453060691093,-3.9982690676140242,0.8574244415243101,7.263849562030478,quiet_surface_breadth_ignition,72.25,-7.694370800801147,7.050000000000011,1.6999999999999886,4.150000000000006,4.092888243831647,5,False,,2.409288824383167,2.309288824383167,1.4092888243831672,fold_1,research_oof
NSE_FO|52002|30-04-2025,2025-04-30,CE,24400.0,2025-04-24 04:41:00+00:00,2025-04-24,611,6,3,153.6,156.9,153.15,156.9,32475,1740450,156.69,2.7572205121487947,5.449330783938821,1.0285035629453683,True,False,False,2025-04-24,2025-04-30,1.5770372814252642,153.94,0.5130641330166271,1740450.0,1.1801832307235305,0.5154394299287411,0.0,False,1.0,1.0,1.0,28.642714276681893,698882.2283510382,5,1.0,1.0,0.8,2.5539300768658624,1.108804376483885,0.29760705386506253,0.0,0.0,-7.259526840545732,0.8,0.0,0.0,-4.315789473684206,-3.1233208544373503,0.8203883495145631,7.073009985833001,quiet_surface_breadth_ignition,56.69,1.8694060383169762,5.409999999999997,3.5,-0.38999999999998636,3.452677260833491,5,False,,-0.24889910013401387,-0.3488991001340139,-1.248899100134014,fold_1,research_oof
NSE_FO|52000|30-04-2025,2025-04-30,CE,24350.0,2025-04-24 05:29:00+00:00,2025-04-24,659,6,3,174.35,177.4,174.35,177.4,7950,705375,176.65,0.33936651583710287,2.7339346110484746,0.848,False,False,False,2025-04-24,2025-04-30,-0.08547008547008517,175.35,0.9652509652509652,705375.0,0.42483660130718803,-0.11725096525096523,0.0,False,1.0,1.0,0.0,3.047868660373796,74215.60188010192,5,1.0,0.8,0.8,0.3461063040790968,0.6301694646902334,0.25355969175868165,0.39999998,-0.19999999,-67.03138211599435,0.0,0.0,0.2,-2.271640363462457,-1.9849020122079786,1.6685082872928176,2.61100687929956,quiet_surface_breadth_ignition,76.65,2.5864588760646496,2.1999999999999886,3.5999999999999943,-1.5999999999999943,1.2454005094820202,5,False,,-0.9057458250778343,-1.0057458250778344,-1.9057458250778343,fold_1,research_oof
NSE_FO|51988|30-04-2025,2025-04-30,CE,24200.0,2025-04-29 06:14:00+00:00,2025-04-29,704,1,3,170.8,173.8,170.2,170.2,108300,3654300,171.1,1.6726403823177804,6.022326674500588,1.4282888229475768,False,False,False,2025-04-29,2025-04-30,0.02936857562407802,170.3,0.5085106382978724,3654300.0,1.6432718066937024,0.9197781846497044,0.0,False,1.0,1.0,1.0,19.390367423153293,469246.8916403097,5,1.0,1.0,0.8,2.245862884160754,2.9661591730505754,0.3606772940569681,0.8,0.6,112.67250568307281,0.2,0.0,0.0,-7.692307692307687,-1.1405835543766623,1.082967032967033,9.364948074625467,quiet_surface_breadth_ignition,71.1,10.007397500699227,1.6500000000000057,12.099999999999994,-10.699999999999989,0.964348334307426,5,False,,-6.253652834599643,-6.353652834599643,-7.253652834599643,fold_1,research_oof
NSE_FO|38603|08-05-2025,2025-05-08,PE,24300.0,2025-05-05 07:36:00+00:00,2025-05-05,786,3,2,54.05,55.75,52.8,55.45,326025,9045225,55.25,3.548085901027087,5.861136158701533,1.4320540273431066,True,False,False,2025-05-05,2025-05-08,-3.266787658802184,53.3,0.8074452314281008,8968125.0,6.814873559829271,0.6246087959150058,0.008597114781517876,False,1.0,1.0,1.0,45.04200108751217,1094520.6264265457,8,0.875,0.875,0.875,3.559757236227834,6.234882877044839,1.282914882309487,0.75,0.75,-2859.334896058106,0.875,0.0,0.25,-4.7510797908615565,-5.61134484550001,1.5052966101694916,8.299165691888643,quiet_surface_breadth_ignition,44.75,-15.317589032543822,1.8500000000000014,4.25,1.2000000000000028,3.348416289592763,5,False,,2.1719457013574712,2.071945701357471,1.1719457013574712,fold_1,research_oof
NSE_FO|38600|08-05-2025,2025-05-08,CE,24250.0,2025-05-06 06:18:00+00:00,2025-05-06,708,2,3,155.6,158.4,154.0,158.0,36825,988950,157.6,1.4120667522464547,3.7594936708860742,1.3181208053691276,False,False,False,2025-05-06,2025-05-08,-0.23032629558542572,155.94,1.0228187919463088,975150.0,1.6423930478318804,0.2953020134228188,0.014151668974004,False,1.0,1.0,1.0,14.846412498164002,360025.50308047706,6,0.8333333,0.8333333,0.6666667,0.8701769580515939,1.5207830150988588,0.5444813378839509,0.8333333,0.0,,0.0,0.0,0.0,-6.060606060606066,-3.131846166146967,1.0391766268260292,7.472672812852521,quiet_surface_breadth_ignition,57.599999999999994,8.913561478569358,6.550000000000011,1.75,6.400000000000006,4.156091370558383,5,False,,4.0609137055837605,3.9609137055837604,3.0609137055837605,fold_1,research_oof
NSE_FO|38602|08-05-2025,2025-05-08,CE,24300.0,2025-05-06 06:39:00+00:00,2025-05-06,729,2,3,128.4,130.5,128.4,129.3,293025,4784025,129.55,3.6057692307692513,5.800464037122969,1.1491176470588236,True,False,False,2025-05-06,2025-05-08,1.8650793650793585,128.35,0.576764705882353,4799400.0,1.7406898656898928,0.5723529411764706,-0.003203525440680085,True,1.0,1.0,1.0,45.389483009364405,1102964.437127555,6,0.8333333,0.8333333,0.6666667,3.2935241933226944,1.4362114527381453,1.4223366202237326,0.0,0.0,6.131273523580603,0.8333333333333334,0.0,0.16666666666666666,-8.10157194679565,-3.0647169099406018,1.0205021379234733,11.707341177564901,quiet_surface_breadth_ignition,29.55000000000001,3.7013777778314116,3.4499999999999886,1.8500000000000085,1.8499999999999943,2.6630644538788024,5,False,,1.4280200694712422,1.328020069471242,0.42802006947124216,fold_1,research_oof
NSE_FO|38598|08-05-2025,2025-05-08,CE,24200.0,2025-05-07 08:28:00+00:00,2025-05-07,838,1,3,175.9,179.55,175.2,178.25,147825,2116950,178.3,3.363293708321269,5.329593267882188,2.1102783725910066,True,False,True,2025-05-07,2025-05-08,1.6796988126267065,175.55,0.8722371967654986,2127225.0,1.6835948956945623,1.2380411758255079,-0.004830236575820612,False,1.0,1.0,1.0,40.035945999099226,968869.8931782013,5,1.0,1.0,1.0,4.820627802690569,2.3052560866480887,1.7532713663658015,0.0,0.0,1.7394737029317184,0.4,0.4,1.0,-7.220216606498198,-0.2930407628037095,0.9640587079625563,10.583510314819467,quiet_surface_breadth_ignition,78.30000000000001,4.4634890530330775,8.149999999999977,3.450000000000017,4.849999999999994,4.570947840717878,5,False,,2.720134604598987,2.620134604598987,1.7201346045989871,fold_1,research_oof
NSE_FO|38604|08-05-2025,2025-05-08,CE,24350.0,2025-05-08 06:28:00+00:00,2025-05-08,718,0,2,49.3,50.6,49.0,50.15,569025,11573175,49.9,1.5182186234817818,6.0817547357926305,1.0751789130588818,False,False,False,2025-05-08,2025-05-08,-2.8543307086614123,49.35,0.7241550343654787,11573175.0,4.372549332143194,0.3510238786934031,0.0,False,1.0,1.0,1.0,20.11894950343858,489896.4204087294,5,1.0,1.0,1.0,0.5563985837127028,2.161042397709867,0.45971359409268375,1.0,1.0,,0.0,0.0,0.0,-10.526315789473683,-1.6655562958027943,2.0803697112958486,12.044534412955464,quiet_surface_breadth_ignition,50.1,13.055926143404132,1.25,1.2999999999999972,-0.04999999999999716,2.50501002004008,5,False,,-0.10020040080159752,-0.2002004008015975,-1.1002004008015975,fold_1,research_oof
NSE_FO|38602|08-05-2025,2025-05-08,CE,24300.0,2025-05-08 07:22:00+00:00,2025-05-08,772,0,3,100.6,101.5,100.45,101.3,138000,5897550,101.5,1.4521782674010941,4.837117472852918,1.2876137158852343,False,False,False,2025-05-08,2025-05-08,1.0552763819095423,100.55,0.8019594121763471,5897550.0,0.3969018854915518,0.4856543037088872,0.0,False,1.0,1.0,1.0,17.186553335213084,417633.2460456779,5,1.0,1.0,0.8,1.4521782674010941,0.3969018854915518,1.1829637617172157,0.19999999,0.39999998,35.781919289340294,0.0,0.0,0.0,-9.285714285714274,-2.142857142857146,1.4350953305171823,10.737892553115369,quiet_surface_breadth_ignition,1.5,4.154250543838411,1.0,0.8499999999999943,-0.09999999999999432,0.9852216748768473,5,False,,-0.09852216748767913,-0.19852216748767915,-1.098522167487679,fold_1,research_oof
NSE_FO|46233|15-05-2025,2025-05-15,PE,23850.0,2025-05-09 06:15:00+00:00,2025-05-09,705,6,3,174.15,178.0,171.85,178.0,113025,1005300,178.0,4.368220463207262,5.70224719101124,1.5747126436781609,True,False,True,2025-05-09,2025-05-15,1.9877228880444076,174.45,0.7753396029258098,991275.0,2.3804975751628543,0.799373040752351,0.014148445184232429,False,1.0,1.0,1.0,50.82587513335784,1212197.1219305845,8,1.0,1.0,0.875,4.333328726991326,2.311325020765287,1.233235987436332,0.125,0.0,387.1668179064727,0.625,0.125,0.25,-8.824257425742566,-2.3666928500968076,1.5799086757990868,13.192477888949828,quiet_surface_breadth_ignition,78.0,9.82133676782893,12.099999999999994,1.6999999999999886,7.099999999999994,6.79775280898876,5,False,,3.988764044943817,3.8887640449438168,2.988764044943817,fold_1,research_oof
NSE_FO|46233|15-05-2025,2025-05-15,PE,23850.0,2025-05-12 05:41:00+00:00,2025-05-12,671,3,0,19.89,20.39,19.8,20.1,39225,935100,20.2,1.5151515151515138,5.174129353233827,2.0712871287128714,False,False,True,2025-05-12,2025-05-15,1.278772378516635,19.8,1.6363636363636365,935100.0,0.23637913663487886,0.4349234923492349,0.0,True,1.0,1.0,1.0,16.0259016230628,382217.7537100478,8,0.875,0.625,0.875,1.4944178628389149,0.34209922563830375,1.4853678721049668,0.25,0.0,1855.3236738835294,0.25,0.0,0.375,2.403542061986097,0.5290180153573187,,-0.8883905468345832,quiet_surface_breadth_ignition,79.8,19.86840914874805,0.4499999999999993,0.05999999999999872,0.10000000000000142,2.2277227722772244,5,False,,0.4950495049505021,0.39504950495050206,-0.5049504950494978,fold_1,research_oof
NSE_FO|46233|15-05-2025,2025-05-15,PE,23850.0,2025-05-12 07:54:00+00:00,2025-05-12,804,3,0,20.55,21.15,20.55,21.15,28125,940200,21.1,4.702970297029707,6.382978723404245,2.4115755627009645,True,False,True,2025-05-12,2025-05-15,0.9828009828009687,20.55,0.977491961414791,940200.0,3.7201693142287384,1.4340836012861735,0.0,True,1.0,1.0,1.0,48.179342622320256,1149077.321542338,8,0.875,0.875,1.0,3.8397303838230257,3.404073768235627,1.5313188477551969,0.125,0.625,-343.40196659679714,0.75,0.0,1.0,2.2518122461570256,0.47801072575572867,2.0,2.4511580508726816,quiet_surface_breadth_ignition,78.9,1.8212470901025641,0.5,0.15000000000000213,0.5,2.3696682464454977,5,False,,2.3696682464454977,2.2696682464454976,1.3696682464454977,fold_1,research_oof
NSE_FO|49258|22-05-2025,2025-05-22,CE,25100.0,2025-05-16 05:25:00+00:00,2025-05-16,655,6,3,136.9,140.85,136.8,139.9,241050,7704825,140.0,2.4533138044672276,6.32594710507505,1.1668179342893448,True,False,False,2025-05-16,2025-05-22,-0.9468317552804195,136.0,0.6077328008713015,7704825.0,3.400145559747647,0.5590851334180432,0.0,True,1.0,1.0,1.0,30.40333852650745,763123.797015337,5,1.0,1.0,0.8,2.447744774477445,2.892778326288181,0.21765521390545087,1.0,0.19999999,,1.0,0.0,0.0,-1.4474512271869022,-2.4983129337863064,1.2386011509517485,3.90076503165413,quiet_surface_breadth_ignition,40.0,10.163978148093117,3.0,4.150000000000006,1.1500000000000057,2.142857142857143,5,False,,0.8214285714285755,0.7214285714285755,-0.1785714285714245,fold_1,research_oof
NSE_FO|49258|22-05-2025,2025-05-22,CE,25100.0,2025-05-16 06:57:00+00:00,2025-05-16,747,6,3,128.5,131.25,128.3,130.15,264225,8136975,129.85,3.7878787878787845,5.570495582020745,1.962674094707521,True,False,True,2025-05-16,2025-05-22,0.0,128.6,0.9625668449197861,8157675.0,3.7878787878787845,1.0001072497877348,-0.0025374877032978147,False,1.0,1.0,1.0,47.29000028986215,1186979.00727554,5,1.0,1.0,1.0,3.501544799176104,3.266329745412677,0.32897389567507573,0.39999998,0.0,2.62877162071527,1.0,0.0,1.0,-2.571487348282242,-2.9504347167032985,1.1238938053097345,6.359366136161027,quiet_surface_breadth_ignition,29.849999999999994,7.984863662315046,3.8000000000000114,1.6999999999999886,2.1500000000000057,2.9264536003080566,5,False,,1.655756642279558,1.555756642279558,0.655756642279558,fold_1,research_oof
NSE_FO|49258|22-05-2025,2025-05-22,CE,25100.0,2025-05-19 05:35:00+00:00,2025-05-19,665,3,3,141.94,143.25,140.4,141.0,335475,8371725,141.35,3.032517354767994,6.31914893617021,1.1769504012629917,True,False,False,2025-05-19,2025-05-22,1.098822689975032,141.69,0.9070344827586206,8371725.0,1.933694664792962,0.269915918504371,0.0,False,1.0,1.0,1.0,38.58364533863572,968449.4979997566,5,1.0,1.0,1.0,2.8499843407453707,1.9079559584225025,0.5210237120249507,0.0,0.0,6.292603478163073,1.0,0.0,0.0,-2.179358717434865,-1.565861784919531,0.7433192686357243,5.211876072202859,quiet_surface_breadth_ignition,41.349999999999994,1.8787997294755083,3.4000000000000057,3.0999999999999943,-0.1599999999999966,2.4053767244428768,5,False,,-0.11319419879730923,-0.21319419879730922,-1.1131941987973093,fold_1,research_oof
NSE_FO|49258|22-05-2025,2025-05-22,CE,25100.0,2025-05-19 06:00:00+00:00,2025-05-19,690,3,3,132.0,135.05,132.0,134.0,255225,8503425,133.65,0.23187972174434357,5.970149253731343,1.293670404865995,False,False,False,2025-05-19,2025-05-22,0.037807183364857444,132.3,0.5622213214430483,8450175.0,0.19407253837948613,0.7314490834229468,0.006301644640495611,False,1.0,1.0,1.0,2.886880439003571,72460.69901898963,5,1.0,0.6,1.0,0.21459227467812703,0.13476462945387624,0.1316293947383715,0.19999999,-0.39999998,-34.344788374277414,0.0,0.0,0.2,-0.3695491500369519,-0.19781215298100285,1.1321152494729445,0.6014288717812954,quiet_surface_breadth_ignition,33.650000000000006,0.5090570813492996,1.0,4.349999999999994,-2.210000000000008,0.7482229704451926,5,False,,-1.6535727646838816,-1.7535727646838817,-2.6535727646838816,fold_1,research_oof
NSE_FO|49262|22-05-2025,2025-05-22,CE,25150.0,2025-05-20 05:00:00+00:00,2025-05-20,630,2,2,50.3,52.1,50.05,51.45,97950,3007125,51.4,1.080550098231825,6.316812439261418,1.1371353939921638,False,False,False,2025-05-20,2025-05-22,0.29910269192421346,50.3,1.181139122315593,3011550.0,0.7814474063076116,-0.04400372832342914,-0.0014693430293370524,False,1.0,1.0,1.0,12.417922294569847,312310.74570843164,6,0.8333333,0.6666667,0.8333333,0.6721818148168635,0.37730168147011023,0.4339785487440778,0.0,0.5,12.761176823496498,0.0,0.0,0.0,1.5252784918594608,-0.4855855723802316,0.7311827956989247,-0.44472839362763583,quiet_surface_breadth_ignition,48.6,-0.8779566469125865,1.9500000000000028,0.6000000000000014,0.8500000000000014,3.793774319066154,5,False,,1.6536964980544775,1.5536964980544774,0.6536964980544775,fold_1,research_oof
NSE_FO|49258|22-05-2025,2025-05-22,CE,25100.0,2025-05-20 07:13:00+00:00,2025-05-20,763,2,2,55.5,56.5,54.85,55.0,126150,10197600,54.6,0.45662100456620447,6.272727272727279,1.097553017944535,False,False,False,2025-05-20,2025-05-22,-0.5361930294906281,55.65,0.6858143607705779,10210575.0,0.9928140340568326,0.4117386571739571,-0.0012707413637331885,False,1.0,1.0,1.0,5.363120950277895,134614.33585197516,6,0.6666667,0.6666667,0.6666667,0.08158223889931371,0.37893431330804916,0.37654085330455805,0.5,0.6666667,106.4717587615014,0.0,0.0,0.0,-0.055350553505528755,-0.31166556093494835,0.48861911987860396,0.5119715580717332,quiet_surface_breadth_ignition,45.4,4.3472057081106605,0.8500000000000014,3.3500000000000014,-2.950000000000003,1.5567765567765595,5,False,,-5.402930402930408,-5.502930402930407,-6.402930402930408,fold_1,research_oof
NSE_FO|61688|29-05-2025,2025-05-29,PE,24600.0,2025-05-23 08:02:00+00:00,2025-05-23,812,6,3,101.8,102.95,101.4,102.8,93000,7305375,102.9,3.838383838383841,5.447470817120631,1.1860353897656624,True,False,False,2025-05-23,2025-05-29,2.468513853904275,101.7,0.9662363455809335,7305375.0,1.3698699844795659,0.21979904418472884,0.0,False,1.0,1.0,1.0,43.91251413546455,1080247.8477324278,8,1.0,1.0,0.75,3.868733203595587,1.220520974173278,1.1791222527160217,0.375,0.375,1448.5155232802863,1.0,0.375,0.125,-2.625215889464594,-0.9824818285800507,1.3333333333333333,6.463599727848434,quiet_surface_breadth_ignition,2.9000000000000057,18.947177341273694,2.799999999999997,2.4000000000000057,-2.200000000000003,2.721088435374147,5,False,,-2.137998056365406,-2.2379980563654063,-3.137998056365406,fold_1,research_oof
NSE_FO|61693|29-05-2025,2025-05-29,CE,24750.0,2025-05-28 05:15:00+00:00,2025-05-28,645,1,3,153.8,162.9,153.15,162.9,396450,4350300,163.05,2.7112232030264805,6.046654389195822,1.4292280654319318,True,False,False,2025-05-28,2025-05-29,-1.9108280254777066,154.0,0.8055808310585381,4350300.0,4.622051228504187,0.6236472343733938,0.0,False,1.0,1.0,1.0,34.94850141466532,864975.4100129667,5,1.0,1.0,1.0,2.993148214929686,4.405212230856725,0.15914443439167186,1.0,1.0,,1.0,0.0,0.0,-6.516199490353102,-6.005040383081683,1.5113838491639986,9.227422693379584,quiet_surface_breadth_ignition,63.05000000000001,12.994927324126557,25.399999999999977,0.0,17.049999999999983,15.578043544924855,5,True,NSE_FO|61693|29-05-2025:9296,10.456915056731052,10.356915056731053,9.456915056731052,fold_2,research_oof
NSE_FO|40485|05-06-2025,2025-06-05,CE,24850.0,2025-05-30 06:45:00+00:00,2025-05-30,735,6,3,172.15,172.7,166.6,172.55,139875,3746625,172.55,2.161042036708105,3.680092726745867,1.830225711481845,True,False,True,2025-05-30,2025-06-05,0.32088681446906797,171.95,0.6771653543307087,3772500.0,1.8401552222390372,1.1530603571511362,-0.006858846918489065,False,1.0,1.0,1.0,25.605131628849,636287.5209768977,7,0.71428573,0.71428573,0.71428573,1.4289006683567695,1.4671879626389606,0.9145885957252949,0.14285713,0.5714286,-26.13053571189812,0.2857142857142857,0.0,0.7142857142857143,0.9345794392523477,-0.4262453030156932,2.369377990430622,1.2264625974557575,quiet_surface_breadth_ignition,72.55000000000001,3.3749405277011006,4.899999999999977,1.9000000000000057,2.0999999999999943,2.839756592292076,5,False,,1.2170385395537493,1.1170385395537492,0.2170385395537493,fold_2,research_oof
NSE_FO|40485|05-06-2025,2025-06-05,CE,24850.0,2025-05-30 07:15:00+00:00,2025-05-30,765,6,3,170.8,173.75,170.75,173.2,83475,3793425,173.05,1.8823529411764683,3.5219399538106204,1.6812688821752266,False,False,True,2025-05-30,2025-06-05,0.8860011813349056,170.8,0.691164972634871,3780600.0,0.9963517598415628,0.9901039095403557,0.0033923186795746705,False,1.0,1.0,1.0,21.33141542470533,530085.6733039274,7,0.71428573,0.71428573,0.71428573,1.8823529411764683,0.9831345125462798,0.9449117759421699,0.0,0.0,-8.168261978538794,0.14285714285714285,0.0,0.5714285714285714,-4.090820121354466,-2.2861908549755006,1.2708803611738149,5.973173062530934,quiet_surface_breadth_ignition,73.05000000000001,2.7596831066359226,3.75,1.0500000000000114,3.049999999999983,2.167003756139844,5,False,,1.762496388327063,1.662496388327063,0.762496388327063,fold_2,research_oof
NSE_FO|40476|05-06-2025,2025-06-05,PE,24700.0,2025-06-04 06:18:00+00:00,2025-06-04,708,1,3,152.8,154.75,152.1,154.3,165450,5394225,154.7,2.3209549071617985,5.735580038885284,1.2821854112176694,True,False,False,2025-06-04,2025-06-05,0.22958346999017998,152.8,1.4728276663760536,5394225.0,2.0913714371716186,-0.19064225515838418,0.0,False,1.0,1.0,1.0,27.8895930046999,688872.9472160875,8,0.625,0.75,0.75,1.5685633389864728,1.747427219583797,1.100418767887836,0.0,0.25,0.33238068270657095,0.375,0.0,0.25,-5.438931297709926,-4.267056297709926,0.7538548114800225,7.759886204871725,quiet_surface_breadth_ignition,54.69999999999999,2.525324795846813,4.200000000000017,1.3999999999999773,2.4000000000000057,2.714932126696844,5,False,,1.5513897866839081,1.451389786683908,0.5513897866839081,fold_2,research_oof
NSE_FO|40476|05-06-2025,2025-06-05,PE,24700.0,2025-06-04 07:53:00+00:00,2025-06-04,803,1,3,139.75,144.9,139.6,143.15,348300,5396025,142.95,2.3962804005722482,6.007684247293045,2.297872340425532,True,False,True,2025-06-04,2025-06-05,-0.17857142857142794,139.75,0.6817258883248731,5396025.0,2.574851829143676,1.616146452100659,0.0,False,1.0,1.0,1.0,30.57850843842469,755289.1584290899,8,0.625,0.625,0.875,1.640584809289336,1.4650898824579484,1.020495305996698,0.5,0.0,118.4548346365882,0.25,0.0,0.625,-4.444444444444451,-4.019364742000253,2.422661870503597,6.840724845016699,quiet_surface_breadth_ignition,42.94999999999999,9.227937909499428,0.5,11.399999999999977,-11.099999999999994,0.3497726477789437,5,False,,-7.764952780692546,-7.864952780692546,-8.764952780692546,fold_2,research_oof
NSE_FO|44854|12-06-2025,2025-06-12,CE,24750.0,2025-06-06 04:26:00+00:00,2025-06-06,596,6,3,165.5,166.6,164.2,165.0,470775,4580400,165.15,3.480714957666997,5.696969696969701,1.392413487133984,True,False,False,2025-06-06,2025-06-12,1.591187270501826,166.0,1.0490239574090505,4580400.0,1.8895276871651712,0.3433895297249334,0.0,False,1.0,1.0,1.0,45.465577987988624,1125273.0552027184,5,1.0,1.0,1.0,3.4947215143793287,1.9420845057827707,0.14613318896897162,0.0,0.0,2.4554238467862888,1.0,0.0,0.0,-6.091370558375631,-1.0692139852589433,0.7907869481765835,9.572085516042627,quiet_surface_breadth_ignition,65.15,3.2669128015649873,1.4499999999999886,6.150000000000006,-5.0,0.8779897063275741,5,False,,-3.0275507114744173,-3.1275507114744174,-4.027550711474417,fold_2,research_oof
NSE_FO|44859|12-06-2025,2025-06-12,PE,24850.0,2025-06-06 06:42:00+00:00,2025-06-06,732,6,3,117.8,119.25,117.3,118.9,90075,2414325,118.75,2.765773552290418,4.499579478553401,1.8141993957703928,True,False,True,2025-06-06,2025-06-12,2.3427331887201808,117.95,0.9879154078549849,2392425.0,0.42304036357023733,0.8262839879154079,0.009153891971535159,False,1.0,1.0,1.0,31.553075989391267,784093.938336373,8,0.75,0.75,1.0,2.622462007972104,0.3251977180170118,1.6275871538717284,0.125,0.125,514.4251806035027,0.625,0.125,0.75,-4.24960505529226,-1.9549381776217456,2.542222222222222,7.0153786075826785,quiet_surface_breadth_ignition,18.75,8.151300555019033,3.799999999999997,1.75,0.25,3.1999999999999975,5,False,,0.21052631578947367,0.11052631578947367,-0.7894736842105263,fold_2,research_oof
NSE_FO|44859|12-06-2025,2025-06-12,PE,24850.0,2025-06-10 06:31:00+00:00,2025-06-10,721,2,0,19.75,20.45,19.75,20.45,29250,2794725,20.45,1.741293532338295,5.134474327628365,1.0469798657718121,False,False,False,2025-06-10,2025-06-12,-0.5037783375314908,19.75,1.6423841059602649,2794725.0,2.245071869869786,-0.5954042401884527,0.0,True,1.0,1.0,1.0,17.906886388250744,444986.126748031,8,0.625,0.75,0.625,1.7517040348916213,1.3967181916219484,1.0118479118069932,0.25,0.75,-53.22796706345616,0.25,0.0,0.125,-0.047923322683696146,-0.8565486596109007,1.0256410256410255,1.7892168550219911,quiet_surface_breadth_ignition,79.55,2.189967151065361,0.15000000000000213,0.8999999999999986,-0.09999999999999787,0.7334963325183479,5,False,,-0.48899755501221454,-0.5889975550122145,-1.4889975550122145,fold_2,research_oof
NSE_FO|50992|19-06-2025,2025-06-19,PE,24550.0,2025-06-16 07:50:00+00:00,2025-06-16,800,3,1,38.55,38.6,37.55,38.25,59925,1098450,38.35,0.13089005235600304,3.660130718954263,2.38863976083707,False,False,True,2025-06-16,2025-06-19,0.0,38.6,0.31390134529147984,1098450.0,0.13089005235600304,2.0747384155455904,0.0,False,1.0,1.0,1.0,1.4399038935455393,35349.64058654299,8,1.0,0.75,0.75,0.6818181818181834,0.26910769583787797,0.7038881181673377,0.5,0.125,-232.70330444207866,0.0,0.0,0.375,0.7645783407508988,1.5037186636983613,1.0,-0.6336882883948958,quiet_surface_breadth_ignition,61.65,2.6147628762802286,0.6000000000000014,0.5500000000000043,-0.5500000000000043,1.5645371577575002,5,False,,-1.4341590612777164,-1.5341590612777165,-2.4341590612777164,fold_2,research_oof
NSE_FO|50983|19-06-2025,2025-06-19,PE,24400.0,2025-06-16 08:11:00+00:00,2025-06-16,821,3,0,24.85,24.85,24.4,24.8,89550,2234850,24.75,1.4314928425357865,2.620967741935478,2.172884440400364,False,False,True,2025-06-16,2025-06-19,0.0,24.75,0.7734303912647862,2234850.0,1.4314928425357865,1.3994540491355778,0.0,False,1.0,1.0,1.0,16.32268814327329,398273.59069586825,8,0.75,0.75,1.0,0.964391999302705,0.9241518111016978,1.197740175322053,0.625,0.125,811.4841467330043,0.125,0.0,0.875,2.893725992317542,0.6676390357958084,8.761904761904763,-1.4622331497817553,quiet_surface_breadth_ignition,75.25,14.77447006979484,0.4499999999999993,0.75,0.25,1.8181818181818152,5,False,,1.0101010101010102,0.9101010101010102,0.010101010101010166,fold_2,research_oof
NSE_FO|62386|26-06-2025,2025-06-26,PE,24750.0,2025-06-20 06:47:00+00:00,2025-06-20,737,6,2,62.5,63.5,61.95,63.45,94125,2514225,63.3,2.8363047001620734,4.7281323877068555,2.5404858299595143,True,False,True,2025-06-20,2025-06-26,-0.6379585326953818,62.3,0.8157894736842105,2514225.0,3.474263232857455,1.7246963562753037,0.0,False,1.0,1.0,1.0,32.482466419979815,803941.0438945005,8,0.625,0.625,0.75,2.0857394269372387,3.2815973599620074,1.3602798691036524,0.375,0.0,-88.50908799909303,0.5,0.0,0.875,-0.3432930705658088,-2.691554330671042,4.805194805194805,3.179597770727882,quiet_surface_breadth_ignition,36.7,6.917990642037331,3.4000000000000057,0.25,1.7000000000000028,5.37124802527647,5,False,,2.685624012638235,2.585624012638235,1.6856240126382351,fold_2,research_oof
NSE_FO|62392|26-06-2025,2025-06-26,PE,24800.0,2025-06-20 08:50:00+00:00,2025-06-20,860,6,2,68.75,69.75,68.65,69.65,153600,10722450,69.6,2.051282051282066,5.096913137114138,1.2296607625337737,True,False,False,2025-06-20,2025-06-26,-0.07251631617113397,68.9,1.257280096067247,10722450.0,2.1237983674532,-0.027619333533473345,0.0,False,1.0,1.0,1.0,24.49664330275132,607516.7539082328,8,0.625,0.75,0.625,1.5708616780045315,1.7246048671385183,0.9411972931870543,0.375,0.125,1.642437539605453,0.125,0.0,0.0,0.3126274296588294,-0.1228652214026793,0.6674132138857782,1.7386546216232368,quiet_surface_breadth_ignition,30.400000000000006,4.010082681381897,1.1000000000000085,3.5999999999999943,-2.0,1.5804597701149548,5,False,,-2.873563218390805,-2.973563218390805,-3.873563218390805,fold_2,research_oof
NSE_FO|62395|26-06-2025,2025-06-26,CE,24900.0,2025-06-23 07:10:00+00:00,2025-06-23,760,3,3,169.9,174.2,169.35,173.8,435825,7668075,174.2,2.5066352108522594,5.437284234752583,1.8532929357359273,True,False,True,2025-06-23,2025-06-26,1.0385756676557945,170.25,0.9062905317769131,7721025.0,1.468059543196465,0.9470024039590142,-0.0068578977532128185,False,1.0,1.0,1.0,32.548654102304866,810461.4871473912,5,1.0,1.0,1.0,1.9600659461439962,1.2557708321418337,0.38519484099988577,0.0,0.0,1.2599446588938008,0.4,0.0,1.0,-0.4262574595055413,-0.21439305272588083,1.4899411946765708,2.9328926703578007,quiet_surface_breadth_ignition,74.19999999999999,1.945330681835049,8.5,2.0999999999999943,2.3500000000000227,4.879448909299656,5,False,,1.3490241102181533,1.2490241102181532,0.34902411021815327,fold_2,research_oof
NSE_FO|56925|03-07-2025,2025-07-03,CE,25600.0,2025-06-27 05:45:00+00:00,2025-06-27,675,6,3,167.8,169.6,165.45,168.8,726600,9186150,168.75,3.653669020571093,5.687203791469191,1.121880609113543,True,False,False,2025-06-27,2025-07-03,0.9323308270676733,167.8,0.5798158763244745,9249975.0,2.7213381935034198,0.5420647327890684,-0.00690001864869905,False,1.0,1.0,1.0,49.310402217682736,1262346.296772678,5,1.0,1.0,0.6,3.56828193832599,2.6228586465339765,0.22757748469547695,0.0,1.0,8.93376255493422,1.0,0.0,0.0,-5.578655578655589,-3.8813429902538883,1.1258161284630317,9.232324599226683,quiet_surface_breadth_ignition,68.75,4.093309489466744,0.25,8.150000000000006,-2.25,0.14814814814814814,5,False,,-1.3333333333333335,-1.4333333333333336,-2.3333333333333335,fold_2,research_oof
NSE_FO|56925|03-07-2025,2025-07-03,CE,25600.0,2025-06-27 06:09:00+00:00,2025-06-27,699,6,3,161.95,166.4,159.2,165.3,610350,8901150,165.3,2.9906542056074903,5.081669691470057,1.6485364124379622,True,False,True,2025-06-27,2025-07-03,0.8720024914356861,161.95,0.4647017117390864,8997300.0,2.118651714171804,1.1838347006988759,-0.01068653929512187,False,1.0,1.0,1.0,39.84086573607733,1019926.1628435798,5,1.0,1.0,1.0,2.9906542056074903,2.009676218831391,0.1941693368980432,0.0,1.0,10.189992958552466,1.0,0.0,0.8,-4.079460801702728,-2.688590616253373,2.0034324942791764,7.070115007310219,quiet_surface_breadth_ignition,65.30000000000001,3.917899946560209,0.9499999999999886,7.25,-2.3000000000000114,0.574712643678154,5,False,,-1.3914095583787123,-1.4914095583787124,-2.3914095583787125,fold_2,research_oof
NSE_FO|56888|03-07-2025,2025-07-03,CE,25550.0,2025-06-30 06:02:00+00:00,2025-06-30,692,3,3,154.05,156.3,153.35,153.5,300300,4272525,153.8,2.1630615640598982,6.058631921824112,1.223529411764706,True,False,False,2025-06-30,2025-07-03,0.9165302782324192,154.15,0.7550802139037434,4272525.0,1.246531285827479,0.4684491978609626,0.0,False,1.0,1.0,1.0,27.281701762329373,697047.4800275154,6,0.8333333,0.8333333,0.8333333,2.2758627658356234,1.460454769576558,1.1695851748886423,0.0,0.0,18.091740122326883,0.6666666666666666,0.0,0.16666666666666666,-1.9651630192050074,1.16402786143871,0.9648,4.128224583264906,quiet_surface_breadth_ignition,53.80000000000001,1.30208526450661,3.3999999999999773,3.450000000000017,-2.0500000000000114,2.210663198959673,5,False,,-1.3328998699609957,-1.4328998699609958,-2.332899869960996,fold_2,research_oof
NSE_FO|56888|03-07-2025,2025-07-03,CE,25550.0,2025-06-30 06:33:00+00:00,2025-06-30,723,3,3,152.25,157.2,151.65,156.8,406650,4515225,156.65,3.4300791556728383,5.867346938775503,2.1443543602926636,True,False,True,2025-06-30,2025-07-03,1.3986013986013957,152.25,0.8647321428571428,4452075.0,2.0314777570714426,1.2796222174355207,0.014184397163120567,False,1.0,1.0,1.0,44.30190971905507,1131913.793321857,6,0.8333333,0.8333333,0.8333333,3.537956244503082,2.094174038694352,1.4682138134174056,0.0,0.0,10.061378706905089,0.8333333333333334,0.0,0.8333333333333334,-3.599999999999992,-1.826164079822612,2.1174753739511125,7.03007915567283,quiet_surface_breadth_ignition,56.650000000000006,3.8728982867173394,0.3499999999999943,7.25,-5.450000000000017,0.22342802425789612,5,False,,-3.4790935205873073,-3.5790935205873073,-4.479093520587307,fold_2,research_oof
NSE_FO|56888|03-07-2025,2025-07-03,CE,25550.0,2025-07-01 05:45:00+00:00,2025-07-01,675,2,2,98.35,99.5,97.05,98.0,355350,7680900,97.85,0.46130189646336195,4.081632653061225,1.2952433023510115,False,False,False,2025-07-01,2025-07-03,-0.5058168942842722,98.35,0.9505194095133953,7519425.0,0.9671187907476342,0.3447238928376162,0.02147438135229755,False,1.0,1.0,1.0,5.895835561835184,150638.59860488895,6,1.0,0.8333333,0.6666667,0.6404084901882268,1.0148691638479868,0.4728763518092107,0.8333333,0.3333333,,0.0,0.0,0.0,0.0,0.047483380816715215,0.7686520376175549,0.46130189646336195,quiet_surface_breadth_ignition,2.1500000000000057,6.400886456010962,4.900000000000006,4.199999999999989,1.0,5.007664793050594,5,False,,1.0219724067450178,0.9219724067450178,0.02197240674501777,fold_2,research_oof
NSE_FO|56924|03-07-2025,2025-07-03,PE,25550.0,2025-07-01 06:22:00+00:00,2025-07-01,712,2,3,101.85,105.3,101.0,105.3,174075,5493825,105.2,2.382109868740878,4.178537511870837,1.2352315061202768,True,False,False,2025-07-01,2025-07-03,-1.2153621779290247,101.6,0.6003193187865886,5493825.0,3.597472046669903,0.6349121873336881,0.0,False,1.0,1.0,1.0,28.745508797169705,734447.749767686,8,0.625,0.625,0.875,2.014011672482041,2.8113137597628457,1.2024958126969543,0.625,0.625,,0.5,0.0,0.375,-2.885624344176285,-4.519783542911149,1.1273234200743494,5.267734212917164,quiet_surface_breadth_ignition,5.200000000000003,8.920717364304805,12.649999999999991,1.7000000000000028,7.799999999999997,12.02471482889733,5,False,,7.4144486692015175,7.314448669201518,6.4144486692015175,fold_2,research_oof
NSE_FO|56960|03-07-2025,2025-07-03,PE,25600.0,2025-07-02 06:11:00+00:00,2025-07-02,701,1,3,150.0,152.3,149.0,151.15,358350,5735625,150.75,2.8931245745404954,5.35891498511414,1.0363301160394751,True,False,False,2025-07-02,2025-07-03,1.1486486486486314,149.7,0.6551173922954183,5820750.0,1.744475925891864,0.3812127237440568,-0.014624404071640253,False,1.0,1.0,1.0,37.00094621234892,947224.2230361324,8,0.625,0.625,0.625,1.9170125559272333,0.8233615137993144,1.4935381574194107,0.0,-0.125,-3.4949426930652407,0.5,0.0,0.375,-3.4161490683229823,-2.0010547287003466,0.9950322234156821,6.309273642863477,quiet_surface_breadth_ignition,50.75,2.210180724289838,1.0999999999999943,9.75,-8.550000000000011,0.7296849087893826,5,False,,-5.671641791044784,-5.771641791044783,-6.671641791044784,fold_2,research_oof
NSE_FO|40042|10-07-2025,2025-07-10,CE,25400.0,2025-07-04 05:15:00+00:00,2025-07-04,645,6,3,162.0,165.3,161.5,163.5,607200,8307525,163.25,1.1131725417439675,5.840978593272178,1.6947875235503453,False,False,True,2025-07-04,2025-07-10,-1.2511443393347421,161.8,0.8270881306259158,8170125.0,2.3643168810787096,0.8676993929244295,0.01681736815532198,False,1.0,1.0,1.0,14.823690336140247,376521.7345379623,6,0.8333333,0.8333333,0.8333333,0.6972203257170739,2.187294899533998,0.39979660498850644,0.8333333,0.0,,0.0,0.0,0.5,-1.610369206598583,-1.451702011041267,0.996916085051128,2.7235417483425506,quiet_surface_breadth_ignition,63.25,8.338247211283838,0.3499999999999943,8.25,-7.449999999999989,0.21439509954057848,5,False,,-4.563552833078094,-4.663552833078094,-5.563552833078094,fold_2,research_oof
NSE_FO|40047|10-07-2025,2025-07-10,CE,25450.0,2025-07-04 05:35:00+00:00,2025-07-04,665,6,3,137.75,138.4,134.1,137.15,297600,5057325,137.15,3.4703885326291983,5.213270142180098,1.204066150811713,True,False,False,2025-07-04,2025-07-10,0.9904622157006493,137.65,1.7187073281747838,5057325.0,2.479926316928549,-0.5146411773630708,0.0,False,1.0,1.0,1.0,43.73907290372859,1113159.4053998927,6,0.8333333,0.8333333,0.6666667,3.2061618321663765,2.1982946267480097,1.4198231039176095,0.0,0.8333333,-11.649121634854964,0.8333333333333334,0.0,0.0,-0.8964143426294813,-1.2004683966835294,1.1337484433374845,4.36680287525868,quiet_surface_breadth_ignition,37.150000000000006,1.8465434620151884,0.25,4.5,-3.950000000000017,0.18228217280349981,5,False,,-2.8800583302953093,-2.9800583302953094,-3.8800583302953093,fold_2,research_oof
NSE_FO|40046|10-07-2025,2025-07-10,PE,25400.0,2025-07-07 05:53:00+00:00,2025-07-07,683,3,2,87.5,88.2,85.65,85.9,493575,11453250,85.65,3.0593881223755393,5.937136204889415,1.3091306942510443,True,False,False,2025-07-07,2025-07-10,1.9813519813519864,87.5,1.183673469387755,11453250.0,1.0780361410235528,0.12545722486328925,0.0,False,1.0,1.0,1.0,40.10684094356773,1018713.7599666204,8,0.625,0.75,0.625,2.0658424669885878,0.6575550033436794,1.3718335975327953,0.0,0.125,-6.816710708932078,0.5,0.0,0.125,-0.49968769519049827,-0.8850441499111406,0.6568998109640832,3.5590758175660375,quiet_surface_breadth_ignition,14.349999999999994,0.5702985823874351,4.25,0.0,2.5,4.9620548744891995,5,False,,2.9188558085230585,2.8188558085230584,1.9188558085230585,fold_2,research_oof
NSE_FO|40051|10-07-2025,2025-07-10,CE,25550.0,2025-07-07 07:14:00+00:00,2025-07-07,764,3,2,74.9,77.5,74.8,76.35,169200,4386525,76.4,1.9359145527369614,5.566470203012443,1.4910773298083277,False,False,False,2025-07-07,2025-07-10,-2.096985583224109,74.7,0.9557171183079973,4386525.0,4.0329001359610706,0.5353602115003304,0.0,True,1.0,1.0,1.0,23.30617065772779,595472.6603049451,6,0.8333333,0.8333333,0.8333333,1.9451331555751628,3.1697389873744264,0.8232686531034971,0.8333333,0.8333333,,0.3333333333333333,0.0,0.16666666666666666,-1.6427718040621264,-2.0324600534625925,1.4457831325301205,3.578686356799088,quiet_surface_breadth_ignition,23.599999999999994,9.959698993077794,0.0,4.800000000000011,-2.6500000000000057,0.0,5,False,,-3.468586387434562,-3.568586387434562,-4.468586387434562,fold_2,research_oof
NSE_FO|40040|10-07-2025,2025-07-10,CE,25350.0,2025-07-08 05:26:00+00:00,2025-07-08,656,2,3,160.3,162.7,159.7,162.35,70275,1397475,162.95,2.2033364809568745,3.7881121034801395,1.906408952187182,True,False,True,2025-07-08,2025-07-10,0.5961719485409578,160.3,0.9216683621566633,1397475.0,1.6071645324159167,0.9847405900305188,0.0,False,1.0,1.0,1.0,24.58964412288149,623347.4785150458,6,0.8333333,1.0,0.8333333,2.65416554586535,1.9805813609152567,1.2042967198976806,0.0,0.16666669,31.899711864494748,0.8333333333333334,0.0,0.3333333333333333,-5.599999999999994,-2.403196803196806,1.4618388356407526,7.803336480956869,quiet_surface_breadth_ignition,62.94999999999999,4.242916453698513,4.550000000000011,3.6999999999999886,-1.6499999999999773,2.7922675667382704,5,False,,-1.0125805461797959,-1.112580546179796,-2.012580546179796,fold_2,research_oof
NSE_FO|40040|10-07-2025,2025-07-10,CE,25350.0,2025-07-08 05:59:00+00:00,2025-07-08,689,2,3,156.9,159.5,156.4,158.85,42375,1440000,159.0,2.3188405797101463,5.225055083412031,1.441326530612245,True,False,False,2025-07-08,2025-07-10,0.7707129094412402,156.9,0.5,1440000.0,1.5481276702689062,0.9413265306122449,0.0,False,1.0,1.0,1.0,24.705710013273897,626289.7488364934,6,0.8333333,0.8333333,0.8333333,2.3690550006339572,1.444818093332667,1.0777586893887476,0.0,0.8333333,-6.073822526650474,0.6666666666666666,0.0,0.0,-3.597122302158273,-3.597122302158273,1.688336520076482,5.91596288186842,quiet_surface_breadth_ignition,59.0,2.5642690495406018,3.5,2.0500000000000114,-0.19999999999998863,2.20125786163522,5,False,,-0.12578616352200545,-0.22578616352200545,-1.1257861635220054,fold_2,research_oof
NSE_FO|40042|10-07-2025,2025-07-10,CE,25400.0,2025-07-09 05:15:00+00:00,2025-07-09,645,1,3,173.25,176.85,172.4,173.4,279075,4878600,173.4,1.9400352733686121,5.363321799307949,1.5611495699601428,False,False,True,2025-07-09,2025-07-10,1.255107997664906,173.45,0.5613593455003146,4842225.0,0.6849272757037062,0.9997902244598281,0.007512042501122934,False,1.0,1.0,1.0,24.326566785991123,617894.7963641745,7,0.85714287,0.71428573,0.71428573,1.9400352733686121,0.7348458275022729,1.1468469060320683,0.0,0.71428573,1.6367533770026057,0.2857142857142857,0.0,0.42857142857142855,-1.2684989429175397,-1.4830912175956446,0.9308388654194327,3.208534216286152,quiet_surface_breadth_ignition,73.4,1.1593124019878238,2.5,8.200000000000017,-0.45000000000001705,1.441753171856978,5,False,,-0.25951557093426586,-0.3595155709342659,-1.2595155709342658,fold_2,research_oof
NSE_FO|40042|10-07-2025,2025-07-10,CE,25400.0,2025-07-09 06:36:00+00:00,2025-07-09,726,1,3,165.25,169.0,164.9,168.55,154950,4877100,168.4,1.8121413470250758,4.153070305547315,1.159046283309958,False,False,False,2025-07-09,2025-07-10,0.7007921998781308,165.25,0.7618243243243243,4838625.0,1.111349147146945,0.3972219589856336,0.00795163915368519,False,1.0,1.0,1.0,21.65665518010848,550079.0415747553,8,0.625,0.625,0.625,1.5291236330140956,0.7359710391392049,1.126220695465513,0.0,0.125,-4.722233849686745,0.375,0.0,0.0,-0.6711409395973256,-0.45422119990100596,1.2037434197699357,2.4832822866224014,quiet_surface_breadth_ignition,68.4,1.1115954579621117,9.150000000000006,0.950000000000017,6.5,5.433491686460811,5,False,,3.859857482185273,3.759857482185273,2.859857482185273,fold_2,research_oof
NSE_FO|47282|17-07-2025,2025-07-17,CE,25150.0,2025-07-11 06:00:00+00:00,2025-07-11,690,6,3,155.7,158.95,155.65,156.8,352875,1958175,157.1,1.950585175552666,4.974489795918356,2.1863382899628254,False,False,True,2025-07-11,2025-07-17,1.3974650633734154,156.0,1.1352230483271375,1852650.0,0.5531201121792506,1.051115241635688,0.05695895069225164,False,1.0,1.0,1.0,24.916525356469037,626650.6127151963,6,0.8333333,0.8333333,0.8333333,2.183022056375372,0.5920162967582132,1.1033382646176786,0.0,0.0,-4.714409617638012,0.5,0.0,0.8333333333333334,-2.1929824561403466,-1.7051775780915657,1.0053658915934365,4.143567631693013,quiet_surface_breadth_ignition,57.099999999999994,1.7022377043051657,5.25,1.6999999999999886,2.6500000000000057,3.3418204964990457,5,False,,1.686823679185236,1.586823679185236,0.686823679185236,fold_2,research_oof
NSE_FO|47295|17-07-2025,2025-07-17,CE,25350.0,2025-07-11 06:22:00+00:00,2025-07-11,712,6,2,69.55,71.1,69.55,70.95,95025,5290575,70.85,1.0683760683760646,5.84918957011981,0.9583963691376702,False,False,False,2025-07-11,2025-07-17,-1.5580736543909235,69.5,0.5798258345428157,5290575.0,2.626449722766988,0.37857053459485457,0.0,True,1.0,1.0,0.0,12.245625873235547,310426.6158865211,6,0.8333333,0.8333333,0.6666667,0.7703434593890113,2.0976771197079414,0.3658170571174907,0.8333333,0.8333333,,0.0,0.0,0.0,-1.5972222222222165,-1.9228036175710561,1.0368098159509203,2.665598290598281,quiet_surface_breadth_ignition,29.150000000000006,7.842092046831496,1.3000000000000114,3.549999999999997,-2.8999999999999915,1.834862385321117,5,False,,-4.093154551870136,-4.193154551870136,-5.093154551870136,fold_2,research_oof
NSE_FO|47294|17-07-2025,2025-07-17,PE,25300.0,2025-07-16 06:15:00+00:00,2025-07-16,705,1,3,161.0,163.4,157.9,162.45,143925,2877975,162.05,0.33971587399628245,5.1400430901815914,1.1708358755338621,False,False,False,2025-07-16,2025-07-17,-0.9256402344955283,160.55,0.7744360902255639,2819550.0,1.2653561084918108,0.3963997853082982,0.020721391711443316,False,1.0,1.0,1.0,4.034823969530873,102081.04642913108,8,0.625,0.875,0.75,0.15559699093422585,1.6201618269930718,0.19143602838051882,0.625,0.25,,0.0,0.0,0.25,-1.098901098901095,-1.098901098901095,0.966755912539045,1.4386169728973774,quiet_surface_breadth_ignition,62.05000000000001,5.090965533999758,0.44999999999998863,15.200000000000017,-13.050000000000011,0.2776920703486508,5,False,,-8.053070040111084,-8.153070040111084,-9.053070040111084,fold_2,research_oof
NSE_FO|49487|24-07-2025,2025-07-24,CE,25000.0,2025-07-18 04:41:00+00:00,2025-07-18,611,6,3,156.2,159.35,155.2,159.05,414750,4683825,158.85,0.6008855154965298,5.62716127004086,1.378880438848024,False,False,False,2025-07-18,2025-07-24,-4.120541205412042,155.9,1.7818227153721482,4683825.0,4.721426720908572,-0.4029422765241242,0.0,False,1.0,1.0,1.0,7.7727146984085635,194317.8674602141,6,0.8333333,0.8333333,0.8333333,0.3779334642719623,4.636512023269523,0.8859003876995828,0.8333333,0.8333333,,0.0,0.0,0.16666666666666666,-0.19002375296912621,-6.6659273674269715,1.7328736321391096,0.790909268465656,quiet_surface_breadth_ignition,58.849999999999994,9.170214120983498,1.1500000000000057,15.099999999999994,-14.199999999999989,0.7239534151715491,5,False,,-8.939250865596469,-9.039250865596468,-9.939250865596469,fold_2,research_oof
NSE_FO|49487|24-07-2025,2025-07-24,CE,25000.0,2025-07-18 05:54:00+00:00,2025-07-18,684,6,3,130.45,133.35,130.15,132.45,458775,9803175,132.5,1.416539050535981,4.039260098150241,1.1512185941469841,False,False,False,2025-07-18,2025-07-24,0.2309468822170757,130.2,0.9760045167968382,9752400.0,1.1855921683189052,0.17521407735014594,0.005206410729666543,False,1.0,1.0,1.0,18.466452604987904,461661.3151246976,6,0.8333333,0.8333333,0.6666667,1.4678763170463571,1.003873013794221,0.6442769844070436,0.0,0.8333333,-17.408583262040338,0.0,0.0,0.0,-3.6337209302325535,-2.3669818784772145,1.2841875681570338,5.050259980768534,quiet_surface_breadth_ignition,32.5,1.5691723953795358,3.9000000000000057,1.9499999999999886,-0.6500000000000057,2.9433962264150986,5,False,,-0.49056603773585333,-0.5905660377358534,-1.4905660377358534,fold_2,research_oof
NSE_FO|49490|24-07-2025,2025-07-24,CE,25050.0,2025-07-21 06:40:00+00:00,2025-07-21,730,3,3,109.65,112.7,109.15,112.2,442500,5687025,112.15,2.3255813953488413,5.9714795008912676,1.2979870201297987,True,False,False,2025-07-21,2025-07-24,0.9690816797415902,109.4,0.5682543174568254,5687025.0,1.3564997156072511,0.7297327026729733,0.0,False,1.0,1.0,1.0,30.233018612359526,757337.1162396062,6,0.8333333,0.8333333,0.6666667,1.8759666530008379,1.1571769044148805,0.8698969310135021,0.0,0.0,20.082952823457163,0.3333333333333333,0.0,0.0,-2.8451001053740765,-0.14520394753400057,1.0705813270698767,5.170681500722917,quiet_surface_breadth_ignition,12.150000000000006,1.9562748307802378,2.1499999999999915,3.8000000000000114,-2.0,1.917075345519386,5,False,,-1.7833259028087385,-1.8833259028087386,-2.7833259028087385,fold_2,research_oof
NSE_FO|55797|31-07-2025,2025-07-31,CE,24950.0,2025-07-25 07:49:00+00:00,2025-07-25,799,6,2,88.3,90.65,86.6,90.4,181125,5077725,90.4,0.9491903964265802,6.028761061946905,1.4383561643835616,False,False,False,2025-07-25,2025-07-31,-1.229050279329602,88.4,1.0151174010935993,5046825.0,2.1782406757561823,0.42323876328996235,0.006122661277139588,False,1.0,1.0,1.0,11.491798962097445,286720.38410433126,6,0.8333333,0.8333333,0.6666667,0.45840412548757703,1.814265714024571,0.3276422687062837,0.8333333,0.0,,0.0,0.0,0.0,-1.6516951608229635,-1.9687894242994664,1.2093690248565965,2.6008855572495437,quiet_surface_breadth_ignition,9.599999999999994,7.590478794935298,3.6499999999999915,1.9500000000000028,2.3999999999999915,4.0376106194690164,5,False,,2.6548672566371585,2.5548672566371584,1.6548672566371585,fold_2,research_oof
NSE_FO|39857|07-08-2025,2025-08-07,PE,24750.0,2025-08-04 06:25:00+00:00,2025-08-04,715,3,3,162.3,166.5,162.05,164.3,76950,1283250,164.3,1.9230769230769384,3.956177723676202,1.2573529411764706,False,False,False,2025-08-04,2025-08-07,-1.786254919769914,162.2,0.33088235294117646,1283250.0,3.7093318428468525,0.9264705882352942,0.0,False,1.0,1.0,1.0,21.63639256660436,535500.7160234579,5,1.0,1.0,1.0,1.820884429580083,3.7093318428468525,0.1378151928586967,1.0,1.0,,0.0,0.0,0.2,-1.2961116650049842,-1.9027850724872897,0.8029960429621255,3.2191885880819227,quiet_surface_breadth_ignition,64.30000000000001,11.452996198345367,0.9499999999999886,10.300000000000011,-1.200000000000017,0.578210590383438,5,False,,-0.7303712720633092,-0.8303712720633092,-1.730371272063309,fold_3,research_oof
NSE_FO|39855|07-08-2025,2025-08-07,PE,24700.0,2025-08-04 06:51:00+00:00,2025-08-04,741,3,3,134.3,137.65,134.05,137.3,353550,6493350,137.3,1.0301692420897846,4.770575382374371,1.2535567078845897,False,False,False,2025-08-04,2025-08-07,0.18670649738610212,134.15,0.9980055843637814,6353250.0,0.8434627447036824,0.25555112352080833,0.02205170581985598,False,1.0,1.0,1.0,13.161218716464983,325082.1022966851,5,1.0,1.0,0.8,1.0301692420897846,0.7008312175099007,0.27622809849145186,0.0,1.0,30.110530978941824,0.0,0.0,0.0,-1.1652101539742055,-0.7550378816198133,0.7428061123238738,2.19537939606399,quiet_surface_breadth_ignition,37.30000000000001,0.849871313297919,1.9499999999999886,7.450000000000017,-6.700000000000017,1.4202476329206035,5,False,,-4.879825200291345,-4.979825200291344,-5.879825200291345,fold_3,research_oof
NSE_FO|39857|07-08-2025,2025-08-07,PE,24750.0,2025-08-05 06:23:00+00:00,2025-08-05,713,2,3,166.05,170.4,165.95,168.6,37725,1758975,168.85,2.305825242718429,4.6559905100830505,1.0349794238683128,True,False,False,2025-08-05,2025-08-07,-0.0302388872089443,165.3,0.7351460221550856,1758975.0,2.3360641299273732,0.29983340171322714,0.0,True,1.0,1.0,1.0,24.299028037282305,601400.943922737,8,0.625,0.75,0.75,1.5765748040465266,1.6183298564026338,1.2265300190129125,0.125,0.5,18.276422756618558,0.375,0.0,0.375,-4.81818181818181,-4.361143426956948,1.3088942307692308,7.124007060900239,quiet_surface_breadth_ignition,68.85,4.287598207408628,8.150000000000006,2.0999999999999943,4.050000000000011,4.826769321883332,5,False,,2.3985786200769983,2.298578620076998,1.3985786200769983,fold_3,research_oof
NSE_FO|39857|07-08-2025,2025-08-07,PE,24750.0,2025-08-05 07:19:00+00:00,2025-08-05,769,2,3,154.15,157.5,153.8,157.2,88500,1768950,157.1,2.0116807268007797,4.643765903307895,1.2694997310381926,True,False,False,2025-08-05,2025-08-07,0.09794319294809117,153.3,0.9743290548424738,1768950.0,1.9137375338526885,0.2951706761957188,0.0,True,1.0,1.0,1.0,22.914590722996998,567136.1203941756,8,0.625,0.875,0.875,1.8903356807781213,1.7353768376797474,1.058628730405056,0.0,0.75,13.664446383376344,0.5,0.0,0.375,-5.321100917431187,-3.4879203491452127,0.9643846458250891,7.332781644231967,quiet_surface_breadth_ignition,57.099999999999994,3.114387215252566,6.200000000000017,1.9499999999999886,4.0,3.946530872056026,5,False,,2.546148949713558,2.446148949713558,1.546148949713558,fold_3,research_oof
NSE_FO|44470|14-08-2025,2025-08-14,CE,24450.0,2025-08-08 06:54:00+00:00,2025-08-08,744,6,3,137.45,140.0,136.5,139.4,376125,4835775,139.25,2.5000000000000133,5.0215208034433285,1.850212137981922,True,False,True,2025-08-08,2025-08-14,2.003710575139128,137.45,0.9415237041136322,4746750.0,0.4962894248608851,0.9086884338682899,0.0187549375888766,False,1.0,1.0,1.0,32.09419868154869,784703.1577638654,5,1.0,1.0,1.0,2.412280701754388,0.4962894248608851,0.2069463587092656,0.0,0.0,1.3312746893607255,1.0,0.0,0.8,-2.5523809523809504,0.11880038697195117,1.2468619246861925,5.052380952380964,quiet_surface_breadth_ignition,39.25,1.6283517511928538,5.25,5.449999999999989,3.75,3.7701974865350087,5,False,,2.6929982046678633,2.5929982046678632,1.6929982046678633,fold_3,research_oof
NSE_FO|44470|14-08-2025,2025-08-14,CE,24450.0,2025-08-11 08:59:00+00:00,2025-08-11,869,3,3,168.45,171.05,167.6,170.45,284925,3385650,170.0,2.341639147403174,5.280140803754767,1.8695866141732282,True,False,True,2025-08-11,2025-08-14,0.9892086330935079,168.45,0.765255905511811,3385650.0,1.352430514309666,1.1043307086614171,0.0,False,1.0,1.0,1.0,29.41095204323731,719097.7774571521,5,1.0,1.0,1.0,2.378121284185486,1.352430514309666,0.08922930879572459,0.0,0.0,1.3076391107097152,1.0,0.0,0.8,-1.9504876219054945,-0.39262412042180284,1.0767139250339872,4.292126769308668,quiet_surface_breadth_ignition,70.0,2.353530655012439,24.69999999999999,0.0,17.849999999999994,14.529411764705877,5,False,,10.499999999999996,10.399999999999997,9.499999999999996,fold_3,research_oof
NSE_FO|47231|21-08-2025,2025-08-21,CE,25000.0,2025-08-18 08:56:00+00:00,2025-08-18,866,3,2,97.2,99.35,97.1,98.55,523500,14373525,98.55,4.010554089709761,5.428716387620492,1.1101391650099404,True,False,False,2025-08-18,2025-08-21,0.4123711340206171,97.4,0.7268337357422363,14373525.0,3.5981829556891443,0.38330542926770406,0.0,False,1.0,1.0,1.0,52.81215623655957,1320303.905913989,5,1.0,1.0,1.0,3.608896349139745,3.1975429966099256,0.5447453064029835,0.0,0.0,23.077551696675073,1.0,0.0,0.0,-2.9643527204502695,-2.811797419153561,0.9188365299123586,6.9749068101600304,quiet_surface_breadth_ignition,1.4500000000000028,4.515183093984479,1.9500000000000028,4.0,-1.9500000000000028,1.9786910197869132,5,False,,-1.9786910197869132,-2.078691019786913,-2.978691019786913,fold_3,research_oof
NSE_FO|47212|21-08-2025,2025-08-21,CE,24850.0,2025-08-19 05:31:00+00:00,2025-08-19,661,2,3,139.15,144.45,138.8,142.9,206550,2424300,142.9,2.510760401721668,5.703289013296016,1.7435897435897436,True,False,True,2025-08-19,2025-08-21,1.5311702515493852,139.25,0.5178854067742956,2424300.0,0.9795901501722826,1.2257043368154479,0.0,False,1.0,1.0,1.0,30.72744563837579,763577.0241136384,6,0.8333333,0.8333333,0.8333333,2.489660592104437,0.377065436134727,1.069868689379608,0.0,0.0,-10.388740275058808,0.6666666666666666,0.0,0.16666666666666666,-5.30303030303031,-2.8562217923920112,2.0594762538837106,7.813790704751978,quiet_surface_breadth_ignition,42.900000000000006,2.6240723933625416,6.0,2.3000000000000114,4.599999999999994,4.198740377886634,5,False,,3.2190342897130817,3.1190342897130816,2.2190342897130817,fold_3,research_oof
NSE_FO|47216|21-08-2025,2025-08-21,CE,24900.0,2025-08-20 07:08:00+00:00,2025-08-20,758,1,3,169.0,170.4,168.15,169.0,253200,4363725,168.6,3.2061068702289974,5.3846153846153815,1.4196804037005888,True,False,False,2025-08-20,2025-08-21,1.7194570135746545,168.6,1.087696335078534,4363725.0,1.486649856654343,0.33198406862205476,0.0,False,1.0,1.0,1.0,39.89018584618616,993265.6275700353,5,1.0,1.0,1.0,3.661971830985933,1.4214202782694585,0.8012474281816455,0.0,1.0,-8.642711871765641,0.8,0.0,0.2,-3.5377358490566,-1.8670914576484954,0.8564363430832274,6.743842719285597,quiet_surface_breadth_ignition,68.6,2.160396286459538,4.349999999999994,5.0,-1.1500000000000057,2.580071174377221,5,False,,-0.6820877817319132,-0.7820877817319132,-1.682087781731913,fold_3,research_oof
NSE_FO|47221|21-08-2025,2025-08-21,CE,24950.0,2025-08-20 07:29:00+00:00,2025-08-20,779,1,3,131.95,134.4,131.5,132.9,363900,4307175,132.6,0.6436955698599034,5.643340857787811,1.2830887214068492,False,False,False,2025-08-20,2025-08-21,-0.7521624670928873,131.95,0.6373132354885628,4307175.0,1.3958580369527906,0.6457754859182864,0.0,False,1.0,1.0,1.0,8.242288195277226,205645.09047216678,5,1.0,1.0,1.0,0.39107430411777777,0.8900252154813382,0.20974658703106322,1.0,0.0,,0.0,0.0,0.4,-0.9398496240601517,-0.7511703787771329,0.8385549624816276,1.583545193920055,quiet_surface_breadth_ignition,32.599999999999994,7.9424510103492105,2.4000000000000057,5.299999999999997,0.0,1.809954751131226,5,False,,0.0,-0.1,-1.0,fold_3,research_oof
NSE_FO|71972|28-08-2025,2025-08-28,CE,24950.0,2025-08-22 06:21:00+00:00,2025-08-22,711,6,3,115.5,119.1,115.25,118.45,391575,6993900,118.35,1.456102783725921,5.783030814689737,1.1249730661495367,False,False,False,2025-08-22,2025-08-28,-1.7006802721088454,115.6,0.8416289592760181,6899250.0,3.1567830558347665,0.28334410687351863,0.013718882487226872,False,1.0,1.0,1.0,18.7515968575982,467852.3415970751,5,1.0,1.0,0.6,1.3802622498274575,3.6343606104832005,0.15590123047141907,1.0,1.0,,0.0,0.0,0.0,-2.4069028156221584,-2.6346932484239916,0.9797115619652896,3.8630055993480794,quiet_surface_breadth_ignition,18.349999999999994,9.878269892630815,0.8000000000000114,4.1499999999999915,-0.44999999999998863,0.6759611322349061,5,False,,-0.3802281368821197,-0.48022813688211974,-1.3802281368821196,fold_3,research_oof
NSE_FO|71972|28-08-2025,2025-08-28,CE,24950.0,2025-08-22 07:34:00+00:00,2025-08-22,784,6,3,103.85,107.4,103.0,106.85,337425,7047075,106.55,3.0376084860173513,5.615348619560131,1.6019227345558127,True,False,True,2025-08-22,2025-08-28,-0.48007681228996457,103.65,1.0710343599786363,6941775.0,3.517685298307316,0.5308883745771764,0.015169030975506984,False,1.0,1.0,1.0,38.666026753985555,964717.3675119396,6,0.8333333,0.8333333,0.8333333,2.795308356201942,3.575653994179623,1.1604590015328475,0.8333333,0.8333333,,0.8333333333333334,0.0,0.5,-2.790503956684709,-2.87380258225739,1.9571865443425076,5.828112442702061,quiet_surface_breadth_ignition,6.549999999999997,10.047111216630896,0.29999999999999716,5.299999999999997,-2.049999999999997,0.2815579540121982,5,False,,-1.923979352416703,-2.023979352416703,-2.923979352416703,fold_3,research_oof
NSE_FO|71987|28-08-2025,2025-08-28,PE,25050.0,2025-08-25 06:43:00+00:00,2025-08-25,733,3,3,110.7,113.6,110.6,113.15,150075,2362275,113.2,2.723558783477076,5.214317277949629,1.392969021928298,True,False,False,2025-08-25,2025-08-28,-0.7171671896010756,110.75,0.7031788586748372,2362275.0,3.4407259730781514,0.6897901632534608,0.0,False,1.0,1.0,1.0,32.46181691720247,813168.5137759219,8,0.625,0.625,1.0,2.2296011495592016,2.610718606026613,1.407000614376908,0.625,0.625,,0.625,0.0,0.5,-3.2362459546925515,-3.2362459546925515,0.8461538461538461,5.959804738169627,quiet_surface_breadth_ignition,13.200000000000003,8.694493243742432,0.0,9.0,-8.150000000000006,0.0,5,False,,-7.199646643109546,-7.299646643109545,-8.199646643109546,fold_3,research_oof
NSE_FO|71989|28-08-2025,2025-08-28,PE,25100.0,2025-08-25 07:37:00+00:00,2025-08-25,787,3,3,126.75,130.5,126.7,129.65,120300,3413625,129.65,1.7660910518053408,5.553413035094498,1.1201117318435754,False,False,False,2025-08-25,2025-08-28,-0.15785319652723562,126.5,0.6662011173184358,3413625.0,1.9239442483325764,0.4539106145251396,0.0,True,1.0,1.0,1.0,20.659295512229548,518548.31735696166,8,0.625,0.625,0.875,1.8027267030945815,2.0201574564828517,1.3799308261961356,0.125,0.625,-2368.290386834011,0.375,0.0,0.25,-1.382978723404249,-2.2277516906692885,1.0201532115497938,3.1490697752095897,quiet_surface_breadth_ignition,29.650000000000006,-21.13989791167257,0.75,6.3500000000000085,-2.5500000000000114,0.5784805244890089,5,False,,-1.9668337832626388,-2.0668337832626387,-2.966833783262639,fold_3,research_oof
NSE_FO|48941|02-09-2025,2025-09-02,CE,24750.0,2025-08-28 07:19:00+00:00,2025-08-28,769,5,2,60.5,61.1,60.0,60.85,21900,1288650,60.85,2.9610829103214886,5.669679539852099,1.2532188841201717,True,False,False,2025-08-28,2025-09-02,0.4145936981757803,60.55,0.8263736263736263,1287000.0,2.5464892121457083,0.42684525774654536,0.001282051282051282,False,1.0,1.0,1.0,29.593914144686106,732449.3750809812,5,1.0,1.0,0.6,2.941176470588247,1.9457924014676387,0.04330717647056949,0.0,1.0,7.990499467112386,1.0,0.0,0.0,-2.522255192878331,-0.9492214850131631,0.48739495798319327,5.48333810319982,quiet_surface_breadth_ignition,39.15,2.9600329969872656,2.049999999999997,1.0,0.5,3.3689400164338488,5,False,,0.8216926869350863,0.7216926869350864,-0.17830731306491365,fold_3,research_oof
NSE_FO|48938|02-09-2025,2025-09-02,PE,24650.0,2025-08-29 08:13:00+00:00,2025-08-29,823,4,3,155.3,158.0,155.3,157.3,76200,1364625,157.5,3.079947575360431,5.054036872218683,0.7667924528301887,True,False,False,2025-08-29,2025-09-02,2.336294833826935,155.5,0.38760806916426516,1364625.0,0.7436527415334959,0.37918438366592355,0.0,False,1.0,1.0,0.0,34.622090671858956,853434.5350613233,5,1.0,1.0,0.8,2.3640661938534313,0.5256612940156113,0.7206090447183003,0.0,0.19999999,-7.401842275292438,0.8,0.0,0.2,-2.389486260453999,0.08985258252122152,0.765192812436907,5.46943383581443,quiet_surface_breadth_ignition,57.5,0.9358643866221772,6.349999999999994,1.0,3.4000000000000057,4.031746031746028,5,False,,2.158730158730162,2.058730158730162,1.1587301587301622,fold_3,research_oof
NSE_FO|48944|02-09-2025,2025-09-02,PE,24750.0,2025-09-01 07:53:00+00:00,2025-09-01,803,1,3,155.45,160.0,154.4,157.65,63000,905775,158.25,1.1225144323284253,5.677132889311759,1.44206008583691,False,False,False,2025-09-01,2025-09-02,-0.6397952655150307,155.3,0.5464684014869888,905775.0,1.762309697843456,0.8955916843499211,0.0,False,1.0,1.0,1.0,12.404801338653886,307018.8331316837,5,1.0,1.0,1.0,1.6564952048822912,1.9617721346686046,0.5597000635321596,1.0,1.0,,0.0,0.0,0.2,-5.164319248826299,-6.112186547404486,1.5978269682964406,6.286833681154724,quiet_surface_breadth_ignition,58.25,9.739745413053917,6.75,3.5,-2.9499999999999886,4.265402843601896,5,False,,-1.8641390205371176,-1.9641390205371176,-2.8641390205371176,fold_3,research_oof
NSE_FO|48944|02-09-2025,2025-09-02,PE,24750.0,2025-09-01 08:56:00+00:00,2025-09-01,866,1,3,141.25,145.0,141.05,144.55,91275,1150650,144.6,2.2277227722772297,4.946385333794538,1.2157842157842158,True,False,False,2025-09-01,2025-09-02,0.8202567760342339,141.35,0.5434906196702672,1150650.0,1.4074659962429958,0.6722935961139486,0.0,False,1.0,1.0,1.0,25.444254569627955,629745.3005982919,5,1.0,1.0,1.0,2.2277227722772297,1.3988028307377443,0.5938491084413616,0.0,0.19999999,-27.987101727609115,0.6,0.0,0.2,-1.4981273408239626,-1.13970440175587,0.8928112606825672,3.7258501131011923,quiet_surface_breadth_ignition,44.599999999999994,1.439934945391684,6.300000000000011,5.5,-3.9499999999999886,4.356846473029054,5,False,,-2.7316735822959815,-2.8316735822959815,-3.7316735822959815,fold_3,research_oof
NSE_FO|48935|02-09-2025,2025-09-02,CE,24600.0,2025-09-02 07:32:00+00:00,2025-09-02,782,0,3,156.25,161.0,155.75,158.0,467850,4566600,158.4,0.5089058524173184,5.063291139240507,2.0597655605085023,False,False,True,2025-09-02,2025-09-02,-0.7931472081218249,156.35,1.0014858841010401,4566600.0,1.3020530605391434,1.0582796764074622,0.0,False,1.0,1.0,1.0,6.644226538493328,163447.97284693585,5,0.8,1.0,1.0,0.7707129094412402,3.469308469308474,0.8251310583942155,0.8,1.0,,0.0,0.0,0.4,-4.34782608695653,-4.34782608695653,1.578428036747193,4.856731939373849,quiet_surface_breadth_ignition,58.400000000000006,8.167676588840845,0.3499999999999943,10.050000000000011,-7.700000000000017,0.22095959595959236,5,False,,-4.861111111111121,-4.961111111111121,-5.861111111111121,fold_3,research_oof
NSE_FO|41882|09-12-2025,2025-12-09,PE,25950.0,2025-12-03 05:34:00+00:00,2025-12-03,664,6,3,126.35,129.4,126.35,128.15,583275,4713600,128.25,2.4380495603517183,5.501365587202484,2.2542028985507248,True,False,True,2025-12-03,2025-12-09,-1.5582391897156267,126.35,0.7843478260869565,4801200.0,3.996288750067345,1.4698550724637682,-0.018245438640339916,True,1.0,1.0,1.0,32.368559623017724,839964.1222173099,8,0.875,0.75,0.75,2.465174318120411,3.5431120616326583,1.6731312999835688,0.75,-0.25,-1798.4811736186311,0.875,0.125,0.75,-1.7676767676767624,-2.8706179441473467,1.26539360872954,4.205726328028481,quiet_surface_breadth_ignition,28.25,-7.389462509533647,4.050000000000011,2.950000000000003,0.75,3.157894736842114,5,False,,0.5847953216374269,0.4847953216374269,-0.41520467836257313,fold_3,research_oof
NSE_FO|41882|09-12-2025,2025-12-09,PE,25950.0,2025-12-03 06:27:00+00:00,2025-12-03,717,6,3,117.65,121.25,117.65,120.6,406275,5330400,120.6,2.203389830508473,5.182421227197347,1.2960880488096662,True,False,False,2025-12-03,2025-12-09,-1.4219991635299079,117.85,0.6895561670056227,5330400.0,3.625388994038381,0.6065318818040435,0.0,False,1.0,1.0,1.0,28.456312565680697,738441.3110794141,8,0.75,0.75,0.625,2.127401975197607,3.2181146823810627,1.087778075011555,0.625,0.75,-2004.5087802472772,0.625,0.0,0.0,-2.9421945309795805,-3.746390335175398,1.3325864724828456,5.145584361488053,quiet_surface_breadth_ignition,20.599999999999994,-11.469207211823582,0.25,4.299999999999997,-1.1999999999999886,0.20729684908789386,5,False,,-0.9950248756218811,-1.0950248756218812,-1.9950248756218811,fold_3,research_oof
NSE_FO|41905|09-12-2025,2025-12-09,CE,26050.0,2025-12-05 06:11:00+00:00,2025-12-05,701,4,3,158.05,161.1,157.4,158.85,246750,3856200,158.85,0.6016466117795938,4.784387787220645,1.3581011351909185,False,False,False,2025-12-05,2025-12-09,-0.40931989924433143,158.15,0.7116615067079464,3856200.0,1.0109665110239252,0.6464396284829721,0.0,False,1.0,1.0,1.0,7.470125560147899,194596.77084185276,5,1.0,1.0,0.6,0.5615109749872449,1.125354687046931,0.05991719758982905,1.0,0.39999998,,0.0,0.0,0.0,-1.9122609673790758,-1.571351876469984,0.9100854044717398,2.5139075791586696,quiet_surface_breadth_ignition,58.849999999999994,8.128787969244055,5.050000000000011,6.75,0.8000000000000114,3.179099779666359,5,False,,0.5036197670758649,0.4036197670758649,-0.49638023292413513,fold_3,research_oof
NSE_FO|41881|09-12-2025,2025-12-09,CE,25950.0,2025-12-08 06:54:00+00:00,2025-12-08,744,1,3,151.2,155.1,150.3,154.9,84525,1679850,154.7,3.1635031635031563,5.487411233053583,1.1982987772461458,True,False,False,2025-12-08,2025-12-09,0.5299768135144101,151.75,0.38064859117490696,1679850.0,2.6335263499887462,0.8176501860712388,0.0,False,1.0,1.0,1.0,35.88935642826871,931328.799313573,6,0.8333333,0.8333333,0.6666667,3.3630783630783534,3.0024452718544037,1.4620650186124222,0.16666663,0.8333333,-16.046384438406676,0.6666666666666666,0.0,0.0,-7.572383073496658,-7.572383073496658,1.004632012352033,10.735886236999814,quiet_surface_breadth_ignition,54.69999999999999,5.615493549974039,0.30000000000001137,16.44999999999999,-13.5,0.1939237233354954,5,False,,-8.726567550096963,-8.826567550096962,-9.726567550096963,fold_3,research_oof
NSE_FO|48221|16-12-2025,2025-12-16,PE,25900.0,2025-12-10 07:36:00+00:00,2025-12-10,786,6,3,170.85,174.0,170.45,170.85,241125,4687500,170.55,1.6661707825051941,5.150717003219206,1.5971187282662693,False,False,True,2025-12-10,2025-12-16,-1.1866859623733794,170.7,0.7292598112270243,4687500.0,2.8528567448785735,0.867858917039245,0.0,False,1.0,1.0,1.0,20.64897929948971,534808.5638567834,8,0.875,0.875,0.875,1.653342167286842,2.9487397481704756,0.9516818351127759,0.875,0.875,,0.25,0.0,0.625,-0.8519701810436708,-1.1773497905881336,1.031851945108901,2.518140963548865,quiet_surface_breadth_ignition,70.55000000000001,9.254094586551636,0.19999999999998863,10.050000000000011,-9.950000000000017,0.11726766344179924,5,False,,-5.834066256229854,-5.934066256229854,-6.834066256229854,fold_3,research_oof
NSE_FO|56994|23-12-2025,2025-12-23,CE,25850.0,2025-12-17 04:48:00+00:00,2025-12-17,618,6,3,131.15,137.0,130.7,136.65,504375,5428050,136.75,2.2064323111443684,5.708013172338098,1.138094432222034,True,False,False,2025-12-17,2025-12-23,-2.924842650870063,131.1,0.7783858917557119,5408025.0,5.131274962014432,0.35970854046632217,0.0037028305157612994,False,1.0,1.0,1.0,28.972833236302176,748947.7391584113,6,0.8333333,0.8333333,0.8333333,2.3301355645038546,5.250590247922988,1.0519921905904555,0.8333333,0.8333333,,0.8333333333333334,0.0,0.0,-3.119584055459279,-6.144573095354067,1.0689935064935066,5.326016366603648,quiet_surface_breadth_ignition,36.75,11.138432070930179,3.6999999999999886,8.400000000000006,-7.800000000000011,2.70566727605118,5,False,,-5.703839122486297,-5.803839122486297,-6.703839122486297,fold_3,research_oof
NSE_FO|56990|23-12-2025,2025-12-23,CE,25800.0,2025-12-17 05:18:00+00:00,2025-12-17,648,6,3,158.5,160.0,157.85,158.85,414525,5800725,158.6,2.6826115061409306,5.791627321372357,1.551438596491228,True,False,True,2025-12-17,2025-12-23,1.9595245743655454,158.7,1.7470877192982457,5800725.0,0.7230869317753852,-0.19564912280701763,0.0,False,1.0,1.0,1.0,34.69928736763465,895241.614084974,6,1.0,0.8333333,0.8333333,2.7919826678654003,0.7253085889807442,0.9773636857233894,0.0,0.16666663,-2.472283863909979,0.8333333333333334,0.0,0.3333333333333333,-4.508196721311464,-1.5685371029514728,1.0731978229479062,7.190808227452394,quiet_surface_breadth_ignition,58.599999999999994,1.09797904365941,1.700000000000017,7.0,-1.299999999999983,1.0718789407314104,5,False,,-0.8196721311475302,-0.9196721311475302,-1.8196721311475303,fold_3,research_oof
NSE_FO|56990|23-12-2025,2025-12-23,CE,25800.0,2025-12-18 07:54:00+00:00,2025-12-18,804,5,3,165.0,168.45,164.4,166.6,210525,4917600,166.0,1.7094017094017033,5.522208883553414,1.265269326121253,False,False,False,2025-12-18,2025-12-23,0.9791921664626724,165.0,2.1821668264621286,4917600.0,0.730209542939031,-0.9168975003408755,0.0,False,1.0,1.0,1.0,20.952759726353086,540581.2009399097,6,1.0,1.0,1.0,1.7089149777076873,0.6906190613202301,0.5605020971227391,0.0,0.16666669,9.314295187290554,0.16666666666666666,0.0,0.3333333333333333,-2.0034843205574915,-0.876967856086075,1.2077373974208676,3.712886029959195,quiet_surface_breadth_ignition,66.0,-0.23623756913698968,5.449999999999989,7.900000000000006,-6.400000000000006,3.283132530120475,5,False,,-3.855421686746991,-3.955421686746991,-4.8554216867469915,fold_3,research_oof
NSE_FO|56994|23-12-2025,2025-12-23,CE,25850.0,2025-12-19 04:15:00+00:00,2025-12-19,585,4,3,168.9,177.25,168.9,176.95,357300,3490725,176.7,3.5703833772314786,5.510031082226618,1.0487616951018162,True,False,False,2025-12-19,2025-12-23,-3.9042462239954334,168.6,0.47462850853054483,3490725.0,7.474629601226912,0.5741331865712713,0.0,True,1.0,1.0,1.0,45.65211380798018,1180107.1419362875,6,1.0,0.8333333,0.8333333,3.724452574089576,7.87359907375561,1.0520544070067313,0.8333333,0.8333333,,0.8333333333333334,0.0,0.0,-5.921052631578949,-10.59075650401632,0.9092771436932983,9.491436008810428,quiet_surface_breadth_ignition,76.69999999999999,14.70729147757146,3.3000000000000114,17.649999999999977,-11.399999999999977,1.8675721561969505,5,False,,-6.451612903225794,-6.551612903225793,-7.451612903225794,fold_3,research_oof
NSE_FO|56990|23-12-2025,2025-12-23,CE,25800.0,2025-12-19 06:29:00+00:00,2025-12-19,719,4,3,166.25,171.4,166.25,169.0,313800,4401675,168.85,1.3493253373313419,4.763313609467462,1.459874389392882,False,False,False,2025-12-19,2025-12-23,0.0,166.5,1.247528747226145,4401675.0,1.3493253373313419,0.21234564216673713,0.0,False,1.0,1.0,1.0,17.077755435408232,440606.09023353236,6,0.8333333,0.8333333,0.8333333,1.7604046057236644,1.6840687278610766,0.8244917881876851,0.6666666,0.0,62.26533045558972,0.16666666666666666,0.0,0.16666666666666666,-0.1369863013698569,-3.566341582576993,1.1095641266854814,1.4863116387011988,quiet_surface_breadth_ignition,68.85,6.232259722291369,12.5,0.8499999999999943,8.599999999999994,7.403020432336394,5,False,,5.093278057447435,4.993278057447435,4.093278057447435,fold_3,research_oof
NSE_FO|57005|23-12-2025,2025-12-23,CE,26000.0,2025-12-22 05:29:00+00:00,2025-12-22,659,1,3,158.05,162.0,157.9,160.4,509925,9096600,160.75,0.5327483547477252,3.3665835411471354,2.0295522388059704,False,False,True,2025-12-22,2025-12-23,-1.372854914196564,158.05,0.8549939831528279,9096600.0,1.9056032689442892,1.1745582556531424,0.0,False,1.0,1.0,1.0,7.001390010475376,182036.14027235977,6,0.8333333,0.8333333,0.8333333,0.4689631028874319,1.2094904295855247,0.24490699437504515,0.8333333,0.8333333,,0.0,0.0,0.5,-1.5037593984962405,-2.763205242324951,1.011813560535548,2.0365077532439657,quiet_surface_breadth_ignition,60.75,8.96545379443852,2.25,7.75,-6.400000000000006,1.3996889580093312,5,False,,-3.9813374805598793,-4.081337480559879,-4.98133748055988,fold_3,research_oof
NSE_FO|57005|23-12-2025,2025-12-23,CE,26000.0,2025-12-22 05:51:00+00:00,2025-12-22,681,1,3,147.9,151.65,147.9,151.45,362475,9025950,151.5,0.13223140495866037,5.513370749422248,1.7661246117303124,False,False,True,2025-12-22,2025-12-23,-2.8562048588312683,147.95,1.7646628905536268,9025950.0,2.9884362637899287,0.0014617211766856375,0.0,False,1.0,1.0,1.0,1.6926563364214036,44009.064746956494,6,0.6666667,0.8333333,0.8333333,0.10780842709888772,2.340614252383022,0.2007059751982213,0.6666667,0.8333333,,0.0,0.0,0.3333333333333333,-0.24271844660194164,-5.144679230915672,1.151377746773631,0.374949851560602,quiet_surface_breadth_ignition,51.5,6.703319545688068,2.1500000000000057,3.6500000000000057,0.8499999999999943,1.419141914191423,5,False,,0.5610561056105573,0.4610561056105573,-0.4389438943894427,fold_3,research_oof
NSE_FO|65622|30-12-2025,2025-12-30,PE,26050.0,2025-12-24 05:05:00+00:00,2025-12-24,635,6,1,30.75,30.75,29.8,30.55,136950,3688725,30.5,0.3284072249589487,5.23731587561374,1.8556910569105691,False,False,True,2025-12-24,2025-12-30,-0.32414910858995505,30.75,0.5060975609756098,3688725.0,0.6525563335489037,1.3495934959349594,0.0,False,1.0,1.0,1.0,3.884196544039266,101183.31997222287,8,0.625,0.625,0.625,0.43983757058311257,0.35804365613253397,0.28535795510047773,0.375,0.125,-23.411778919682547,0.0,0.0,0.25,-0.3358522250209828,-0.2091630358317942,1.2103004291845494,0.6642594499799315,quiet_surface_breadth_ignition,69.5,3.316483500788756,2.1000000000000014,0.05000000000000071,0.9499999999999993,6.885245901639349,5,False,,3.1147540983606534,3.0147540983606533,2.1147540983606534,fold_4,research_oof
NSE_FO|65629|30-12-2025,2025-12-30,CE,26150.0,2025-12-24 05:52:00+00:00,2025-12-24,682,6,3,152.35,152.65,150.44,152.65,195600,3264975,152.8,4.376068376068387,5.2407468064199145,1.2413136601618278,True,False,False,2025-12-24,2025-12-30,2.981029810298108,152.0,2.5711565920990003,3350625.0,1.395038565770279,-1.3298429319371725,-0.025562395075545606,False,1.0,1.0,1.0,53.31728256675776,1394246.9391207155,5,1.0,1.0,1.0,4.376068376068387,1.3541663559412331,0.3981050918513863,0.0,0.0,-3.721923753593728,1.0,0.2,0.2,-6.521739130434778,-0.9322194797797501,1.1016681299385427,10.897807506503165,quiet_surface_breadth_ignition,52.80000000000001,1.8623376154647566,3.299999999999983,10.360000000000014,-7.0,2.1596858638743344,5,False,,-4.5811518324607325,-4.681151832460732,-5.5811518324607325,fold_4,research_oof
NSE_FO|65647|30-12-2025,2025-12-30,PE,26250.0,2025-12-26 05:08:00+00:00,2025-12-26,638,4,3,169.7,172.2,169.4,170.95,82275,1682925,171.0,2.67267267267266,4.767475870137454,1.654600301659125,True,False,True,2025-12-26,2025-12-30,0.8888888888888946,170.25,0.6843702579666161,1682925.0,1.7837837837837656,0.970230043692509,0.0,False,1.0,1.0,1.0,30.248867591613276,794032.7742798486,8,0.625,0.625,0.625,2.74942189576336,1.372152942863547,1.7484067544415507,0.0,0.375,-5.0413993508518615,0.625,0.0,0.125,-4.904364884747425,-2.9143151335036306,0.9852272727272727,7.577037557420085,quiet_surface_breadth_ignition,71.0,3.5139853086811037,0.30000000000001137,9.5,-2.0500000000000114,0.17543859649123472,5,False,,-1.198830409356732,-1.298830409356732,-2.1988304093567317,fold_4,research_oof
NSE_FO|65639|30-12-2025,2025-12-30,PE,26200.0,2025-12-26 06:04:00+00:00,2025-12-26,694,4,3,145.6,148.15,144.65,146.65,310875,7219875,146.5,2.8040658955485354,4.984657347425845,1.1485175949016349,True,False,False,2025-12-26,2025-12-30,1.1185216062248315,145.55,1.544749238016071,7274400.0,1.6855442893237038,-0.39623164311443615,-0.007495463543385022,False,1.0,1.0,1.0,35.46344030235532,929142.1359217095,8,0.625,0.625,0.625,2.3891365500067097,0.9854536422112758,1.5595153345732522,0.0,0.625,-9.483313406941306,0.625,0.0,0.0,-4.230769230769238,-1.7113893858079932,0.9298032200357782,7.034835126317773,quiet_surface_breadth_ignition,46.5,1.879251518109494,1.9399999999999977,1.0,0.5999999999999943,1.3242320819112612,5,False,,0.40955631399317016,0.3095563139931702,-0.5904436860068298,fold_4,research_oof
NSE_FO|40461|06-01-2026,2026-01-06,CE,25950.0,2025-12-31 04:59:00+00:00,2025-12-31,629,6,3,168.2,170.9,167.65,170.45,262210,3099590,170.65,1.8828451882844988,4.576122029920804,1.3763220743773457,False,False,False,2025-12-31,2026-01-06,1.3570566948130303,168.05,0.9532582736267485,3099590.0,0.5257884934714685,0.42306380075059713,0.0,False,1.0,1.0,1.0,23.492080171392306,609619.4804476304,6,0.8333333,0.8333333,0.6666667,1.7876330430017129,0.5900735537266888,0.7567246991899533,0.0,0.0,-5.774136346906744,0.0,0.0,0.0,-2.212389380530977,-0.6458097460662171,0.7717554605339189,4.095234568815476,quiet_surface_breadth_ignition,70.65,0.8956719494856092,13.549999999999983,1.700000000000017,10.650000000000006,7.940228537943149,5,False,,6.2408438324055115,6.140843832405512,5.2408438324055115,fold_4,research_oof
NSE_FO|40470|06-01-2026,2026-01-06,PE,26050.0,2025-12-31 05:38:00+00:00,2025-12-31,668,6,2,78.15,79.65,77.5,78.59,411060,6750055,78.45,1.1454311454311528,4.580735462527049,1.381993006993007,False,False,False,2025-12-31,2026-01-06,-0.636213258684315,78.09,0.8181818181818182,6750055.0,1.7816444041154678,0.5638111888111889,0.0,False,1.0,1.0,1.0,14.806412151675334,385707.03655114246,8,0.625,0.625,0.75,0.49021558872305304,0.8197048803210816,0.6229725307473316,0.625,0.125,,0.0,0.0,0.125,-1.1466982997232145,-0.9872722335613981,1.0808701428096978,2.2921294451543672,quiet_surface_breadth_ignition,21.549999999999997,6.2402742486244875,2.299999999999997,0.7999999999999972,0.3499999999999943,2.9318036966220484,5,False,,0.44614404079030506,0.34614404079030503,-0.553855959209695,fold_4,research_oof
NSE_FO|40469|06-01-2026,2026-01-06,CE,26050.0,2026-01-01 07:37:00+00:00,2026-01-01,787,5,3,160.9,163.9,159.6,162.3,51155,1662180,162.65,2.365184484389782,4.750462107208877,1.2632423756019262,True,False,False,2026-01-01,2026-01-06,2.180665610142629,161.19,1.781701444622793,1662180.0,0.18451887424715263,-0.5184590690208668,0.0,False,1.0,1.0,1.0,25.64483222931222,668047.8795735834,6,0.8333333,0.5,0.8333333,1.6230020398383282,0.09225943712357632,0.8664283242479985,0.0,-0.3333333,1.3597165278733883,0.3333333333333333,0.0,0.3333333333333333,-4.768211920529797,-1.245604139246948,1.233695652173913,7.133396404919579,quiet_surface_breadth_ignition,62.650000000000006,0.5615802892679875,1.25,9.300000000000011,-6.349999999999994,0.768521364893944,5,False,,-3.904088533661232,-4.004088533661232,-4.904088533661232,fold_4,research_oof
NSE_FO|40469|06-01-2026,2026-01-06,CE,26050.0,2026-01-01 08:30:00+00:00,2026-01-01,840,5,3,157.6,159.65,155.4,156.35,46410,1637545,156.75,1.099256385386349,5.1167252958106815,1.632,False,False,True,2026-01-01,2026-01-06,-0.06379585326953263,156.65,0.5328638497652582,1637545.0,1.1630522386558817,1.0991361502347416,0.0,False,1.0,1.0,1.0,11.811830600996933,307698.1871559701,6,0.8333333,0.8333333,0.8333333,0.3027948482493992,0.21399294975985583,0.388011781863732,0.16666663,0.16666663,32.931741701188,0.0,0.0,0.6666666666666666,-1.4481094127111849,-1.4481094127111849,1.2612741589119543,2.547365798097534,quiet_surface_breadth_ignition,56.75,3.145375752846121,14.199999999999989,2.25,6.650000000000006,9.059011164274315,5,False,,4.242424242424246,4.142424242424246,3.2424242424242458,fold_4,research_oof
NSE_FO|46179|13-01-2026,2026-01-13,CE,26050.0,2026-01-07 06:47:00+00:00,2026-01-07,737,6,3,161.25,164.3,160.3,164.3,82095,1224080,164.95,2.018006830176966,5.240413877054177,1.2424987702902115,True,False,False,2026-01-07,2026-01-13,-0.6153846153846176,161.5,1.88293162813576,1224080.0,2.6333914455615837,-0.6404328578455485,0.0,False,1.0,1.0,1.0,22.835048036535685,594853.0013517546,6,0.8333333,0.8333333,0.8333333,1.616440023069965,2.4653485095571916,0.8979274049424365,0.8333333,0.0,,0.3333333333333333,0.0,0.0,-3.941730934018861,-4.990681982969902,0.8761539383766934,5.959737764195827,quiet_surface_breadth_ignition,64.94999999999999,8.263438786844418,0.20000000000001705,12.849999999999994,-4.849999999999994,0.12124886329191699,5,False,,-2.9402849348287328,-3.040284934828733,-3.9402849348287328,fold_4,research_oof
NSE_FO|46179|13-01-2026,2026-01-13,CE,26050.0,2026-01-07 07:24:00+00:00,2026-01-07,774,6,3,140.69,144.6,140.69,142.35,168545,1831310,142.5,2.5576368876080613,4.678609062170704,1.406563601844318,True,False,False,2026-01-07,2026-01-13,0.9329027628274256,140.65,0.5646661031276415,1831310.0,1.6247341247806357,0.8418974987166764,0.0,True,1.0,1.0,1.0,30.78106783815085,801846.8171838296,6,0.8333333,0.8333333,0.6666667,3.045857725933576,1.6238167095253497,1.5025884073508295,0.0,0.0,-11.551492167076503,0.8333333333333334,0.0,0.0,-3.281250000000002,-0.18919096978214922,1.3803487746792655,5.838886887608064,quiet_surface_breadth_ignition,42.5,2.666132678211807,4.400000000000006,0.5600000000000023,3.75,3.087719298245618,5,False,,2.631578947368421,2.5315789473684207,1.6315789473684208,fold_4,research_oof
NSE_FO|49792|03-02-2026,2026-02-03,PE,25200.0,2026-01-28 07:10:00+00:00,2026-01-28,760,6,3,168.8,172.8,167.95,171.25,449345,4959045,171.2,4.008502884907372,5.722627737226284,1.5534831460674157,True,False,True,2026-01-28,2026-02-03,1.1094452773613206,168.6,0.4619415695008516,4949035.0,2.8990576075460517,1.0915415765665641,0.0020226165302932794,False,1.0,1.0,1.0,52.172863595857514,1314756.1626156094,5,1.0,1.0,1.0,3.964159652457222,2.5689356116737505,0.1073030686510927,0.0,0.0,3.316633952992561,1.0,0.0,0.8,-3.7010802195856396,-1.6850231277034,1.794088989931796,7.709583104493012,quiet_surface_breadth_ignition,71.19999999999999,4.452805686414265,5.100000000000023,11.149999999999977,-6.149999999999977,2.978971962616836,5,False,,-3.592289719626155,-3.6922897196261553,-4.592289719626155,fold_4,research_oof
NSE_FO|49790|03-02-2026,2026-02-03,PE,25150.0,2026-01-28 07:36:00+00:00,2026-01-28,786,6,3,151.45,155.25,151.25,152.9,70070,1718665,152.8,1.4598540145985606,5.689993459777625,1.0145882352941176,False,False,False,2026-01-28,2026-02-03,-1.9174520636983994,150.9,0.672575086164451,1718665.0,3.37730607829696,0.3420131491296665,0.0,True,1.0,1.0,1.0,16.287977069643418,409642.62330153194,5,1.0,1.0,1.0,1.5387858347386096,3.103036853702601,0.16962331791505544,1.0,1.0,,0.0,0.0,0.0,-0.5690376569037592,-1.9034971163632064,1.1253481894150419,2.0288916715023197,quiet_surface_breadth_ignition,52.80000000000001,9.65683526474468,2.0,4.650000000000006,-4.5,1.3089005235602091,5,False,,-2.9450261780104707,-3.045026178010471,-3.9450261780104707,fold_4,research_oof
NSE_FO|49790|03-02-2026,2026-02-03,PE,25150.0,2026-01-29 08:34:00+00:00,2026-01-29,844,5,2,83.45,86.2,83.4,86.1,74165,2152605,86.15,3.6101083032491044,4.994192799070845,1.4289292423293676,True,False,False,2026-01-29,2026-02-03,-0.715137067938032,83.3,0.6311834690043833,2152605.0,4.325245371187137,0.7977457733249843,0.0,True,1.0,1.0,1.0,40.48397510150144,1018171.9738027613,5,1.0,1.0,1.0,3.6101083032491044,4.325245371187137,0.21235760472564583,1.0,1.0,,1.0,0.0,0.0,-3.8762626262626276,-3.4317052783647495,0.9473684210526315,7.486370929511732,quiet_surface_breadth_ignition,13.849999999999994,12.761644575048695,7.3999999999999915,0.7000000000000028,6.1499999999999915,8.589669181659886,5,False,,7.138711549622741,7.038711549622741,6.138711549622741,fold_4,research_oof
NSE_FO|49799|03-02-2026,2026-02-03,CE,25350.0,2026-01-30 06:43:00+00:00,2026-01-30,733,4,3,167.85,171.95,167.5,171.95,194610,4253470,172.0,3.8031995170540123,5.408548996801386,1.0820383086375136,True,False,False,2026-01-30,2026-02-03,1.1452682338758402,167.8,0.8366461872063606,4293900.0,2.657931283178172,0.24539212143115297,-0.009415682712685438,False,1.0,1.0,1.0,46.31824644253999,1174167.5473183887,5,1.0,1.0,0.8,3.469279661016933,2.2788034705407467,0.16966340898609328,0.0,1.0,6.098192000750714,1.0,0.0,0.0,-5.096333126165309,-3.144911079248147,1.0085981308411216,8.89953264321932,quiet_surface_breadth_ignition,72.0,3.772571971552706,9.0,2.75,-1.9000000000000057,5.232558139534884,5,False,,-1.104651162790701,-1.204651162790701,-2.104651162790701,fold_4,research_oof
NSE_FO|49794|03-02-2026,2026-02-03,PE,25250.0,2026-01-30 07:21:00+00:00,2026-01-30,771,4,3,174.5,177.6,171.5,177.2,294515,4911270,176.8,0.396600566572225,5.530474040632061,1.0243020232847293,False,False,False,2026-01-30,2026-02-03,-0.3993154592127901,174.6,1.73279830048389,4911270.0,0.7959160257850151,-0.7084962771991608,0.0,False,1.0,1.0,1.0,4.994426077608259,126109.25845960855,5,1.0,1.0,1.0,0.396600566572225,0.511114394528267,0.33496702367792647,0.6,0.39999998,-38.144425033056905,0.0,0.0,0.2,-0.1549358123063227,0.19563386341672206,1.1042813455657492,0.5515363788785477,quiet_surface_breadth_ignition,76.80000000000001,2.7974690457981506,1.299999999999983,5.050000000000011,0.29999999999998295,0.7352941176470491,5,False,,0.16968325791854236,0.06968325791854235,-0.8303167420814577,fold_4,research_oof
NSE_FO|49792|03-02-2026,2026-02-03,PE,25200.0,2026-02-01 05:00:00+00:00,2026-02-01,630,2,3,126.55,129.4,126.45,128.7,223535,5812495,128.2,2.8365960846983507,5.361305361305367,1.086571879936809,True,False,False,2026-02-01,2026-02-03,1.3605442176870763,126.65,0.6623783031988874,5812495.0,1.4760518670112743,0.4241935767379216,0.0,False,1.0,1.0,1.0,34.93928368063146,880469.9487519128,5,1.0,1.0,0.8,2.441576560865011,1.0424859697492295,0.40033131468299127,0.0,0.0,7.924328221837641,0.8,0.0,0.2,-0.9552042160737906,0.22377073070859455,0.7268464243845252,3.7918003007721413,quiet_surface_breadth_ignition,28.19999999999999,1.4882194704876532,3.6500000000000057,9.749999999999986,-4.3999999999999915,2.847113884555387,5,False,,-3.4321372854914136,-3.5321372854914137,-4.432137285491414,fold_4,research_oof
NSE_FO|49792|03-02-2026,2026-02-03,PE,25200.0,2026-02-01 05:21:00+00:00,2026-02-01,651,2,3,128.05,132.15,127.8,131.85,197535,6094465,131.85,1.8933539412673728,5.612438376943491,1.0841955048162684,False,False,False,2026-02-01,2026-02-03,-0.5434782608695787,128.1,0.8783570300157978,6094465.0,2.4368322021369515,0.20583847480047057,0.0,False,1.0,1.0,1.0,23.086944750173213,581791.007704365,5,1.0,1.0,0.8,1.8310227569971138,2.086025771383504,0.12616351223114874,1.0,0.8,,0.0,0.0,0.0,-2.2682119205298057,-0.8677885367160965,0.9641025641025641,4.161565861797179,quiet_surface_breadth_ignition,31.849999999999994,9.209346844164513,0.30000000000001137,6.349999999999994,-4.099999999999994,0.227531285551772,5,False,,-3.1095942358740953,-3.2095942358740954,-4.109594235874095,fold_4,research_oof
NSE_FO|42536|10-02-2026,2026-02-10,CE,25800.0,2026-02-04 07:50:00+00:00,2026-02-04,800,6,3,135.35,137.7,133.8,136.85,341640,11372725,136.65,1.2953367875647714,5.407380343441708,1.0996966209854588,False,False,False,2026-02-04,2026-02-10,0.707108299218473,135.3,0.9837849147400356,11548030.0,0.5882284883462985,0.11591170624542324,-0.015180511307989327,False,1.0,1.0,1.0,16.504554089525346,425817.49550975394,8,0.625,0.5,0.625,0.7879590977554973,0.06448097376527961,0.5146896322854849,0.0,-0.125,11.533019530463207,0.0,0.0,0.0,-1.0721529991307044,-0.40894654007649356,1.2151652624756968,2.367489786695476,quiet_surface_breadth_ignition,36.650000000000006,0.03431692133920261,11.549999999999983,2.4000000000000057,11.549999999999983,8.452250274423697,5,False,,8.452250274423697,8.352250274423698,7.452250274423697,fold_4,research_oof
NSE_FO|42530|10-02-2026,2026-02-10,CE,25700.0,2026-02-05 06:56:00+00:00,2026-02-05,746,5,3,112.95,114.5,112.35,114.45,436865,12527385,114.45,3.015301530153014,5.0677151594582766,1.2271316414095308,True,False,False,2026-02-05,2026-02-10,-0.48458149779735393,112.95,0.8422090729783037,12527385.0,3.499883027950368,0.3849225684312271,0.0,False,1.0,1.0,1.0,39.16087218678108,1006434.4152002737,7,0.71428573,0.71428573,0.71428573,2.805836139169471,3.2457188371166845,1.4037771285892653,0.71428573,0.71428573,,0.7142857142857143,0.0,0.0,-3.83963862224731,-4.624066280585481,1.0447113780447115,6.854940152400324,quiet_surface_breadth_ignition,14.450000000000003,9.342175507268237,3.75,3.450000000000003,2.8499999999999943,3.2765399737876804,5,False,,2.490170380078632,2.390170380078632,1.4901703800786321,fold_4,research_oof
NSE_FO|42528|10-02-2026,2026-02-10,CE,25650.0,2026-02-05 07:23:00+00:00,2026-02-05,773,5,3,140.5,141.0,137.75,139.6,267280,6082050,139.5,1.6381507098653048,5.694842406876803,1.3493027071369976,False,False,False,2026-02-05,2026-02-10,1.73787110789283,140.5,1.229532403609516,6034860.0,-0.09972039802752519,0.11977030352748153,0.007819568308129765,False,1.0,0.0,1.0,20.470422709458624,525066.3424976137,7,0.71428573,0.2857143,0.71428573,1.5549597855227804,0.0,0.7735892005709858,0.0,0.2857143,-2.1716260062421497,0.0,0.0,0.0,-2.705589177643275,0.3713338992798132,1.284833148821762,4.34373988750858,quiet_surface_breadth_ignition,39.5,-0.26148059849772753,4.150000000000006,6.75,3.5500000000000114,2.9749103942652373,5,False,,2.544802867383521,2.4448028673835207,1.5448028673835208,fold_4,research_oof
NSE_FO|42530|10-02-2026,2026-02-10,CE,25700.0,2026-02-09 07:20:00+00:00,2026-02-09,770,1,3,169.5,172.8,169.0,171.6,233675,5666635,171.5,0.6451612903225712,5.448717948717945,1.3834904752741966,False,False,False,2026-02-09,2026-02-10,-0.20655060489819244,169.1,0.8816624975947662,5578885.0,0.8517118952207636,0.5018279776794303,0.0157289494226893,False,1.0,1.0,1.0,7.975284399670579,204964.80907153388,7,0.71428573,0.71428573,0.71428573,0.4944845949029997,0.6475067831202774,0.31093967499146985,0.71428573,0.0,,0.0,0.0,0.0,0.5780346820809301,0.3897107649434517,1.1096514047866806,0.06712660824164107,quiet_surface_breadth_ignition,71.5,5.035063618424505,3.0999999999999943,14.949999999999989,-10.800000000000011,1.8075801749271103,5,False,,-6.297376093294467,-6.397376093294467,-7.297376093294467,fold_4,research_oof
NSE_FO|42537|10-02-2026,2026-02-10,PE,25800.0,2026-02-09 08:15:00+00:00,2026-02-09,825,1,1,45.7,45.8,44.25,45.75,896870,27626365,45.7,2.1205357142857206,4.699453551912565,0.9489357312334514,True,False,False,2026-02-09,2026-02-10,0.10928961748633004,45.8,0.573164861612515,27626365.0,2.0112460967993906,0.3757708696209364,0.0,False,1.0,1.0,0.0,29.065477571630378,749889.3213480638,8,0.75,0.875,0.75,1.1181535517818864,1.8619357191626495,1.5352844060367066,0.5,0.875,-1468.1364259023394,0.125,0.0,0.375,-3.075489282385835,-2.0764407571717602,1.188832158197585,5.1960249966715555,quiet_surface_breadth_ignition,54.3,-8.759624638393085,2.1499999999999986,0.7000000000000028,1.0,4.70459518599562,5,False,,2.1881838074398248,2.0881838074398247,1.1881838074398248,fold_4,research_oof
NSE_FO|42536|10-02-2026,2026-02-10,CE,25800.0,2026-02-10 07:09:00+00:00,2026-02-10,759,0,3,153.75,158.0,153.45,157.3,296660,5361980,157.05,0.2868983104877376,4.609027336300063,1.2964067604033518,False,False,False,2026-02-10,2026-02-10,-1.5974440894568676,154.0,1.4185485016332908,5361980.0,1.8843423999446052,-0.12214174122993904,0.0,False,1.0,1.0,1.0,3.615017792974557,93267.45905874357,6,0.6666667,0.8333333,0.6666667,0.15189701584666926,1.2699508054704045,0.20502499768905663,0.6666667,0.8333333,,0.0,0.0,0.16666666666666666,-5.660377358490565,-1.9566736547868557,1.7679472254559565,5.947275668978302,quiet_surface_breadth_ignition,57.05000000000001,6.981265808321486,4.949999999999989,2.950000000000017,4.5,3.1518624641833735,5,False,,2.8653295128939824,2.7653295128939823,1.8653295128939824,fold_4,research_oof
NSE_FO|48234|17-02-2026,2026-02-17,CE,25950.0,2026-02-11 05:34:00+00:00,2026-02-11,664,6,3,143.85,150.3,143.85,149.9,465985,6403410,149.95,2.7416038382453767,5.837224816544363,1.5913429522752498,True,False,True,2026-02-11,2026-02-17,-1.670644391408127,144.2,0.5103218645948946,6318000.0,4.412248229653503,1.0810210876803552,0.013518518518518518,False,1.0,1.0,1.0,35.783168936910336,928573.2339128233,7,0.71428573,0.71428573,0.71428573,2.824858757062154,4.412248229653503,1.4390959721459478,0.71428573,0.71428573,,0.7142857142857143,0.0,0.2857142857142857,-3.8386783284742543,-5.598209120263109,1.7296738970045742,6.5802821667196305,quiet_surface_breadth_ignition,49.94999999999999,10.625458858922258,1.25,16.44999999999999,-14.349999999999994,0.8336112037345782,5,False,,-9.569856618872954,-9.669856618872954,-10.569856618872954,fold_4,research_oof
NSE_FO|48235|17-02-2026,2026-02-17,PE,25950.0,2026-02-11 06:22:00+00:00,2026-02-11,712,6,3,101.7,105.0,100.3,104.35,444990,8241220,104.2,2.706692913385833,5.749880210828941,1.1334437086092715,True,False,False,2026-02-11,2026-02-17,-1.1661807580174988,101.7,0.3653973509933775,8281585.0,3.872873671403332,0.768046357615894,-0.00487406698113948,False,1.0,1.0,1.0,35.202731963206844,913510.8944452176,8,0.625,0.625,0.875,2.3589243886358746,3.283820045606128,1.346216478305795,0.625,-0.125,,0.625,0.0,0.125,-2.29144289294666,-2.3634112268797414,1.4189774696707105,4.998135806332494,quiet_surface_breadth_ignition,4.200000000000003,8.626000248269484,1.7000000000000028,3.200000000000003,-1.5499999999999972,1.6314779270633424,5,False,,-1.4875239923224541,-1.5875239923224542,-2.487523992322454,fold_4,research_oof
NSE_FO|48238|17-02-2026,2026-02-17,CE,26050.0,2026-02-12 05:31:00+00:00,2026-02-12,661,5,1,44.65,45.3,44.45,45.2,79755,4918160,45.2,1.2318029115341744,4.092920353982288,1.3011664899257689,False,False,False,2026-02-12,2026-02-17,0.22471910112360494,44.6,1.0339342523860022,4930315.0,1.0070838104105695,0.26723223753976666,-0.002465359718395275,False,1.0,1.0,1.0,13.903023491847334,362173.76196262304,5,1.0,1.0,0.8,1.1869436201780381,0.4491452334982826,0.14610268818469443,0.0,0.0,14.698391161560721,0.0,0.0,0.0,-0.7088846880907385,-0.0956771409209245,0.8911917098445595,1.9406875996249129,quiet_surface_breadth_ignition,54.8,1.0568620452548751,0.09999999999999432,1.8500000000000014,-1.6000000000000014,0.22123893805308475,5,False,,-3.5398230088495604,-3.6398230088495604,-4.53982300884956,fold_4,research_oof
NSE_FO|48234|17-02-2026,2026-02-17,CE,25950.0,2026-02-12 06:49:00+00:00,2026-02-12,739,5,2,70.05,70.5,69.5,70.4,117195,8320845,70.35,0.7874015748031704,2.2727272727272845,1.3335798816568047,False,False,False,2026-02-12,2026-02-17,0.28571428571428914,70.2,0.8957100591715976,8311680.0,0.5016872890888813,0.4378698224852071,0.0011026651651651653,False,1.0,1.0,1.0,9.19023860303157,238486.69174866925,5,0.8,1.0,0.8,0.280636108512633,0.5016872890888813,0.4828291959704616,0.6,1.0,-8.871197954998934,0.0,0.0,0.2,-3.6448598130841114,-1.7469133289522043,1.3622603430877902,4.432261387887282,quiet_surface_breadth_ignition,29.650000000000006,5.921164637658572,0.25,1.0,-0.75,0.3553660270078181,5,False,,-1.0660980810234544,-1.1660980810234545,-2.0660980810234544,fold_4,research_oof
NSE_FO|64858|24-02-2026,2026-02-24,CE,25650.0,2026-02-18 06:45:00+00:00,2026-02-18,735,6,3,175.75,179.75,175.5,178.4,351000,3366740,178.6,1.62346909712332,5.128923766816147,2.218570254724733,False,False,True,2026-02-18,2026-02-24,0.057012542759404816,175.5,0.7913153456998314,3366740.0,1.5664565543639153,1.4272549090249016,0.0,True,1.0,1.0,1.0,20.729337169822394,531707.4984059444,7,0.71428573,0.71428573,0.71428573,1.62346909712332,1.5664565543639153,0.8512519301779513,0.2857143,0.0,28.19936524844161,0.0,0.0,0.2857142857142857,-2.7207392197125313,-1.4918605714790423,1.1895620875824835,4.344208316835852,quiet_surface_breadth_ignition,78.6,5.319105276802686,5.300000000000011,4.849999999999994,-2.5999999999999943,2.9675251959686513,5,False,,-1.4557670772676339,-1.555767077267634,-2.455767077267634,fold_4,research_oof
NSE_FO|64860|24-02-2026,2026-02-24,CE,25700.0,2026-02-19 05:37:00+00:00,2026-02-19,667,5,3,153.9,158.2,153.85,157.15,407810,8612110,157.2,4.383925606110917,5.122494432071258,1.2770201506208019,True,False,False,2026-02-19,2026-02-24,0.9183338799606533,153.85,0.6714451354485085,8525660.0,3.4655917261502633,0.6055750151722934,0.01013997743283218,True,1.0,1.0,1.0,56.634002079742636,1455493.8534493858,5,1.0,1.0,1.0,4.2864346949067045,3.3828894952344646,0.16553568680399974,0.0,0.0,3.5117471675948764,1.0,0.0,0.4,-9.55555555555555,-7.123247157207679,1.2437000150897841,13.939481161666468,quiet_surface_breadth_ignition,57.19999999999999,6.288946765809,1.3000000000000114,6.799999999999983,-4.75,0.8269720101781243,5,False,,-3.0216284987277358,-3.121628498727736,-4.021628498727736,fold_4,research_oof
NSE_FO|64864|24-02-2026,2026-02-24,CE,25800.0,2026-02-19 06:17:00+00:00,2026-02-19,707,5,2,80.75,83.5,80.55,82.5,361205,17154605,82.4,1.85185185185186,5.33333333333334,1.0175791979490936,False,False,False,2026-02-19,2026-02-24,-2.1173623714458523,80.9,1.0231071330715134,17154605.0,3.9692142232977123,-0.00552793512241978,0.0,False,1.0,1.0,1.0,23.698525392005074,611421.9551137309,5,1.0,1.0,1.0,1.6153846153846185,3.9692142232977123,0.20219641906662839,1.0,0.19999999,,0.0,0.0,0.0,-0.9429400386847253,-5.941677731186601,1.111136235161108,2.7947918905365854,quiet_surface_breadth_ignition,17.599999999999994,10.30588917689792,0.6499999999999915,3.8000000000000114,-0.25,0.7888349514563002,5,False,,-0.30339805825242716,-0.40339805825242714,-1.3033980582524272,fold_4,research_oof
NSE_FO|43888|09-04-2025,2025-04-09,PE,23050.0,2025-04-03 07:47:00+00:00,2025-04-03,797,6,2,73.55,75.09,73.5,74.9,36675,558600,74.84,-0.13333333333332975,3.8851802403204223,8.082644628099173,False,False,True,2025-04-03,2025-04-09,-2.250632574244238,73.4,1.0082644628099173,558600.0,2.117299240910908,7.074380165289256,0.0,True,0.0,1.0,1.0,0.0,0.0,5,0.0,1.0,0.6,-0.44715447154470844,2.0670385535972224,0.22665122802871862,0.0,1.0,,0.0,0.0,0.2,1.332191780821912,-0.16280204718521762,1.0,-1.4655251141552417,low_premium_gamma_kick,25.159999999999997,9.738212316276478,1.2099999999999937,0.6400000000000006,0.7099999999999937,1.6167824692677628,5,False,,0.9486905398182706,0.8486905398182706,-0.05130946018172944,fold_1,research_oof
NSE_FO|46235|15-05-2025,2025-05-15,PE,23900.0,2025-05-12 07:47:00+00:00,2025-05-12,797,3,0,21.8,22.3,21.8,22.1,52575,3201000,22.2,0.0,5.429864253393662,1.813712807244502,False,False,True,2025-05-12,2025-05-15,-1.5801354401805745,21.8,1.053040103492885,3201000.0,1.5801354401805745,0.760672703751617,0.0,True,0.0,1.0,1.0,0.0,0.0,8,0.375,0.625,0.5,0.0,1.4082699344003913,0.18787635516844148,0.25,-0.25,-3292.9828326295064,0.0,0.0,0.125,1.6295072942471789,1.9266279252233565,12.0,-1.6295072942471789,low_premium_gamma_kick,77.8,-30.430161266928103,0.1999999999999993,0.3000000000000007,0.15000000000000213,0.9009009009008978,5,False,,0.6756756756756853,0.5756756756756853,-0.3243243243243147,fold_1,research_oof
NSE_FO|46235|15-05-2025,2025-05-15,PE,23900.0,2025-05-12 08:13:00+00:00,2025-05-12,823,3,0,23.35,23.4,23.1,23.1,46425,3128100,23.15,0.43478260869564966,3.6796536796536703,2.046280991735537,False,False,True,2025-05-12,2025-05-15,-1.0615711252653925,23.3,0.7537190082644628,3124800.0,1.4963537339610422,1.2925619834710744,0.001056067588325653,False,1.0,1.0,1.0,4.672006489611882,111660.95510172399,8,0.625,0.75,0.625,0.4526854219948917,1.3524738939505843,1.2995052339281585,0.625,0.125,,0.0,0.0,0.5,1.1429466103021868,0.502795492661301,0.6666666666666666,-0.7081640016065371,low_premium_gamma_kick,76.85,6.399365552807612,0.0,1.0,-0.1999999999999993,0.0,5,False,,-0.8639308855291546,-0.9639308855291546,-1.8639308855291548,fold_1,research_oof
NSE_FO|44853|12-06-2025,2025-06-12,PE,24700.0,2025-06-06 08:30:00+00:00,2025-06-06,840,6,2,65.85,66.65,65.65,66.05,214500,7712925,66.15,-0.15117157974302575,5.6018168054504205,1.7270531400966183,False,False,True,2025-06-06,2025-06-12,-3.1687546057479588,65.7,0.47338403041825095,7712925.0,3.017583026004933,1.2536691096783672,0.0,False,0.0,1.0,1.0,0.0,0.0,8,0.625,0.75,0.25,0.26491365777079334,2.9637066291502756,2.8513753263909876,0.375,0.625,-255.81934046694005,0.0,0.25,0.125,0.3002183406113579,-1.7519169893941866,0.4740740740740741,-0.45138992035438363,low_premium_gamma_kick,33.849999999999994,2.8146846616463748,0.09999999999999432,3.1000000000000085,-0.8000000000000114,0.15117157974299972,5,False,,-1.2093726379440835,-1.3093726379440835,-2.2093726379440835,fold_2,research_oof
NSE_FO|44845|12-06-2025,2025-06-12,PE,24650.0,2025-06-09 04:55:00+00:00,2025-06-09,625,3,1,27.1,27.15,26.6,27.0,50625,2286600,27.1,-0.3690036900369065,7.037037037037032,1.7857142857142858,False,False,True,2025-06-09,2025-06-12,-2.3423423423423406,27.1,0.9497354497354498,2286600.0,1.9733386523054341,0.835978835978836,0.0,False,0.0,1.0,1.0,0.0,0.0,8,0.75,0.75,0.5,0.735167304788964,2.9743163386541873,3.6719975462914087,0.625,-0.125,,0.25,0.25,0.375,0.8363933088535447,-0.6476837807063873,1.4285714285714286,-1.2053969988904512,low_premium_gamma_kick,72.9,5.103867709461131,0.09999999999999787,3.0500000000000007,-1.9000000000000021,0.3690036900368925,5,False,,-7.011070110701115,-7.111070110701115,-8.011070110701116,fold_2,research_oof
NSE_FO|50983|19-06-2025,2025-06-19,PE,24400.0,2025-06-16 08:32:00+00:00,2025-06-16,842,3,0,24.75,24.9,24.5,24.85,98475,3864975,24.75,-0.4008016032064021,7.042253521126759,1.9480712166172107,False,False,True,2025-06-16,2025-06-19,-1.9723865877712021,24.85,1.0356083086053411,3836625.0,1.5715849845648,0.9124629080118696,0.007389307008112599,False,0.0,1.0,1.0,0.0,0.0,8,0.375,1.0,0.5,-0.5436502295208256,1.6050449244380482,1.788609916372222,0.25,0.125,41.14402166351283,0.125,0.0,0.375,0.0,-1.5773704617553896,0.0,-0.4008016032064021,low_premium_gamma_kick,75.25,2.829005114774309,0.10000000000000142,1.1499999999999986,-0.6000000000000014,0.40404040404040975,5,False,,-2.42424242424243,-2.52424242424243,-3.42424242424243,fold_2,research_oof
NSE_FO|62392|26-06-2025,2025-06-26,PE,24800.0,2025-06-20 05:48:00+00:00,2025-06-20,678,6,2,77.6,79.7,77.3,78.85,326250,10784175,78.65,-0.37902716361341016,6.848446417247929,2.0115606936416186,False,False,True,2025-06-20,2025-06-26,-3.3623910336239127,77.6,0.6164161849710983,10782150.0,2.9833638700105025,1.3951445086705203,0.00018781040887021606,False,0.0,1.0,1.0,0.0,0.0,8,0.25,0.625,0.5,-0.3262750697716921,2.71112786166281,3.6050056293430344,0.0,-0.125,1919.161710145885,0.0,0.125,0.25,-1.2275449101796454,-2.428335303856488,1.1692745376955904,0.8485177465662352,low_premium_gamma_kick,21.349999999999994,22.042358624040943,0.7999999999999972,2.3500000000000085,-2.0500000000000114,1.0171646535282863,5,False,,-2.6064844246662573,-2.7064844246662574,-3.6064844246662573,fold_2,research_oof
NSE_FO|62384|26-06-2025,2025-06-26,PE,24700.0,2025-06-20 06:41:00+00:00,2025-06-20,731,6,2,54.45,54.7,54.25,54.4,118500,5987250,54.55,0.5545286506469349,4.963235294117652,1.8244803695150116,False,False,True,2025-06-20,2025-06-26,-1.2692656391659063,54.45,0.7678983833718245,5987250.0,1.8237942898128412,1.056581986143187,0.0,False,1.0,1.0,1.0,6.478378934384453,160015.95967929598,8,0.75,0.625,0.25,0.5349962840863531,1.856210870396624,2.400449061681599,0.625,0.5,-3312.8912839885925,0.0,0.125,0.25,1.2621245763702271,-1.2776333158680764,0.875,-0.7075959257232922,low_premium_gamma_kick,45.45,-27.13947321008019,0.0,1.9499999999999957,-0.09999999999999432,0.0,5,False,,-0.1833180568285872,-0.28331805682858724,-1.1833180568285873,fold_2,research_oof
NSE_FO|47292|17-07-2025,2025-07-17,PE,25250.0,2025-07-15 07:31:00+00:00,2025-07-15,781,2,2,88.1,89.0,86.8,87.8,290550,3354975,87.85,0.17113519680547196,7.118451025056947,1.8056397110230715,False,False,True,2025-07-15,2025-07-17,-1.3407821229050265,88.3,0.6612981942410933,3354975.0,1.5119173197104985,1.1443415167819784,0.0,False,1.0,1.0,1.0,2.1528010951361236,54358.227652187124,8,0.375,0.75,0.625,0.0,1.2924442470043929,2.7967416828951452,0.375,0.75,,0.0,0.0,0.625,2.898550724637672,2.100292379209523,1.5612403100775194,-2.7274155278322,low_premium_gamma_kick,12.150000000000006,2.724681572080537,0.7000000000000028,5.25,-2.049999999999997,0.7968127490039874,5,False,,-2.333523050654522,-2.433523050654522,-3.333523050654522,fold_2,research_oof
NSE_FO|55801|31-07-2025,2025-07-31,CE,25050.0,2025-07-25 06:50:00+00:00,2025-07-25,740,6,2,57.45,58.0,56.45,57.6,188025,4179150,57.6,-0.6896551724137945,6.423611111111104,2.329925650557621,False,False,True,2025-07-25,2025-07-31,-2.871621621621623,57.5,1.3889182058047493,4179150.0,2.1819664492078283,0.9410074447528716,0.0,False,0.0,1.0,1.0,0.0,0.0,6,0.0,0.8333333,0.8333333,-0.8199533547927018,2.146037508618498,0.4078524865738375,0.0,0.8333333,,0.0,0.0,0.6666666666666666,1.0627631842791363,-2.6052696026060973,3.0904872389791183,-1.7524183566929308,low_premium_gamma_kick,42.4,1.3663163799891735,0.8500000000000014,4.899999999999999,-2.5500000000000043,1.4756944444444469,5,False,,-4.42708333333334,-4.52708333333334,-5.42708333333334,fold_2,research_oof
NSE_FO|65621|30-12-2025,2025-12-30,CE,26050.0,2025-12-26 06:35:00+00:00,2025-12-26,725,4,2,83.4,84.75,80.75,84.2,1043025,8556000,84.0,-0.4139562389118834,7.600950118764851,2.9554776325576455,False,False,True,2025-12-26,2025-12-30,-2.104032729398009,83.75,1.4144887666208161,8556000.0,1.6900764904861254,1.5409888659368294,0.0,False,0.0,1.0,1.0,0.0,0.0,5,0.0,1.0,1.0,-0.4139562389118834,1.9967741935483785,0.1421883947813469,0.0,1.0,,0.0,0.0,1.0,0.7532956685499137,-2.6883869318325093,2.14826153509731,-1.167251907461797,low_premium_gamma_kick,16.0,1.371411437784423,1.2999999999999972,2.1599999999999966,-0.4000000000000057,1.5476190476190441,5,False,,-0.476190476190483,-0.576190476190483,-1.476190476190483,fold_4,research_oof
NSE_FO|48238|17-02-2026,2026-02-17,CE,26050.0,2026-02-12 07:33:00+00:00,2026-02-12,783,5,1,42.55,43.45,42.45,43.05,115245,5066425,43.0,0.4667444574095514,4.761904761904772,1.8851674641148326,False,False,True,2026-02-12,2026-02-17,-1.1627906976744207,42.5,1.2573402417962003,5066425.0,1.629535155083972,0.6278272223186323,0.0,False,1.0,1.0,1.0,5.439824622216016,141707.43140872722,5,1.0,1.0,1.0,0.6644518272425293,1.786564038463645,0.18468042380864566,1.0,0.0,,0.0,0.0,0.8,-0.4964539007092261,-1.7833938435118935,1.4784688995215312,0.9631983581187775,low_premium_gamma_kick,57.0,8.617122226743387,0.20000000000000284,3.950000000000003,-3.6499999999999986,0.46511627906977404,5,False,,-8.488372093023253,-8.588372093023253,-9.488372093023253,fold_4,research_oof
NSE_FO|51988|30-04-2025,2025-04-30,CE,24200.0,2025-04-29 07:00:00+00:00,2025-04-29,750,1,3,140.69,147.0,140.15,145.94,163425,3873750,146.1,0.6135815236125275,7.194737563382211,1.757258064516129,False,False,True,2025-04-29,2025-04-30,-3.1947784266575074,140.9,1.0419354838709678,3854550.0,3.808359950270035,0.7153225806451613,0.004981126201502121,False,1.0,1.0,1.0,7.365503519513426,178245.1851722249,5,0.6,1.0,1.0,0.13550135501356753,4.889683120391741,0.6378392425514904,0.6,0.39999998,,0.0,0.0,0.4,-2.003034901365719,-8.285438073064421,1.3070066568881868,2.6166164249782464,near_expiry_compression_ignition,46.099999999999994,7.561220557345579,2.3400000000000034,4.699999999999989,1.1500000000000057,1.6016427104722817,5,False,,0.7871321013004831,0.6871321013004831,-0.21286789869951694,fold_1,research_oof
NSE_FO|38600|08-05-2025,2025-05-08,CE,24250.0,2025-05-08 06:19:00+00:00,2025-05-08,709,0,3,148.15,149.69,147.8,147.8,84750,1407450,148.05,-0.06761325219742931,3.917456021650874,2.077205882352941,False,False,True,2025-05-08,2025-05-08,-0.23688663282571687,147.4,1.0716911764705883,1407450.0,0.16927338062828756,1.0055147058823528,0.0,True,0.0,1.0,1.0,0.0,0.0,5,0.6,1.0,1.0,0.15251652262329163,0.7845475152321701,3.534228998059958,0.6,0.0,,0.0,0.0,0.8,-9.285714285714274,-3.9285714285714253,2.782345828295042,9.218101033516845,near_expiry_compression_ignition,48.05000000000001,7.095428288120223,2.3499999999999943,0.950000000000017,0.13999999999998636,1.5873015873015834,5,False,,0.0945626477541279,-0.005437352245872107,-0.9054373522458721,fold_1,research_oof
NSE_FO|56984|03-07-2025,2025-07-03,CE,25650.0,2025-07-01 08:00:00+00:00,2025-07-01,810,2,2,53.45,55.15,53.45,54.0,188850,6735750,54.0,0.746268656716409,7.6851851851851825,2.233259423503326,False,False,True,2025-07-01,2025-07-03,-0.18639328984156878,53.55,0.9569844789356985,6735750.0,0.9326619465579777,1.2762749445676276,0.0,False,1.0,1.0,1.0,9.066204196518115,232548.13764068965,6,0.6666667,0.6666667,0.8333333,0.3966566606090294,0.5030548022617265,0.31350053621884466,0.33333334,-0.16666663,60.74786266324736,0.0,0.0,0.8333333333333334,-1.201298701298703,-0.16267487786474355,2.9010043041606886,1.947567358015112,near_expiry_compression_ignition,46.0,3.7443870103358523,0.6000000000000014,2.200000000000003,-0.14999999999999858,1.1111111111111138,5,False,,-0.2777777777777751,-0.3777777777777751,-1.277777777777775,fold_2,research_oof
NSE_FO|40040|10-07-2025,2025-07-10,CE,25350.0,2025-07-08 08:29:00+00:00,2025-07-08,839,2,3,170.2,176.05,170.2,175.4,94800,1262175,175.95,0.6022368798394018,3.4492588369441344,4.1716171617161715,False,False,True,2025-07-08,2025-07-10,-2.492122600973945,170.2,0.7849829351535836,1262175.0,3.0943594808133468,3.3866342265625877,0.0,True,1.0,1.0,1.0,6.901354745366324,174949.3427950363,6,0.8333333,0.8333333,0.8333333,0.8331961349159256,3.3784801728279747,0.40565427790208214,0.8333333,0.8333333,,0.0,0.0,0.8333333333333334,0.8797653958944274,-0.7331378299120228,3.003219575016098,-0.2775285160550256,near_expiry_compression_ignition,75.94999999999999,12.276854025091064,0.5,6.949999999999989,-4.799999999999983,0.2841716396703609,5,False,,-2.7280477408354553,-2.8280477408354554,-3.7280477408354553,fold_2,research_oof
NSE_FO|40057|10-07-2025,2025-07-10,PE,25550.0,2025-07-08 08:59:00+00:00,2025-07-08,869,2,3,123.35,125.6,123.3,124.95,105375,1720050,125.4,0.12019230769231282,3.401360544217687,2.1271763815291447,False,False,True,2025-07-08,2025-07-10,-1.0812975570684724,123.5,0.34654234654234656,1720050.0,1.2014898647607852,1.7806340349867982,0.0,False,1.0,1.0,1.0,1.39005891648757,35516.00531625742,8,0.625,0.625,0.625,0.45183404558404305,1.5200695723782687,2.913128626741246,0.5,-0.125,,0.125,0.0,0.375,-0.39292730844793233,-1.7614512576170416,0.821273516642547,0.5131196161402451,near_expiry_compression_ignition,25.400000000000006,6.038357295324327,1.5999999999999943,3.6500000000000057,-3.1500000000000057,1.275917065390745,5,False,,-2.5119617224880426,-2.6119617224880427,-3.5119617224880426,fold_2,research_oof
NSE_FO|47296|17-07-2025,2025-07-17,PE,25350.0,2025-07-16 07:50:00+00:00,2025-07-16,800,1,3,149.1,156.2,149.1,150.7,146700,1026600,151.0,0.4666666666666597,7.332448573324475,3.575868372943327,False,False,True,2025-07-16,2025-07-17,0.0,149.4,1.659963436928702,1026600.0,0.4666666666666597,1.9159049360146252,0.0,False,1.0,1.0,1.0,5.551537497678781,140731.47556615708,8,0.625,0.625,0.875,0.7775510204081626,0.9137289595820219,4.758796075741405,0.5,-0.375,-2275.6104887509064,0.0,0.0,0.75,-3.803131991051456,-2.9162140309627715,2.6795452036648637,4.269798657718116,near_expiry_compression_ignition,51.0,-17.06348266859381,4.599999999999994,2.3499999999999943,4.0,3.046357615894036,5,False,,2.6490066225165565,2.5490066225165564,1.6490066225165565,fold_2,research_oof
NSE_FO|47296|17-07-2025,2025-07-17,PE,25350.0,2025-07-17 06:04:00+00:00,2025-07-17,694,0,3,157.0,163.35,157.0,161.7,118050,689925,161.45,0.6535947712418277,7.142857142857151,1.8334304018637158,False,False,True,2025-07-17,2025-07-17,-1.1972274732198973,156.8,0.5626092020966803,682725.0,1.850822244461725,1.2708211997670356,0.010545973854773152,True,1.0,1.0,1.0,7.6332496820030125,193502.87943877638,8,0.75,0.75,0.625,1.1262721932503883,3.585114774606102,11.244527219264535,0.75,0.625,,0.0,0.125,0.375,-11.764705882352933,-5.0339366515836925,1.4021296296296297,12.41830065359476,near_expiry_compression_ignition,61.44999999999999,9.578919599466717,2.3500000000000227,24.349999999999994,-19.599999999999994,1.4555589965933868,5,False,,-12.139981418395786,-12.239981418395786,-13.139981418395786,fold_2,research_oof
NSE_FO|47231|21-08-2025,2025-08-21,CE,25000.0,2025-08-20 07:29:00+00:00,2025-08-20,779,1,2,96.05,98.4,95.6,96.65,2149800,16010475,96.7,0.4155844155844246,6.932229694774963,2.15098304067237,False,False,True,2025-08-20,2025-08-21,-0.8264462809917328,96.0,0.7991145129821402,16010475.0,1.2420306965761574,1.3518685276902298,0.0,False,1.0,1.0,1.0,6.059588919555681,151489.72298889203,5,1.0,1.0,1.0,0.39107430411777777,0.8900252154813382,0.20974658703106322,1.0,0.0,,0.0,0.0,0.4,-0.9864364981504337,-0.615149369437562,0.7606875601985627,1.4020209137348583,near_expiry_compression_ignition,3.299999999999997,8.255648447942493,2.25,4.5,-0.4000000000000057,2.326783867631851,5,False,,-0.41365046535677935,-0.5136504653567794,-1.4136504653567794,fold_3,research_oof
NSE_FO|48935|02-09-2025,2025-09-02,CE,24600.0,2025-09-02 07:32:00+00:00,2025-09-02,782,0,3,156.25,161.0,155.75,158.0,467850,4566600,158.4,0.5089058524173184,5.063291139240507,2.0597655605085023,False,False,True,2025-09-02,2025-09-02,-0.7931472081218249,156.35,1.0014858841010401,4566600.0,1.3020530605391434,1.0582796764074622,0.0,False,1.0,1.0,1.0,6.644226538493328,163447.97284693585,5,0.8,1.0,1.0,0.7707129094412402,3.469308469308474,0.8251310583942155,0.8,1.0,,0.0,0.0,0.4,-4.34782608695653,-4.34782608695653,1.578428036747193,4.856731939373849,near_expiry_compression_ignition,58.400000000000006,8.167676588840845,0.3499999999999943,10.050000000000011,-7.700000000000017,0.22095959595959236,5,False,,-4.861111111111121,-4.961111111111121,-5.861111111111121,fold_3,research_oof
NSE_FO|57005|23-12-2025,2025-12-23,CE,26000.0,2025-12-22 05:29:00+00:00,2025-12-22,659,1,3,158.05,162.0,157.9,160.4,509925,9096600,160.75,0.5327483547477252,3.3665835411471354,2.0295522388059704,False,False,True,2025-12-22,2025-12-23,-1.372854914196564,158.05,0.8549939831528279,9096600.0,1.9056032689442892,1.1745582556531424,0.0,False,1.0,1.0,1.0,7.001390010475376,182036.14027235977,6,0.8333333,0.8333333,0.8333333,0.4689631028874319,1.2094904295855247,0.24490699437504515,0.8333333,0.8333333,,0.0,0.0,0.5,-1.5037593984962405,-2.763205242324951,1.011813560535548,2.0365077532439657,near_expiry_compression_ignition,60.75,8.96545379443852,2.25,7.75,-6.400000000000006,1.3996889580093312,5,False,,-3.9813374805598793,-4.081337480559879,-4.98133748055988,fold_3,research_oof
NSE_FO|65634|30-12-2025,2025-12-30,PE,26150.0,2025-12-29 06:08:00+00:00,2025-12-29,698,1,3,170.9,172.3,170.65,171.0,237300,1857075,171.25,0.4700352526439522,2.5146198830409423,2.890817724988579,False,False,True,2025-12-29,2025-12-30,-0.29239766081871066,170.5,0.6368204659661946,1857075.0,0.7624329134626628,2.2539972590223845,0.0,True,1.0,1.0,1.0,5.817666113508855,152131.96886825655,8,0.625,0.625,0.125,0.22813725875008295,0.5459589071761584,0.27664005397436586,0.625,0.625,,0.0,0.0,0.25,-0.4024144869215207,-1.316120070677862,0.7447040838611051,0.8724497395654729,near_expiry_compression_ignition,71.25,7.611335196050779,0.3499999999999943,3.75,-3.75,0.2043795620437923,5,False,,-2.18978102189781,-2.2897810218978103,-3.18978102189781,fold_4,research_oof
NSE_FO|48696|27-03-2025,2025-03-27,PE,23200.0,2025-03-21 07:17:00+00:00,2025-03-21,767,6,2,61.9,63.7,61.45,63.55,262125,10856175,63.55,1.8429487179487225,8.02517702596381,1.4019253910950662,False,False,False,2025-03-21,2025-03-27,-0.4838709677419284,61.7,0.9494584837545126,10856175.0,2.326819685690651,0.4524669073405536,0.0,False,1.0,1.0,1.0,22.993698190138396,533453.7980112107,5,1.0,1.0,0.8,2.0394736842105132,2.1064023695602563,0.09949975402633504,0.6,0.0,-37.58551246802017,0.4,0.0,0.0,-1.768137076193954,-1.4955089409704025,1.1579943235572374,3.6110857941426766,oi_volume_spark_after_compression,36.45,5.285237212614028,0.75,7.049999999999997,-5.5,1.1801730920535012,5,False,,-8.654602675059008,-8.754602675059008,-9.654602675059008,fold_1,research_oof
NSE_FO|49835|27-03-2025,2025-03-27,PE,23250.0,2025-03-24 05:26:00+00:00,2025-03-24,656,3,1,36.5,36.7,35.95,36.65,293100,2768250,36.6,2.231520223152006,7.748976807639826,3.6937618147448017,True,False,True,2025-03-24,2025-03-27,1.5320334261838653,36.45,0.8856332703213611,2768250.0,0.6994867969681406,2.8081285444234405,0.0,False,1.0,1.0,1.0,28.090984744207343,653115.3953028207,5,1.0,0.4,0.4,2.0289855072463947,-0.003112356053547316,0.1700255698324412,0.0,-0.4,-16.067071980975015,0.6,0.0,0.2,1.344454126727257,-1.043045873272752,1.951219512195122,0.887066096424749,oi_volume_spark_after_compression,63.4,2.0014180342806203,1.3500000000000014,0.7000000000000028,0.3999999999999986,3.688524590163938,5,False,,1.092896174863384,0.9928961748633841,0.09289617486338408,fold_1,research_oof
NSE_FO|49835|27-03-2025,2025-03-27,PE,23250.0,2025-03-24 06:06:00+00:00,2025-03-24,696,3,1,31.35,32.79,31.05,32.1,242550,2657400,32.1,3.7156704361874127,8.06853582554517,3.019607843137255,False,False,True,2025-03-24,2025-03-27,0.9646302250803762,31.4,0.6986301369863014,2657400.0,2.7510402111070364,2.3209777061509533,0.0,False,1.0,1.0,1.0,46.070476148643294,1071138.5704559565,5,1.0,1.0,1.0,3.7249283667621924,2.1428571428571574,0.22404803701014173,0.0,1.0,-15.398431010355125,0.8,0.0,0.4,-3.0581395348837193,-1.4991194903402838,1.037037037037037,6.773809971071132,oi_volume_spark_after_compression,67.9,4.717058056012301,3.1899999999999977,0.3000000000000007,1.9399999999999977,9.937694704049836,5,False,,6.043613707165102,5.9436137071651025,5.043613707165102,fold_1,research_oof
NSE_FO|54756|03-04-2025,2025-04-03,PE,23700.0,2025-03-28 05:34:00+00:00,2025-03-28,664,6,3,158.9,163.85,157.6,163.85,250500,3250500,163.0,3.375394321766567,6.591394568202615,1.3227722772277228,True,False,False,2025-03-28,2025-04-03,-1.0605115408608978,158.6,0.7502011263073209,3250500.0,4.435905862627465,0.5725711509204019,0.0,False,1.0,1.0,1.0,41.96026329628117,994458.2401218637,8,0.625,0.75,0.5,3.146329047969232,4.5102749223628225,4.694752096463178,0.625,0.125,,0.625,0.0,0.0,-6.87528208214232,-7.187211479586009,1.6046890927624873,10.250676403908887,oi_volume_spark_after_compression,63.0,10.157401366537934,7.75,2.1500000000000057,3.3000000000000114,4.754601226993866,5,False,,2.0245398773006205,1.9245398773006204,1.0245398773006205,fold_1,research_oof
NSE_FO|54755|03-04-2025,2025-04-03,CE,23700.0,2025-03-28 06:39:00+00:00,2025-03-28,729,6,3,98.7,100.85,98.6,100.65,323400,5643450,101.3,3.762886597938153,8.147044212617985,1.482296321760055,False,False,False,2025-03-28,2025-04-03,0.9183673469387754,98.9,1.0175317978686833,5623275.0,2.8445192509993777,0.4647645238913718,0.003587766915187324,False,1.0,1.0,1.0,47.73841892955892,1131400.5286305463,5,1.0,1.0,1.0,3.556485355648542,2.8445192509993777,0.4116246530926839,0.0,0.0,4.4422508354109596,0.8,0.0,0.6,-3.3342673017651925,-1.7425331492938012,1.4510385756676558,7.097153899703345,oi_volume_spark_after_compression,1.2999999999999972,2.902742032081901,1.0499999999999972,5.599999999999994,-5.599999999999994,1.0365251727541926,5,False,,-5.528134254689037,-5.628134254689036,-6.528134254689037,fold_1,research_oof
NSE_FO|43895|09-04-2025,2025-04-09,PE,23150.0,2025-04-03 05:17:00+00:00,2025-04-03,647,6,2,97.65,100.55,97.3,99.55,34200,884850,99.5,1.6853932584269593,6.780512305374184,2.690265486725664,False,False,True,2025-04-03,2025-04-09,0.3092783505154628,97.3,1.9056047197640118,884850.0,1.3761149079114965,0.7846607669616521,0.0,True,1.0,1.0,1.0,17.59552274559988,407336.35156063724,5,1.0,1.0,0.6,1.6772269847185939,1.2107319271872807,0.1035365106295282,0.0,1.0,14.709209953212849,0.0,0.0,0.4,-2.274509803921576,-0.7813936511195552,1.282442748091603,3.9599030623485354,oi_volume_spark_after_compression,0.5,2.0736317847338657,2.5,1.4500000000000028,0.7000000000000028,2.512562814070352,5,False,,0.7035175879397014,0.6035175879397014,-0.2964824120602986,fold_1,research_oof
NSE_FO|43888|09-04-2025,2025-04-09,PE,23050.0,2025-04-03 05:51:00+00:00,2025-04-03,681,6,2,74.3,74.59,73.84,74.15,14400,471825,74.2,1.9944979367262805,6.662171274443692,1.8823529411764706,False,False,True,2025-04-03,2025-04-09,1.642710472279263,74.25,1.4395604395604396,471750.0,0.3517874644470176,0.442792501616031,0.0001589825119236884,False,1.0,1.0,1.0,19.097423308137913,440195.6072525789,5,1.0,0.6,0.8,1.9767441860465196,0.1754658594921965,0.2520556841401847,0.0,0.6,5.400205564077623,0.2,0.0,0.4,-1.2337662337662425,0.3896103896103842,2.0,3.228264170492523,oi_volume_spark_after_compression,25.799999999999997,0.15442210733506456,0.29999999999999716,3.1099999999999994,-1.7000000000000028,0.40431266846360797,5,False,,-2.2911051212938043,-2.3911051212938044,-3.2911051212938043,fold_1,research_oof
NSE_FO|43888|09-04-2025,2025-04-09,PE,23050.0,2025-04-04 06:57:00+00:00,2025-04-04,747,5,3,166.1,173.95,165.75,173.45,95775,1256325,173.55,0.34712178189180154,7.293168059959647,1.5139300533491404,False,False,True,2025-04-04,2025-04-09,-6.764374295377673,165.4,1.1807943094250148,1223325.0,7.111496077269474,0.3331357439241256,0.02697566059714303,True,1.0,1.0,1.0,3.9814061014701845,91771.41063888776,5,0.8,1.0,0.8,0.34712178189180154,5.9075664199116025,0.2526786772172152,0.8,1.0,,0.0,0.0,0.2,-1.620370370370372,-8.983790797923819,1.609442060085837,1.9674921522621736,oi_volume_spark_after_compression,73.55000000000001,11.667018514808374,10.599999999999994,0.6500000000000057,6.049999999999983,6.107749927974644,5,False,,3.4860270815326895,3.3860270815326894,2.4860270815326895,fold_1,research_oof
NSE_FO|48185|17-04-2025,2025-04-17,PE,22600.0,2025-04-11 06:15:00+00:00,2025-04-11,705,6,3,105.5,108.0,104.25,107.9,140400,2074950,106.75,3.4515819750719157,7.182576459684893,1.3338083363021018,True,False,False,2025-04-11,2025-04-17,1.0033444816053505,105.7,0.8806555040969006,2074950.0,2.448237493466565,0.4531528322052012,0.0,False,1.0,1.0,1.0,40.90903970757457,924544.2973911853,8,0.625,0.625,0.625,3.3232254878169942,1.5756265829390825,4.001067513120645,-0.125,0.0,-187.74212603868364,0.625,0.0,0.0,-5.012267788293023,-1.0225940027966618,0.5611015490533563,8.463849763364939,oi_volume_spark_after_compression,6.75,0.30464570533620305,1.2000000000000028,4.150000000000006,-2.200000000000003,1.1241217798594874,5,False,,-2.0608899297423915,-2.1608899297423916,-3.0608899297423915,fold_1,research_oof
NSE_FO|48199|17-04-2025,2025-04-17,PE,22800.0,2025-04-11 06:37:00+00:00,2025-04-11,727,6,3,167.5,171.05,162.1,170.8,345150,5922075,169.9,3.5465292512882884,6.293911007025761,2.367283950617284,True,False,True,2025-04-11,2025-04-17,2.464571780653113,166.3,0.6563786008230452,5916225.0,1.0819574706351753,1.7109053497942388,0.0009888062066604972,False,1.0,1.0,1.0,45.22440927329396,1031116.5314311022,8,0.625,0.25,1.0,2.831669604121956,-0.11159663308208945,2.7692188037380614,0.0,-0.625,-9.127778317491902,0.625,0.0,1.0,-1.5791038121423795,0.6245020884221852,1.7811023622047244,5.1256330634306675,oi_volume_spark_after_compression,69.9,2.5363861706855593,1.0,17.0,-15.210000000000008,0.5885815185403178,5,False,,-8.952324896998238,-9.052324896998238,-9.952324896998238,fold_1,research_oof
NSE_FO|79546|24-04-2025,2025-04-24,PE,24050.0,2025-04-21 05:32:00+00:00,2025-04-21,662,3,3,117.45,120.15,117.3,118.5,333000,2444700,117.0,2.7308192457737412,6.24472573839663,1.5823235923022096,True,False,True,2025-04-21,2025-04-24,1.4750542299349245,116.95,1.0146115466856735,2444700.0,1.2557650158388167,0.5677120456165361,0.0,True,1.0,1.0,1.0,34.72482655542048,835132.0786578625,8,0.625,0.75,0.875,2.566023273639473,1.5038481523943048,6.904885231568399,0.0,0.125,22.166672325576656,0.625,0.0,0.25,-5.361111111111116,-0.5528843184485206,0.7643979057591623,8.091930356884857,oi_volume_spark_after_compression,17.0,2.5317061502404843,2.950000000000003,2.5,1.5999999999999943,2.521367521367524,5,False,,1.3675213675213627,1.2675213675213626,0.36752136752136266,fold_1,research_oof
NSE_FO|79537|24-04-2025,2025-04-24,CE,24050.0,2025-04-21 06:16:00+00:00,2025-04-21,706,3,3,172.05,176.5,172.05,175.25,177525,2490750,175.9,2.60538641686181,7.389443651925815,1.467451952882827,True,False,False,2025-04-21,2025-04-24,-2.8857142857142914,169.95,0.5257284562926224,2464200.0,5.491100702576102,0.9417234965902045,0.01077428780131483,True,1.0,1.0,1.0,31.49097305877919,757357.9020636395,8,0.625,0.625,0.625,2.2030375504360267,3.3507902486869634,1.2525754321520501,0.625,0.625,,0.625,0.0,0.125,-3.8770053475935873,-4.459442623579246,1.4620783337106633,6.482391764455397,oi_volume_spark_after_compression,75.9,10.344182965130443,0.0,9.200000000000017,-2.25,0.0,5,False,,-1.2791358726549176,-1.3791358726549177,-2.2791358726549173,fold_1,research_oof
NSE_FO|79518|24-04-2025,2025-04-24,PE,23900.0,2025-04-22 05:19:00+00:00,2025-04-22,649,2,0,22.2,22.45,22.05,22.2,195600,6863700,22.3,2.304147465437789,8.10810810810811,1.3519958527734577,False,False,False,2025-04-22,2025-04-24,-1.1210762331838597,22.05,0.5101088646967341,6863700.0,3.425223698621649,0.8418869880767236,0.0,True,1.0,1.0,1.0,28.073345965539698,670952.9685763988,8,0.625,0.625,0.25,1.6065261998898905,3.381414850119302,2.3573475085001068,0.625,0.375,,0.0,0.0,0.0,-0.5799256505576222,-2.0877664225720904,0.46582278481012657,2.8840731159954114,oi_volume_spark_after_compression,77.7,6.990817307226935,0.9499999999999993,1.1500000000000021,-0.9499999999999993,4.2600896860986515,5,False,,-4.2600896860986515,-4.360089686098651,-5.2600896860986515,fold_1,research_oof
NSE_FO|79518|24-04-2025,2025-04-24,PE,23900.0,2025-04-22 06:48:00+00:00,2025-04-22,738,2,0,21.9,22.95,21.8,22.25,133125,7834875,22.45,3.009259259259256,8.089887640449442,2.0833333333333335,False,False,True,2025-04-22,2025-04-24,-3.104212860310418,21.85,1.244131455399061,7834875.0,6.113472119569674,0.8392018779342725,0.0,False,1.0,1.0,1.0,35.50640445671551,848603.0665155007,8,0.625,0.75,0.75,2.579898446833928,5.6732796941260215,3.775591479328659,0.5,0.75,,0.125,0.0,0.375,-1.8240343347639465,-2.608225049945889,1.0131004366812226,4.8332935940232025,oi_volume_spark_after_compression,77.55,9.661402919035542,1.3000000000000007,0.4499999999999993,0.10000000000000142,5.790645879732743,5,False,,0.44543429844098625,0.3454342984409863,-0.5545657015590137,fold_1,research_oof
NSE_FO|51993|30-04-2025,2025-04-30,PE,24250.0,2025-04-24 05:14:00+00:00,2025-04-24,644,6,3,161.65,162.3,161.15,161.6,25875,652800,161.5,1.411986193912762,3.4715346534653553,1.34765625,False,False,False,2025-04-24,2025-04-30,0.7474307069448738,161.75,0.66015625,652800.0,0.6645554869678882,0.6875,0.0,False,1.0,1.0,1.0,14.34729221752029,347921.836274867,8,0.625,0.625,0.375,1.2991331042866983,0.4854106032902372,3.075145381506078,0.0,0.5,-16.479289394646912,0.0,0.0,0.125,-1.804287836977292,-0.8805499207581668,2.5175879396984926,3.216274030890054,oi_volume_spark_after_compression,61.5,1.2782470970310582,3.5,4.310000000000002,1.9000000000000057,2.1671826625387,5,False,,1.1764705882352975,1.0764705882352974,0.1764705882352975,fold_1,research_oof
NSE_FO|52000|30-04-2025,2025-04-30,CE,24350.0,2025-04-24 05:38:00+00:00,2025-04-24,668,6,3,173.7,177.1,173.45,177.0,12600,707625,176.45,0.8547008547008517,3.502824858757056,1.4672489082969433,False,False,False,2025-04-24,2025-04-30,-0.7441327990841295,173.4,0.6812227074235808,707625.0,1.5988336537849812,0.7860262008733625,0.0,True,1.0,1.0,1.0,8.069685004162102,196496.82985134717,5,1.0,1.0,0.8,0.8547008547008517,1.4404677124182363,0.09541098066732626,1.0,1.0,,0.0,0.0,0.2,-1.5188633023027864,-1.3493717768790603,1.6781609195402298,2.373564157003638,oi_volume_spark_after_compression,76.44999999999999,9.289380097274414,1.0500000000000114,3.25,-1.299999999999983,0.5950694247662291,5,False,,-0.7367526211391233,-0.8367526211391233,-1.7367526211391233,fold_1,research_oof
NSE_FO|52001|30-04-2025,2025-04-30,PE,24350.0,2025-04-28 06:57:00+00:00,2025-04-28,747,2,3,111.55,113.75,111.1,113.0,318900,2822250,112.95,1.2998655311519558,6.8584070796460175,1.471280276816609,False,False,False,2025-04-28,2025-04-30,0.4014272970562116,112.55,0.7342486364491254,2678175.0,0.8984382340957442,0.7370316403674835,0.05379596180234675,False,1.0,1.0,1.0,16.472722710641122,401110.79800411133,8,0.875,0.625,0.125,1.1889082152803598,0.48143384592479466,2.4854225249419866,0.125,0.25,-1076.4398598207954,0.0,0.25,0.0,-0.35634743875279096,-0.9035430611878059,1.0444767240783013,1.6562129699047468,oi_volume_spark_after_compression,12.950000000000003,-9.670107144197392,0.14999999999999147,8.25,-4.450000000000003,0.1328021248339898,5,False,,-3.939796370075257,-4.039796370075257,-4.939796370075257,fold_1,research_oof
NSE_FO|52000|30-04-2025,2025-04-30,CE,24350.0,2025-04-28 08:33:00+00:00,2025-04-28,843,2,3,108.9,113.4,108.4,113.4,543075,5416725,113.4,5.8329444703686395,7.804232804232811,1.5835975943138327,True,True,True,2025-04-28,2025-04-30,-0.2753556677374869,108.65,0.8476865923674435,5416725.0,6.108300138106126,0.7359110019463893,0.0,False,1.0,1.0,1.0,77.02405828447108,1875535.8192268708,6,0.8333333,0.8333333,0.8333333,4.955603360567751,5.5630869052066,2.3449832087744364,0.8333333,0.0,,0.6666666666666666,0.5,0.16666666666666666,-4.897959183673473,-5.175994401467732,0.9745679359280596,10.730903654042113,oi_volume_spark_after_compression,13.400000000000006,13.236609634193773,1.3499999999999943,3.25,-2.4000000000000057,1.1904761904761854,5,False,,-2.116402116402121,-2.2164021164021213,-3.116402116402121,fold_1,research_oof
NSE_FO|51988|30-04-2025,2025-04-30,CE,24200.0,2025-04-29 06:14:00+00:00,2025-04-29,704,1,3,170.8,173.8,170.2,170.2,108300,3654300,171.1,1.6726403823177804,6.022326674500588,1.4282888229475768,False,False,False,2025-04-29,2025-04-30,0.02936857562407802,170.3,0.5085106382978724,3654300.0,1.6432718066937024,0.9197781846497044,0.0,False,1.0,1.0,1.0,19.390367423153293,469246.8916403097,5,1.0,1.0,0.8,2.245862884160754,2.9661591730505754,0.3606772940569681,0.8,0.6,112.67250568307281,0.2,0.0,0.0,-7.692307692307687,-1.1405835543766623,1.082967032967033,9.364948074625467,oi_volume_spark_after_compression,71.1,10.007397500699227,1.6500000000000057,12.099999999999994,-10.699999999999989,0.964348334307426,5,False,,-6.253652834599643,-6.353652834599643,-7.253652834599643,fold_1,research_oof
NSE_FO|51988|30-04-2025,2025-04-30,CE,24200.0,2025-04-29 07:00:00+00:00,2025-04-29,750,1,3,140.69,147.0,140.15,145.94,163425,3873750,146.1,0.6135815236125275,7.194737563382211,1.757258064516129,False,False,True,2025-04-29,2025-04-30,-3.1947784266575074,140.9,1.0419354838709678,3854550.0,3.808359950270035,0.7153225806451613,0.004981126201502121,False,1.0,1.0,1.0,7.365503519513426,178245.1851722249,5,0.6,1.0,1.0,0.13550135501356753,4.889683120391741,0.6378392425514904,0.6,0.39999998,,0.0,0.0,0.4,-2.003034901365719,-8.285438073064421,1.3070066568881868,2.6166164249782464,oi_volume_spark_after_compression,46.099999999999994,7.561220557345579,2.3400000000000034,4.699999999999989,1.1500000000000057,1.6016427104722817,5,False,,0.7871321013004831,0.6871321013004831,-0.21286789869951694,fold_1,research_oof
NSE_FO|51988|30-04-2025,2025-04-30,CE,24200.0,2025-04-30 06:40:00+00:00,2025-04-30,730,0,3,159.8,167.8,159.25,165.4,285075,3049350,165.15,2.956738250855895,7.321644498186224,1.6226254002134473,True,False,True,2025-04-30,2025-04-30,0.5678233438485947,159.4,0.4490928495197439,3049350.0,2.3889149070073,1.1735325506937033,0.0,False,1.0,1.0,1.0,37.138143591191394,898743.0749068317,5,1.0,1.0,1.0,4.218472468916512,5.008390541571317,2.6832416429250574,0.19999999,0.0,32.98196524608284,0.2,0.4,0.6,-2.3255813953488302,-3.2558139534883623,1.185259106137287,5.282319646204725,oi_volume_spark_after_compression,65.15,4.568200866729985,0.0,13.0,-11.400000000000006,0.0,5,False,,-6.9028156221616745,-7.002815622161674,-7.9028156221616745,fold_1,research_oof
NSE_FO|51990|30-04-2025,2025-04-30,CE,24250.0,2025-04-30 07:55:00+00:00,2025-04-30,805,0,3,96.5,100.75,96.45,100.7,353400,3499350,100.2,2.9126213592232997,6.703078450844091,1.7291743119266054,True,False,True,2025-04-30,2025-04-30,1.73684210526317,96.65,0.48807339449541287,3464100.0,1.1757792539601297,1.2411009174311927,0.01017580323893652,False,1.0,1.0,1.0,37.20978252966555,902337.2263443896,5,1.0,1.0,1.0,2.9126213592232997,2.292630693334363,2.7607504051060645,0.19999999,1.0,35.66210756743021,0.4,0.4,0.6,-19.685039370078737,-5.399325084364458,1.6716991710384046,22.597660729302035,oi_volume_spark_after_compression,0.20000000000000284,8.034712286283686,1.3499999999999943,4.549999999999997,0.5999999999999943,1.3473053892215512,5,False,,0.5988023952095751,0.49880239520957514,-0.4011976047904249,fold_1,research_oof
NSE_FO|38599|08-05-2025,2025-05-08,PE,24200.0,2025-05-02 06:56:00+00:00,2025-05-02,746,6,3,151.9,159.35,151.1,157.65,409425,3350400,157.1,5.451505016722402,8.182683158896292,1.6146110618160308,False,True,True,2025-05-02,2025-05-08,3.598099117447373,152.6,0.6447796509908311,3350400.0,1.853405899275029,0.9698314108251996,0.0,False,1.0,1.0,1.0,70.44713604065787,1704820.6921839204,8,0.875,0.75,0.75,4.6830013514307485,1.3679926120813812,1.7278528818746846,0.0,-0.125,-39.43027738887031,0.5,0.125,0.5,-3.6170631020247646,-0.963053028409877,1.5903141361256545,9.068568118747166,oi_volume_spark_after_compression,57.099999999999994,2.3969851384863303,24.05000000000001,2.1599999999999966,15.349999999999994,15.308720560152778,5,False,,9.770846594525777,9.670846594525777,8.770846594525777,fold_1,research_oof
NSE_FO|38607|08-05-2025,2025-05-08,PE,24400.0,2025-05-02 08:42:00+00:00,2025-05-02,852,6,3,171.9,180.65,171.9,180.65,525750,5174175,179.65,7.369985141158986,7.47301411569333,1.3274001136148457,True,True,False,2025-05-02,2025-05-08,1.6412661195779776,173.4,0.6105324637399007,5174175.0,5.728719021581008,0.716867649874945,0.0,False,1.0,1.0,1.0,97.08174094831327,2368794.4791388437,8,0.75,0.625,0.875,7.337433939283833,5.685932066880994,3.4330743409981785,-0.25,-0.375,-1611.765548978041,0.625,0.625,0.25,-4.999999999999993,-3.9408649602824415,1.2585266030013642,12.369985141158978,oi_volume_spark_after_compression,79.65,-10.460644329188693,13.25,6.650000000000006,-3.4000000000000057,7.375452268299471,5,False,,-1.8925688839409995,-1.9925688839409996,-2.8925688839409993,fold_1,research_oof
NSE_FO|38604|08-05-2025,2025-05-08,CE,24350.0,2025-05-05 07:21:00+00:00,2025-05-05,771,3,3,169.0,175.05,169.0,174.45,118725,1798800,172.85,7.419950738916237,7.8532530811120775,2.282624369142033,True,True,True,2025-05-05,2025-05-08,2.981442044417415,169.25,1.071377072819034,1785900.0,4.438508694498822,1.2112472963229992,0.007223248782126658,False,1.0,1.0,1.0,86.69896048910255,2111119.687909647,5,1.0,1.0,1.0,6.075000000000008,3.5936104218362352,1.2711177631885753,0.0,0.0,-8.65262434808028,0.8,1.0,1.0,-6.1126648022373224,-4.480011741012824,1.6031042128603104,13.53261554115356,oi_volume_spark_after_compression,72.85,7.0387735518041925,11.700000000000017,2.5,8.099999999999994,6.768874746890377,5,False,,4.686144055539482,4.586144055539482,3.686144055539482,fold_1,research_oof
NSE_FO|38604|08-05-2025,2025-05-08,CE,24350.0,2025-05-05 08:10:00+00:00,2025-05-05,820,3,3,173.45,178.0,172.2,177.15,91500,1872450,176.8,2.96425457715781,8.077900084674006,1.3847900113507379,False,False,False,2025-05-05,2025-05-08,1.370662000583267,173.8,0.8365493757094211,1872450.0,1.593592576574543,0.5482406356413168,0.0,False,1.0,1.0,1.0,33.86395607023825,824587.3303103015,5,1.0,1.0,1.0,2.6571485227047553,1.6793882807904836,0.7171019345280036,0.0,0.0,-6.1765396336850245,0.4,0.0,0.2,-2.86624203821656,-1.5872652196713966,1.2652163285260327,5.83049661537437,oi_volume_spark_after_compression,76.80000000000001,1.26576178685174,10.25,2.3000000000000114,8.149999999999977,5.797511312217194,5,False,,4.6097285067873175,4.509728506787318,3.6097285067873175,fold_1,research_oof
NSE_FO|38600|08-05-2025,2025-05-08,CE,24250.0,2025-05-06 04:58:00+00:00,2025-05-06,628,2,3,171.65,175.0,171.05,172.2,50625,844725,171.6,2.713987473903967,7.845528455284548,1.5083798882681565,True,False,True,2025-05-06,2025-05-08,-1.6068866571018692,171.45,0.8022346368715084,844725.0,4.320874131005836,0.7061452513966481,0.0,False,1.0,1.0,1.0,29.39851090707771,712913.8894966345,5,1.0,1.0,1.0,3.180212014134276,5.014044349463608,0.6295399290334062,1.0,0.0,,0.4,0.0,0.4,-3.841961852861042,-2.876444611481732,1.6369827134625459,6.55594932676501,oi_volume_spark_after_compression,71.6,11.497725386029062,10.450000000000017,3.299999999999983,-2.5999999999999943,6.0897435897436,5,False,,-1.5151515151515118,-1.615151515151512,-2.515151515151512,fold_1,research_oof
NSE_FO|38604|08-05-2025,2025-05-08,CE,24350.0,2025-05-06 06:19:00+00:00,2025-05-06,709,2,2,83.0,85.25,82.65,84.3,556800,5147775,84.1,3.245560318432328,6.227758007117438,1.9396472893533638,True,False,True,2025-05-06,2025-05-08,1.098230628431951,82.85,1.205486610058785,5147775.0,2.147329690000377,0.7341606792945787,0.0,False,1.0,1.0,1.0,42.93864352423879,1045555.9698152146,6,0.8333333,0.8333333,0.8333333,2.2828831687357054,1.3594118863458737,1.176062301585518,0.0,0.0,33.81057673424948,0.5,0.0,0.6666666666666666,-5.868544600938963,-1.7149395852649842,1.306879950302842,9.11410491937129,oi_volume_spark_after_compression,15.900000000000006,4.104690538842207,6.050000000000011,2.3999999999999915,5.300000000000011,7.193816884661132,5,False,,6.3020214030915715,6.202021403091572,5.3020214030915715,fold_1,research_oof
NSE_FO|38599|08-05-2025,2025-05-08,PE,24200.0,2025-05-07 06:15:00+00:00,2025-05-07,705,1,1,30.2,31.25,29.65,31.25,454800,11186700,31.45,5.57432432432432,7.520000000000005,1.9804049640757675,True,True,True,2025-05-07,2025-05-08,1.17647058823529,30.1,0.7364467668190725,11125425.0,4.39785373608903,1.243958197256695,0.005507654763750598,False,1.0,1.0,1.0,72.62015251817867,1757407.6909399237,8,0.625,0.625,0.875,5.766813324952869,4.077199328757142,6.807812434980849,0.0,0.0,14.263628746030008,0.125,0.625,0.875,-6.456657730116177,-3.2715216982648117,2.4869565217391303,12.030982054440496,oi_volume_spark_after_compression,68.55,6.841334346307171,2.34,0.25,1.8399999999999999,7.440381558028617,5,False,,5.850556438791733,5.750556438791733,4.850556438791733,fold_1,research_oof
NSE_FO|38598|08-05-2025,2025-05-08,CE,24200.0,2025-05-07 07:47:00+00:00,2025-05-07,797,1,3,180.65,181.55,177.95,180.4,113925,2068350,178.95,1.4052838673412005,5.487804878048784,1.4466666666666668,False,False,False,2025-05-07,2025-05-08,0.24923843810578106,181.0,0.9006240998559769,2068350.0,1.1560454292354194,0.5460425668106899,0.0,False,1.0,1.0,1.0,16.36214782714751,395963.9774169697,5,1.0,1.0,0.4,1.5273311897106012,1.5273311897106012,0.4714677295316378,0.6,1.0,108.38170773210368,0.0,0.0,0.0,-7.6648841354723825,-1.4718058112465178,0.7825694287649583,9.070168002813583,oi_volume_spark_after_compression,78.94999999999999,7.919538344486423,3.6000000000000227,5.449999999999989,1.700000000000017,2.011735121542343,5,False,,0.9499860296172211,0.8499860296172211,-0.05001397038277888,fold_1,research_oof
NSE_FO|38598|08-05-2025,2025-05-08,CE,24200.0,2025-05-08 04:31:00+00:00,2025-05-08,601,0,3,172.95,182.6,172.0,176.0,258300,1896150,177.0,1.2075905692926936,7.698863636363627,2.8415841584158414,False,False,True,2025-05-08,2025-05-08,0.6946454413892855,173.95,0.5734323432343235,1896150.0,0.5129451279034081,2.268151815181518,0.0,False,1.0,1.0,1.0,15.04884979076581,364182.1649365326,5,0.8,1.0,1.0,1.3513513513513375,1.1925917208508663,1.966037326739609,0.19999999,0.0,43.634772930006875,0.0,0.0,1.0,-12.345679012345679,-6.095679012345679,2.166283112177447,13.553269581638371,oi_volume_spark_after_compression,77.0,6.164913777428712,13.150000000000006,0.15000000000000568,6.0,7.42937853107345,5,False,,3.389830508474576,3.289830508474576,2.389830508474576,fold_1,research_oof
NSE_FO|38602|08-05-2025,2025-05-08,CE,24300.0,2025-05-08 05:37:00+00:00,2025-05-08,667,0,2,90.45,91.6,89.6,90.3,535200,7557075,90.65,2.3809523809523725,5.980066445182715,2.0269848032949866,True,False,True,2025-05-08,2025-05-08,0.6760563380281637,89.35,0.9541258343985229,7557075.0,1.7048960429242088,1.0728589688964636,0.0,True,1.0,1.0,1.0,31.405708705368458,763158.7215404535,5,0.8,1.0,1.0,1.6727272727272702,1.7048960429242088,2.4983115219786804,0.0,0.0,-10.23954020552992,0.2,0.0,0.4,-11.392405063291145,-10.041053711939785,1.1405561993047508,13.773357444243517,oi_volume_spark_after_compression,9.349999999999994,4.770953374435679,2.75,1.6500000000000057,0.19999999999998863,3.0336458907887476,5,False,,0.22062879205735092,0.12062879205735091,-0.7793712079426491,fold_1,research_oof
NSE_FO|46233|15-05-2025,2025-05-15,PE,23850.0,2025-05-09 06:15:00+00:00,2025-05-09,705,6,3,174.15,178.0,171.85,178.0,113025,1005300,178.0,4.368220463207262,5.70224719101124,1.5747126436781609,True,False,True,2025-05-09,2025-05-15,1.9877228880444076,174.45,0.7753396029258098,991275.0,2.3804975751628543,0.799373040752351,0.014148445184232429,False,1.0,1.0,1.0,50.82587513335784,1212197.1219305845,8,1.0,1.0,0.875,4.333328726991326,2.311325020765287,1.233235987436332,0.125,0.0,387.1668179064727,0.625,0.125,0.25,-8.824257425742566,-2.3666928500968076,1.5799086757990868,13.192477888949828,oi_volume_spark_after_compression,78.0,9.82133676782893,12.099999999999994,1.6999999999999886,7.099999999999994,6.79775280898876,5,False,,3.988764044943817,3.8887640449438168,2.988764044943817,fold_1,research_oof
NSE_FO|46235|15-05-2025,2025-05-15,PE,23900.0,2025-05-12 05:40:00+00:00,2025-05-12,670,3,0,21.95,22.2,21.7,21.75,85350,2663850,21.85,1.6355140186915973,6.206896551724145,2.1015697137580793,False,False,True,2025-05-12,2025-05-15,0.4566210045662267,22.0,0.8081395348837209,2663850.0,1.1788930141253706,1.2934301788743583,0.0,False,1.0,1.0,1.0,18.570488811287255,443834.6825897654,8,0.625,0.625,0.75,0.4622868612505937,0.5248436887844599,0.6171691823957871,-0.125,0.0,-2875.2165518036636,0.0,0.0,0.5,3.0362630608481878,-1.0569046410151772,1.0,-1.4007490421565905,oi_volume_spark_after_compression,78.15,-28.95001606651906,0.6499999999999986,0.20000000000000284,0.5,2.9748283752860343,5,False,,2.2883295194508007,2.1883295194508006,1.2883295194508007,fold_1,research_oof
NSE_FO|46233|15-05-2025,2025-05-15,PE,23850.0,2025-05-12 06:01:00+00:00,2025-05-12,691,3,0,20.35,20.75,20.25,20.55,42525,946725,20.45,1.4814814814814836,7.2992700729927,2.649532710280374,False,False,True,2025-05-12,2025-05-15,-3.1026252983293534,20.3,2.1401869158878504,946725.0,4.584106779810837,0.5093457943925235,0.0,False,1.0,1.0,1.0,15.789438418617278,376578.1062840221,8,0.875,1.0,1.0,1.5343915343915326,4.446374012637344,2.1110042503451245,0.75,0.375,-1372.7773574135863,0.0,0.125,0.625,0.10922992900055384,0.0,,1.3722515524809298,oi_volume_spark_after_compression,79.55,-4.398572730817659,0.9499999999999993,0.3999999999999986,0.8500000000000014,4.645476772616133,5,False,,4.156479217603919,4.056479217603919,3.156479217603919,fold_1,research_oof
NSE_FO|49255|22-05-2025,2025-05-22,CE,25050.0,2025-05-16 05:28:00+00:00,2025-05-16,658,6,3,161.35,165.0,160.5,162.5,214425,4230150,161.6,2.0792763364533062,5.138461538461534,1.3527324343506033,True,False,False,2025-05-16,2025-05-22,0.3112356053532439,161.15,0.49254790631653655,4230150.0,1.7680407311000623,0.8601845280340668,0.0,False,1.0,1.0,1.0,25.52461404547341,639391.581839109,5,1.0,1.0,1.0,2.0792763364533062,1.6367882897317054,0.10660025142406875,0.0,0.0,-24.160875894347555,0.6,0.0,0.2,-2.7298850574712707,-1.8613687727909278,1.2841275528484415,4.809161393924577,oi_volume_spark_after_compression,61.599999999999994,2.2517653953770456,3.4000000000000057,8.449999999999989,-6.849999999999994,2.1039603960396076,5,False,,-4.238861386138611,-4.3388613861386105,-5.238861386138611,fold_1,research_oof
NSE_FO|49237|22-05-2025,2025-05-22,PE,24950.0,2025-05-16 05:57:00+00:00,2025-05-16,687,6,3,173.0,175.4,170.7,175.0,448200,2430450,173.8,3.001765744555618,8.142857142857144,1.838486386709737,False,False,True,2025-05-16,2025-05-22,2.69709543568466,173.25,0.9527764959237041,2426325.0,0.3046703088709579,0.8857098907860329,0.0017001020061203672,False,1.0,1.0,1.0,39.06196884321111,974596.1226381173,8,0.625,0.5,1.0,2.3017586112603516,-0.1024902093294644,2.9233434989620446,-0.125,-0.125,-544.595718972796,0.375,0.0,0.75,-4.401278583722645,-0.246830880887849,1.080853058354816,7.403044328278263,oi_volume_spark_after_compression,73.80000000000001,-5.431405151640901,4.549999999999983,22.650000000000006,-18.05000000000001,2.61795166858457,5,False,,-10.385500575374,-10.485500575374,-11.385500575374,fold_1,research_oof
NSE_FO|49246|22-05-2025,2025-05-22,PE,25000.0,2025-05-19 04:56:00+00:00,2025-05-19,626,3,3,145.44,149.1,144.3,148.1,1119375,12221700,148.0,2.4204702627939056,8.068872383524637,1.7178867403314917,False,False,True,2025-05-19,2025-05-22,-0.5114217524718745,145.9,1.0842513770655984,12221700.0,2.93189201526578,0.6336353632658933,0.0,False,1.0,1.0,1.0,33.7129922600506,842824.8065012649,8,0.75,0.875,0.875,2.352135938630562,3.174653451317094,2.080644668678489,0.75,0.125,,0.125,0.125,0.75,-4.404145077720212,-6.139329274196459,1.1656130353485887,6.824615340514118,oi_volume_spark_after_compression,48.0,8.398110408775853,5.900000000000006,3.75,-3.6999999999999886,3.9864864864864904,5,False,,-2.499999999999992,-2.599999999999992,-3.499999999999992,fold_1,research_oof
NSE_FO|49246|22-05-2025,2025-05-22,PE,25000.0,2025-05-19 05:30:00+00:00,2025-05-19,660,3,3,145.44,149.8,144.55,148.85,636450,11770350,149.0,4.163750874737571,6.274773261672828,1.5002209847078583,True,False,True,2025-05-19,2025-05-22,0.0690846286701241,144.85,0.5116237956333421,11661225.0,4.094666246067447,0.9885971890745161,0.00935793623740216,False,1.0,1.0,1.0,55.64296230059503,1391074.0575148757,8,0.75,0.75,0.875,3.425988204695407,3.331471626642796,2.2222630697957695,0.25,0.125,722.3037726576986,0.625,0.125,0.625,-3.1592689295039222,-3.582997743063243,1.3245844269466316,7.323019804241493,oi_volume_spark_after_compression,49.0,14.197121943962223,1.0,6.449999999999989,-4.25,0.6711409395973155,5,False,,-2.8523489932885906,-2.9523489932885907,-3.8523489932885906,fold_1,research_oof
NSE_FO|61686|29-05-2025,2025-05-29,PE,24550.0,2025-05-23 04:43:00+00:00,2025-05-23,613,6,3,99.6,102.2,99.1,100.6,143475,1663650,100.9,1.4624306606152215,7.753479125248506,1.6204997882253283,False,False,True,2025-05-23,2025-05-29,-0.7511266900350533,99.1,0.7081745023295214,1663650.0,2.213557350650275,0.9123252858958069,0.0,True,1.0,1.0,1.0,17.364789134211797,426305.5732448996,8,0.875,0.75,0.875,0.9499801130436802,2.0094383450881494,1.8588972009230345,0.625,-0.125,-1684.0916509956369,0.125,0.0,0.375,-0.16278487352868742,-1.7000832606254623,1.4632034632034632,1.625215534143909,oi_volume_spark_after_compression,0.9000000000000057,-11.065279111072574,3.8999999999999915,3.0500000000000114,0.75,3.8652130822596544,5,False,,0.7433102081268582,0.6433102081268582,-0.2566897918731418,fold_1,research_oof
NSE_FO|61688|29-05-2025,2025-05-29,PE,24600.0,2025-05-23 05:46:00+00:00,2025-05-23,676,6,2,98.55,101.4,98.55,99.75,281025,7961775,99.8,1.0126582278481067,5.162907268170431,1.688218067132237,False,False,True,2025-05-23,2025-05-29,-0.45180722891564606,99.15,0.8240594728542464,7961775.0,1.4644654567637527,0.8641585942779907,0.0,False,1.0,1.0,1.0,12.705015160228871,312543.37294163025,8,0.625,0.75,0.5,0.28078490064022965,1.4471397845870038,1.8415249998431704,0.5,0.625,-4261.82738376479,0.0,0.0,0.125,0.4071661237784907,-2.0729461831939133,1.1168831168831168,0.605492104069616,oi_volume_spark_after_compression,0.20000000000000284,-37.81722491945179,4.6000000000000085,0.20000000000000284,4.6000000000000085,4.609218436873756,5,False,,4.609218436873756,4.5092184368737565,3.609218436873756,fold_1,research_oof
NSE_FO|61690|29-05-2025,2025-05-29,PE,24650.0,2025-05-26 04:28:00+00:00,2025-05-26,598,3,2,61.85,63.85,60.9,63.05,110175,2077725,63.2,4.647302904564321,6.264869151467094,1.516778523489933,True,False,True,2025-05-26,2025-05-29,0.9795918367347056,61.85,0.6009292720702116,2077725.0,3.6677110678296154,0.9158492514197213,0.0,False,1.0,1.0,1.0,53.95441697126496,1329976.3783416813,8,0.75,0.625,0.25,4.905151940862639,3.5095304804047323,4.445137911588077,-0.25,0.0,-3128.69128910001,0.75,0.5,0.125,-3.8163558106169226,-3.0158872436508943,0.6666666666666666,8.463658715181243,oi_volume_spark_after_compression,36.8,-28.000715147078903,2.049999999999997,2.700000000000003,0.29999999999999716,3.2436708860759444,5,False,,0.47468354430379295,0.3746835443037929,-0.5253164556962071,fold_1,research_oof
NSE_FO|61692|29-05-2025,2025-05-29,PE,24700.0,2025-05-26 06:39:00+00:00,2025-05-26,729,3,2,94.6,96.7,94.6,96.15,219825,6144450,95.85,4.681545998911285,6.500260010400416,1.6869064748201439,True,False,True,2025-05-26,2025-05-29,-2.2233712512926607,94.55,1.0793650793650793,6144450.0,6.904917250203946,0.6075413954550646,0.0,True,1.0,1.0,1.0,57.5857854047176,1422368.8994965246,8,0.625,0.625,0.875,4.608076102080938,6.294251204808793,4.325750065527802,0.5,0.5,-4298.797281077965,0.625,0.125,0.25,-3.6032944406314327,-3.068410719701198,1.2527472527472527,8.284840439542718,oi_volume_spark_after_compression,4.150000000000006,-31.487827170328796,3.5500000000000114,3.3999999999999915,-0.3499999999999943,3.703703703703716,5,False,,-0.36515388628064094,-0.4651538862806409,-1.365153886280641,fold_1,research_oof
NSE_FO|61692|29-05-2025,2025-05-29,PE,24700.0,2025-05-27 06:43:00+00:00,2025-05-27,733,2,2,93.9,95.65,92.45,95.0,191700,6610350,94.0,2.2604951560817987,6.368421052631576,1.327447416255518,True,False,False,2025-05-27,2025-05-29,-1.5739769150052485,93.8,0.7140235910878113,6589050.0,3.8344720710870472,0.6134238251677068,0.003232635964213354,False,1.0,1.0,1.0,27.49596717498251,679150.389222068,8,0.625,0.625,0.125,2.17627268264341,3.7561927214781576,1.4252962648499505,0.5,0.5,-4240.082745324511,0.625,0.0,0.0,0.0,-3.1710526315789522,0.28274428274428276,2.2604951560817987,oi_volume_spark_after_compression,6.0,-35.60525596196766,11.549999999999997,0.5999999999999943,9.799999999999997,12.28723404255319,5,False,,10.425531914893615,10.325531914893615,9.425531914893615,fold_1,research_oof
NSE_FO|61693|29-05-2025,2025-05-29,CE,24750.0,2025-05-28 05:15:00+00:00,2025-05-28,645,1,3,153.8,162.9,153.15,162.9,396450,4350300,163.05,2.7112232030264805,6.046654389195822,1.4292280654319318,True,False,False,2025-05-28,2025-05-29,-1.9108280254777066,154.0,0.8055808310585381,4350300.0,4.622051228504187,0.6236472343733938,0.0,False,1.0,1.0,1.0,34.94850141466532,864975.4100129667,5,1.0,1.0,1.0,2.993148214929686,4.405212230856725,0.15914443439167186,1.0,1.0,,1.0,0.0,0.0,-6.516199490353102,-6.005040383081683,1.5113838491639986,9.227422693379584,oi_volume_spark_after_compression,63.05000000000001,12.994927324126557,25.399999999999977,0.0,17.049999999999983,15.578043544924855,5,True,NSE_FO|61693|29-05-2025:9296,10.456915056731052,10.356915056731053,9.456915056731052,fold_2,research_oof
NSE_FO|61693|29-05-2025,2025-05-29,CE,24750.0,2025-05-28 06:19:00+00:00,2025-05-28,709,1,3,148.69,155.85,148.69,154.19,454275,4710750,154.6,3.1026412571046436,6.751410597314998,2.041112047177759,True,False,True,2025-05-28,2025-05-29,-2.5273134131894137,148.1,0.802562805597707,4657425.0,5.629954670294057,1.238549241580052,0.011449459733651106,True,1.0,1.0,1.0,40.416432918265556,1000306.7147270725,5,1.0,1.0,1.0,2.2165231727422574,4.566487019452303,0.40630187215349967,1.0,0.0,,1.0,0.0,1.0,-3.713188220230479,-3.713188220230479,2.0654986831558455,6.8158294773351225,oi_volume_spark_after_compression,54.599999999999994,13.924393596248285,8.400000000000006,2.3499999999999943,3.700000000000017,5.433376455368697,5,False,,2.3932729624838402,2.29327296248384,1.3932729624838402,fold_2,research_oof
NSE_FO|40487|05-06-2025,2025-06-05,CE,24900.0,2025-05-30 04:56:00+00:00,2025-05-30,626,6,3,164.5,167.85,164.5,167.4,328350,5456250,167.15,1.9178082191780854,6.720430107526881,1.3439754412893323,False,False,False,2025-05-30,2025-06-05,1.1042944785276232,164.8,1.0016884113584037,5456250.0,0.8135137406504622,0.34228702993092863,0.0,False,1.0,1.0,1.0,24.359690153429124,606556.2848203852,7,0.71428573,0.71428573,0.71428573,1.2602802314955808,0.5787334720647408,0.8058957878933812,0.0,0.0,-3.429207468878303,0.0,0.0,0.2857142857142857,-2.947598253275119,-3.8721812844571324,1.1228242216229467,4.865406472453204,oi_volume_spark_after_compression,67.15,0.5721257395334347,1.549999999999983,4.5,-0.9000000000000057,0.9273107986838067,5,False,,-0.5384385282680262,-0.6384385282680262,-1.5384385282680262,fold_2,research_oof
NSE_FO|40487|05-06-2025,2025-06-05,CE,24900.0,2025-05-30 05:31:00+00:00,2025-05-30,661,6,3,173.6,176.4,173.05,173.85,350775,5544075,173.95,2.6875369167158825,6.212251941328739,2.053567508232711,True,False,True,2025-05-30,2025-06-05,2.0821114369501625,174.05,1.5660633484162896,5544075.0,0.6054254797657199,0.4875041598164216,0.0,False,1.0,1.0,1.0,34.31421098966465,854423.8536426498,7,0.71428573,0.5714286,0.71428573,2.1515434985968085,0.3995823480551497,1.1723793665586721,0.0,-0.14285713,-1.7733942355771433,0.7142857142857143,0.0,0.5714285714285714,-3.9842067480258536,-0.6114044516498329,1.1524426133019423,6.6717436647417365,oi_volume_spark_after_compression,73.94999999999999,1.4737511481089958,1.950000000000017,5.899999999999977,0.10000000000002274,1.1210117849956984,5,False,,0.057487783845945814,-0.04251221615405419,-0.9425122161540542,fold_2,research_oof
NSE_FO|40485|05-06-2025,2025-06-05,CE,24850.0,2025-06-02 06:44:00+00:00,2025-06-02,734,3,3,155.55,157.0,154.0,156.3,149100,2641050,156.45,5.53679945982446,7.773512476007681,1.562278978388998,True,True,True,2025-06-02,2025-06-05,3.502334889926617,155.15,1.1019867549668874,2641050.0,2.0344645698978425,0.46029222342211074,0.0,False,1.0,1.0,1.0,65.95645476207672,1639017.9008376065,7,0.71428573,0.71428573,0.2857143,4.674369747899165,1.6248731923888204,2.646023320632205,0.0,0.0,1.0338264029705897,0.5714285714285714,0.42857142857142855,0.14285714285714285,-1.4488188976378047,-0.6843659592718265,0.25806451612903225,6.985618357462265,oi_volume_spark_after_compression,56.44999999999999,2.1968367134515088,9.600000000000023,3.1499999999999773,3.0500000000000114,6.136145733461184,5,False,,1.9495046340684001,1.8495046340684,0.9495046340684001,fold_2,research_oof
NSE_FO|40475|05-06-2025,2025-06-05,CE,24700.0,2025-06-03 06:56:00+00:00,2025-06-03,746,2,3,172.3,177.45,172.05,173.9,270675,7574025,173.75,3.6661698956780953,6.210465784933876,1.3766927331680336,True,False,False,2025-06-03,2025-06-05,0.5529685681024299,172.75,0.7804691970246043,7574025.0,3.1132013275756654,0.5962235361434294,0.0,False,1.0,1.0,1.0,45.8589380314366,1132715.769376484,7,0.71428573,0.71428573,0.71428573,3.5053929121725558,3.1132013275756654,1.7257561436043367,0.2857143,0.0,51.0470207631879,0.7142857142857143,0.0,0.0,-2.606820854566838,-4.576364001774957,1.1423670668953687,6.272990750244933,oi_volume_spark_after_compression,73.75,6.15377021673351,12.0,1.5500000000000114,10.849999999999994,6.906474820143885,5,False,,6.244604316546759,6.14460431654676,5.244604316546759,fold_2,research_oof
NSE_FO|40476|05-06-2025,2025-06-05,PE,24700.0,2025-06-04 06:19:00+00:00,2025-06-04,709,1,3,154.7,156.65,153.3,155.4,318975,5394225,155.2,3.8770053475935873,6.209781209781213,2.2989189189189188,True,False,True,2025-06-04,2025-06-05,2.3209549071617985,154.3,1.2821854112176694,5394225.0,1.5560504404317888,1.0167335077012494,0.0,False,1.0,1.0,1.0,49.132789193981594,1213579.8930913454,8,0.625,0.625,0.75,3.057357046729492,1.2186164764116714,6.9610406147489465,0.0,-0.125,-4.184352647709602,0.625,0.0,0.375,-7.721280602636538,-2.282349304926612,1.5351917120581011,11.598285950230125,oi_volume_spark_after_compression,55.19999999999999,4.152364568324196,3.8000000000000114,1.6999999999999886,-1.0,2.4484536082474304,5,False,,-0.6443298969072165,-0.7443298969072165,-1.6443298969072164,fold_2,research_oof
NSE_FO|40476|05-06-2025,2025-06-05,PE,24700.0,2025-06-04 06:51:00+00:00,2025-06-04,741,1,3,144.1,148.55,143.9,147.5,197475,5402550,147.6,0.8547008547008517,3.9661016949152694,1.5630750964677946,False,False,True,2025-06-04,2025-06-05,-0.7903780068728605,144.35,0.5435560859188544,5397000.0,1.6450788615737122,1.0195190105489402,0.001028349082823791,False,1.0,1.0,1.0,10.421685758078546,257415.63822454007,8,0.625,0.625,1.0,0.6782578605802336,1.337197013987329,7.293490457232112,0.625,0.5,,0.0,0.0,0.5,-3.9622641509433953,-3.8690675060226165,1.3208536128790715,4.8169650056442475,oi_volume_spark_after_compression,47.599999999999994,7.382721248089021,0.0,9.599999999999994,-1.6999999999999886,0.0,5,False,,-1.1517615176151685,-1.2517615176151686,-2.1517615176151685,fold_2,research_oof
NSE_FO|40486|05-06-2025,2025-06-05,PE,24850.0,2025-06-05 06:14:00+00:00,2025-06-05,704,0,3,141.5,146.6,141.45,145.25,155400,1417275,145.0,5.253623188405787,7.297762478485366,1.6470588235294117,True,True,True,2025-06-05,2025-06-05,1.9105984138428234,141.35,0.884737678855326,1417275.0,3.3430247745629638,0.7623211446740857,0.0,True,1.0,1.0,1.0,62.800572537163106,1560594.227548503,8,0.625,0.875,0.875,5.046166432912569,3.8779046108837862,16.617142917573837,0.0,0.625,-13.67552641619477,0.25,0.5,0.25,-15.74468085106383,-14.814448292924297,0.8352840115966927,20.998304039469616,oi_volume_spark_after_compression,45.0,7.296898923068812,15.349999999999994,1.4499999999999886,13.0,10.586206896551719,5,False,,8.96551724137931,8.86551724137931,7.96551724137931,fold_2,research_oof
NSE_FO|44854|12-06-2025,2025-06-12,CE,24750.0,2025-06-06 04:26:00+00:00,2025-06-06,596,6,3,165.5,166.6,164.2,165.0,470775,4580400,165.15,3.480714957666997,5.696969696969701,1.392413487133984,True,False,False,2025-06-06,2025-06-12,1.591187270501826,166.0,1.0490239574090505,4580400.0,1.8895276871651712,0.3433895297249334,0.0,False,1.0,1.0,1.0,45.465577987988624,1125273.0552027184,5,1.0,1.0,1.0,3.4947215143793287,1.9420845057827707,0.14613318896897162,0.0,0.0,2.4554238467862888,1.0,0.0,0.0,-6.091370558375631,-1.0692139852589433,0.7907869481765835,9.572085516042627,oi_volume_spark_after_compression,65.15,3.2669128015649873,1.4499999999999886,6.150000000000006,-5.0,0.8779897063275741,5,False,,-3.0275507114744173,-3.1275507114744174,-4.027550711474417,fold_2,research_oof
NSE_FO|44853|12-06-2025,2025-06-12,PE,24700.0,2025-06-06 05:51:00+00:00,2025-06-06,681,6,2,77.45,79.85,76.9,79.55,345600,7797075,79.7,1.2730744748567835,7.605279698302951,1.3720410897722197,False,False,False,2025-06-06,2025-06-12,-1.7131979695431454,77.45,0.6565430995980348,7768950.0,2.986272444399929,0.7154979901741849,0.0036201803332496668,False,1.0,1.0,1.0,16.23556996744292,401018.5781958401,8,0.875,0.625,0.625,1.599686550923296,2.7166823217133484,4.104227558134892,0.625,-0.125,-757.4864664844245,0.0,0.25,0.375,-2.6150627615062816,-3.494327853369794,0.6731813246471227,3.888137236363065,oi_volume_spark_after_compression,20.299999999999997,-0.6794947051261956,2.0,3.450000000000003,-2.450000000000003,2.5094102885821834,5,False,,-3.074027603513178,-3.1740276035131783,-4.074027603513178,fold_2,research_oof
NSE_FO|44853|12-06-2025,2025-06-12,PE,24700.0,2025-06-09 04:55:00+00:00,2025-06-09,625,3,1,32.85,33.0,32.4,33.0,153150,6718575,33.0,1.071975497702904,6.969696969696983,1.5872522347454334,False,False,True,2025-06-09,2025-06-12,-2.3774145616641817,32.85,1.097551496307812,6718575.0,3.4493900593670856,0.4897007384376215,0.0,False,1.0,1.0,1.0,12.79850803866771,316123.14855509246,8,0.75,0.75,0.5,0.735167304788964,2.9743163386541873,3.6719975462914087,0.625,-0.125,,0.25,0.25,0.375,-0.6681514476614692,-2.2712221182417447,0.49586776859504134,1.740126945364373,oi_volume_spark_after_compression,67.0,6.980929527515168,0.14999999999999858,3.8000000000000007,-2.3500000000000014,0.45454545454545026,5,False,,-7.1212121212121255,-7.221212121212125,-8.121212121212125,fold_2,research_oof
NSE_FO|44855|12-06-2025,2025-06-12,PE,24750.0,2025-06-09 05:33:00+00:00,2025-06-09,663,3,1,33.8,35.25,33.6,35.1,79500,3411000,35.0,1.2987012987013102,7.122507122507122,1.7477328936521022,False,False,True,2025-06-09,2025-06-12,-2.1676300578034713,33.85,0.674361088211047,3407325.0,3.4663313565047815,1.073371805441055,0.0010785586934031828,False,1.0,1.0,1.0,14.653928414519177,362684.72825934965,8,0.75,0.625,1.0,1.2859814035132477,3.5518772315011327,4.322361314379579,0.625,-0.125,,0.125,0.125,0.625,-0.3476801342764624,-1.3946115422187155,1.027027027027027,1.6463814329777726,oi_volume_spark_after_compression,65.0,7.439322018321265,2.75,0.25,1.4500000000000028,7.857142857142857,5,False,,4.142857142857151,4.042857142857152,3.1428571428571512,fold_2,research_oof
NSE_FO|44859|12-06-2025,2025-06-12,PE,24850.0,2025-06-10 06:53:00+00:00,2025-06-10,743,2,0,21.75,22.0,21.55,21.8,70050,2859975,21.7,4.057279236276856,7.798165137614692,2.7349926793557833,True,False,True,2025-06-10,2025-06-12,2.117647058823535,21.7,2.108345534407028,2859975.0,1.939632177453321,0.6266471449487554,0.0,False,1.0,1.0,1.0,45.266978535100954,1124884.4165972588,8,0.75,0.75,0.375,2.282774221210282,1.123405438796321,2.9115444459682913,0.125,-0.125,536.4766488376845,0.5,0.125,0.125,-2.9578147729109494,-1.0037356327057712,0.136986301369863,7.015094009187806,oi_volume_spark_after_compression,78.3,9.041296068351434,0.8000000000000007,0.5999999999999979,0.0,3.6866359447004644,5,False,,0.0,-0.1,-1.0,fold_2,research_oof
NSE_FO|44859|12-06-2025,2025-06-12,PE,24850.0,2025-06-10 08:12:00+00:00,2025-06-10,822,2,0,19.35,20.05,19.3,19.95,30900,2846700,20.0,5.835543766578244,6.7669172932330905,1.4206896551724137,True,True,False,2025-06-10,2025-06-12,0.5194805194805197,19.35,0.8413793103448276,2846700.0,5.316063247097724,0.5793103448275861,0.0,False,1.0,1.0,1.0,60.33102497243445,1499225.9705649961,8,0.625,0.75,0.875,4.6619531595227475,4.93491435285388,4.922713593714536,0.375,0.125,59.29939350068889,0.625,0.5,0.375,-2.362717940361736,-1.495713196373527,0.8070175438596491,8.19826170693998,oi_volume_spark_after_compression,80.0,9.360029142414923,0.75,0.6999999999999993,-0.3500000000000014,3.75,5,False,,-1.750000000000007,-1.8500000000000072,-2.750000000000007,fold_2,research_oof
NSE_FO|50990|19-06-2025,2025-06-19,PE,24500.0,2025-06-13 05:40:00+00:00,2025-06-13,670,6,3,123.5,124.85,122.5,124.75,274350,7068525,124.95,5.765154726579058,7.655310621242482,1.4785772029102668,True,True,False,2025-06-13,2025-06-19,0.6941608819926559,123.3,0.816895715440582,7068525.0,5.070993844586402,0.6616814874696848,0.0,False,1.0,1.0,1.0,72.19221059323843,1768709.1595343414,8,0.625,1.0,0.875,5.4285524914018275,4.723138941391625,3.0721533084158983,0.125,0.0,49.786554286645696,0.5,0.625,0.375,-5.466399197592786,-2.175910765716171,1.1218872870249017,11.231553924171845,oi_volume_spark_after_compression,24.950000000000003,7.807938868118348,7.049999999999997,1.0,5.700000000000003,5.642256902761102,5,False,,4.561824729891959,4.461824729891959,3.561824729891959,fold_2,research_oof
NSE_FO|50986|19-06-2025,2025-06-19,PE,24450.0,2025-06-13 06:27:00+00:00,2025-06-13,717,6,3,100.5,102.5,100.0,102.4,73050,1321800,102.1,7.676130389064162,7.763671875000003,1.4813688212927756,True,True,False,2025-06-13,2025-06-19,3.9256198347107363,100.6,0.6859315589353612,1308300.0,3.7505105543534256,0.7954372623574144,0.01031873423526714,False,1.0,1.0,1.0,85.96431722005838,2101827.556030427,8,1.0,1.0,0.75,7.0094541650630005,3.560538289795534,2.2216880121062457,0.375,0.125,283.80584003918193,0.625,0.625,0.125,-5.884968870441753,-2.2151066775118573,1.373134328358209,13.561099259505916,oi_volume_spark_after_compression,2.0999999999999943,11.227432527768514,0.0,8.099999999999994,-6.699999999999989,0.0,5,False,,-6.562193927522027,-6.6621939275220265,-7.562193927522027,fold_2,research_oof
NSE_FO|50980|19-06-2025,2025-06-19,PE,24350.0,2025-06-16 05:17:00+00:00,2025-06-16,647,3,1,25.25,26.1,24.85,25.9,115125,1684125,25.85,1.7681728880157177,7.915057915057918,1.3717605004468276,False,False,False,2025-06-16,2025-06-19,-3.0888030888030826,25.1,0.7944111776447106,1684125.0,4.8569759768188,0.577349322802117,0.0,False,1.0,1.0,1.0,20.605902188128635,501753.7182809323,8,0.625,0.625,1.0,1.3085346613253446,3.9226751676720966,2.5885727949245876,0.25,-0.375,-264.8832631368823,0.0,0.25,0.375,3.9378515938923053,-0.5088433057578445,2.8,-2.1696787058765876,oi_volume_spark_after_compression,74.15,1.764345641035561,1.3499999999999979,0.15000000000000213,0.4499999999999993,5.222437137330746,5,False,,1.7408123791102486,1.6408123791102485,0.7408123791102486,fold_2,research_oof
NSE_FO|50992|19-06-2025,2025-06-19,PE,24550.0,2025-06-16 06:22:00+00:00,2025-06-16,712,3,1,41.45,41.95,41.2,41.95,65925,1098450,42.0,0.11933174224345588,7.628128724672235,1.5710455764075066,False,False,True,2025-06-16,2025-06-19,-3.040935672514611,41.45,0.9838709677419355,1098450.0,3.1602674147580667,0.5871746086655711,0.0,False,1.0,1.0,1.0,1.3241394009380183,32507.622293028347,8,0.75,0.875,0.5,0.30833734553041836,3.052093760056823,0.5586955712128872,0.75,0.25,,0.0,0.0,0.5,-0.28985507246376274,-0.011594202898546069,2.0,0.4091868147072186,oi_volume_spark_after_compression,58.0,7.068622809502521,3.200000000000003,0.04999999999999716,2.549999999999997,7.619047619047626,5,False,,6.071428571428564,5.971428571428564,5.071428571428564,fold_2,research_oof
NSE_FO|50992|19-06-2025,2025-06-19,PE,24550.0,2025-06-17 06:04:00+00:00,2025-06-17,694,2,0,23.6,23.75,23.2,23.4,64200,1853325,23.3,1.7391304347825987,7.051282051282046,2.4011220196353436,False,False,True,2025-06-17,2025-06-19,1.0706638115631772,23.6,0.6311360448807855,1853325.0,0.6684666232194214,1.769985974754558,0.0,False,1.0,1.0,1.0,19.25178098414029,472631.2231606441,8,0.625,0.375,0.75,1.7716270730614103,-0.14358438846103772,3.048973814908776,-0.125,-0.375,-13.034896591962024,0.25,0.0,0.625,0.8677396780965685,-0.23426653834877076,4.0,0.8713907566860302,oi_volume_spark_after_compression,76.7,-0.058932880593816794,0.75,0.3000000000000007,0.05000000000000071,3.2188841201716736,5,False,,0.21459227467811462,0.11459227467811461,-0.7854077253218854,fold_2,research_oof
NSE_FO|50992|19-06-2025,2025-06-19,PE,24550.0,2025-06-17 08:15:00+00:00,2025-06-17,825,2,1,29.35,30.45,29.3,30.45,39750,1781550,30.3,3.747870528109032,5.582922824302132,1.5519765739385065,True,False,True,2025-06-17,2025-06-19,-1.5254237288135575,29.05,0.8052708638360175,1781550.0,5.27329425692259,0.746705710102489,0.0,True,1.0,1.0,1.0,39.691411600336046,974424.15478825,8,0.875,1.0,0.375,3.540601930721188,4.499612536486408,1.4010079021142006,0.875,1.0,,0.875,0.0,0.375,-0.5147615442846254,-2.22948081590828,1.2857142857142858,4.262632072393657,oi_volume_spark_after_compression,69.7,11.845946856061378,1.0999999999999979,0.40000000000000213,0.14999999999999858,3.630363036303623,5,False,,0.4950495049504904,0.3950495049504904,-0.5049504950495096,fold_2,research_oof
NSE_FO|62394|26-06-2025,2025-06-26,PE,24850.0,2025-06-20 04:27:00+00:00,2025-06-20,597,6,3,137.2,140.95,136.0,139.85,587175,3618825,139.4,1.0476878612716733,7.043260636396136,1.622086398010981,False,False,True,2025-06-20,2025-06-26,-0.9002520705797656,137.6,1.1528439783921194,3380400.0,1.947939931851439,0.4692424196188616,0.0705315938942137,False,1.0,1.0,1.0,13.91652155425806,345825.5606233128,8,0.5,0.75,0.75,0.024557956777992995,2.0239749839552843,0.5744291710408795,0.375,-0.125,-8857.02656250315,0.0,0.0,0.25,-7.0509383378016155,-0.30817221091019587,0.79629757546453,8.098626199073289,oi_volume_spark_after_compression,39.400000000000006,-83.25014929456778,0.4000000000000057,5.75,-3.5,0.2869440459110514,5,False,,-2.5107604017216643,-2.6107604017216643,-3.5107604017216643,fold_2,research_oof
NSE_FO|62384|26-06-2025,2025-06-26,PE,24700.0,2025-06-20 05:41:00+00:00,2025-06-20,671,6,2,58.8,60.3,58.8,59.4,178725,5843025,59.5,3.0355594102341676,5.63973063973063,1.7425959780621572,True,False,True,2025-06-20,2025-06-26,2.079722703639497,58.9,0.4424131627056673,5843025.0,0.9558367065946705,1.3001828153564898,0.0,False,1.0,1.0,1.0,36.71086916767244,906758.4684415093,8,0.75,0.75,0.625,2.8731565729453568,0.9548962373677528,2.3866028711148104,0.125,0.125,2749.0450800180006,0.75,0.125,0.25,-1.1753418085871825,-1.8776910456905993,0.7425474254742548,4.21090121882135,oi_volume_spark_after_compression,40.5,30.24654218812274,0.8500000000000014,3.25,-3.1000000000000014,1.428571428571431,5,False,,-5.210084033613447,-5.310084033613447,-6.210084033613447,fold_2,research_oof
NSE_FO|62384|26-06-2025,2025-06-26,PE,24700.0,2025-06-23 06:18:00+00:00,2025-06-23,708,3,2,60.9,63.0,60.65,62.0,237525,6228900,62.0,4.8182586644125225,7.33870967741935,1.5318016928657798,True,False,True,2025-06-23,2025-06-26,1.9279128248113953,60.8,1.038248616004026,6152025.0,2.8903458396011272,0.49355307686175376,0.012495885501115486,False,1.0,1.0,1.0,59.64056171585023,1473121.8743815008,8,0.625,0.625,0.625,4.748460951743539,1.8412479733896703,2.5567136042415535,0.0,0.125,8.403078465762519,0.625,0.25,0.625,-4.42245245090459,-1.0916655907059698,1.4034582132564841,9.240711115317112,oi_volume_spark_after_compression,38.0,3.856445229995854,2.3499999999999943,1.8500000000000014,2.0,3.790322580645152,5,False,,3.225806451612903,3.125806451612903,2.225806451612903,fold_2,research_oof
NSE_FO|62392|26-06-2025,2025-06-26,PE,24800.0,2025-06-23 07:08:00+00:00,2025-06-23,758,3,2,86.1,87.45,85.65,86.95,199725,9991950,86.95,1.93434935521688,6.267970097757335,1.4317204301075268,False,False,False,2025-06-23,2025-06-26,1.5882352941176459,86.35,0.5650537634408602,9991950.0,0.34611406109923415,0.8666666666666666,0.0,False,1.0,1.0,1.0,23.608156876045218,585482.2905259214,8,0.75,0.625,0.5,1.8456964305642032,0.1031992953048122,3.180275738859593,0.0,0.625,-942.5411025633912,0.0,0.125,0.25,-0.8964781216648898,-1.1101533353401027,0.8931008339651251,2.83082747688177,oi_volume_spark_after_compression,13.049999999999997,-9.199519414475537,0.29999999999999716,8.75,-7.700000000000003,0.3450258769407673,5,False,,-8.855664174813114,-8.955664174813114,-9.855664174813114,fold_2,research_oof
NSE_FO|62396|26-06-2025,2025-06-26,PE,24900.0,2025-06-24 05:47:00+00:00,2025-06-24,677,2,1,26.65,27.0,26.5,26.8,435825,8152275,26.9,2.6819923371647514,7.835820895522392,2.4278253603509503,True,False,True,2025-06-24,2025-06-26,0.7547169811320753,26.7,0.5711301441403802,8152275.0,1.927275356032676,1.85669521621057,0.0,False,1.0,1.0,1.0,34.825666099905774,867159.0858876538,8,0.75,0.625,0.375,3.2415677209204574,1.21555233415781,2.8271102228042424,-0.125,0.0,-25.94815822151213,0.5,0.125,0.375,-1.9635844341306719,-3.9397261379504167,0.9246987951807228,4.645576771295423,oi_volume_spark_after_compression,73.1,1.8180847455419764,1.5500000000000007,0.5,0.75,5.762081784386621,5,False,,2.788104089219331,2.688104089219331,1.7881040892193312,fold_2,research_oof
NSE_FO|56925|03-07-2025,2025-07-03,CE,25600.0,2025-06-27 04:44:00+00:00,2025-06-27,614,6,3,153.4,156.0,152.75,154.9,916575,9609000,154.9,4.662162162162176,6.8754034861200815,1.6890332388915763,True,False,True,2025-06-27,2025-07-03,2.201467645096722,153.2,0.756132955566305,9609000.0,2.4606945170654537,0.9329002833252713,0.0,False,1.0,1.0,1.0,64.00402827178678,1638503.1237577416,5,1.0,1.0,1.0,4.703183252079168,2.721766382457913,0.5508591838703563,0.0,0.0,-2.2933772697433596,1.0,0.4,1.0,-2.8006088280060903,-0.056706388981697664,1.4002869440459111,7.462770990168266,oi_volume_spark_after_compression,54.900000000000006,3.4412541037078,8.099999999999994,0.3499999999999943,1.299999999999983,5.229180116203999,5,False,,0.8392511297611251,0.7392511297611252,-0.16074887023887485,fold_2,research_oof
NSE_FO|56925|03-07-2025,2025-07-03,CE,25600.0,2025-06-27 06:13:00+00:00,2025-06-27,703,6,3,160.45,165.5,158.05,164.85,645525,9110475,165.0,1.790676134609459,5.0652107976948715,1.743542996049833,False,False,True,2025-06-27,2025-07-03,-2.1354484441732713,160.4,1.3057834498126202,9110475.0,3.9261245787827304,0.4377595462372128,0.0,False,1.0,1.0,1.0,23.955344381107082,613256.8161563413,5,1.0,1.0,1.0,1.8027961736570841,3.9261245787827304,0.11535634056222432,1.0,1.0,,0.0,0.0,0.8,-3.2911392405063356,-3.9499972200085387,1.017672557519173,5.081815375115795,oi_volume_spark_after_compression,65.0,11.623845801071301,0.8000000000000114,6.949999999999989,-3.1500000000000057,0.4848484848484917,5,False,,-1.9090909090909123,-2.0090909090909124,-2.9090909090909123,fold_2,research_oof
NSE_FO|56925|03-07-2025,2025-07-03,CE,25600.0,2025-06-30 05:05:00+00:00,2025-06-30,635,3,3,135.5,137.95,133.7,137.35,945825,11496450,137.0,4.607768469154605,6.516199490353104,1.7713322564786853,True,False,True,2025-06-30,2025-07-03,3.0464584920030457,135.3,0.9652363227754758,11496450.0,1.5613099771515593,0.8060959337032095,0.0,False,1.0,1.0,1.0,63.40203662418615,1623092.1375791654,6,0.8333333,0.8333333,0.8333333,4.3473728927253985,1.2126216565017334,1.8307945346927608,0.0,0.3333333,1.3789417972911906,0.8333333333333334,0.0,0.6666666666666666,-6.229508196721323,-0.41555470834923014,1.0648522461993966,10.837276665875928,oi_volume_spark_after_compression,37.0,3.4939868184866167,3.1500000000000057,6.349999999999994,-3.9000000000000057,2.2992700729927047,5,False,,-2.846715328467157,-2.9467153284671572,-3.846715328467157,fold_2,research_oof
NSE_FO|56925|03-07-2025,2025-07-03,CE,25600.0,2025-06-30 05:42:00+00:00,2025-06-30,672,3,3,127.95,132.7,127.5,132.15,849975,12393675,132.05,6.144578313253013,7.794173287930368,2.507300884955752,True,True,True,2025-06-30,2025-07-03,2.6864474739374478,128.05,0.8601769911504424,12251625.0,3.458130839315565,1.6471238938053097,0.011594380337302194,False,1.0,1.0,1.0,83.89170277487491,2147627.591036798,6,0.8333333,0.8333333,0.8333333,5.792368286201189,3.16244049116583,2.5732971043992965,0.0,0.0,4.155335934221512,0.5,0.6666666666666666,0.8333333333333334,-4.587155963302747,-1.8093781855249569,2.0988011575031003,10.731734276555759,oi_volume_spark_after_compression,32.05000000000001,5.947708512971005,0.6499999999999773,13.550000000000011,-10.050000000000011,0.492237788716378,5,False,,-7.610753502461197,-7.710753502461197,-8.610753502461197,fold_2,research_oof
NSE_FO|56924|03-07-2025,2025-07-03,PE,25550.0,2025-07-01 05:19:00+00:00,2025-07-01,649,2,3,99.35,101.75,99.05,100.7,447450,5694600,100.65,0.4990019960079861,7.696127110228401,1.4059149287145045,False,False,False,2025-07-01,2025-07-03,0.05040322580645018,99.25,0.719688936019795,5694600.0,0.44859877020153593,0.6862259926947095,0.0,False,1.0,1.0,1.0,6.492675805137296,165887.8668212579,8,0.75,0.875,0.75,0.5659566942065264,0.40579538129402737,4.908547406060526,0.125,0.75,1536.0474039077562,0.0,0.125,0.125,-1.513761467889918,-0.23871593054930473,0.9801989402249698,2.012763463897904,oi_volume_spark_after_compression,0.6500000000000057,15.711246145551918,6.099999999999994,2.0500000000000114,2.4499999999999886,6.060606060606054,5,False,,2.4341778440138984,2.3341778440138983,1.4341778440138984,fold_2,research_oof
NSE_FO|56924|03-07-2025,2025-07-03,PE,25550.0,2025-07-01 05:46:00+00:00,2025-07-01,676,2,3,104.95,109.2,104.5,107.25,452925,5627925,107.4,2.9764762361977892,6.806526806526804,1.5144827586206897,True,False,True,2025-07-01,2025-07-03,0.0,104.9,0.7686520376175549,5627925.0,2.9764762361977892,0.7458307210031349,0.0,False,1.0,1.0,1.0,38.764090744800534,990422.5185296537,8,0.625,0.75,1.0,2.5997789412225747,2.3586783395601274,5.391574369438823,0.125,0.0,23.042628618462913,0.625,0.0,0.75,-2.5471217524197676,-3.0084236488831295,1.7244395844723892,5.523597988617556,oi_volume_spark_after_compression,7.400000000000006,4.3971320573151225,0.09999999999999432,9.550000000000011,-6.0,0.09310986964617719,5,False,,-5.58659217877095,-5.686592178770949,-6.58659217877095,fold_2,research_oof
NSE_FO|56843|03-07-2025,2025-07-03,CE,25500.0,2025-07-02 04:58:00+00:00,2025-07-02,628,1,2,96.25,99.4,95.45,98.5,1193550,13902975,98.6,2.8183716075156573,7.055837563451779,1.4840995989928192,True,False,False,2025-07-02,2025-07-03,-0.3619441571871884,96.35,0.7233962618578004,13902975.0,3.1803157647028457,0.7607033371350188,0.0,False,1.0,1.0,1.0,39.43590535421439,1005615.5865324669,7,0.71428573,0.71428573,0.5714286,3.488372093023262,3.6324643120434486,2.256830839405359,0.5714286,0.0,-84.62699758623785,0.2857142857142857,0.14285714285714285,0.0,-2.267206477732786,-2.5890085694463827,1.1711158056462454,5.085578085248443,oi_volume_spark_after_compression,1.4000000000000057,6.448474465292129,0.7000000000000028,6.949999999999989,-5.8999999999999915,0.7099391480730253,5,False,,-5.983772819472608,-6.083772819472608,-6.983772819472608,fold_2,research_oof
NSE_FO|56843|03-07-2025,2025-07-03,CE,25500.0,2025-07-02 06:14:00+00:00,2025-07-02,704,1,2,67.0,69.5,67.0,69.0,1121100,22314150,68.8,3.2161555721765156,6.521739130434782,1.34303683737646,True,False,False,2025-07-02,2025-07-03,-0.5934718100890302,67.0,0.7435759209344115,22314150.0,3.8096273822655458,0.5994609164420486,0.0,True,1.0,1.0,1.0,44.800473989024866,1142412.0867201341,7,0.71428573,0.71428573,0.71428573,2.7027027027026973,3.755716333356096,1.4135965396734416,0.71428573,0.0,,0.7142857142857143,0.0,0.0,-3.347034644744573,-3.108655622098566,1.0273551837531167,6.563190216921089,oi_volume_spark_after_compression,31.200000000000003,9.28893034686341,4.700000000000003,0.5,1.9500000000000028,6.831395348837213,5,False,,2.8343023255813997,2.7343023255813996,1.8343023255813997,fold_2,research_oof
NSE_FO|40049|10-07-2025,2025-07-10,CE,25500.0,2025-07-04 05:08:00+00:00,2025-07-04,638,6,3,111.5,114.95,111.4,114.4,442350,10713225,114.35,4.713958810068664,6.949300699300702,1.483400402414487,True,False,False,2025-07-04,2025-07-10,1.6856492027334857,111.6,0.5314386317907445,10686900.0,3.028309607335178,0.9519617706237424,0.002463296185048985,False,1.0,1.0,1.0,61.280799690934614,1562660.3921188326,6,0.8333333,0.8333333,0.8333333,4.174266596674736,2.53649566378229,1.8210611422964857,0.0,0.0,8.985256348543771,0.8333333333333334,0.0,0.5,-4.711205749268032,-1.5060775441398273,2.2734793187347933,9.425164559336697,oi_volume_spark_after_compression,14.349999999999994,4.498731748739361,1.2000000000000028,4.549999999999997,-3.1999999999999886,1.0494097070397925,5,False,,-2.7984258854394306,-2.8984258854394307,-3.7984258854394306,fold_2,research_oof
NSE_FO|40048|10-07-2025,2025-07-10,PE,25450.0,2025-07-04 05:30:00+00:00,2025-07-04,660,6,3,147.95,150.7,143.35,150.6,310350,3107325,150.3,1.653729328383391,7.104913678618869,1.9975862901279267,False,False,True,2025-07-04,2025-07-10,-1.0695187165775333,148.0,1.015689114168477,3099525.0,2.723248044960924,0.9818971759594497,0.0025165146272412707,False,1.0,1.0,1.0,20.912166740001677,532214.6435330426,8,0.625,0.625,1.0,1.1900782366438878,2.5866906104268117,4.363060035969385,0.625,0.625,,0.0,0.0,0.625,-2.2492625368731423,-4.384893859465899,1.3982703686845699,3.902991865256533,oi_volume_spark_after_compression,50.30000000000001,7.323373030911538,1.5999999999999943,4.200000000000017,-1.0500000000000114,1.0645375914836954,5,False,,-0.6986027944111852,-0.7986027944111852,-1.6986027944111852,fold_2,research_oof
NSE_FO|40057|10-07-2025,2025-07-10,PE,25550.0,2025-07-07 04:35:00+00:00,2025-07-07,605,3,3,160.4,165.45,159.2,165.1,198600,1533750,165.2,3.5759096612296037,7.328891580860082,1.998490566037736,True,False,True,2025-07-07,2025-07-10,-1.9266055045871644,160.35,0.5781132075471698,1533750.0,5.502515165816768,1.4203773584905661,0.0,False,1.0,1.0,1.0,43.62271171594431,1114560.2843423772,8,0.625,0.625,0.5,3.6141053054139283,5.561805216264681,4.4340270326912625,0.375,-0.125,-2470.6831928308493,0.5,0.0,0.25,-6.689342403628129,-6.923397406553811,1.0391173520561685,10.265252064857734,oi_volume_spark_after_compression,65.19999999999999,-14.513587497691528,22.80000000000001,1.549999999999983,13.300000000000011,13.80145278450364,5,False,,8.050847457627127,7.950847457627127,7.0508474576271265,fold_2,research_oof
NSE_FO|40049|10-07-2025,2025-07-10,CE,25500.0,2025-07-07 05:01:00+00:00,2025-07-07,631,3,2,95.55,100.25,95.3,99.0,603825,12479625,99.0,4.984093319194072,7.07070707070707,1.8333143572811113,True,False,True,2025-07-07,2025-07-10,-3.6812909732728216,95.5,0.7166116361152226,12479625.0,8.665384292466893,1.1167027211658886,0.0,False,1.0,1.0,1.0,66.34347229367596,1691758.543488737,6,0.8333333,0.8333333,0.6666667,4.809837815604556,7.98458166918825,1.9767839265048792,0.8333333,0.8333333,,0.8333333333333334,0.0,0.6666666666666666,-5.898033988670459,-8.753162645702538,1.7298336915940717,10.88212730786453,oi_volume_spark_after_compression,1.0,16.49868587964242,6.650000000000006,3.0,-1.0,6.717171717171723,5,False,,-1.0101010101010102,-1.1101010101010103,-2.0101010101010104,fold_2,research_oof
NSE_FO|40042|10-07-2025,2025-07-10,CE,25400.0,2025-07-08 04:48:00+00:00,2025-07-08,618,2,3,130.85,136.5,129.6,136.45,361800,7082400,136.3,5.244890088700327,5.862953462806889,1.5287593091427667,True,True,True,2025-07-08,2025-07-10,-2.677575306805502,130.85,0.8115987957534464,6994725.0,7.922465395505829,0.7171605133893203,0.012534445600077201,False,1.0,1.0,1.0,67.12855949718679,1705065.4112285443,6,0.8333333,0.8333333,0.6666667,5.4675712195109805,8.396297173815487,2.3601640834323887,0.8333333,0.8333333,,0.8333333333333334,0.6666666666666666,0.3333333333333333,-7.617728531855961,-11.729329119227483,1.8965404699738904,12.862618620556287,oi_volume_spark_after_compression,36.30000000000001,16.226056449677785,4.5,10.300000000000011,-7.25,3.301540719002201,5,False,,-5.319148936170212,-5.419148936170211,-6.319148936170212,fold_2,research_oof
NSE_FO|40050|10-07-2025,2025-07-10,PE,25500.0,2025-07-08 05:18:00+00:00,2025-07-08,648,2,3,114.9,117.0,114.3,116.8,600150,9001725,116.55,4.659498207885315,6.763698630136991,1.7821826280623607,True,False,True,2025-07-08,2025-07-10,2.7293064876957374,114.8,1.0937639198218263,8936325.0,1.930191720189578,0.6884187082405344,0.00731844466265495,False,1.0,1.0,1.0,61.99432810022548,1580855.3665557497,8,0.75,0.75,0.875,4.677575190899175,1.8481760437754624,2.5139455236126267,0.0,0.5,-272.0188052883532,0.75,0.125,0.5,-4.8293625241468074,-2.327758932100621,1.0579998271242113,9.488860732032123,oi_volume_spark_after_compression,16.549999999999997,0.6248911306096403,1.25,4.299999999999997,-2.049999999999997,1.0725010725010726,5,False,,-1.7589017589017566,-1.8589017589017567,-2.7589017589017564,fold_2,research_oof
NSE_FO|40042|10-07-2025,2025-07-10,CE,25400.0,2025-07-09 05:15:00+00:00,2025-07-09,645,1,3,173.25,176.85,172.4,173.4,279075,4878600,173.4,1.9400352733686121,5.363321799307949,1.5611495699601428,False,False,True,2025-07-09,2025-07-10,1.255107997664906,173.45,0.5613593455003146,4842225.0,0.6849272757037062,0.9997902244598281,0.007512042501122934,False,1.0,1.0,1.0,24.326566785991123,617894.7963641745,7,0.85714287,0.71428573,0.71428573,1.9400352733686121,0.7348458275022729,1.1468469060320683,0.0,0.71428573,1.6367533770026057,0.2857142857142857,0.0,0.42857142857142855,-1.2684989429175397,-1.4830912175956446,0.9308388654194327,3.208534216286152,oi_volume_spark_after_compression,73.4,1.1593124019878238,2.5,8.200000000000017,-0.45000000000001705,1.441753171856978,5,False,,-0.25951557093426586,-0.3595155709342659,-1.2595155709342658,fold_2,research_oof
NSE_FO|40042|10-07-2025,2025-07-10,CE,25400.0,2025-07-09 05:35:00+00:00,2025-07-09,665,1,3,165.65,170.0,164.2,169.65,227475,4727550,169.4,1.7086330935251803,7.191276156793408,1.4791514264813461,False,False,False,2025-07-09,2025-07-10,-0.21084337349397408,165.65,0.8232138502804194,4727550.0,1.9194764670191544,0.6559375762009267,0.0,False,1.0,1.0,1.0,21.07564751157838,535321.4467940909,8,0.625,0.625,0.625,1.3709361535448439,1.7263863905116583,0.7191734651381634,0.625,-0.08928573,,0.0,0.0,0.125,-3.361344537815125,-2.94029190623617,2.0815817598859994,5.069977631340306,oi_volume_spark_after_compression,69.4,6.276553115367907,1.5999999999999943,4.700000000000017,0.3499999999999943,0.9445100354191229,5,False,,0.2066115702479305,0.1066115702479305,-0.7933884297520695,fold_2,research_oof
NSE_FO|40057|10-07-2025,2025-07-10,PE,25550.0,2025-07-10 08:02:00+00:00,2025-07-10,812,0,3,155.15,160.7,154.8,159.5,130425,1443150,159.0,1.7868538608806661,7.648902821316607,1.8382663847780127,False,False,True,2025-07-10,2025-07-10,-3.763608087091763,154.7,0.8932346723044398,1443150.0,5.55046194797243,0.945031712473573,0.0,True,1.0,1.0,1.0,21.046567725774214,537739.8053935311,8,0.5,0.625,0.625,0.8934269304403331,6.4519685311791815,12.318647219062138,0.375,0.125,,0.0,0.0,0.375,-8.955223880597018,-13.717128642501784,1.0954043048283886,10.742077741477683,oi_volume_spark_after_compression,59.0,9.811772372625224,0.5,6.849999999999994,-3.1999999999999886,0.3144654088050315,5,False,,-2.012578616352194,-2.1125786163521942,-3.012578616352194,fold_2,research_oof
NSE_FO|47292|17-07-2025,2025-07-17,PE,25250.0,2025-07-11 04:27:00+00:00,2025-07-11,597,6,2,92.2,95.2,92.2,94.85,451425,4501800,94.85,3.3224400871459725,6.32577754348972,1.3887863405629903,True,False,False,2025-07-11,2025-07-17,-1.7066666666666563,92.15,0.7118135671435164,4501800.0,5.029106753812629,0.6769727734194739,0.0,True,1.0,1.0,1.0,43.258723919260966,1092282.7789613395,8,0.625,0.625,0.625,2.9733329757466898,4.335894888620551,3.7541375933834846,0.625,0.375,,0.625,0.0,0.125,-2.2471910112359605,-4.281716288671222,0.8393764231914521,5.569631098381933,oi_volume_spark_after_compression,5.150000000000006,9.78461513853281,14.650000000000006,0.44999999999998863,9.450000000000003,15.445440168687409,5,False,,9.963099630996314,9.863099630996315,8.963099630996314,fold_2,research_oof
NSE_FO|47282|17-07-2025,2025-07-17,CE,25150.0,2025-07-11 06:00:00+00:00,2025-07-11,690,6,3,155.7,158.95,155.65,156.8,352875,1958175,157.1,1.950585175552666,4.974489795918356,2.1863382899628254,False,False,True,2025-07-11,2025-07-17,1.3974650633734154,156.0,1.1352230483271375,1852650.0,0.5531201121792506,1.051115241635688,0.05695895069225164,False,1.0,1.0,1.0,24.916525356469037,626650.6127151963,6,0.8333333,0.8333333,0.8333333,2.183022056375372,0.5920162967582132,1.1033382646176786,0.0,0.0,-4.714409617638012,0.5,0.0,0.8333333333333334,-2.1929824561403466,-1.7051775780915657,1.0053658915934365,4.143567631693013,oi_volume_spark_after_compression,57.099999999999994,1.7022377043051657,5.25,1.6999999999999886,2.6500000000000057,3.3418204964990457,5,False,,1.686823679185236,1.586823679185236,0.686823679185236,fold_2,research_oof
NSE_FO|47282|17-07-2025,2025-07-17,CE,25150.0,2025-07-14 06:37:00+00:00,2025-07-14,727,3,2,72.15,74.5,71.6,73.85,198825,6187275,73.9,2.4271844660194164,6.905890318212586,1.9857677902621722,True,False,True,2025-07-14,2025-07-17,0.5563282336578546,72.3,0.7955056179775281,6187275.0,1.8708562323615618,1.190262172284644,0.0,False,1.0,1.0,1.0,29.61210036252738,744744.3241175635,6,0.8333333,0.8333333,0.8333333,2.912284640891072,1.861591738869539,1.3784744422019621,0.0,0.8333333,-18.991049457079498,0.8333333333333334,0.0,0.6666666666666666,-1.6772151898734267,-1.5188871341419552,1.4154929577464788,4.104399655892843,oi_volume_spark_after_compression,26.099999999999994,2.1755645647341417,3.3499999999999943,1.3500000000000085,0.3499999999999943,4.533152909336933,5,False,,0.4736129905277325,0.37361299052773245,-0.5263870094722676,fold_2,research_oof
NSE_FO|47286|17-07-2025,2025-07-17,PE,25150.0,2025-07-14 07:23:00+00:00,2025-07-14,773,3,3,151.05,154.4,150.6,151.8,125850,2330550,152.05,0.49652432969216065,7.60869565217392,1.5501154734411084,False,False,True,2025-07-14,2025-07-17,-0.5268356931181994,151.05,0.8341801385681293,2330550.0,1.02336002281036,0.7159353348729791,0.0,False,1.0,1.0,1.0,5.830612684458515,146639.90901413164,8,0.625,0.5,0.625,0.10324034027618945,0.2655438688483003,2.1959778528692464,0.25,0.5,139.24335282061293,0.0,0.0,0.625,-0.2044989775050965,0.07003774178109268,1.7414084507042253,0.7010233071972571,oi_volume_spark_after_compression,52.05000000000001,2.9900151374302206,10.899999999999977,0.5,7.149999999999977,7.168694508385384,5,False,,4.702400526142701,4.602400526142701,3.702400526142701,fold_2,research_oof
NSE_FO|47296|17-07-2025,2025-07-17,PE,25350.0,2025-07-15 06:47:00+00:00,2025-07-15,737,2,3,159.15,161.0,156.25,159.15,43050,863550,159.55,2.512077294685988,4.398366321080741,1.5661664392905865,True,False,True,2025-07-15,2025-07-17,-0.03143665513990479,159.0,0.45020463847203274,863550.0,2.543513949825893,1.1159618008185537,0.0,False,1.0,1.0,1.0,26.804218280013025,679486.9333983302,8,0.625,0.625,0.625,2.8393719806763196,2.752461083858809,3.767291140679556,0.125,0.625,-56.1571343804826,0.625,0.0,0.125,-8.014354066985629,-6.38528138528137,1.859015232022671,10.526431361671616,oi_volume_spark_after_compression,59.55000000000001,5.56917680431992,16.849999999999994,0.35000000000002274,9.949999999999989,10.560952679410839,5,False,,6.236289564399867,6.136289564399867,5.236289564399867,fold_2,research_oof
NSE_FO|47296|17-07-2025,2025-07-17,PE,25350.0,2025-07-15 07:19:00+00:00,2025-07-15,769,2,3,149.3,153.0,148.55,151.55,41925,784875,151.55,1.7114093959731624,5.740679643681945,1.525238744884038,False,False,True,2025-07-15,2025-07-17,-0.20053475935827292,149.3,0.42837653478854026,784875.0,1.9119441553314354,1.096862210095498,0.0,False,1.0,1.0,1.0,18.215662193446907,461767.03660387907,8,0.625,0.625,0.5,1.3734661799006176,1.4830672320707172,3.1715546499946847,0.625,0.625,,0.0,0.0,0.375,-3.7267080745341574,-6.037362760028387,1.031667839549613,5.43811747050732,oi_volume_spark_after_compression,51.55000000000001,7.222501677683228,6.299999999999983,2.3000000000000114,5.099999999999994,4.15704387990761,5,False,,3.3652259980204513,3.265225998020451,2.3652259980204513,fold_2,research_oof
NSE_FO|47292|17-07-2025,2025-07-17,PE,25250.0,2025-07-16 05:41:00+00:00,2025-07-16,671,1,3,126.5,129.25,125.3,127.85,312000,2837475,127.7,1.9944156362185828,6.374657802111855,1.918376758127738,False,False,True,2025-07-16,2025-07-17,0.15835312747427555,126.5,0.6774267927138575,2837475.0,1.8360625087443072,1.2409499654138805,0.0,False,1.0,1.0,1.0,25.230876888541395,637079.6414356702,8,1.0,0.875,0.875,2.5033295388799948,2.4901296319488453,7.610188451843429,0.75,0.0,1714.1568083073944,0.0,0.375,1.0,-3.0018761726078647,-0.7161618868935737,2.267514200703273,4.996291808826447,oi_volume_spark_after_compression,27.700000000000003,25.135474166409992,2.950000000000003,8.900000000000006,-0.15000000000000568,2.3101018010963217,5,False,,-0.11746280344558002,-0.21746280344558003,-1.11746280344558,fold_2,research_oof
NSE_FO|47294|17-07-2025,2025-07-17,PE,25300.0,2025-07-16 06:53:00+00:00,2025-07-16,743,1,3,133.1,141.5,132.8,141.2,399225,3793650,141.5,4.825538233110627,7.294617563739385,2.3118349619978282,True,False,True,2025-07-16,2025-07-17,-0.07507507507507061,133.1,0.9103148751357221,3793650.0,4.900613308185697,1.401520086862106,0.0,False,1.0,1.0,1.0,62.236331985994234,1574579.199245654,8,0.625,0.75,0.875,4.5786807813344765,5.188986524758599,2.773773564663252,0.5,0.625,12.516607937010122,0.25,0.375,0.875,-12.86549707602338,-13.058175303383692,1.976219636660543,17.69103530913401,oi_volume_spark_after_compression,41.5,12.60247961367601,4.0,9.5,-7.050000000000011,2.8268551236749118,5,False,,-4.98233215547704,-5.082332155477039,-5.98233215547704,fold_2,research_oof
NSE_FO|47296|17-07-2025,2025-07-17,PE,25350.0,2025-07-17 06:04:00+00:00,2025-07-17,694,0,3,157.0,163.35,157.0,161.7,118050,689925,161.45,0.6535947712418277,7.142857142857151,1.8334304018637158,False,False,True,2025-07-17,2025-07-17,-1.1972274732198973,156.8,0.5626092020966803,682725.0,1.850822244461725,1.2708211997670356,0.010545973854773152,True,1.0,1.0,1.0,7.6332496820030125,193502.87943877638,8,0.75,0.75,0.625,1.1262721932503883,3.585114774606102,11.244527219264535,0.75,0.625,,0.0,0.125,0.375,-11.764705882352933,-5.0339366515836925,1.4021296296296297,12.41830065359476,oi_volume_spark_after_compression,61.44999999999999,9.578919599466717,2.3500000000000227,24.349999999999994,-19.599999999999994,1.4555589965933868,5,False,,-12.139981418395786,-12.239981418395786,-13.139981418395786,fold_2,research_oof
NSE_FO|47296|17-07-2025,2025-07-17,PE,25350.0,2025-07-17 06:37:00+00:00,2025-07-17,727,0,3,151.0,154.8,150.95,154.05,74100,703875,153.6,2.392821535393841,5.907172995780587,1.3599449415003442,True,False,False,2025-07-17,2025-07-17,-0.36435905929114165,150.4,0.6964900206469373,695475.0,2.7571805946849826,0.6634549208534068,0.012078076135015638,True,1.0,1.0,1.0,26.83114888886112,680169.6243326294,8,0.75,0.875,0.5,2.6291451047537495,5.072023546169186,14.444422231887405,0.75,0.875,,0.125,0.125,0.125,-16.666666666666675,-8.333333333333337,3.3402156457903187,19.059488202060514,oi_volume_spark_after_compression,53.599999999999994,11.886333084714387,6.400000000000006,5.549999999999983,-2.3499999999999943,4.1666666666666705,5,False,,-1.529947916666663,-1.629947916666663,-2.529947916666663,fold_2,research_oof
NSE_FO|49489|24-07-2025,2025-07-24,PE,25000.0,2025-07-18 06:42:00+00:00,2025-07-18,732,6,3,142.75,145.7,142.7,145.0,548925,6341325,144.8,1.5050752537626888,4.931034482758605,2.0190344827586206,False,False,True,2025-07-18,2025-07-24,1.0243730130695683,143.0,0.824,6328875.0,0.4807022406931205,1.1950344827586208,0.0019671742608283463,False,1.0,1.0,1.0,19.89065150849739,497266.2877124347,8,0.75,0.625,0.875,1.1089464765760226,0.257681760479167,2.8052961029832693,0.125,0.0,892.1933687749988,0.125,0.125,0.75,-1.0292301358583833,-0.04923830245698868,1.5456020772476469,2.534305389621072,oi_volume_spark_after_compression,44.80000000000001,11.091831821322431,4.5,2.75,3.3999999999999773,3.107734806629834,5,False,,2.3480662983425256,2.2480662983425255,1.3480662983425256,fold_2,research_oof
NSE_FO|49491|24-07-2025,2025-07-24,PE,25050.0,2025-07-18 07:04:00+00:00,2025-07-18,754,6,3,167.8,170.5,167.8,169.4,80025,1526250,169.9,3.041362530413627,5.1652892561983474,1.3387703889585947,True,False,False,2025-07-18,2025-07-24,1.2070006035002967,167.7,0.40401505646173147,1526250.0,1.8343619269133304,0.9347553324968632,0.0,True,1.0,1.0,1.0,34.33730797097009,860149.5646728007,8,0.75,0.625,0.375,2.521529044751769,1.6959467435574416,2.8828306464297997,0.0,0.625,-634.7868339920824,0.75,0.125,0.0,-1.509813789632608,-2.117408726341463,0.9630064591896653,4.551176320046235,oi_volume_spark_after_compression,69.9,-3.8131118788134115,5.299999999999983,10.300000000000011,-7.450000000000017,3.1194820482636745,5,False,,-4.384932313125377,-4.484932313125377,-5.384932313125377,fold_2,research_oof
NSE_FO|49487|24-07-2025,2025-07-24,CE,25000.0,2025-07-21 05:26:00+00:00,2025-07-21,656,3,3,149.7,154.0,149.25,153.05,484800,7889100,153.1,4.685362517099878,7.840574975498203,1.3953588774959524,True,False,False,2025-07-21,2025-07-24,-1.6748768472906517,149.7,0.850728548300054,7889100.0,6.36023936439053,0.5446303291958985,0.0,False,1.0,1.0,1.0,61.3383942329848,1533459.85582462,6,1.0,0.8333333,0.8333333,5.24510700567038,7.0324112613216805,1.027965548208004,0.8333333,0.49999997,,0.3333333333333333,0.6666666666666666,0.3333333333333333,-6.225930680359449,-6.293044774319168,1.4840983324737838,10.911293197459326,oi_volume_spark_after_compression,53.099999999999994,13.283346623417785,9.849999999999994,0.799999999999983,5.900000000000006,6.433703461789676,5,False,,3.8536903984324007,3.7536903984324006,2.8536903984324007,fold_2,research_oof
NSE_FO|49518|24-07-2025,2025-07-24,PE,25150.0,2025-07-21 05:54:00+00:00,2025-07-21,684,3,3,139.55,142.0,139.3,141.6,94200,1253250,141.25,2.460202604920414,5.614406779661009,1.5289105295191723,True,False,True,2025-07-21,2025-07-24,1.0492040520984292,139.65,1.248934875228241,1213575.0,1.4109985528219848,0.2799756542909313,0.03269266423583215,False,1.0,1.0,1.0,28.177158219353085,708655.5292167302,8,0.625,0.75,0.875,2.0195454922107947,1.113776555792867,2.814901287818783,-0.125,0.75,-980.0417218680523,0.625,0.0,0.375,-4.060248853962012,0.3183731679311075,1.0359143327841844,6.520451458882426,oi_volume_spark_after_compression,41.25,-8.613468736058957,2.9499999999999886,4.25,1.75,2.088495575221231,5,False,,1.238938053097345,1.138938053097345,0.23893805309734506,fold_2,research_oof
NSE_FO|49487|24-07-2025,2025-07-24,CE,25000.0,2025-07-22 06:14:00+00:00,2025-07-22,704,2,3,126.1,129.85,125.7,128.2,255375,6705675,128.4,4.227642276422761,6.903276131045239,1.5540848927430397,True,False,True,2025-07-22,2025-07-24,0.8789452656811747,126.25,1.2363551182946826,6705675.0,3.348697010741586,0.31772977444835715,0.0,False,1.0,1.0,1.0,52.63622738959033,1315905.6847397583,6,0.8333333,0.8333333,0.8333333,4.315121621352846,3.7097674861780283,1.789813793270935,0.16666663,0.49999997,44.782072551864985,0.3333333333333333,0.0,0.8333333333333334,-8.438409311348193,-4.0005394888629855,1.214261631827377,12.666051587770955,oi_volume_spark_after_compression,28.400000000000006,6.728890153056587,3.0,3.8500000000000085,1.1999999999999886,2.336448598130841,5,False,,0.9345794392523276,0.8345794392523276,-0.06542056074767244,fold_2,research_oof
NSE_FO|49487|24-07-2025,2025-07-24,CE,25000.0,2025-07-22 06:49:00+00:00,2025-07-22,739,2,3,132.85,136.85,132.15,136.6,306150,6621750,136.4,4.915514592933956,7.174231332357246,1.8858858858858858,True,False,True,2025-07-22,2025-07-24,2.3461538461538645,133.05,0.7045507045507046,6564825.0,2.5693607467800916,1.1813351813351813,0.008671213627172087,False,1.0,1.0,1.0,62.091963002265956,1552299.0750566488,7,0.71428573,0.71428573,0.71428573,5.07692307692309,2.6077872744539654,2.782316802963882,0.0,0.0,-1.8985548715500045,0.2857142857142857,0.5714285714285714,0.7142857142857143,-6.444188722669741,-3.351405217515102,1.5836904298143097,11.359703315603698,oi_volume_spark_after_compression,36.400000000000006,4.711299314354319,13.0,1.950000000000017,9.949999999999989,9.530791788856305,5,False,,7.294721407624624,7.194721407624624,6.294721407624624,fold_2,research_oof
NSE_FO|49520|24-07-2025,2025-07-24,PE,25200.0,2025-07-23 06:11:00+00:00,2025-07-23,701,1,2,95.7,98.2,95.6,97.6,574275,6167550,97.65,5.9717698154180265,7.633196721311479,1.9490899834542446,True,True,True,2025-07-23,2025-07-24,3.0172413793103425,95.6,0.689067073946799,6167550.0,2.954528436107684,1.2600229095074456,0.0,True,1.0,1.0,1.0,79.19083569799858,1995609.059589564,8,0.625,0.625,0.75,6.580926230023055,3.0366289087316756,3.842257068439834,0.0,0.0,-3.4324265929462854,0.125,0.625,0.625,-8.602150537634401,-4.828565631974024,1.5694892554940039,14.573920353052428,oi_volume_spark_after_compression,2.3499999999999943,5.811627579840017,2.6499999999999915,6.700000000000003,-5.25,2.713773681515608,5,False,,-5.376344086021505,-5.476344086021505,-6.376344086021505,fold_2,research_oof
NSE_FO|49520|24-07-2025,2025-07-24,PE,25200.0,2025-07-23 08:19:00+00:00,2025-07-23,829,1,2,61.5,63.5,61.35,62.8,1129950,13527300,62.7,1.3720742534301777,5.891719745222935,1.7147735033007057,False,False,True,2025-07-23,2025-07-24,0.24449877750611915,61.5,0.6576371500113818,13427400.0,1.1275754759240586,1.0571363532893239,0.007440010724339783,False,1.0,1.0,1.0,19.12353850343653,481913.1702866006,8,0.5,0.625,0.75,0.10373443983402453,0.5721051613692962,9.844709511133615,0.375,-0.125,1846.822601581498,0.0,0.125,0.625,-2.8272251308900542,-1.7973590134853112,1.7141802976263683,4.199299384320232,oi_volume_spark_after_compression,37.3,22.861367447361935,0.09999999999999432,8.900000000000006,-8.0,0.15948963317383463,5,False,,-12.759170653907494,-12.859170653907494,-13.759170653907494,fold_2,research_oof
NSE_FO|49487|24-07-2025,2025-07-24,CE,25000.0,2025-07-24 04:47:00+00:00,2025-07-24,617,0,3,169.1,179.65,168.25,176.9,231075,3071775,176.75,3.5714285714285587,7.009609949123802,1.6511254019292605,True,False,True,2025-07-24,2025-07-24,-1.1692487576731914,169.05,1.3183279742765273,3071775.0,4.74067732910175,0.33279742765273324,0.0,False,1.0,1.0,1.0,44.10893549901012,1102723.387475253,6,0.8333333,0.8333333,0.8333333,5.068394305424706,6.884373042135144,4.348874312431615,0.8333333,0.8333333,,0.16666666666666666,0.5,0.6666666666666666,-8.955223880597018,-4.54345917471467,1.4296363345934722,12.526652452025576,oi_volume_spark_after_compression,76.75,12.32747074706089,4.75,1.5,-0.19999999999998863,2.6874115983026874,5,False,,-0.11315417256010674,-0.21315417256010674,-1.1131541725601068,fold_2,research_oof
NSE_FO|55797|31-07-2025,2025-07-31,CE,24950.0,2025-07-25 05:13:00+00:00,2025-07-25,643,6,3,97.65,100.8,97.6,100.25,431325,4784250,100.4,3.190941842511563,6.982543640897755,1.7980303267156479,True,False,True,2025-07-25,2025-07-31,0.6701030927835028,97.65,0.8794747537908395,4784250.0,2.5208387497280604,0.9185555729248084,0.0,False,1.0,1.0,1.0,41.4012561373366,1032961.3406265483,6,0.8333333,0.8333333,0.8333333,3.0296944623042554,2.23071345611795,1.265516066222204,0.0,0.0,-14.668370098974265,0.8333333333333334,0.0,0.6666666666666666,-5.9600787180208,-5.931613019187887,1.09753619507239,9.151020560532363,oi_volume_spark_after_compression,0.4000000000000057,3.8059517576086246,1.2999999999999972,2.1500000000000057,1.1499999999999915,1.2948207171314712,5,False,,1.1454183266932185,1.0454183266932184,0.14541832669321852,fold_2,research_oof
NSE_FO|55795|31-07-2025,2025-07-31,CE,24900.0,2025-07-25 07:30:00+00:00,2025-07-25,780,6,3,110.2,115.0,109.85,114.45,580800,8884125,114.55,4.3299908842297175,7.252075141983397,1.7343784994400895,True,False,True,2025-07-25,2025-07-31,0.31789282470482405,110.45,0.46270996640537515,8884125.0,4.012098059524893,1.2716685330347144,0.0,False,1.0,1.0,1.0,57.46834681422794,1430961.8356742759,6,0.8333333,0.8333333,0.8333333,4.675147052871265,4.3921825814841835,1.8996853814458807,0.0,0.0,4.273039548541419,0.8333333333333334,0.0,0.16666666666666666,-4.427792915531336,-4.496663438947334,1.3444808743169399,8.757783799761054,oi_volume_spark_after_compression,14.549999999999997,5.5269887547524625,2.1500000000000057,8.700000000000003,-7.1499999999999915,1.8769096464426065,5,False,,-6.241815800960272,-6.341815800960272,-7.241815800960272,fold_2,research_oof
NSE_FO|55801|31-07-2025,2025-07-31,CE,25050.0,2025-07-28 08:54:00+00:00,2025-07-28,864,3,0,23.75,24.75,23.75,24.1,170325,4335750,24.2,3.433476394849788,7.676348547717849,1.9722101606600086,True,False,True,2025-07-28,2025-07-31,0.4237288135593209,23.7,0.4404705882352941,4335750.0,3.0097475812904673,1.5317395724247145,0.0,True,1.0,1.0,1.0,41.3578352849901,1036013.773889002,7,0.71428573,0.71428573,0.71428573,3.433476394849788,3.0097475812904673,1.662743163554501,0.0,0.71428573,-14.549851807365485,0.2857142857142857,0.0,0.42857142857142855,-2.090357383681729,-2.225675380975378,3.4242424242424243,5.523833778531517,oi_volume_spark_after_compression,75.8,3.693395275796985,0.1999999999999993,1.5,-1.1999999999999993,0.8264462809917326,5,False,,-4.958677685950411,-5.058677685950411,-5.958677685950411,fold_2,research_oof
NSE_FO|39859|07-08-2025,2025-08-07,PE,24800.0,2025-08-01 05:11:00+00:00,2025-08-01,641,6,3,156.75,161.6,156.7,160.2,531525,5440875,160.0,3.2216494845360932,7.116104868913861,1.422235601043548,True,False,False,2025-08-01,2025-08-07,-0.6329113924050667,157.0,1.0788681517158338,5440875.0,3.85456087694116,0.3433674493277141,0.0,False,1.0,1.0,1.0,42.4726397993682,1053321.4670243314,5,1.0,1.0,1.0,3.2216494845360932,4.02638587416676,0.2561004990852138,1.0,1.0,,0.8,0.0,0.2,-6.705639614855574,-4.74485530113008,0.9294984216064539,9.927289099391668,oi_volume_spark_after_compression,60.0,11.814389835186784,7.0,4.099999999999994,4.5,4.375,5,False,,2.8125,2.7125,1.8125,fold_3,research_oof
NSE_FO|39854|07-08-2025,2025-08-07,CE,24700.0,2025-08-01 07:35:00+00:00,2025-08-01,785,6,3,125.6,131.3,125.35,130.5,618900,10822575,130.2,2.473498233215543,7.241379310344829,2.030262024849305,True,False,True,2025-08-01,2025-08-07,-0.3177124702144596,125.5,0.9693648816936489,10822575.0,2.7912107034300027,1.060897143155656,0.0,False,1.0,1.0,1.0,32.98583188143896,814750.0474715424,5,1.0,1.0,1.0,2.1497919556172196,2.7912107034300027,0.19260877771878088,1.0,0.0,,0.8,0.0,0.8,-2.7181688125894166,-4.220862319819352,1.7968675842429995,5.19166704580496,oi_volume_spark_after_compression,30.19999999999999,10.365448576051948,6.550000000000011,5.699999999999989,-2.6499999999999915,5.030721966205847,5,False,,-2.0353302611367066,-2.1353302611367067,-3.0353302611367066,fold_3,research_oof
NSE_FO|39853|07-08-2025,2025-08-07,PE,24650.0,2025-08-04 06:52:00+00:00,2025-08-04,742,3,3,113.0,114.8,112.5,113.4,379950,5857800,113.4,3.893724232707285,6.261022927689589,1.647479674796748,True,False,True,2025-08-04,2025-08-07,1.119570085087318,112.9,1.0032520325203251,5857800.0,2.774154147619967,0.6442276422764228,0.0,False,1.0,1.0,1.0,50.0257807586659,1233135.4957011144,5,1.0,1.0,1.0,3.5781544256120457,2.547985183522261,0.4712288797511609,0.0,0.0,1.156534103272861,1.0,0.0,0.4,-3.4528997653369142,-2.358508520466873,1.0387648934384963,7.346623998044199,oi_volume_spark_after_compression,13.400000000000006,3.737928032578081,0.7999999999999972,10.850000000000009,-7.900000000000006,0.7054673721340362,5,False,,-6.966490299823638,-7.066490299823638,-7.966490299823638,fold_3,research_oof
NSE_FO|39854|07-08-2025,2025-08-07,CE,24700.0,2025-08-04 07:30:00+00:00,2025-08-04,780,3,3,130.7,134.5,129.45,134.5,918525,10082625,134.25,5.614448370632119,7.063197026022305,1.451840436251556,True,True,False,2025-08-04,2025-08-07,3.9301310043668103,130.9,0.6879260269100824,10082625.0,1.6843173662653088,0.7639144093414736,0.0,False,1.0,1.0,1.0,77.08932646670742,1904106.3637276732,5,1.0,1.0,1.0,5.740181268882183,1.6394410781569224,0.26786622837953167,0.0,0.0,-3.3800496661715442,0.8,1.0,0.2,-6.781013163143202,-2.960877866684775,1.450734846508392,12.395461533775322,oi_volume_spark_after_compression,34.25,3.5761193190715006,8.25,0.6999999999999886,1.1500000000000057,6.145251396648044,5,False,,0.8566108007448833,0.7566108007448833,-0.14338919925511673,fold_3,research_oof
NSE_FO|39855|07-08-2025,2025-08-07,PE,24700.0,2025-08-05 05:38:00+00:00,2025-08-05,668,2,3,146.65,150.35,146.0,150.05,306900,8208900,150.1,4.966771598461017,7.497500833055648,1.4277739009071877,True,False,False,2025-08-05,2025-08-07,3.8297872340425476,146.4,0.9975575715282624,8208900.0,1.1369843644184696,0.4302163293789253,0.0,False,1.0,1.0,1.0,62.7515855493877,1549964.1630698761,8,0.625,0.5,0.625,4.186691871455583,0.3135110979682332,3.559174158714161,0.0,-0.125,2.103544840912946,0.625,0.125,0.25,-7.606420097697142,-0.6344447046691011,1.3797722705961153,12.573191696158158,oi_volume_spark_after_compression,50.099999999999994,2.7137416427854495,9.400000000000006,11.449999999999989,-10.400000000000006,6.262491672218524,5,False,,-6.928714190539645,-7.028714190539644,-7.928714190539645,fold_3,research_oof
NSE_FO|39853|07-08-2025,2025-08-07,PE,24650.0,2025-08-05 06:25:00+00:00,2025-08-05,715,2,3,108.45,111.9,107.85,110.8,552600,5969850,111.0,5.323193916349811,6.543321299638989,2.742601898380793,True,True,True,2025-08-05,2025-08-07,1.0265982267848806,108.25,0.8133258887027731,5969850.0,4.29659568956493,1.92927600967802,0.0,False,1.0,1.0,1.0,70.38535399823516,1734998.9760564966,8,0.75,0.875,0.625,4.4386595869617125,3.8668590420927296,2.2265024780034053,0.125,0.875,178.60250135881142,0.75,0.375,0.5,-7.154129405576015,-4.78853800772655,2.270918754745634,12.477323321925827,oi_volume_spark_after_compression,11.0,10.605047035209767,3.4000000000000057,1.9000000000000057,0.7000000000000028,3.063063063063068,5,False,,0.6306306306306332,0.5306306306306332,-0.3693693693693668,fold_3,research_oof
NSE_FO|39853|07-08-2025,2025-08-07,PE,24650.0,2025-08-06 07:45:00+00:00,2025-08-06,795,1,2,82.8,86.5,82.45,85.45,547950,6367650,85.5,1.1841326228537508,7.021650087770626,1.3315108438126482,False,False,False,2025-08-06,2025-08-07,-3.0921820303383973,83.05,0.7443047202478585,6367650.0,4.2763146531921485,0.5872061235647896,0.0,False,1.0,1.0,1.0,15.647058787298764,385699.99910691456,8,0.875,0.75,0.5,1.0283115430476886,3.5034522989575265,5.171356464326681,0.75,0.125,,0.0,0.25,0.125,-1.8103448275861966,-6.739922292374945,1.136591537416241,2.9944774504399474,oi_volume_spark_after_compression,14.5,8.923516499662332,1.9000000000000057,3.5,-1.5,2.222222222222229,5,False,,-1.7543859649122806,-1.8543859649122807,-2.754385964912281,fold_3,research_oof
NSE_FO|39855|07-08-2025,2025-08-07,PE,24700.0,2025-08-06 08:11:00+00:00,2025-08-06,821,1,3,109.95,116.5,109.55,115.0,595350,6913275,115.15,2.678571428571419,7.391304347826087,1.7776284850520658,True,False,True,2025-08-06,2025-08-07,-2.5732031943212164,109.8,0.8874388254486134,6913275.0,5.251774622892635,0.8901896596034524,0.0,False,1.0,1.0,1.0,35.616713642577004,879732.826971652,8,0.625,0.75,0.75,1.8161671420089065,3.934497349767696,5.84923227850016,0.625,0.125,,0.25,0.0,0.625,-3.0266343825665842,-8.366440207809301,1.5732647814910026,5.705205811138003,oi_volume_spark_after_compression,15.150000000000006,10.022576041166626,14.349999999999994,5.150000000000006,0.5999999999999943,12.46200607902735,5,False,,0.5210594876248322,0.42105948762483225,-0.47894051237516777,fold_3,research_oof
NSE_FO|44470|14-08-2025,2025-08-14,CE,24450.0,2025-08-08 06:05:00+00:00,2025-08-08,695,6,3,148.45,153.1,148.2,149.8,671775,4177050,149.8,3.919528269164063,7.476635514018684,2.6885787182950622,True,False,True,2025-08-08,2025-08-14,2.130584192439855,148.6,0.9461203662014108,4177050.0,1.7889440767242082,1.7424583520936514,0.0,False,1.0,1.0,1.0,52.59097697045635,1285849.3869276578,5,1.0,1.0,1.0,4.6415678184631215,2.170582226762008,0.5030961133367661,0.0,0.39999998,0.4915916367826867,0.4,0.2,1.0,-5.295950155763252,-1.272281516710005,1.5641526906060295,9.215478424927316,oi_volume_spark_after_compression,49.80000000000001,4.132040292635095,2.5999999999999943,11.050000000000011,-9.25,1.7356475300400496,5,False,,-6.174899866488651,-6.274899866488651,-7.174899866488651,fold_3,research_oof
NSE_FO|44473|14-08-2025,2025-08-14,PE,24500.0,2025-08-08 06:27:00+00:00,2025-08-08,717,6,3,144.6,150.95,143.65,149.75,446700,7698600,149.85,4.4645971398674655,6.3439065108514185,1.6132177681473456,True,False,True,2025-08-08,2025-08-14,0.03455425017278024,144.75,0.5136476426799007,7671525.0,4.430042889694685,1.0995701254674448,0.0035292852464145004,False,1.0,1.0,1.0,58.08282272357898,1423029.156727685,5,1.0,1.0,1.0,4.38106439282564,4.235419184552991,0.4656209342629435,0.39999998,0.0,-54.80317998308965,1.0,0.0,0.6,-4.041616646658664,-4.325017456375269,1.839498586702716,8.506213786526128,oi_volume_spark_after_compression,49.849999999999994,8.22071869960553,15.099999999999994,4.849999999999994,12.150000000000006,10.07674341007674,5,False,,8.108108108108112,8.008108108108113,7.108108108108112,fold_3,research_oof
NSE_FO|44473|14-08-2025,2025-08-14,PE,24500.0,2025-08-11 05:13:00+00:00,2025-08-11,643,3,3,129.95,133.1,128.6,131.9,498825,6443175,132.05,2.4466019417475726,6.974981046247159,1.4190313633454235,True,False,False,2025-08-11,2025-08-14,-1.7045454545454586,129.75,1.117007104795737,6443175.0,4.151147396293031,0.3020242585496864,0.0,False,1.0,1.0,1.0,32.099448343354446,786436.4844121839,5,1.0,1.0,1.0,2.392344497607657,3.7630610085110816,0.2670781706432764,1.0,0.0,,0.8,0.0,0.2,-3.5780669144981347,-4.530447866879084,1.0317178799752527,6.024668856245707,oi_volume_spark_after_compression,32.05000000000001,11.152105119752928,1.9499999999999886,5.6000000000000085,-0.15000000000000568,1.4767133661491771,5,False,,-0.11359333585763398,-0.213593335857634,-1.113593335857634,fold_3,research_oof
NSE_FO|44491|14-08-2025,2025-08-14,PE,24550.0,2025-08-11 05:34:00+00:00,2025-08-11,664,3,3,157.25,159.85,156.8,157.95,114075,1464450,157.95,1.706374758531859,6.679328901551114,1.486077186126038,False,False,False,2025-08-11,2025-08-14,-0.031786395422761515,157.25,0.5961538461538461,1464450.0,1.7381611539546205,0.8899233399721919,0.0,False,1.0,1.0,1.0,19.870085934054853,487810.6096810466,5,1.0,1.0,0.6,1.706374758531859,1.6258652652633931,0.39720448380386164,0.39999998,1.0,-15.834522636097972,0.2,0.0,0.0,-1.345816266822708,-1.4645106288404985,0.7157684131549331,3.052191025354567,oi_volume_spark_after_compression,57.94999999999999,4.215579380329261,1.450000000000017,7.599999999999994,-1.25,0.918012029123151,5,False,,-0.7913896802785693,-0.8913896802785692,-1.7913896802785692,fold_3,research_oof
NSE_FO|47222|21-08-2025,2025-08-21,PE,24950.0,2025-08-18 04:46:00+00:00,2025-08-18,616,3,3,100.1,104.4,99.3,104.15,538050,6020925,104.4,2.1078431372549167,6.865098415746511,1.4325079872204474,True,False,False,2025-08-18,2025-08-21,-3.2929782082324555,99.85,1.071685303514377,6020925.0,5.400821345487373,0.3608226837060704,0.0,False,1.0,1.0,1.0,27.814483877361766,693971.372740176,8,0.75,0.875,0.625,2.101041987475627,4.924327248748472,2.5090575021495,0.75,0.875,,0.5,0.0,0.0,-5.604203152364285,-5.633675595629828,1.9429996437477735,7.7120462896192015,oi_volume_spark_after_compression,4.400000000000006,11.16291947877067,0.19999999999998863,9.600000000000009,-4.1000000000000085,0.19157088122604274,5,False,,-3.927203065134108,-4.027203065134108,-4.927203065134108,fold_3,research_oof
NSE_FO|47232|21-08-2025,2025-08-21,PE,25000.0,2025-08-18 06:01:00+00:00,2025-08-18,691,3,3,123.9,128.0,122.5,127.3,635700,11224875,127.3,2.661290322580645,6.009426551453265,1.7984298748143432,True,False,True,2025-08-18,2025-08-21,-1.7453391511305094,123.85,1.2342457033736474,11224875.0,4.406629473711154,0.5641841714406959,0.0,False,1.0,1.0,1.0,35.56144830626988,889036.2076567471,8,0.625,0.625,0.75,2.199810134749025,4.190778205604195,2.972385886840423,0.5,0.5,-2354.423282255051,0.625,0.0,0.375,-6.0741948634325365,-5.696836372866499,1.509729766898164,8.735485186013182,oi_volume_spark_after_compression,27.299999999999997,-14.234678279357013,8.700000000000003,0.5499999999999972,5.799999999999997,6.834249803613514,5,False,,4.556166535742339,4.456166535742339,3.5561665357423387,fold_3,research_oof
NSE_FO|47217|21-08-2025,2025-08-21,PE,24900.0,2025-08-19 04:57:00+00:00,2025-08-19,627,2,2,67.85,69.15,66.7,67.4,917100,14023875,67.4,2.9793735676088673,6.824925816023751,1.4116017316017315,True,False,False,2025-08-19,2025-08-21,2.7293404094010487,67.75,0.9423376623376624,13685250.0,0.2500331582078186,0.46926406926406916,0.02474379350030142,False,1.0,1.0,1.0,40.90373892976806,1018503.0993512247,8,0.625,0.25,0.625,2.698315863312417,-0.2863458371110572,3.0965216564760567,-0.25,-0.5,-291.23323729836557,0.625,0.0,0.375,-3.8808664259927794,1.065176739474849,0.9545873249815771,6.860239993601647,oi_volume_spark_after_compression,32.599999999999994,-4.019554006509715,2.8999999999999915,0.6000000000000085,-0.5,4.302670623145388,5,False,,-0.7418397626112759,-0.8418397626112759,-1.741839762611276,fold_3,research_oof
NSE_FO|47212|21-08-2025,2025-08-21,CE,24850.0,2025-08-19 05:31:00+00:00,2025-08-19,661,2,3,139.15,144.45,138.8,142.9,206550,2424300,142.9,2.510760401721668,5.703289013296016,1.7435897435897436,True,False,True,2025-08-19,2025-08-21,1.5311702515493852,139.25,0.5178854067742956,2424300.0,0.9795901501722826,1.2257043368154479,0.0,False,1.0,1.0,1.0,30.72744563837579,763577.0241136384,6,0.8333333,0.8333333,0.8333333,2.489660592104437,0.377065436134727,1.069868689379608,0.0,0.0,-10.388740275058808,0.6666666666666666,0.0,0.16666666666666666,-5.30303030303031,-2.8562217923920112,2.0594762538837106,7.813790704751978,oi_volume_spark_after_compression,42.900000000000006,2.6240723933625416,6.0,2.3000000000000114,4.599999999999994,4.198740377886634,5,False,,3.2190342897130817,3.1190342897130816,2.2190342897130817,fold_3,research_oof
NSE_FO|47249|21-08-2025,2025-08-21,PE,25050.0,2025-08-20 06:18:00+00:00,2025-08-20,708,1,2,80.15,84.0,79.8,83.35,556650,5762700,83.3,4.252657911194491,6.5986802639472115,1.433787308026659,True,False,False,2025-08-20,2025-08-21,-3.147699757869238,80.0,0.5175967334240715,5762700.0,7.4003576690637285,0.9161905746025875,0.0,False,1.0,1.0,1.0,56.261361795491005,1409347.1129770498,8,0.75,0.625,0.75,4.474126928878064,7.195459468275334,5.171965772402889,0.5,-0.125,-1465.9469340741016,0.625,0.125,0.5,-5.25394045534151,-10.235490270839653,1.2889421582989302,9.506598366536,oi_volume_spark_after_compression,16.700000000000003,-2.287963587459541,0.15000000000000568,4.450000000000003,-1.2999999999999972,0.18007202881153145,5,False,,-1.5606242496998766,-1.6606242496998767,-2.5606242496998766,fold_3,research_oof
NSE_FO|47221|21-08-2025,2025-08-21,CE,24950.0,2025-08-20 06:55:00+00:00,2025-08-20,745,1,3,125.85,132.4,125.0,127.0,686925,4945575,126.7,0.753669178897276,7.40157480314961,2.116464471403813,False,False,True,2025-08-20,2025-08-21,-0.1980198019801982,126.0,0.6291068386468727,4945575.0,0.9516889808774742,1.4873576327569404,0.0,False,1.0,1.0,1.0,10.129300085812297,252726.0371410168,5,1.0,1.0,1.0,0.753669178897276,0.8169934640522847,0.10997822190989569,0.8,1.0,63.684778170307254,0.0,0.0,1.0,-1.9667170953101332,-0.002970871745178183,2.889776647902669,2.720386274207409,oi_volume_spark_after_compression,26.700000000000003,7.4518325149322155,1.2000000000000028,7.5,-2.450000000000003,0.9471191791633802,5,False,,-1.933701657458566,-2.033701657458566,-2.933701657458566,fold_3,research_oof
NSE_FO|47231|21-08-2025,2025-08-21,CE,25000.0,2025-08-21 05:30:00+00:00,2025-08-21,660,0,3,135.55,141.35,135.55,141.0,683625,6672450,140.8,5.106224375698831,6.950354609929066,2.15612063867534,True,True,True,2025-08-21,2025-08-21,0.0,135.0,0.46026404348951594,6633600.0,5.106224375698831,1.6958565951858242,0.005856548480463097,True,1.0,1.0,1.0,68.60297346593511,1715074.3366483776,5,1.0,1.0,1.0,3.5488308115543266,3.685704613908558,1.9349506431493961,0.8,0.0,-65.07199860939363,0.8,0.4,1.0,-9.9290780141844,-9.193783896537344,1.9239473046148872,15.035302389883231,oi_volume_spark_after_compression,40.80000000000001,13.733708335928299,0.44999999999998863,20.80000000000001,-16.450000000000017,0.31960227272726466,5,False,,-11.683238636363647,-11.783238636363647,-12.683238636363647,fold_3,research_oof
NSE_FO|71988|28-08-2025,2025-08-28,CE,25100.0,2025-08-22 06:08:00+00:00,2025-08-22,698,6,2,54.6,56.95,54.25,56.85,462450,14211375,56.85,5.669144981412644,7.299912049252429,2.059452237808951,True,True,True,2025-08-22,2025-08-28,1.3011152416356975,54.5,0.4832999331997328,14211375.0,4.368029739776946,1.5761523046092183,0.0,False,1.0,1.0,1.0,73.95000454897182,1856145.1141791926,5,1.0,1.0,1.0,5.350686912509017,4.051985613807707,0.6161277109815999,0.0,1.0,-9.695555454760324,1.0,0.6,0.8,-4.000952607763741,-3.546189563244828,2.717541070482247,9.670097589176386,oi_volume_spark_after_compression,43.15,6.345469712646478,0.9499999999999957,2.25,-0.6000000000000014,1.6710642040457266,5,False,,-1.0554089709762557,-1.1554089709762558,-2.0554089709762557,fold_3,research_oof
NSE_FO|71972|28-08-2025,2025-08-28,CE,24950.0,2025-08-22 06:59:00+00:00,2025-08-22,749,6,3,107.5,109.9,107.35,108.3,423075,6519075,108.5,3.537284894837489,6.648199445983383,1.5324640043466449,True,False,True,2025-08-22,2025-08-28,1.8939393939394034,107.6,0.6359684868242326,6519075.0,1.6433455008980857,0.8964955175224123,0.0,False,1.0,1.0,1.0,45.82661215144015,1143373.9731784319,6,0.8333333,0.8333333,0.8333333,3.6847008415793248,1.6223079536180962,4.995942625701339,0.0,0.0,-3.7767244681017473,0.8333333333333334,0.0,0.16666666666666666,-5.50760378133991,-3.663513253259443,1.3666367713004484,9.044888676177399,oi_volume_spark_after_compression,8.5,2.978534259482366,2.6500000000000057,2.8499999999999943,1.7999999999999972,2.4423963133640605,5,False,,1.6589861751152049,1.5589861751152048,0.6589861751152049,fold_3,research_oof
NSE_FO|71974|28-08-2025,2025-08-28,CE,25000.0,2025-08-25 06:03:00+00:00,2025-08-25,693,3,2,72.45,74.25,72.3,73.65,779550,23780325,73.8,4.24628450106157,6.924643584521377,1.5729418886198547,True,False,True,2025-08-25,2025-08-28,1.4716187806587344,72.4,0.6175847457627118,23757825.0,2.7746657204028358,0.9553571428571429,0.0009470563908943685,False,1.0,1.0,1.0,57.6071056980689,1440177.6424517224,6,0.8333333,0.8333333,0.8333333,4.119339969161961,2.664297821007422,1.7447320040473164,0.0,0.0,3.039591425902472,0.8333333333333334,0.0,0.3333333333333333,-4.249999999999998,-2.276315789473682,1.2357525115012675,8.496284501061568,oi_volume_spark_after_compression,26.200000000000003,4.0088277765343685,0.20000000000000284,3.75,-2.700000000000003,0.27100271002710413,5,False,,-3.658536585365858,-3.758536585365858,-4.658536585365858,fold_3,research_oof
NSE_FO|71987|28-08-2025,2025-08-28,PE,25050.0,2025-08-25 06:43:00+00:00,2025-08-25,733,3,3,110.7,113.6,110.6,113.15,150075,2362275,113.2,2.723558783477076,5.214317277949629,1.392969021928298,True,False,False,2025-08-25,2025-08-28,-0.7171671896010756,110.75,0.7031788586748372,2362275.0,3.4407259730781514,0.6897901632534608,0.0,False,1.0,1.0,1.0,32.46181691720247,813168.5137759219,8,0.625,0.625,1.0,2.2296011495592016,2.610718606026613,1.407000614376908,0.625,0.625,,0.625,0.0,0.5,-3.2362459546925515,-3.2362459546925515,0.8461538461538461,5.959804738169627,oi_volume_spark_after_compression,13.200000000000003,8.694493243742432,0.0,9.0,-8.150000000000006,0.0,5,False,,-7.199646643109546,-7.299646643109545,-8.199646643109546,fold_3,research_oof
NSE_FO|71973|28-08-2025,2025-08-28,PE,24950.0,2025-08-26 06:38:00+00:00,2025-08-26,728,2,3,164.45,168.45,164.15,168.25,68325,1654800,168.2,2.37298448433223,6.627043090638933,1.3299270072992702,True,False,False,2025-08-26,2025-08-28,0.06084575600850961,164.45,0.5200909780136467,1654800.0,2.3121387283237205,0.8098360292856235,0.0,False,1.0,1.0,1.0,26.416171598308303,659083.4813777922,8,0.625,0.75,0.5,1.3264741977308092,1.8537689595266582,0.9809451202266618,0.25,0.625,80.74364909490032,0.125,0.0,0.125,-3.5046728971962593,-4.213892755352299,0.9169978957213,5.87765738152849,oi_volume_spark_after_compression,68.19999999999999,5.291865008545072,9.75,0.8499999999999943,7.950000000000017,5.796670630202141,5,False,,4.726516052318678,4.626516052318679,3.7265160523186784,fold_3,research_oof
NSE_FO|71973|28-08-2025,2025-08-28,PE,24950.0,2025-08-26 07:43:00+00:00,2025-08-26,793,2,3,166.85,172.75,166.0,172.75,59625,1469325,172.75,4.760460885385087,5.441389290882782,1.3996478873239437,True,False,False,2025-08-26,2025-08-28,-1.1837821840781304,166.95,0.6382592928377153,1461300.0,5.944243069463218,0.7613885944862284,0.005491685485526586,False,1.0,1.0,1.0,52.34529954298187,1306015.2235973976,8,1.0,0.625,0.875,4.436662771721711,2.898657161640145,5.78176565383646,0.625,-0.25,-991.9358635612152,0.625,0.375,0.625,-5.924170616113744,-8.14639283833596,2.039577243085226,10.684631501498831,oi_volume_spark_after_compression,72.75,2.4393435368633787,2.4000000000000057,4.699999999999989,-3.25,1.389290882778585,5,False,,-1.881331403762663,-1.981331403762663,-2.8813314037626627,fold_3,research_oof
NSE_FO|48945|02-09-2025,2025-09-02,CE,24800.0,2025-08-28 07:03:00+00:00,2025-08-28,753,5,1,47.45,49.0,46.65,49.0,152025,4185525,49.0,2.5104602510460206,6.020408163265312,1.4587981288233178,True,False,False,2025-08-28,2025-09-02,-0.94836670179137,47.0,0.7681744749596123,4185525.0,3.4588269528373905,0.6906236538637055,0.0,False,1.0,1.0,1.0,29.954326789536747,742867.3043805113,5,1.0,1.0,0.2,1.9433198380566896,2.2824143951866604,0.37983592474822164,0.8,0.0,109.79939351944995,0.4,0.0,0.0,-1.3784191255653777,-0.8458243236906471,0.2948717948717949,3.8888793766113983,oi_volume_spark_after_compression,51.0,10.269264584483889,0.04999999999999716,2.5,-1.0499999999999972,0.10204081632652481,5,False,,-2.142857142857137,-2.242857142857137,-3.142857142857137,fold_3,research_oof
NSE_FO|48945|02-09-2025,2025-09-02,CE,24800.0,2025-08-28 07:23:00+00:00,2025-08-28,773,5,1,47.0,48.3,46.35,48.3,48000,4270500,48.2,2.330508474576254,5.38302277432711,1.3375130616509927,True,False,False,2025-08-28,2025-09-02,-1.260504201680679,47.0,0.7920585161964472,4270500.0,3.5910126762569328,0.5454545454545455,0.0,False,1.0,1.0,1.0,25.12049753242987,622988.3388042607,5,1.0,1.0,0.4,2.5324675324675416,3.6971354620029873,0.19258967460622836,1.0,0.0,,1.0,0.0,0.0,-2.139495079161313,-3.0043599440261692,1.037313432835821,4.470003553737567,oi_volume_spark_after_compression,51.8,10.902303033593242,0.5999999999999943,2.200000000000003,-2.1000000000000014,1.2448132780082868,5,False,,-4.356846473029048,-4.456846473029048,-5.356846473029048,fold_3,research_oof
NSE_FO|48940|02-09-2025,2025-09-02,PE,24700.0,2025-09-01 05:38:00+00:00,2025-09-01,668,1,3,150.0,154.0,149.65,151.9,265650,2268675,151.7,4.50636394908841,6.978275181040154,1.5847874720357942,True,False,True,2025-09-01,2025-09-02,1.6254656281747382,150.05,0.6903803131991052,2268675.0,2.880898320913672,0.894407158836689,0.0,False,1.0,1.0,1.0,56.284209466986304,1390219.9738345616,5,1.0,1.0,0.4,4.50636394908841,2.880898320913672,1.2142098787514617,0.0,1.0,9.37347248777587,0.6,0.4,0.2,-8.307692307692305,-4.837660761950991,0.698699755791697,12.814056256780715,oi_volume_spark_after_compression,51.69999999999999,5.1989499017679695,0.950000000000017,5.699999999999989,-5.099999999999994,0.6262359920896619,5,False,,-3.3618984838497,-3.4618984838497,-4.3618984838497,fold_3,research_oof
NSE_FO|48940|02-09-2025,2025-09-02,PE,24700.0,2025-09-01 06:13:00+00:00,2025-09-01,703,1,3,151.1,156.2,150.7,155.5,208650,2478975,155.45,2.0341207349081403,5.8520900321543365,2.413882863340564,True,False,True,2025-09-01,2025-09-02,-0.13201320132012473,151.3,0.968763748350198,2478975.0,2.166133936228265,1.4451191149903662,0.0,False,1.0,1.0,1.0,24.914761590578912,615394.6112872991,5,1.0,1.0,1.0,2.0341207349081403,2.166133936228265,0.6521365387638602,0.8,0.6,78.0535006121354,0.4,0.0,1.0,-3.237410071942448,-3.9416354240551232,1.4287029365736905,5.271530806850588,oi_volume_spark_after_compression,55.44999999999999,10.107100805353873,10.200000000000017,5.199999999999989,4.800000000000011,6.561595368285634,5,False,,3.0878095850755947,2.9878095850755946,2.0878095850755947,fold_3,research_oof
NSE_FO|48937|02-09-2025,2025-09-02,CE,24650.0,2025-09-02 07:32:00+00:00,2025-09-02,782,0,3,108.2,112.45,107.55,110.0,768450,5748600,110.1,1.0564997703261358,7.136363636363644,2.1661733615221985,False,False,True,2025-09-02,2025-09-02,-1.455868971792551,108.3,1.73784355179704,5748600.0,2.512368742118687,0.42832980972515844,0.0,False,1.0,1.0,1.0,14.317824429268493,352934.37218146835,5,0.8,1.0,1.0,0.7707129094412402,3.469308469308474,0.8251310583942155,0.8,1.0,,0.0,0.0,0.4,-7.766990291262143,-5.80620597753666,1.6288876816515008,8.823490061588279,oi_volume_spark_after_compression,10.099999999999994,9.224847927476018,0.30000000000001137,10.049999999999997,-7.6499999999999915,0.2724795640327079,5,False,,-6.948228882833781,-7.04822888283378,-7.948228882833781,fold_3,research_oof
NSE_FO|46809|02-12-2025,2025-12-02,CE,26300.0,2025-12-01 04:58:00+00:00,2025-12-01,628,1,2,70.5,73.5,70.25,73.1,1995600,30274500,73.15,1.4573213046495503,6.9767441860465045,1.8274097730160366,False,False,True,2025-12-01,2025-12-02,-2.6279391424619547,70.4,0.9519590673397205,30274500.0,4.085260447111505,0.8754507056763161,0.0,False,1.0,1.0,1.0,21.140567115718113,555996.9151433863,8,0.625,0.625,0.625,1.1686246344841722,3.711994090075094,0.7013554711300343,0.625,0.0,,0.0,0.0,0.375,-3.208191126279858,-5.803819541580402,1.6445226572811262,4.665512430929408,oi_volume_spark_after_compression,26.849999999999994,8.755071005492836,5.25,0.9500000000000028,2.3999999999999915,7.177033492822966,5,False,,3.2809295967190586,3.1809295967190585,2.2809295967190586,fold_3,research_oof
NSE_FO|46807|02-12-2025,2025-12-02,CE,26250.0,2025-12-01 06:10:00+00:00,2025-12-01,700,1,2,83.9,85.9,83.5,85.15,1340925,17551050,85.3,4.542664211172509,7.516147974163248,1.408960163915048,True,False,False,2025-12-01,2025-12-02,1.3268998793727338,84.0,0.8092229424796915,17551050.0,3.2157643317997753,0.5997372214353565,0.0,False,1.0,1.0,1.0,64.09186325200058,1682411.4103650153,8,0.625,0.625,0.625,4.941015363504809,3.2526099870982983,3.067430180312309,0.0,0.0,10.143647352873813,0.125,0.5,0.25,-9.053497942386834,-6.000062827883012,1.6843741705532174,13.596162153559343,oi_volume_spark_after_compression,14.700000000000003,5.239872550795254,0.20000000000000284,29.799999999999997,-28.5,0.2344665885111405,5,False,,-33.41148886283705,-33.51148886283705,-34.41148886283705,fold_3,research_oof
NSE_FO|41879|09-12-2025,2025-12-09,CE,25900.0,2025-12-03 05:21:00+00:00,2025-12-03,651,6,3,160.5,165.4,160.0,164.8,334800,6385800,164.55,1.4778325123152802,7.5242718446601975,1.3419509995490757,False,False,False,2025-12-03,2025-12-09,-1.3803680981595123,160.75,0.6917896087235408,6385800.0,2.8582006104747926,0.6501613908255349,0.0,False,1.0,1.0,1.0,18.79993833170084,486918.4027910518,7,0.71428573,0.71428573,0.5714286,1.6691394658753689,3.0744649096623333,0.8172885463680419,0.71428573,0.71428573,,0.0,0.0,0.0,-2.2727272727272707,-4.280196927255764,1.0991782698014152,3.750559785042551,oi_volume_spark_after_compression,64.55000000000001,7.320941953998051,1.4499999999999886,2.200000000000017,-0.20000000000001705,0.8811911273169181,5,False,,-0.12154360376786207,-0.22154360376786209,-1.121543603767862,fold_3,research_oof
NSE_FO|41903|09-12-2025,2025-12-09,CE,26000.0,2025-12-03 06:32:00+00:00,2025-12-03,722,6,3,117.6,118.05,115.1,116.3,510600,17356575,116.2,0.9986973512809305,5.975924333619951,1.7796366488040778,False,False,True,2025-12-03,2025-12-09,-0.927096502317748,117.55,1.2526467128479937,17356575.0,1.9257938535986785,0.5269899359560841,0.0,False,1.0,1.0,1.0,13.126222582377666,341281.7871418193,7,0.71428573,0.71428573,0.2857143,0.7362784471218076,1.586019826363172,0.4401023892286404,0.71428573,0.5714286,,0.0,0.0,0.14285714285714285,-0.9972489683631514,-1.5600347580219553,0.8070700203942895,1.9959463196440819,oi_volume_spark_after_compression,16.200000000000003,6.618267693111818,7.5,0.7000000000000028,2.3999999999999915,6.454388984509467,5,False,,2.065404475043022,1.9654044750430217,1.0654044750430218,fold_3,research_oof
NSE_FO|41905|09-12-2025,2025-12-09,CE,26050.0,2025-12-04 05:28:00+00:00,2025-12-04,658,5,3,151.45,155.65,151.15,154.05,634650,4097250,153.95,2.9058116232465014,6.751054852320679,2.579878048780488,True,False,True,2025-12-04,2025-12-09,-0.19815059445179584,151.1,0.6554878048780488,4097250.0,3.1039622176982973,1.9243902439024392,0.0,True,1.0,1.0,1.0,38.82405662265689,1011366.675020212,5,1.0,1.0,1.0,2.5923883066740094,2.946322420477443,0.43118592914585635,1.0,0.0,,0.8,0.0,1.0,-3.6407766990291246,-2.4815332579064875,1.8373401534526854,6.5465883222756265,oi_volume_spark_after_compression,53.94999999999999,12.110971807272039,0.45000000000001705,10.149999999999977,-5.0,0.2923026956804268,5,False,,-3.2478077297823966,-3.3478077297823967,-4.247807729782396,fold_3,research_oof
NSE_FO|41906|09-12-2025,2025-12-09,PE,26050.0,2025-12-04 05:48:00+00:00,2025-12-04,678,5,2,84.7,89.35,84.4,87.65,558525,6199275,87.75,0.8630609896432606,6.503137478608087,1.5817757009345794,False,False,True,2025-12-04,2025-12-09,-2.645198389879233,84.65,0.6038657604078165,6199275.0,3.5082593795224937,0.9779099405267629,0.0,False,1.0,1.0,1.0,11.420934795462072,297515.351421787,8,0.625,0.625,0.75,0.48146897080999507,3.30389425507886,2.1880587849801545,0.5,0.5,-2262.536758427679,0.0,0.0,0.625,-1.0167029774872716,-2.889227284293183,1.8194398682042834,1.8797639671305322,oi_volume_spark_after_compression,12.25,-15.898945024622133,2.8499999999999943,2.4000000000000057,2.450000000000003,3.247863247863241,5,False,,2.792022792022795,2.692022792022795,1.7920227920227951,fold_3,research_oof
NSE_FO|41905|09-12-2025,2025-12-09,CE,26050.0,2025-12-05 06:11:00+00:00,2025-12-05,701,4,3,158.05,161.1,157.4,158.85,246750,3856200,158.85,0.6016466117795938,4.784387787220645,1.3581011351909185,False,False,False,2025-12-05,2025-12-09,-0.40931989924433143,158.15,0.7116615067079464,3856200.0,1.0109665110239252,0.6464396284829721,0.0,False,1.0,1.0,1.0,7.470125560147899,194596.77084185276,5,1.0,1.0,0.6,0.5615109749872449,1.125354687046931,0.05991719758982905,1.0,0.39999998,,0.0,0.0,0.0,-1.9122609673790758,-1.571351876469984,0.9100854044717398,2.5139075791586696,oi_volume_spark_after_compression,58.849999999999994,8.128787969244055,5.050000000000011,6.75,0.8000000000000114,3.179099779666359,5,False,,0.5036197670758649,0.4036197670758649,-0.49638023292413513,fold_3,research_oof
NSE_FO|41905|09-12-2025,2025-12-09,CE,26050.0,2025-12-05 06:39:00+00:00,2025-12-05,729,4,3,158.6,164.85,158.6,162.5,260325,3807150,162.5,2.491327656890574,7.446153846153843,1.5798816568047338,True,False,True,2025-12-05,2025-12-09,1.3457225248317828,158.15,0.5188893946290396,3807150.0,1.1456051320587912,1.0609922621756942,0.0,True,1.0,1.0,1.0,31.066083496962737,809271.4750958793,5,1.0,0.8,1.0,1.9781891960436226,0.606841524176005,0.5973079524224881,0.0,0.8,4.336078645756061,0.2,0.0,0.8,-2.2592152199762072,0.04228075240584328,2.0668169163462813,4.750542876866781,oi_volume_spark_after_compression,62.5,1.35613281661334,0.8000000000000114,9.349999999999994,-8.5,0.4923076923076993,5,False,,-5.230769230769231,-5.3307692307692305,-6.230769230769231,fold_3,research_oof
NSE_FO|41881|09-12-2025,2025-12-09,CE,25950.0,2025-12-08 05:39:00+00:00,2025-12-08,669,1,3,163.05,166.5,158.05,166.5,122400,1345350,166.2,3.480422622747037,7.117117117117114,1.7398720682302773,True,False,True,2025-12-08,2025-12-09,-0.36596523330283404,163.35,0.6381109280615047,1345350.0,3.846387856049871,1.1017611401687726,0.0,False,1.0,1.0,1.0,40.77335225990362,1058068.4911444988,6,0.8333333,0.8333333,0.8333333,3.680389161009734,4.081021164285604,1.6168967893980504,0.8333333,0.8333333,,0.5,0.0,0.5,-7.223476297968389,-8.383569105392985,1.6922923720374428,10.703898920715426,oi_volume_spark_after_compression,66.19999999999999,11.56096149992135,8.800000000000011,1.049999999999983,5.400000000000006,5.294825511432017,5,False,,3.2490974729241917,3.1490974729241916,2.2490974729241917,fold_3,research_oof
NSE_FO|41881|09-12-2025,2025-12-09,CE,25950.0,2025-12-08 06:56:00+00:00,2025-12-08,746,1,3,150.2,152.9,146.55,152.55,116250,1673550,152.05,1.1269472986410456,5.604719764011787,1.5776081424936388,False,False,True,2025-12-08,2025-12-09,0.03326679973385538,150.35,1.2484407484407485,1673550.0,1.0936804989071902,0.3291673940528903,0.0,False,1.0,1.0,1.0,13.14415762244451,341090.89030243503,6,0.8333333,0.6666667,0.8333333,0.8193686671862821,0.16465417516845493,0.4301029619763173,0.0,0.6666667,-60.14967145194896,0.0,0.0,0.8333333333333334,-2.0270270270270285,-1.8023079259034347,1.0891834018172348,3.153974325668074,oi_volume_spark_after_compression,52.05000000000001,0.3547050651870809,0.0,21.05000000000001,-14.450000000000017,0.0,5,False,,-9.50345281157515,-9.60345281157515,-10.50345281157515,fold_3,research_oof
NSE_FO|48212|16-12-2025,2025-12-16,CE,25800.0,2025-12-10 06:25:00+00:00,2025-12-10,715,6,3,160.2,166.6,159.55,165.65,411525,4898025,165.3,2.9521441889372335,7.1838213099909485,1.8910908150956403,True,False,True,2025-12-10,2025-12-16,-2.6994237185319903,160.4,1.419610546269171,4886625.0,5.651567907469223,0.4714802688264692,0.0023328984728723814,False,1.0,1.0,1.0,38.164220343534694,984636.8848631951,8,0.625,0.625,0.625,2.848621114076455,5.4869270024314964,1.632571033713404,0.625,0.0,,0.375,0.0,0.375,-4.2574257425742505,-7.93464739732398,1.4738589999051144,7.209569931511484,oi_volume_spark_after_compression,65.30000000000001,10.61459505548344,3.0,4.300000000000011,-2.5,1.8148820326678763,5,False,,-1.5124016938898972,-1.6124016938898973,-2.512401693889897,fold_3,research_oof
NSE_FO|48210|16-12-2025,2025-12-16,CE,25750.0,2025-12-10 07:16:00+00:00,2025-12-10,766,6,3,159.1,165.0,158.55,164.7,332700,1724550,164.6,4.405705229793977,6.6788099574984825,2.0503813265541946,True,False,True,2025-12-10,2025-12-16,0.09433962264151496,159.15,1.3904716303567153,1603125.0,4.311365607152462,0.6599096961974793,0.07574269005847953,False,1.0,1.0,1.0,56.018539651730364,1442477.3960320568,8,0.625,0.625,0.625,4.408203301809499,4.260044767229909,2.3434381612816155,0.375,0.25,60.133323772060976,0.625,0.0,0.125,-6.888580674988443,-6.1405675847593715,1.110169890347781,11.29428590478242,oi_volume_spark_after_compression,64.6,9.570319712889884,3.4000000000000057,3.0999999999999943,2.950000000000017,2.065613608748485,5,False,,1.7922235722964868,1.6922235722964867,0.7922235722964868,fold_3,research_oof
NSE_FO|48210|16-12-2025,2025-12-16,CE,25750.0,2025-12-16 06:24:00+00:00,2025-12-16,714,0,3,138.5,141.0,137.35,140.1,176100,1283250,140.05,4.31868950111689,7.137758743754461,1.4556726596404215,True,False,False,2025-12-16,2025-12-16,3.707865168539315,138.45,0.759454432734036,1283250.0,0.6108243325775753,0.6962182269063855,0.0,False,1.0,1.0,1.0,52.16464277270821,1343239.5513972365,7,0.71428573,0.71428573,0.5714286,4.31868950111689,0.51544715447156,2.414287486821764,0.0,0.0,5.9012508701234765,0.14285714285714285,0.2857142857142857,0.14285714285714285,-22.72727272727273,-10.419580419580422,0.9136105810701309,27.04596222838962,oi_volume_spark_after_compression,40.05000000000001,6.183111838062153,0.19999999999998863,7.350000000000023,-4.300000000000011,0.14280614066404043,5,False,,-3.070332024277052,-3.170332024277052,-4.070332024277052,fold_3,research_oof
NSE_FO|56990|23-12-2025,2025-12-23,CE,25800.0,2025-12-17 04:48:00+00:00,2025-12-17,618,6,3,159.65,166.15,158.85,166.0,420750,4422000,166.0,2.2167487684729092,5.331325301204816,1.3647974698941734,True,False,False,2025-12-17,2025-12-23,-2.476306939773776,159.5,0.9011105235325225,4422000.0,4.6930557082466855,0.46368694636165086,0.0,False,1.0,1.0,1.0,28.70644541843018,740626.2917954987,6,0.8333333,0.8333333,0.8333333,2.3301355645038546,5.250590247922988,1.0519921905904555,0.8333333,0.8333333,,0.8333333333333334,0.0,0.0,-3.459286854709953,-6.801604914009141,1.0998533317477306,5.676035623182862,oi_volume_spark_after_compression,66.0,11.109597718780934,3.9499999999999886,9.699999999999989,-9.400000000000006,2.37951807228915,5,False,,-5.662650602409642,-5.762650602409642,-6.662650602409642,fold_3,research_oof
NSE_FO|56990|23-12-2025,2025-12-23,CE,25800.0,2025-12-17 05:17:00+00:00,2025-12-17,647,6,3,156.55,160.2,156.35,158.7,466800,5800725,158.5,1.9595245743655454,5.860113421550084,1.7470877192982457,False,False,True,2025-12-17,2025-12-23,1.5940143135979357,156.15,0.9501754385964912,5800725.0,0.36551026076760973,0.7969122807017545,0.0,True,1.0,1.0,1.0,25.57896426661962,659937.2780787862,6,1.0,0.6666667,0.8333333,2.0788486627527747,0.10560503646985797,0.6839950849411863,0.0,0.6666667,-2.9538047454479965,0.6666666666666666,0.0,0.8333333333333334,-2.939659618359991,-0.9619719915851532,1.210263245584805,4.899184192725537,oi_volume_spark_after_compression,58.5,0.9809566341274233,1.8000000000000114,6.25,-5.25,1.135646687697168,5,False,,-3.3123028391167195,-3.4123028391167196,-4.31230283911672,fold_3,research_oof
NSE_FO|57008|23-12-2025,2025-12-23,PE,26000.0,2025-12-18 06:48:00+00:00,2025-12-18,738,5,3,147.1,152.9,144.1,152.45,253575,4030275,152.25,2.24681421864521,7.510659232535269,2.2047603521356374,True,False,True,2025-12-18,2025-12-23,-2.351772109970174,147.4,1.206064782908339,3975825.0,4.598586328615384,0.9986955692272983,0.013695270792854312,False,1.0,1.0,1.0,27.95805042285288,726909.3109941749,8,0.625,0.625,0.875,1.7403147699757815,4.561072127160854,1.0286875823441688,0.5,0.625,-1903.3798591941595,0.25,0.0,0.625,-3.1297709923664097,-5.51990206407037,1.9666359635656534,5.376585211011619,oi_volume_spark_after_compression,52.25,-10.36360149419486,2.6999999999999886,3.6999999999999886,-2.5,1.7733990147783176,5,False,,-1.6420361247947455,-1.7420361247947456,-2.6420361247947453,fold_3,research_oof
NSE_FO|57004|23-12-2025,2025-12-23,PE,25950.0,2025-12-18 07:18:00+00:00,2025-12-18,768,5,3,113.3,116.35,113.3,115.65,221625,2505075,115.55,1.4028934677772886,6.658019887591875,1.8325581395348838,False,False,True,2025-12-18,2025-12-23,0.8900756564307999,113.35,0.985432178698608,2505075.0,0.5128178113464887,0.8471259608362758,0.0,False,1.0,1.0,1.0,17.267860139226865,448100.9706129372,8,0.625,0.625,1.0,0.9055335833706768,0.44724245040203003,1.444186659557669,-0.125,-0.125,-714.756739509161,0.0,0.0,0.625,-0.7808142777467997,-0.945468503871949,1.2376773438642679,2.1837077455240883,oi_volume_spark_after_compression,15.549999999999997,-7.742506067626607,7.450000000000003,0.3499999999999943,6.3500000000000085,6.447425356988319,5,False,,5.495456512332331,5.3954565123323315,4.495456512332331,fold_3,research_oof
NSE_FO|56994|23-12-2025,2025-12-23,CE,25850.0,2025-12-19 05:10:00+00:00,2025-12-19,640,4,3,168.65,171.6,166.25,170.95,244875,3308625,170.45,3.7317961165048485,6.171395144779165,1.5119240564945589,True,False,True,2025-12-19,2025-12-23,1.6862390846130504,168.85,0.9715211854595971,3292200.0,2.045557031891798,0.5404028710349618,0.0049890650628758885,False,1.0,1.0,1.0,46.3060191259534,1197010.5944058953,6,0.8333333,0.8333333,0.8333333,3.930118241738656,2.04137132300628,1.853547627244873,0.0,0.0,2.95902306928474,0.6666666666666666,0.16666666666666666,0.8333333333333334,-6.387921022067367,-3.1168929846841946,1.622649437966173,10.119717138572216,oi_volume_spark_after_compression,70.44999999999999,3.6080986008504996,6.350000000000023,6.949999999999989,3.6000000000000227,3.725432678204766,5,False,,2.11205632150192,2.01205632150192,1.1120563215019201,fold_3,research_oof
NSE_FO|57004|23-12-2025,2025-12-23,PE,25950.0,2025-12-19 07:20:00+00:00,2025-12-19,770,4,2,76.0,77.7,75.75,77.35,1064250,13132650,77.4,4.456448345712349,7.36910148674855,1.5759662372278986,True,False,True,2025-12-19,2025-12-23,1.8791946308724938,75.9,1.0050561797752808,13132650.0,2.5772537148398555,0.5709100574526178,0.0,False,1.0,1.0,1.0,61.845617848686,1604893.7831734016,8,0.75,0.75,0.75,4.139501838849879,2.098177016517233,2.9458698283739557,0.125,0.75,242.66223853858537,0.75,0.0,0.375,-5.8790276992651265,-3.598525988888845,1.5242850658193372,10.335476044977476,oi_volume_spark_after_compression,22.599999999999994,7.099725252811499,1.3999999999999915,2.3000000000000114,0.29999999999999716,1.8087855297157511,5,False,,0.3875968992248025,0.28759689922480247,-0.6124031007751976,fold_3,research_oof
NSE_FO|57005|23-12-2025,2025-12-23,CE,26000.0,2025-12-22 05:05:00+00:00,2025-12-22,635,1,3,154.55,157.3,153.4,155.45,543225,9263925,155.1,3.7716955941254904,6.497266001929897,1.8847254748894093,True,False,True,2025-12-22,2025-12-23,1.4440433212996595,154.55,0.6190476190476191,9263925.0,2.327652272825831,1.2656778558417903,0.0,False,1.0,1.0,1.0,49.806299105487824,1294963.7767426835,6,0.8333333,0.8333333,0.8333333,2.716790258704982,1.6281127978256316,1.3064433180770352,0.0,0.8333333,1.0509208780167683,0.8333333333333334,0.0,0.8333333333333334,-6.263982102908283,-3.492619516303208,2.023253936213161,10.035677697033773,oi_volume_spark_after_compression,55.099999999999994,4.464658934515025,1.5999999999999943,10.0,-5.799999999999983,1.0315925209542194,5,False,,-3.739522888459048,-3.839522888459048,-4.739522888459048,fold_3,research_oof
NSE_FO|57005|23-12-2025,2025-12-23,CE,26000.0,2025-12-22 05:29:00+00:00,2025-12-22,659,1,3,158.05,162.0,157.9,160.4,509925,9096600,160.75,0.5327483547477252,3.3665835411471354,2.0295522388059704,False,False,True,2025-12-22,2025-12-23,-1.372854914196564,158.05,0.8549939831528279,9096600.0,1.9056032689442892,1.1745582556531424,0.0,False,1.0,1.0,1.0,7.001390010475376,182036.14027235977,6,0.8333333,0.8333333,0.8333333,0.4689631028874319,1.2094904295855247,0.24490699437504515,0.8333333,0.8333333,,0.0,0.0,0.5,-1.5037593984962405,-2.763205242324951,1.011813560535548,2.0365077532439657,oi_volume_spark_after_compression,60.75,8.96545379443852,2.25,7.75,-6.400000000000006,1.3996889580093312,5,False,,-3.9813374805598793,-4.081337480559879,-4.98133748055988,fold_3,research_oof
NSE_FO|65628|30-12-2025,2025-12-30,PE,26100.0,2025-12-24 05:01:00+00:00,2025-12-24,631,6,1,40.35,41.0,40.0,41.0,270150,9624825,40.9,0.7371007371007376,4.999999999999993,1.7643889297085475,False,False,True,2025-12-24,2025-12-30,-2.533172496984326,40.4,0.8351702179769777,9572100.0,3.2702732340850638,0.9292187117315699,0.005508195693734917,False,1.0,1.0,1.0,9.218724575611256,240608.7114234538,8,0.625,0.625,0.375,0.22967565996825368,2.4929012340809575,7.48843326352803,0.5,0.625,,0.0,0.125,0.125,-0.7090402633577964,-2.4602635443261245,0.8907984246330111,1.446141000458534,oi_volume_spark_after_compression,59.1,6.962844851345458,1.0500000000000043,0.9499999999999957,0.7000000000000028,2.5672371638141915,5,False,,1.711491442542794,1.611491442542794,0.7114914425427941,fold_4,research_oof
NSE_FO|65629|30-12-2025,2025-12-30,CE,26150.0,2025-12-24 05:53:00+00:00,2025-12-24,683,6,3,152.8,156.1,152.69,153.65,421575,3264975,154.0,4.988042364195433,7.4520013016596085,2.675392670157068,True,False,True,2025-12-24,2025-12-30,4.376068376068387,152.65,1.2413136601618278,3264975.0,0.6119739881270458,1.4340790099952403,0.0,True,1.0,1.0,1.0,64.60390436947537,1689392.099261781,5,1.0,1.0,1.0,5.287799504268786,1.0570302734995707,0.884093914329378,0.0,0.0,3.4367939405747165,0.6,0.6,1.0,-7.204861111111105,-0.6831219806763276,2.1755926251097453,12.192903475306538,oi_volume_spark_after_compression,54.0,3.4996229333535287,0.0,11.560000000000002,-6.060000000000002,0.0,5,False,,-3.9350649350649367,-4.035064935064937,-4.935064935064936,fold_4,research_oof
NSE_FO|65647|30-12-2025,2025-12-30,PE,26250.0,2025-12-26 05:08:00+00:00,2025-12-26,638,4,3,169.7,172.2,169.4,170.95,82275,1682925,171.0,2.67267267267266,4.767475870137454,1.654600301659125,True,False,True,2025-12-26,2025-12-30,0.8888888888888946,170.25,0.6843702579666161,1682925.0,1.7837837837837656,0.970230043692509,0.0,False,1.0,1.0,1.0,30.248867591613276,794032.7742798486,8,0.625,0.625,0.625,2.74942189576336,1.372152942863547,1.7484067544415507,0.0,0.375,-5.0413993508518615,0.625,0.0,0.125,-4.904364884747425,-2.9143151335036306,0.9852272727272727,7.577037557420085,oi_volume_spark_after_compression,71.0,3.5139853086811037,0.30000000000001137,9.5,-2.0500000000000114,0.17543859649123472,5,False,,-1.198830409356732,-1.298830409356732,-2.1988304093567317,fold_4,research_oof
NSE_FO|65647|30-12-2025,2025-12-30,PE,26250.0,2025-12-26 05:36:00+00:00,2025-12-26,666,4,3,168.5,170.1,166.9,170.1,82575,1752525,169.8,5.488372093023242,6.143445032333915,1.6847742922723794,True,True,True,2025-12-26,2025-12-30,1.017964071856281,168.7,1.2901716068642746,1752525.0,4.470408021166961,0.39460268540810484,0.0,False,1.0,1.0,1.0,62.13646393143444,1631082.178200154,8,0.625,0.625,0.625,5.515706561394973,4.521852531673199,3.5646969716411827,0.0,0.0,5.200193565371592,0.375,0.625,0.25,-9.046454767726154,-6.669193785814009,1.7654141581897447,14.534826860749394,oi_volume_spark_after_compression,69.80000000000001,7.144250070883423,13.25,0.0,13.25,7.803297997644288,5,False,,7.803297997644288,7.703297997644288,6.803297997644288,fold_4,research_oof
NSE_FO|65639|30-12-2025,2025-12-30,PE,26200.0,2025-12-29 05:00:00+00:00,2025-12-29,630,1,3,171.05,174.0,170.9,173.45,236175,5352450,174.3,2.937685459940642,4.958201210723549,1.38053485313459,True,False,False,2025-12-29,2025-12-30,2.735196874060719,170.9,0.553266111354669,5352450.0,0.20248858587992302,0.827268741779921,0.0,True,1.0,1.0,1.0,36.346021492845594,952265.7631125546,8,0.625,0.625,0.625,2.6200055206679895,0.18156688594405113,2.1292909992904763,0.0,0.0,0.2139509817607177,0.5,0.125,0.125,-6.3981042654028375,-0.6177574445935914,1.2708003796267004,9.33578972534348,oi_volume_spark_after_compression,74.30000000000001,2.113924086182394,5.349999999999994,3.8000000000000114,1.6499999999999773,3.069420539300054,5,False,,0.9466437177280419,0.8466437177280419,-0.0533562822719581,fold_4,research_oof
NSE_FO|65634|30-12-2025,2025-12-30,PE,26150.0,2025-12-29 05:32:00+00:00,2025-12-29,662,1,3,145.69,151.85,145.69,151.85,348000,2315475,152.1,5.414786532453997,6.361540994402369,1.8672032193158954,True,True,True,2025-12-29,2025-12-30,1.706722396377569,146.0,0.9428571428571428,2315475.0,3.7080641360764277,0.9243460764587526,0.0,False,1.0,1.0,1.0,69.09246298650625,1806767.9070971385,8,0.625,0.625,0.625,3.706490529358897,2.2258950640990482,3.4870902761553664,0.0,0.0,-2.348227243157453,0.375,0.375,0.625,-7.14285714285714,-4.238292827504431,1.8185626812761844,12.557643675311137,oi_volume_spark_after_compression,52.099999999999994,6.224314601433821,17.900000000000006,1.1599999999999966,14.5,11.768573307034849,5,False,,9.533201840894149,9.43320184089415,8.533201840894149,fold_4,research_oof
NSE_FO|40461|06-01-2026,2026-01-06,CE,25950.0,2025-12-31 04:28:00+00:00,2025-12-31,598,6,3,152.55,159.69,151.9,159.69,522730,3448900,160.0,4.440810987573562,7.226501346358565,2.0766946417043255,True,False,True,2025-12-31,2026-01-06,0.9263578807064299,151.44,0.8689477081988379,3448900.0,3.5144531068671325,1.2077469335054876,0.0,True,1.0,1.0,1.0,58.47136900975187,1517332.025803061,6,0.8333333,0.8333333,0.8333333,4.429240835152248,3.837142391686754,1.98510657896198,0.0,0.16666663,-22.980297336118383,0.6666666666666666,0.16666666666666666,0.8333333333333334,-8.0680977054034,-6.479650051973808,1.686291000841043,12.508908692976963,oi_volume_spark_after_compression,60.0,5.8267593565059705,1.6500000000000057,15.810000000000002,-5.0,1.0312500000000036,5,False,,-3.125,-3.225,-4.125,fold_4,research_oof
NSE_FO|40461|06-01-2026,2026-01-06,CE,25950.0,2025-12-31 04:59:00+00:00,2025-12-31,629,6,3,168.2,170.9,167.65,170.45,262210,3099590,170.65,1.8828451882844988,4.576122029920804,1.3763220743773457,False,False,False,2025-12-31,2026-01-06,1.3570566948130303,168.05,0.9532582736267485,3099590.0,0.5257884934714685,0.42306380075059713,0.0,False,1.0,1.0,1.0,23.492080171392306,609619.4804476304,6,0.8333333,0.8333333,0.6666667,1.7876330430017129,0.5900735537266888,0.7567246991899533,0.0,0.0,-5.774136346906744,0.0,0.0,0.0,-2.212389380530977,-0.6458097460662171,0.7717554605339189,4.095234568815476,oi_volume_spark_after_compression,70.65,0.8956719494856092,13.549999999999983,1.700000000000017,10.650000000000006,7.940228537943149,5,False,,6.2408438324055115,6.140843832405512,5.2408438324055115,fold_4,research_oof
NSE_FO|40469|06-01-2026,2026-01-06,CE,26050.0,2026-01-01 06:24:00+00:00,2026-01-01,714,5,3,155.15,160.75,155.15,160.15,90090,1705925,160.0,2.7590632017965966,6.181704651888857,1.7142857142857142,True,False,True,2026-01-01,2026-01-06,-0.8922880815806278,155.5,0.9492614001284522,1705925.0,3.6513512833772244,0.765024314157262,0.0,False,1.0,1.0,1.0,31.476980983803898,819975.3546280916,6,0.8333333,0.8333333,0.8333333,2.443597588562041,3.566086608808522,1.0454114945461956,0.8333333,0.8333333,,0.8333333333333334,0.0,0.8333333333333334,-4.866180048661805,-8.348767113338418,1.2333796082060775,7.625243250458402,oi_volume_spark_after_compression,60.0,10.658309576033423,4.349999999999994,3.0600000000000023,3.3499999999999943,2.7187499999999964,5,False,,2.0937499999999964,1.9937499999999964,1.0937499999999964,fold_4,research_oof
NSE_FO|40469|06-01-2026,2026-01-06,CE,26050.0,2026-01-01 07:36:00+00:00,2026-01-01,786,5,3,158.8,162.75,158.8,161.19,72150,1662180,160.9,2.180665610142629,4.37992431292264,1.781701444622793,True,False,True,2026-01-01,2026-01-06,-0.46860356138707093,159.3,0.5457463884430177,1662180.0,2.6492691715297,1.2359550561797752,0.0,False,1.0,1.0,1.0,24.39405166337381,635465.0458308877,6,0.8333333,0.8333333,0.33333334,1.8452837414074774,2.310652975771188,0.7843641271701667,0.8333333,0.8333333,,0.16666666666666666,0.0,0.3333333333333333,-3.5226077812828493,-3.3889179417106674,1.0258152173913044,5.703273391425478,oi_volume_spark_after_compression,60.900000000000006,10.193264039751268,3.0,4.099999999999994,-3.25,1.8645121193287755,5,False,,-2.0198881292728403,-2.1198881292728404,-3.0198881292728403,fold_4,research_oof
NSE_FO|40465|06-01-2026,2026-01-06,CE,26000.0,2026-01-06 07:10:00+00:00,2026-01-06,760,0,3,166.0,175.55,166.0,173.75,203190,2983695,174.0,2.507374631268444,7.22302158273382,1.6205287713841368,True,False,True,2026-01-06,2026-01-06,-2.1030805687203835,165.25,0.5743862762496302,2983695.0,4.610455199988827,1.0461424951345064,0.0,True,1.0,1.0,1.0,30.6448862743716,796767.0431336616,6,0.8333333,0.8333333,0.8333333,1.5940234902080852,2.7718201350373786,1.163430974684021,0.8333333,0.0,,0.16666666666666666,0.0,0.6666666666666666,-5.88235294117646,5.228758169934645,0.3261071097482707,8.389727572444905,oi_volume_spark_after_compression,74.0,11.60803381162806,1.0,8.050000000000011,-1.9000000000000057,0.5747126436781609,5,False,,-1.091954022988509,-1.191954022988509,-2.091954022988509,fold_4,research_oof
NSE_FO|46179|13-01-2026,2026-01-13,CE,26050.0,2026-01-07 05:10:00+00:00,2026-01-07,640,6,3,176.35,179.35,175.8,178.85,188890,1084330,177.35,3.8015089959373194,7.240704500978468,2.185784129371944,True,False,True,2026-01-07,2026-01-13,3.1736702909197723,175.55,1.2989845806694247,1070940.0,0.6278387050175471,0.8867995487025195,0.01250303471716436,True,1.0,1.0,1.0,46.18424922985737,1203099.6924377845,6,0.8333333,0.8333333,0.8333333,4.201103604565604,0.5790294688771014,1.8367333135189279,0.0,0.0,-1.9657167732038943,0.16666666666666666,0.0,0.6666666666666666,-6.477373558118893,-1.7488271483115385,1.0642306594347701,10.278882554056214,oi_volume_spark_after_compression,77.35,2.4060233888209672,3.950000000000017,9.049999999999983,-3.549999999999983,2.227234282492257,5,False,,-2.0016915703411238,-2.101691570341124,-3.0016915703411238,fold_4,research_oof
NSE_FO|46197|13-01-2026,2026-01-13,PE,26250.0,2026-01-07 06:32:00+00:00,2026-01-07,722,6,3,155.15,157.35,151.85,157.35,204100,2102750,156.5,4.419669520207048,7.626310772163966,1.385395984998897,True,False,False,2026-01-07,2026-01-13,0.7175641605792427,155.8,1.0319047619047619,2102750.0,3.7021053596278053,0.35349122309413517,0.0,False,1.0,1.0,1.0,54.03651592937655,1418458.5431461344,7,0.85714287,0.71428573,0.85714287,4.268545379196009,3.610122702445251,3.5789051685511564,0.0,0.5714286,-11.999640194699168,0.2857142857142857,0.0,0.2857142857142857,-6.763285024154597,-5.260780850531899,1.4451166810717373,11.182954544361646,oi_volume_spark_after_compression,56.5,4.666455233333887,3.1500000000000057,2.6500000000000057,-0.9000000000000057,2.0127795527156587,5,False,,-0.5750798722044764,-0.6750798722044764,-1.5750798722044763,fold_4,research_oof
NSE_FO|46179|13-01-2026,2026-01-13,CE,26050.0,2026-01-08 05:04:00+00:00,2026-01-08,634,5,3,94.6,100.05,94.6,100.05,625690,5952180,99.95,0.10005002501249916,7.296351824087953,1.3820531227566404,False,False,False,2026-01-08,2026-01-13,-3.5934291581108835,93.9,1.0290021536252691,5856240.0,3.6934791831233826,0.35305096913137124,0.016382525306339903,True,1.0,1.0,1.0,1.3353288562273153,34785.31670472156,6,1.0,1.0,0.8333333,0.5222323049001831,4.206431077432388,0.34204208925855345,0.8333333,1.0,,0.0,0.0,0.16666666666666666,0.19550342130987275,-4.846014965404244,1.165322381117324,-0.0954533962973736,oi_volume_spark_after_compression,0.04999999999999716,7.910774383144218,1.4500000000000028,6.650000000000006,-3.950000000000003,1.4507253626813434,5,False,,-3.9519759879939995,-4.051975987993999,-4.9519759879939995,fold_4,research_oof
NSE_FO|46192|13-01-2026,2026-01-13,PE,26150.0,2026-01-08 05:44:00+00:00,2026-01-08,674,5,3,161.5,167.0,161.05,164.7,375700,2784730,164.7,5.475504322766556,7.5591985428050945,2.6106594399277325,True,True,True,2026-01-08,2026-01-13,2.973145780051145,161.05,0.6847335140018067,2784730.0,2.5023585427154105,1.9259259259259258,0.0,True,1.0,1.0,1.0,70.2865789544312,1837994.039658376,7,1.0,1.0,1.0,6.3369397217929,2.9401306636354096,6.2583562086307944,0.0,0.14285713,179.51118953543119,0.5714285714285714,0.7142857142857143,1.0,-4.837117472852903,-1.5005129586232564,1.6064266180492253,10.312621795619458,oi_volume_spark_after_compression,64.69999999999999,6.979680561401114,13.050000000000011,4.599999999999994,5.350000000000023,7.92349726775957,5,False,,3.24833029751064,3.1483302975106398,2.24833029751064,fold_4,research_oof
NSE_FO|47612|20-01-2026,2026-01-20,PE,25650.0,2026-01-14 07:31:00+00:00,2026-01-14,781,6,2,75.75,78.59,75.75,77.65,358865,5373875,77.15,0.8441558441558472,7.520927237604639,1.945726872246696,False,False,True,2026-01-14,2026-01-20,-0.39344262295081256,75.95,0.8032040779173494,5373875.0,1.2375984671066598,1.1425227943293468,0.0,False,1.0,1.0,1.0,10.797347818416071,276951.97154237225,6,0.6666667,0.8333333,1.0,0.28651831390901217,0.7749883686712922,1.0107707538540014,0.5,-0.16666669,-1736.779932664922,0.0,0.0,0.8333333333333334,-0.7263922518159771,-0.4617719819033028,1.9581545064377683,1.5705480959718243,oi_volume_spark_after_compression,22.849999999999994,-13.04013283684087,1.6499999999999915,5.060000000000002,-3.8500000000000085,2.138690861957215,5,False,,-4.990278677900204,-5.090278677900204,-5.990278677900204,fold_4,research_oof
NSE_FO|47610|20-01-2026,2026-01-20,PE,25600.0,2026-01-20 07:44:00+00:00,2026-01-20,794,0,3,172.8,179.25,172.4,178.15,368420,4115150,178.2,3.2454361054766734,7.437552624193096,1.876199933796756,True,False,True,2026-01-20,2026-01-20,-0.8352534562211966,172.15,0.34612724757952973,3955640.0,4.08068956169787,1.5300726862172263,0.04032470093335086,True,1.0,1.0,1.0,41.59669479917564,1064875.3868588964,8,0.625,0.625,1.0,1.601130420246577,2.358548112468811,4.336176630320203,0.625,-0.125,,0.125,0.0,1.0,-9.842519685039374,-6.299212598425207,1.0018190966443472,13.087955790516048,oi_volume_spark_after_compression,78.19999999999999,11.22430321774727,6.700000000000017,6.099999999999994,-3.6499999999999773,3.759820426487103,5,False,,-2.048260381593702,-2.148260381593702,-3.048260381593702,fold_4,research_oof
NSE_FO|49790|03-02-2026,2026-02-03,PE,25150.0,2026-01-28 04:26:00+00:00,2026-01-28,596,6,3,159.1,166.1,157.15,163.25,233285,1499225,163.4,0.95856524427953,7.687595712097998,1.5162653147444023,False,False,True,2026-01-28,2026-02-03,0.25284450063212116,158.6,0.4906426155580609,1499225.0,0.7057207436474089,1.0256226991863415,0.0,False,1.0,1.0,1.0,11.84788601968846,297974.33339516475,5,1.0,1.0,1.0,1.1749999999999927,0.970918367346929,0.10661524510103865,0.19999999,1.0,-4.5156450400209,0.0,0.0,0.2,-1.3369385609133366,-1.100811052058548,1.7493261455525606,2.2955038051928667,oi_volume_spark_after_compression,63.400000000000006,1.4711312840219273,1.0,16.450000000000017,-9.450000000000017,0.6119951040391677,5,False,,-5.783353733170145,-5.883353733170145,-6.783353733170145,fold_4,research_oof
NSE_FO|49790|03-02-2026,2026-02-03,PE,25150.0,2026-01-28 06:39:00+00:00,2026-01-28,729,6,3,130.8,135.3,130.1,134.65,89440,1632605,134.75,3.1010719754977156,7.055328629780925,2.0880121396054627,True,False,True,2026-01-28,2026-02-03,-0.03819709702063134,130.85,0.7113237639553429,1632605.0,3.139269072518347,1.3766883756501198,0.0,False,1.0,1.0,1.0,35.356358805111284,889212.4239485489,5,1.0,1.0,1.0,2.70598966251141,3.0699569054595366,0.20949389164911628,1.0,0.0,,1.0,0.0,1.0,-2.2601279317697176,-2.5732506189316884,2.462068965517241,5.361199907267434,oi_volume_spark_after_compression,34.75,11.086726380452204,4.050000000000011,1.3499999999999943,0.8499999999999943,3.0055658627087283,5,False,,0.6307977736549123,0.5307977736549123,-0.3692022263450877,fold_4,research_oof
NSE_FO|49799|03-02-2026,2026-02-03,CE,25350.0,2026-01-29 04:34:00+00:00,2026-01-29,604,5,3,143.5,144.0,140.0,143.4,254410,3374280,143.4,2.0640569395017794,6.9386331938633115,1.3498879117089153,True,False,False,2026-01-29,2026-02-03,1.7382050372472646,143.4,1.019085343896291,3288675.0,0.32585190225451477,0.3308025678126243,0.02603024014230655,False,1.0,1.0,1.0,25.690710612576805,651259.514028822,5,1.0,1.0,0.4,1.9508057675996504,0.13999456521256448,0.0907728339217712,0.0,0.0,4.9623162589923595,0.4,0.0,0.0,-1.4385964912280835,0.7809071788173583,0.5282104534440983,3.502653430729863,oi_volume_spark_after_compression,43.400000000000006,-0.24522672956152136,3.3499999999999943,5.599999999999994,-0.15000000000000568,2.336122733612269,5,False,,-0.10460251046025501,-0.20460251046025502,-1.104602510460255,fold_4,research_oof
NSE_FO|49799|03-02-2026,2026-02-03,CE,25350.0,2026-01-29 05:41:00+00:00,2026-01-29,671,5,3,163.3,168.65,162.55,167.4,207285,3469960,166.35,4.952978056426338,7.5567502986857855,1.415132016862658,True,False,False,2026-01-29,2026-02-03,2.290555381236281,163.0,0.4780556866446437,3469960.0,2.662422675190057,0.9370763302180143,0.0,False,1.0,1.0,1.0,60.63363800203238,1537062.7233515207,5,1.0,1.0,1.0,4.239942182606593,1.8913588427432515,0.401597806289987,0.0,1.0,1.6473408492165618,1.0,0.0,0.4,-5.050100200400798,-1.907697654656959,1.3367675466838378,10.003078256827136,oi_volume_spark_after_compression,66.35,3.9451762994438218,3.1500000000000057,6.650000000000006,1.450000000000017,1.8935978358881909,5,False,,0.8716561466786997,0.7716561466786998,-0.12834385332130027,fold_4,research_oof
NSE_FO|49799|03-02-2026,2026-02-03,CE,25350.0,2026-01-30 05:02:00+00:00,2026-01-30,632,4,3,173.8,178.25,173.5,177.75,496535,4100070,178.0,5.898123324396787,7.088607594936705,1.523990024937656,True,True,True,2026-01-30,2026-02-03,1.9083969465648831,173.55,0.876120619396903,4100070.0,3.9897263778319036,0.6478694055407529,0.0,False,1.0,1.0,1.0,77.35631310525935,1960982.5372183244,5,1.0,1.0,1.0,5.2861411169845995,3.6966769934605237,0.5127351575451765,0.0,0.0,-5.353299853260978,1.0,0.8,0.8,-5.740181268882171,-5.2318939760644945,0.8691588785046729,11.638304593278958,oi_volume_spark_after_compression,78.0,5.61265393601558,1.5,7.900000000000006,-3.1500000000000057,0.8426966292134831,5,False,,-1.7696629213483177,-1.8696629213483178,-2.769662921348318,fold_4,research_oof
NSE_FO|49799|03-02-2026,2026-02-03,CE,25350.0,2026-01-30 05:33:00+00:00,2026-01-30,663,4,3,180.9,184.45,179.1,179.2,300560,4103125,179.5,0.6741573033707704,6.501116071428559,1.4923350008068421,False,False,False,2026-01-30,2026-02-03,-0.027631942525552233,180.9,0.9991931579796676,4103125.0,0.7017892458963226,0.49314184282717455,0.0,False,1.0,1.0,1.0,8.503419780245878,215561.691429233,5,1.0,1.0,0.8,0.8399209486166015,0.8532416224134476,0.16032802576593308,0.6,1.0,31.76970087472,0.0,0.0,0.0,-1.180828895577668,-0.5223152549379662,1.035006605019815,1.8549861989484384,oi_volume_spark_after_compression,79.5,4.523866348006734,1.4000000000000057,11.449999999999989,-8.75,0.7799442896935965,5,False,,-4.874651810584958,-4.974651810584958,-5.874651810584958,fold_4,research_oof
NSE_FO|49796|03-02-2026,2026-02-03,PE,25300.0,2026-02-01 05:01:00+00:00,2026-02-01,631,2,3,167.9,171.4,166.55,171.3,707850,9775805,171.0,3.0685920577617543,5.7501459427904225,1.5229704216488358,True,False,True,2026-02-01,2026-02-03,2.0408163265306145,167.5,1.1252976190476192,9752275.0,1.0277757312311397,0.3976728026012166,0.0024127703535841635,False,1.0,1.0,1.0,41.33390095223054,1045747.6940914327,5,1.0,1.0,1.0,3.0685920577617543,0.5835179733391982,0.22833619740918126,0.0,0.0,-5.68911469694649,1.0,0.0,0.6,-2.645833333333336,-1.2446381963046926,0.88640081799591,5.714425391095091,oi_volume_spark_after_compression,71.0,1.4475241344578846,0.9000000000000057,15.75,-8.150000000000006,0.5263157894736875,5,False,,-4.766081871345032,-4.866081871345032,-5.766081871345032,fold_4,research_oof
NSE_FO|42535|10-02-2026,2026-02-10,PE,25750.0,2026-02-04 05:03:00+00:00,2026-02-04,633,6,3,166.7,172.5,166.65,171.2,784680,5293405,170.95,2.0870602265951055,6.454439252336439,1.7960276723945547,True,False,True,2026-02-04,2026-02-10,-3.00554420776189,166.2,0.6911124922311995,5293405.0,5.092604434356995,1.1049151801633552,0.0,True,1.0,1.0,1.0,28.32773637842317,729439.2117443967,8,0.625,0.75,0.875,1.8058872977607,5.079530153828566,1.7182705595200707,0.375,0.625,-2528.6335510076206,0.375,0.0,0.625,-3.9863325740318922,-4.825452944402264,2.1840633245382586,6.073392800626998,oi_volume_spark_after_compression,70.94999999999999,-16.58273639256042,11.950000000000017,0.9499999999999886,5.300000000000011,6.990348054986849,5,False,,3.1003217315004457,3.0003217315004456,2.1003217315004457,fold_4,research_oof
NSE_FO|42536|10-02-2026,2026-02-10,CE,25800.0,2026-02-04 05:33:00+00:00,2026-02-04,663,6,3,146.1,153.0,145.7,152.9,834015,10909860,152.9,7.3359073359073435,7.586657946370172,1.7109140609373958,True,True,True,2026-02-04,2026-02-10,2.346760070052545,146.1,1.076104922745239,10909860.0,4.989147265854799,0.6348091381921568,0.0,False,1.0,1.0,1.0,100.01781832060769,2580459.7126716785,8,0.625,0.625,0.625,6.185221911364125,3.899949507963596,3.4404432046169204,0.0,0.0,2.7493608868535375,0.625,0.625,0.625,-7.994791666666668,-3.941790887243446,1.6219733945832138,15.330699002574011,oi_volume_spark_after_compression,52.900000000000006,7.525549228250092,0.6999999999999886,10.900000000000006,-7.550000000000011,0.4578155657292273,5,False,,-4.937867887508183,-5.037867887508183,-5.937867887508183,fold_4,research_oof
NSE_FO|42530|10-02-2026,2026-02-10,CE,25700.0,2026-02-05 04:50:00+00:00,2026-02-05,620,5,3,139.05,142.45,139.05,142.35,1440400,11419525,142.3,6.112560566530001,7.411310151036167,2.808974521485613,True,True,True,2026-02-05,2026-02-10,2.9183598079054462,139.3,1.5197068089757604,11419525.0,3.1942007586245547,1.2892677125098526,0.0,False,1.0,1.0,1.0,86.67875010142922,2227643.877606731,7,0.71428573,0.71428573,0.71428573,5.889724310776945,2.777368257244417,3.1876663348560985,0.0,0.0,4.569376393967104,0.7142857142857143,0.7142857142857143,0.7142857142857143,-8.306810948440468,-3.8138712822016974,1.5084166228300895,14.419371514970468,oi_volume_spark_after_compression,42.30000000000001,6.62221689356938,8.399999999999977,4.550000000000011,6.449999999999989,5.903021784961333,5,False,,4.532677442023885,4.432677442023885,3.5326774420238847,fold_4,research_oof
NSE_FO|42526|10-02-2026,2026-02-10,CE,25600.0,2026-02-05 05:33:00+00:00,2026-02-05,663,5,3,170.3,174.25,170.05,173.25,601575,4203550,173.45,2.51479289940828,7.6479076479076475,2.9611262198048314,True,False,True,2026-02-05,2026-02-10,1.3992259601071977,170.3,2.160901045856798,4203550.0,1.1155669393010825,0.8002251739480335,0.0,False,1.0,1.0,1.0,33.46512406397696,856707.1760378102,7,0.71428573,0.71428573,0.71428573,2.51479289940828,1.1155669393010825,1.3009277620473947,0.0,0.0,-3.888340497000172,0.42857142857142855,0.0,0.7142857142857143,-3.451143451143457,-2.2042606581260005,1.4292296616270699,5.965936350551737,oi_volume_spark_after_compression,73.44999999999999,1.9721319355647795,7.050000000000011,0.6999999999999886,5.650000000000006,4.064571922744314,5,False,,3.2574228884404763,3.1574228884404762,2.2574228884404763,fold_4,research_oof
NSE_FO|42529|10-02-2026,2026-02-10,PE,25650.0,2026-02-06 07:54:00+00:00,2026-02-06,804,4,3,143.7,147.75,141.3,147.75,424190,3104465,147.7,0.339558573853993,7.580372250423004,1.7782016348773841,False,False,True,2026-02-06,2026-02-10,-3.5234899328859037,143.75,1.162125340599455,3104465.0,3.8630485067398967,0.6160762942779292,0.0,False,1.0,1.0,1.0,4.399979322404215,112859.46961966813,8,0.625,1.0,0.875,0.224104876204112,3.8863526261857406,1.2492735759084481,0.625,0.875,,0.0,0.0,0.375,-1.642857142857146,-5.123640319071776,1.3940436176033768,1.982415716711139,oi_volume_spark_after_compression,47.69999999999999,7.431680186416769,1.9000000000000057,5.449999999999989,-1.8999999999999773,1.2863913337847026,5,False,,-1.2863913337846835,-1.3863913337846836,-2.2863913337846835,fold_4,research_oof
NSE_FO|42530|10-02-2026,2026-02-10,CE,25700.0,2026-02-09 07:20:00+00:00,2026-02-09,770,1,3,169.5,172.8,169.0,171.6,233675,5666635,171.5,0.6451612903225712,5.448717948717945,1.3834904752741966,False,False,False,2026-02-09,2026-02-10,-0.20655060489819244,169.1,0.8816624975947662,5578885.0,0.8517118952207636,0.5018279776794303,0.0157289494226893,False,1.0,1.0,1.0,7.975284399670579,204964.80907153388,7,0.71428573,0.71428573,0.71428573,0.4944845949029997,0.6475067831202774,0.31093967499146985,0.71428573,0.0,,0.0,0.0,0.0,0.5780346820809301,0.3897107649434517,1.1096514047866806,0.06712660824164107,oi_volume_spark_after_compression,71.5,5.035063618424505,3.0999999999999943,14.949999999999989,-10.800000000000011,1.8075801749271103,5,False,,-6.297376093294467,-6.397376093294467,-7.297376093294467,fold_4,research_oof
NSE_FO|42537|10-02-2026,2026-02-10,PE,25800.0,2026-02-09 07:51:00+00:00,2026-02-09,801,1,1,46.7,48.7,46.6,48.3,1629615,26625170,48.2,3.8709677419354716,7.349896480331257,1.540129618822373,True,False,True,2026-02-09,2026-02-10,-0.10695187165774556,46.7,0.685075406210646,26625170.0,3.977919613593217,0.855054212611727,0.0,False,1.0,1.0,1.0,55.369761144026405,1428539.8375158813,8,0.75,0.75,0.625,3.5204982801896323,3.1829912428080975,1.8258735023072357,0.25,0.0,-1174.07795413657,0.75,0.0,0.25,-3.149976492712736,-2.915014086697698,1.3829687290296604,7.020944234648208,oi_volume_spark_after_compression,51.8,-5.41873216835639,3.3999999999999986,0.5,0.7999999999999972,7.05394190871369,5,False,,1.6597510373443924,1.5597510373443924,0.6597510373443924,fold_4,research_oof
NSE_FO|42536|10-02-2026,2026-02-10,CE,25800.0,2026-02-10 05:32:00+00:00,2026-02-10,662,0,3,161.35,164.65,160.35,162.7,358670,4898075,162.5,4.02813299232736,6.207744314689609,1.5021097046413503,True,False,True,2026-02-10,2026-02-10,-0.5552128315854499,161.2,0.9712807948822648,4898075.0,4.5833458239128095,0.5308289097590855,0.0,False,1.0,1.0,1.0,51.52046874699936,1329228.0936725836,6,0.8333333,0.8333333,0.8333333,2.3588361697329363,3.054961606910994,1.4116814173861973,0.8333333,0.8333333,,0.5,0.0,0.3333333333333333,-5.932203389830515,-10.519359353133261,0.8509969619722736,9.960336382157875,oi_volume_spark_after_compression,62.5,11.883228959392799,5.400000000000006,3.1500000000000057,2.4499999999999886,3.3230769230769264,5,False,,1.5076923076923008,1.4076923076923007,0.5076923076923008,fold_4,research_oof
NSE_FO|48239|17-02-2026,2026-02-17,PE,26050.0,2026-02-11 05:05:00+00:00,2026-02-11,635,6,3,150.5,154.5,148.25,150.2,242385,1760720,150.0,0.5354752342703994,7.656458055925433,2.0086183678965797,False,False,True,2026-02-11,2026-02-17,-0.4310344827586299,150.15,0.718556423377323,1760720.0,0.9665097170290293,1.2900619445192567,0.0,False,1.0,1.0,1.0,6.638975515787647,172945.3121862682,8,0.75,0.625,0.75,0.5297287497430192,0.7395476688168201,0.7178615278628591,0.375,-0.25,-1886.617903360835,0.125,0.0,0.375,-0.9316770186335366,0.21118012422359778,1.0708374710360808,1.467152252903936,oi_volume_spark_after_compression,50.0,-15.615785930589507,0.75,9.699999999999989,-7.099999999999994,0.5,5,False,,-4.73333333333333,-4.8333333333333295,-5.73333333333333,fold_4,research_oof
NSE_FO|48236|17-02-2026,2026-02-17,CE,26000.0,2026-02-11 05:34:00+00:00,2026-02-11,664,6,3,116.2,121.75,116.2,121.75,815360,15726100,121.45,3.0906011854360704,6.07802874743327,1.5731126160020066,True,False,True,2026-02-11,2026-02-17,-2.108814846056517,116.05,0.5141710559317783,15519660.0,5.1994160314925875,1.0589415600702283,0.013301837797992997,True,1.0,1.0,1.0,42.06736644548751,1093751.5275826752,7,0.71428573,0.71428573,0.71428573,2.824858757062154,4.412248229653503,1.4390959721459478,0.71428573,0.71428573,,0.7142857142857143,0.0,0.2857142857142857,-3.602882305844679,-5.173562934116916,1.5044956275403374,6.69348349128075,oi_volume_spark_after_compression,21.450000000000003,11.330894963994103,1.0999999999999943,14.299999999999997,-12.450000000000003,0.905722519555368,5,False,,-10.251132153149447,-10.351132153149447,-11.251132153149447,fold_4,research_oof
NSE_FO|48232|17-02-2026,2026-02-17,CE,25900.0,2026-02-12 04:33:00+00:00,2026-02-12,603,5,3,106.35,111.45,106.1,108.3,1433120,11484005,108.3,2.7027027027026973,7.248384118190221,2.259479401516704,True,False,True,2026-02-12,2026-02-17,-1.939058171745145,106.2,0.7384709981553597,11484005.0,4.641760874447842,1.5210084033613445,0.0,False,1.0,1.0,1.0,38.311797679694656,992275.5599040916,5,1.0,1.0,1.0,2.59917920656636,4.702250892350812,0.08650123700892255,1.0,1.0,,1.0,0.0,1.0,-4.2247570764681,-5.829267050449016,1.944105985881443,6.927459779170797,oi_volume_spark_after_compression,8.299999999999997,13.107187381153324,2.200000000000003,7.950000000000003,-7.3999999999999915,2.031394275161591,5,False,,-6.832871652816243,-6.932871652816242,-7.832871652816243,fold_4,research_oof
NSE_FO|48233|17-02-2026,2026-02-17,PE,25900.0,2026-02-12 04:55:00+00:00,2026-02-12,625,5,3,105.85,111.95,105.6,111.0,1186640,9905025,111.0,6.017191977077352,7.567567567567572,1.6514541589397982,True,True,True,2026-02-12,2026-02-17,0.3795066413662118,105.8,0.41946750124733523,9773335.0,5.63768533571114,1.231986657692463,0.013474417893175666,False,1.0,1.0,1.0,84.16028105414505,2179751.2793023568,8,0.625,0.75,0.625,4.836001528166422,4.543998954046991,3.343529571576103,-0.125,-0.125,-1436.5329910667133,0.625,0.5,0.375,-5.609973285841496,-5.790478701003954,1.2071711375061167,11.627165262918847,oi_volume_spark_after_compression,11.0,-7.590068788873073,1.7999999999999972,4.849999999999994,-1.0999999999999943,1.6216216216216188,5,False,,-0.9909909909909859,-1.0909909909909858,-1.9909909909909858,fold_4,research_oof
NSE_FO|48232|17-02-2026,2026-02-17,CE,25900.0,2026-02-13 05:03:00+00:00,2026-02-13,633,4,0,21.2,21.6,21.0,21.5,268970,15300415,21.45,4.1162227602905554,5.116279069767449,1.518253531462117,True,False,True,2026-02-13,2026-02-17,2.163461538461542,21.25,1.1996011964107678,15191345.0,1.9527612218290136,0.31865233505134927,0.007179746098847732,False,1.0,1.0,1.0,51.46249403955844,1332878.5956245637,5,1.0,0.8,0.4,2.3569023569023573,1.0146204777077283,1.0419020437724118,0.0,0.4,-22.75130116084256,0.6,0.0,0.2,-3.4298118668596334,-2.4592236315655103,0.716374269005848,7.546034627150188,oi_volume_spark_after_compression,78.55,2.821688120743695,0.6000000000000014,0.1999999999999993,0.10000000000000142,2.7972027972028037,5,False,,0.4662004662004729,0.36620046620047286,-0.5337995337995272,fold_4,research_oof
NSE_FO|48232|17-02-2026,2026-02-17,CE,25900.0,2026-02-13 06:56:00+00:00,2026-02-13,746,4,0,19.55,20.2,19.45,20.0,321165,14744795,20.0,3.0927835051546504,7.5,2.3279151943462897,True,False,True,2026-02-13,2026-02-17,-2.2556390977443552,19.5,1.0135552913198573,14744795.0,5.348422602899006,1.3143599030264324,0.0,False,1.0,1.0,1.0,39.21560846103372,1015684.2591407733,5,1.0,1.0,0.8,1.2931034482758674,2.8726708074534035,0.9685796839661777,1.0,1.0,,0.2,0.0,0.6,-2.756740381702516,-1.9945452597513014,9.681222707423581,5.849523886857167,oi_volume_spark_after_compression,80.0,13.335531099056269,1.8500000000000014,0.05000000000000071,0.6499999999999986,9.250000000000007,5,False,,3.2499999999999933,3.1499999999999932,2.2499999999999933,fold_4,research_oof
NSE_FO|64858|24-02-2026,2026-02-24,CE,25650.0,2026-02-18 05:17:00+00:00,2026-02-18,647,6,3,160.55,163.15,160.0,162.45,480610,4345250,162.1,4.168002564924667,7.4176669744536845,1.4239768897448242,True,False,False,2026-02-18,2026-02-24,3.949498219488512,160.55,0.9674992162190407,4345250.0,0.2185043454361546,0.4564776735257835,0.0,False,1.0,1.0,1.0,54.529200183081024,1398673.9846960283,7,0.85714287,0.14285715,0.71428573,3.736571695469415,-0.006924809163044721,1.89191391898415,0.0,-0.5714286,-4.798848802340217,0.42857142857142855,0.0,0.14285714285714285,-5.833000399520582,-1.219435730750872,1.0940097602831556,10.001002964445249,oi_volume_spark_after_compression,62.099999999999994,1.1289298574820248,2.4000000000000057,3.799999999999983,1.950000000000017,1.480567550894513,5,False,,1.2029611351017995,1.1029611351017994,0.20296113510179947,fold_4,research_oof
NSE_FO|64863|24-02-2026,2026-02-24,PE,25750.0,2026-02-18 05:42:00+00:00,2026-02-18,672,6,3,150.25,157.8,149.55,157.8,468585,3575065,157.8,4.815675855197599,7.66793409378962,1.906386354621182,True,False,True,2026-02-18,2026-02-24,-0.3972194637537396,150.45,0.8218960729869099,3575065.0,5.212895318951338,1.084490281634272,0.0,False,1.0,1.0,1.0,62.88056674245946,1619174.593618331,8,0.625,0.625,0.625,3.9220602833763607,4.24558546894338,5.845633814231002,0.625,0.0,,0.5,0.125,0.625,-5.085452271779911,-5.127032313359947,1.842267164081419,9.90112812697751,oi_volume_spark_after_compression,57.80000000000001,11.145961306405644,2.1999999999999886,11.600000000000023,-0.10000000000002274,1.3941698352344667,5,False,,-0.06337135614703596,-0.16337135614703596,-1.063371356147036,fold_4,research_oof
NSE_FO|64864|24-02-2026,2026-02-24,CE,25800.0,2026-02-19 04:17:00+00:00,2026-02-19,587,5,3,119.1,121.5,117.15,120.75,1341210,11608350,120.8,3.249251817015808,7.039337474120083,1.7584796318391,True,False,True,2026-02-19,2026-02-24,-0.6672226855713226,119.1,0.9579001193114027,11608350.0,3.9164745025871306,0.8005795125276973,0.0,False,1.0,1.0,1.0,45.84396518304738,1182774.3017226225,5,1.0,1.0,1.0,3.2124352331606154,3.819108640642921,0.2545808906936182,1.0,0.6,,1.0,0.0,0.6,-4.502271788517143,-4.038918797784207,1.0475145581905647,7.751523605532951,oi_volume_spark_after_compression,20.799999999999997,11.870261738343663,6.700000000000003,5.049999999999997,-4.3999999999999915,5.546357615894042,5,False,,-3.6423841059602577,-3.742384105960258,-4.642384105960257,fold_4,research_oof
NSE_FO|64862|24-02-2026,2026-02-24,CE,25750.0,2026-02-19 05:37:00+00:00,2026-02-19,667,5,3,125.65,129.4,125.6,128.25,449670,7476235,128.5,4.225924420967098,5.380116959064332,1.5495576212341808,True,False,True,2026-02-19,2026-02-24,0.8430349257326331,125.6,0.8534606205250597,7390630.0,3.3828894952344646,0.6960970007091212,0.011582909711350724,True,1.0,1.0,1.0,55.005779530975595,1416398.8229226216,5,1.0,1.0,1.0,4.2864346949067045,3.3828894952344646,0.16553568680399974,0.0,0.0,3.5117471675948764,1.0,0.0,0.4,-8.78103001111522,-6.495315725400929,1.2940538194444444,13.006954432082317,oi_volume_spark_after_compression,28.5,6.08761021880638,1.0,6.0,-4.450000000000003,0.7782101167315175,5,False,,-3.4630350194552553,-3.5630350194552554,-4.463035019455255,fold_4,research_oof
NSE_FO|64863|24-02-2026,2026-02-24,PE,25750.0,2026-02-20 07:03:00+00:00,2026-02-20,753,4,3,165.3,170.5,163.65,168.65,136240,1563575,168.5,2.1811572250832967,6.759561221464574,1.3748770088553623,True,False,False,2026-02-20,2026-02-24,0.39477679927117926,165.3,0.7876811594202898,1563575.0,1.7863804258121174,0.5871958494350725,0.0,False,1.0,1.0,1.0,25.78603475254297,663990.3948779815,8,0.75,0.625,0.625,1.9601048638446361,1.4616934791226166,0.9416063138463618,-0.25,0.625,-1462.8806191916228,0.375,0.0,0.125,-6.217345872518287,-3.8772522687741335,1.0479149317788738,8.398503097601584,oi_volume_spark_after_compression,68.5,-13.73081102771233,3.9499999999999886,3.9499999999999886,3.0999999999999943,2.3442136498516253,5,False,,1.839762611275961,1.739762611275961,0.8397626112759611,fold_4,research_oof
NSE_FO|48197|17-04-2025,2025-04-17,PE,22750.0,2025-04-11 07:57:00+00:00,2025-04-11,807,6,3,161.1,163.25,160.65,162.15,157050,1836975,162.65,0.5955704448166843,7.462226333641686,2.129130655821047,False,False,True,2025-04-11,2025-04-17,0.03763171098845053,159.5,0.8174885612608033,1836975.0,0.5579387338282338,1.311642094560244,0.0,True,1.0,1.0,1.0,7.125598881724538,162107.37455923323,8,1.0,0.875,1.0,1.9217712958984001,0.924613456048673,5.419160976633052,0.0,-0.125,-45.47577826650377,0.0,0.375,1.0,-1.7304929093521437,-1.7304929093521437,1.8961625282167043,2.326063354168828,mirror_decay_compression_ignite,62.650000000000006,0.12121447176151962,19.75,2.25,9.299999999999983,12.142637565324316,5,False,,5.717798954810933,5.617798954810933,4.717798954810933,fold_1,research_oof
NSE_FO|79536|24-04-2025,2025-04-24,PE,24000.0,2025-04-21 05:30:00+00:00,2025-04-21,660,3,2,95.1,99.95,95.1,97.9,597600,8494350,97.25,-0.10204081632652073,6.43513789581205,1.3346733668341708,False,False,False,2025-04-21,2025-04-24,-2.932254802831147,96.0,0.6871229098431305,8269200.0,2.830213986504626,0.6475504569910403,0.027227543172253663,False,0.0,1.0,1.0,0.0,0.0,8,0.0,0.625,0.875,-1.5284558924321068,1.96280249153013,2.6929942764653427,0.0,0.375,,0.0,0.0,0.25,-2.3051330798479097,-2.717254291969129,1.3641582134151136,2.203092263521389,mirror_decay_compression_ignite,2.75,2.2912179551214096,3.4000000000000057,2.6500000000000057,-1.2000000000000028,3.4961439588689003,5,False,,-1.2339331619537304,-1.3339331619537305,-2.2339331619537304,fold_1,research_oof
NSE_FO|52002|30-04-2025,2025-04-30,CE,24400.0,2025-04-24 05:30:00+00:00,2025-04-24,660,6,3,154.0,155.25,152.94,153.9,42825,1723575,154.3,0.3586566677535208,2.988953866146845,2.50989010989011,False,False,True,2025-04-24,2025-04-30,0.13003901170349774,154.0,1.1044083526682134,1723575.0,0.22861765605002304,1.4054817572218965,0.0,False,1.0,1.0,1.0,3.8250377375752502,93330.9207968361,5,1.0,0.8,1.0,0.6443618339529111,0.22861765605002304,0.3087612005557913,0.0,0.0,9.6015462874675,0.0,0.0,1.0,-2.4662731871838095,-0.13576471260753342,3.2780082987551866,2.8249298549373303,mirror_decay_compression_ignite,54.30000000000001,2.293788102369112,0.0,4.110000000000014,-1.8600000000000136,0.0,5,False,,-1.2054439403758999,-1.3054439403759,-2.2054439403758996,fold_1,research_oof
NSE_FO|52002|30-04-2025,2025-04-30,CE,24400.0,2025-04-24 07:01:00+00:00,2025-04-24,751,6,3,138.9,139.19,137.65,138.19,59100,1798350,138.25,-0.07953723788866052,4.9569433388812465,4.4772727272727275,False,False,True,2025-04-24,2025-04-30,-0.7857142857142785,138.9,0.9673202614379085,1794975.0,0.706177047825618,3.509952465834819,0.001880249028538002,False,0.0,1.0,1.0,0.0,0.0,5,0.8,1.0,0.8,0.2897950734837451,0.882090756261833,0.21835464474644037,0.8,0.0,,0.0,0.0,0.8,-2.4390243902438935,-3.078331463867323,2.013245033112583,2.359487152355233,mirror_decay_compression_ignite,38.25,10.032877372111027,0.15000000000000568,8.0,-7.310000000000002,0.1084990958408721,5,False,,-5.287522603978302,-5.387522603978302,-6.287522603978302,fold_1,research_oof
NSE_FO|51988|30-04-2025,2025-04-30,CE,24200.0,2025-04-29 07:00:00+00:00,2025-04-29,750,1,3,140.69,147.0,140.15,145.94,163425,3873750,146.1,0.6135815236125275,7.194737563382211,1.757258064516129,False,False,True,2025-04-29,2025-04-30,-3.1947784266575074,140.9,1.0419354838709678,3854550.0,3.808359950270035,0.7153225806451613,0.004981126201502121,False,1.0,1.0,1.0,7.365503519513426,178245.1851722249,5,0.6,1.0,1.0,0.13550135501356753,4.889683120391741,0.6378392425514904,0.6,0.39999998,,0.0,0.0,0.4,-2.003034901365719,-8.285438073064421,1.3070066568881868,2.6166164249782464,mirror_decay_compression_ignite,46.099999999999994,7.561220557345579,2.3400000000000034,4.699999999999989,1.1500000000000057,1.6016427104722817,5,False,,0.7871321013004831,0.6871321013004831,-0.21286789869951694,fold_1,research_oof
NSE_FO|51990|30-04-2025,2025-04-30,CE,24250.0,2025-04-30 09:00:00+00:00,2025-04-30,870,0,3,100.5,101.8,100.3,100.45,180675,2998125,100.3,0.09965122072745913,5.0273768043802995,1.6875656742556917,False,False,True,2025-04-30,2025-04-30,-0.496277915632759,100.25,0.5401050788091069,2998125.0,0.5959291363602182,1.1474605954465849,0.0,True,1.0,1.0,1.0,1.206224280113259,29250.938792746532,5,0.4,0.4,0.8,-0.4859086491739606,0.0,4.885504728470945,0.2,-0.6,15.65908067971759,0.0,0.0,0.8,-25.00000000000001,-21.66666666666668,6.107553080403759,25.09965122072747,mirror_decay_compression_ignite,0.29999999999999716,8.372229126677084,0.04999999999999716,12.349999999999994,-7.450000000000003,0.049850448654035054,5,False,,-7.427716849451649,-7.527716849451648,-8.427716849451649,fold_1,research_oof
NSE_FO|38600|08-05-2025,2025-05-08,CE,24250.0,2025-05-06 07:15:00+00:00,2025-05-06,765,2,3,174.8,177.0,174.8,176.4,37125,937950,176.4,0.11350737797957144,4.166666666666679,1.683673469387755,False,False,True,2025-05-06,2025-05-08,-1.1331444759206777,174.5,0.8571428571428571,939675.0,1.2466518539002491,0.826530612244898,-0.0018357410806927926,True,1.0,1.0,1.0,1.194332895774055,28962.572722520836,6,0.33333334,0.8333333,0.16666667,-0.29706646862235897,1.1212705871577966,1.0392242963534066,0.33333334,0.8333333,,0.0,0.0,0.16666666666666666,-8.550724637681162,-3.3333333333333437,1.9632911392405064,8.664232015660733,mirror_decay_compression_ignite,76.4,5.748802201260457,0.25,5.450000000000017,-5.450000000000017,0.1417233560090703,5,False,,-3.089569160997742,-3.189569160997742,-4.089569160997742,fold_1,research_oof
NSE_FO|38600|08-05-2025,2025-05-08,CE,24250.0,2025-05-06 07:35:00+00:00,2025-05-06,785,2,3,164.2,167.0,163.5,167.0,36375,959475,166.95,0.14992503748125774,6.107784431137718,1.549520766773163,False,False,True,2025-05-06,2025-05-08,-1.8540669856459302,164.1,0.35782747603833864,959475.0,2.003992023127188,1.1916932907348243,0.0,False,1.0,1.0,1.0,1.5744624431041576,38180.71424527582,6,0.33333334,0.8333333,0.8333333,0.0,2.173095654278956,0.33386164947008246,0.33333334,0.0,,0.0,0.0,0.5,-3.9110861001688257,-3.9110861001688257,1.4959893048128343,4.061011137650084,mirror_decay_compression_ignite,66.94999999999999,4.88338410035826,5.050000000000011,3.5999999999999943,-3.5999999999999943,3.024857741838881,5,False,,-2.1563342318059266,-2.2563342318059267,-3.1563342318059266,fold_1,research_oof
NSE_FO|38600|08-05-2025,2025-05-08,CE,24250.0,2025-05-07 07:45:00+00:00,2025-05-07,795,1,3,133.69,135.94,131.44,135.1,128850,1207350,135.85,0.4460966542750855,6.5951147298297546,1.3400936037441498,False,False,False,2025-05-07,2025-05-08,0.26515151515151825,132.35,1.0039001560062402,1207350.0,0.18094513912356724,0.3361934477379096,0.0,False,1.0,1.0,1.0,5.248957015767684,127287.20763236634,5,1.0,0.4,1.0,0.39128004471771227,-0.23521757625803996,0.14526775444115272,0.0,0.4,-43.68431141724432,0.0,0.0,0.0,-5.907780979827104,-2.7827809798271037,0.8750676041103299,6.353877634102189,mirror_decay_compression_ignite,35.849999999999994,-0.05352683428823535,1.1500000000000057,5.549999999999983,-4.409999999999997,0.8465218991534823,5,False,,-3.2462274567537706,-3.3462274567537706,-4.24622745675377,fold_1,research_oof
NSE_FO|38600|08-05-2025,2025-05-08,CE,24250.0,2025-05-08 06:19:00+00:00,2025-05-08,709,0,3,148.15,149.69,147.8,147.8,84750,1407450,148.05,-0.06761325219742931,3.917456021650874,2.077205882352941,False,False,True,2025-05-08,2025-05-08,-0.23688663282571687,147.4,1.0716911764705883,1407450.0,0.16927338062828756,1.0055147058823528,0.0,True,0.0,1.0,1.0,0.0,0.0,5,0.6,1.0,1.0,0.15251652262329163,0.7845475152321701,3.534228998059958,0.6,0.0,,0.0,0.0,0.8,-9.285714285714274,-3.9285714285714253,2.782345828295042,9.218101033516845,mirror_decay_compression_ignite,48.05000000000001,7.095428288120223,2.3499999999999943,0.950000000000017,0.13999999999998636,1.5873015873015834,5,False,,0.0945626477541279,-0.005437352245872107,-0.9054373522458721,fold_1,research_oof
NSE_FO|38600|08-05-2025,2025-05-08,CE,24250.0,2025-05-08 07:02:00+00:00,2025-05-08,752,0,3,151.05,151.65,150.05,151.44,39525,1290000,151.15,-0.36842105263158453,2.1790808240887554,1.3241206030150754,False,False,False,2025-05-08,2025-05-08,-0.7889546351084742,150.9,0.4734042553191489,1290000.0,0.42053358247688966,0.8507163476959265,0.0,False,0.0,1.0,1.0,0.0,0.0,5,0.0,1.0,1.0,-0.7789678675754641,0.29703692004908744,1.6768811680443738,0.0,1.0,,0.0,0.0,0.2,-9.523809523809534,-6.666666666666677,1.0016117890858853,9.15538847117795,mirror_decay_compression_ignite,51.150000000000006,3.2467999741197957,0.789999999999992,0.5500000000000114,0.03999999999999204,0.5226596096592736,5,False,,0.026463777704262014,-0.07353622229573799,-0.973536222295738,fold_1,research_oof
NSE_FO|49245|22-05-2025,2025-05-22,CE,25000.0,2025-05-19 07:18:00+00:00,2025-05-19,768,3,3,166.0,168.45,163.9,167.9,432375,12598575,167.4,0.4186602870813516,3.811792733770088,1.7453829851650016,False,False,True,2025-05-19,2025-05-22,0.030330603579020732,164.9,1.3617923100211928,12598575.0,0.3883296835023309,0.38359067514380873,0.0,False,1.0,1.0,1.0,5.432975838116647,135824.39595291618,5,1.0,0.8,1.0,0.4186602870813516,0.28572319245183664,0.09809097890536553,0.19999999,-0.19999999,-65.80360224663309,0.0,0.0,1.0,-2.8403525954946107,-3.000928098095923,3.376151618847065,3.2590128825759623,mirror_decay_compression_ignite,67.4,1.7713037807496697,3.25,4.460000000000008,0.9499999999999886,1.941457586618877,5,False,,0.5675029868578187,0.46750298685781877,-0.43249701314218125,fold_1,research_oof
NSE_FO|61724|29-05-2025,2025-05-29,PE,24750.0,2025-05-23 08:11:00+00:00,2025-05-23,821,6,3,145.19,149.55,145.19,148.35,81150,2313825,148.19,0.5081300813008172,6.107178968655209,1.6775193798449612,False,False,True,2025-05-23,2025-05-29,-3.688225538971812,145.19,0.9920508744038156,2313825.0,4.196355620272629,0.6854685054411457,0.0,True,1.0,1.0,1.0,5.743936430754983,142162.42666118583,8,0.25,0.75,0.875,-0.2422480620155043,3.8206020745994884,2.582768880591263,0.25,0.625,,0.0,0.0,0.25,-2.1269841269841216,-3.4084603876363917,2.0330578512396693,2.635114208284939,mirror_decay_compression_ignite,48.19,5.820482602317881,14.610000000000014,0.38999999999998636,12.110000000000014,9.858964842432021,5,False,,8.17194142654701,8.07194142654701,7.17194142654701,fold_1,research_oof
NSE_FO|44853|12-06-2025,2025-06-12,PE,24700.0,2025-06-06 06:49:00+00:00,2025-06-06,739,6,2,77.2,79.2,77.2,77.9,245325,8144400,77.8,0.38659793814435073,6.996148908857512,1.4441501103752759,False,False,False,2025-06-06,2025-06-12,0.390625,77.1,0.8385650224215246,8144400.0,-0.004027061855649272,0.6055850879537512,0.0,True,1.0,0.0,1.0,4.797813099468739,118505.98355687785,8,0.5,0.75,0.75,0.1556483666625308,0.23273824675924537,4.570124399234978,0.0,0.125,-0.9591198416383122,0.0,0.0,0.375,-4.799409303470337,-1.031328593612546,1.0504527813712807,5.186007241614687,mirror_decay_compression_ignite,22.200000000000003,0.01049530318446168,2.4000000000000057,2.1499999999999915,-0.7000000000000028,3.084832904884326,5,False,,-0.8997429305912633,-0.9997429305912633,-1.8997429305912634,fold_2,research_oof
NSE_FO|44859|12-06-2025,2025-06-12,PE,24850.0,2025-06-09 06:54:00+00:00,2025-06-09,744,3,2,50.8,51.9,50.45,51.5,43425,2192850,51.55,0.1945525291828787,6.116504854368929,1.4087591240875912,False,False,False,2025-06-09,2025-06-12,-2.030947775628633,50.65,0.6593673965936739,2196225.0,2.225500304811512,0.7493917274939172,-0.0015367277942833727,False,1.0,1.0,1.0,2.0775901982594704,51628.11642674784,8,0.25,0.625,0.5,-0.11848341232227888,2.11869503470542,2.8169615013747333,0.125,-0.375,-2500.0,0.125,0.125,0.125,-2.569389373513087,-2.059754081269105,0.5964912280701754,2.7639419026959655,mirror_decay_compression_ignite,48.45,-22.083405415607388,0.30000000000000426,2.1999999999999957,-1.4499999999999957,0.5819592628516087,5,False,,-2.812803103782727,-2.912803103782727,-3.812803103782727,fold_2,research_oof
NSE_FO|50980|19-06-2025,2025-06-19,PE,24350.0,2025-06-16 06:58:00+00:00,2025-06-16,748,3,0,25.0,25.15,24.75,24.85,54525,1746000,24.75,0.8113590263691739,6.036217303822937,2.7485822306238186,False,False,True,2025-06-16,2025-06-19,2.6639344262295195,25.05,0.8527724665391969,1746000.0,-1.8525753998603456,1.8958097640846217,0.0,False,1.0,0.0,1.0,8.849032804148184,215473.94878100828,8,0.625,0.125,0.75,0.7596618140695455,-1.2101760165985187,1.0820696318156746,-0.125,-0.125,-203.6811605173316,0.0,0.0,0.5,-1.4107249086428242,-1.4107249086428242,,2.222083935011998,mirror_decay_compression_ignite,75.25,-3.5253936392433145,0.3999999999999986,1.25,-1.0500000000000007,1.6161616161616104,5,False,,-4.242424242424246,-4.342424242424245,-5.242424242424246,fold_2,research_oof
NSE_FO|56924|03-07-2025,2025-07-03,PE,25550.0,2025-06-27 07:40:00+00:00,2025-06-27,790,6,3,103.3,105.3,103.05,103.95,177525,4513650,104.1,0.7755695588948175,6.108706108706103,1.4900849858356942,False,False,False,2025-06-27,2025-07-03,0.3399708596405926,103.3,0.9909326424870466,4513650.0,0.4355986992542249,0.49915234334864755,0.0,False,1.0,1.0,1.0,9.374210261594904,239511.07218374978,8,0.625,0.75,0.625,0.8754497249436777,0.8787694797081191,1.939721955410494,0.0,0.75,11.873941501249647,0.0,0.0,0.0,-1.7801299013711747,-1.2222836728967623,1.5278326095538888,2.555699460265992,mirror_decay_compression_ignite,4.099999999999994,0.1746225917154159,4.800000000000011,0.5999999999999943,2.6000000000000085,4.610951008645545,5,False,,2.4975984630163386,2.3975984630163385,1.4975984630163386,fold_2,research_oof
NSE_FO|56888|03-07-2025,2025-07-03,CE,25550.0,2025-07-01 07:05:00+00:00,2025-07-01,755,2,3,101.55,103.95,101.15,102.95,558300,7635825,103.1,-0.6274131274131234,7.527926177756192,1.3889355350312529,False,False,False,2025-07-01,2025-07-03,-1.693275278180939,101.6,0.8675225867807893,7635825.0,1.0658621507678157,0.5214129482504636,0.0,False,0.0,1.0,1.0,0.0,0.0,6,0.0,0.8333333,0.8333333,-0.44628232128231526,1.395280344234534,0.5147932925207743,0.0,0.8333333,,0.0,0.0,0.0,-3.5751840168243842,-2.3640202464188964,1.0626138114581873,2.947770889411261,mirror_decay_compression_ignite,3.0999999999999943,0.25355818960943766,3.1000000000000085,1.3499999999999943,-0.19999999999998863,3.0067895247332768,5,False,,-0.19398642095052246,-0.29398642095052246,-1.1939864209505224,fold_2,research_oof
NSE_FO|56843|03-07-2025,2025-07-03,CE,25500.0,2025-07-01 07:30:00+00:00,2025-07-01,780,2,3,124.85,128.35,124.85,125.5,362025,11143200,125.45,0.0,7.450199203187258,1.3282883874518436,False,False,False,2025-07-01,2025-07-03,0.6016847172081841,125.4,1.0074869331826528,11106975.0,-0.6016847172081841,0.3208014542691908,0.0032614640800037813,False,0.0,0.0,1.0,0.0,0.0,6,0.0,0.0,0.8333333,-0.3663120377078388,-0.784564978264457,0.21114964921129603,-0.8333333,-0.8333333,,0.0,0.0,0.0,-2.323991797676017,-1.2930639626244744,1.733770326484306,2.323991797676017,mirror_decay_compression_ignite,25.450000000000003,-7.5557027074907985,0.29999999999999716,4.549999999999997,-1.0499999999999972,0.23913909924272392,5,False,,-0.8369868473495393,-0.9369868473495393,-1.8369868473495394,fold_2,research_oof
NSE_FO|56924|03-07-2025,2025-07-03,PE,25550.0,2025-07-02 06:30:00+00:00,2025-07-02,720,1,3,103.0,105.0,101.0,104.0,374700,5524125,104.0,0.531657805703234,7.836538461538467,1.3267826317886071,False,False,False,2025-07-02,2025-07-03,0.4381694255112034,103.15,0.7698348226374222,5446050.0,0.09348838019203054,0.5569478091511849,0.014336078442173685,False,1.0,1.0,1.0,6.823234421912907,174333.63947987478,8,0.75,0.625,0.875,0.6883258087485133,0.3019783594369496,4.888454515091819,0.125,-0.375,-685.5816836209342,0.0,0.125,0.25,-1.9685039370078705,-1.8696897077588481,1.1003876928153098,2.5001617427111045,mirror_decay_compression_ignite,4.0,-6.918956681665547,5.950000000000003,1.7000000000000028,-1.0,5.7211538461538485,5,False,,-0.9615384615384616,-1.0615384615384615,-1.9615384615384617,fold_2,research_oof
NSE_FO|56985|03-07-2025,2025-07-03,PE,25650.0,2025-07-02 06:57:00+00:00,2025-07-02,747,1,3,174.95,179.35,174.4,178.4,65475,1559850,178.15,0.08415147265077305,3.2791479820627774,1.4709351305812974,False,False,False,2025-07-02,2025-07-03,-1.3540197461213044,174.85,0.8838475499092558,1563375.0,1.4381712187720774,0.5870875806720416,-0.002254737347085632,False,1.0,1.0,1.0,0.9331926178623672,23936.39064816972,8,0.25,0.75,0.5,-0.02260908885372004,1.6534129785046647,5.0444928115236545,0.25,0.75,,0.0,0.0,0.25,-5.000000000000004,-5.000000000000004,1.4063986165153481,5.0841514726507775,mirror_decay_compression_ignite,78.15,4.486501385936,0.6500000000000057,5.550000000000011,-1.25,0.3648610721302305,5,False,,-0.7016559079427448,-0.8016559079427448,-1.7016559079427447,fold_2,research_oof
NSE_FO|40041|10-07-2025,2025-07-10,PE,25350.0,2025-07-08 07:56:00+00:00,2025-07-08,806,2,1,34.55,35.5,34.4,35.1,87000,5165925,35.0,0.14265335235379428,4.558404558404542,1.4518147684605758,False,False,False,2025-07-08,2025-07-10,-1.7094017094017144,34.5,1.0112640801001251,5165925.0,1.8520550617555087,0.44055068836045064,0.0,False,1.0,1.0,1.0,1.622492851900806,41130.19379568543,8,0.75,0.875,0.75,1.1471100492231767,1.1068470260552965,2.758768255985587,0.25,0.75,-112.53919988016423,0.375,0.125,0.75,-2.5064822817631893,-0.8958984451224117,2.5253940455341506,2.6491356341169836,mirror_decay_compression_ignite,65.0,2.599825776542149,2.6499999999999986,1.6499999999999986,1.0,7.571428571428568,5,False,,2.857142857142857,2.757142857142857,1.8571428571428572,fold_2,research_oof
NSE_FO|40046|10-07-2025,2025-07-10,PE,25400.0,2025-07-08 08:50:00+00:00,2025-07-08,860,2,2,51.0,51.8,50.8,51.2,418425,12081675,51.2,0.68829891838742,7.031250000000003,1.9510403916768666,False,False,True,2025-07-08,2025-07-10,1.491053677932408,51.05,1.1636933934522642,12081675.0,-0.802754759544988,0.7873469982246024,0.0,False,1.0,0.0,1.0,8.909516943859941,226301.7303740425,8,0.5,0.0,0.875,0.34414945919371,-0.2641681012503394,0.793751468419179,-0.25,-0.625,-25.039625524637813,0.0,0.0,0.875,-4.064417177914114,-1.1647605583032679,3.825870646766169,4.752716096301534,mirror_decay_compression_ignite,48.8,-2.5098790462090985,0.3999999999999986,1.5500000000000043,-0.30000000000000426,0.7812499999999972,5,False,,-0.5859375000000083,-0.6859375000000083,-1.5859375000000084,fold_2,research_oof
NSE_FO|40048|10-07-2025,2025-07-10,PE,25450.0,2025-07-09 06:52:00+00:00,2025-07-09,742,1,1,28.65,29.9,28.45,29.65,415650,10379625,29.5,0.679117147707986,6.576728499156828,1.637706855791962,False,False,True,2025-07-09,2025-07-10,-2.876480541455162,28.7,0.8601232811759127,10379625.0,3.555597689163148,0.7775835746160493,0.0,False,1.0,1.0,1.0,8.786146855569973,223607.4374742558,8,0.875,0.75,0.875,1.0071062350979543,3.4084257995659337,6.433621027395139,0.625,0.75,-265.5375862134133,0.0,0.375,1.0,-1.4754703061600871,-0.7344551153486756,1.0787258623535236,2.154587453868073,mirror_decay_compression_ignite,70.5,4.9140548246491615,0.05000000000000071,1.4499999999999993,-0.6999999999999993,0.16949152542373122,5,False,,-2.372881355932201,-2.472881355932201,-3.372881355932201,fold_2,research_oof
NSE_FO|47296|17-07-2025,2025-07-17,PE,25350.0,2025-07-16 07:50:00+00:00,2025-07-16,800,1,3,149.1,156.2,149.1,150.7,146700,1026600,151.0,0.4666666666666597,7.332448573324475,3.575868372943327,False,False,True,2025-07-16,2025-07-17,0.0,149.4,1.659963436928702,1026600.0,0.4666666666666597,1.9159049360146252,0.0,False,1.0,1.0,1.0,5.551537497678781,140731.47556615708,8,0.625,0.625,0.875,0.7775510204081626,0.9137289595820219,4.758796075741405,0.5,-0.375,-2275.6104887509064,0.0,0.0,0.75,-3.803131991051456,-2.9162140309627715,2.6795452036648637,4.269798657718116,mirror_decay_compression_ignite,51.0,-17.06348266859381,4.599999999999994,2.3499999999999943,4.0,3.046357615894036,5,False,,2.6490066225165565,2.5490066225165564,1.6490066225165565,fold_2,research_oof
NSE_FO|47296|17-07-2025,2025-07-17,PE,25350.0,2025-07-17 06:04:00+00:00,2025-07-17,694,0,3,157.0,163.35,157.0,161.7,118050,689925,161.45,0.6535947712418277,7.142857142857151,1.8334304018637158,False,False,True,2025-07-17,2025-07-17,-1.1972274732198973,156.8,0.5626092020966803,682725.0,1.850822244461725,1.2708211997670356,0.010545973854773152,True,1.0,1.0,1.0,7.6332496820030125,193502.87943877638,8,0.75,0.75,0.625,1.1262721932503883,3.585114774606102,11.244527219264535,0.75,0.625,,0.0,0.125,0.375,-11.764705882352933,-5.0339366515836925,1.4021296296296297,12.41830065359476,mirror_decay_compression_ignite,61.44999999999999,9.578919599466717,2.3500000000000227,24.349999999999994,-19.599999999999994,1.4555589965933868,5,False,,-12.139981418395786,-12.239981418395786,-13.139981418395786,fold_2,research_oof
NSE_FO|49518|24-07-2025,2025-07-24,PE,25150.0,2025-07-23 08:19:00+00:00,2025-07-23,829,1,1,38.35,39.6,38.25,39.05,1033350,17411625,39.05,0.5148005148005064,6.145966709346988,1.6427804936210801,False,False,True,2025-07-23,2025-07-24,0.0,38.35,0.6837963514963634,17429700.0,0.5148005148005064,0.9589841421247167,-0.001037023012444276,False,1.0,1.0,1.0,7.129120966494252,179297.39230733045,8,0.5,0.625,0.75,0.10373443983402453,0.5721051613692962,9.844709511133615,0.375,-0.125,1846.822601581498,0.0,0.125,0.625,-2.417730020147746,-1.2256770400152828,1.693913222290767,2.932530534948252,mirror_decay_compression_ignite,60.95,21.730336211430828,0.15000000000000568,5.25,-4.799999999999997,0.38412291933420156,5,False,,-12.291933418693976,-12.391933418693975,-13.291933418693976,fold_2,research_oof
NSE_FO|49487|24-07-2025,2025-07-24,CE,25000.0,2025-07-24 05:31:00+00:00,2025-07-24,661,0,3,180.4,182.95,177.05,178.6,88050,2820825,179.0,-0.3904071388734054,5.011198208286668,1.4102102102102103,False,False,False,2025-07-24,2025-07-24,0.05554012774229289,180.15,1.0498498498498499,2820825.0,-0.4459472666156983,0.36036036036036045,0.0,False,0.0,0.0,1.0,0.0,0.0,7,0.0,0.0,0.71428573,-0.3904071388734054,-0.4459472666156983,1.7641572964148982,-0.14285715,-0.71428573,,0.0,0.0,0.2857142857142857,-9.615384615384615,-1.9230769230769162,1.2359062528277984,9.22497747651121,mirror_decay_compression_ignite,79.0,0.08175310498714605,2.0,7.949999999999989,-1.0999999999999943,1.1173184357541899,5,False,,-0.6145251396648013,-0.7145251396648012,-1.6145251396648013,fold_2,research_oof
NSE_FO|55795|31-07-2025,2025-07-31,CE,24900.0,2025-07-25 05:30:00+00:00,2025-07-25,660,6,3,121.3,125.65,121.3,122.15,791775,7595175,122.15,0.6177924217462882,6.713057715923047,2.2784072515377143,False,False,True,2025-07-25,2025-07-31,0.45586406962287995,121.2,0.776672384219554,7428225.0,0.16192835212340828,1.5017348673181603,0.022475086578556788,True,1.0,1.0,1.0,8.39087755509277,208932.85112180997,6,0.8333333,0.8333333,0.8333333,0.684836060497207,0.2805547335249181,0.36520358050692425,0.0,0.0,15.242650952041004,0.0,0.0,0.6666666666666666,-2.1816881258941434,-1.042898090306954,1.528582034149963,2.7994805476404316,mirror_decay_compression_ignite,22.150000000000006,0.938025854540832,4.549999999999997,9.150000000000006,4.1499999999999915,3.724928366762175,5,False,,3.3974621367171434,3.2974621367171433,2.3974621367171434,fold_2,research_oof
NSE_FO|71991|28-08-2025,2025-08-28,PE,25150.0,2025-08-25 07:45:00+00:00,2025-08-25,795,3,3,160.9,165.15,160.85,164.65,32325,931275,164.0,0.5803298717165672,5.314303067112055,1.9198218262806237,False,False,True,2025-08-25,2025-08-28,-1.2269938650306789,161.0,1.4527363184079602,925800.0,1.8073237367472461,0.46708550787266345,0.005913804277381724,False,1.0,1.0,1.0,6.025929005510983,151552.11448860122,8,0.75,0.75,0.875,0.87109986171795,2.175850186137823,3.017465750628627,0.75,0.0,,0.0,0.125,0.625,-1.6516516516516422,-4.046861232489984,1.8730473592858914,2.2319815233682094,mirror_decay_compression_ignite,64.0,7.067607919641971,7.900000000000006,1.9499999999999886,7.0,4.817073170731711,5,False,,4.2682926829268295,4.16829268292683,3.2682926829268295,fold_3,research_oof
NSE_FO|48935|02-09-2025,2025-09-02,CE,24600.0,2025-09-02 07:32:00+00:00,2025-09-02,782,0,3,156.25,161.0,155.75,158.0,467850,4566600,158.4,0.5089058524173184,5.063291139240507,2.0597655605085023,False,False,True,2025-09-02,2025-09-02,-0.7931472081218249,156.35,1.0014858841010401,4566600.0,1.3020530605391434,1.0582796764074622,0.0,False,1.0,1.0,1.0,6.644226538493328,163447.97284693585,5,0.8,1.0,1.0,0.7707129094412402,3.469308469308474,0.8251310583942155,0.8,1.0,,0.0,0.0,0.4,-4.34782608695653,-4.34782608695653,1.578428036747193,4.856731939373849,mirror_decay_compression_ignite,58.400000000000006,8.167676588840845,0.3499999999999943,10.050000000000011,-7.700000000000017,0.22095959595959236,5,False,,-4.861111111111121,-4.961111111111121,-5.861111111111121,fold_3,research_oof
NSE_FO|46808|02-12-2025,2025-12-02,PE,26250.0,2025-12-02 06:59:00+00:00,2025-12-02,749,0,3,180.9,181.0,172.05,175.05,80400,1736850,175.0,-0.19954389965791686,7.569265924021708,1.370843989769821,False,False,False,2025-12-02,2025-12-02,-0.6587976942080798,180.95,0.6458170445660673,1736850.0,0.4592537945501629,0.7250269452037538,0.0,False,0.0,1.0,1.0,0.0,0.0,8,0.0,0.625,0.75,-0.045695485286051385,0.18760635854997987,0.12182591496017357,0.0,0.25,,0.0,0.0,0.5,-4.8387096774193505,-4.8387096774193505,1.6100568242736142,4.639165777761434,mirror_decay_compression_ignite,75.0,0.19899436937064974,4.25,10.75,-9.449999999999989,2.4285714285714284,5,False,,-5.399999999999993,-5.499999999999993,-6.399999999999993,fold_3,research_oof
NSE_FO|41905|09-12-2025,2025-12-09,CE,26050.0,2025-12-05 06:11:00+00:00,2025-12-05,701,4,3,158.05,161.1,157.4,158.85,246750,3856200,158.85,0.6016466117795938,4.784387787220645,1.3581011351909185,False,False,False,2025-12-05,2025-12-09,-0.40931989924433143,158.15,0.7116615067079464,3856200.0,1.0109665110239252,0.6464396284829721,0.0,False,1.0,1.0,1.0,7.470125560147899,194596.77084185276,5,1.0,1.0,0.6,0.5615109749872449,1.125354687046931,0.05991719758982905,1.0,0.39999998,,0.0,0.0,0.0,-1.9122609673790758,-1.571351876469984,0.9100854044717398,2.5139075791586696,mirror_decay_compression_ignite,58.849999999999994,8.128787969244055,5.050000000000011,6.75,0.8000000000000114,3.179099779666359,5,False,,0.5036197670758649,0.4036197670758649,-0.49638023292413513,fold_3,research_oof
NSE_FO|57005|23-12-2025,2025-12-23,CE,26000.0,2025-12-22 05:29:00+00:00,2025-12-22,659,1,3,158.05,162.0,157.9,160.4,509925,9096600,160.75,0.5327483547477252,3.3665835411471354,2.0295522388059704,False,False,True,2025-12-22,2025-12-23,-1.372854914196564,158.05,0.8549939831528279,9096600.0,1.9056032689442892,1.1745582556531424,0.0,False,1.0,1.0,1.0,7.001390010475376,182036.14027235977,6,0.8333333,0.8333333,0.8333333,0.4689631028874319,1.2094904295855247,0.24490699437504515,0.8333333,0.8333333,,0.0,0.0,0.5,-1.5037593984962405,-2.763205242324951,1.011813560535548,2.0365077532439657,mirror_decay_compression_ignite,60.75,8.96545379443852,2.25,7.75,-6.400000000000006,1.3996889580093312,5,False,,-3.9813374805598793,-4.081337480559879,-4.98133748055988,fold_3,research_oof
NSE_FO|57005|23-12-2025,2025-12-23,CE,26000.0,2025-12-22 08:30:00+00:00,2025-12-22,840,1,3,155.8,157.6,155.0,157.6,153675,8036325,157.6,0.6064474944142972,3.013959390862944,1.7032418952618453,False,False,True,2025-12-22,2025-12-23,-0.44685604851580907,155.95,0.6325852036575229,8036325.0,1.0533035429301063,1.0706566916043223,0.0,False,1.0,1.0,1.0,7.242560919593766,188306.5839094379,6,0.6666667,1.0,0.8333333,0.3002179218304257,0.599529226051343,0.27539571843266,0.6666667,0.5,,0.0,0.0,0.5,-1.8808777429467072,-1.5673981191222652,1.7294429708222812,2.4873252373610044,mirror_decay_compression_ignite,57.599999999999994,6.941529516360598,2.700000000000017,5.299999999999983,-3.4499999999999886,1.7131979695431583,5,False,,-2.189086294416237,-2.289086294416237,-3.189086294416237,fold_3,research_oof
NSE_FO|65639|30-12-2025,2025-12-30,PE,26200.0,2025-12-26 07:33:00+00:00,2025-12-26,783,4,3,163.55,164.7,161.05,164.35,211725,5786475,164.2,0.5567792462065624,3.352601156069359,2.1410693970420933,False,False,True,2025-12-26,2025-12-30,0.42905301869444745,163.85,1.5373530527114145,5786475.0,0.12772622751211493,0.6037163443306788,0.0,False,1.0,1.0,1.0,6.82781076911817,178888.64215089608,8,0.75,0.625,0.625,0.4987421872058473,0.21896802652420777,11.652466435680497,0.125,0.0,41.84085009478804,0.0,0.125,0.125,-2.457002457002455,-0.7371007371007265,1.8285787060621497,3.0137817032090175,mirror_decay_compression_ignite,64.19999999999999,2.5244917064070296,2.1000000000000227,2.9499999999999886,-2.509999999999991,1.2789281364190153,5,False,,-1.5286236297198486,-1.6286236297198486,-2.5286236297198483,fold_4,research_oof
NSE_FO|65622|30-12-2025,2025-12-30,PE,26050.0,2025-12-30 06:56:00+00:00,2025-12-30,746,0,3,158.19,158.19,153.9,156.1,128325,1679850,156.25,-0.3511011809767095,4.4843049327354265,1.498904949627683,False,False,False,2025-12-30,2025-12-30,0.6371861858034844,157.94,0.6447656592203241,1682475.0,-0.9882873667801939,0.8541392904073588,-0.0015602014888779923,False,0.0,0.0,1.0,0.0,0.0,8,0.0,0.0,0.5,-0.23886844612365232,-0.9575142232046918,0.26166003553116873,-0.625,-0.5,,0.0,0.0,0.125,-2.500000000000002,0.0,0.779389077445233,2.1488988190232927,mirror_decay_compression_ignite,56.25,-5.006058516383517,7.050000000000011,0.3100000000000023,2.4000000000000057,4.512000000000007,5,False,,1.5360000000000036,1.4360000000000035,0.5360000000000036,fold_4,research_oof
NSE_FO|40470|06-01-2026,2026-01-06,PE,26050.0,2025-12-31 06:00:00+00:00,2025-12-31,690,6,2,81.4,81.65,80.34,80.55,609635,7730580,80.09,0.37383177570093906,4.345127250155183,1.5476897689768976,False,False,True,2025-12-31,2026-01-06,0.746268656716409,81.0,1.0768577494692144,7730580.0,-0.3724368810154699,0.47083201950768316,0.0,False,1.0,0.0,1.0,4.979670032422115,129720.4043445961,8,0.125,0.0,0.5,-0.622998455815793,-0.427860560940746,1.3257308112298063,-0.25,-0.375,-1302.9452884963357,0.0,0.0,0.375,-2.201911092646436,-0.40875012517354037,1.239364950132302,2.575742868347375,mirror_decay_compression_ignite,19.909999999999997,-14.901779687327085,1.4099999999999966,4.5,-4.5,1.7605194156573811,5,False,,-5.6186789861405915,-5.718678986140591,-6.6186789861405915,fold_4,research_oof
NSE_FO|40460|06-01-2026,2026-01-06,PE,25900.0,2025-12-31 07:33:00+00:00,2025-12-31,783,6,0,23.8,23.8,23.35,23.5,720525,8739055,23.45,0.6423982869379063,5.744680851063821,2.1339878717874674,False,False,True,2025-12-31,2026-01-06,2.155172413793105,23.7,1.7854336657600482,8739055.0,-1.5127741268551986,0.34855420602741916,0.0,False,1.0,0.0,1.0,8.664499002027034,224410.52415250018,8,0.625,0.125,0.125,0.46008803235784157,-1.0641452025077602,2.7559751956823533,0.0,-0.625,-25.60567469775924,0.0,0.0,0.125,-2.448607531275526,-0.40390948087134504,0.502868068833652,3.0910058182134326,mirror_decay_compression_ignite,76.55,-1.678308126737472,0.6500000000000021,0.0,0.40000000000000213,2.77185501066099,5,False,,1.7057569296375357,1.6057569296375356,0.7057569296375357,fold_4,research_oof
NSE_FO|46181|13-01-2026,2026-01-13,CE,26100.0,2026-01-07 08:58:00+00:00,2026-01-07,868,6,3,110.2,114.75,110.2,113.4,738010,10224175,113.55,0.665778961384822,5.599647266313927,1.6889550018594273,False,False,True,2026-01-07,2026-01-13,-1.9085663559698207,110.5,0.7288955001859427,10224175.0,2.5743453173546427,0.9600595016734845,0.0,False,1.0,1.0,1.0,8.99581491918816,234790.76939081095,6,0.8333333,0.8333333,0.8333333,0.932112442013433,2.9013055285694698,0.5817620790956023,0.8333333,0.8333333,,0.0,0.0,0.16666666666666666,-1.538461538461533,-3.3252760794350245,1.6563278052074102,2.204240499846355,mirror_decay_compression_ignite,13.549999999999997,8.563384041733078,2.950000000000003,6.799999999999997,-6.549999999999997,2.5979744605900508,5,False,,-5.768383971818579,-5.868383971818579,-6.768383971818579,fold_4,research_oof
NSE_FO|42529|10-02-2026,2026-02-10,PE,25650.0,2026-02-06 07:54:00+00:00,2026-02-06,804,4,3,143.7,147.75,141.3,147.75,424190,3104465,147.7,0.339558573853993,7.580372250423004,1.7782016348773841,False,False,True,2026-02-06,2026-02-10,-3.5234899328859037,143.75,1.162125340599455,3104465.0,3.8630485067398967,0.6160762942779292,0.0,False,1.0,1.0,1.0,4.399979322404215,112859.46961966813,8,0.625,1.0,0.875,0.224104876204112,3.8863526261857406,1.2492735759084481,0.625,0.875,,0.0,0.0,0.375,-1.642857142857146,-5.123640319071776,1.3940436176033768,1.982415716711139,mirror_decay_compression_ignite,47.69999999999999,7.431680186416769,1.9000000000000057,5.449999999999989,-1.8999999999999773,1.2863913337847026,5,False,,-1.2863913337846835,-1.3863913337846836,-2.2863913337846835,fold_4,research_oof
NSE_FO|42536|10-02-2026,2026-02-10,CE,25800.0,2026-02-10 05:57:00+00:00,2026-02-10,687,0,3,156.0,159.4,154.55,156.8,427765,5024370,156.75,-0.127388535031836,6.76020408163265,2.360473457675753,False,False,True,2026-02-10,2026-02-10,-1.2365250475586453,155.75,1.223457675753228,5024370.0,1.1091365125268093,1.137015781922525,0.0,False,0.0,1.0,1.0,0.0,0.0,6,0.0,0.8333333,0.8333333,-0.1415097740241178,0.7368807607403549,0.13971314696720072,0.0,0.49999997,,0.0,0.0,0.6666666666666666,-7.758620689655171,-6.8890554722638715,1.8539559936988668,7.631232154623335,mirror_decay_compression_ignite,56.75,2.683871687890986,1.5,5.150000000000006,1.4000000000000057,0.9569377990430622,5,False,,0.8931419457735283,0.7931419457735284,-0.10685805422647165,fold_4,research_oof
NSE_FO|54752|03-04-2025,2025-04-03,PE,23600.0,2025-03-28 06:44:00+00:00,2025-03-28,734,6,3,123.35,126.45,123.35,126.45,455550,6442425,127.0,3.9030402629416594,6.358244365361797,1.5477130844693592,True,False,True,2025-03-28,2025-04-03,-1.7677782241864226,122.25,0.9250064649599172,6442425.0,5.6708184871280825,0.622706619509442,0.0,True,1.0,1.0,1.0,50.85373790704149,1200148.2146061792,8,0.625,0.625,1.0,3.531384484319955,5.207159902092245,4.627143544934636,0.5,0.0,-3149.3613650604384,0.625,0.0,0.625,-5.053598774885149,-6.644353363600309,1.5903505805433436,8.956639037826807,two_bar_compression_acceptance,27.0,-21.06813442502947,22.650000000000006,1.4500000000000028,21.5,17.834645669291344,5,False,,16.92913385826772,16.829133858267717,15.929133858267718,fold_1,research_oof
NSE_FO|54752|03-04-2025,2025-04-03,PE,23600.0,2025-03-28 07:27:00+00:00,2025-03-28,777,6,3,158.4,163.9,158.0,163.4,383400,4658925,162.3,6.692784851452815,8.20073439412485,1.4203945540427896,False,True,False,2025-03-28,2025-04-03,-0.4731861198738141,157.75,0.8021672686857461,4691325.0,7.1659709713266295,0.6182272853570435,-0.006906364406644178,True,1.0,1.0,1.0,86.04804202271052,2030733.7917359683,8,0.625,0.625,1.0,5.972707199342708,6.592399185259162,8.997662935753283,0.625,-0.125,,0.25,0.625,0.5,-6.295620437956195,-6.017068905922773,1.404303510758777,12.98840528940901,two_bar_compression_acceptance,62.30000000000001,13.089265769232036,9.399999999999977,6.360000000000014,9.399999999999977,5.791743684534797,5,False,,5.791743684534797,5.6917436845347975,4.791743684534797,fold_1,research_oof
NSE_FO|43899|09-04-2025,2025-04-09,PE,23250.0,2025-04-03 06:53:00+00:00,2025-04-03,743,6,3,135.0,136.5,134.75,136.19,36825,1389300,136.3,0.806809770540351,3.120640281959028,1.9918864097363083,False,False,True,2025-04-03,2025-04-09,-0.5535055350553542,134.75,1.2466367713004485,1389300.0,1.3603153055957051,0.7452496384358598,0.0,True,1.0,1.0,1.0,8.482765168101968,197224.29015837077,5,1.0,1.0,0.8,0.7336757153338258,0.7336757153338258,0.08071691963500777,0.8,0.39999998,-58.52109217232646,0.0,0.0,0.4,-1.2532789274264045,-1.5158226847192702,3.081081081081081,2.0600886979667554,two_bar_compression_acceptance,36.30000000000001,7.3527827980060865,3.6999999999999886,0.6500000000000057,2.4499999999999886,2.7146001467351346,5,False,,1.7975055025678564,1.6975055025678563,0.7975055025678564,fold_1,research_oof
NSE_FO|43888|09-04-2025,2025-04-09,PE,23050.0,2025-04-03 07:47:00+00:00,2025-04-03,797,6,2,73.55,75.09,73.5,74.9,36675,558600,74.84,-0.13333333333332975,3.8851802403204223,8.082644628099173,False,False,True,2025-04-03,2025-04-09,-2.250632574244238,73.4,1.0082644628099173,558600.0,2.117299240910908,7.074380165289256,0.0,True,0.0,1.0,1.0,0.0,0.0,5,0.0,1.0,0.6,-0.44715447154470844,2.0670385535972224,0.22665122802871862,0.0,1.0,,0.0,0.0,0.2,1.332191780821912,-0.16280204718521762,1.0,-1.4655251141552417,two_bar_compression_acceptance,25.159999999999997,9.738212316276478,1.2099999999999937,0.6400000000000006,0.7099999999999937,1.6167824692677628,5,False,,0.9486905398182706,0.8486905398182706,-0.05130946018172944,fold_1,research_oof
NSE_FO|43888|09-04-2025,2025-04-09,PE,23050.0,2025-04-04 06:57:00+00:00,2025-04-04,747,5,3,166.1,173.95,165.75,173.45,95775,1256325,173.55,0.34712178189180154,7.293168059959647,1.5139300533491404,False,False,True,2025-04-04,2025-04-09,-6.764374295377673,165.4,1.1807943094250148,1223325.0,7.111496077269474,0.3331357439241256,0.02697566059714303,True,1.0,1.0,1.0,3.9814061014701845,91771.41063888776,5,0.8,1.0,0.8,0.34712178189180154,5.9075664199116025,0.2526786772172152,0.8,1.0,,0.0,0.0,0.2,-1.620370370370372,-8.983790797923819,1.609442060085837,1.9674921522621736,two_bar_compression_acceptance,73.55000000000001,11.667018514808374,10.599999999999994,0.6500000000000057,6.049999999999983,6.107749927974644,5,False,,3.4860270815326895,3.3860270815326894,2.4860270815326895,fold_1,research_oof
NSE_FO|79537|24-04-2025,2025-04-24,CE,24050.0,2025-04-21 06:16:00+00:00,2025-04-21,706,3,3,172.05,176.5,172.05,175.25,177525,2490750,175.9,2.60538641686181,7.389443651925815,1.467451952882827,True,False,False,2025-04-21,2025-04-24,-2.8857142857142914,169.95,0.5257284562926224,2464200.0,5.491100702576102,0.9417234965902045,0.01077428780131483,True,1.0,1.0,1.0,31.49097305877919,757357.9020636395,8,0.625,0.625,0.625,2.2030375504360267,3.3507902486869634,1.2525754321520501,0.625,0.625,,0.625,0.0,0.125,-3.8770053475935873,-4.459442623579246,1.4620783337106633,6.482391764455397,two_bar_compression_acceptance,75.9,10.344182965130443,0.0,9.200000000000017,-2.25,0.0,5,False,,-1.2791358726549176,-1.3791358726549177,-2.2791358726549173,fold_1,research_oof
NSE_FO|79518|24-04-2025,2025-04-24,PE,23900.0,2025-04-22 05:19:00+00:00,2025-04-22,649,2,0,22.2,22.45,22.05,22.2,195600,6863700,22.3,2.304147465437789,8.10810810810811,1.3519958527734577,False,False,False,2025-04-22,2025-04-24,-1.1210762331838597,22.05,0.5101088646967341,6863700.0,3.425223698621649,0.8418869880767236,0.0,True,1.0,1.0,1.0,28.073345965539698,670952.9685763988,8,0.625,0.625,0.25,1.6065261998898905,3.381414850119302,2.3573475085001068,0.625,0.375,,0.0,0.0,0.0,-0.5799256505576222,-2.0877664225720904,0.46582278481012657,2.8840731159954114,two_bar_compression_acceptance,77.7,6.990817307226935,0.9499999999999993,1.1500000000000021,-0.9499999999999993,4.2600896860986515,5,False,,-4.2600896860986515,-4.360089686098651,-5.2600896860986515,fold_1,research_oof
NSE_FO|79537|24-04-2025,2025-04-24,CE,24050.0,2025-04-22 08:53:00+00:00,2025-04-22,863,2,3,176.0,179.0,176.0,179.0,27975,1293075,178.85,1.5314804310833763,3.910614525139665,1.399624765478424,False,False,False,2025-04-22,2025-04-24,-0.5649717514124242,176.0,0.7354596622889306,1293075.0,2.0964521824958005,0.6641651031894934,0.0,True,1.0,1.0,1.0,15.680984771756435,377127.68376074225,8,0.5,0.625,0.25,0.6305024160984996,0.9635536284331114,0.8703138615203893,0.5,0.0,,0.0,0.0,0.0,-5.629139072847678,-4.064893262791802,1.1486849168008588,7.160619503931054,two_bar_compression_acceptance,78.85,7.215828184811013,0.5500000000000114,4.150000000000006,-1.549999999999983,0.3075202683813315,5,False,,-0.8666480290746341,-0.9666480290746341,-1.8666480290746341,fold_1,research_oof
NSE_FO|52000|30-04-2025,2025-04-30,CE,24350.0,2025-04-24 05:38:00+00:00,2025-04-24,668,6,3,173.7,177.1,173.45,177.0,12600,707625,176.45,0.8547008547008517,3.502824858757056,1.4672489082969433,False,False,False,2025-04-24,2025-04-30,-0.7441327990841295,173.4,0.6812227074235808,707625.0,1.5988336537849812,0.7860262008733625,0.0,True,1.0,1.0,1.0,8.069685004162102,196496.82985134717,5,1.0,1.0,0.8,0.8547008547008517,1.4404677124182363,0.09541098066732626,1.0,1.0,,0.0,0.0,0.2,-1.5188633023027864,-1.3493717768790603,1.6781609195402298,2.373564157003638,two_bar_compression_acceptance,76.44999999999999,9.289380097274414,1.0500000000000114,3.25,-1.299999999999983,0.5950694247662291,5,False,,-0.7367526211391233,-0.8367526211391233,-1.7367526211391233,fold_1,research_oof
NSE_FO|51989|30-04-2025,2025-04-30,PE,24200.0,2025-04-24 06:53:00+00:00,2025-04-24,743,6,3,144.0,146.19,143.6,146.1,27975,2316150,146.55,1.4583333333333393,5.2703627652292875,1.4429400386847195,False,False,False,2025-04-24,2025-04-30,-0.6581226186352485,143.4,0.83399209486166,2316150.0,2.1164559519685877,0.6089479438230595,0.0,True,1.0,1.0,1.0,14.932024156500578,361354.984587314,8,0.875,0.875,1.0,1.6336372137195632,2.2163373691760633,2.1875200084877022,0.75,0.125,,0.25,0.125,0.625,-1.5120967741935498,-1.9766493898267568,1.9081272084805654,2.970430107526889,two_bar_compression_acceptance,46.55000000000001,7.442617488229713,1.6399999999999864,1.5,0.799999999999983,1.119071989082215,5,False,,0.545888775162049,0.44588877516204906,-0.45411122483795097,fold_1,research_oof
NSE_FO|51999|30-04-2025,2025-04-30,PE,24300.0,2025-04-28 08:45:00+00:00,2025-04-28,855,2,2,83.0,85.8,81.84,85.6,560925,10426200,85.1,6.00619195046439,7.768691588785037,1.4852546916890081,True,True,False,2025-04-28,2025-04-30,-4.049295774647888,81.75,0.6861284877370668,10426200.0,10.055487725112279,0.7991262039519413,0.0,True,1.0,1.0,1.0,79.50603059096613,1931996.543360477,8,0.625,0.625,1.0,5.551156080477626,8.757031109433182,7.400771157277245,0.625,0.0,,0.625,0.625,0.375,-4.880478087649398,-10.777198255130195,1.7236606610189715,10.886670038113788,two_bar_compression_acceptance,14.900000000000006,15.775085177374425,10.550000000000011,1.25,8.200000000000003,12.39717978848415,5,False,,9.635722679200944,9.535722679200944,8.635722679200944,fold_1,research_oof
NSE_FO|52004|30-04-2025,2025-04-30,PE,24400.0,2025-04-29 06:16:00+00:00,2025-04-29,706,1,3,101.15,108.15,101.15,107.75,458925,5448825,107.5,4.106280193236711,8.2598607888631,1.74057744275352,False,False,True,2025-04-29,2025-04-30,-6.511627906976747,100.5,0.7113354749885269,5448825.0,10.617908100213459,1.0292419677649933,0.0,True,1.0,1.0,1.0,53.53211409469317,1306183.5839105134,8,0.625,0.75,1.0,4.494369753037885,12.131627005495332,5.547684160754481,0.625,0.625,,0.0,0.375,0.875,-4.591265397536393,-14.098307651057517,1.2518122574503918,8.697545590773103,two_bar_compression_acceptance,7.5,15.918563419005155,9.900000000000006,0.5999999999999943,9.900000000000006,9.209302325581401,5,False,,9.209302325581401,9.109302325581401,8.209302325581401,fold_1,research_oof
NSE_FO|51990|30-04-2025,2025-04-30,CE,24250.0,2025-04-30 09:00:00+00:00,2025-04-30,870,0,3,100.5,101.8,100.3,100.45,180675,2998125,100.3,0.09965122072745913,5.0273768043802995,1.6875656742556917,False,False,True,2025-04-30,2025-04-30,-0.496277915632759,100.25,0.5401050788091069,2998125.0,0.5959291363602182,1.1474605954465849,0.0,True,1.0,1.0,1.0,1.206224280113259,29250.938792746532,5,0.4,0.4,0.8,-0.4859086491739606,0.0,4.885504728470945,0.2,-0.6,15.65908067971759,0.0,0.0,0.8,-25.00000000000001,-21.66666666666668,6.107553080403759,25.09965122072747,two_bar_compression_acceptance,0.29999999999999716,8.372229126677084,0.04999999999999716,12.349999999999994,-7.450000000000003,0.049850448654035054,5,False,,-7.427716849451649,-7.527716849451648,-8.427716849451649,fold_1,research_oof
NSE_FO|38600|08-05-2025,2025-05-08,CE,24250.0,2025-05-06 07:15:00+00:00,2025-05-06,765,2,3,174.8,177.0,174.8,176.4,37125,937950,176.4,0.11350737797957144,4.166666666666679,1.683673469387755,False,False,True,2025-05-06,2025-05-08,-1.1331444759206777,174.5,0.8571428571428571,939675.0,1.2466518539002491,0.826530612244898,-0.0018357410806927926,True,1.0,1.0,1.0,1.194332895774055,28962.572722520836,6,0.33333334,0.8333333,0.16666667,-0.29706646862235897,1.1212705871577966,1.0392242963534066,0.33333334,0.8333333,,0.0,0.0,0.16666666666666666,-8.550724637681162,-3.3333333333333437,1.9632911392405064,8.664232015660733,two_bar_compression_acceptance,76.4,5.748802201260457,0.25,5.450000000000017,-5.450000000000017,0.1417233560090703,5,False,,-3.089569160997742,-3.189569160997742,-4.089569160997742,fold_1,research_oof
NSE_FO|38602|08-05-2025,2025-05-08,CE,24300.0,2025-05-06 08:06:00+00:00,2025-05-06,816,2,3,121.75,125.1,121.75,123.9,132600,4596150,124.15,-0.08064516129031585,3.0669895076674716,1.440325865580448,False,False,False,2025-05-06,2025-05-08,-1.6572352465642703,121.65,1.1265406737880033,4596150.0,1.5765900852739545,0.3137851917924448,0.0,True,0.0,1.0,1.0,0.0,0.0,6,0.16666667,0.8333333,0.8333333,-0.14647969317169718,1.1662645139073002,0.2932033034464328,0.16666667,0.8333333,,0.0,0.0,0.0,-1.2614678899082632,-2.7540052033411033,1.5111876075731498,1.1808227286179473,two_bar_compression_acceptance,24.150000000000006,2.9205180125189103,1.8499999999999943,1.1500000000000057,-1.1500000000000057,1.4901329037454645,5,False,,-0.9262988320579989,-1.0262988320579989,-1.926298832057999,fold_1,research_oof
NSE_FO|38599|08-05-2025,2025-05-08,PE,24200.0,2025-05-07 08:48:00+00:00,2025-05-07,858,1,1,26.85,27.7,26.6,27.7,517875,10473225,27.65,2.4029574861367697,6.498194945848377,1.5276548672566372,True,False,True,2025-05-07,2025-05-08,-3.3149171270718147,26.25,0.9120711860437888,10473225.0,5.7178746132085845,0.6155836812128485,0.0,True,1.0,1.0,1.0,31.616891762383286,765128.7806496755,8,1.0,1.0,1.0,2.445259837595748,5.162568775196497,2.850243938766591,0.875,0.875,2524.7842517082354,0.375,0.375,0.5,-2.522654910604949,1.5048267288169885,0.8282571912013537,4.925612396741719,two_bar_compression_acceptance,72.35,37.27326719296739,6.75,0.14999999999999858,5.25,24.412296564195298,5,False,,18.9873417721519,18.8873417721519,17.9873417721519,fold_1,research_oof
NSE_FO|38600|08-05-2025,2025-05-08,CE,24250.0,2025-05-08 06:19:00+00:00,2025-05-08,709,0,3,148.15,149.69,147.8,147.8,84750,1407450,148.05,-0.06761325219742931,3.917456021650874,2.077205882352941,False,False,True,2025-05-08,2025-05-08,-0.23688663282571687,147.4,1.0716911764705883,1407450.0,0.16927338062828756,1.0055147058823528,0.0,True,0.0,1.0,1.0,0.0,0.0,5,0.6,1.0,1.0,0.15251652262329163,0.7845475152321701,3.534228998059958,0.6,0.0,,0.0,0.0,0.8,-9.285714285714274,-3.9285714285714253,2.782345828295042,9.218101033516845,two_bar_compression_acceptance,48.05000000000001,7.095428288120223,2.3499999999999943,0.950000000000017,0.13999999999998636,1.5873015873015834,5,False,,0.0945626477541279,-0.005437352245872107,-0.9054373522458721,fold_1,research_oof
NSE_FO|46251|15-05-2025,2025-05-15,PE,24050.0,2025-05-12 06:17:00+00:00,2025-05-12,707,3,1,30.9,31.5,30.75,30.95,52950,1616400,30.9,0.978792822185981,7.399030694668818,1.726161369193154,False,False,True,2025-05-12,2025-05-15,-2.848101265822789,30.7,1.0051413881748072,1616400.0,3.82689408800877,0.7210199810183469,0.0,True,1.0,1.0,1.0,10.646449171216247,256047.10256775073,8,0.625,0.75,0.625,0.43707618289957617,4.530875559639308,3.2503384968027205,0.625,0.125,,0.0,0.0,0.25,-0.15548802035479925,0.3559671747688564,4.0,1.1342808425407802,two_bar_compression_acceptance,69.1,7.2996492258702155,0.75,0.34999999999999787,0.40000000000000213,2.4271844660194173,5,False,,1.2944983818770297,1.1944983818770296,0.2944983818770297,fold_1,research_oof
NSE_FO|46235|15-05-2025,2025-05-15,PE,23900.0,2025-05-12 07:47:00+00:00,2025-05-12,797,3,0,21.8,22.3,21.8,22.1,52575,3201000,22.2,0.0,5.429864253393662,1.813712807244502,False,False,True,2025-05-12,2025-05-15,-1.5801354401805745,21.8,1.053040103492885,3201000.0,1.5801354401805745,0.760672703751617,0.0,True,0.0,1.0,1.0,0.0,0.0,8,0.375,0.625,0.5,0.0,1.4082699344003913,0.18787635516844148,0.25,-0.25,-3292.9828326295064,0.0,0.0,0.125,1.6295072942471789,1.9266279252233565,12.0,-1.6295072942471789,two_bar_compression_acceptance,77.8,-30.430161266928103,0.1999999999999993,0.3000000000000007,0.15000000000000213,0.9009009009008978,5,False,,0.6756756756756853,0.5756756756756853,-0.3243243243243147,fold_1,research_oof
NSE_FO|49237|22-05-2025,2025-05-22,PE,24950.0,2025-05-16 05:32:00+00:00,2025-05-16,662,6,3,160.8,165.4,159.4,162.85,414075,2009700,162.9,3.396825396825398,7.522259748234572,2.900446545836617,True,False,True,2025-05-16,2025-05-22,-1.7372488408037068,158.94,0.8799579721565537,2009700.0,5.134074237629105,2.0204885736800633,0.0,True,1.0,1.0,1.0,43.933876659039996,1096150.2226430478,8,0.625,0.75,0.875,3.0736717550828407,4.671534433918079,2.490923993439717,0.5,0.5,-2841.723806540529,0.625,0.0,0.875,-2.6507154585972303,-2.938485242769895,3.173237753882915,6.047540855422628,two_bar_compression_acceptance,62.900000000000006,-17.938479822624274,9.049999999999983,3.210000000000008,9.049999999999983,5.555555555555545,5,False,,5.555555555555545,5.455555555555545,4.555555555555545,fold_1,research_oof
NSE_FO|49237|22-05-2025,2025-05-22,PE,24950.0,2025-05-16 08:49:00+00:00,2025-05-16,859,6,3,136.3,140.65,136.05,140.65,147975,2249625,140.1,2.7092157149116503,6.612157838606477,1.6312525837122778,True,False,True,2025-05-16,2025-05-22,-1.4176663031625014,135.6,0.754572522330923,2242950.0,4.126882018074152,0.8766800613813548,0.002975991439844847,True,1.0,1.0,1.0,32.252685811509956,804704.5109971734,8,0.625,0.625,1.0,2.2059206500512407,2.8464964735549048,3.0606041708370997,0.5,0.5,-2843.0332029127494,0.625,0.0,1.0,-2.754820936639113,-3.1689948896993836,1.638905775075988,5.464036651550764,two_bar_compression_acceptance,40.099999999999994,-20.277518156781817,2.3000000000000114,2.799999999999983,-2.25,1.6416845110635343,5,False,,-1.6059957173447537,-1.7059957173447537,-2.6059957173447534,fold_1,research_oof
NSE_FO|49256|22-05-2025,2025-05-22,PE,25050.0,2025-05-19 05:38:00+00:00,2025-05-19,668,3,3,168.75,173.5,168.75,171.0,212475,3126225,171.3,0.32267527134057783,4.941520467836251,1.3806042884990253,False,False,False,2025-05-19,2025-05-22,-0.1779359430604921,168.3,0.7384697414022927,3126225.0,0.5006112144010699,0.6421345470967326,0.0,True,1.0,1.0,1.0,3.9581234238108975,99150.99176646299,8,0.5,0.625,0.875,0.1522842639593902,0.517917373148391,2.3756969275792503,0.375,-0.125,-2897.3891050307466,0.0,0.0,0.25,2.7152113545201972,0.8458240981209064,0.8009626955475331,-2.3925360831796194,two_bar_compression_acceptance,71.30000000000001,-27.004042965871925,2.5999999999999943,2.8500000000000227,1.6999999999999886,1.5178050204319873,5,False,,0.9924109748978333,0.8924109748978333,-0.0075890251021667465,fold_1,research_oof
NSE_FO|49237|22-05-2025,2025-05-22,PE,24950.0,2025-05-19 07:17:00+00:00,2025-05-19,767,3,3,133.5,136.4,133.35,133.35,184050,2875200,132.44,0.03750937734432469,4.536932883389585,1.9854368932038835,False,False,True,2025-05-19,2025-05-22,-0.15831134564644467,132.44,0.2483818770226537,2875200.0,0.19582072299076936,1.7370550161812297,0.0,True,1.0,1.0,1.0,0.45472498770048353,11345.388443127064,8,0.625,0.5,0.75,0.0463028980385527,0.03533026113671234,2.400482292160658,0.25,-0.125,9.060190499607415,0.0,0.0,0.75,-0.2336448598130758,0.10201225353575483,1.4600638977635783,0.2711542371574005,two_bar_compression_acceptance,32.44,2.811794386827703,1.1599999999999966,9.239999999999995,-6.789999999999992,0.8758683177287803,5,False,,-5.126849894291749,-5.226849894291749,-6.126849894291749,fold_1,research_oof
NSE_FO|61686|29-05-2025,2025-05-29,PE,24550.0,2025-05-23 04:43:00+00:00,2025-05-23,613,6,3,99.6,102.2,99.1,100.6,143475,1663650,100.9,1.4624306606152215,7.753479125248506,1.6204997882253283,False,False,True,2025-05-23,2025-05-29,-0.7511266900350533,99.1,0.7081745023295214,1663650.0,2.213557350650275,0.9123252858958069,0.0,True,1.0,1.0,1.0,17.364789134211797,426305.5732448996,8,0.875,0.75,0.875,0.9499801130436802,2.0094383450881494,1.8588972009230345,0.625,-0.125,-1684.0916509956369,0.125,0.0,0.375,-0.16278487352868742,-1.7000832606254623,1.4632034632034632,1.625215534143909,two_bar_compression_acceptance,0.9000000000000057,-11.065279111072574,3.8999999999999915,3.0500000000000114,0.75,3.8652130822596544,5,False,,0.7433102081268582,0.6433102081268582,-0.2566897918731418,fold_1,research_oof
NSE_FO|61690|29-05-2025,2025-05-29,PE,24650.0,2025-05-23 08:05:00+00:00,2025-05-23,815,6,3,115.35,118.8,115.05,118.8,72300,2555925,118.35,4.993371630578869,7.323232323232326,1.6506849315068493,True,False,True,2025-05-23,2025-05-29,-0.08699434536756367,114.85,1.2328767123287672,2555925.0,5.080365975946433,0.4178082191780821,0.0,True,1.0,1.0,1.0,55.86880406725633,1377166.0202578686,8,0.75,0.625,0.875,4.614368032276628,4.4154416641445255,2.3282173907960653,0.375,0.5,-3072.5833949012704,0.625,0.125,0.75,-3.2911392405063244,-3.2143539832757084,2.567741935483871,8.284510871085192,two_bar_compression_acceptance,18.349999999999994,-22.3737729382893,0.0,6.799999999999997,-4.699999999999989,0.0,5,False,,-3.9712716518800075,-4.071271651880007,-4.9712716518800075,fold_1,research_oof
NSE_FO|61692|29-05-2025,2025-05-29,PE,24700.0,2025-05-26 06:39:00+00:00,2025-05-26,729,3,2,94.6,96.7,94.6,96.15,219825,6144450,95.85,4.681545998911285,6.500260010400416,1.6869064748201439,True,False,True,2025-05-26,2025-05-29,-2.2233712512926607,94.55,1.0793650793650793,6144450.0,6.904917250203946,0.6075413954550646,0.0,True,1.0,1.0,1.0,57.5857854047176,1422368.8994965246,8,0.625,0.625,0.875,4.608076102080938,6.294251204808793,4.325750065527802,0.5,0.5,-4298.797281077965,0.625,0.125,0.25,-3.6032944406314327,-3.068410719701198,1.2527472527472527,8.284840439542718,two_bar_compression_acceptance,4.150000000000006,-31.487827170328796,3.5500000000000114,3.3999999999999915,-0.3499999999999943,3.703703703703716,5,False,,-0.36515388628064094,-0.4651538862806409,-1.365153886280641,fold_1,research_oof
NSE_FO|61692|29-05-2025,2025-05-29,PE,24700.0,2025-05-26 08:13:00+00:00,2025-05-26,823,3,2,95.5,98.6,95.45,98.45,193425,6031200,97.45,-1.1546184738955745,5.688166582021325,1.8316761363636365,False,False,True,2025-05-26,2025-05-29,-2.7663934426229386,94.9,1.5330459770114941,6022050.0,1.6117749687273641,0.2986301593521423,0.0015194161456646824,True,0.0,1.0,1.0,0.0,0.0,8,0.0,0.625,0.875,-1.4889763779527554,0.8340271845824143,2.8057690484586173,-0.25,0.625,,0.0,0.0,0.75,2.186660151478126,-1.1450636534470426,3.25,-3.3412786253737004,two_bar_compression_acceptance,2.549999999999997,-1.824060507976617,2.049999999999997,2.0,0.45000000000000284,2.103642893791685,5,False,,0.46177526936891,0.36177526936891,-0.53822473063109,fold_1,research_oof
NSE_FO|61686|29-05-2025,2025-05-29,PE,24550.0,2025-05-27 04:56:00+00:00,2025-05-27,626,2,3,109.0,112.9,109.0,112.05,111000,1458675,113.0,-0.31138790035587505,7.273538598839796,1.3877168307548053,False,False,False,2025-05-27,2025-05-29,-2.266545784224838,107.8,0.8166901078293484,1458675.0,1.9551578838689632,0.571026722925457,0.0,True,0.0,1.0,1.0,0.0,0.0,8,0.25,0.625,0.625,-0.23293390898329047,0.8367510306977854,4.479506313445541,0.25,0.625,,0.125,0.125,0.375,1.0749521425415853,-2.0464183568776884,1.6857142857142857,-1.3863400428974604,two_bar_compression_acceptance,13.0,1.934962821122165,2.0,4.849999999999994,-4.849999999999994,1.7699115044247788,5,False,,-4.292035398230083,-4.392035398230083,-5.292035398230083,fold_1,research_oof
NSE_FO|61693|29-05-2025,2025-05-29,CE,24750.0,2025-05-28 06:19:00+00:00,2025-05-28,709,1,3,148.69,155.85,148.69,154.19,454275,4710750,154.6,3.1026412571046436,6.751410597314998,2.041112047177759,True,False,True,2025-05-28,2025-05-29,-2.5273134131894137,148.1,0.802562805597707,4657425.0,5.629954670294057,1.238549241580052,0.011449459733651106,True,1.0,1.0,1.0,40.416432918265556,1000306.7147270725,5,1.0,1.0,1.0,2.2165231727422574,4.566487019452303,0.40630187215349967,1.0,0.0,,1.0,0.0,1.0,-3.713188220230479,-3.713188220230479,2.0654986831558455,6.8158294773351225,two_bar_compression_acceptance,54.599999999999994,13.924393596248285,8.400000000000006,2.3499999999999943,3.700000000000017,5.433376455368697,5,False,,2.3932729624838402,2.29327296248384,1.3932729624838402,fold_2,research_oof
NSE_FO|40487|05-06-2025,2025-06-05,CE,24900.0,2025-05-30 07:11:00+00:00,2025-05-30,761,6,3,149.1,152.3,149.1,150.69,112350,5724075,150.69,-0.6330365974282937,3.782600039816835,1.847102342786683,False,False,True,2025-05-30,2025-06-05,-2.4533856722276703,149.1,0.9962546816479401,5724075.0,1.8203490747993767,0.850847661138743,0.0,True,0.0,1.0,1.0,0.0,0.0,7,0.0,0.71428573,0.71428573,-0.28263103802671496,1.693547722713551,0.23103093102338162,0.0,0.14285713,,0.0,0.0,0.42857142857142855,0.4511820970943825,-3.478948907272428,2.5714285714285716,-1.0842186945226762,two_bar_compression_acceptance,50.69,1.7870713044802145,2.8600000000000136,2.6899999999999977,0.8600000000000136,1.8979361603291618,5,False,,0.5707080761829011,0.4707080761829011,-0.4292919238170989,fold_2,research_oof
NSE_FO|40479|05-06-2025,2025-06-05,PE,24750.0,2025-06-04 08:59:00+00:00,2025-06-04,869,1,3,168.9,175.0,168.25,171.55,104250,1676925,171.95,5.471872118044896,7.927717866511218,2.484361036639857,True,True,True,2025-06-04,2025-06-05,-0.8264462809917439,168.0,0.4307417336907953,1676925.0,6.29831839903664,2.0536193029490617,0.0,True,1.0,1.0,1.0,63.225056817876904,1564820.1562424535,8,0.625,0.625,1.0,4.3634292257630936,4.867273642062709,13.061838879444563,0.5,-0.125,-2480.6315691459713,0.5,0.375,0.875,-6.593406593406604,-6.080586080586082,1.8194671016856987,12.0652787114515,two_bar_compression_acceptance,71.94999999999999,-11.983983872307398,0.0,6.449999999999989,-4.0,0.0,5,False,,-2.3262576330328586,-2.4262576330328587,-3.3262576330328586,fold_2,research_oof
NSE_FO|44853|12-06-2025,2025-06-12,PE,24700.0,2025-06-06 07:34:00+00:00,2025-06-06,784,6,2,71.55,73.5,71.5,73.35,196350,8139375,73.35,0.0,4.9079754601226915,2.080254270957489,False,False,True,2025-06-06,2025-06-12,-0.9708737864077555,71.4,0.8073102900278109,8136000.0,0.9708737864077555,1.272943980929678,0.0004148230088495575,True,0.0,1.0,1.0,0.0,0.0,8,0.25,0.625,0.75,0.0,0.4464661045466556,0.2122112607823321,0.25,0.625,,0.0,0.0,0.5,-0.33539039441909946,0.12344547343616785,1.774936061381074,0.33539039441909946,two_bar_compression_acceptance,26.650000000000006,3.081910283198689,1.6500000000000057,0.7999999999999972,1.2000000000000028,2.2494887525562453,5,False,,1.6359918200409038,1.5359918200409037,0.6359918200409038,fold_2,research_oof
NSE_FO|44859|12-06-2025,2025-06-12,PE,24850.0,2025-06-06 08:19:00+00:00,2025-06-06,829,6,3,108.0,110.95,108.0,110.55,102450,2181225,110.5,0.18124150430449681,6.919945725915881,1.407521895929933,False,False,False,2025-06-06,2025-06-12,-3.363228699551568,107.75,0.743847874720358,2206125.0,3.544470203856065,0.663674021209575,-0.011286758456569778,True,1.0,1.0,1.0,2.0910085934715124,51961.56354776708,8,0.5,0.75,0.875,0.09009009009008917,3.4582665752270145,2.5041475507419655,0.5,0.75,,0.125,0.125,0.375,-1.2286427337300787,-2.897838484868165,1.6227642276422765,1.4098842380345755,two_bar_compression_acceptance,10.5,6.1725263577064995,3.0,1.7999999999999972,1.4500000000000028,2.7149321266968327,5,False,,1.3122171945701384,1.2122171945701383,0.3122171945701384,fold_2,research_oof
NSE_FO|44859|12-06-2025,2025-06-12,PE,24850.0,2025-06-09 06:20:00+00:00,2025-06-09,710,3,2,54.65,57.15,54.6,55.45,86250,2212500,55.25,-0.6272401433691677,7.484220018034263,1.823949246629659,False,False,True,2025-06-09,2025-06-12,-0.9981851179673429,54.55,0.4314036478984933,2212500.0,0.3709449745981752,1.3925455987311657,0.0,True,0.0,1.0,1.0,0.0,0.0,8,0.125,0.5,0.875,-0.6447458994991551,0.061906133026201626,4.473182064878009,-0.125,0.0,-34.21907833655132,0.125,0.125,1.0,-0.5872756933115841,0.04104716797407315,2.2222222222222223,-0.039964450057583534,two_bar_compression_acceptance,44.75,-1.5193301052305221,1.2000000000000028,1.6499999999999986,0.75,2.1719457013574712,5,False,,1.3574660633484164,1.2574660633484163,0.35746606334841635,fold_2,research_oof
NSE_FO|44859|12-06-2025,2025-06-12,PE,24850.0,2025-06-09 08:03:00+00:00,2025-06-09,813,3,1,49.35,50.8,49.35,49.7,55950,2248725,49.55,1.8442622950819887,6.338028169014081,1.3827618164967563,False,False,False,2025-06-09,2025-06-12,-1.1044176706827225,49.25,0.8263821532492726,2248725.0,2.948679965764711,0.5563796632474838,0.0,True,1.0,1.0,1.0,20.161902516420724,501023.277533055,8,0.875,0.75,0.75,2.2611310340127866,2.447319091293887,2.987977785655528,0.625,0.0,1252.262493015467,0.625,0.25,0.375,-1.4691478942213565,-0.11271710487670283,3.5,3.313410189303345,two_bar_compression_acceptance,50.45,19.56501323977428,1.9000000000000057,0.5999999999999943,0.20000000000000284,3.8345105953582355,5,False,,0.40363269424823983,0.3036326942482398,-0.5963673057517602,fold_2,research_oof
NSE_FO|50992|19-06-2025,2025-06-19,PE,24550.0,2025-06-16 06:33:00+00:00,2025-06-16,723,3,1,44.0,45.35,43.95,44.35,78825,1098450,44.4,1.4874141876430214,6.200676437429538,1.4289598912304555,False,False,False,2025-06-16,2025-06-19,-1.5712682379348974,43.85,0.661505981703026,1098450.0,3.058682425577919,0.7674539095274295,0.0,True,1.0,1.0,1.0,16.77059224469366,411718.03960722935,8,0.75,1.0,0.625,1.4605529719577182,3.267686351177818,0.7314639032121425,0.75,0.0,,0.0,0.0,0.0,-2.1715261681102938,0.2704614397137872,1.0434782608695652,3.658940355753315,two_bar_compression_acceptance,55.6,8.34325113917671,0.30000000000000426,1.6000000000000014,-0.3999999999999986,0.6756756756756853,5,False,,-0.9009009009008978,-1.0009009009008978,-1.900900900900898,fold_2,research_oof
NSE_FO|50980|19-06-2025,2025-06-19,PE,24350.0,2025-06-16 06:56:00+00:00,2025-06-16,746,3,1,24.6,25.5,24.6,25.35,64650,1739925,25.35,3.6809815950920255,6.508875739644965,3.2963671128107075,True,False,True,2025-06-16,2025-06-19,-0.6060606060605989,24.6,0.22077922077922077,1739925.0,4.287042201152625,3.0755878920314865,0.0,True,1.0,1.0,1.0,40.773345467427525,992830.9621318602,8,0.625,0.875,0.875,3.493544323728548,3.2979513938537988,2.6756902157955422,0.375,0.5,90.92373229554141,0.625,0.0,0.875,0.0,0.44839255499153907,,3.6809815950920255,two_bar_compression_acceptance,74.65,10.418292889434278,0.09999999999999787,1.8500000000000014,-1.75,0.3944773175542322,5,False,,-6.90335305719921,-7.0033530571992095,-7.90335305719921,fold_2,research_oof
NSE_FO|50992|19-06-2025,2025-06-19,PE,24550.0,2025-06-17 08:15:00+00:00,2025-06-17,825,2,1,29.35,30.45,29.3,30.45,39750,1781550,30.3,3.747870528109032,5.582922824302132,1.5519765739385065,True,False,True,2025-06-17,2025-06-19,-1.5254237288135575,29.05,0.8052708638360175,1781550.0,5.27329425692259,0.746705710102489,0.0,True,1.0,1.0,1.0,39.691411600336046,974424.15478825,8,0.875,1.0,0.375,3.540601930721188,4.499612536486408,1.4010079021142006,0.875,1.0,,0.875,0.0,0.375,-0.5147615442846254,-2.22948081590828,1.2857142857142858,4.262632072393657,two_bar_compression_acceptance,69.7,11.845946856061378,1.0999999999999979,0.40000000000000213,0.14999999999999858,3.630363036303623,5,False,,0.4950495049504904,0.3950495049504904,-0.5049504950495096,fold_2,research_oof
NSE_FO|56985|03-07-2025,2025-07-03,PE,25650.0,2025-06-27 06:15:00+00:00,2025-06-27,705,6,3,157.85,162.6,157.85,161.9,146700,1593900,161.7,2.6958452267681565,5.744286596664614,1.3683105981112278,True,False,False,2025-06-27,2025-07-03,-0.34777110338287676,157.6,1.0192170818505337,1640625.0,3.0436163301510333,0.34909351626069407,-0.02848,True,1.0,1.0,1.0,32.070183995018574,822600.2194722265,8,0.75,0.875,0.75,2.6267850312570618,3.0106977501455914,2.839801574323348,0.625,0.125,-2354.4794783437173,0.75,0.0,0.25,-3.3042846768336798,-1.716983089532098,1.5901168358552003,6.000129903601836,two_bar_compression_acceptance,61.69999999999999,-15.700638849967161,3.5,3.4499999999999886,-0.39999999999997726,2.164502164502165,5,False,,-0.24737167594309048,-0.3473716759430905,-1.2473716759430904,fold_2,research_oof
NSE_FO|56985|03-07-2025,2025-07-03,PE,25650.0,2025-07-01 06:02:00+00:00,2025-07-01,692,2,3,162.55,166.05,162.55,165.6,77100,2031750,165.35,2.4435508815341622,4.4987922705313945,1.544703230653644,True,False,True,2025-07-01,2025-07-03,-0.8882082695252591,161.8,0.9241172051089407,2031750.0,3.3317591510594213,0.6205860255447032,0.0,True,1.0,1.0,1.0,27.496964146032532,705297.1303457344,8,0.75,0.625,0.875,2.548698517690151,3.11888423329284,3.125191628723805,0.5,-0.375,-1876.6065065223775,0.5,0.125,0.5,-4.732142857142851,-4.553091827599431,1.2069555302166477,7.175693738677014,two_bar_compression_acceptance,65.35,-10.477168639695739,2.75,3.25,-2.549999999999983,1.6631387964922892,5,False,,-1.542183247656476,-1.6421832476564762,-2.5421832476564763,fold_2,research_oof
NSE_FO|56998|03-07-2025,2025-07-03,CE,25700.0,2025-07-01 06:48:00+00:00,2025-07-01,738,2,1,37.95,39.85,37.95,39.85,212925,10505025,39.75,3.776041666666674,7.402760351317447,1.4828937059284408,True,False,False,2025-07-01,2025-07-03,-0.654450261780104,37.95,0.5870984591277096,10475400.0,4.430491928446778,0.8957952468007312,0.002828054298642534,True,1.0,1.0,1.0,46.32712226928931,1190607.0423207353,6,0.8333333,0.8333333,0.8333333,2.6959533665624758,3.240164927566674,1.2988142976221266,0.8333333,0.8333333,,0.8333333333333334,0.0,0.6666666666666666,-1.8066157760814328,-1.1546599084786169,1.8269851517107811,5.582657442748107,two_bar_compression_acceptance,60.25,10.482806288683888,3.1000000000000014,0.6000000000000014,1.8999999999999986,7.7987421383647835,5,False,,4.779874213836474,4.679874213836475,3.7798742138364743,fold_2,research_oof
NSE_FO|56843|03-07-2025,2025-07-03,CE,25500.0,2025-07-02 06:14:00+00:00,2025-07-02,704,1,2,67.0,69.5,67.0,69.0,1121100,22314150,68.8,3.2161555721765156,6.521739130434782,1.34303683737646,True,False,False,2025-07-02,2025-07-03,-0.5934718100890302,67.0,0.7435759209344115,22314150.0,3.8096273822655458,0.5994609164420486,0.0,True,1.0,1.0,1.0,44.800473989024866,1142412.0867201341,7,0.71428573,0.71428573,0.71428573,2.7027027027026973,3.755716333356096,1.4135965396734416,0.71428573,0.0,,0.7142857142857143,0.0,0.0,-3.347034644744573,-3.108655622098566,1.0273551837531167,6.563190216921089,two_bar_compression_acceptance,31.200000000000003,9.28893034686341,4.700000000000003,0.5,1.9500000000000028,6.831395348837213,5,False,,2.8343023255813997,2.7343023255813996,1.8343023255813997,fold_2,research_oof
NSE_FO|40048|10-07-2025,2025-07-10,PE,25450.0,2025-07-04 09:00:00+00:00,2025-07-04,870,6,3,164.0,166.95,164.0,165.7,123600,2258775,165.7,-0.7784431137724646,7.060953530476775,1.733824302998422,False,False,True,2025-07-04,2025-07-10,-2.3845007451564815,163.75,0.9562005277044855,2258775.0,1.606057631384017,0.7776237752939364,0.0,True,0.0,1.0,1.0,0.0,0.0,8,0.375,0.75,0.5,-0.6148689281111119,1.5453433601536337,2.7987424738944386,0.125,0.0,-23.67678436532151,0.25,0.0,0.5,1.1888431641518205,-1.9879524159586826,1.6772027972027972,-1.967286277924285,two_bar_compression_acceptance,65.69999999999999,0.7312644655525231,1.6000000000000227,18.049999999999983,-16.899999999999977,0.9656004828002551,5,False,,-10.199155099577537,-10.299155099577536,-11.199155099577537,fold_2,research_oof
NSE_FO|40050|10-07-2025,2025-07-10,PE,25500.0,2025-07-07 05:26:00+00:00,2025-07-07,656,3,3,132.3,135.0,132.3,132.85,316650,7025775,133.0,0.9115077857956511,7.602559277380501,1.4478737997256517,False,False,False,2025-07-07,2025-07-10,-3.4016093635698463,132.05,0.8679698216735254,7025775.0,4.313117149365498,0.5799039780521262,0.0,True,1.0,1.0,1.0,11.544752449677423,294391.1874667743,8,0.875,0.75,0.75,1.2500354922059143,4.283931123087504,2.7696519436436344,0.75,0.125,-951.7928593962461,0.25,0.25,0.25,1.155268022181155,-6.176110276939073,1.0443521694650058,-0.24376023638550404,two_bar_compression_acceptance,33.0,-1.5177823673745932,1.3499999999999943,9.0,-8.299999999999997,1.015037593984958,5,False,,-6.240601503759397,-6.340601503759396,-7.240601503759397,fold_2,research_oof
NSE_FO|40051|10-07-2025,2025-07-10,CE,25550.0,2025-07-07 07:14:00+00:00,2025-07-07,764,3,2,74.9,77.5,74.8,76.35,169200,4386525,76.4,1.9359145527369614,5.566470203012443,1.4910773298083277,False,False,False,2025-07-07,2025-07-10,-2.096985583224109,74.7,0.9557171183079973,4386525.0,4.0329001359610706,0.5353602115003304,0.0,True,1.0,1.0,1.0,23.30617065772779,595472.6603049451,6,0.8333333,0.8333333,0.8333333,1.9451331555751628,3.1697389873744264,0.8232686531034971,0.8333333,0.8333333,,0.3333333333333333,0.0,0.16666666666666666,-1.6427718040621264,-2.0324600534625925,1.4457831325301205,3.578686356799088,two_bar_compression_acceptance,23.599999999999994,9.959698993077794,0.0,4.800000000000011,-2.6500000000000057,0.0,5,False,,-3.468586387434562,-3.568586387434562,-4.468586387434562,fold_2,research_oof
NSE_FO|40042|10-07-2025,2025-07-10,CE,25400.0,2025-07-08 07:59:00+00:00,2025-07-08,809,2,3,135.45,138.25,135.45,136.95,247950,6584175,137.0,2.1252796420581532,6.024096385542169,2.269824922760041,True,False,True,2025-07-08,2025-07-10,-0.1476559616094386,135.25,0.7257123240645382,6584175.0,2.272935603667592,1.5441125986955029,0.0,True,1.0,1.0,1.0,26.398069583291377,670510.967415601,6,0.8333333,0.8333333,0.8333333,2.2542740622742197,2.2076781509787424,1.1595983447001503,0.16666663,0.0,-32.33966115847943,0.5,0.0,0.6666666666666666,-3.336703741152691,-2.824933014438258,2.1514756944444446,5.461983383210844,two_bar_compression_acceptance,37.0,4.6662644018590544,0.19999999999998863,8.400000000000006,-5.75,0.14598540145984573,5,False,,-4.197080291970803,-4.297080291970802,-5.197080291970803,fold_2,research_oof
NSE_FO|40040|10-07-2025,2025-07-10,CE,25350.0,2025-07-08 08:29:00+00:00,2025-07-08,839,2,3,170.2,176.05,170.2,175.4,94800,1262175,175.95,0.6022368798394018,3.4492588369441344,4.1716171617161715,False,False,True,2025-07-08,2025-07-10,-2.492122600973945,170.2,0.7849829351535836,1262175.0,3.0943594808133468,3.3866342265625877,0.0,True,1.0,1.0,1.0,6.901354745366324,174949.3427950363,6,0.8333333,0.8333333,0.8333333,0.8331961349159256,3.3784801728279747,0.40565427790208214,0.8333333,0.8333333,,0.0,0.0,0.8333333333333334,0.8797653958944274,-0.7331378299120228,3.003219575016098,-0.2775285160550256,two_bar_compression_acceptance,75.94999999999999,12.276854025091064,0.5,6.949999999999989,-4.799999999999983,0.2841716396703609,5,False,,-2.7280477408354553,-2.8280477408354554,-3.7280477408354553,fold_2,research_oof
NSE_FO|40042|10-07-2025,2025-07-10,CE,25400.0,2025-07-09 06:55:00+00:00,2025-07-09,745,1,3,177.25,180.85,177.15,179.2,303900,4669500,179.0,0.9577464788732337,4.79910714285714,1.8430748237434615,False,False,True,2025-07-09,2025-07-10,-0.1971830985915468,177.15,0.5767284991568297,4669500.0,1.1549295774647805,1.2663463245866318,0.0,True,1.0,1.0,1.0,12.091029497506675,307112.14923666953,8,0.75,0.625,0.625,0.6454818389689754,0.983240957909054,0.4917519462543336,0.625,-0.125,2462.381180145385,0.0,0.0,0.375,1.0000000000000009,1.2457002457002542,1.04993185478875,-0.04225352112676717,two_bar_compression_acceptance,79.0,30.334787653948645,3.5,3.0,2.8000000000000114,1.9553072625698324,5,False,,1.5642458100558723,1.4642458100558722,0.5642458100558723,fold_2,research_oof
NSE_FO|40047|10-07-2025,2025-07-10,CE,25450.0,2025-07-09 08:23:00+00:00,2025-07-09,833,1,3,125.85,127.85,125.45,127.5,194700,4524225,127.75,0.8303677342823335,5.294117647058823,1.6445993031358885,False,False,True,2025-07-09,2025-07-10,-2.2992985190958826,125.35,1.0138888888888888,4524225.0,3.129666253378216,0.6307104142469997,0.0,True,1.0,1.0,1.0,10.113231588633262,257381.7439307165,8,0.625,0.625,0.625,0.6637315394064092,2.487543369679135,0.5845156428041293,0.625,0.25,,0.0,0.0,0.125,-1.2558869701726927,-5.757494687214493,1.6461564683824783,2.086254704455026,two_bar_compression_acceptance,27.75,7.468621215274578,4.150000000000006,3.25,2.3000000000000114,3.2485322896281845,5,False,,1.8003913894324943,1.7003913894324942,0.8003913894324943,fold_2,research_oof
NSE_FO|40057|10-07-2025,2025-07-10,PE,25550.0,2025-07-10 08:02:00+00:00,2025-07-10,812,0,3,155.15,160.7,154.8,159.5,130425,1443150,159.0,1.7868538608806661,7.648902821316607,1.8382663847780127,False,False,True,2025-07-10,2025-07-10,-3.763608087091763,154.7,0.8932346723044398,1443150.0,5.55046194797243,0.945031712473573,0.0,True,1.0,1.0,1.0,21.046567725774214,537739.8053935311,8,0.5,0.625,0.625,0.8934269304403331,6.4519685311791815,12.318647219062138,0.375,0.125,,0.0,0.0,0.375,-8.955223880597018,-13.717128642501784,1.0954043048283886,10.742077741477683,two_bar_compression_acceptance,59.0,9.811772372625224,0.5,6.849999999999994,-3.1999999999999886,0.3144654088050315,5,False,,-2.012578616352194,-2.1125786163521942,-3.012578616352194,fold_2,research_oof
NSE_FO|47292|17-07-2025,2025-07-17,PE,25250.0,2025-07-11 04:27:00+00:00,2025-07-11,597,6,2,92.2,95.2,92.2,94.85,451425,4501800,94.85,3.3224400871459725,6.32577754348972,1.3887863405629903,True,False,False,2025-07-11,2025-07-17,-1.7066666666666563,92.15,0.7118135671435164,4501800.0,5.029106753812629,0.6769727734194739,0.0,True,1.0,1.0,1.0,43.258723919260966,1092282.7789613395,8,0.625,0.625,0.625,2.9733329757466898,4.335894888620551,3.7541375933834846,0.625,0.375,,0.625,0.0,0.125,-2.2471910112359605,-4.281716288671222,0.8393764231914521,5.569631098381933,two_bar_compression_acceptance,5.150000000000006,9.78461513853281,14.650000000000006,0.44999999999998863,9.450000000000003,15.445440168687409,5,False,,9.963099630996314,9.863099630996315,8.963099630996314,fold_2,research_oof
NSE_FO|47288|17-07-2025,2025-07-17,PE,25200.0,2025-07-11 06:27:00+00:00,2025-07-11,717,6,3,127.95,131.8,127.6,131.3,509400,5916825,131.15,4.538216560509567,6.70220868240671,1.5638959244761685,True,False,True,2025-07-11,2025-07-17,-0.8553654743390315,127.5,1.0101059896475229,5930925.0,5.393582034848599,0.5537899348286457,-0.002377369465977061,True,1.0,1.0,1.0,59.636662091027716,1502843.8846938985,8,0.75,0.625,0.75,4.016689847009736,4.178339589091834,2.0498452301279912,0.5,-0.125,-2000.1493264474484,0.75,0.125,0.375,-3.691275167785224,-4.107941834451889,1.6661671469740633,8.229491728294791,two_bar_compression_acceptance,31.150000000000006,-10.199853002348059,9.349999999999994,3.0500000000000114,6.699999999999989,7.129241326725119,5,False,,5.108654212733502,5.008654212733503,4.108654212733502,fold_2,research_oof
NSE_FO|47296|17-07-2025,2025-07-17,PE,25350.0,2025-07-15 07:54:00+00:00,2025-07-15,804,2,3,163.0,166.6,163.0,165.45,64500,798225,165.0,-0.9577970667465019,6.406769416742232,1.397238017871649,False,False,False,2025-07-15,2025-07-17,-1.748040988547317,163.0,0.3905660377358491,797475.0,0.790243921800815,1.0066719801358,0.0009404683532399135,True,0.0,1.0,1.0,0.0,0.0,8,0.25,0.875,0.625,-1.0292129987820642,0.8028475686260139,4.356083322512354,0.125,0.125,-18.128487913101708,0.25,0.25,0.25,1.060606060606073,-1.0352023226274598,1.3137539982553068,-2.018403127352575,two_bar_compression_acceptance,65.0,0.19094112293318155,13.599999999999994,0.8499999999999943,11.949999999999989,8.242424242424239,5,False,,7.242424242424235,7.1424242424242355,6.242424242424235,fold_2,research_oof
NSE_FO|47296|17-07-2025,2025-07-17,PE,25350.0,2025-07-17 06:04:00+00:00,2025-07-17,694,0,3,157.0,163.35,157.0,161.7,118050,689925,161.45,0.6535947712418277,7.142857142857151,1.8334304018637158,False,False,True,2025-07-17,2025-07-17,-1.1972274732198973,156.8,0.5626092020966803,682725.0,1.850822244461725,1.2708211997670356,0.010545973854773152,True,1.0,1.0,1.0,7.6332496820030125,193502.87943877638,8,0.75,0.75,0.625,1.1262721932503883,3.585114774606102,11.244527219264535,0.75,0.625,,0.0,0.125,0.375,-11.764705882352933,-5.0339366515836925,1.4021296296296297,12.41830065359476,two_bar_compression_acceptance,61.44999999999999,9.578919599466717,2.3500000000000227,24.349999999999994,-19.599999999999994,1.4555589965933868,5,False,,-12.139981418395786,-12.239981418395786,-13.139981418395786,fold_2,research_oof
NSE_FO|47296|17-07-2025,2025-07-17,PE,25350.0,2025-07-17 06:37:00+00:00,2025-07-17,727,0,3,151.0,154.8,150.95,154.05,74100,703875,153.6,2.392821535393841,5.907172995780587,1.3599449415003442,True,False,False,2025-07-17,2025-07-17,-0.36435905929114165,150.4,0.6964900206469373,695475.0,2.7571805946849826,0.6634549208534068,0.012078076135015638,True,1.0,1.0,1.0,26.83114888886112,680169.6243326294,8,0.75,0.875,0.5,2.6291451047537495,5.072023546169186,14.444422231887405,0.75,0.875,,0.125,0.125,0.125,-16.666666666666675,-8.333333333333337,3.3402156457903187,19.059488202060514,two_bar_compression_acceptance,53.599999999999994,11.886333084714387,6.400000000000006,5.549999999999983,-2.3499999999999943,4.1666666666666705,5,False,,-1.529947916666663,-1.629947916666663,-2.529947916666663,fold_2,research_oof
NSE_FO|49487|24-07-2025,2025-07-24,CE,25000.0,2025-07-18 07:09:00+00:00,2025-07-18,759,6,3,118.0,125.7,117.85,124.15,800400,10122900,124.1,3.2003325020781404,7.450664518727345,3.1602013621557594,True,False,True,2025-07-18,2025-07-24,-3.2827246614690164,117.85,0.5037015102161682,10084425.0,6.483057163547157,2.656499851939591,0.003815289419079422,True,1.0,1.0,1.0,43.501697676313455,1087542.4419078364,6,0.8333333,0.8333333,0.8333333,3.247997213514442,6.741578610657656,1.3557697007112384,0.8333333,0.0,,0.5,0.0,0.8333333333333334,-4.651162790697672,-7.7638640429337995,3.2935280641466207,7.851495292775812,two_bar_compression_acceptance,24.099999999999994,15.245342341957684,3.9000000000000057,5.8999999999999915,-5.1499999999999915,3.1426269137792153,5,False,,-4.149879129734078,-4.249879129734078,-5.149879129734078,fold_2,research_oof
NSE_FO|49489|24-07-2025,2025-07-24,PE,25000.0,2025-07-18 07:46:00+00:00,2025-07-18,796,6,3,130.85,138.3,130.85,137.3,504150,6522075,137.3,1.892393320964758,5.6081573197378125,1.4112954020575268,False,False,False,2025-07-18,2025-07-24,-3.0033370411568283,130.8,0.5099063792728065,6534825.0,4.895730362121586,0.9013890227847203,-0.0019510851476512378,True,1.0,1.0,1.0,24.848318603827867,621207.9650956966,8,0.625,0.625,0.625,1.7132576816888068,3.7539165674642327,0.9663618286566952,0.5,0.5,-1992.542844814001,0.125,0.0,0.375,-2.809446254071668,-4.149275730320134,2.116517709367759,4.701839575036426,two_bar_compression_acceptance,37.30000000000001,-10.936086665851926,2.1499999999999773,3.3000000000000114,-0.30000000000001137,1.5659140568098886,5,False,,-0.21849963583394855,-0.3184996358339486,-1.2184996358339486,fold_2,research_oof
NSE_FO|49518|24-07-2025,2025-07-24,PE,25150.0,2025-07-21 07:22:00+00:00,2025-07-21,772,3,3,141.6,145.65,141.6,143.15,146025,1184625,143.8,1.6329428470003737,7.544533705902906,4.12063492063492,False,False,True,2025-07-21,2025-07-24,-0.1063075832742788,140.95,2.016931216931217,1179750.0,1.7392504302746525,2.103703703703703,0.004132231404958678,True,1.0,1.0,1.0,19.41820512897662,488367.858993762,8,0.875,0.625,0.875,2.2348832054658874,1.7290890277688375,2.824743990902973,0.375,-0.25,-1072.931889218049,0.25,0.25,1.0,-1.8759018759018753,-2.021674470654067,2.454298642533937,3.508844722902249,two_bar_compression_acceptance,43.80000000000001,-4.488902559159319,3.1499999999999773,3.3000000000000114,1.5999999999999943,2.1905424200278008,5,False,,1.1126564673157122,1.0126564673157121,0.11265646731571222,fold_2,research_oof
NSE_FO|49496|24-07-2025,2025-07-24,CE,25150.0,2025-07-21 09:00:00+00:00,2025-07-21,870,3,2,58.8,61.5,58.8,61.05,247500,4661775,61.2,2.0050125313283207,7.698607698607704,1.9607843137254901,True,False,True,2025-07-21,2025-07-24,-2.244389027431426,58.8,0.7427213309566251,4661775.0,4.249401558759747,1.2180629827688652,0.0,True,1.0,1.0,1.0,24.90059128097596,626249.8707165454,6,0.8333333,0.8333333,0.8333333,1.8125209932046693,3.9825488136984886,0.8011290531941181,0.8333333,0.8333333,,0.5,0.0,0.8333333333333334,-2.284946236559149,-3.84532615514801,1.7654398003742982,4.2899587678874695,two_bar_compression_acceptance,38.8,10.354650965600207,0.04999999999999716,7.350000000000001,-6.900000000000006,0.08169934640522411,5,False,,-11.274509803921577,-11.374509803921576,-12.274509803921577,fold_2,research_oof
NSE_FO|49495|24-07-2025,2025-07-24,PE,25100.0,2025-07-23 08:19:00+00:00,2025-07-23,829,1,0,23.7,24.4,23.6,24.15,785025,20849550,24.1,0.20746887966804906,5.797101449275357,1.662088130210401,False,False,True,2025-07-23,2025-07-24,-0.42194092827003704,23.6,0.778086542278682,20973225.0,0.6294098079380861,0.8840015879317189,-0.005896804139563658,True,1.0,1.0,1.0,2.816073053368281,70683.43363954386,8,0.5,0.625,0.75,0.10373443983402453,0.5721051613692962,9.844709511133615,0.375,-0.125,1846.822601581498,0.0,0.125,0.625,-1.9204389574759895,-0.9715008643896739,1.7487631416202845,2.1279078371440385,two_bar_compression_acceptance,75.9,21.717608650397842,0.04999999999999716,3.0500000000000007,-2.6000000000000014,0.207468879668038,5,False,,-10.788381742738594,-10.888381742738593,-11.788381742738594,fold_2,research_oof
NSE_FO|39857|07-08-2025,2025-08-07,PE,24750.0,2025-08-06 08:11:00+00:00,2025-08-06,821,1,3,145.75,153.3,145.75,151.7,118575,1484250,151.3,2.154882154882154,7.415952537903758,1.4320652173913044,True,False,False,2025-08-06,2025-08-07,-1.985195154777919,145.65,0.7858780375974324,1484250.0,4.140077309660073,0.6461871797938721,0.0,True,1.0,1.0,1.0,25.176154901960697,623109.8338235272,8,0.625,0.75,0.75,1.8161671420089065,3.934497349767696,5.84923227850016,0.625,0.125,,0.25,0.0,0.625,-3.4482758620689613,-9.277055461340378,1.286374321147767,5.603158016951115,two_bar_compression_acceptance,51.30000000000001,8.520956419172593,16.69999999999999,5.150000000000006,1.3999999999999773,11.03767349636483,5,False,,0.9253139458030252,0.8253139458030252,-0.07468605419697483,fold_3,research_oof
NSE_FO|47231|21-08-2025,2025-08-21,CE,25000.0,2025-08-21 05:30:00+00:00,2025-08-21,660,0,3,135.55,141.35,135.55,141.0,683625,6672450,140.8,5.106224375698831,6.950354609929066,2.15612063867534,True,True,True,2025-08-21,2025-08-21,0.0,135.0,0.46026404348951594,6633600.0,5.106224375698831,1.6958565951858242,0.005856548480463097,True,1.0,1.0,1.0,68.60297346593511,1715074.3366483776,5,1.0,1.0,1.0,3.5488308115543266,3.685704613908558,1.9349506431493961,0.8,0.0,-65.07199860939363,0.8,0.4,1.0,-9.9290780141844,-9.193783896537344,1.9239473046148872,15.035302389883231,two_bar_compression_acceptance,40.80000000000001,13.733708335928299,0.44999999999998863,20.80000000000001,-16.450000000000017,0.31960227272726466,5,False,,-11.683238636363647,-11.783238636363647,-12.683238636363647,fold_3,research_oof
NSE_FO|71972|28-08-2025,2025-08-28,CE,24950.0,2025-08-22 06:34:00+00:00,2025-08-22,724,6,3,117.05,121.4,117.0,120.05,822825,6696225,120.05,-0.33208800332088506,6.538942107455234,2.0885208452312964,False,False,True,2025-08-22,2025-08-28,-2.6666666666666727,116.8,1.6879890453834117,6696225.0,2.3345786633457877,0.4005317998478848,0.0,True,0.0,1.0,1.0,0.0,0.0,5,0.0,1.0,1.0,-0.2272727272727315,2.8885639138905295,0.11953189740680134,0.0,0.8,,0.0,0.0,1.0,0.8114558472553712,-1.6067518341102094,1.7845519138207655,-1.1435438505762563,two_bar_compression_acceptance,20.049999999999997,1.1047222355939539,1.25,9.299999999999997,-4.049999999999997,1.0412328196584757,5,False,,-3.373594335693459,-3.473594335693459,-4.3735943356934595,fold_3,research_oof
NSE_FO|71989|28-08-2025,2025-08-28,PE,25100.0,2025-08-25 06:04:00+00:00,2025-08-25,694,3,3,160.55,166.0,160.55,163.7,152925,2809050,163.6,-2.064014358360766,6.017104459376924,1.9729075955491049,False,False,True,2025-08-25,2025-08-28,-3.4036144578313277,160.35,1.3676838419209605,2809050.0,1.3396000994705615,0.6052237536281444,0.0,True,0.0,1.0,1.0,0.0,0.0,8,0.25,0.875,0.25,-1.8693858199570812,1.6012651230921493,5.365675220818757,0.25,0.75,,0.0,0.25,0.25,2.197802197802212,-2.4092438726585064,1.3880257673361123,-4.261816556162978,two_bar_compression_acceptance,63.599999999999994,1.3585310126435544,4.900000000000006,3.5999999999999943,4.550000000000011,2.9951100244498816,5,False,,2.7811735941320364,2.6811735941320363,1.7811735941320364,fold_3,research_oof
NSE_FO|48937|02-09-2025,2025-09-02,CE,24650.0,2025-08-28 07:15:00+00:00,2025-08-28,765,5,2,94.55,98.85,94.55,98.35,56175,1529250,98.3,3.0382399161864804,5.287239450940522,1.4515503875968991,True,False,False,2025-08-28,2025-09-02,-2.4767801857585203,94.5,1.0193798449612403,1529250.0,5.515020101945001,0.4321705426356588,0.0,True,1.0,1.0,1.0,33.22693578353459,819043.9670641277,5,1.0,1.0,0.2,3.0382399161864804,5.9309052502470205,0.3544900605479057,1.0,1.0,,1.0,0.0,0.0,-2.586520947176696,-4.057109182470809,1.147459727385378,5.624760863363177,two_bar_compression_acceptance,1.7000000000000028,13.120579610731806,1.3500000000000085,2.299999999999997,0.29999999999999716,1.373346897253315,5,False,,0.3051881993896207,0.2051881993896207,-0.6948118006103793,fold_3,research_oof
NSE_FO|48937|02-09-2025,2025-09-02,CE,24650.0,2025-08-28 08:51:00+00:00,2025-08-28,861,5,2,93.1,95.5,93.1,95.25,59625,1860825,95.2,3.5889070146818858,7.191601049868761,1.5273775216138328,True,False,True,2025-08-28,2025-09-02,-0.9605122732123883,92.8,1.0,1860825.0,4.549419287894274,0.5273775216138328,0.0,True,1.0,1.0,1.0,39.463072429012385,972764.7353751553,5,1.0,1.0,0.4,3.764604067503252,4.64818730654899,0.3454721296686906,1.0,1.0,,1.0,0.0,0.2,-3.7144938091769997,-4.084864179547376,0.9511278195488722,7.303400823858885,two_bar_compression_acceptance,4.799999999999997,12.017431028422221,5.599999999999994,5.900000000000006,-4.450000000000003,5.882352941176464,5,False,,-4.674369747899163,-4.774369747899162,-5.674369747899163,fold_3,research_oof
NSE_FO|48944|02-09-2025,2025-09-02,PE,24750.0,2025-09-01 08:43:00+00:00,2025-09-01,853,1,3,136.8,140.4,136.8,138.05,73275,1184250,138.0,-2.507062146892647,7.3161897863093035,1.4724943481537303,False,False,False,2025-09-01,2025-09-02,-4.547044421126268,136.45,1.0923076923076922,1153200.0,2.039982274233621,0.38018665584603806,0.026925078043704476,True,0.0,1.0,1.0,0.0,0.0,5,0.0,1.0,1.0,-2.7477919528950068,2.7058760007729443,0.5874464614007178,0.0,1.0,,0.0,0.0,0.2,9.578544061302674,-4.988385072555612,1.5378678244090689,-12.08560620819532,two_bar_compression_acceptance,38.0,-2.511274759746775,5.449999999999989,7.0,2.4499999999999886,3.949275362318833,5,False,,1.7753623188405714,1.6753623188405713,0.7753623188405714,fold_3,research_oof
NSE_FO|41882|09-12-2025,2025-12-09,PE,25950.0,2025-12-03 05:34:00+00:00,2025-12-03,664,6,3,126.35,129.4,126.35,128.15,583275,4713600,128.25,2.4380495603517183,5.501365587202484,2.2542028985507248,True,False,True,2025-12-03,2025-12-09,-1.5582391897156267,126.35,0.7843478260869565,4801200.0,3.996288750067345,1.4698550724637682,-0.018245438640339916,True,1.0,1.0,1.0,32.368559623017724,839964.1222173099,8,0.875,0.75,0.75,2.465174318120411,3.5431120616326583,1.6731312999835688,0.75,-0.25,-1798.4811736186311,0.875,0.125,0.75,-1.7676767676767624,-2.8706179441473467,1.26539360872954,4.205726328028481,two_bar_compression_acceptance,28.25,-7.389462509533647,4.050000000000011,2.950000000000003,0.75,3.157894736842114,5,False,,0.5847953216374269,0.4847953216374269,-0.41520467836257313,fold_3,research_oof
NSE_FO|41905|09-12-2025,2025-12-09,CE,26050.0,2025-12-04 05:28:00+00:00,2025-12-04,658,5,3,151.45,155.65,151.15,154.05,634650,4097250,153.95,2.9058116232465014,6.751054852320679,2.579878048780488,True,False,True,2025-12-04,2025-12-09,-0.19815059445179584,151.1,0.6554878048780488,4097250.0,3.1039622176982973,1.9243902439024392,0.0,True,1.0,1.0,1.0,38.82405662265689,1011366.675020212,5,1.0,1.0,1.0,2.5923883066740094,2.946322420477443,0.43118592914585635,1.0,0.0,,0.8,0.0,1.0,-3.6407766990291246,-2.4815332579064875,1.8373401534526854,6.5465883222756265,two_bar_compression_acceptance,53.94999999999999,12.110971807272039,0.45000000000001705,10.149999999999977,-5.0,0.2923026956804268,5,False,,-3.2478077297823966,-3.3478077297823967,-4.247807729782396,fold_3,research_oof
NSE_FO|41904|09-12-2025,2025-12-09,PE,26000.0,2025-12-04 06:07:00+00:00,2025-12-04,697,5,2,71.0,74.75,70.85,73.45,847575,15956325,73.6,0.9621993127147732,7.147719537100068,1.791392565586114,False,False,True,2025-12-04,2025-12-09,-2.611683848797264,70.85,0.9867978679786797,16012575.0,3.573883161512037,0.8045946976074343,-0.003512864108364832,True,1.0,1.0,1.0,13.134151275343804,341487.9331589389,8,0.75,0.75,0.875,0.9981181828545904,3.067312076163353,3.1809406747016924,0.75,0.75,,0.125,0.0,1.0,-1.126408010012525,-2.941176470588236,1.4208321697849762,2.0886073227272983,two_bar_compression_acceptance,26.400000000000006,8.342245957769542,13.200000000000003,0.5999999999999943,12.0,17.934782608695656,5,False,,16.304347826086957,16.204347826086956,15.304347826086957,fold_3,research_oof
NSE_FO|57002|23-12-2025,2025-12-23,PE,25900.0,2025-12-17 07:18:00+00:00,2025-12-17,768,6,3,150.2,156.3,149.95,155.6,362775,6578250,155.55,0.16092693916962553,7.165809768637518,1.5306962025316455,False,False,True,2025-12-17,2025-12-23,-5.246523388116298,149.9,0.9433544303797469,6578250.0,5.407450327285924,0.5873417721518986,0.0,True,1.0,1.0,1.0,2.060112784500435,53356.921118561266,8,0.375,0.75,0.625,0.0,4.601478971889966,0.14797553936173896,0.125,-0.125,-1863.2209510364846,0.0,0.0,0.25,-1.1370096645821448,-5.371348411681898,1.371975806451613,1.2979366037517703,two_bar_compression_acceptance,55.55000000000001,-13.327454020784364,0.19999999999998863,10.950000000000017,-2.1500000000000057,0.12857602057215597,5,False,,-1.382192221150759,-1.482192221150759,-2.382192221150759,fold_3,research_oof
NSE_FO|65635|30-12-2025,2025-12-30,CE,26200.0,2025-12-24 07:33:00+00:00,2025-12-24,783,6,2,94.5,96.95,94.3,96.95,639600,16523850,97.25,-2.2681451612903247,7.013924703455386,1.7240473061760841,False,False,True,2025-12-24,2025-12-30,-5.292338709677424,93.95,1.4487011017891438,16523850.0,3.0241935483870996,0.27534620438694035,0.0,True,0.0,1.0,1.0,0.0,0.0,5,0.0,1.0,1.0,-2.1137586471944636,2.5435009718972057,0.5208645401683848,0.0,1.0,,0.0,0.0,0.6,2.4390243902438824,-3.3608481400301704,1.5315577078288942,-4.707169551534207,two_bar_compression_acceptance,2.75,0.4610608206724105,0.5499999999999972,4.25,-3.8499999999999943,0.5655526992287888,5,False,,-3.9588688946015367,-4.058868894601536,-4.958868894601537,fold_4,research_oof
NSE_FO|65635|30-12-2025,2025-12-30,CE,26200.0,2025-12-24 07:56:00+00:00,2025-12-24,806,6,2,88.7,91.4,88.0,90.5,1000800,17829825,90.35,-0.3303964757709221,7.18232044198895,1.609261939218524,False,False,True,2025-12-24,2025-12-30,-5.0188882892606586,88.0,1.0174133977814959,17660025.0,4.688491813489737,0.591848541437028,0.009614935426195603,True,0.0,1.0,1.0,0.0,0.0,5,0.0,1.0,1.0,-0.3303964757709221,3.1838920177623913,0.28251302455498584,0.0,1.0,,0.0,0.0,0.2,0.8849557522123908,-3.9711593557012703,1.3606157515312483,-1.2153522279833129,two_bar_compression_acceptance,9.650000000000006,3.122724204883977,1.9000000000000057,5.549999999999997,-5.549999999999997,2.102933038184843,5,False,,-6.142778085224125,-6.242778085224125,-7.142778085224125,fold_4,research_oof
NSE_FO|65647|30-12-2025,2025-12-30,PE,26250.0,2025-12-26 05:26:00+00:00,2025-12-26,656,4,3,167.45,172.4,167.1,169.5,115575,1727475,169.45,0.3552397868561208,5.368731563421825,2.2562225475841875,False,False,True,2025-12-26,2025-12-30,-0.7431629013079699,166.95,0.726027397260274,1727475.0,1.0984026881640907,1.5301951503239135,0.0,True,1.0,1.0,1.0,4.141273037729658,108708.4172404035,8,0.375,0.625,0.625,0.0,0.6442665382471235,0.45902176442313825,0.375,0.625,,0.0,0.0,0.625,-1.0852713178294615,-0.5750672361968023,3.086867862969005,1.4405111046855823,two_bar_compression_acceptance,69.44999999999999,4.480232053672877,1.25,9.199999999999989,-8.199999999999989,0.737680731779286,5,False,,-4.83918560047211,-4.9391856004721095,-5.83918560047211,fold_4,research_oof
NSE_FO|65622|30-12-2025,2025-12-30,PE,26050.0,2025-12-26 06:51:00+00:00,2025-12-26,741,4,2,52.35,53.85,52.35,53.3,649950,10983150,53.75,1.717557251908386,4.784240150093817,1.551100769643816,False,False,True,2025-12-26,2025-12-30,-0.9469696969697017,52.3,0.8483980669411133,10983150.0,2.6645269488780876,0.7027027027027026,0.0,True,1.0,1.0,1.0,22.98890654384219,598861.015467089,8,0.75,0.625,0.625,1.4040950684952702,1.2783385556449867,4.730140756442937,0.5,0.5,66.58493632104728,0.0,0.125,0.5,-1.934349355216869,-1.8172533364814947,1.7114000757480117,3.651906607125255,two_bar_compression_acceptance,46.25,7.371446323185973,4.149999999999999,1.2999999999999972,-0.3999999999999986,7.720930232558137,5,False,,-0.7441860465116252,-0.8441860465116252,-1.7441860465116252,fold_4,research_oof
NSE_FO|65634|30-12-2025,2025-12-30,PE,26150.0,2025-12-29 06:08:00+00:00,2025-12-29,698,1,3,170.9,172.3,170.65,171.0,237300,1857075,171.25,0.4700352526439522,2.5146198830409423,2.890817724988579,False,False,True,2025-12-29,2025-12-30,-0.29239766081871066,170.5,0.6368204659661946,1857075.0,0.7624329134626628,2.2539972590223845,0.0,True,1.0,1.0,1.0,5.817666113508855,152131.96886825655,8,0.625,0.625,0.125,0.22813725875008295,0.5459589071761584,0.27664005397436586,0.625,0.625,,0.0,0.0,0.25,-0.4024144869215207,-1.316120070677862,0.7447040838611051,0.8724497395654729,two_bar_compression_acceptance,71.25,7.611335196050779,0.3499999999999943,3.75,-3.75,0.2043795620437923,5,False,,-2.18978102189781,-2.2897810218978103,-3.18978102189781,fold_4,research_oof
NSE_FO|40469|06-01-2026,2026-01-06,CE,26050.0,2025-12-31 06:03:00+00:00,2025-12-31,693,6,3,118.95,122.5,118.95,120.7,433550,5312125,120.6,1.6421052631578892,5.882352941176477,1.357622633828618,False,False,False,2025-12-31,2026-01-06,-1.2078300708038392,118.6,0.6342075018284401,5312125.0,2.8499353339617284,0.7234151320001778,0.0,True,1.0,1.0,1.0,21.31413995361364,555233.3457916353,7,0.71428573,0.71428573,0.71428573,1.4076881429345045,2.132325824093939,0.7738303487258771,0.71428573,0.14285713,,0.0,0.0,0.14285714285714285,-2.537128712871284,-2.5995117446866223,1.482572019735795,4.179233976029173,two_bar_compression_acceptance,20.599999999999994,8.057292964471698,8.950000000000017,0.0,8.050000000000011,7.4212271973466155,5,False,,6.674958540630192,6.574958540630193,5.674958540630192,fold_4,research_oof
NSE_FO|40469|06-01-2026,2026-01-06,CE,26050.0,2025-12-31 07:10:00+00:00,2025-12-31,760,6,3,154.35,156.44,154.3,154.8,313755,3658525,154.65,2.144506763444398,7.138242894056853,1.4988355845365626,True,False,False,2025-12-31,2026-01-06,-0.2012987012987022,153.69,0.6185374941779227,3686670.0,2.3458054647431004,0.8802980903586399,-0.00763426072851652,True,1.0,1.0,1.0,27.141672980165882,707040.5811333213,7,0.71428573,0.71428573,0.5714286,1.413760603204528,1.2791258001079164,0.8240122131629336,0.14285713,0.14285713,63.54025394114797,0.14285714285714285,0.0,0.2857142857142857,-2.9065200314218442,-2.5862638264578686,1.8230958230958232,5.051026794866242,two_bar_compression_acceptance,54.650000000000006,4.152548999128879,13.150000000000006,2.5,12.349999999999994,8.503071451665054,5,False,,7.98577432913029,7.885774329130291,6.98577432913029,fold_4,research_oof
NSE_FO|40465|06-01-2026,2026-01-06,CE,26000.0,2026-01-06 07:10:00+00:00,2026-01-06,760,0,3,166.0,175.55,166.0,173.75,203190,2983695,174.0,2.507374631268444,7.22302158273382,1.6205287713841368,True,False,True,2026-01-06,2026-01-06,-2.1030805687203835,165.25,0.5743862762496302,2983695.0,4.610455199988827,1.0461424951345064,0.0,True,1.0,1.0,1.0,30.6448862743716,796767.0431336616,6,0.8333333,0.8333333,0.8333333,1.5940234902080852,2.7718201350373786,1.163430974684021,0.8333333,0.0,,0.16666666666666666,0.0,0.6666666666666666,-5.88235294117646,5.228758169934645,0.3261071097482707,8.389727572444905,two_bar_compression_acceptance,74.0,11.60803381162806,1.0,8.050000000000011,-1.9000000000000057,0.5747126436781609,5,False,,-1.091954022988509,-1.191954022988509,-2.091954022988509,fold_4,research_oof
NSE_FO|46196|13-01-2026,2026-01-13,CE,26250.0,2026-01-07 07:41:00+00:00,2026-01-07,791,6,2,51.9,54.5,51.9,54.4,407615,6998355,54.35,7.086614173228356,7.352941176470589,1.949028749028749,True,True,True,2026-01-07,2026-01-13,-0.2892960462873684,51.7,0.7608940344106769,7010900.0,7.375910219515724,1.188134714618072,-0.0017893565733358057,True,1.0,1.0,1.0,91.54545472722795,2403068.1865897337,6,0.8333333,0.8333333,0.8333333,5.320954063520067,5.48842051691027,2.5068076432097084,0.6666666,0.0,-40.37202405539574,0.8333333333333334,0.8333333333333334,0.8333333333333334,-5.758683729433267,-5.049463871277238,2.1435782389231632,12.845297902661624,two_bar_compression_acceptance,45.65,14.141640686260676,0.5499999999999972,6.399999999999999,-3.700000000000003,1.01195952161913,5,False,,-6.807727690892369,-6.907727690892369,-7.807727690892369,fold_4,research_oof
NSE_FO|46179|13-01-2026,2026-01-13,CE,26050.0,2026-01-07 08:58:00+00:00,2026-01-07,868,6,3,141.3,145.85,141.3,144.25,205790,2120885,144.5,0.8741258741258751,5.441941074523394,1.4708478513356562,False,False,False,2026-01-07,2026-01-13,-1.958188153310103,140.69,0.7335656213704994,2120885.0,2.832314027435978,0.7372822299651568,0.0,True,1.0,1.0,1.0,10.694594728712772,278594.1926829677,6,0.8333333,0.8333333,0.8333333,0.932112442013433,2.9013055285694698,0.5817620790956023,0.8333333,0.8333333,,0.0,0.0,0.16666666666666666,-1.6129032258064502,-3.961081363458274,1.7108514751618056,2.4870290999323252,two_bar_compression_acceptance,44.5,8.67111053991946,3.0999999999999943,8.449999999999989,-8.449999999999989,2.1453287197231794,5,False,,-5.8477508650518955,-5.947750865051895,-6.8477508650518955,fold_4,research_oof
NSE_FO|46179|13-01-2026,2026-01-13,CE,26050.0,2026-01-08 05:04:00+00:00,2026-01-08,634,5,3,94.6,100.05,94.6,100.05,625690,5952180,99.95,0.10005002501249916,7.296351824087953,1.3820531227566404,False,False,False,2026-01-08,2026-01-13,-3.5934291581108835,93.9,1.0290021536252691,5856240.0,3.6934791831233826,0.35305096913137124,0.016382525306339903,True,1.0,1.0,1.0,1.3353288562273153,34785.31670472156,6,1.0,1.0,0.8333333,0.5222323049001831,4.206431077432388,0.34204208925855345,0.8333333,1.0,,0.0,0.0,0.16666666666666666,0.19550342130987275,-4.846014965404244,1.165322381117324,-0.0954533962973736,two_bar_compression_acceptance,0.04999999999999716,7.910774383144218,1.4500000000000028,6.650000000000006,-3.950000000000003,1.4507253626813434,5,False,,-3.9519759879939995,-4.051975987993999,-4.9519759879939995,fold_4,research_oof
NSE_FO|46196|13-01-2026,2026-01-13,CE,26250.0,2026-01-08 07:23:00+00:00,2026-01-08,773,5,0,21.7,22.05,21.55,22.05,112450,7189455,22.1,0.9153318077803174,7.25623582766439,1.5712988192552226,False,False,True,2026-01-08,2026-01-13,-1.3729977116704872,21.55,1.220708446866485,7189455.0,2.2883295194508046,0.3505903723887376,0.0,True,1.0,1.0,1.0,10.645558672942009,279445.9151647277,6,0.8333333,0.8333333,0.8333333,0.9092788071159652,3.420056401894711,0.5676818781845479,0.8333333,0.0,,0.0,0.0,0.5,-1.8900343642611728,-5.439955124958484,1.891213389121339,2.80536617204149,two_bar_compression_acceptance,77.9,7.331913727139701,0.0,1.3500000000000014,-0.8500000000000014,0.0,5,False,,-3.8461538461538525,-3.9461538461538526,-4.846153846153852,fold_4,research_oof
NSE_FO|47616|20-01-2026,2026-01-20,PE,25750.0,2026-01-14 07:31:00+00:00,2026-01-14,781,6,3,114.5,118.45,114.5,117.15,703235,6913465,116.7,0.5579399141630859,7.29833546734955,1.9802324517250847,False,False,True,2026-01-14,2026-01-20,-0.43497172683775176,114.45,0.9983990959600716,6913465.0,0.9929116410008376,0.9818333557650131,0.0,True,1.0,1.0,1.0,7.5117949202388035,193428.71919614918,6,0.6666667,0.8333333,1.0,0.28651831390901217,0.7749883686712922,1.0107707538540014,0.5,-0.16666669,-1736.779932664922,0.0,0.0,0.8333333333333334,-1.2759170653907526,-1.432289231145234,1.8131044224709334,1.8338569795538384,two_bar_compression_acceptance,16.700000000000003,-13.244349611645964,2.5,7.1000000000000085,-5.25,2.1422450728363325,5,False,,-4.4987146529562985,-4.598714652956298,-5.4987146529562985,fold_4,research_oof
NSE_FO|47610|20-01-2026,2026-01-20,PE,25600.0,2026-01-20 07:44:00+00:00,2026-01-20,794,0,3,172.8,179.25,172.4,178.15,368420,4115150,178.2,3.2454361054766734,7.437552624193096,1.876199933796756,True,False,True,2026-01-20,2026-01-20,-0.8352534562211966,172.15,0.34612724757952973,3955640.0,4.08068956169787,1.5300726862172263,0.04032470093335086,True,1.0,1.0,1.0,41.59669479917564,1064875.3868588964,8,0.625,0.625,1.0,1.601130420246577,2.358548112468811,4.336176630320203,0.625,-0.125,,0.125,0.0,1.0,-9.842519685039374,-6.299212598425207,1.0018190966443472,13.087955790516048,two_bar_compression_acceptance,78.19999999999999,11.22430321774727,6.700000000000017,6.099999999999994,-3.6499999999999773,3.759820426487103,5,False,,-2.048260381593702,-2.148260381593702,-3.048260381593702,fold_4,research_oof
NSE_FO|49790|03-02-2026,2026-02-03,PE,25150.0,2026-01-28 08:12:00+00:00,2026-01-28,822,6,3,165.3,169.9,165.1,168.7,176930,1678170,168.25,0.957510472770795,7.49851807943093,1.3300757390666993,False,False,False,2026-01-28,2026-02-03,-2.483003251551885,164.95,0.7373564622526264,1678170.0,3.44051372432268,0.5927192768140729,0.0,True,1.0,1.0,1.0,11.570092260963557,290987.82036323345,5,1.0,1.0,1.0,1.0257633587786197,3.166354705596719,0.15948027420161073,1.0,0.0,,0.0,0.0,0.2,-1.7705510388437151,-2.0429316453445256,1.2570725707257073,2.72806151161451,two_bar_compression_acceptance,68.25,9.607625101569386,14.349999999999994,1.1999999999999886,12.449999999999989,8.528974739970279,5,False,,7.399702823179785,7.299702823179786,6.399702823179785,fold_4,research_oof
NSE_FO|49794|03-02-2026,2026-02-03,PE,25250.0,2026-01-29 06:42:00+00:00,2026-01-29,732,5,3,169.35,175.4,169.35,173.7,302380,4180475,174.1,-0.20109164033325078,7.5993091537132935,1.469826224328594,False,False,False,2026-01-29,2026-02-03,-2.9512893982808097,169.35,0.9955766192733018,4180475.0,2.750197757947559,0.47424960505529223,0.0,True,0.0,1.0,1.0,0.0,0.0,5,0.2,1.0,1.0,-0.06535947712418277,2.7847868369867967,0.10103644912926515,0.2,1.0,,0.0,0.0,0.6,-0.09517011658339847,-3.6538039833137637,1.845119217444467,-0.10592152374985231,two_bar_compression_acceptance,74.1,2.5545594653243513,1.8000000000000114,6.5,-3.299999999999983,1.0338885697874851,5,False,,-1.8954623779437008,-1.9954623779437008,-2.8954623779437005,fold_4,research_oof
NSE_FO|49790|03-02-2026,2026-02-03,PE,25150.0,2026-01-29 08:34:00+00:00,2026-01-29,844,5,2,83.45,86.2,83.4,86.1,74165,2152605,86.15,3.6101083032491044,4.994192799070845,1.4289292423293676,True,False,False,2026-01-29,2026-02-03,-0.715137067938032,83.3,0.6311834690043833,2152605.0,4.325245371187137,0.7977457733249843,0.0,True,1.0,1.0,1.0,40.48397510150144,1018171.9738027613,5,1.0,1.0,1.0,3.6101083032491044,4.325245371187137,0.21235760472564583,1.0,1.0,,1.0,0.0,0.0,-3.8762626262626276,-3.4317052783647495,0.9473684210526315,7.486370929511732,two_bar_compression_acceptance,13.849999999999994,12.761644575048695,7.3999999999999915,0.7000000000000028,6.1499999999999915,8.589669181659886,5,False,,7.138711549622741,7.038711549622741,6.138711549622741,fold_4,research_oof
NSE_FO|42535|10-02-2026,2026-02-10,PE,25750.0,2026-02-04 05:03:00+00:00,2026-02-04,633,6,3,166.7,172.5,166.65,171.2,784680,5293405,170.95,2.0870602265951055,6.454439252336439,1.7960276723945547,True,False,True,2026-02-04,2026-02-10,-3.00554420776189,166.2,0.6911124922311995,5293405.0,5.092604434356995,1.1049151801633552,0.0,True,1.0,1.0,1.0,28.32773637842317,729439.2117443967,8,0.625,0.75,0.875,1.8058872977607,5.079530153828566,1.7182705595200707,0.375,0.625,-2528.6335510076206,0.375,0.0,0.625,-3.9863325740318922,-4.825452944402264,2.1840633245382586,6.073392800626998,two_bar_compression_acceptance,70.94999999999999,-16.58273639256042,11.950000000000017,0.9499999999999886,5.300000000000011,6.990348054986849,5,False,,3.1003217315004457,3.0003217315004456,2.1003217315004457,fold_4,research_oof
NSE_FO|42537|10-02-2026,2026-02-10,PE,25800.0,2026-02-04 08:03:00+00:00,2026-02-04,813,6,3,159.35,164.35,159.35,163.8,479375,7818590,163.55,1.5499070055796649,5.250305250305246,2.004076086956522,False,False,True,2026-02-04,2026-02-10,-2.0596372579157696,159.3,0.9952934662236987,7818590.0,3.6095442634954344,1.0087826207328232,0.0,True,1.0,1.0,1.0,20.273156443197493,523047.4362344953,8,0.75,0.625,0.625,1.5455014479953122,3.5577833522652313,1.3397841991887363,0.5,-0.125,-2216.2099770665845,0.0,0.0,0.25,-2.191780821917799,-4.146513332205859,1.9032453745829543,3.741687827497464,two_bar_compression_acceptance,63.55000000000001,-14.196115378875005,0.44999999999998863,7.050000000000011,-3.8000000000000114,0.2751452155304119,5,False,,-2.3234484867013214,-2.4234484867013215,-3.3234484867013214,fold_4,research_oof
NSE_FO|42530|10-02-2026,2026-02-10,CE,25700.0,2026-02-05 06:06:00+00:00,2026-02-05,696,5,3,121.8,129.7,121.8,129.25,507130,11273405,129.25,2.783300198807148,7.117988394584142,1.5679260450160772,True,False,True,2026-02-05,2026-02-10,-4.625637005096039,121.65,1.1663396555482886,11273405.0,7.4089372039031876,0.4015863894677887,0.0,True,1.0,1.0,1.0,36.562891619438815,939666.3146195776,7,0.71428573,0.71428573,0.71428573,2.6490066225165476,7.026660983836385,1.4484647994965834,0.71428573,0.71428573,,0.5714285714285714,0.0,0.7142857142857143,-2.0723684210526394,-8.00174883411061,1.541559214441579,4.855668619859788,two_bar_compression_acceptance,29.25,12.216711235372564,4.5,1.5999999999999943,-0.4000000000000057,3.481624758220503,5,False,,-0.30947775628627133,-0.40947775628627137,-1.3094777562862714,fold_4,research_oof
NSE_FO|42526|10-02-2026,2026-02-10,CE,25600.0,2026-02-05 07:47:00+00:00,2026-02-05,797,5,3,168.8,176.4,168.8,175.95,330265,5208320,175.95,5.517241379310334,6.59278204035237,1.4014618673286443,True,True,False,2026-02-05,2026-02-10,-0.2955082742316817,168.7,0.6465315128947732,5077020.0,5.812749653542015,0.7549303544338711,0.025861627490141856,True,1.0,1.0,1.0,70.11119265851761,1794846.5320580509,7,0.71428573,0.71428573,0.71428573,5.476804123711343,5.812749653542015,2.6977736044992895,0.71428573,0.0,,0.7142857142857143,0.7142857142857143,0.14285714285714285,-7.530647985989503,-6.774420227982381,1.9230846069323744,13.047889365299836,two_bar_compression_acceptance,75.94999999999999,13.043228549854922,2.25,2.8999999999999773,-0.3499999999999943,1.2787723785166243,5,False,,-0.1989201477692494,-0.2989201477692494,-1.1989201477692495,fold_4,research_oof
NSE_FO|42531|10-02-2026,2026-02-10,PE,25700.0,2026-02-09 08:29:00+00:00,2026-02-09,839,1,0,22.6,23.9,22.55,23.9,521495,17677010,23.8,4.59518599562363,7.322175732217574,1.7289085227884926,True,False,True,2026-02-09,2026-02-10,0.0,22.55,0.7634171786252463,17729660.0,4.59518599562363,0.9654913441632463,-0.0029696000938540276,True,1.0,1.0,1.0,60.49312790972403,1554673.3872799075,8,0.625,0.625,0.75,3.457922099021171,2.515983920240894,2.085988983188725,0.125,-0.125,-50.80723018456047,0.375,0.0,0.625,-2.660319238308595,-2.660319238308595,2.2696683611716293,7.255505233932224,two_bar_compression_acceptance,76.2,5.800761905468761,0.5999999999999979,1.8000000000000007,-0.15000000000000213,2.5210084033613356,5,False,,-0.6302521008403451,-0.7302521008403451,-1.630252100840345,fold_4,research_oof
NSE_FO|48236|17-02-2026,2026-02-17,CE,26000.0,2026-02-11 05:34:00+00:00,2026-02-11,664,6,3,116.2,121.75,116.2,121.75,815360,15726100,121.45,3.0906011854360704,6.07802874743327,1.5731126160020066,True,False,True,2026-02-11,2026-02-17,-2.108814846056517,116.05,0.5141710559317783,15519660.0,5.1994160314925875,1.0589415600702283,0.013301837797992997,True,1.0,1.0,1.0,42.06736644548751,1093751.5275826752,7,0.71428573,0.71428573,0.71428573,2.824858757062154,4.412248229653503,1.4390959721459478,0.71428573,0.71428573,,0.7142857142857143,0.0,0.2857142857142857,-3.602882305844679,-5.173562934116916,1.5044956275403374,6.69348349128075,two_bar_compression_acceptance,21.450000000000003,11.330894963994103,1.0999999999999943,14.299999999999997,-12.450000000000003,0.905722519555368,5,False,,-10.251132153149447,-10.351132153149447,-11.251132153149447,fold_4,research_oof
NSE_FO|48240|17-02-2026,2026-02-17,CE,26100.0,2026-02-12 04:33:00+00:00,2026-02-12,603,5,1,36.9,38.8,36.85,37.5,303290,7612670,37.55,2.59917920656636,6.666666666666667,1.7521592189260233,True,False,True,2026-02-12,2026-02-17,-2.1248339973439445,36.85,0.7784453623732632,7612670.0,4.724013203910305,0.9737138565527601,0.0,True,1.0,1.0,1.0,32.808004428628344,856288.9155871997,5,1.0,1.0,1.0,2.59917920656636,4.702250892350812,0.08650123700892255,1.0,1.0,,1.0,0.0,1.0,-2.510040160642568,-3.7380385233114155,1.8410924891371818,5.109219367208928,two_bar_compression_acceptance,62.45,12.274349714256784,0.8000000000000043,2.9499999999999957,-2.799999999999997,2.1304926764314365,5,False,,-7.45672436750998,-7.55672436750998,-8.456724367509981,fold_4,research_oof
NSE_FO|48234|17-02-2026,2026-02-17,CE,25950.0,2026-02-12 07:00:00+00:00,2026-02-12,750,5,2,69.7,71.0,69.65,70.65,136370,8252725,70.8,1.8011527377521652,2.760084925690025,1.7374741200828157,False,False,True,2026-02-12,2026-02-17,0.0,69.6,0.6890269151138716,8252725.0,1.8011527377521652,1.048447204968944,0.0,True,1.0,1.0,1.0,21.295270878631385,552612.2793004845,5,1.0,1.0,0.8,1.77481974486966,1.4212613649648764,0.17212022724210826,0.39999998,0.19999999,-65.62616753595285,0.0,0.0,0.6,-1.7464424320827843,-1.7791114944806785,1.313032886723508,3.5475951698349495,two_bar_compression_acceptance,29.200000000000003,5.520832308525685,2.1000000000000085,0.9500000000000028,1.1000000000000085,2.9661016949152663,5,False,,1.5536723163841928,1.4536723163841927,0.5536723163841928,fold_4,research_oof
NSE_FO|48350|27-03-2025,2025-03-27,PE,23150.0,2025-03-21 07:41:00+00:00,2025-03-21,791,6,2,51.4,53.85,51.25,52.1,123675,4238700,52.05,4.200000000000004,9.69289827255279,1.6318654131618011,False,False,True,2025-03-21,2025-03-27,-0.3883495145631133,51.3,1.357034027425089,4238700.0,4.588349514563117,0.2748313857367122,0.0,False,1.0,1.0,1.0,49.24676619144131,1140062.6373318664,5,1.0,1.0,1.0,4.200000000000004,3.973286875725912,0.4805569417269816,0.6,0.0,74.66628789407696,0.0,0.0,0.4,-2.663514578408188,-2.4558468467787975,1.0151057401812689,6.863514578408192,mass_shift_after_quiet_surface,47.95,8.880433174698187,8.100000000000001,1.1999999999999957,6.75,15.561959654178677,5,False,,12.968299711815561,12.868299711815562,11.968299711815561,fold_1,research_oof
NSE_FO|48348|27-03-2025,2025-03-27,PE,23100.0,2025-03-24 05:27:00+00:00,2025-03-24,657,3,0,21.0,21.35,20.7,21.2,224400,6681375,21.15,2.4154589371980784,5.89622641509434,1.6971072036301758,True,False,True,2025-03-24,2025-03-27,1.9464720194647178,20.95,0.7952353942144073,6676575.0,0.46898691773336054,0.9018718094157685,0.0007189314880758472,False,1.0,1.0,1.0,29.761328282485,687486.6833254035,5,1.0,0.6,1.0,2.1630615640598982,0.3143220682615855,0.37872752898860934,0.0,0.20000002,13.888682254604646,0.8,0.0,0.6,2.9095331649358958,2.205072198393143,1.9327731092436975,-0.4940742277378174,mass_shift_after_quiet_surface,78.85,-0.05411497704032539,0.75,0.4499999999999993,0.10000000000000142,3.546099290780142,5,False,,0.4728132387706923,0.3728132387706923,-0.5271867612293077,fold_1,research_oof
NSE_FO|48696|27-03-2025,2025-03-27,PE,23200.0,2025-03-24 08:02:00+00:00,2025-03-24,812,3,0,20.55,20.75,20.2,20.65,216300,9511050,20.7,0.48661800486617945,6.295399515738502,1.350187265917603,False,False,False,2025-03-24,2025-03-27,0.7846983815595898,20.55,0.8047752808988764,9511050.0,-0.29808037669341036,0.5454119850187267,0.0,False,1.0,0.0,1.0,5.977822985469078,138685.4932628826,5,0.8,0.8,0.8,0.48661800486617945,0.19676449673540208,0.3395311414134671,0.19999999,0.4,44.67905930568304,0.0,0.0,0.2,0.28765153071708127,0.43050867357422584,0.6904761904761905,0.19896647414909818,mass_shift_after_quiet_surface,79.3,0.4792144830639176,1.25,0.3999999999999986,0.4499999999999993,6.038647342995169,5,False,,2.173913043478257,2.073913043478257,1.1739130434782572,fold_1,research_oof
NSE_FO|54753|03-04-2025,2025-04-03,CE,23650.0,2025-03-28 06:30:00+00:00,2025-03-28,720,6,3,121.75,124.25,121.05,121.05,327675,3543975,120.8,1.3394725826705756,8.880627839735647,1.7326987904025382,False,False,True,2025-03-28,2025-04-03,0.5838198498748781,120.6,0.6690462026571485,3527475.0,0.7556527327956974,1.0636525877453895,0.004677566814789616,True,1.0,1.0,1.0,17.011007911979895,402310.33711832453,5,1.0,0.6,1.0,1.3394725826705756,0.08802132000160778,0.34895752085098586,0.0,0.0,17.208298428551643,0.0,0.0,1.0,-0.587659157688547,1.0383571024740523,1.463030643800956,1.9271317403591226,mass_shift_after_quiet_surface,20.799999999999997,-0.03297510734099407,2.200000000000003,6.1499999999999915,-1.0499999999999972,1.8211920529801349,5,False,,-0.8692052980132428,-0.9692052980132427,-1.8692052980132428,fold_1,research_oof
NSE_FO|54714|03-04-2025,2025-04-03,CE,23550.0,2025-04-01 07:01:00+00:00,2025-04-01,751,2,0,20.1,22.8,20.1,21.9,370425,6416925,21.7,10.105580693815973,23.28767123287672,1.9506319115323856,False,True,True,2025-04-01,2025-04-03,1.025641025641022,19.7,0.556872037914692,6412650.0,9.079939668174951,1.3937598736176935,0.0006666510724895324,True,1.0,1.0,1.0,129.5778885725838,3051559.2758843484,5,1.0,1.0,1.0,9.056603773584904,7.748917748917773,0.835266720522014,0.0,0.8,35.12535249408393,0.0,1.0,1.0,-5.112474437627812,-3.4983314706793056,1.6356589147286822,15.218055131443785,mass_shift_after_quiet_surface,78.3,7.105891233324721,0.5500000000000007,1.4499999999999993,-1.1499999999999986,2.5345622119815703,5,False,,-5.299539170506906,-5.399539170506905,-6.299539170506906,fold_1,research_oof
NSE_FO|54712|03-04-2025,2025-04-03,CE,23500.0,2025-04-01 08:10:00+00:00,2025-04-01,820,2,0,19.89,21.1,19.89,20.5,473175,15119325,20.85,0.7371007371007376,14.146341463414643,1.651786883099882,False,False,True,2025-04-01,2025-04-03,1.0101010101010166,20.0,0.9647859667495745,15110550.0,-0.27300027300027896,0.6870009163503076,0.0005807200929152149,False,1.0,0.0,1.0,9.631859477607785,226348.69772378294,5,0.6,0.6,1.0,0.40160642570281624,0.023293733985574328,0.9030118079785051,0.20000002,-0.39999998,29.696620180428,0.0,0.0,0.4,-1.1379038613081205,-0.48734624049027175,1.1730205278592376,1.8750045984088581,mass_shift_after_quiet_surface,79.15,-1.7171549575762854,0.5499999999999972,0.8500000000000014,-0.8500000000000014,2.6378896882493863,5,False,,-4.0767386091127165,-4.176738609112716,-5.0767386091127165,fold_1,research_oof
NSE_FO|43893|09-04-2025,2025-04-09,PE,23100.0,2025-04-03 05:21:00+00:00,2025-04-03,651,6,2,83.45,85.6,83.4,84.95,53400,1921875,85.45,3.2199270959902826,6.121247792819308,1.8761528326745718,True,False,True,2025-04-03,2025-04-09,0.06002400960383181,83.35,1.0276679841897234,1919325.0,3.159903086386451,0.8484848484848484,0.001328592083154234,True,1.0,1.0,1.0,35.05078929661786,809673.2327518725,5,1.0,1.0,0.8,3.6743515850144126,3.159903086386451,0.40541437849552825,0.19999999,1.0,52.46799733539592,1.0,0.0,0.2,-4.5171714393757,-2.739777133939991,2.248062015503876,7.737098535365982,mass_shift_after_quiet_surface,14.549999999999997,6.451325882974027,0.14999999999999147,4.609999999999999,-3.25,0.17554125219425568,5,False,,-3.8033937975424226,-3.9033937975424227,-4.803393797542423,fold_1,research_oof
NSE_FO|43898|09-04-2025,2025-04-09,CE,23250.0,2025-04-03 06:06:00+00:00,2025-04-03,696,6,3,176.6,180.35,176.0,179.65,21750,815550,179.6,2.7745995423340997,4.425271360979676,1.3942307692307692,True,False,False,2025-04-03,2025-04-09,-0.11337868480726376,176.2,0.6538461538461539,816750.0,2.8879782271413634,0.7403846153846153,-0.0014692378328741965,False,1.0,1.0,1.0,27.7110771227039,644282.5431028657,5,1.0,1.0,1.0,2.6849894291754772,3.2286949917016083,0.2914029509664358,0.8,0.39999998,63.684510193834285,1.0,0.0,0.8,-4.218433978618896,-4.109382724529476,2.1386962552011095,6.993033520952996,mass_shift_after_quiet_surface,79.6,10.576126250519978,0.5999999999999943,2.5999999999999943,-2.5999999999999943,0.3340757238307318,5,False,,-1.4476614699331818,-1.5476614699331819,-2.447661469933182,fold_1,research_oof
NSE_FO|43894|09-04-2025,2025-04-09,CE,23150.0,2025-04-04 06:48:00+00:00,2025-04-04,738,5,2,53.15,55.8,52.8,55.4,214725,3574950,55.15,5.725190839694649,9.205776173285189,1.8276412384296201,False,True,True,2025-04-04,2025-04-09,1.2310606060606188,53.45,0.9601021385253751,3550575.0,4.4941302336340305,0.867539099904245,0.006865085232673581,False,1.0,1.0,1.0,70.2888439450943,1627186.737328933,5,1.0,1.0,1.0,5.082212257100127,4.319405846454649,0.4842298767653762,0.0,0.0,17.87486928198996,0.0,0.6,1.0,-3.627888123226586,-2.4954310959262815,2.4827586206896552,9.353078962921234,mass_shift_after_quiet_surface,44.85,5.356004730508852,1.6000000000000014,3.549999999999997,-0.5499999999999972,2.9011786038077996,5,False,,-0.997280145058925,-1.0972801450589251,-1.997280145058925,fold_1,research_oof
NSE_FO|48197|17-04-2025,2025-04-17,PE,22750.0,2025-04-11 06:39:00+00:00,2025-04-11,729,6,3,149.3,153.19,146.9,153.19,92475,1964850,151.55,3.15824915824916,6.625758861544491,1.8513513513513513,True,False,True,2025-04-11,2025-04-17,-0.02685645226264688,148.9,1.4321179208688906,1964850.0,3.185105610511807,0.41923343048246076,0.0,False,1.0,1.0,1.0,36.11364564206177,821585.4383569052,8,0.875,1.0,0.875,3.014603575800312,2.9399554026584953,1.3789829396162927,0.75,0.75,318.4521499109542,0.625,0.0,0.375,-1.6888417001227563,-1.5688417001227473,1.1947626841243864,4.847090858371916,mass_shift_after_quiet_surface,51.55000000000001,11.752484971211276,0.0,21.360000000000014,-19.0,0.0,5,False,,-12.53711646321346,-12.63711646321346,-13.53711646321346,fold_1,research_oof
NSE_FO|48189|17-04-2025,2025-04-17,PE,22700.0,2025-04-11 07:08:00+00:00,2025-04-11,758,6,3,133.65,138.15,133.65,137.55,300225,3156375,137.55,6.752037252619347,11.15957833515086,2.503439649781113,False,True,True,2025-04-11,2025-04-17,6.515693285657553,134.05,1.148217636022514,3156375.0,0.23634396696179394,1.355222013758599,0.0,False,1.0,1.0,1.0,85.15865734514529,1933101.521734798,8,1.0,0.625,0.875,6.0909980114454925,0.20660079519554397,1.2895483446821894,0.0,0.0,204.45457119561252,0.0,0.625,0.625,-4.6528274874731546,-0.5022070339001923,1.452029520295203,11.404864740092503,mass_shift_after_quiet_surface,37.55000000000001,3.49438978184775,2.75,10.450000000000017,-10.450000000000017,1.9992729916394039,5,False,,-7.597237368229746,-7.697237368229746,-8.597237368229745,fold_1,research_oof
NSE_FO|51993|30-04-2025,2025-04-30,PE,24250.0,2025-04-24 05:51:00+00:00,2025-04-24,681,6,3,161.69,163.4,161.3,163.4,35475,693600,163.4,2.767295597484276,3.953488372093028,2.840840840840841,True,False,True,2025-04-24,2025-04-30,2.087946852261924,161.35,1.7477477477477477,693600.0,0.6793487452223523,1.0930930930930933,0.0,False,1.0,1.0,1.0,28.99188140766283,703053.1241358237,8,0.875,0.625,0.875,2.4199843871974935,0.3027596296509061,0.9244135446373105,0.125,-0.125,397.3548071715377,0.875,0.0,0.625,-2.908770383428816,0.4500082425253793,3.0403225806451615,5.6760659809130924,mass_shift_after_quiet_surface,63.400000000000006,7.803432622173684,4.699999999999989,0.5500000000000114,3.9000000000000057,2.876376988984081,5,False,,2.386780905752757,2.286780905752757,1.3867809057527571,fold_1,research_oof
NSE_FO|51989|30-04-2025,2025-04-30,PE,24200.0,2025-04-24 07:50:00+00:00,2025-04-24,800,6,3,147.25,148.75,147.0,148.25,55725,2582175,148.55,0.23664638269100813,4.013490725126468,2.5709342560553634,False,False,True,2025-04-24,2025-04-30,0.5386975792703641,147.44,1.2975778546712802,2582175.0,-0.302051196579356,1.2733564013840832,0.0,False,1.0,0.0,1.0,2.5861194970764085,62584.09182924909,8,0.75,0.75,1.0,0.2066784919672049,0.39611184348202766,1.565600635488737,0.375,0.25,2503.5471090504325,0.0,0.0,0.625,0.512820512820511,-0.10538456072457514,1.5901639344262295,-0.27617413012950287,mass_shift_after_quiet_surface,48.55000000000001,28.125139036664073,1.25,2.8000000000000114,-2.75,0.8414675193537527,5,False,,-1.8512285425782562,-1.9512285425782563,-2.851228542578256,fold_1,research_oof
NSE_FO|51994|30-04-2025,2025-04-30,CE,24300.0,2025-04-25 07:36:00+00:00,2025-04-25,786,5,2,78.3,81.8,78.3,81.2,568875,9308850,80.95,3.439490445859872,21.85960591133005,1.7398784264250486,False,False,True,2025-04-25,2025-04-30,-0.6353240152477735,78.2,0.9316105455494649,9376950.0,4.074814461107645,0.8082678808755838,-0.0072624894022043415,True,1.0,1.0,1.0,45.57812479053069,1107548.4324098956,5,1.0,1.0,1.0,3.125,3.714921992254805,0.2748777836719293,0.8,1.0,101.449967058521,0.0,0.0,0.6,-1.8467995802728288,-1.0475100598465459,0.9720430107526882,5.286290026132701,mass_shift_after_quiet_surface,19.049999999999997,5.833622726471522,9.349999999999994,1.5,-1.0,11.550339715873989,5,False,,-1.2353304508956144,-1.3353304508956145,-2.2353304508956144,fold_1,research_oof
NSE_FO|51994|30-04-2025,2025-04-30,CE,24300.0,2025-04-25 08:20:00+00:00,2025-04-25,830,5,3,107.1,115.25,105.65,113.95,2028975,8253525,115.25,18.69791666666667,21.412900394910054,4.418619844834627,False,True,True,2025-04-25,2025-04-30,2.7272727272727337,101.7,1.033255736614566,8253525.0,15.970643939393938,3.3853641082200605,0.0,True,1.0,1.0,1.0,271.5506251406318,6598680.190917352,5,1.0,1.0,1.0,19.776813391196523,15.970643939393938,0.7503651871879741,0.0,0.6,30.368564346557832,0.0,1.0,1.0,-11.732664995822894,-7.465321510205291,3.85077519379845,30.430581662489566,mass_shift_after_quiet_surface,15.25,21.135792863845747,0.45000000000000284,10.25,-5.5,0.3904555314533647,5,False,,-4.772234273318872,-4.872234273318871,-5.772234273318872,fold_1,research_oof
NSE_FO|52000|30-04-2025,2025-04-30,CE,24350.0,2025-04-28 05:24:00+00:00,2025-04-28,654,2,2,87.0,90.5,86.75,86.75,429000,3960975,87.25,4.079184163167371,18.38616714697405,1.4468192740609587,False,False,False,2025-04-28,2025-04-30,0.8586147681740153,88.1,2.9269406392694064,4073700.0,3.2205693949933556,-1.4801213652084477,-0.02767140437440165,False,1.0,1.0,1.0,52.9038145150489,1288207.8834414408,6,0.8333333,0.8333333,0.8333333,4.125822957800651,2.876927910442917,1.710556143006501,0.0,0.8333333,16.16384982157615,0.0,0.0,0.0,-4.445176160684882,-0.7429847900574211,2.1454545454545455,8.524360323852253,mass_shift_after_quiet_surface,12.75,-1.3182269056756337,2.950000000000003,3.6500000000000057,0.5499999999999972,3.3810888252149027,5,False,,0.630372492836673,0.530372492836673,-0.36962750716332704,fold_1,research_oof
NSE_FO|51999|30-04-2025,2025-04-30,PE,24300.0,2025-04-28 08:11:00+00:00,2025-04-28,821,2,2,86.4,86.85,83.0,83.15,821025,9896025,83.05,2.9084158415841666,17.739025856885146,1.7112709082382367,False,False,True,2025-04-28,2025-04-30,0.5263157894736858,85.95,0.8443020165702673,9896025.0,2.3821000521104807,0.8669688916679694,0.0,False,1.0,1.0,1.0,39.60770870430718,962467.3215146645,8,0.875,1.0,0.875,2.8817060425050833,2.706147597147912,1.0812611561853915,0.375,0.375,1100.4149160130655,0.0,0.0,0.25,-4.368803701255796,-2.841025923478024,0.7893591293833132,7.277219542839963,mass_shift_after_quiet_surface,16.950000000000003,13.127757170911423,2.6500000000000057,2.5999999999999943,-0.9500000000000028,3.1908488862131317,5,False,,-1.1438892233594253,-1.2438892233594254,-2.1438892233594253,fold_1,research_oof
NSE_FO|51994|30-04-2025,2025-04-30,CE,24300.0,2025-04-29 04:25:00+00:00,2025-04-29,595,1,3,108.8,125.0,107.4,125.0,1899225,8536275,125.9,23.274161735700183,24.0,1.6095979659939617,False,True,True,2025-04-29,2025-04-30,-1.0628465804066622,107.05,0.8416519051092355,8536275.0,24.337008316106846,0.7679460608847262,0.0,True,1.0,1.0,1.0,336.47355525459346,8176307.392686621,5,1.0,1.0,1.0,23.274161735700183,24.187632401575865,1.4303967158910003,0.6,0.0,83.8905204125549,0.0,1.0,0.6,-32.66064790228359,-21.720476962112656,0.8175730124767278,55.934809637983776,mass_shift_after_quiet_surface,25.900000000000006,36.34037474449116,20.19999999999999,7.150000000000006,-0.5500000000000114,16.044479745830014,5,False,,-0.4368546465448859,-0.5368546465448859,-1.436854646544886,fold_1,research_oof
NSE_FO|51988|30-04-2025,2025-04-30,CE,24200.0,2025-04-29 06:14:00+00:00,2025-04-29,704,1,3,170.8,173.8,170.2,170.2,108300,3654300,171.1,1.6726403823177804,6.022326674500588,1.4282888229475768,False,False,False,2025-04-29,2025-04-30,0.02936857562407802,170.3,0.5085106382978724,3654300.0,1.6432718066937024,0.9197781846497044,0.0,False,1.0,1.0,1.0,19.390367423153293,469246.8916403097,5,1.0,1.0,0.8,2.245862884160754,2.9661591730505754,0.3606772940569681,0.8,0.6,112.67250568307281,0.2,0.0,0.0,-7.692307692307687,-1.1405835543766623,1.082967032967033,9.364948074625467,mass_shift_after_quiet_surface,71.1,10.007397500699227,1.6500000000000057,12.099999999999994,-10.699999999999989,0.964348334307426,5,False,,-6.253652834599643,-6.353652834599643,-7.253652834599643,fold_1,research_oof
NSE_FO|38604|08-05-2025,2025-05-08,CE,24350.0,2025-05-02 07:13:00+00:00,2025-05-02,763,6,3,150.0,153.6,148.8,150.05,259725,2718600,150.1,2.8796708947548932,11.196267910696442,1.5459821428571427,False,False,True,2025-05-02,2025-05-08,0.7116959849603921,150.0,1.0621363742145684,2718600.0,2.167974909794501,0.48384576864257434,0.0,False,1.0,1.0,1.0,35.90195854251747,874212.6905103003,5,1.0,1.0,1.0,2.7679623085983485,1.4044578119345896,0.19742764149829117,0.0,0.0,23.515968295196217,0.0,0.0,0.8,-2.498476538695915,-1.4475801859244242,1.0577570577570579,5.378147433450808,mass_shift_after_quiet_surface,50.099999999999994,0.9648530802759133,21.700000000000017,0.6999999999999886,13.300000000000011,14.457028647568299,5,False,,8.860759493670894,8.760759493670895,7.860759493670894,fold_1,research_oof
NSE_FO|38606|08-05-2025,2025-05-08,CE,24400.0,2025-05-05 05:52:00+00:00,2025-05-05,682,3,3,172.2,178.95,171.7,175.9,470700,6514350,175.6,4.422677352330084,10.096645821489478,1.7215745439583048,False,False,True,2025-05-05,2025-05-08,0.6136762127410877,172.15,1.0705832026236988,6514350.0,3.8090011395889967,0.650991341334606,0.0,False,1.0,1.0,1.0,57.76891583349617,1409561.5463373067,5,1.0,1.0,1.0,4.179907113175263,3.480502456641732,0.4211133972583426,0.0,0.0,19.742224017398257,0.4,0.0,1.0,-7.1925754060324865,-4.473899283101046,1.578387134096957,11.61525275836257,mass_shift_after_quiet_surface,75.6,4.725441309812412,6.900000000000006,15.75,-7.049999999999983,3.9293849658314386,5,False,,-4.014806378132109,-4.1148063781321085,-5.014806378132109,fold_1,research_oof
NSE_FO|38606|08-05-2025,2025-05-08,CE,24400.0,2025-05-05 08:37:00+00:00,2025-05-05,847,3,3,146.55,150.9,145.5,150.9,485850,7390275,151.44,3.4624614329791026,9.635520212060962,1.5383519354072668,False,False,True,2025-05-05,2025-05-08,0.932642487046631,146.1,0.966278793635716,7502550.0,2.5298189459324716,0.5720731417715508,-0.014964911929943819,False,1.0,1.0,1.0,45.33628331926326,1106205.3129900235,5,1.0,1.0,1.0,2.4499887615194504,1.2903707533339137,0.6469966585246991,0.0,0.0,13.98612797239548,0.2,0.0,0.4,-4.694835680751175,-2.2445045549233655,1.5243254505677675,8.157297113730277,mass_shift_after_quiet_surface,51.44,2.529565534724475,5.0,4.389999999999986,-2.8899999999999864,3.301637612255679,5,False,,-1.9083465398837736,-2.0083465398837737,-2.9083465398837736,fold_1,research_oof
NSE_FO|38606|08-05-2025,2025-05-08,CE,24400.0,2025-05-06 04:35:00+00:00,2025-05-06,605,2,2,78.34,83.0,78.34,80.34,1945725,10753050,79.09,9.919277602955257,24.035349763505103,1.7561091179855142,False,True,True,2025-05-06,2025-05-08,1.6828478964401317,78.55,0.9313776074297929,10753050.0,8.236429706515125,0.8247315105557212,0.0,False,1.0,1.0,1.0,143.64250450640847,3504877.1099563665,5,1.0,1.0,1.0,8.161949122178424,4.562509346268072,1.5922145308656863,0.0,0.0,13.175444684209651,0.0,1.0,1.0,-10.888077858880784,-5.099257983104388,1.207895141282631,20.80735546183604,mass_shift_after_quiet_surface,20.909999999999997,6.654253793498993,3.5600000000000023,8.340000000000003,-8.340000000000003,4.501201163231764,5,False,,-10.54494879251486,-10.64494879251486,-11.54494879251486,fold_1,research_oof
NSE_FO|38604|08-05-2025,2025-05-08,CE,24350.0,2025-05-06 06:19:00+00:00,2025-05-06,709,2,2,83.0,85.25,82.65,84.3,556800,5147775,84.1,3.245560318432328,6.227758007117438,1.9396472893533638,True,False,True,2025-05-06,2025-05-08,1.098230628431951,82.85,1.205486610058785,5147775.0,2.147329690000377,0.7341606792945787,0.0,False,1.0,1.0,1.0,42.93864352423879,1045555.9698152146,6,0.8333333,0.8333333,0.8333333,2.2828831687357054,1.3594118863458737,1.176062301585518,0.0,0.0,33.81057673424948,0.5,0.0,0.6666666666666666,-5.868544600938963,-1.7149395852649842,1.306879950302842,9.11410491937129,mass_shift_after_quiet_surface,15.900000000000006,4.104690538842207,6.050000000000011,2.3999999999999915,5.300000000000011,7.193816884661132,5,False,,6.3020214030915715,6.202021403091572,5.3020214030915715,fold_1,research_oof
NSE_FO|38600|08-05-2025,2025-05-08,CE,24250.0,2025-05-07 07:01:00+00:00,2025-05-07,751,1,3,147.69,153.9,143.5,153.5,186450,1158300,154.5,4.421768707482987,13.452768729641699,1.359212684527064,False,False,False,2025-05-07,2025-05-08,1.85439560439562,148.3,0.6899945325314379,1158300.0,2.567373103087367,0.6692181519956261,0.0,False,1.0,1.0,1.0,53.66224786955439,1301309.510836694,5,1.0,1.0,0.8,4.993000466635555,3.8187402505716728,1.38845607072917,0.0,1.0,12.997907899843995,0.0,0.4,0.0,-3.089887640449429,1.1492096453084248,0.9162185111803001,7.511656347932416,mass_shift_after_quiet_surface,54.5,1.0483171699545677,2.1500000000000057,9.400000000000006,-5.449999999999989,1.391585760517803,5,False,,-3.5275080906148797,-3.6275080906148798,-4.52750809061488,fold_1,research_oof
NSE_FO|38604|08-05-2025,2025-05-08,CE,24350.0,2025-05-08 07:22:00+00:00,2025-05-08,772,0,2,51.7,52.5,51.55,52.35,571275,10331775,52.35,3.0511811023622215,8.500477554918808,1.3795164357511547,False,False,False,2025-05-08,2025-05-08,2.0689655172413834,51.8,1.2728425246762656,10331775.0,0.9822155851208381,0.1066739110748891,0.0,False,1.0,1.0,1.0,40.44532084308272,984843.5625290642,5,1.0,1.0,0.8,1.4521782674010941,0.3969018854915518,1.1829637617172157,0.19999999,0.39999998,35.781919289340294,0.0,0.0,0.0,-12.5,-4.807692307692313,1.0806654902949333,15.551181102362222,mass_shift_after_quiet_surface,47.65,4.422426417513811,1.3500000000000014,0.5500000000000043,0.14999999999999858,2.578796561604587,5,False,,0.28653295128939554,0.18653295128939554,-0.7134670487106045,fold_1,research_oof
NSE_FO|46233|15-05-2025,2025-05-15,PE,23850.0,2025-05-09 06:15:00+00:00,2025-05-09,705,6,3,174.15,178.0,171.85,178.0,113025,1005300,178.0,4.368220463207262,5.70224719101124,1.5747126436781609,True,False,True,2025-05-09,2025-05-15,1.9877228880444076,174.45,0.7753396029258098,991275.0,2.3804975751628543,0.799373040752351,0.014148445184232429,False,1.0,1.0,1.0,50.82587513335784,1212197.1219305845,8,1.0,1.0,0.875,4.333328726991326,2.311325020765287,1.233235987436332,0.125,0.0,387.1668179064727,0.625,0.125,0.25,-8.824257425742566,-2.3666928500968076,1.5799086757990868,13.192477888949828,mass_shift_after_quiet_surface,78.0,9.82133676782893,12.099999999999994,1.6999999999999886,7.099999999999994,6.79775280898876,5,False,,3.988764044943817,3.8887640449438168,2.988764044943817,fold_1,research_oof
NSE_FO|46233|15-05-2025,2025-05-15,PE,23850.0,2025-05-12 05:41:00+00:00,2025-05-12,671,3,0,19.89,20.39,19.8,20.1,39225,935100,20.2,1.5151515151515138,5.174129353233827,2.0712871287128714,False,False,True,2025-05-12,2025-05-15,1.278772378516635,19.8,1.6363636363636365,935100.0,0.23637913663487886,0.4349234923492349,0.0,True,1.0,1.0,1.0,16.0259016230628,382217.7537100478,8,0.875,0.625,0.875,1.4944178628389149,0.34209922563830375,1.4853678721049668,0.25,0.0,1855.3236738835294,0.25,0.0,0.375,2.403542061986097,0.5290180153573187,,-0.8883905468345832,mass_shift_after_quiet_surface,79.8,19.86840914874805,0.4499999999999993,0.05999999999999872,0.10000000000000142,2.2277227722772244,5,False,,0.4950495049505021,0.39504950495050206,-0.5049504950494978,fold_1,research_oof
NSE_FO|46233|15-05-2025,2025-05-15,PE,23850.0,2025-05-12 08:21:00+00:00,2025-05-12,831,3,0,21.4,21.7,21.4,21.6,19200,943500,21.6,4.09638554216869,5.787037037037036,1.7474402730375427,True,False,True,2025-05-12,2025-05-15,3.3816425120772875,21.4,0.962457337883959,943500.0,0.7147430300914026,0.7849829351535836,0.0,True,1.0,1.0,1.0,40.40149394695909,963575.6306349743,8,0.875,0.5,0.625,3.4745161922862255,0.2830188679245227,1.2811500964886502,0.125,-0.125,191.927611263367,0.625,0.0,0.25,2.1244763614602036,0.0,,1.9719091807084865,mass_shift_after_quiet_surface,78.4,3.4389908128231905,0.5499999999999972,0.3000000000000007,-0.15000000000000213,2.546296296296283,5,False,,-0.6944444444444543,-0.7944444444444543,-1.6944444444444544,fold_1,research_oof
NSE_FO|49255|22-05-2025,2025-05-22,CE,25050.0,2025-05-19 06:21:00+00:00,2025-05-19,711,3,3,151.75,154.4,150.85,153.69,453975,5434350,153.65,2.0179223365416554,7.411022187520325,2.785549930971008,True,False,True,2025-05-19,2025-05-22,0.36423841059602946,151.55,2.966405890473999,5346600.0,1.653683925945626,-0.18085595950299105,0.01641229940522949,False,1.0,1.0,1.0,26.285051988753917,658440.5523182856,5,1.0,1.0,1.0,1.791530944625408,1.5981821433879828,0.13732672012607064,0.0,0.0,35.226721623210324,0.2,0.0,1.0,-3.418102269619905,-1.5395288963555354,1.4797830374753451,5.43602460616156,mass_shift_after_quiet_surface,53.650000000000006,2.0339768287360966,0.4000000000000057,5.710000000000008,-5.550000000000011,0.26033192320208637,5,False,,-3.612105434428904,-3.712105434428904,-4.612105434428904,fold_1,research_oof
NSE_FO|49245|22-05-2025,2025-05-22,CE,25000.0,2025-05-19 07:21:00+00:00,2025-05-19,771,3,3,164.45,170.65,164.3,168.45,694725,12630225,167.85,2.463503649635035,5.105372514099136,2.917939833044574,True,False,True,2025-05-19,2025-05-22,-0.3024803387779773,164.8,1.0962356276578988,12630225.0,2.765983988413012,1.821704205386675,0.0,False,1.0,1.0,1.0,33.13725964047534,828431.4910118836,5,1.0,1.0,1.0,2.463503649635035,2.6000931750991385,0.3585748054343141,0.8,0.0,105.97765231549056,0.6,0.0,1.0,-5.742179973023309,-3.700040588906617,3.2736660929432015,8.205683622658345,mass_shift_after_quiet_surface,67.85,12.515549012492666,2.450000000000017,0.44999999999998863,2.1500000000000057,1.459636580280022,5,False,,1.2809055704498098,1.1809055704498097,0.2809055704498098,fold_1,research_oof
NSE_FO|49237|22-05-2025,2025-05-22,PE,24950.0,2025-05-20 06:26:00+00:00,2025-05-20,716,2,3,170.2,177.65,168.2,175.9,248475,2615625,176.05,11.153238546603482,13.445139283683899,1.3999577435030637,False,True,False,2025-05-20,2025-05-22,4.776579352850541,170.0,0.9182336784280584,2615625.0,6.376659193752942,0.4817240650750053,0.0,False,1.0,1.0,1.0,138.55781496851145,3457017.4834643607,8,1.0,1.0,0.875,9.763941821575795,6.607749630919512,0.9268536515483272,0.375,0.375,815.8611320783166,0.0,1.0,0.375,-13.71040723981901,-4.012328557293854,1.0405471421592574,24.863645786422495,mass_shift_after_quiet_surface,76.05000000000001,19.731655132410154,1.6499999999999773,19.110000000000014,-12.050000000000011,0.9372337404146419,5,False,,-6.844646407270667,-6.944646407270667,-7.844646407270667,fold_1,research_oof
NSE_FO|49258|22-05-2025,2025-05-22,CE,25100.0,2025-05-20 08:42:00+00:00,2025-05-20,852,2,1,30.75,31.5,30.7,31.5,415200,10802925,31.5,3.109656301145658,9.365079365079373,2.0371665133394665,False,False,True,2025-05-20,2025-05-22,-1.2820512820512775,30.8,1.1403267073410746,10802925.0,4.391707583196935,0.896839805998392,0.0,False,1.0,1.0,1.0,40.22812477362782,1009725.9318180582,7,0.71428573,0.71428573,0.71428573,3.109656301145658,3.3446712018140756,1.552841437933952,0.5714286,0.0,40.182752179640374,0.0,0.0,0.2857142857142857,-1.5866612881538344,-1.1820759880864062,1.1530398322851152,4.696317589299492,mass_shift_after_quiet_surface,68.5,8.381049835708959,0.7000000000000028,0.4499999999999993,0.3500000000000014,2.222222222222231,5,False,,1.1111111111111156,1.0111111111111155,0.1111111111111156,fold_1,research_oof
NSE_FO|61686|29-05-2025,2025-05-29,PE,24550.0,2025-05-23 08:02:00+00:00,2025-05-23,812,6,2,89.55,90.8,89.5,90.6,38325,1762200,90.75,3.8990825688073327,5.7395143487858755,1.4116022099447514,True,False,False,2025-05-23,2025-05-29,2.9816513761467878,89.8,0.9685714285714285,1762200.0,0.917431192660545,0.44303078137332286,0.0,False,1.0,1.0,1.0,41.15046434231265,1010243.8996037756,8,1.0,1.0,0.75,3.868733203595587,1.220520974173278,1.1791222527160217,0.375,0.375,1448.5155232802863,1.0,0.375,0.125,-1.879579483912075,-1.2578724238488492,0.7619047619047619,5.778662052719408,mass_shift_after_quiet_surface,9.25,18.501496107570574,2.5999999999999943,2.5,-1.9500000000000028,2.8650137741046766,5,False,,-2.1487603305785155,-2.2487603305785155,-3.1487603305785155,fold_1,research_oof
NSE_FO|61690|29-05-2025,2025-05-29,PE,24650.0,2025-05-23 08:45:00+00:00,2025-05-23,855,6,3,108.8,110.45,107.4,109.4,123300,2590725,109.1,2.7230046948356845,7.0383912248628775,1.53215284249767,True,False,True,2025-05-23,2025-05-29,2.2065727699530413,108.85,0.9868356899073623,2590725.0,0.5164319248826432,0.5453171525903078,0.0,False,1.0,1.0,1.0,31.920106120485418,786830.6158699655,8,0.75,0.5,0.75,2.2573664641435953,0.033086711922980516,1.7499057763003298,0.125,0.5,1111.469491110889,0.75,0.125,0.5,-3.566258718252402,-1.3177380081932255,1.070110701107011,6.2892634130880865,mass_shift_after_quiet_surface,9.099999999999994,12.790070046253115,4.75,3.3499999999999943,-0.04999999999999716,4.353803849679194,5,False,,-0.0458295142071468,-0.1458295142071468,-1.0458295142071468,fold_1,research_oof
NSE_FO|61686|29-05-2025,2025-05-29,PE,24550.0,2025-05-27 08:48:00+00:00,2025-05-27,858,2,2,105.1,106.3,99.45,99.45,471075,1551600,99.15,11.428571428571432,24.233283056812464,5.163173037402384,False,True,True,2025-05-27,2025-05-29,9.652928416485885,101.1,4.21783806000822,1551600.0,1.7756430120855473,0.9453349773941637,0.0,False,1.0,1.0,1.0,149.28885392905903,3665041.3639583993,8,1.0,0.75,0.875,11.065268152041762,1.7432592534859843,1.3077309589033304,0.125,-0.125,499.87532118272793,0.125,1.0,0.875,-7.84370899548038,0.3377114507789223,3.696969696969697,19.272280424051814,mass_shift_after_quiet_surface,0.8499999999999943,7.276405011788232,14.599999999999994,0.8500000000000085,3.3999999999999915,14.72516389309127,5,False,,3.429147755925357,3.329147755925357,2.429147755925357,fold_1,research_oof
NSE_FO|61693|29-05-2025,2025-05-29,CE,24750.0,2025-05-28 04:50:00+00:00,2025-05-28,620,1,3,163.3,169.45,160.35,169.25,423525,3843600,168.65,11.05643044619422,18.440177252584938,1.4400102001785031,False,True,False,2025-05-28,2025-05-29,-0.7014333638304171,162.8,1.0116027030473034,3843600.0,11.757863810024638,0.42840749713119974,0.0,False,1.0,1.0,1.0,143.25120577832266,3545467.343013486,5,1.0,1.0,1.0,10.780911062906728,11.404151915339366,0.5368725008664941,0.8,0.0,110.49221377780486,0.0,1.0,0.6,-12.465753424657544,-13.827760593116324,1.2132348298288818,23.522183870851762,mass_shift_after_quiet_surface,68.65,18.930580504681117,6.849999999999994,2.3499999999999943,0.5,4.0616661725466905,5,False,,0.2964719833975689,0.1964719833975689,-0.7035280166024311,fold_2,research_oof
NSE_FO|61693|29-05-2025,2025-05-29,CE,24750.0,2025-05-28 08:49:00+00:00,2025-05-28,859,1,3,150.0,153.85,147.9,148.0,395625,4149975,148.65,3.6414565826330403,9.29054054054054,1.5510144075271979,False,False,True,2025-05-28,2025-05-29,1.0412440838404313,149.44,1.2351477449455677,4142100.0,2.600212498792609,0.3158666625816302,0.0019012095313971173,False,1.0,1.0,1.0,46.93191030638798,1161564.7800831024,5,1.0,1.0,1.0,3.6414565826330403,1.203019962884322,0.27367850546816375,0.0,0.0,16.611533397266612,0.6,0.0,0.8,-6.635622817229336,-0.9042795336472453,2.2348158186522116,10.277079399862377,mass_shift_after_quiet_surface,48.650000000000006,3.096981117577491,2.789999999999992,10.150000000000006,-8.099999999999994,1.8768920282542831,5,False,,-5.449041372351156,-5.549041372351156,-6.449041372351156,fold_2,research_oof
NSE_FO|61687|29-05-2025,2025-05-29,CE,24600.0,2025-05-29 05:18:00+00:00,2025-05-29,648,0,3,174.15,179.45,172.45,174.4,249525,2593875,175.4,5.409489271683299,11.903669724770637,1.6126999515269025,False,True,True,2025-05-29,2025-05-29,1.8751831233518867,173.85,1.1595561035758324,2593875.0,3.534306148331412,0.4531438479510701,0.0,False,1.0,1.0,1.0,67.22544554523613,1653745.9604128087,5,1.0,1.0,0.8,6.943303204601481,4.3771760826117445,1.0414304372992724,0.0,0.0,28.937410027036094,0.0,1.0,0.2,-29.78260869565218,-9.55788959452859,1.1106073133651615,35.19209796733548,mass_shift_after_quiet_surface,75.4,9.601628198492673,9.299999999999983,4.050000000000011,-0.75,5.302166476624848,5,False,,-0.42759407069555305,-0.5275940706955531,-1.427594070695553,fold_2,research_oof
NSE_FO|40487|05-06-2025,2025-06-05,CE,24900.0,2025-05-30 05:30:00+00:00,2025-05-30,660,6,3,170.15,174.6,169.35,174.05,259575,5544075,173.6,2.0821114369501625,6.2338408503303615,1.5660633484162896,True,False,True,2025-05-30,2025-06-05,0.41407867494822614,169.75,1.0311562427879069,5561475.0,1.6680327620019364,0.5349071056283827,-0.003128666405944466,False,1.0,1.0,1.0,25.957276876325427,646336.1942205031,7,0.71428573,0.71428573,0.71428573,1.835501858736066,1.1322669782859895,0.9833034884028146,0.0,0.71428573,18.827087487850804,0.42857142857142855,0.0,0.42857142857142855,-3.3728022963760207,-3.1562348897707038,1.3919239904988123,5.454913733326183,mass_shift_after_quiet_surface,73.6,2.2213047427837154,2.8000000000000114,5.549999999999983,-0.19999999999998863,1.6129032258064582,5,False,,-0.11520737327188285,-0.21520737327188286,-1.1152073732718828,fold_2,research_oof
NSE_FO|40487|05-06-2025,2025-06-05,CE,24900.0,2025-06-02 07:19:00+00:00,2025-06-02,769,3,3,169.0,175.35,168.5,170.95,352350,4988550,170.45,2.151180161338506,8.16028078385492,1.3938584779706276,False,False,False,2025-06-02,2025-06-05,0.08902077151335952,168.65,0.47962784728906,4988550.0,2.0621593898251467,0.9142306306815675,0.0,False,1.0,1.0,1.0,27.475697173957364,684144.8596315384,7,0.71428573,0.71428573,0.71428573,1.8573237653018104,1.8573237653018104,0.9681037899750774,0.2857143,0.71428573,17.0908019804956,0.2857142857142857,0.0,0.2857142857142857,-0.7270964614638831,-0.7432073040609333,1.5731225296442688,2.8782766228023893,mass_shift_after_quiet_surface,70.44999999999999,3.4791405029779674,4.150000000000006,4.449999999999989,-0.44999999999998863,2.4347315928424793,5,False,,-0.2640070401877317,-0.36400704018773167,-1.2640070401877317,fold_2,research_oof
NSE_FO|40476|05-06-2025,2025-06-05,PE,24700.0,2025-06-04 07:53:00+00:00,2025-06-04,803,1,3,139.75,144.9,139.6,143.15,348300,5396025,142.95,2.3962804005722482,6.007684247293045,2.297872340425532,True,False,True,2025-06-04,2025-06-05,-0.17857142857142794,139.75,0.6817258883248731,5396025.0,2.574851829143676,1.616146452100659,0.0,False,1.0,1.0,1.0,30.57850843842469,755289.1584290899,8,0.625,0.625,0.875,1.640584809289336,1.4650898824579484,1.020495305996698,0.5,0.0,118.4548346365882,0.25,0.0,0.625,-4.444444444444451,-4.019364742000253,2.422661870503597,6.840724845016699,mass_shift_after_quiet_surface,42.94999999999999,9.227937909499428,0.5,11.399999999999977,-11.099999999999994,0.3497726477789437,5,False,,-7.764952780692546,-7.864952780692546,-8.764952780692546,fold_2,research_oof
NSE_FO|44857|12-06-2025,2025-06-12,PE,24800.0,2025-06-06 05:53:00+00:00,2025-06-06,683,6,3,109.4,110.55,107.45,108.0,294075,7103850,108.0,5.00729217306759,9.444444444444446,1.3242147922998986,False,True,False,2025-06-06,2025-06-12,5.076628352490409,109.7,2.054711246200608,7024950.0,-0.06933617942281867,-0.7304964539007095,0.011231396664744944,False,1.0,0.0,1.0,63.04978766069738,1563634.733985295,8,1.0,0.75,0.625,5.237035489393338,0.29168174492100185,0.5758678122448704,0.25,0.125,430.3629412963601,0.0,0.625,0.0,-4.731317562274784,2.4573056601037147,0.6581806892269482,9.738609735342374,mass_shift_after_quiet_surface,8.0,5.231556156377897,1.25,4.5,-2.75,1.1574074074074074,5,False,,-2.5462962962962963,-2.6462962962962964,-3.5462962962962963,fold_2,research_oof
NSE_FO|44859|12-06-2025,2025-06-12,PE,24850.0,2025-06-06 06:42:00+00:00,2025-06-06,732,6,3,117.8,119.25,117.3,118.9,90075,2414325,118.75,2.765773552290418,4.499579478553401,1.8141993957703928,True,False,True,2025-06-06,2025-06-12,2.3427331887201808,117.95,0.9879154078549849,2392425.0,0.42304036357023733,0.8262839879154079,0.009153891971535159,False,1.0,1.0,1.0,31.553075989391267,784093.938336373,8,0.75,0.75,1.0,2.622462007972104,0.3251977180170118,1.6275871538717284,0.125,0.125,514.4251806035027,0.625,0.125,0.75,-4.24960505529226,-1.9549381776217456,2.542222222222222,7.0153786075826785,mass_shift_after_quiet_surface,18.75,8.151300555019033,3.799999999999997,1.75,0.25,3.1999999999999975,5,False,,0.21052631578947367,0.11052631578947367,-0.7894736842105263,fold_2,research_oof
NSE_FO|50986|19-06-2025,2025-06-19,PE,24450.0,2025-06-13 05:25:00+00:00,2025-06-13,655,6,3,109.05,111.6,108.6,111.25,88650,1144275,111.1,4.264292408622294,9.258426966292133,1.573901464713715,False,False,True,2025-06-13,2025-06-19,0.6472491909385036,108.85,1.3333333333333333,1144275.0,3.617043217683791,0.2405681313803818,0.0,False,1.0,1.0,1.0,48.58079174553252,1187800.3581782703,8,1.0,1.0,0.625,4.197333949473981,3.3895158612171574,1.2683036664539726,0.375,0.375,325.93677250725887,0.125,0.0,0.125,-2.4492234169653515,-2.1941213761490386,1.7375,6.7135158255876455,mass_shift_after_quiet_surface,11.099999999999994,8.906717291843188,1.4000000000000057,3.3999999999999915,-1.8499999999999943,1.2601260126012652,5,False,,-1.6651665166516603,-1.7651665166516604,-2.6651665166516603,fold_2,research_oof
NSE_FO|50986|19-06-2025,2025-06-19,PE,24450.0,2025-06-16 04:16:00+00:00,2025-06-16,586,3,2,48.5,53.1,48.4,53.0,379650,1577400,53.0,6.000000000000005,18.113207547169814,2.7113015532940548,False,True,True,2025-06-16,2025-06-19,2.0105820105820182,48.2,0.5268400664084117,1577400.0,3.989417989417987,2.184461486885643,0.0,True,1.0,1.0,1.0,77.08204613185755,1884656.0279239172,8,1.0,1.0,0.875,5.77546789687291,3.5467671060891437,0.8711199906650082,0.125,0.125,136.68349634805418,0.0,0.875,0.625,-4.268292682926833,-2.0553098503088063,2.4507042253521125,10.268292682926838,mass_shift_after_quiet_surface,47.0,5.452700373932064,9.950000000000003,0.3500000000000014,1.6499999999999986,18.773584905660382,5,False,,3.1132075471698086,3.0132075471698085,2.1132075471698086,fold_2,research_oof
NSE_FO|50986|19-06-2025,2025-06-19,PE,24450.0,2025-06-16 06:24:00+00:00,2025-06-16,714,3,1,31.5,32.05,31.35,31.95,90375,1858350,31.85,4.92610837438423,7.1987480438184575,3.5863095238095237,True,False,True,2025-06-16,2025-06-19,5.3333333333333455,31.6,1.570063694267516,1881900.0,-0.40722495894911503,2.016245829542008,-0.012513948668898454,False,1.0,0.0,1.0,56.21543854387562,1374467.4723977589,8,1.0,0.75,1.0,4.859568348412157,0.14918194284462283,1.28743128434132,0.125,-0.125,272.4225892700706,0.875,0.375,0.75,-2.2968538892105816,-0.17959004556238334,1.0,7.2229622635948125,mass_shift_after_quiet_surface,68.15,5.7791389363409875,1.3999999999999986,0.3500000000000014,0.75,4.395604395604391,5,False,,2.3547880690737832,2.254788069073783,1.3547880690737832,fold_2,research_oof
NSE_FO|50990|19-06-2025,2025-06-19,PE,24500.0,2025-06-17 06:22:00+00:00,2025-06-17,712,2,0,20.1,20.55,20.05,20.5,103425,7422525,20.45,5.398457583547556,7.804878048780495,1.4028484231943033,True,True,False,2025-06-17,2025-06-19,4.960835509138395,20.1,1.3540569020021074,7422525.0,0.4376220744091608,0.048791521192195875,0.0,False,1.0,1.0,1.0,62.333893280880574,1527180.385381574,8,1.0,0.5,0.75,5.748009279578659,0.168122051590891,1.2816153665300685,0.0,-0.25,48.416781530031585,1.0,0.75,0.125,-1.9688473520249161,-0.06784747546646486,4.380952380952381,7.367304935572472,mass_shift_after_quiet_surface,79.55,0.7699266590207201,0.25,0.8499999999999979,0.15000000000000213,1.2224938875305624,5,False,,0.7334963325183479,0.6334963325183479,-0.2665036674816521,fold_2,research_oof
NSE_FO|50992|19-06-2025,2025-06-19,PE,24550.0,2025-06-17 08:16:00+00:00,2025-06-17,826,2,1,30.3,31.4,30.05,31.05,89325,1753725,31.0,4.3697478991596705,8.534621578099834,3.487554904831625,False,False,True,2025-06-17,2025-06-19,3.747870528109032,30.45,1.5519765739385065,1781550.0,0.6218773710506387,1.9355783308931185,-0.015618422160478235,False,1.0,1.0,1.0,49.81533526478679,1222966.4807505156,8,0.875,0.75,0.875,4.096989966555187,0.6412539102067516,1.625888289425301,0.0,-0.25,65.98811071566524,0.25,0.125,0.5,-0.40896697970312923,0.10579456458149616,1.2857142857142858,4.7787148788628,mass_shift_after_quiet_surface,69.0,2.6793143984175334,0.14999999999999858,1.1499999999999986,-1.0500000000000007,0.4838709677419309,5,False,,-3.3870967741935507,-3.487096774193551,-4.387096774193551,fold_2,research_oof
NSE_FO|62386|26-06-2025,2025-06-26,PE,24750.0,2025-06-23 06:16:00+00:00,2025-06-23,706,3,2,71.5,72.7,71.4,72.35,108525,2309850,72.2,2.624113475177303,8.016586040082926,1.3631653320772492,False,False,False,2025-06-23,2025-06-26,0.49157303370785943,71.55,0.9891662741403674,2309850.0,2.1325404414694438,0.3739990579368818,0.0,False,1.0,1.0,1.0,30.425926739000406,753041.68679026,8,0.625,0.625,0.625,2.1385585792551676,1.6277674058213676,1.215301185165792,0.125,0.0,27.62721580707148,0.125,0.0,0.0,-2.4745524745524605,0.03995429527346994,1.1805555555555556,5.098665949729764,mass_shift_after_quiet_surface,27.799999999999997,2.7147559324348616,3.549999999999997,1.0499999999999972,2.200000000000003,4.916897506925204,5,False,,3.047091412742386,2.947091412742386,2.047091412742386,fold_2,research_oof
NSE_FO|62395|26-06-2025,2025-06-26,CE,24900.0,2025-06-23 07:46:00+00:00,2025-06-23,796,3,3,175.95,185.0,175.8,176.45,750750,7396275,176.5,1.6417050691244217,8.64267497874752,3.749063670411985,False,False,True,2025-06-23,2025-06-26,-0.14172335600907138,176.15,1.4691546077684692,7363800.0,1.783428425133493,2.279909062643516,0.00441008718324778,False,1.0,1.0,1.0,22.210347670426906,553037.65699363,5,1.0,1.0,1.0,1.6340456096247014,1.4388024431355229,0.15713375105912683,0.19999999,1.0,32.351118035589025,0.0,0.0,1.0,-2.1929824561403466,-0.7379560011138819,2.3426459719142647,3.8346875252647683,mass_shift_after_quiet_surface,76.5,5.026682263895563,55.05000000000001,0.44999999999998863,54.900000000000006,31.189801699716718,5,True,NSE_FO|62395|26-06-2025:9461,31.104815864022665,31.004815864022664,30.104815864022665,fold_2,research_oof
NSE_FO|56998|03-07-2025,2025-07-03,CE,25700.0,2025-06-30 06:02:00+00:00,2025-06-30,692,3,2,82.05,83.6,81.8,82.1,378525,10244925,82.0,3.465658475110267,7.673568818514004,1.3224158260186034,True,False,False,2025-06-30,2025-07-03,0.6760909649662139,81.9,0.7918249705227303,10244925.0,2.789567510144053,0.5305908554958731,0.0,False,1.0,1.0,1.0,44.51305622519581,1143985.5449875323,6,0.8333333,0.8333333,0.8333333,2.2758627658356234,1.460454769576558,1.1695851748886423,0.0,0.0,18.091740122326883,0.6666666666666666,0.0,0.16666666666666666,-1.805337519623229,0.35198949958225034,0.7903614457831325,5.270995994733497,mass_shift_after_quiet_surface,18.0,2.6616358782020018,2.200000000000003,2.0,-1.0,2.682926829268296,5,False,,-1.2195121951219512,-1.3195121951219513,-2.2195121951219514,fold_2,research_oof
NSE_FO|56984|03-07-2025,2025-07-03,CE,25650.0,2025-06-30 06:42:00+00:00,2025-06-30,732,3,3,100.65,103.95,100.55,103.8,182250,7170825,103.8,2.51851851851852,5.587668593448938,1.5487571701720841,True,False,True,2025-06-30,2025-07-03,-0.14858841010402246,100.8,0.5646908859145953,7163250.0,2.6671069286225424,0.9840662842574889,0.0010574808920531882,False,1.0,1.0,1.0,30.50716775200196,782508.8528388502,6,0.8333333,0.8333333,0.8333333,2.2041839266564334,2.393010945518598,0.9631741113073139,0.6666666,0.0,54.51395583871272,0.8333333333333334,0.0,0.6666666666666666,-2.1535580524344455,-1.8740549468443946,1.4801223241590213,4.6720765709529655,mass_shift_after_quiet_surface,3.799999999999997,8.604046546353109,7.6000000000000085,0.5499999999999972,6.450000000000003,7.321772639691723,5,False,,6.213872832369946,6.113872832369946,5.213872832369946,fold_2,research_oof
NSE_FO|56843|03-07-2025,2025-07-03,CE,25500.0,2025-07-01 04:19:00+00:00,2025-07-01,589,2,3,163.9,172.0,160.6,164.35,1902375,8988075,164.45,3.592814371257469,13.842409491937937,2.6503317486024764,False,False,True,2025-07-01,2025-07-03,1.768538628606886,164.0,1.6533096494436028,8988075.0,1.824275742650583,0.9970220991588736,0.0,False,1.0,1.0,1.0,51.94711684740939,1324651.4796089395,5,1.0,1.0,1.0,3.341404358353506,2.0418321536606943,0.46723401165597905,0.0,0.0,21.861924828561314,0.0,0.0,1.0,-8.767471410419326,-3.3355342376444446,1.3964743734988898,12.360285781676794,mass_shift_after_quiet_surface,64.44999999999999,2.3610555628475103,1.5,15.25,-11.349999999999994,0.9121313469139556,5,False,,-6.901793858315594,-7.001793858315594,-7.901793858315594,fold_2,research_oof
NSE_FO|56984|03-07-2025,2025-07-03,CE,25650.0,2025-07-01 08:00:00+00:00,2025-07-01,810,2,2,53.45,55.15,53.45,54.0,188850,6735750,54.0,0.746268656716409,7.6851851851851825,2.233259423503326,False,False,True,2025-07-01,2025-07-03,-0.18639328984156878,53.55,0.9569844789356985,6735750.0,0.9326619465579777,1.2762749445676276,0.0,False,1.0,1.0,1.0,9.066204196518115,232548.13764068965,6,0.6666667,0.6666667,0.8333333,0.3966566606090294,0.5030548022617265,0.31350053621884466,0.33333334,-0.16666663,60.74786266324736,0.0,0.0,0.8333333333333334,-1.201298701298703,-0.16267487786474355,2.9010043041606886,1.947567358015112,mass_shift_after_quiet_surface,46.0,3.7443870103358523,0.6000000000000014,2.200000000000003,-0.14999999999999858,1.1111111111111138,5,False,,-0.2777777777777751,-0.3777777777777751,-1.277777777777775,fold_2,research_oof
NSE_FO|56843|03-07-2025,2025-07-03,CE,25500.0,2025-07-02 06:26:00+00:00,2025-07-02,716,1,2,72.5,74.7,72.2,73.2,1235100,22623900,73.25,2.4492652204338716,7.103825136612025,1.3865454239286015,True,False,False,2025-07-02,2025-07-03,1.0452961672473782,72.5,0.7954028795150291,22623900.0,1.4039690531864935,0.5911425444135724,0.0,False,1.0,1.0,1.0,34.35501859430994,876052.9741549034,7,0.71428573,0.71428573,0.71428573,1.0729613733905685,0.8967010622095151,0.9242361614982698,0.14285713,0.71428573,19.499345815565903,0.14285714285714285,0.0,0.5714285714285714,-5.123216601815805,-1.5265563577567254,1.303009418791638,7.572481822249677,mass_shift_after_quiet_surface,26.75,3.142373729760198,0.5499999999999972,4.900000000000006,-4.450000000000003,0.7508532423208153,5,False,,-6.075085324232086,-6.175085324232086,-7.075085324232086,fold_2,research_oof
NSE_FO|40046|10-07-2025,2025-07-10,PE,25400.0,2025-07-04 04:47:00+00:00,2025-07-04,617,6,3,134.1,141.7,132.4,138.4,980250,8906925,138.45,0.3262051467923355,10.946531791907518,1.5343977459497535,False,False,True,2025-07-04,2025-07-10,-0.9974141115626112,134.0,1.6686902686782472,8928525.0,1.3236192583549466,-0.13429252272849368,-0.0024192125799054154,False,1.0,1.0,1.0,4.500183960229258,114304.67258982315,8,0.625,0.75,0.75,0.3348501045254082,0.9697609066439905,0.28399952525859307,0.5,0.0,82.16927310527535,0.0,0.0,0.5,-0.6345177664974666,0.345874390365275,1.8202681966775636,0.9607229132898021,mass_shift_after_quiet_surface,38.44999999999999,2.7198393470880595,3.950000000000017,7.449999999999989,-7.099999999999994,2.8530155290718797,5,False,,-5.128205128205124,-5.228205128205124,-6.128205128205124,fold_2,research_oof
NSE_FO|40051|10-07-2025,2025-07-10,CE,25550.0,2025-07-04 08:03:00+00:00,2025-07-04,813,6,2,69.65,70.95,69.45,70.05,147825,4538100,70.0,3.624260355029585,6.423982869379015,2.2629161882893225,True,False,True,2025-07-04,2025-07-10,0.14378145219267058,69.65,1.166475315729047,4538100.0,3.4804789028369143,1.0964408725602754,0.0,False,1.0,1.0,1.0,43.142438467874754,1102289.3028542,6,0.8333333,0.8333333,0.8333333,2.863332762917259,2.700264029791799,1.3166744656195326,0.16666663,0.0,43.903293410974584,0.8333333333333334,0.0,0.8333333333333334,-1.913580246913582,-2.165152573957607,1.4213197969543148,5.5378406019431665,mass_shift_after_quiet_surface,30.0,6.176033120226323,1.6500000000000057,1.5999999999999943,-0.7000000000000028,2.357142857142865,5,False,,-1.000000000000004,-1.100000000000004,-2.000000000000004,fold_2,research_oof
NSE_FO|40050|10-07-2025,2025-07-10,PE,25500.0,2025-07-07 06:07:00+00:00,2025-07-07,697,3,3,136.75,139.25,136.15,137.05,375600,7565775,137.0,1.0320678215997026,4.56037942356804,1.4733745219182113,False,False,False,2025-07-07,2025-07-10,0.44069041498346895,136.75,1.0503089143865842,7565775.0,0.5913774066162336,0.42306560753162703,0.0,False,1.0,1.0,1.0,13.247914311984724,337821.8149556105,8,0.625,0.875,0.75,0.5161572696490979,0.5241630080363713,0.4628682018309359,0.25,0.875,40.558586929404555,0.0,0.0,0.0,-2.2806147744174443,-0.5924320534641203,1.5126227208976157,3.312682596017147,mass_shift_after_quiet_surface,37.0,3.0329875932735777,1.5,5.75,-3.25,1.094890510948905,5,False,,-2.3722627737226274,-2.4722627737226275,-3.3722627737226274,fold_2,research_oof
NSE_FO|40040|10-07-2025,2025-07-10,CE,25350.0,2025-07-07 06:37:00+00:00,2025-07-07,727,3,3,176.8,178.8,176.0,176.1,57075,1272375,176.15,0.3704759190652718,6.814310051107325,1.506930693069307,False,False,True,2025-07-07,2025-07-10,0.42613636363635354,176.75,1.3188118811881189,1272375.0,-0.05566044457108177,0.18811881188118806,0.0,False,1.0,0.0,1.0,4.057503758810496,102857.72028584607,6,0.6666667,0.5,0.8333333,0.09527919405644125,0.052798310454060804,0.2747013608604178,0.16666669,-0.3333333,15.691743439321726,0.0,0.0,0.16666666666666666,-0.525624178712214,0.13270366855572258,1.44148244473342,0.8961000977774858,mass_shift_after_quiet_surface,76.15,0.0014946979640142466,2.5,4.400000000000006,-3.8499999999999943,1.419244961680386,5,False,,-2.1856372409877913,-2.2856372409877914,-3.1856372409877913,fold_2,research_oof
NSE_FO|40040|10-07-2025,2025-07-10,CE,25350.0,2025-07-08 05:26:00+00:00,2025-07-08,656,2,3,160.3,162.7,159.7,162.35,70275,1397475,162.95,2.2033364809568745,3.7881121034801395,1.906408952187182,True,False,True,2025-07-08,2025-07-10,0.5961719485409578,160.3,0.9216683621566633,1397475.0,1.6071645324159167,0.9847405900305188,0.0,False,1.0,1.0,1.0,24.58964412288149,623347.4785150458,6,0.8333333,1.0,0.8333333,2.65416554586535,1.9805813609152567,1.2042967198976806,0.0,0.16666669,31.899711864494748,0.8333333333333334,0.0,0.3333333333333333,-5.599999999999994,-2.403196803196806,1.4618388356407526,7.803336480956869,mass_shift_after_quiet_surface,62.94999999999999,4.242916453698513,4.550000000000011,3.6999999999999886,-1.6499999999999773,2.7922675667382704,5,False,,-1.0125805461797959,-1.112580546179796,-2.012580546179796,fold_2,research_oof
NSE_FO|40040|10-07-2025,2025-07-10,CE,25350.0,2025-07-08 06:35:00+00:00,2025-07-08,725,2,3,157.8,163.35,157.8,163.0,158700,1595100,162.65,3.066708820739805,5.398773006134959,4.403746097814777,True,False,True,2025-07-08,2025-07-10,0.12658227848101333,158.2,0.5848214285714286,1595100.0,2.940126542258792,3.818924669243348,0.0,False,1.0,1.0,1.0,36.72315488922265,930931.9764417942,6,1.0,1.0,0.8333333,3.474586041357708,3.4684885310532265,1.5580586941304166,0.5,0.16666669,25.286696717543236,0.5,0.0,1.0,-2.4058577405857706,-1.2730050114405644,2.5379710144927534,5.472566561325576,mass_shift_after_quiet_surface,62.650000000000006,11.237631148458282,2.0999999999999943,3.5999999999999943,-0.3499999999999943,1.2911158930218225,5,False,,-0.21518598217030085,-0.31518598217030086,-1.2151859821703008,fold_2,research_oof
NSE_FO|40049|10-07-2025,2025-07-10,CE,25500.0,2025-07-09 05:36:00+00:00,2025-07-09,666,1,2,94.4,95.7,92.95,94.4,1196325,17493450,94.25,3.5087719298245723,9.957627118644073,1.6460450957122956,False,False,True,2025-07-09,2025-07-10,1.505376344086029,94.4,1.4025076105464114,17493450.0,2.0033955857385433,0.24353748516588425,0.0,False,1.0,1.0,1.0,49.10444123369021,1252163.2514591003,8,0.625,0.625,0.625,2.5726392251816055,0.8640061316564251,1.5173740222979886,0.0,0.0,23.969816900735168,0.125,0.0,0.375,-3.8076152304609145,0.4219920202943701,1.5265208270902009,7.316387160285487,mass_shift_after_quiet_surface,5.75,1.5926967150224025,0.25,3.75,-1.2000000000000028,0.2652519893899204,5,False,,-1.273209549071621,-1.3732095490716212,-2.273209549071621,fold_2,research_oof
NSE_FO|40042|10-07-2025,2025-07-10,CE,25400.0,2025-07-09 06:55:00+00:00,2025-07-09,745,1,3,177.25,180.85,177.15,179.2,303900,4669500,179.0,0.9577464788732337,4.79910714285714,1.8430748237434615,False,False,True,2025-07-09,2025-07-10,-0.1971830985915468,177.15,0.5767284991568297,4669500.0,1.1549295774647805,1.2663463245866318,0.0,True,1.0,1.0,1.0,12.091029497506675,307112.14923666953,8,0.75,0.625,0.625,0.6454818389689754,0.983240957909054,0.4917519462543336,0.625,-0.125,2462.381180145385,0.0,0.0,0.375,1.0000000000000009,1.2457002457002542,1.04993185478875,-0.04225352112676717,mass_shift_after_quiet_surface,79.0,30.334787653948645,3.5,3.0,2.8000000000000114,1.9553072625698324,5,False,,1.5642458100558723,1.4642458100558722,0.5642458100558723,fold_2,research_oof
NSE_FO|47282|17-07-2025,2025-07-17,CE,25150.0,2025-07-11 06:37:00+00:00,2025-07-11,727,6,3,155.35,156.0,154.0,154.6,219525,2241525,154.6,2.046204620462033,12.128072445019406,1.494511105437835,False,False,False,2025-07-11,2025-07-17,1.1060507482108184,155.4,2.09422175950026,2241525.0,0.9401538722512148,-0.5997106540624251,0.0,False,1.0,1.0,1.0,25.16673297826632,632943.334403398,6,0.8333333,0.8333333,0.8333333,1.9380936732234733,1.3672029625678817,0.8268133040795638,0.0,0.0,21.90166433736522,0.0,0.0,0.0,-4.72027972027973,-1.315261799132783,0.8375229920294298,6.766484340741763,mass_shift_after_quiet_surface,54.599999999999994,-1.096561192774385,0.45000000000001705,10.599999999999994,-1.3499999999999943,0.29107373868047676,5,False,,-0.8732212160413935,-0.9732212160413934,-1.8732212160413935,fold_2,research_oof
NSE_FO|47287|17-07-2025,2025-07-17,CE,25200.0,2025-07-11 08:08:00+00:00,2025-07-11,818,6,3,121.4,124.0,121.0,123.95,345525,9222525,123.9,2.480363786688722,4.800322710770474,1.552485256950295,True,False,True,2025-07-11,2025-07-17,0.12396694214875659,121.15,0.5880370682392586,9222525.0,2.3563968445399652,0.9644481887110363,0.0,False,1.0,1.0,1.0,31.631640775398097,797117.347540032,6,0.8333333,0.8333333,0.6666667,2.549260438057044,2.436429509355542,1.061404144605189,0.3333333,0.0,44.08487522471842,0.8333333333333334,0.0,0.16666666666666666,-3.4822104466313397,-3.1795241053524825,1.6152131926905364,5.962574233320062,mass_shift_after_quiet_surface,23.900000000000006,6.440688230216398,0.19999999999998863,8.650000000000006,-6.200000000000003,0.16142050040354208,5,False,,-5.004035512510091,-5.104035512510091,-6.004035512510091,fold_2,research_oof
NSE_FO|47282|17-07-2025,2025-07-17,CE,25150.0,2025-07-14 04:27:00+00:00,2025-07-14,597,3,3,104.7,111.25,102.05,107.75,930150,4820625,107.75,4.056011588604536,21.57772621809745,1.5511225064098555,False,False,True,2025-07-14,2025-07-17,2.394916911045941,104.75,0.8443422519509476,4731075.0,1.6610946775585944,0.7067802544589079,0.018928044894659247,False,1.0,1.0,1.0,55.74218185772287,1401915.8737217302,6,0.8333333,0.8333333,0.8333333,2.6246288713988486,1.819032265677989,1.4819470743000305,0.3333333,0.8333333,41.39556248016379,0.0,0.0,0.3333333333333333,-5.942542306178666,-0.5624253471143366,1.1853712448507987,9.998553894783202,mass_shift_after_quiet_surface,7.75,0.6680891133446389,5.599999999999994,5.5,-3.3499999999999943,5.197215777262175,5,False,,-3.1090487238979065,-3.2090487238979066,-4.1090487238979065,fold_2,research_oof
NSE_FO|47293|17-07-2025,2025-07-17,CE,25300.0,2025-07-14 06:46:00+00:00,2025-07-14,736,3,1,36.35,37.2,35.9,36.85,171000,12382050,36.75,3.3660589060308554,7.191316146540023,1.348314606741573,True,False,False,2025-07-14,2025-07-17,-0.27472527472527375,36.3,1.1090620031796503,12382050.0,3.640784180756129,0.23925260356192268,0.0,False,1.0,1.0,1.0,40.55907326817699,1026144.5536848778,6,0.8333333,0.8333333,0.8333333,3.40417180139998,3.195960881757043,1.4010868117617006,0.3333333,0.0,65.65109533095892,0.8333333333333334,0.0,0.0,-2.351392024078258,-1.8577523810176855,0.9044368600682594,5.717450930109114,mass_shift_after_quiet_surface,63.25,6.396627225206691,1.3999999999999986,1.2000000000000028,-0.8999999999999986,3.8095238095238058,5,False,,-2.4489795918367308,-2.548979591836731,-3.4489795918367308,fold_2,research_oof
NSE_FO|47286|17-07-2025,2025-07-17,PE,25150.0,2025-07-15 08:33:00+00:00,2025-07-15,843,2,2,52.6,54.1,52.45,53.45,331875,7058925,53.45,9.081632653061234,13.6576239476146,1.3298271975957927,False,True,False,2025-07-15,2025-07-17,5.846774193548376,52.5,2.1301444323652743,7058925.0,3.234858459512858,-0.8003172347694816,0.0,False,1.0,1.0,1.0,115.45040662142117,2903577.7265287424,8,1.0,0.75,0.625,8.825493160227062,2.251870401294398,1.3165969260662898,0.125,0.625,130.11769871970682,0.0,1.0,0.25,-5.393053016453386,-2.476386349786719,0.7286633061011646,14.47468566951462,mass_shift_after_quiet_surface,46.55,4.314214155144258,8.549999999999997,0.6000000000000014,2.1999999999999957,15.996258185219824,5,False,,4.115996258185212,4.015996258185212,3.115996258185212,fold_2,research_oof
NSE_FO|47282|17-07-2025,2025-07-17,CE,25150.0,2025-07-16 06:11:00+00:00,2025-07-16,701,1,2,62.95,66.3,62.65,64.95,1078350,13608900,65.0,2.2834645669291387,11.470361816782134,1.3354386290809455,False,False,False,2025-07-16,2025-07-17,0.23942537909018569,62.8,1.3105860928739157,13557300.0,2.044039187838953,0.024852536207029763,0.0038060675798278418,False,1.0,1.0,1.0,31.719477467106326,797744.8582977242,8,0.625,0.625,0.625,2.0851285098796524,1.8083768526958477,1.2976809876463302,0.125,0.0,23.408671914115985,0.0,0.0,0.125,-4.045734388742317,-2.5648981518085145,1.9202720952333316,6.329198955671456,mass_shift_after_quiet_surface,35.0,1.408489850372915,1.0,3.299999999999997,0.09999999999999432,1.5384615384615385,5,False,,0.1538461538461451,0.053846153846145106,-0.8461538461538549,fold_2,research_oof
NSE_FO|49489|24-07-2025,2025-07-24,PE,25000.0,2025-07-18 05:11:00+00:00,2025-07-18,641,6,3,149.55,153.8,148.75,150.45,1055775,6177450,150.8,8.081896551724132,11.565304087736795,1.5184725742948062,False,True,True,2025-07-18,2025-07-24,3.782095766828597,149.55,1.2010139690415835,6177450.0,4.299800784895535,0.31745860525322267,0.0,False,1.0,1.0,1.0,112.09418049193421,2802354.5122983553,8,1.0,1.0,1.0,7.767329716696814,4.2831478214293774,1.290846643573046,0.375,0.125,792.01430781628,0.125,1.0,0.5,-4.2652190771616745,-3.3426358441091204,0.9511621833376861,12.347115628885806,mass_shift_after_quiet_surface,50.80000000000001,14.881196580659228,1.799999999999983,7.400000000000006,-1.8500000000000227,1.1936339522546306,5,False,,-1.226790450928397,-1.326790450928397,-2.226790450928397,fold_2,research_oof
NSE_FO|49492|24-07-2025,2025-07-24,CE,25100.0,2025-07-18 08:03:00+00:00,2025-07-18,813,6,2,80.75,82.25,80.15,82.0,275850,13078500,81.95,1.2345679012345734,5.7926829268292686,1.6259946949602122,False,False,True,2025-07-18,2025-07-24,0.06191950464395912,80.8,0.993601462522852,13078500.0,1.1726483965906143,0.6323932324373602,0.0,False,1.0,1.0,1.0,15.46619277018847,388201.4385317306,6,0.8333333,0.8333333,0.8333333,0.9172777063981674,0.8156103619492039,0.43332667302880623,0.16666663,0.8333333,37.42912067231373,0.0,0.0,0.3333333333333333,-0.8723235527359319,-1.2152409887686288,1.1856127886323269,2.1068914539705053,mass_shift_after_quiet_surface,18.049999999999997,2.500182102735918,1.2999999999999972,2.1500000000000057,0.5,1.5863331299572874,5,False,,0.6101281269066503,0.5101281269066503,-0.3898718730933497,fold_2,research_oof
NSE_FO|49496|24-07-2025,2025-07-24,CE,25150.0,2025-07-21 04:24:00+00:00,2025-07-21,594,3,2,64.55,77.2,63.5,76.9,1003350,4040250,76.9,17.674062739097195,47.00910273081925,2.44659839063643,False,True,True,2025-07-21,2025-07-24,0.07739938080497666,64.65,0.7726334414626954,3976125.0,17.59666335829222,1.6739649491737347,0.01612751108176931,False,1.0,1.0,1.0,244.2353271466879,6142518.477739201,5,1.0,1.0,1.0,17.257909875359534,16.207731369188316,0.4418138935491842,0.19999999,1.0,61.09626830229536,0.0,1.0,1.0,-13.28947368421053,-6.709162803381519,4.334728033472803,30.963536423307723,mass_shift_after_quiet_surface,23.099999999999994,13.379741584381353,8.099999999999994,5.950000000000003,-5.700000000000003,10.533159947984387,5,False,,-7.412223667100133,-7.512223667100133,-8.412223667100132,fold_2,research_oof
NSE_FO|49496|24-07-2025,2025-07-24,CE,25150.0,2025-07-22 06:08:00+00:00,2025-07-22,698,2,1,48.6,49.7,48.2,48.9,253950,9139650,49.05,4.042553191489362,10.531697341513304,1.3268025078369905,False,False,False,2025-07-22,2025-07-24,0.20639834881319707,48.55,0.8691222570532915,9139650.0,3.836154842676165,0.457680250783699,0.0,False,1.0,1.0,1.0,50.309156524699716,1265275.2865961979,6,0.8333333,0.8333333,0.6666667,3.7636518267014307,3.2848678262765274,1.6267718369037047,0.0,0.0,38.29562573275689,0.0,0.0,0.0,-3.819444444444431,-1.7303628520124348,1.014055394791236,7.861997635933793,mass_shift_after_quiet_surface,50.95,3.505177881463796,1.4500000000000028,1.6499999999999986,0.05000000000000426,2.9561671763506685,5,False,,0.10193679918451432,0.0019367991845143095,-0.8980632008154856,fold_2,research_oof
NSE_FO|55795|31-07-2025,2025-07-31,CE,24900.0,2025-07-25 05:30:00+00:00,2025-07-25,660,6,3,121.3,125.65,121.3,122.15,791775,7595175,122.15,0.6177924217462882,6.713057715923047,2.2784072515377143,False,False,True,2025-07-25,2025-07-31,0.45586406962287995,121.2,0.776672384219554,7428225.0,0.16192835212340828,1.5017348673181603,0.022475086578556788,True,1.0,1.0,1.0,8.39087755509277,208932.85112180997,6,0.8333333,0.8333333,0.8333333,0.684836060497207,0.2805547335249181,0.36520358050692425,0.0,0.0,15.242650952041004,0.0,0.0,0.6666666666666666,-2.1816881258941434,-1.042898090306954,1.528582034149963,2.7994805476404316,mass_shift_after_quiet_surface,22.150000000000006,0.938025854540832,4.549999999999997,9.150000000000006,4.1499999999999915,3.724928366762175,5,False,,3.3974621367171434,3.2974621367171433,2.3974621367171434,fold_2,research_oof
NSE_FO|39858|07-08-2025,2025-08-07,CE,24800.0,2025-08-04 04:54:00+00:00,2025-08-04,624,3,2,75.6,79.5,75.45,76.2,1107675,10760775,76.25,5.686546463245512,13.910761154855637,2.76598932484315,False,True,True,2025-08-04,2025-08-07,0.665778961384822,75.6,1.1390579642288603,10803450.0,5.02076750186069,1.6269313606142897,-0.0039501270427502325,False,1.0,1.0,1.0,79.14407240983633,1962772.995763941,5,1.0,1.0,1.0,5.2225249772933635,4.5415482013563935,0.3321081052870685,0.0,1.0,25.415633241966134,0.0,0.8,1.0,-3.9310954063604298,-2.8844514928223153,1.9733155436957972,9.617641869605942,mass_shift_after_quiet_surface,23.75,5.412378535899694,0.6500000000000057,12.299999999999997,-9.0,0.85245901639345,5,False,,-11.80327868852459,-11.90327868852459,-12.80327868852459,fold_3,research_oof
NSE_FO|39858|07-08-2025,2025-08-07,CE,24800.0,2025-08-04 05:43:00+00:00,2025-08-04,673,3,2,77.15,80.8,77.0,80.4,476400,10563150,80.4,6.5606361829025905,14.179104477611945,1.3459052865769678,False,True,False,2025-08-04,2025-08-07,0.45543266102798796,77.2,0.794999470282869,10563150.0,6.105203521874603,0.5509058162940988,0.0,False,1.0,1.0,1.0,85.77385727887425,2127191.6605160814,5,1.0,1.0,1.0,6.339904102290883,6.079079897804718,0.4937031444910216,0.0,0.0,26.144864173267706,0.0,1.0,0.0,-4.749708963911514,-3.2416976538266917,1.0082735797021511,11.310345146814104,mass_shift_after_quiet_surface,19.599999999999994,5.317683888655683,4.599999999999994,1.6500000000000057,2.299999999999997,5.721393034825863,5,False,,2.8606965174129315,2.7606965174129314,1.8606965174129315,fold_3,research_oof
NSE_FO|39860|07-08-2025,2025-08-07,CE,24850.0,2025-08-05 06:36:00+00:00,2025-08-05,726,2,1,26.25,26.9,26.25,26.75,112575,5378025,26.75,3.0828516377649384,5.7943925233644755,1.6002132196162047,True,False,True,2025-08-05,2025-08-07,-0.189753320683117,26.3,0.5864745011086474,5372475.0,3.2726049584480554,1.0137387185075573,0.0010330434297041867,False,1.0,1.0,1.0,35.85783068392216,891067.0924954657,5,1.0,1.0,1.0,3.3314187248707716,2.7823565323565225,0.1509927893256157,0.19999999,0.0,35.83138606086504,1.0,0.0,0.2,-2.6268297573691535,-1.4046297974412814,0.9761904761904762,5.709681395134092,mass_shift_after_quiet_surface,73.25,5.991073855500682,5.700000000000003,0.14999999999999858,4.949999999999999,21.30841121495328,5,False,,18.504672897196258,18.404672897196257,17.504672897196258,fold_3,research_oof
NSE_FO|39860|07-08-2025,2025-08-07,CE,24850.0,2025-08-05 08:04:00+00:00,2025-08-05,814,2,0,20.4,21.3,20.3,20.85,272400,5381550,20.8,1.2135922330097193,8.87290167865708,2.0055218111540585,False,False,True,2025-08-05,2025-08-07,-0.4842615012106477,20.55,0.8111540585311983,5414250.0,1.697853734220367,1.1943677526228602,-0.006039617675578335,False,1.0,1.0,1.0,15.188143840197595,377425.37442891026,5,1.0,1.0,1.0,1.384083044982698,1.697853734220367,0.4965187983050988,0.39999998,0.0,54.94599242528784,0.0,0.0,0.8,-1.4285714285714346,-0.2709911447775548,2.528813559322034,2.642163661581154,mass_shift_after_quiet_surface,79.2,4.498761554093983,0.8999999999999986,0.25,-0.10000000000000142,4.3269230769230695,5,False,,-0.48076923076923755,-0.5807692307692376,-1.4807692307692375,fold_3,research_oof
NSE_FO|39852|07-08-2025,2025-08-07,CE,24650.0,2025-08-06 06:08:00+00:00,2025-08-06,698,1,2,46.6,53.0,46.5,50.35,1564425,13892850,50.35,10.53787047200878,17.179741807348556,4.849238637684529,False,True,True,2025-08-06,2025-08-07,3.0973451327433565,46.6,0.9994155464640561,13892850.0,7.440525339265424,3.8498230912204727,0.0,False,1.0,1.0,1.0,150.30195784692748,3704943.260926762,5,1.0,1.0,1.0,10.20408163265305,7.999357223204218,0.8953329113981541,0.0,0.0,17.93970375963545,0.0,1.0,1.0,-7.631359466221854,-4.745951387079227,4.013349352556401,18.169229938230636,mass_shift_after_quiet_surface,49.65,11.461306866105062,0.44999999999999574,5.0,-4.649999999999999,0.8937437934458704,5,False,,-9.235352532274078,-9.335352532274078,-10.235352532274078,fold_3,research_oof
NSE_FO|44472|14-08-2025,2025-08-14,CE,24500.0,2025-08-08 04:54:00+00:00,2025-08-08,624,6,3,134.75,137.35,134.0,135.4,1001100,10762275,135.4,1.8045112781954975,8.382570162481532,1.4966642372596288,False,False,False,2025-08-08,2025-08-14,0.6713912719134463,134.95,1.3760161462129281,10486950.0,1.1331200062820512,0.12064809104670071,0.026254058615708096,False,1.0,1.0,1.0,24.932230289879733,610839.6421020535,5,1.0,1.0,1.0,1.7504234895539206,1.1331200062820512,0.0679647845738913,0.0,0.0,15.692560068458988,0.0,0.0,0.0,-3.0774672798019043,-0.8882017430787426,1.0585610238706689,4.881978557997401,mass_shift_after_quiet_surface,35.400000000000006,0.4246477970277931,5.349999999999994,4.550000000000011,-1.75,3.9512555391432747,5,False,,-1.292466765140325,-1.392466765140325,-2.292466765140325,fold_3,research_oof
NSE_FO|44491|14-08-2025,2025-08-14,PE,24550.0,2025-08-08 06:30:00+00:00,2025-08-08,720,6,3,174.0,179.0,172.3,178.8,93825,1961100,178.8,4.165452956597737,9.759507829977638,1.3672131147540985,False,False,False,2025-08-08,2025-08-14,0.5783689994216301,173.9,1.1879781420765028,2003175.0,3.587083957176107,0.1792349726775957,-0.021004155902504772,False,1.0,1.0,1.0,47.69109266933831,1170816.3250322556,5,1.0,1.0,0.8,4.056291390728473,3.2900607091421508,0.1970629870727082,0.0,1.0,14.952524433574581,0.0,0.0,0.0,-6.702544031311164,-3.816971892007681,1.2863713386589204,10.867996987908901,mass_shift_after_quiet_surface,78.80000000000001,3.8484620403162744,23.649999999999977,0.9000000000000057,17.19999999999999,13.22706935123041,5,False,,9.619686800894847,9.519686800894847,8.619686800894847,fold_3,research_oof
NSE_FO|44472|14-08-2025,2025-08-14,CE,24500.0,2025-08-11 06:54:00+00:00,2025-08-11,744,3,3,99.2,101.35,98.25,100.85,736200,15487050,100.65,4.6704722366372575,6.593951412989594,1.4545454545454546,True,False,False,2025-08-11,2025-08-14,0.8633824276282231,99.3,0.6561781863178363,15571650.0,3.8070898090090344,0.7983672682276183,-0.005432950265386135,False,1.0,1.0,1.0,63.094616566826176,1545818.1058872412,5,1.0,1.0,1.0,4.500548847420416,3.8070898090090344,0.27085203816370007,0.0,0.0,30.80612672388088,1.0,0.0,0.4,-5.017103762827824,-3.2348488228820527,1.0870420457339562,9.687575999465082,mass_shift_after_quiet_surface,0.6500000000000057,5.553308727418312,2.3499999999999943,1.5,0.44999999999998863,2.3348236462990504,5,False,,0.4470938897168292,0.3470938897168292,-0.5529061102831708,fold_3,research_oof
NSE_FO|44496|14-08-2025,2025-08-14,CE,24650.0,2025-08-11 07:15:00+00:00,2025-08-11,765,3,1,49.15,50.25,48.6,49.95,234000,5414325,49.85,3.738317757009346,10.110110110110105,1.5568862275449102,False,False,True,2025-08-11,2025-08-14,0.6147540983606703,49.1,1.187450980392157,5417325.0,3.123563658648676,0.36943524715275333,-0.0005537788484168847,False,1.0,1.0,1.0,46.217123991906476,1139252.1064004947,5,1.0,1.0,1.0,3.647898493259305,2.3561299585789897,0.1929157545643745,0.0,1.0,17.051220551296865,0.0,0.0,0.4,-3.6186499652052895,-2.941870501961419,1.7663817663817665,7.356967722214636,mass_shift_after_quiet_surface,50.15,2.6501049827168415,1.1499999999999986,1.9500000000000028,-0.3999999999999986,2.306920762286858,5,False,,-0.802407221664992,-0.902407221664992,-1.802407221664992,fold_3,research_oof
NSE_FO|44496|14-08-2025,2025-08-14,CE,24650.0,2025-08-12 06:47:00+00:00,2025-08-12,737,2,2,58.8,66.95,58.8,64.55,840525,7396725,64.65,10.910652920962182,16.963594113090632,3.8498797664032978,False,True,True,2025-08-12,2025-08-14,-0.9329940627650579,58.4,0.8986602542081759,7396725.0,11.84364698372724,2.951219512195122,0.0,True,1.0,1.0,1.0,148.84076133983396,3668924.7670269073,5,1.0,1.0,1.0,10.47070124879923,10.280677495830105,0.9491290743048156,0.39999998,1.0,74.11635533115623,0.0,1.0,1.0,-10.996168582375477,-8.837340517610649,4.083740404745289,21.90682150333766,mass_shift_after_quiet_surface,35.349999999999994,19.062612204537192,13.549999999999997,2.0500000000000043,11.399999999999991,20.959010054137657,5,False,,17.633410672853813,17.53341067285381,16.633410672853813,fold_3,research_oof
NSE_FO|44472|14-08-2025,2025-08-14,CE,24500.0,2025-08-12 07:51:00+00:00,2025-08-12,801,2,3,144.6,146.55,141.6,144.1,301275,5658675,144.0,3.818443804034577,18.147120055517007,1.532913566113337,False,False,True,2025-08-12,2025-08-14,0.6273963053328835,144.35,1.3993512688418241,5658675.0,3.1910474987016935,0.13356229727151292,0.0,False,1.0,1.0,1.0,48.17265486723231,1180230.0442471916,5,1.0,1.0,0.6,3.715898400752593,3.3073645832310428,0.22187927142466096,0.39999998,0.0,59.046941995013185,0.0,0.0,0.4,-6.967615309126607,-2.6065605423923337,1.1990950226244343,10.786059113161183,mass_shift_after_quiet_surface,44.0,3.7931678974191776,1.5999999999999943,11.349999999999994,-8.699999999999989,1.1111111111111072,5,False,,-6.041666666666659,-6.141666666666659,-7.041666666666659,fold_3,research_oof
NSE_FO|44496|14-08-2025,2025-08-14,CE,24650.0,2025-08-13 04:15:00+00:00,2025-08-13,585,1,2,50.9,56.9,50.2,55.5,1863225,10070925,55.6,5.313092979127121,23.153153153153156,1.5239701867926265,False,True,True,2025-08-13,2025-08-14,0.09842519685039353,50.85,1.3694445296445112,10124400.0,5.214667782276727,0.15452565714811528,-0.005281794476709731,False,1.0,1.0,1.0,76.7094798205635,1890888.6775768902,5,1.0,1.0,1.0,4.360325826545286,3.361823579915235,0.915747019173601,0.0,1.0,54.68666926248625,0.0,0.2,0.2,-3.2321253672869754,0.17487279109238418,1.1110247944584708,8.545218346414096,mass_shift_after_quiet_surface,44.4,0.6702661660920608,8.399999999999999,3.6000000000000014,3.299999999999997,15.107913669064747,5,False,,5.935251798561146,5.8352517985611465,4.935251798561146,fold_3,research_oof
NSE_FO|44472|14-08-2025,2025-08-14,CE,24500.0,2025-08-13 05:29:00+00:00,2025-08-13,659,1,3,145.7,150.35,145.35,148.0,858075,8780250,147.8,3.4603285564487773,14.324324324324317,1.5001639021831772,False,False,True,2025-08-13,2025-08-14,0.8968609865470878,146.25,0.48957704940009383,8780250.0,2.5634675699016896,1.0105868527830832,0.0,False,1.0,1.0,1.0,47.27655880150104,1158275.6906367755,5,1.0,1.0,1.0,3.8766931340495248,3.045668203301588,0.505407527157338,0.0,1.0,26.174527825482073,0.0,0.0,0.4,-6.325301204819278,-4.782091328276072,1.1236788224226661,9.785629761268055,mass_shift_after_quiet_surface,47.80000000000001,1.7661288656389145,7.799999999999983,5.100000000000023,-1.8500000000000227,5.27740189445195,5,False,,-1.2516914749661858,-1.351691474966186,-2.2516914749661856,fold_3,research_oof
NSE_FO|44490|14-08-2025,2025-08-14,CE,24550.0,2025-08-14 05:51:00+00:00,2025-08-14,681,0,3,112.9,117.75,110.15,113.2,434175,3821100,113.25,3.4734917733089565,9.849823321554775,1.9455553688455722,False,False,True,2025-08-14,2025-08-14,1.2601260126012592,112.5,0.7138296084691649,3837150.0,2.2133657607076973,1.2317257603764074,-0.004182791915875063,False,1.0,1.0,1.0,45.09010968113285,1106962.1926718114,5,1.0,1.0,1.0,3.4734917733089565,2.2133657607076973,1.0169929011947496,0.0,0.0,27.951634474491584,0.2,0.0,0.8,-12.149532710280365,-5.869339473565383,2.0262286510979437,15.623024483589322,mass_shift_after_quiet_surface,13.25,4.846308091340308,0.9000000000000057,18.650000000000006,-13.349999999999994,0.794701986754972,5,False,,-11.78807947019867,-11.88807947019867,-12.78807947019867,fold_3,research_oof
NSE_FO|44496|14-08-2025,2025-08-14,CE,24650.0,2025-08-14 06:30:00+00:00,2025-08-14,720,0,1,24.45,29.35,24.3,27.75,7956525,32697225,27.75,6.730769230769229,28.10810810810811,1.907250597774302,False,True,True,2025-08-14,2025-08-14,-5.394990366088626,24.55,1.1821649555300602,32769075.0,12.125759596857854,0.7250856422442418,-0.0021926160564495643,False,1.0,1.0,1.0,106.94857808920064,2636282.4498987957,5,1.0,1.0,1.0,6.730769230769229,7.8842616926733555,1.7076751257815428,0.8,1.0,15.43275837780675,0.0,1.0,1.0,-16.373056994818647,-12.150605913459234,1.8589575422851226,23.103826225587877,mass_shift_after_quiet_surface,72.25,15.314877918778198,1.75,5.5,-2.8500000000000014,6.306306306306306,5,False,,-10.270270270270276,-10.370270270270275,-11.270270270270276,fold_3,research_oof
NSE_FO|47215|21-08-2025,2025-08-21,PE,24850.0,2025-08-18 05:17:00+00:00,2025-08-18,647,3,2,64.05,65.4,63.85,64.6,191850,3344475,64.5,4.109589041095885,11.455108359133137,1.3875779766748033,False,False,False,2025-08-18,2025-08-21,3.406326034063256,63.75,0.6547328451315433,3344475.0,0.7032630070326285,0.73284513154326,0.0,True,1.0,1.0,1.0,49.99099030712475,1242276.10913205,8,1.0,1.0,0.75,4.143389199255132,0.7626411200357119,0.1059271894574265,0.375,0.375,592.835737161764,0.25,0.0,0.0,-4.896013864818027,-0.4309577819879946,0.8156862745098039,9.00560290591391,mass_shift_after_quiet_surface,35.5,8.742156016426996,2.6500000000000057,1.0,1.7999999999999972,4.108527131782955,5,False,,2.7906976744186003,2.6906976744186,1.7906976744186003,fold_3,research_oof
NSE_FO|47216|21-08-2025,2025-08-21,CE,24900.0,2025-08-18 06:10:00+00:00,2025-08-18,700,3,3,163.2,166.5,161.75,166.0,316875,4441425,166.0,2.690999072069289,11.475903614457838,1.530519833363521,False,False,True,2025-08-18,2025-08-21,0.2764976958525178,163.2,1.2950552436152871,4441425.0,2.414501376216771,0.23546458974823392,0.0,False,1.0,1.0,1.0,34.08490953898178,848714.2475206464,5,1.0,1.0,1.0,2.8703703703703676,2.9320224498606495,0.2338913915083045,0.6,0.0,64.20012008388949,0.0,0.0,0.2,-2.6285714285714246,-2.3400544060670936,0.9025348089967868,5.3195705006407135,mass_shift_after_quiet_surface,66.0,5.511687582250833,5.0,3.0,3.0,3.0120481927710845,5,False,,1.8072289156626504,1.7072289156626503,0.8072289156626504,fold_3,research_oof
NSE_FO|47248|21-08-2025,2025-08-21,CE,25050.0,2025-08-19 05:50:00+00:00,2025-08-19,680,2,1,45.05,45.9,44.15,44.8,287625,5063850,44.8,0.4484304932735439,12.053571428571425,1.3508277562522015,False,False,False,2025-08-19,2025-08-21,-0.4410143329658278,45.15,0.8259438528557599,5019075.0,0.8894448262393717,0.5248839033964416,0.008920966512753844,False,1.0,1.0,1.0,5.636509553399506,141194.56431265763,6,0.8333333,0.8333333,0.6666667,0.6110483878137063,0.7767081939191567,0.31560540794264935,0.6666666,0.0,47.728905517848034,0.0,0.0,0.0,-0.7885304659498216,-0.1723651886754496,0.872680742162508,1.2369609592233655,mass_shift_after_quiet_surface,55.2,3.1960897728975386,0.9000000000000057,2.4499999999999957,-2.1999999999999957,2.0089285714285845,5,False,,-4.910714285714277,-5.010714285714276,-5.910714285714277,fold_3,research_oof
NSE_FO|47221|21-08-2025,2025-08-21,CE,24950.0,2025-08-20 06:55:00+00:00,2025-08-20,745,1,3,125.85,132.4,125.0,127.0,686925,4945575,126.7,0.753669178897276,7.40157480314961,2.116464471403813,False,False,True,2025-08-20,2025-08-21,-0.1980198019801982,126.0,0.6291068386468727,4945575.0,0.9516889808774742,1.4873576327569404,0.0,False,1.0,1.0,1.0,10.129300085812297,252726.0371410168,5,1.0,1.0,1.0,0.753669178897276,0.8169934640522847,0.10997822190989569,0.8,1.0,63.684778170307254,0.0,0.0,1.0,-1.9667170953101332,-0.002970871745178183,2.889776647902669,2.720386274207409,mass_shift_after_quiet_surface,26.700000000000003,7.4518325149322155,1.2000000000000028,7.5,-2.450000000000003,0.9471191791633802,5,False,,-1.933701657458566,-2.033701657458566,-2.933701657458566,fold_3,research_oof
NSE_FO|47248|21-08-2025,2025-08-21,CE,25050.0,2025-08-21 05:48:00+00:00,2025-08-21,678,0,2,83.2,87.85,83.2,86.5,1153500,6661875,86.5,7.587064676616917,11.271676300578035,1.4669273689732463,False,True,False,2025-08-21,2025-08-21,-0.12055455093430423,82.85,0.7955656623081296,6805650.0,7.707619227551222,0.6713617066651166,-0.02112582927420599,True,1.0,1.0,1.0,105.90261761627629,2652860.571287721,5,1.0,1.0,1.0,4.847085978072685,4.47808228803579,1.75082847944948,0.19999999,0.0,57.85245738512458,0.4,0.4,0.8,-22.935779816513758,-15.24347212420606,2.193455389569059,30.522844493130677,mass_shift_after_quiet_surface,13.5,14.601359000671165,12.099999999999994,0.0,10.799999999999997,13.988439306358375,5,False,,12.485549132947973,12.385549132947974,11.485549132947973,fold_3,research_oof
NSE_FO|71972|28-08-2025,2025-08-28,CE,24950.0,2025-08-22 05:38:00+00:00,2025-08-22,668,6,3,112.6,114.85,111.5,114.6,372825,6101175,114.55,1.7310252996005193,9.64223385689354,1.469840331164991,False,False,False,2025-08-22,2025-08-28,0.08873114463177068,112.8,0.959491425192194,6101175.0,1.6422941549687486,0.510348905972797,0.0,False,1.0,1.0,1.0,22.207093518516785,554066.9832869938,5,1.0,1.0,1.0,1.7310252996005193,1.8957585490933293,0.41726813876608004,0.8,1.0,84.60570499424648,0.0,0.0,0.0,-3.6129568106312404,-1.5468411081518973,1.2653859427125274,5.34398211023176,mass_shift_after_quiet_surface,14.549999999999997,7.167246632251076,1.9500000000000028,6.5,-5.700000000000003,1.702313400261897,5,False,,-4.975993016150156,-5.075993016150155,-5.975993016150156,fold_3,research_oof
NSE_FO|71974|28-08-2025,2025-08-28,CE,25000.0,2025-08-22 08:10:00+00:00,2025-08-22,820,6,2,91.7,94.3,90.15,93.8,1019850,23082675,93.5,1.1866235167206085,11.353944562899779,1.419860081445129,False,False,False,2025-08-22,2025-08-28,0.7142857142857117,91.65,1.1267698026567539,23246700.0,0.47233780243489676,0.2930902787883751,-0.007055840183768019,False,1.0,1.0,1.0,16.417134634060954,410428.3658515238,6,0.6666667,0.5,0.8333333,0.7672733654231934,0.02706074178847606,0.6248611937517882,0.0,0.5,15.373210799996741,0.0,0.0,0.16666666666666666,-2.1375825884181854,0.5219918796669165,1.2780229479258605,3.324206105138794,mass_shift_after_quiet_surface,6.5,-1.589480954545833,0.7000000000000028,4.049999999999997,-2.75,0.7486631016042811,5,False,,-2.941176470588235,-3.041176470588235,-3.941176470588235,fold_3,research_oof
NSE_FO|71972|28-08-2025,2025-08-28,CE,24950.0,2025-08-25 07:21:00+00:00,2025-08-25,771,3,3,119.45,123.35,119.35,122.75,606300,6676725,122.5,3.281447202355925,7.0061099796334085,1.3983739837398375,True,False,False,2025-08-25,2025-08-28,0.16764459346185756,119.5,2.0473966441792077,6676725.0,3.1138026088940673,-0.6490226604393703,0.0,False,1.0,1.0,1.0,43.6929021299852,1090137.9081431308,6,0.8333333,0.8333333,0.8333333,3.121066404776307,3.0718989883270487,1.2924435308466182,0.49999997,0.8333333,61.10376335083129,0.3333333333333333,0.0,0.0,-8.172635445362719,-4.778140032518685,2.257260511486779,11.454082647718643,mass_shift_after_quiet_surface,22.5,7.84864216958216,1.0,5.5,-3.4000000000000057,0.8163265306122449,5,False,,-2.775510204081637,-2.875510204081637,-3.775510204081637,fold_3,research_oof
NSE_FO|71973|28-08-2025,2025-08-28,PE,24950.0,2025-08-26 06:40:00+00:00,2025-08-26,730,2,3,172.5,176.0,172.35,175.2,173700,1653450,175.5,7.550644567219145,10.502283105022835,3.102478231748158,False,True,True,2025-08-26,2025-08-28,4.077318030806398,172.3,1.6262558606831883,1653450.0,3.4733265364127464,1.4762223710649698,0.0,True,1.0,1.0,1.0,91.09921161691805,2272925.3298421055,8,1.0,0.875,0.75,6.46059727924011,2.7862465388144964,1.2141476532981699,0.25,0.125,23.419972812920605,0.75,0.75,0.75,-9.722222222222232,-4.5699973978662545,2.456990550036346,17.272866789441377,mass_shift_after_quiet_surface,75.5,8.75834976931711,2.4499999999999886,12.800000000000011,-11.5,1.3960113960113896,5,False,,-6.552706552706552,-6.652706552706552,-7.552706552706552,fold_3,research_oof
NSE_FO|48945|02-09-2025,2025-09-02,CE,24800.0,2025-08-29 04:57:00+00:00,2025-08-29,627,4,0,20.1,21.25,19.8,20.65,526425,11398125,20.6,4.292929292929282,15.738498789346247,1.3423216676228724,False,False,False,2025-08-29,2025-09-02,-1.2315270935960632,20.05,1.1480206540447504,11427600.0,5.524456386525345,0.19430101357812202,-0.0025792817389478106,False,1.0,1.0,1.0,56.55447546661675,1402550.9915720953,5,1.0,1.0,1.0,5.098039215686279,4.188948306595375,0.46124766177395105,0.39999998,1.0,48.73799123642311,0.0,0.6,0.4,-2.390438247011961,-1.8119856078217866,1.2818713450292398,6.683367539941242,mass_shift_after_quiet_surface,79.4,5.790187166887801,1.3999999999999986,2.200000000000003,0.7999999999999972,6.7961165048543615,5,False,,3.883495145631054,3.7834951456310537,2.883495145631054,fold_3,research_oof
NSE_FO|48937|02-09-2025,2025-09-02,CE,24650.0,2025-08-29 06:15:00+00:00,2025-08-29,705,4,2,64.65,67.75,64.5,65.25,746100,7391700,65.3,3.4892942109437053,11.11111111111111,1.5896452540747843,False,False,True,2025-08-29,2025-09-02,0.6240249609984483,64.5,1.5825049701789264,7402275.0,2.865269249945257,0.007140283895857857,-0.0014286148515152437,True,1.0,1.0,1.0,47.18438662851013,1163095.1303927747,5,1.0,1.0,1.0,3.639240506329111,2.865269249945257,0.28300989332191123,0.0,1.0,18.036980942873925,0.0,0.0,1.0,-3.3104561970125124,-1.5232912904325047,1.2160421545667448,6.799750407956218,mass_shift_after_quiet_surface,34.7,1.6563655972354177,1.1500000000000057,2.8499999999999943,0.20000000000000284,1.7611026033690746,5,False,,0.3062787136294071,0.2062787136294071,-0.6937212863705928,fold_3,research_oof
NSE_FO|48937|02-09-2025,2025-09-02,CE,24650.0,2025-09-01 04:55:00+00:00,2025-09-01,625,1,0,24.0,26.05,23.65,24.75,1360200,10113675,24.65,0.8146639511201537,23.63636363636364,1.8050261259019658,False,False,True,2025-09-01,2025-09-02,-0.20790020790021346,24.0,1.3033111147238932,10113675.0,1.0225641590203671,0.5017150111780726,0.0,False,1.0,1.0,1.0,11.505615511942361,283613.4223693792,5,0.6,0.8,1.0,0.3389830508474523,1.7230660958301502,0.8904351175816672,0.40000004,-0.19999999,44.61123882877291,0.0,0.0,1.0,-0.628436763550666,2.3238720933759116,1.5373855544252288,1.4431007146708197,mass_shift_after_quiet_surface,75.35,-2.3644760346820703,2.6000000000000014,1.3999999999999986,0.5,10.547667342799196,5,False,,2.028397565922921,1.9283975659229209,1.028397565922921,fold_3,research_oof
NSE_FO|48938|02-09-2025,2025-09-02,PE,24650.0,2025-09-01 06:04:00+00:00,2025-09-01,694,1,3,109.3,114.0,109.15,109.45,386100,2244450,109.45,2.7217268887846036,12.471448149840114,2.736842105263158,False,False,True,2025-09-01,2025-09-02,-0.27372262773722733,109.3,1.0094730609828302,2244450.0,2.995449516521831,1.7273690442803278,0.0,False,1.0,1.0,1.0,35.01189806619378,863043.2873316767,5,1.0,1.0,1.0,1.885498800137131,2.1207929177841867,0.45126950344554095,0.6,1.0,77.91948465510359,0.0,0.0,1.0,-6.998158379373843,-3.2316800366243186,3.510223765432099,9.719885268158446,mass_shift_after_quiet_surface,9.450000000000003,8.703556949612558,4.25,0.9500000000000028,2.3499999999999943,3.883051621745089,5,False,,2.14709913202375,2.04709913202375,1.14709913202375,fold_3,research_oof
NSE_FO|48946|02-09-2025,2025-09-02,PE,24800.0,2025-09-02 07:16:00+00:00,2025-09-02,766,0,2,59.3,61.8,57.3,58.3,2688300,12429075,58.2,15.33135509396637,24.271012006861064,1.6903959065292744,False,True,True,2025-09-02,2025-09-02,15.145631067961162,59.3,1.6186186894291306,12429075.0,0.18572402600520732,0.07177721710014384,0.0,False,1.0,1.0,1.0,226.97181926765677,5628901.117837888,5,1.0,1.0,0.8,15.33135509396637,5.263157894736835,1.657356715292436,0.0,0.6,19.0201366712281,0.0,1.0,0.4,-28.682170542635667,-1.3729335948445076,1.1750071653768988,44.01352563660204,mass_shift_after_quiet_surface,41.8,3.7834834655563716,0.8999999999999986,6.0,-3.3500000000000014,1.546391752577317,5,False,,-5.75601374570447,-5.85601374570447,-6.75601374570447,fold_3,research_oof
NSE_FO|41882|09-12-2025,2025-12-09,PE,25950.0,2025-12-03 05:00:00+00:00,2025-12-03,630,6,3,128.05,129.4,126.35,128.95,652500,4700775,128.75,3.908138597904909,7.2120977122915955,1.6584064048799085,True,False,True,2025-12-03,2025-12-09,2.115768463073864,127.9,1.561761341974838,4700775.0,1.792370134831045,0.09664506290507058,0.0,False,1.0,1.0,1.0,52.32437917897862,1357817.6396944951,8,0.875,0.875,1.0,3.5493317588015882,1.6539899368421707,1.3147839364224592,0.25,0.25,482.357665893338,0.75,0.0,0.875,-3.0790762771168656,-0.7273739254145206,1.1168639053254439,6.987214875021774,mass_shift_after_quiet_surface,28.75,8.490203312836567,1.6500000000000057,5.150000000000006,-4.400000000000006,1.281553398058257,5,False,,-3.417475728155344,-3.517475728155344,-4.417475728155344,fold_3,research_oof
NSE_FO|41906|09-12-2025,2025-12-09,PE,26050.0,2025-12-03 07:47:00+00:00,2025-12-03,797,6,3,169.55,172.05,167.75,171.4,133200,1766550,171.15,2.328358208955228,5.250875145857643,2.8948655256723717,True,False,True,2025-12-03,2025-12-09,0.9543692215925992,169.25,1.86986301369863,1769850.0,1.3739889873626288,1.0250025119737416,-0.0018645647936265785,False,1.0,1.0,1.0,27.47372938735183,715690.6505405152,8,0.875,0.75,0.875,2.2848036323043552,1.1877784991661477,1.105639887094701,0.125,-0.125,127.2949250258971,0.875,0.0,0.875,-2.6258205689277947,-1.257457131598838,1.6122807017543859,4.954178777883023,mass_shift_after_quiet_surface,71.15,5.138208680180904,2.1999999999999886,4.150000000000006,-0.8499999999999943,1.2854221443178433,5,False,,-0.4966403739409841,-0.5966403739409841,-1.4966403739409841,fold_3,research_oof
NSE_FO|41907|09-12-2025,2025-12-09,CE,26100.0,2025-12-04 07:52:00+00:00,2025-12-04,802,5,2,76.95,81.0,76.5,80.7,677100,13064250,80.65,6.887417218543046,11.95786864931847,2.553528496676566,False,True,True,2025-12-04,2025-12-09,-0.2599090318388564,76.75,0.9226698029991179,13064250.0,7.147326250381902,1.6308586936774483,0.0,False,1.0,1.0,1.0,92.46754144035592,2413402.8315932895,5,1.0,1.0,1.0,5.896805896805901,5.977451058096217,0.6755235151781426,0.8,0.6,108.98641721695822,0.0,1.0,1.0,-6.1391541609822635,-5.759843816154664,3.198015122873346,13.02657137952531,mass_shift_after_quiet_surface,19.349999999999994,15.408487413400286,3.549999999999997,1.4500000000000028,1.8999999999999915,4.401735895846246,5,False,,2.3558586484810804,2.2558586484810803,1.3558586484810804,fold_3,research_oof
NSE_FO|41907|09-12-2025,2025-12-09,CE,26100.0,2025-12-04 08:47:00+00:00,2025-12-04,857,5,2,74.2,77.75,73.95,77.3,659625,13118025,77.35,2.2486772486772555,14.941785252263903,1.3945928803615317,False,False,False,2025-12-04,2025-12-09,-0.4701141705843015,74.1,1.0212555610479486,13255875.0,2.718791419261557,0.37333731931358316,-0.010399162635435232,False,1.0,1.0,1.0,30.13098953362906,786418.8268277184,5,1.0,1.0,1.0,1.6931759876859909,1.7032427120864613,0.283886104898769,0.6,0.0,68.27294825264835,0.0,0.0,0.2,-2.108963093145866,-1.695169989697598,1.1267138767515443,4.357640341823121,mass_shift_after_quiet_surface,22.650000000000006,4.434966157797301,0.20000000000000284,8.25,-4.3999999999999915,0.2585649644473211,5,False,,-5.688429217840972,-5.788429217840972,-6.688429217840972,fold_3,research_oof
NSE_FO|48222|16-12-2025,2025-12-16,CE,25950.0,2025-12-10 04:39:00+00:00,2025-12-10,609,6,3,126.65,128.4,124.1,125.45,878175,5490750,125.1,3.1661184210526327,14.866480669589482,1.4234135667396062,False,False,False,2025-12-10,2025-12-16,1.8115942028985588,126.45,1.0329443228786774,5490750.0,1.354524218154074,0.39046924386092874,0.0,False,1.0,1.0,1.0,43.33023757090618,1124419.6649650154,8,0.75,0.75,0.625,2.3058355087821503,0.7788651082786369,1.2464388673838729,0.0,0.625,72.28523181540731,0.0,0.0,0.125,-4.769172071728356,-2.560099093424606,1.0206497435222939,7.935290492780989,mass_shift_after_quiet_surface,25.099999999999994,-0.13751035858742378,4.150000000000006,2.049999999999997,2.5500000000000114,3.3173461231015238,5,False,,2.038369304556364,1.938369304556364,1.038369304556364,fold_3,research_oof
NSE_FO|48218|16-12-2025,2025-12-16,CE,25850.0,2025-12-11 05:56:00+00:00,2025-12-11,686,5,3,120.4,124.8,119.05,120.05,828450,6770250,119.8,2.782534246575352,18.450645564348182,1.7413100023646253,False,False,True,2025-12-11,2025-12-16,0.7521938988717114,120.55,0.9676046346654056,6770250.0,2.030340347703641,0.7737053676992197,0.0,False,1.0,1.0,1.0,37.91846503080325,980192.3210462639,6,0.8333333,0.8333333,0.8333333,2.7091799796620686,2.0708911057374824,1.19736589615035,0.0,0.8333333,19.29784796234526,0.0,0.0,0.3333333333333333,-3.1805425631431294,-1.1201688209294347,1.1115560004448892,5.963076809718482,mass_shift_after_quiet_surface,19.799999999999997,-1.2927038908084225,6.200000000000003,3.299999999999997,2.1000000000000085,5.175292153589318,5,False,,1.7529215358931625,1.6529215358931624,0.7529215358931625,fold_3,research_oof
NSE_FO|48220|16-12-2025,2025-12-16,CE,25900.0,2025-12-15 07:01:00+00:00,2025-12-15,751,1,3,150.8,156.0,150.6,151.8,466875,5512425,151.6,2.25665207140453,9.486166007905123,1.337559088955737,False,False,False,2025-12-15,2025-12-16,-0.7232084155161078,151.0,0.9910861670518323,5512425.0,2.979860486920638,0.34647292190390466,0.0,False,1.0,1.0,1.0,29.457927633662962,762960.3257118707,7,0.71428573,0.71428573,0.71428573,1.7723681400811486,1.64567895089196,1.0722819101207943,0.42857143,0.0,111.13834011216386,0.14285714285714285,0.0,0.14285714285714285,-4.280155642023342,-4.680957245229755,1.1375718223011164,6.536807713427872,mass_shift_after_quiet_surface,51.599999999999994,6.333921949538249,7.400000000000006,1.5999999999999943,3.200000000000017,4.881266490765175,5,False,,2.110817941952518,2.010817941952518,1.1108179419525182,fold_3,research_oof
NSE_FO|48210|16-12-2025,2025-12-16,CE,25750.0,2025-12-16 06:36:00+00:00,2025-12-16,726,0,3,135.85,141.0,135.55,137.25,175500,1393425,137.0,2.886056971514228,8.45173041894353,1.7307692307692308,False,False,True,2025-12-16,2025-12-16,1.2263099219620877,136.2,1.0103550295857988,1393425.0,1.6597470495521405,0.720414201183432,0.0,False,1.0,1.0,1.0,34.85029241119057,897395.0295881572,7,0.5714286,0.71428573,0.71428573,1.0460251046025215,2.3717965486872217,1.4014809160606954,0.2857143,0.0,44.68179257225347,0.0,0.0,0.42857142857142855,-19.047619047619047,-10.85089773614364,1.2726498585809434,21.933676019133276,mass_shift_after_quiet_surface,37.0,8.037573599699948,6.400000000000006,1.3499999999999943,4.449999999999989,4.6715328467153325,5,False,,3.2481751824817433,3.148175182481743,2.2481751824817433,fold_3,research_oof
NSE_FO|56994|23-12-2025,2025-12-23,CE,25850.0,2025-12-17 07:22:00+00:00,2025-12-17,772,6,3,113.3,115.4,113.0,114.0,429375,8365425,113.85,1.4234875444839812,6.929824561403514,2.1074912571323394,False,False,True,2025-12-17,2025-12-23,0.5770084332001657,113.3,1.7547489185630996,8365425.0,0.8464791112838155,0.35274233856923987,0.0,False,1.0,1.0,1.0,18.46275910451604,477262.3228517396,6,0.8333333,0.8333333,0.8333333,1.1228124063910494,0.819349085821075,0.5040650050296505,0.0,0.16666663,15.498619561898522,0.0,0.0,0.5,-2.3199023199023117,-1.5025749803028066,1.4351770558969856,3.743389864386293,mass_shift_after_quiet_surface,13.849999999999994,0.8301765590012441,0.8000000000000114,11.25,-6.699999999999989,0.7026789635485388,5,False,,-5.884936319718919,-5.984936319718918,-6.884936319718919,fold_3,research_oof
NSE_FO|57003|23-12-2025,2025-12-23,CE,25950.0,2025-12-17 08:35:00+00:00,2025-12-17,845,6,2,68.2,70.15,68.2,69.9,214275,7618500,69.95,3.5555555555555562,10.944206008583699,1.9676308539944904,False,False,True,2025-12-17,2025-12-23,-0.14619883040937198,68.3,0.7231404958677686,7645575.0,3.7017543859649282,1.244490358126722,-0.0035412640645079018,False,1.0,1.0,1.0,43.644516204999846,1132575.195519746,6,1.0,0.8333333,0.8333333,3.4621340306619564,3.535233445866642,1.445588299957631,0.5,-0.16666669,255.0122064658426,0.0,0.0,0.6666666666666666,-2.236951118475561,-2.348062229586667,1.0009216589861751,5.792506674031117,mass_shift_after_quiet_surface,30.049999999999997,9.285474769296549,0.3999999999999915,2.8500000000000085,-2.5,0.5718370264474503,5,False,,-3.5739814152966405,-3.6739814152966406,-4.5739814152966405,fold_3,research_oof
NSE_FO|56990|23-12-2025,2025-12-23,CE,25800.0,2025-12-18 07:53:00+00:00,2025-12-18,803,5,3,163.5,166.3,160.25,165.0,341400,4917600,165.0,0.9791921664626724,7.3333333333333295,2.1821668264621286,False,False,True,2025-12-18,2025-12-23,-2.564102564102555,163.4,1.587248322147651,4938150.0,3.5432947305652274,0.5949185043144776,-0.004161477476382856,False,1.0,1.0,1.0,12.475704302035396,321873.17099251325,6,1.0,0.8333333,0.8333333,1.0512229353579428,3.768389231588676,0.3298115366974675,0.8333333,0.6666666,1830.3715440334418,0.0,0.0,0.3333333333333333,-1.1265164644714165,-4.094142363751985,1.179995225590833,2.105708630934089,mass_shift_after_quiet_surface,65.0,27.175919451758585,6.449999999999989,1.6999999999999886,-0.30000000000001137,3.9090909090909025,5,False,,-0.1818181818181887,-0.28181818181818874,-1.1818181818181888,fold_3,research_oof
NSE_FO|57005|23-12-2025,2025-12-23,CE,26000.0,2025-12-18 08:24:00+00:00,2025-12-18,834,5,2,53.7,56.0,53.35,54.35,598050,13545450,54.3,4.519230769230775,11.039558417663294,1.9083403135096326,False,False,True,2025-12-18,2025-12-23,0.2798507462686617,53.75,1.0980016752423118,13545450.0,4.239380022962114,0.8103386382673208,0.0,False,1.0,1.0,1.0,60.11223766712785,1562918.1793453242,6,0.8333333,0.8333333,0.8333333,3.88652449121919,3.3414931853314345,1.6746415534399688,0.0,0.8333333,16.123439071037865,0.0,0.0,0.8333333333333334,-3.055721989215099,-2.44540767734448,1.4157369348209043,7.574952758445875,mass_shift_after_quiet_surface,45.7,3.9924312925571153,0.25,7.699999999999996,-5.5,0.46040515653775327,5,False,,-10.128913443830571,-10.22891344383057,-11.128913443830571,fold_3,research_oof
NSE_FO|56994|23-12-2025,2025-12-23,CE,25850.0,2025-12-19 04:30:00+00:00,2025-12-19,600,4,3,169.35,177.3,167.4,172.05,453525,3276300,171.9,3.1474820143884807,10.055216506829415,1.9282525510204083,False,False,True,2025-12-19,2025-12-23,0.05901445854235021,169.55,0.921875,3276300.0,3.0884675558461305,1.0063775510204083,0.0,False,1.0,1.0,1.0,40.99534853925368,1059729.7597397077,6,0.8333333,0.8333333,0.8333333,3.307006268994872,3.3007407674533917,1.4151297691864737,0.3333333,0.8333333,79.25338802131591,0.0,0.0,0.8333333333333334,-7.500000000000007,-6.1516853932584326,2.018321069229614,10.647482014388487,mass_shift_after_quiet_surface,71.9,7.0757888549021,3.549999999999983,17.5,-17.150000000000006,2.065154159394987,5,False,,-9.976730657358933,-10.076730657358933,-10.976730657358933,fold_3,research_oof
NSE_FO|56990|23-12-2025,2025-12-23,CE,25800.0,2025-12-19 06:29:00+00:00,2025-12-19,719,4,3,166.25,171.4,166.25,169.0,313800,4401675,168.85,1.3493253373313419,4.763313609467462,1.459874389392882,False,False,False,2025-12-19,2025-12-23,0.0,166.5,1.247528747226145,4401675.0,1.3493253373313419,0.21234564216673713,0.0,False,1.0,1.0,1.0,17.077755435408232,440606.09023353236,6,0.8333333,0.8333333,0.8333333,1.7604046057236644,1.6840687278610766,0.8244917881876851,0.6666666,0.0,62.26533045558972,0.16666666666666666,0.0,0.16666666666666666,-0.1369863013698569,-3.566341582576993,1.1095641266854814,1.4863116387011988,mass_shift_after_quiet_surface,68.85,6.232259722291369,12.5,0.8499999999999943,8.599999999999994,7.403020432336394,5,False,,5.093278057447435,4.993278057447435,4.093278057447435,fold_3,research_oof
NSE_FO|57005|23-12-2025,2025-12-23,CE,26000.0,2025-12-22 05:13:00+00:00,2025-12-22,643,1,3,148.45,153.7,147.5,152.6,474900,9244350,152.85,1.5978695073235683,7.99475753604195,1.8946738479952125,False,False,True,2025-12-22,2025-12-23,0.0,148.35,0.8108916816277678,9235575.0,1.5978695073235683,1.0837821663674447,0.0009501303383925744,False,1.0,1.0,1.0,20.88553124938715,543023.8124840659,6,1.0,0.8333333,0.8333333,1.01074920700992,0.8748718075328621,0.5499730642504512,0.16666669,0.0,46.83382327141953,0.0,0.0,0.5,-2.2935779816513735,-0.7345579371079491,1.8308457711442787,3.8914474889749417,mass_shift_after_quiet_surface,52.849999999999994,3.16807731519797,5.650000000000006,5.0,5.150000000000006,3.696434412823033,5,False,,3.369316323192676,3.269316323192676,2.369316323192676,fold_3,research_oof
NSE_FO|57005|23-12-2025,2025-12-23,CE,26000.0,2025-12-22 05:52:00+00:00,2025-12-22,682,1,3,151.5,152.0,148.55,150.6,331575,9145800,150.55,1.0060362173038184,5.544488711819386,1.615567330531701,False,False,True,2025-12-22,2025-12-23,0.13223140495866037,151.45,1.7661246117303124,9025950.0,0.873804812345158,-0.15055728119861134,0.013278380669070845,False,1.0,1.0,1.0,12.78834237753206,332496.9018158336,6,0.8333333,0.6666667,0.6666667,0.46058401263628923,0.2704456016737411,0.3624676592649781,0.16666663,-0.16666663,76.33223437947163,0.0,0.0,0.16666666666666666,-1.4251781472684133,-1.1824597006664717,0.9137272323411817,2.4312143645722317,mass_shift_after_quiet_surface,50.55000000000001,2.1705392242588717,3.0999999999999943,2.700000000000017,2.0999999999999943,2.0591165725672496,5,False,,1.3948854201262,1.2948854201262,0.3948854201262,fold_3,research_oof
NSE_FO|57005|23-12-2025,2025-12-23,CE,26000.0,2025-12-23 06:20:00+00:00,2025-12-23,710,0,3,165.8,169.3,164.8,167.5,309675,4612950,167.3,0.6006006006006093,9.37313432835822,1.77172280626475,False,False,True,2025-12-23,2025-12-23,0.0,166.1,1.6933245208195637,4612950.0,0.6006006006006093,0.07839828544518634,0.0,False,1.0,1.0,1.0,7.593562683849408,197432.6297800846,6,0.6666667,0.6666667,0.8333333,0.07883205088302647,0.41913788942657404,0.3205868309722406,0.5,-0.16666663,171.7673569785802,0.0,0.0,0.6666666666666666,-7.317073170731703,-2.4390243902439046,1.234191267165529,7.917673771332312,mass_shift_after_quiet_surface,67.30000000000001,5.461755715510378,11.699999999999989,0.5,7.699999999999989,6.993424985056778,5,False,,4.602510460251039,4.502510460251039,3.6025104602510387,fold_4,research_oof
NSE_FO|65628|30-12-2025,2025-12-30,PE,26100.0,2025-12-24 05:07:00+00:00,2025-12-24,637,6,1,41.65,42.45,41.3,42.45,201675,9593100,42.5,3.5365853658536617,5.889281507656065,1.47382844614963,True,False,False,2025-12-24,2025-12-30,1.4634146341463428,41.6,1.1959440942724033,9630000.0,2.073170731707319,0.2778843518772267,-0.0038317757009345794,False,1.0,1.0,1.0,43.1973309902079,1127450.3388444262,8,0.625,0.625,0.625,2.7647856676387583,0.8676625645142599,1.6827205566339711,0.0,0.0,13.231796508458501,0.625,0.0,0.25,-2.4833589349718466,-0.9531370527989358,1.2385503783353247,6.019944300825508,mass_shift_after_quiet_surface,57.5,2.5932126098060664,0.75,0.75,-0.25,1.7647058823529411,5,False,,-0.5882352941176471,-0.6882352941176471,-1.5882352941176472,fold_4,research_oof
NSE_FO|65629|30-12-2025,2025-12-30,CE,26150.0,2025-12-24 08:35:00+00:00,2025-12-24,845,6,3,103.25,105.2,103.25,104.6,381375,6003000,104.45,1.30750605326877,12.667304015296368,1.364185110663984,False,False,False,2025-12-24,2025-12-30,-0.3844305622296873,103.65,1.1775147928994083,5746125.0,1.6919366154984572,0.18667031776457566,0.04470403967891405,False,1.0,1.0,1.0,16.80346770900149,439410.680590389,5,1.0,1.0,1.0,1.183431952662728,1.5494092731462406,0.22860772636941526,0.8,0.0,107.76871360419318,0.0,0.0,0.2,-2.147651006711404,-1.3513222174010964,1.0119754018772251,3.455157059980174,mass_shift_after_quiet_surface,4.450000000000003,5.637598223357315,1.7999999999999972,2.799999999999997,-1.2000000000000028,1.7233125897558612,5,False,,-1.1488750598372455,-1.2488750598372456,-2.1488750598372457,fold_4,research_oof
NSE_FO|65629|30-12-2025,2025-12-30,CE,26150.0,2025-12-26 04:34:00+00:00,2025-12-26,604,4,2,48.25,50.85,48.1,50.65,1058400,15912600,50.6,4.540763673890602,9.674234945705821,1.3563362006823971,False,False,False,2025-12-26,2025-12-30,-0.10351966873705098,48.25,0.6918160411360469,15879375.0,4.644283342627653,0.6645201595463502,0.002092336757586492,False,1.0,1.0,1.0,62.99069894846344,1647206.7775023188,5,1.0,1.0,1.0,4.104741684359503,4.182412790697687,0.33512180200038516,0.39999998,0.0,46.42811993366922,0.0,0.0,0.0,-5.384615384615376,-5.1436515291936935,1.1577450482478415,9.925379058505978,mass_shift_after_quiet_surface,49.4,8.181217327357626,1.8999999999999986,1.8500000000000014,-1.3999999999999986,3.7549407114624476,5,False,,-2.7667984189723294,-2.8667984189723295,-3.7667984189723294,fold_4,research_oof
NSE_FO|65629|30-12-2025,2025-12-30,CE,26150.0,2025-12-26 05:23:00+00:00,2025-12-26,653,4,1,49.25,50.4,48.6,49.55,576375,15765225,49.55,1.7453798767967044,6.357214934409685,1.5445683850869258,False,False,True,2025-12-26,2025-12-30,0.5149330587023604,48.8,0.6025667141984111,15765225.0,1.230446818094344,0.9420016708885147,0.0,False,1.0,1.0,1.0,23.151618436993104,605414.8221273697,5,1.0,1.0,1.0,1.7295597484276781,1.097648216042213,0.29934858643682294,0.0,0.0,25.98281940459492,0.0,0.0,0.2,-1.1452368558042658,0.19843239484172992,1.5521448248720977,2.89061673260097,mass_shift_after_quiet_surface,50.45,1.466689413956995,0.5,3.3999999999999986,0.25,1.0090817356205852,5,False,,0.5045408678102926,0.40454086781029264,-0.4954591321897074,fold_4,research_oof
NSE_FO|40469|06-01-2026,2026-01-06,CE,26050.0,2025-12-31 07:01:00+00:00,2025-12-31,751,6,3,146.5,150.69,146.25,148.85,369525,3903575,150.4,1.8474170372904553,4.225730601276448,1.4831724497782417,False,False,False,2025-12-31,2026-01-06,-0.2045687009887609,146.35,0.5358726845812679,3928600.0,2.051985738279216,0.9472997651969738,-0.006369953673064196,False,1.0,1.0,1.0,23.683842786236298,616964.1045814556,7,0.85714287,0.85714287,0.71428573,1.2373968835930338,1.5116825978787496,0.6749560115566369,0.71428573,0.0,1941.0515312016978,0.0,0.0,0.2857142857142857,-1.0054137664346596,-1.3927104356832976,1.329228350582995,2.852830803725115,mass_shift_after_quiet_surface,50.400000000000006,27.146534605781994,6.900000000000006,1.9000000000000057,1.75,4.587765957446812,5,False,,1.163563829787234,1.0635638297872338,0.16356382978723394,fold_4,research_oof
NSE_FO|40469|06-01-2026,2026-01-06,CE,26050.0,2026-01-01 07:40:00+00:00,2026-01-01,790,5,3,161.5,163.9,160.6,160.6,71500,1650805,160.65,0.8160703075957176,4.800747198007477,1.990950226244344,False,False,True,2026-01-01,2026-01-06,0.031036623215396908,161.15,2.2841628959276017,1650805.0,0.7850336843803207,-0.29321266968325777,0.0,False,1.0,1.0,1.0,9.121598699923116,237617.64613299715,6,1.0,0.8333333,0.6666667,1.1714404581394167,0.9786588034434884,0.4786343225622594,0.3333333,0.3333333,1237.882902911988,0.0,0.0,0.16666666666666666,-1.8741633199464647,-0.40637315957680054,1.1917667238421956,2.6902336275421823,mass_shift_after_quiet_surface,60.650000000000006,15.265058465803332,4.199999999999989,7.300000000000011,4.199999999999989,2.614379084967313,5,False,,2.614379084967313,2.514379084967313,1.6143790849673132,fold_4,research_oof
NSE_FO|40469|06-01-2026,2026-01-06,CE,26050.0,2026-01-01 08:30:00+00:00,2026-01-01,840,5,3,157.6,159.65,155.4,156.35,46410,1637545,156.75,1.099256385386349,5.1167252958106815,1.632,False,False,True,2026-01-01,2026-01-06,-0.06379585326953263,156.65,0.5328638497652582,1637545.0,1.1630522386558817,1.0991361502347416,0.0,False,1.0,1.0,1.0,11.811830600996933,307698.1871559701,6,0.8333333,0.8333333,0.8333333,0.3027948482493992,0.21399294975985583,0.388011781863732,0.16666663,0.16666663,32.931741701188,0.0,0.0,0.6666666666666666,-1.4481094127111849,-1.4481094127111849,1.2612741589119543,2.547365798097534,mass_shift_after_quiet_surface,56.75,3.145375752846121,14.199999999999989,2.25,6.650000000000006,9.059011164274315,5,False,,4.242424242424246,4.142424242424246,3.2424242424242458,fold_4,research_oof
NSE_FO|46197|13-01-2026,2026-01-13,PE,26250.0,2026-01-07 08:44:00+00:00,2026-01-07,854,6,3,160.69,162.8,160.65,161.4,81705,1421355,162.15,0.3731343283582156,3.593556381660478,1.3626016260162601,False,False,False,2026-01-07,2026-01-13,0.1563086157309046,160.19,0.6042692939244664,1407445.0,0.21682571262731098,0.7583323320917937,0.009883157068304622,True,1.0,1.0,1.0,4.2204786259568055,110787.56393136614,7,0.71428573,0.71428573,0.85714287,0.3731343283582156,0.21682571262731098,1.5579337541063774,0.14285713,0.0,52.03707803336874,0.0,0.0,0.14285714285714285,-0.6249999999999978,-0.728092783505152,1.2518301610541727,0.9981343283582134,mass_shift_after_quiet_surface,62.150000000000006,1.982494448915622,9.349999999999994,0.6500000000000057,5.75,5.766265803268575,5,False,,3.546099290780141,3.446099290780141,2.546099290780141,fold_4,research_oof
NSE_FO|46180|13-01-2026,2026-01-13,PE,26050.0,2026-01-08 07:31:00+00:00,2026-01-08,781,5,3,170.35,171.5,169.05,170.15,139425,2281435,169.75,5.814676616915415,9.344695856597124,2.0555821753713466,False,True,True,2026-01-08,2026-01-13,4.233128834355826,169.9,1.6435074269286056,2281435.0,1.5815477825595892,0.41207474844274095,0.0,False,1.0,1.0,1.0,68.87652655949213,1794233.5168747702,7,1.0,1.0,0.71428573,4.866494401378119,1.1769666217086083,0.9039346363601521,0.28571427,0.0,561.7677698509942,0.42857142857142855,0.42857142857142855,0.5714285714285714,-5.750560119492166,-1.2154127272019037,1.5249740932642486,11.56523673640758,mass_shift_after_quiet_surface,69.75,10.156738145170873,2.25,18.400000000000006,-14.099999999999994,1.3254786450662739,5,False,,-8.306332842415314,-8.406332842415313,-9.306332842415314,fold_4,research_oof
NSE_FO|46180|13-01-2026,2026-01-13,PE,26050.0,2026-01-08 07:56:00+00:00,2026-01-08,806,5,3,162.8,171.55,162.75,170.75,112905,2205450,170.55,6.220839813374801,9.019033674963401,1.7879567678847144,False,True,True,2026-01-08,2026-01-13,2.388906397730839,162.44,1.3159041394335511,2205840.0,3.831933415643962,0.47205262845116325,-0.0001768033946251768,True,1.0,1.0,1.0,72.37518440498405,1885373.5537498347,7,1.0,1.0,0.85714287,5.660377358490565,3.831933415643962,1.2291753849922118,0.28571427,1.0,669.1897114193816,0.5714285714285714,0.7142857142857143,0.7142857142857143,-5.676516329704507,-3.6811210879546867,2.3773881182936405,11.897356143079307,mass_shift_after_quiet_surface,70.55000000000001,13.589463634253736,10.649999999999977,4.550000000000011,4.5,6.244503078276152,5,False,,2.638522427440633,2.538522427440633,1.6385224274406331,fold_4,research_oof
NSE_FO|47611|20-01-2026,2026-01-20,CE,25650.0,2026-01-14 05:19:00+00:00,2026-01-14,649,6,3,165.6,169.25,164.0,164.55,404560,2129790,166.1,4.1455696202531644,19.598906107566087,1.3434060004316857,False,False,False,2026-01-14,2026-01-20,0.7261724659606505,166.45,1.3837248135366804,1941745.0,3.419397154292514,-0.040318813104994744,0.0968433033173769,False,1.0,1.0,1.0,53.52161622759298,1372829.45623776,5,1.0,1.0,1.0,4.905063291139244,4.2957715927386175,0.5814258294320189,0.0,0.0,28.981799034801952,0.0,0.4,0.0,-5.415676959619953,-4.160656879298664,0.6867500422511408,9.561246579873117,mass_shift_after_quiet_surface,66.1,-0.08473130149113883,5.400000000000006,1.549999999999983,4.200000000000017,3.2510535821794133,5,False,,2.528597230583996,2.428597230583996,1.5285972305839959,fold_4,research_oof
NSE_FO|47615|20-01-2026,2026-01-20,CE,25750.0,2026-01-14 06:26:00+00:00,2026-01-14,716,6,3,152.05,160.19,152.05,159.5,635570,5054595,159.75,4.384816753926701,9.46708463949843,1.5348873714779059,False,False,True,2026-01-14,2026-01-20,0.0,152.0,0.6983061681048258,5054595.0,4.384816753926701,0.8365812033730801,0.0,True,1.0,1.0,1.0,58.591145208795474,1508721.9891264834,5,1.0,1.0,1.0,3.605051664753156,3.35077519688447,0.38889001620186475,0.19999999,0.0,39.2390179985523,0.4,0.0,0.2,-5.15267175572518,-5.917490111365731,1.1565934065934067,9.537488509651881,mass_shift_after_quiet_surface,59.75,6.64297888271836,0.0,10.25,-3.75,0.0,5,False,,-2.3474178403755865,-2.4474178403755866,-3.3474178403755865,fold_4,research_oof
NSE_FO|47602|20-01-2026,2026-01-20,PE,25550.0,2026-01-16 05:34:00+00:00,2026-01-16,664,4,0,22.65,23.2,22.35,23.15,286260,6927245,23.1,1.758241758241752,9.503239740820732,1.926930649748414,False,False,True,2026-01-16,2026-01-20,-0.877192982456132,22.6,0.9770290964777948,6973200.0,2.635434740697884,0.9499015532706192,-0.006590231170768084,False,1.0,1.0,1.0,22.091708590874383,564443.1544968404,7,0.71428573,1.0,1.0,2.2375215146299476,2.5835422758756166,1.308186630636342,0.42857143,0.28571427,62.18061240264797,0.0,0.0,0.5714285714285714,-2.2564102564102573,-1.685400007508353,1.84375,4.014652014652009,mass_shift_after_quiet_surface,76.9,5.608354868017512,0.14999999999999858,1.8500000000000014,-0.8500000000000014,0.6493506493506431,5,False,,-3.6796536796536854,-3.7796536796536855,-4.679653679653685,fold_4,research_oof
NSE_FO|47616|20-01-2026,2026-01-20,PE,25750.0,2026-01-16 06:15:00+00:00,2026-01-16,705,4,2,73.25,74.34,71.3,73.3,1371890,11250135,73.5,4.267425320056906,11.59618008185539,2.063147605083089,False,False,True,2026-01-16,2026-01-20,2.8875805999439397,73.4,0.8219941348973607,11250135.0,1.379844720112966,1.241153470185728,0.0,False,1.0,1.0,1.0,60.3059771182696,1552878.9107954423,7,1.0,0.85714287,0.71428573,4.267425320056906,1.4371317039210352,0.6311205905858678,0.14285713,0.14285713,38.4864570569589,0.14285714285714285,0.0,0.2857142857142857,-3.8726445743989646,-1.399029798673368,1.4027833001988073,8.14006989445587,mass_shift_after_quiet_surface,26.5,2.703502581223332,2.0,3.450000000000003,-3.0999999999999943,2.7210884353741496,5,False,,-4.217687074829924,-4.317687074829924,-5.217687074829924,fold_4,research_oof
NSE_FO|47613|20-01-2026,2026-01-20,CE,25700.0,2026-01-19 04:22:00+00:00,2026-01-19,592,1,1,37.35,37.7,34.95,35.4,1855425,17505410,35.15,7.272727272727275,19.91525423728815,1.4275712035207921,False,True,False,2026-01-19,2026-01-20,5.3097345132743445,35.7,1.2205746292915907,17225585.0,1.9629927594529306,0.20699657422920148,0.01624473131101208,False,1.0,1.0,1.0,104.97181728911951,2697775.7043303717,5,1.0,0.6,1.0,6.505888951205829,0.42761723221065306,0.6767744679372248,0.0,-0.39999998,12.939739952911623,0.0,1.0,0.0,-4.19477852742739,-0.9237782306034119,1.0708615399600643,11.467505800154665,mass_shift_after_quiet_surface,64.85,-1.136353685638988,0.0,6.949999999999999,-4.799999999999997,0.0,5,False,,-13.65576102418207,-13.75576102418207,-14.65576102418207,fold_4,research_oof
NSE_FO|47611|20-01-2026,2026-01-20,CE,25650.0,2026-01-19 07:17:00+00:00,2026-01-19,767,1,1,29.4,29.85,28.25,28.65,767455,14249820,28.7,1.2367491166077604,12.565445026178004,1.4178324827379165,False,False,False,2026-01-19,2026-01-20,-0.5119453924914752,29.15,1.2930651456019213,13980265.0,1.7486945090992356,0.1247673371359952,0.019281108047665762,False,1.0,1.0,1.0,16.758984981390146,429867.96477265726,5,1.0,1.0,1.0,1.2367491166077604,1.4600290407236094,0.27731140619381256,0.6,1.0,73.99073194364973,0.0,0.0,0.6,-2.6299112801013935,-1.230627192890199,1.82861795237126,3.866660396709154,mass_shift_after_quiet_surface,71.3,4.066601586690654,3.150000000000002,3.25,2.9499999999999993,10.975609756097569,5,False,,10.2787456445993,10.178745644599301,9.2787456445993,fold_4,research_oof
NSE_FO|58675|27-01-2026,2026-01-27,PE,25150.0,2026-01-21 04:16:00+00:00,2026-01-21,586,6,3,105.75,116.0,104.95,114.3,1547845,5018455,114.3,6.672888474101724,16.185476815398076,2.0772887861473373,False,True,True,2026-01-21,2026-01-27,-0.3759398496240629,106.0,0.785885637021852,4999735.0,7.048828323725786,1.2914031491254852,0.0037441984425174535,False,1.0,1.0,1.0,95.104507831637,2391878.3719656705,5,1.0,1.0,1.0,6.577266922094527,6.977070256045225,0.1472854782837558,0.6,0.0,78.29010099980223,0.0,1.0,1.0,-7.275287491199245,-5.28408582414669,1.8246276484161947,13.948175965300969,mass_shift_after_quiet_surface,14.299999999999997,11.862363950134682,0.9000000000000057,11.299999999999997,-3.200000000000003,0.7874015748031546,5,False,,-2.7996500437445344,-2.8996500437445345,-3.7996500437445344,fold_4,research_oof
NSE_FO|58664|27-01-2026,2026-01-27,PE,25050.0,2026-01-21 05:09:00+00:00,2026-01-21,639,6,3,118.1,122.55,113.0,119.75,1151865,3338205,119.8,5.367355917289918,8.81002087682672,1.5852753052735162,False,True,True,2026-01-21,2026-01-27,-0.08474576271185752,117.9,0.714527027027027,3338205.0,5.452101680001775,0.8707482782464893,0.0,False,1.0,1.0,1.0,74.91161649236257,1876535.9931336823,5,1.0,1.0,0.8,4.89690721649485,4.8656962302276785,0.37519079192026356,0.19999999,1.0,62.77731184773438,0.0,0.4,0.2,-4.27884615384616,-3.2717225969805193,1.9089820359281438,9.646202071136077,mass_shift_after_quiet_surface,19.799999999999997,8.253616727644264,32.8,2.549999999999997,32.64999999999999,27.37896494156928,5,True,NSE_FO|58664|27-01-2026:8979,27.25375626043405,27.153756260434047,26.25375626043405,fold_4,research_oof
NSE_FO|58666|27-01-2026,2026-01-27,PE,25100.0,2026-01-22 07:45:00+00:00,2026-01-22,795,5,2,88.2,90.7,86.8,89.5,678665,6056375,89.0,8.88077858880778,13.910614525139668,2.0689586842365997,False,True,True,2026-01-22,2026-01-27,2.7405247813411027,88.1,1.6288516793817498,6056375.0,6.140253807466678,0.4401070048548499,0.0,False,1.0,1.0,1.0,119.25006814520614,2993176.7104446744,6,1.0,1.0,1.0,7.950942189615418,5.091112675520693,1.002511879515151,0.0,0.16666669,20.780166371514497,0.16666666666666666,1.0,1.0,-6.23452622102183,-1.9389142117839482,1.885942971485743,15.11530480982961,mass_shift_after_quiet_surface,11.0,6.622726185599779,8.049999999999997,9.700000000000003,-3.6500000000000057,9.044943820224717,5,False,,-4.101123595505625,-4.201123595505624,-5.101123595505625,fold_4,research_oof
NSE_FO|58666|27-01-2026,2026-01-27,PE,25100.0,2026-01-22 08:34:00+00:00,2026-01-22,844,5,2,69.8,72.9,68.85,70.65,465335,6144320,70.4,4.280442804428053,14.861995753715506,1.5931901635696006,False,False,True,2026-01-22,2026-01-27,1.449275362318847,70.0,1.1621107677680058,6031025.0,2.831167442109206,0.4310793958015948,0.018785364013579782,False,1.0,1.0,1.0,55.86198304414618,1402135.774408069,6,0.8333333,1.0,0.8333333,3.845030312870934,2.3999449999760114,1.615231019941129,0.0,0.0,15.64425298153219,0.0,0.0,0.5,-3.441682600382412,-0.5290612411591122,1.483194795807734,7.722125404810464,mass_shift_after_quiet_surface,29.599999999999994,0.8429223153674665,8.399999999999991,3.950000000000003,4.049999999999997,11.93181818181817,5,False,,5.752840909090905,5.652840909090905,4.752840909090905,fold_4,research_oof
NSE_FO|58667|27-01-2026,2026-01-27,CE,25150.0,2026-01-23 06:45:00+00:00,2026-01-23,735,4,3,147.0,152.6,147.0,152.0,269165,2182115,151.8,2.946156451066706,8.124999999999996,1.5715370018975332,False,False,True,2026-01-23,2026-01-27,0.23898941618301084,146.8,0.7760488477447312,2182115.0,2.707167034883695,0.795488154152802,0.0,True,1.0,1.0,1.0,36.83604031393829,926426.413895548,5,1.0,1.0,1.0,2.705687465488693,2.707167034883695,0.1869765463994521,0.39999998,0.0,33.929043511281634,0.4,0.0,0.4,-6.017369727047139,-5.340029825569315,1.6649914922242888,8.963526178113845,mass_shift_after_quiet_surface,51.80000000000001,6.625973344986047,16.399999999999977,0.10000000000002274,11.799999999999983,10.803689064558613,5,False,,7.773386034255587,7.6733860342555875,6.773386034255587,fold_4,research_oof
NSE_FO|58689|27-01-2026,2026-01-27,CE,25200.0,2026-01-23 08:39:00+00:00,2026-01-23,849,4,2,66.9,69.8,66.6,68.45,863655,15774135,68.3,1.7843866171003864,10.080350620891158,1.56152309319544,False,False,True,2026-01-23,2026-01-27,-0.5212211466865346,66.8,0.9723821835703373,15774135.0,2.305607763786921,0.5891409096251027,0.0,False,1.0,1.0,1.0,24.39065544152768,614644.5171264976,5,1.0,1.0,1.0,1.825483753194601,1.7355947868800126,0.2590675342402395,0.39999998,0.0,59.110691324192885,0.0,0.0,0.8,-2.9010733971569502,-0.8672721940632733,1.040363580342012,4.685460014257337,mass_shift_after_quiet_surface,31.700000000000003,4.5625739059955315,2.299999999999997,3.299999999999997,-0.9500000000000028,3.3674963396778876,5,False,,-1.3909224011713073,-1.4909224011713074,-2.3909224011713075,fold_4,research_oof
NSE_FO|58665|27-01-2026,2026-01-27,CE,25100.0,2026-01-27 05:48:00+00:00,2026-01-27,678,0,2,46.65,52.9,46.25,52.1,2966600,18024890,52.05,24.04761904761905,28.69481765834933,1.3349518112815713,False,True,False,2026-01-27,2026-01-27,6.385404789053584,46.65,2.7202421867002062,18024890.0,17.662214258565466,-1.385290375418635,0.0,False,1.0,1.0,1.0,358.3799210730333,8995336.018933136,5,1.0,1.0,1.0,23.3983286908078,18.184440516521793,1.0011807098139303,0.0,1.0,17.69710931761074,0.0,1.0,0.0,-21.182885906040273,-11.53602974755622,1.1355926099326539,45.23050495365932,mass_shift_after_quiet_surface,47.95,18.732133533810952,7.950000000000003,5.699999999999996,0.4000000000000057,15.273775216138336,5,False,,0.7684918347742665,0.6684918347742665,-0.23150816522573348,fold_4,research_oof
NSE_FO|49799|03-02-2026,2026-02-03,CE,25350.0,2026-01-29 05:47:00+00:00,2026-01-29,677,5,3,167.7,178.0,167.05,173.95,523770,3350295,174.0,7.178065311152171,10.520264443805699,3.2590495449949444,False,True,True,2026-01-29,2026-02-03,0.2389486260454099,167.8,0.6929330831769857,3350295.0,6.939116685106761,2.5661164618179586,0.0,False,1.0,1.0,1.0,94.52657713669288,2396248.7304151645,5,1.0,1.0,1.0,6.920332936979801,6.458118931895451,0.17361514235934958,0.0,1.0,27.62666300293131,0.0,1.0,1.0,-8.256693235234014,-6.526005181202777,3.2830978545264258,15.434758546386185,mass_shift_after_quiet_surface,74.0,10.946092515261565,10.0,6.0,8.949999999999989,5.747126436781609,5,False,,5.143678160919533,5.043678160919534,4.143678160919533,fold_4,research_oof
NSE_FO|49799|03-02-2026,2026-02-03,CE,25350.0,2026-01-30 05:25:00+00:00,2026-01-30,655,4,3,176.9,182.55,176.5,179.0,349830,4003025,178.75,2.110667427267532,8.96648044692738,1.5014646394197237,False,False,True,2026-01-30,2026-02-03,0.0,177.0,0.567241101626671,3968705.0,2.110667427267532,0.9342235377930528,0.008647657107293184,False,1.0,1.0,1.0,26.9431033661869,683007.670332838,5,1.0,1.0,1.0,1.9961477849763654,2.110667427267532,0.2234249791132738,0.8,0.0,107.56322265022027,0.0,0.0,0.6,-2.5339366515837125,-2.190687223666088,1.7346590909090909,4.644604078851245,mass_shift_after_quiet_surface,78.75,8.263609074732734,4.099999999999994,2.3499999999999943,3.75,2.29370629370629,5,False,,2.097902097902098,1.9979020979020978,1.097902097902098,fold_4,research_oof
NSE_FO|49790|03-02-2026,2026-02-03,PE,25150.0,2026-02-01 06:09:00+00:00,2026-02-01,699,2,3,97.8,105.2,97.7,105.2,327340,2810470,105.15,12.513368983957228,14.686311787072245,1.5260606060606061,False,True,True,2026-02-01,2026-02-03,-0.45894951555329744,97.6,0.7775757575757576,2810470.0,12.972318499510525,0.7484848484848485,0.0,True,1.0,1.0,1.0,158.90424098802026,3996441.6608487098,5,1.0,1.0,1.0,10.917030567685583,10.99336644554817,0.9761781530012227,0.6,0.0,71.06905789021039,0.0,1.0,1.0,-5.397727272727271,-4.067825942825943,1.8487804878048781,17.9110962566845,mass_shift_after_quiet_surface,5.150000000000006,18.544968242604703,21.19999999999999,2.950000000000003,16.049999999999997,20.161673799334274,5,False,,15.26390870185449,15.16390870185449,14.26390870185449,fold_4,research_oof
NSE_FO|49789|03-02-2026,2026-02-03,CE,25150.0,2026-02-01 07:44:00+00:00,2026-02-01,794,2,3,157.3,170.0,155.5,159.75,1040260,2151500,159.9,3.2310177705977328,22.535211267605636,2.0077781959603564,False,False,True,2026-02-01,2026-02-03,1.0928961748633892,157.25,1.0423211735687394,2351180.0,2.1381215957343436,0.965457022391617,-0.08492756828486121,False,1.0,1.0,1.0,44.765693703296975,1125857.196637919,5,1.0,1.0,1.0,3.2416132679984777,2.405555960981798,0.06146413576902218,0.0,0.0,23.473415823198593,0.0,0.0,0.4,-4.083616917841503,0.6885653363551292,2.116359606593711,7.314634688439236,mass_shift_after_quiet_surface,59.900000000000006,-1.987552301711644,3.299999999999983,12.800000000000011,-1.3000000000000114,2.063789868667907,5,False,,-0.8130081300813078,-0.9130081300813078,-1.813008130081308,fold_4,research_oof
NSE_FO|49791|03-02-2026,2026-02-03,CE,25200.0,2026-02-02 04:41:00+00:00,2026-02-02,611,1,0,20.65,27.45,20.35,23.7,1749410,10294830,23.65,10.232558139534875,32.911392405063296,1.525909967116453,False,True,True,2026-02-02,2026-02-03,0.0,20.75,0.6542642017988457,10294830.0,10.232558139534875,0.8716457653176074,0.0,False,1.0,1.0,1.0,147.09087153116334,3706689.9625853165,5,1.0,1.0,1.0,9.552238805970159,11.095448682513364,0.6469098631928392,0.8,0.0,95.62751074280095,0.0,1.0,1.0,-3.804737975592243,-2.934149740298131,1.8958333333333333,14.037296115127118,mass_shift_after_quiet_surface,76.35,10.195859146151511,0.45000000000000284,3.5,-2.799999999999997,1.9027484143763336,5,False,,-11.839323467230432,-11.939323467230432,-12.839323467230432,fold_4,research_oof
NSE_FO|49791|03-02-2026,2026-02-03,CE,25200.0,2026-02-02 07:26:00+00:00,2026-02-02,776,1,0,20.55,22.9,19.5,22.35,1084525,12841530,22.35,4.439252336448618,29.30648769574943,1.4023365271474197,False,False,False,2026-02-02,2026-02-03,0.4901960784313708,20.5,0.9034291477559253,12849330.0,3.9490562580172472,0.49890737939149443,-0.00060703554193098,False,1.0,1.0,1.0,61.690751887786135,1554606.9475722106,5,1.0,1.0,1.0,4.113924050632911,4.113924050632911,0.8787880583969186,0.6,0.0,70.15947247442818,0.0,0.2,0.2,-2.9388775988744786,-2.9544079607319196,1.2573402417962003,7.378129935323097,mass_shift_after_quiet_surface,77.65,1.5130493948599528,6.799999999999997,0.6000000000000014,3.549999999999997,30.42505592841162,5,False,,15.88366890380312,15.78366890380312,14.88366890380312,fold_4,research_oof
NSE_FO|42532|10-02-2026,2026-02-10,CE,25750.0,2026-02-04 05:17:00+00:00,2026-02-04,647,6,3,170.5,175.5,170.15,172.6,619125,5014490,172.6,1.7688679245283057,11.00811123986095,1.5407635069556778,False,False,True,2026-02-04,2026-02-10,-0.43808411214952825,170.45,0.9516089811137229,5014490.0,2.206952036677834,0.5891545258419548,0.0,False,1.0,1.0,1.0,23.5897359995377,607435.7019880958,8,0.625,0.625,0.625,1.4661306651905681,1.5186347710381853,0.8350626249790539,0.5,0.0,101.7079028057633,0.0,0.0,0.125,-2.6939017169923085,-1.3648999449899502,0.8068211746115355,4.462769641520614,mass_shift_after_quiet_surface,72.6,5.199132189023594,5.650000000000006,2.4000000000000057,0.8000000000000114,3.2734646581691806,5,False,,0.4634994206257308,0.3634994206257308,-0.5365005793742692,fold_4,research_oof
NSE_FO|42530|10-02-2026,2026-02-10,CE,25700.0,2026-02-05 04:49:00+00:00,2026-02-05,619,5,3,134.6,139.6,134.25,139.3,768170,11419525,139.05,2.9183598079054462,7.60947595118449,1.5197068089757604,True,False,True,2026-02-05,2026-02-10,-0.37009622501850137,134.6,0.90310551019096,11426675.0,3.2884560329239476,0.6166012987848004,-0.0006257288318780397,False,1.0,1.0,1.0,39.548934017142855,1016407.6042405714,7,0.71428573,0.71428573,0.71428573,2.7191129883843645,3.049953557432694,1.6812020650158,0.5714286,0.0,49.92349858256057,0.7142857142857143,0.0,0.2857142857142857,-4.492939666238771,-4.045512373173898,1.2094530722484809,7.411299474144217,mass_shift_after_quiet_surface,39.05000000000001,8.19928467785636,11.649999999999977,1.3000000000000114,7.399999999999977,8.378281193815157,5,False,,5.3218266810499655,5.221826681049966,4.3218266810499655,fold_4,research_oof
NSE_FO|42527|10-02-2026,2026-02-10,PE,25600.0,2026-02-05 05:29:00+00:00,2026-02-05,659,5,3,120.45,123.75,117.75,121.8,642005,6418620,121.8,3.395585738539908,13.054187192118233,1.587942122186495,False,False,True,2026-02-05,2026-02-10,2.166525063721325,120.25,1.2958199356913183,6418620.0,1.2290606748185828,0.29212218649517685,0.0,False,1.0,1.0,1.0,45.406970894474895,1162418.4548985574,8,0.75,0.875,0.75,2.7523309661734885,1.146354691628293,1.3463837680425856,0.125,0.75,269.8149658751572,0.125,0.0,0.125,-1.6403046280023315,-1.110581261316046,1.394976803711406,5.035890366542239,mass_shift_after_quiet_surface,21.799999999999997,2.5052801089289636,8.149999999999991,8.649999999999991,-5.5,6.691297208538581,5,False,,-4.51559934318555,-4.61559934318555,-5.51559934318555,fold_4,research_oof
NSE_FO|42529|10-02-2026,2026-02-10,PE,25650.0,2026-02-06 04:34:00+00:00,2026-02-06,604,4,3,180.65,181.15,166.1,170.85,570505,3598465,170.8,6.8814513606506145,17.208077260755054,1.7258873267132042,False,True,True,2026-02-06,2026-02-10,6.767139479905437,180.65,2.9304886441844458,3598465.0,0.11431188074517706,-1.2046013174712416,0.0,False,1.0,1.0,1.0,91.20867602033887,2339502.539921692,8,1.0,0.875,1.0,6.677339336254651,0.256915916831435,1.5980385426526846,0.25,0.25,726.8614029231067,0.0,1.0,0.75,-12.696493349455862,-1.271589626734416,1.7476112398937071,19.577944710106475,mass_shift_after_quiet_surface,70.80000000000001,7.964077721491765,12.699999999999989,6.700000000000017,2.1999999999999886,7.435597189695543,5,False,,1.2880562060889862,1.188056206088986,0.2880562060889862,fold_4,research_oof
NSE_FO|42536|10-02-2026,2026-02-10,CE,25800.0,2026-02-09 04:18:00+00:00,2026-02-09,588,1,2,95.5,99.0,94.0,95.7,3754010,23329345,95.7,3.9087947882736174,12.852664576802505,1.848482908718474,False,False,True,2026-02-09,2026-02-10,0.10493179433368471,95.4,0.8617181796057435,23329345.0,3.8038629939399327,0.9867647291127305,0.0,False,1.0,1.0,1.0,59.17264661758469,1526654.282733685,6,0.8333333,0.8333333,0.8333333,3.272674118145924,3.1378163308281137,1.4660002601183963,0.16666663,0.8333333,18.42083729085789,0.0,0.0,0.5,-6.408629441624358,-3.7648753107585304,1.49972894132225,10.317424229897975,mass_shift_after_quiet_surface,4.299999999999997,4.899976212147571,3.700000000000003,4.650000000000006,2.049999999999997,3.8662486938349034,5,False,,2.142110762800415,2.042110762800415,1.142110762800415,fold_4,research_oof
NSE_FO|42531|10-02-2026,2026-02-10,PE,25700.0,2026-02-09 05:30:00+00:00,2026-02-09,660,1,1,24.75,25.8,24.5,25.5,983190,17244045,25.6,4.7227926078028615,9.6078431372549,1.5195901145268234,False,False,True,2026-02-09,2026-02-10,-1.9841269841269882,24.7,0.8675909182238296,17244045.0,6.70691959192985,0.6519991963029937,0.0,False,1.0,1.0,1.0,65.16773094833566,1674810.6853722264,8,0.875,1.0,0.625,4.227378043198094,6.1727964708610585,1.598153675375326,0.75,0.875,392.85875529713303,0.375,0.125,0.25,-2.6224641266699544,-5.408684997997204,1.13009900990099,7.345256734472816,mass_shift_after_quiet_surface,74.4,15.607870684970823,0.6499999999999986,1.0,-0.6000000000000014,2.5390624999999947,5,False,,-2.3437500000000053,-2.4437500000000054,-3.3437500000000053,fold_4,research_oof
NSE_FO|42536|10-02-2026,2026-02-10,CE,25800.0,2026-02-10 05:01:00+00:00,2026-02-10,631,0,3,164.15,170.55,163.55,165.55,518570,5020535,165.5,1.1301160659743514,6.976744186046519,1.482486295642479,False,False,False,2026-02-10,2026-02-10,-0.243013365735123,164.2,0.5136332316172851,5116735.0,1.3731294317094744,0.9688530640251938,-0.018801051842630114,False,1.0,1.0,1.0,14.871007713419369,383671.99900621973,6,0.8333333,0.8333333,0.8333333,0.9211617358588775,1.016732986187685,0.427384335237686,0.49999997,0.16666663,91.41727192020699,0.0,0.0,0.3333333333333333,-2.8169014084506894,0.0,0.9757438815234258,3.947017474425041,mass_shift_after_quiet_surface,65.5,5.793498393678159,16.5,0.44999999999998863,10.5,9.969788519637463,5,False,,6.3444108761329305,6.244410876132931,5.3444108761329305,fold_4,research_oof
NSE_FO|42532|10-02-2026,2026-02-10,CE,25750.0,2026-02-10 08:36:00+00:00,2026-02-10,846,0,3,159.0,162.55,156.65,160.1,201825,1331200,160.3,2.2676461194506503,17.145534041224227,1.905492482356551,False,False,True,2026-02-10,2026-02-10,-0.06295247088448086,158.75,1.1988416988416988,1331200.0,2.330598590335131,0.7066507835148523,0.0,False,1.0,1.0,1.0,27.69966293681674,713266.320623031,6,0.8333333,0.8333333,0.8333333,2.161823842964028,2.151648176920906,1.1536495908794941,0.6666666,0.0,28.952426827196177,0.0,0.0,0.5,-22.857142857142854,4.169884169884174,1.4222785459912093,25.124788976593504,mass_shift_after_quiet_surface,60.30000000000001,9.049784024862351,11.349999999999994,11.75,-8.450000000000017,7.080474111041793,5,False,,-5.271366188396766,-5.371366188396766,-6.271366188396766,fold_4,research_oof
NSE_FO|48239|17-02-2026,2026-02-17,PE,26050.0,2026-02-11 05:30:00+00:00,2026-02-11,660,6,3,150.4,154.4,149.45,150.8,141180,1916720,150.35,1.5488215488215662,8.919098143236084,1.3768621236133123,False,False,False,2026-02-11,2026-02-17,0.29970029970030065,150.6,0.9083993660855785,1916720.0,1.2491212491212655,0.4684627575277338,0.0,False,1.0,1.0,1.0,18.365613116758087,478424.2216915482,8,0.625,0.75,0.75,1.4415023790023795,1.3152520723913486,1.6715959232943336,0.25,0.75,73.86251836969677,0.0,0.0,0.0,-2.604166666666663,-1.0818569553805668,0.6926171013364474,4.152988215488229,mass_shift_after_quiet_surface,50.349999999999994,2.6940872665101177,4.200000000000017,5.849999999999994,-3.4499999999999886,2.793481875623556,5,False,,-2.2946458264050476,-2.3946458264050476,-3.2946458264050476,fold_4,research_oof
NSE_FO|48233|17-02-2026,2026-02-17,PE,25900.0,2026-02-11 06:25:00+00:00,2026-02-11,715,6,2,84.25,86.5,84.05,84.55,625560,10832835,84.5,2.6092233009708643,5.736250739207563,2.0520255863539445,True,False,True,2026-02-11,2026-02-17,1.6284680337756319,84.25,0.8780383795309168,10918700.0,0.9807552671952324,1.1739872068230277,-0.007864031432313371,False,1.0,1.0,1.0,34.82374863003701,901935.0895179586,8,0.75,0.75,0.75,1.9244693635042442,0.6045235305835228,1.0418627756409804,0.0,0.125,317.08766629031743,0.375,0.0,0.5,-1.316944688323085,-0.31723871949037585,1.1228200371057513,3.9261679892939494,mass_shift_after_quiet_surface,15.5,5.029236955992181,4.150000000000006,2.5,2.6500000000000057,4.911242603550303,5,False,,3.1360946745562197,3.0360946745562196,2.1360946745562197,fold_4,research_oof
NSE_FO|48232|17-02-2026,2026-02-17,CE,25900.0,2026-02-12 05:31:00+00:00,2026-02-12,661,5,3,100.35,101.5,99.6,101.0,468065,12488970,101.1,1.1011011011010874,3.861386138613867,1.4955347871235722,False,False,False,2026-02-12,2026-02-17,0.6519558676028048,100.35,0.8955347871235722,12488970.0,0.4491452334982826,0.6000000000000001,0.0,False,1.0,1.0,1.0,14.376377427084297,372348.1753614833,5,1.0,1.0,0.8,1.1869436201780381,0.4491452334982826,0.14610268818469443,0.0,0.0,14.698391161560721,0.0,0.0,0.0,-1.2409071459135501,-0.38984331612631484,0.8710158925278778,2.3420082470146375,mass_shift_after_quiet_surface,1.0999999999999943,1.0279134519144821,0.4000000000000057,3.5,-2.25,0.39564787339268614,5,False,,-2.225519287833828,-2.325519287833828,-3.225519287833828,fold_4,research_oof
NSE_FO|48234|17-02-2026,2026-02-17,CE,25950.0,2026-02-12 07:02:00+00:00,2026-02-12,752,5,2,70.0,72.0,69.95,71.95,149045,8190065,71.95,2.639087018544939,4.10006949270327,1.9068607068607069,True,False,True,2026-02-12,2026-02-17,0.14306151645206988,70.0,0.8723492723492724,8190065.0,2.496025502092869,1.0345114345114346,0.0,False,1.0,1.0,1.0,31.43683164751943,815785.7812531292,5,1.0,1.0,0.8,2.634880803011286,2.496025502092869,0.22394982182300074,0.39999998,1.0,66.34606833401995,1.0,0.0,0.6,-3.460659484165862,-1.622542747629252,2.482338611449452,6.099746502710801,mass_shift_after_quiet_surface,28.049999999999997,7.778712131876258,0.9500000000000028,1.1500000000000057,0.09999999999999432,1.320361362056988,5,False,,0.1389854065323062,0.0389854065323062,-0.8610145934676938,fold_4,research_oof
NSE_FO|48232|17-02-2026,2026-02-17,CE,25900.0,2026-02-13 05:09:00+00:00,2026-02-13,639,4,0,21.55,22.25,21.45,22.0,534235,15297620,21.9,2.088167053364276,6.8181818181818175,3.2777666999002992,True,False,True,2026-02-13,2026-02-17,0.23255813953488857,21.55,0.7505483549351945,15297620.0,1.8556089138293874,2.527218344965105,0.0,False,1.0,1.0,1.0,27.539985315754226,713285.6196780344,5,0.6,0.6,1.0,0.660066006600668,0.9890133750217189,1.0672428355637031,0.40000004,0.6,30.98797073939204,0.2,0.0,0.6,-2.8415961305925164,-0.21908751377849311,3.267132867132867,4.929763183956792,mass_shift_after_quiet_surface,78.1,7.345863080257711,0.3000000000000007,1.0499999999999972,-0.9499999999999993,1.3698630136986336,5,False,,-4.337899543378993,-4.437899543378992,-5.337899543378993,fold_4,research_oof
NSE_FO|64862|24-02-2026,2026-02-24,CE,25750.0,2026-02-18 05:22:00+00:00,2026-02-18,652,6,3,110.4,112.75,110.15,112.25,366275,9192885,112.4,1.0805943268797913,7.7060133630289585,1.3692139472725064,False,False,False,2026-02-18,2026-02-24,0.04541326067213358,110.15,0.8153465346534653,9199775.0,1.0351810662076577,0.5538674126190412,-0.0007489313597343414,True,1.0,1.0,1.0,13.843647826984176,356473.93154484255,7,0.71428573,0.71428573,0.71428573,0.984918436441995,0.5116356521376986,0.5152112669677429,0.0,0.71428573,29.274738206295297,0.0,0.0,0.0,-1.4392803598200943,0.6093002664602665,1.5032950480135567,2.5198746866998856,mass_shift_after_quiet_surface,12.400000000000006,0.3605378500100737,5.799999999999997,0.15000000000000568,5.0,5.160142348754445,5,False,,4.448398576512455,4.348398576512455,3.4483985765124547,fold_4,research_oof
NSE_FO|64858|24-02-2026,2026-02-24,CE,25650.0,2026-02-18 06:45:00+00:00,2026-02-18,735,6,3,175.75,179.75,175.5,178.4,351000,3366740,178.6,1.62346909712332,5.128923766816147,2.218570254724733,False,False,True,2026-02-18,2026-02-24,0.057012542759404816,175.5,0.7913153456998314,3366740.0,1.5664565543639153,1.4272549090249016,0.0,True,1.0,1.0,1.0,20.729337169822394,531707.4984059444,7,0.71428573,0.71428573,0.71428573,1.62346909712332,1.5664565543639153,0.8512519301779513,0.2857143,0.0,28.19936524844161,0.0,0.0,0.2857142857142857,-2.7207392197125313,-1.4918605714790423,1.1895620875824835,4.344208316835852,mass_shift_after_quiet_surface,78.6,5.319105276802686,5.300000000000011,4.849999999999994,-2.5999999999999943,2.9675251959686513,5,False,,-1.4557670772676339,-1.555767077267634,-2.455767077267634,fold_4,research_oof
NSE_FO|64859|24-02-2026,2026-02-24,PE,25650.0,2026-02-19 04:30:00+00:00,2026-02-19,600,5,2,68.8,70.6,66.15,69.0,373295,3835520,69.15,2.6022304832713727,16.23188405797102,1.6595867649183644,False,False,True,2026-02-19,2026-02-24,0.7309941520467822,68.9,0.9117179598323941,3835520.0,1.8712363312245905,0.7478688050859703,0.0,False,1.0,1.0,1.0,33.38694745249804,856375.2021565748,8,0.875,0.875,0.75,2.663175667589124,1.9276160772036977,1.0509689505305193,0.125,0.875,106.39420932630674,0.0,0.0,0.125,-2.6840855106888384,-1.150049077323556,0.9548058561425843,5.286315993960211,mass_shift_after_quiet_surface,30.849999999999994,0.8412929889615144,3.049999999999997,6.500000000000007,-5.900000000000006,4.410701373825013,5,False,,-8.53217642805496,-8.63217642805496,-9.53217642805496,fold_4,research_oof
NSE_FO|64858|24-02-2026,2026-02-24,CE,25650.0,2026-02-19 06:51:00+00:00,2026-02-19,741,5,3,134.5,137.9,134.05,137.3,658905,4257955,137.2,5.6966897613548895,7.9388201019665,1.86,True,True,True,2026-02-19,2026-02-24,2.86368843069873,134.7,1.3845871559633027,4257955.0,2.8330013306561597,0.47541284403669737,0.0,False,1.0,1.0,1.0,76.32616443864744,1957766.117851307,5,1.0,1.0,1.0,4.082774049216997,2.748277015240963,1.6383029942783511,0.19999999,0.0,29.26091614672623,0.8,0.4,0.4,-17.090395480225983,-5.259974397441679,1.0388858547241944,22.787085241580872,mass_shift_after_quiet_surface,37.19999999999999,8.730354256806741,0.5,5.299999999999983,-2.4499999999999886,0.3644314868804665,5,False,,-1.7857142857142776,-1.8857142857142777,-2.7857142857142776,fold_4,research_oof
NSE_FO|64859|24-02-2026,2026-02-24,PE,25650.0,2026-02-20 08:07:00+00:00,2026-02-20,817,4,3,163.45,168.3,160.9,162.45,452920,3217175,162.75,0.24683739586546238,19.544475223145586,1.9719824536578463,False,False,True,2026-02-20,2026-02-24,0.09171507184346783,163.7,1.8958539691523986,3217175.0,0.15512232402199455,0.07612848450544774,0.0,False,1.0,1.0,1.0,3.2146801595360395,82456.54609209941,8,0.5,0.375,0.875,0.01669727834363588,0.0,0.8005052071284443,0.25,-0.375,91.88610233648797,0.0,0.0,0.625,0.4373177842565523,0.2908334092565523,1.3499296911619187,-0.19048038839108994,mass_shift_after_quiet_surface,62.75,-3.0211154876038444,14.349999999999994,4.199999999999989,7.150000000000006,8.817204301075265,5,False,,4.393241167434719,4.2932411674347195,3.393241167434719,fold_4,research_oof
NSE_FO|43888|09-04-2025,2025-04-09,PE,23050.0,2025-04-03 06:19:00+00:00,2025-04-03,709,6,2,67.7,67.7,66.84,67.4,14325,490425,66.95,-0.1481481481481417,4.673590504451026,1.625531914893617,False,False,True,2025-04-03,2025-04-09,-1.1517713952471254,67.8,0.29523809523809524,483075.0,1.0036232470989837,1.3302938196555216,0.015215028722248098,False,0.0,1.0,1.0,0.0,0.0,5,0.6,1.0,0.4,0.20975353959098442,1.0361998205827172,0.3065094701570485,0.6,0.0,,0.0,0.0,0.2,0.3842459173871271,0.0,0.0,-0.5323940655352688,midday_gamma_ignition,33.05,5.2505799225008385,0.75,3.6000000000000014,-2.700000000000003,1.1202389843166543,5,False,,-4.0328603435399595,-4.132860343539959,-5.0328603435399595,fold_1,research_oof
NSE_FO|43899|09-04-2025,2025-04-09,PE,23250.0,2025-04-03 06:53:00+00:00,2025-04-03,743,6,3,135.0,136.5,134.75,136.19,36825,1389300,136.3,0.806809770540351,3.120640281959028,1.9918864097363083,False,False,True,2025-04-03,2025-04-09,-0.5535055350553542,134.75,1.2466367713004485,1389300.0,1.3603153055957051,0.7452496384358598,0.0,True,1.0,1.0,1.0,8.482765168101968,197224.29015837077,5,1.0,1.0,0.8,0.7336757153338258,0.7336757153338258,0.08071691963500777,0.8,0.39999998,-58.52109217232646,0.0,0.0,0.4,-1.2532789274264045,-1.5158226847192702,3.081081081081081,2.0600886979667554,midday_gamma_ignition,36.30000000000001,7.3527827980060865,3.6999999999999886,0.6500000000000057,2.4499999999999886,2.7146001467351346,5,False,,1.7975055025678564,1.6975055025678563,0.7975055025678564,fold_1,research_oof
NSE_FO|43888|09-04-2025,2025-04-09,PE,23050.0,2025-04-04 06:57:00+00:00,2025-04-04,747,5,3,166.1,173.95,165.75,173.45,95775,1256325,173.55,0.34712178189180154,7.293168059959647,1.5139300533491404,False,False,True,2025-04-04,2025-04-09,-6.764374295377673,165.4,1.1807943094250148,1223325.0,7.111496077269474,0.3331357439241256,0.02697566059714303,True,1.0,1.0,1.0,3.9814061014701845,91771.41063888776,5,0.8,1.0,0.8,0.34712178189180154,5.9075664199116025,0.2526786772172152,0.8,1.0,,0.0,0.0,0.2,-1.620370370370372,-8.983790797923819,1.609442060085837,1.9674921522621736,midday_gamma_ignition,73.55000000000001,11.667018514808374,10.599999999999994,0.6500000000000057,6.049999999999983,6.107749927974644,5,False,,3.4860270815326895,3.3860270815326894,2.4860270815326895,fold_1,research_oof
NSE_FO|48187|17-04-2025,2025-04-17,PE,22650.0,2025-04-11 06:32:00+00:00,2025-04-11,722,6,3,115.75,121.35,115.75,118.65,104925,984375,117.9,0.5508474576271238,6.86894226717236,2.89648033126294,False,False,True,2025-04-11,2025-04-17,-2.1132713440405793,115.8,0.7308488612836439,984375.0,2.664118801667703,2.1656314699792962,0.0,False,1.0,1.0,1.0,6.368353306951556,144243.20240245273,8,0.5,0.875,1.0,0.23116568137032667,1.9038045936573267,0.8488692559025626,0.5,0.5,,0.0,0.0,1.0,-0.7627458851866664,-1.2820534750668133,3.345029239766082,1.3135933428137903,midday_gamma_ignition,17.900000000000006,7.160851111976767,4.799999999999997,1.7000000000000028,4.349999999999994,4.07124681933842,5,False,,3.68956743002544,3.58956743002544,2.68956743002544,fold_1,research_oof
NSE_FO|52002|30-04-2025,2025-04-30,CE,24400.0,2025-04-24 05:30:00+00:00,2025-04-24,660,6,3,154.0,155.25,152.94,153.9,42825,1723575,154.3,0.3586566677535208,2.988953866146845,2.50989010989011,False,False,True,2025-04-24,2025-04-30,0.13003901170349774,154.0,1.1044083526682134,1723575.0,0.22861765605002304,1.4054817572218965,0.0,False,1.0,1.0,1.0,3.8250377375752502,93330.9207968361,5,1.0,0.8,1.0,0.6443618339529111,0.22861765605002304,0.3087612005557913,0.0,0.0,9.6015462874675,0.0,0.0,1.0,-2.4662731871838095,-0.13576471260753342,3.2780082987551866,2.8249298549373303,midday_gamma_ignition,54.30000000000001,2.293788102369112,0.0,4.110000000000014,-1.8600000000000136,0.0,5,False,,-1.2054439403758999,-1.3054439403759,-2.2054439403758996,fold_1,research_oof
NSE_FO|52002|30-04-2025,2025-04-30,CE,24400.0,2025-04-24 06:25:00+00:00,2025-04-24,715,6,3,143.4,144.69,143.4,144.15,35475,1767000,144.4,0.10416666666666075,2.04647936177592,1.5925925925925926,False,False,True,2025-04-24,2025-04-30,-1.0323468685478288,143.8,0.9595959595959596,1781025.0,1.1365135352144895,0.632996632996633,-0.007874678906809282,False,1.0,1.0,1.0,1.0913137177599737,26628.054713343357,5,0.8,1.0,0.2,0.10416666666666075,1.1365135352144895,0.16747886964257838,0.8,1.0,,0.0,0.0,0.2,0.8921161825726109,-0.11122829903273956,1.2133333333333334,-0.7879495159059502,midday_gamma_ignition,44.400000000000006,7.091545917675386,0.0,2.460000000000008,-1.5500000000000114,0.0,5,False,,-1.0734072022160743,-1.1734072022160744,-2.0734072022160746,fold_1,research_oof
NSE_FO|51988|30-04-2025,2025-04-30,CE,24200.0,2025-04-29 07:00:00+00:00,2025-04-29,750,1,3,140.69,147.0,140.15,145.94,163425,3873750,146.1,0.6135815236125275,7.194737563382211,1.757258064516129,False,False,True,2025-04-29,2025-04-30,-3.1947784266575074,140.9,1.0419354838709678,3854550.0,3.808359950270035,0.7153225806451613,0.004981126201502121,False,1.0,1.0,1.0,7.365503519513426,178245.1851722249,5,0.6,1.0,1.0,0.13550135501356753,4.889683120391741,0.6378392425514904,0.6,0.39999998,,0.0,0.0,0.4,-2.003034901365719,-8.285438073064421,1.3070066568881868,2.6166164249782464,midday_gamma_ignition,46.099999999999994,7.561220557345579,2.3400000000000034,4.699999999999989,1.1500000000000057,1.6016427104722817,5,False,,0.7871321013004831,0.6871321013004831,-0.21286789869951694,fold_1,research_oof
NSE_FO|38600|08-05-2025,2025-05-08,CE,24250.0,2025-05-06 07:25:00+00:00,2025-05-06,775,2,3,170.0,172.05,169.6,172.05,28275,927525,171.9,0.6434630008774533,5.405405405405412,1.4871794871794872,False,False,False,2025-05-06,2025-05-08,-1.568855316676343,169.4,1.0256410256410255,927525.0,2.2123183175537964,0.4615384615384617,0.0,True,1.0,1.0,1.0,6.5953469049546625,159937.16244515058,6,0.8333333,0.8333333,0.8333333,0.8078450323457109,2.4102811071966324,0.4530098343445148,0.8333333,0.0,,0.0,0.0,0.0,0.62597809076681,-1.2608143620633783,0.9317382125263899,0.017484910110643348,midday_gamma_ignition,71.9,7.247874258375047,1.4499999999999886,6.550000000000011,-5.150000000000006,0.8435136707387949,5,False,,-2.995927865037816,-3.095927865037816,-3.995927865037816,fold_1,research_oof
NSE_FO|38600|08-05-2025,2025-05-08,CE,24250.0,2025-05-08 06:19:00+00:00,2025-05-08,709,0,3,148.15,149.69,147.8,147.8,84750,1407450,148.05,-0.06761325219742931,3.917456021650874,2.077205882352941,False,False,True,2025-05-08,2025-05-08,-0.23688663282571687,147.4,1.0716911764705883,1407450.0,0.16927338062828756,1.0055147058823528,0.0,True,0.0,1.0,1.0,0.0,0.0,5,0.6,1.0,1.0,0.15251652262329163,0.7845475152321701,3.534228998059958,0.6,0.0,,0.0,0.0,0.8,-9.285714285714274,-3.9285714285714253,2.782345828295042,9.218101033516845,midday_gamma_ignition,48.05000000000001,7.095428288120223,2.3499999999999943,0.950000000000017,0.13999999999998636,1.5873015873015834,5,False,,0.0945626477541279,-0.005437352245872107,-0.9054373522458721,fold_1,research_oof
NSE_FO|49256|22-05-2025,2025-05-22,PE,25050.0,2025-05-19 05:38:00+00:00,2025-05-19,668,3,3,168.75,173.5,168.75,171.0,212475,3126225,171.3,0.32267527134057783,4.941520467836251,1.3806042884990253,False,False,False,2025-05-19,2025-05-22,-0.1779359430604921,168.3,0.7384697414022927,3126225.0,0.5006112144010699,0.6421345470967326,0.0,True,1.0,1.0,1.0,3.9581234238108975,99150.99176646299,8,0.5,0.625,0.875,0.1522842639593902,0.517917373148391,2.3756969275792503,0.375,-0.125,-2897.3891050307466,0.0,0.0,0.25,2.7152113545201972,0.8458240981209064,0.8009626955475331,-2.3925360831796194,midday_gamma_ignition,71.30000000000001,-27.004042965871925,2.5999999999999943,2.8500000000000227,1.6999999999999886,1.5178050204319873,5,False,,0.9924109748978333,0.8924109748978333,-0.0075890251021667465,fold_1,research_oof
NSE_FO|49237|22-05-2025,2025-05-22,PE,24950.0,2025-05-19 06:01:00+00:00,2025-05-19,691,3,3,129.19,133.19,127.85,131.65,161325,2686425,131.85,0.6113870844478564,5.157614887960495,1.8205670757511638,False,False,True,2025-05-19,2025-05-22,0.046443223159697844,129.25,1.255632582322357,2686425.0,0.5649438612881585,0.5649344934288067,0.0,False,1.0,1.0,1.0,7.331254071961737,182914.78909544536,8,0.5,0.75,0.875,0.07018528916339362,0.49300672609188245,3.232298996499554,0.375,0.5,-105.48220326692899,0.0,0.0,0.625,-0.5073689296931527,-0.7219612043712798,1.3543307086614174,1.1187560141410091,midday_gamma_ignition,31.849999999999994,1.943630029315135,2.75,2.049999999999983,-0.44999999999998863,2.085703450891164,5,False,,-0.3412969283276364,-0.44129692832763645,-1.3412969283276364,fold_1,research_oof
NSE_FO|40476|05-06-2025,2025-06-05,PE,24700.0,2025-06-04 06:17:00+00:00,2025-06-04,707,1,3,149.55,154.55,149.0,152.8,190050,5394225,152.8,0.22958346999017998,5.660994764397909,1.4728276663760536,False,False,False,2025-06-04,2025-06-05,-0.06664445184939582,149.95,0.45165394402035625,5396775.0,0.2962279218395758,1.0211737223556974,-0.0004725044123573801,False,1.0,1.0,1.0,2.790598037167744,68927.77151804329,8,0.625,0.5,1.0,0.09151590867227943,0.144906742712414,5.933317602912543,0.5,0.375,19.744092691664264,0.0,0.0,0.625,-1.171875,-1.8423730842911823,1.5516394318060451,1.40145846999018,midday_gamma_ignition,52.80000000000001,3.86481404712497,6.099999999999994,0.700000000000017,4.5,3.9921465968586345,5,False,,2.9450261780104707,2.8450261780104706,1.9450261780104707,fold_2,research_oof
NSE_FO|44859|12-06-2025,2025-06-12,PE,24850.0,2025-06-06 06:22:00+00:00,2025-06-06,712,6,3,115.4,119.9,114.45,119.35,92100,2394600,119.4,0.1258389261744819,5.236698785085882,1.5076734192756291,False,False,True,2025-06-06,2025-06-12,-1.9035532994923887,115.95,1.1512868801004394,2394600.0,2.0293922256668706,0.3563865391751897,0.0,False,1.0,1.0,1.0,1.4384195989865454,35744.72703481565,8,0.5,0.75,0.875,0.06291946308724095,1.9191711001597223,3.910282529793121,0.375,0.625,-276.21819350854275,0.0,0.125,0.25,0.7199062447681426,-2.1400871040845315,2.0284697508896796,-0.5940673185936607,midday_gamma_ignition,19.400000000000006,0.9319755001721757,1.0999999999999943,7.650000000000006,-4.5,0.9212730318257909,5,False,,-3.7688442211055273,-3.8688442211055274,-4.768844221105527,fold_2,research_oof
NSE_FO|44853|12-06-2025,2025-06-12,PE,24700.0,2025-06-06 06:49:00+00:00,2025-06-06,739,6,2,77.2,79.2,77.2,77.9,245325,8144400,77.8,0.38659793814435073,6.996148908857512,1.4441501103752759,False,False,False,2025-06-06,2025-06-12,0.390625,77.1,0.8385650224215246,8144400.0,-0.004027061855649272,0.6055850879537512,0.0,True,1.0,0.0,1.0,4.797813099468739,118505.98355687785,8,0.5,0.75,0.75,0.1556483666625308,0.23273824675924537,4.570124399234978,0.0,0.125,-0.9591198416383122,0.0,0.0,0.375,-4.799409303470337,-1.031328593612546,1.0504527813712807,5.186007241614687,midday_gamma_ignition,22.200000000000003,0.01049530318446168,2.4000000000000057,2.1499999999999915,-0.7000000000000028,3.084832904884326,5,False,,-0.8997429305912633,-0.9997429305912633,-1.8997429305912634,fold_2,research_oof
NSE_FO|44845|12-06-2025,2025-06-12,PE,24650.0,2025-06-09 06:25:00+00:00,2025-06-09,715,3,1,25.3,25.95,25.1,25.75,35625,2392350,25.75,0.5859375,6.213592233009714,1.3848396501457727,False,False,False,2025-06-09,2025-06-12,0.3968253968253954,25.3,0.9067055393586005,2392350.0,0.18911210317460458,0.47813411078717216,0.0,False,1.0,1.0,1.0,6.1411119066518145,151378.40849896724,8,0.875,0.5,0.75,0.9345387815797412,0.0834766624873251,5.2185470792306825,0.125,-0.25,243.84584868207457,0.125,0.25,0.375,-0.7794396460922615,-0.18201799217757442,0.8571428571428571,1.3653771460922615,midday_gamma_ignition,74.25,2.7201780031282814,0.0,0.8000000000000007,-0.14999999999999858,0.0,5,False,,-0.5825242718446546,-0.6825242718446546,-1.5825242718446546,fold_2,research_oof
NSE_FO|50992|19-06-2025,2025-06-19,PE,24550.0,2025-06-16 06:22:00+00:00,2025-06-16,712,3,1,41.45,41.95,41.2,41.95,65925,1098450,42.0,0.11933174224345588,7.628128724672235,1.5710455764075066,False,False,True,2025-06-16,2025-06-19,-3.040935672514611,41.45,0.9838709677419355,1098450.0,3.1602674147580667,0.5871746086655711,0.0,False,1.0,1.0,1.0,1.3241394009380183,32507.622293028347,8,0.75,0.875,0.5,0.30833734553041836,3.052093760056823,0.5586955712128872,0.75,0.25,,0.0,0.0,0.5,-0.28985507246376274,-0.011594202898546069,2.0,0.4091868147072186,midday_gamma_ignition,58.0,7.068622809502521,3.200000000000003,0.04999999999999716,2.549999999999997,7.619047619047626,5,False,,6.071428571428564,5.971428571428564,5.071428571428564,fold_2,research_oof
NSE_FO|62384|26-06-2025,2025-06-26,PE,24700.0,2025-06-20 06:41:00+00:00,2025-06-20,731,6,2,54.45,54.7,54.25,54.4,118500,5987250,54.55,0.5545286506469349,4.963235294117652,1.8244803695150116,False,False,True,2025-06-20,2025-06-26,-1.2692656391659063,54.45,0.7678983833718245,5987250.0,1.8237942898128412,1.056581986143187,0.0,False,1.0,1.0,1.0,6.478378934384453,160015.95967929598,8,0.75,0.625,0.25,0.5349962840863531,1.856210870396624,2.400449061681599,0.625,0.5,-3312.8912839885925,0.0,0.125,0.25,1.2621245763702271,-1.2776333158680764,0.875,-0.7075959257232922,midday_gamma_ignition,45.45,-27.13947321008019,0.0,1.9499999999999957,-0.09999999999999432,0.0,5,False,,-0.1833180568285872,-0.28331805682858724,-1.1833180568285873,fold_2,research_oof
NSE_FO|62384|26-06-2025,2025-06-26,PE,24700.0,2025-06-20 07:30:00+00:00,2025-06-20,780,6,2,53.95,54.5,53.65,54.05,125100,5990175,54.15,0.6517690875232685,5.550416281221092,1.351154313487242,False,False,False,2025-06-20,2025-06-26,-0.27752081406104967,53.9,0.9015795868772782,5990175.0,0.9292899015843181,0.44957472660996367,0.0,False,1.0,1.0,1.0,7.64973341063278,188948.41524262965,8,0.625,0.625,0.625,0.4626253196806651,0.9470927385151318,2.5197323854570524,0.5,-0.25,-10805.136706970912,0.0,0.0,0.375,-1.1423860558238186,-0.24615964072947083,1.255813953488372,1.794155143347087,midday_gamma_ignition,45.85,-104.10342587901432,0.14999999999999858,1.3999999999999986,-0.6499999999999986,0.2770083102493049,5,False,,-1.2003693444136632,-1.3003693444136633,-2.200369344413663,fold_2,research_oof
NSE_FO|56888|03-07-2025,2025-07-03,CE,25550.0,2025-06-30 06:19:00+00:00,2025-06-30,709,3,3,157.0,158.9,155.9,157.5,251250,4445550,157.45,0.5426109160548975,4.1269841269841265,1.552723059096176,False,False,True,2025-06-30,2025-07-03,0.2237851662403978,156.75,0.9559503528839134,4445550.0,0.31882574981449974,0.5967727062122626,0.0,False,1.0,1.0,1.0,6.746936840523406,172384.23627537303,6,0.8333333,0.6666667,0.8333333,0.5804244688466076,0.21171628654285124,0.3006742425723032,0.0,0.6666667,7.642129730698798,0.0,0.0,0.6666666666666666,0.793280447970135,1.164682490681379,0.8093385214007782,-0.25066953191523744,midday_gamma_ignition,57.44999999999999,0.11207627890551919,2.5500000000000114,4.599999999999994,-1.3999999999999773,1.619561765639893,5,False,,-0.8891711654493347,-0.9891711654493347,-1.8891711654493348,fold_2,research_oof
NSE_FO|56924|03-07-2025,2025-07-03,PE,25550.0,2025-07-02 06:30:00+00:00,2025-07-02,720,1,3,103.0,105.0,101.0,104.0,374700,5524125,104.0,0.531657805703234,7.836538461538467,1.3267826317886071,False,False,False,2025-07-02,2025-07-03,0.4381694255112034,103.15,0.7698348226374222,5446050.0,0.09348838019203054,0.5569478091511849,0.014336078442173685,False,1.0,1.0,1.0,6.823234421912907,174333.63947987478,8,0.75,0.625,0.875,0.6883258087485133,0.3019783594369496,4.888454515091819,0.125,-0.375,-685.5816836209342,0.0,0.125,0.25,-1.9685039370078705,-1.8696897077588481,1.1003876928153098,2.5001617427111045,midday_gamma_ignition,4.0,-6.918956681665547,5.950000000000003,1.7000000000000028,-1.0,5.7211538461538485,5,False,,-0.9615384615384616,-1.0615384615384615,-1.9615384615384617,fold_2,research_oof
NSE_FO|40050|10-07-2025,2025-07-10,PE,25500.0,2025-07-04 05:34:00+00:00,2025-07-04,664,6,3,175.8,176.5,173.0,175.5,214125,6286425,175.5,0.4004576659038861,5.242165242165251,1.6314285714285715,False,False,True,2025-07-04,2025-07-10,-1.4033118158854885,175.65,0.5434848028889557,6286425.0,1.8037694817893746,1.0879437685396156,0.0,False,1.0,1.0,1.0,4.915345500028192,125341.31025071889,8,0.75,0.75,0.5,0.44532687216762845,1.8651700460674048,2.79346441336338,0.625,0.375,-1390.4282674409878,0.0,0.0,0.125,1.279788172992058,-1.7684374866985708,1.5561230412071967,-0.8793305070881718,midday_gamma_ignition,75.5,-8.148431542031387,7.199999999999989,0.5999999999999943,7.050000000000011,4.102564102564096,5,False,,4.017094017094023,3.917094017094023,3.0170940170940233,fold_2,research_oof
NSE_FO|40051|10-07-2025,2025-07-10,CE,25550.0,2025-07-04 07:21:00+00:00,2025-07-04,771,6,2,66.35,67.2,65.4,66.2,91950,4379775,66.3,0.5315110098709219,7.477341389728101,1.4491725768321513,False,False,False,2025-07-04,2025-07-10,-5.028735632183912,66.1,0.9822695035460993,4385100.0,5.5602466420548335,0.46690307328605196,-0.001214339467743039,False,1.0,1.0,1.0,6.074645234483249,155207.18574104703,6,1.0,0.8333333,0.33333334,1.4022294701554694,4.8366424485036035,0.45006571567908615,0.8333333,0.8333333,,0.0,0.0,0.0,-0.8101165777514407,-3.014198210404506,0.625,1.3416275876223627,midday_gamma_ignition,33.7,10.186255642564388,1.6000000000000085,1.5499999999999972,1.4500000000000028,2.4132730015083084,5,False,,2.187028657616897,2.087028657616897,1.1870286576168971,fold_2,research_oof
NSE_FO|40048|10-07-2025,2025-07-10,PE,25450.0,2025-07-09 06:52:00+00:00,2025-07-09,742,1,1,28.65,29.9,28.45,29.65,415650,10379625,29.5,0.679117147707986,6.576728499156828,1.637706855791962,False,False,True,2025-07-09,2025-07-10,-2.876480541455162,28.7,0.8601232811759127,10379625.0,3.555597689163148,0.7775835746160493,0.0,False,1.0,1.0,1.0,8.786146855569973,223607.4374742558,8,0.875,0.75,0.875,1.0071062350979543,3.4084257995659337,6.433621027395139,0.625,0.75,-265.5375862134133,0.0,0.375,1.0,-1.4754703061600871,-0.7344551153486756,1.0787258623535236,2.154587453868073,midday_gamma_ignition,70.5,4.9140548246491615,0.05000000000000071,1.4499999999999993,-0.6999999999999993,0.16949152542373122,5,False,,-2.372881355932201,-2.472881355932201,-3.372881355932201,fold_2,research_oof
NSE_FO|47286|17-07-2025,2025-07-17,PE,25150.0,2025-07-14 07:23:00+00:00,2025-07-14,773,3,3,151.05,154.4,150.6,151.8,125850,2330550,152.05,0.49652432969216065,7.60869565217392,1.5501154734411084,False,False,True,2025-07-14,2025-07-17,-0.5268356931181994,151.05,0.8341801385681293,2330550.0,1.02336002281036,0.7159353348729791,0.0,False,1.0,1.0,1.0,5.830612684458515,146639.90901413164,8,0.625,0.5,0.625,0.10324034027618945,0.2655438688483003,2.1959778528692464,0.25,0.5,139.24335282061293,0.0,0.0,0.625,-0.2044989775050965,0.07003774178109268,1.7414084507042253,0.7010233071972571,midday_gamma_ignition,52.05000000000001,2.9900151374302206,10.899999999999977,0.5,7.149999999999977,7.168694508385384,5,False,,4.702400526142701,4.602400526142701,3.702400526142701,fold_2,research_oof
NSE_FO|47296|17-07-2025,2025-07-17,PE,25350.0,2025-07-17 06:04:00+00:00,2025-07-17,694,0,3,157.0,163.35,157.0,161.7,118050,689925,161.45,0.6535947712418277,7.142857142857151,1.8334304018637158,False,False,True,2025-07-17,2025-07-17,-1.1972274732198973,156.8,0.5626092020966803,682725.0,1.850822244461725,1.2708211997670356,0.010545973854773152,True,1.0,1.0,1.0,7.6332496820030125,193502.87943877638,8,0.75,0.75,0.625,1.1262721932503883,3.585114774606102,11.244527219264535,0.75,0.625,,0.0,0.125,0.375,-11.764705882352933,-5.0339366515836925,1.4021296296296297,12.41830065359476,midday_gamma_ignition,61.44999999999999,9.578919599466717,2.3500000000000227,24.349999999999994,-19.599999999999994,1.4555589965933868,5,False,,-12.139981418395786,-12.239981418395786,-13.139981418395786,fold_2,research_oof
NSE_FO|49487|24-07-2025,2025-07-24,CE,25000.0,2025-07-23 06:25:00+00:00,2025-07-23,715,1,3,155.75,158.5,154.9,156.6,217725,5135475,156.5,0.5780346820809301,5.555555555555548,1.5068777575914871,False,False,True,2025-07-23,2025-07-24,-0.2564102564102555,155.6,0.639501686997145,5146725.0,0.8344449384911856,0.8673760705943421,-0.0021858560540926513,False,1.0,1.0,1.0,7.104620040751634,177615.50101879085,7,0.71428573,0.71428573,0.5714286,0.5780346820809301,1.1631258371707198,0.46102566668526357,0.71428573,0.0,,0.0,0.0,0.14285714285714285,-1.2232415902140858,-2.7712292063131527,1.5943323972427879,1.801276272295016,midday_gamma_ignition,56.5,5.743525444243065,11.75,0.3499999999999943,10.25,7.507987220447284,5,False,,6.549520766773163,6.449520766773164,5.549520766773163,fold_2,research_oof
NSE_FO|55795|31-07-2025,2025-07-31,CE,24900.0,2025-07-25 05:30:00+00:00,2025-07-25,660,6,3,121.3,125.65,121.3,122.15,791775,7595175,122.15,0.6177924217462882,6.713057715923047,2.2784072515377143,False,False,True,2025-07-25,2025-07-31,0.45586406962287995,121.2,0.776672384219554,7428225.0,0.16192835212340828,1.5017348673181603,0.022475086578556788,True,1.0,1.0,1.0,8.39087755509277,208932.85112180997,6,0.8333333,0.8333333,0.8333333,0.684836060497207,0.2805547335249181,0.36520358050692425,0.0,0.0,15.242650952041004,0.0,0.0,0.6666666666666666,-2.1816881258941434,-1.042898090306954,1.528582034149963,2.7994805476404316,midday_gamma_ignition,22.150000000000006,0.938025854540832,4.549999999999997,9.150000000000006,4.1499999999999915,3.724928366762175,5,False,,3.3974621367171434,3.2974621367171433,2.3974621367171434,fold_2,research_oof
NSE_FO|47222|21-08-2025,2025-08-21,PE,24950.0,2025-08-19 05:45:00+00:00,2025-08-19,675,2,2,79.5,81.75,79.15,80.2,354225,5941350,80.4,-0.24875621890547706,5.985037406483787,1.390344421548425,False,False,False,2025-08-19,2025-08-21,-0.6249999999999978,79.5,0.8151273165586862,5830875.0,0.3762437810945207,0.5752171049897389,0.01894655604862049,False,0.0,1.0,1.0,0.0,0.0,8,0.625,0.75,0.625,0.1124796933698824,0.6018820417093229,2.9773009700784825,0.5,0.125,-208.84565341230336,0.25,0.25,0.25,-0.3498542274052441,-0.005224704142758885,1.1214878777814679,0.10109800849976702,midday_gamma_ignition,19.599999999999994,0.8515149909606371,2.1499999999999915,3.0500000000000114,-1.6500000000000057,2.67412935323382,5,False,,-2.0522388059701564,-2.1522388059701565,-3.0522388059701564,fold_3,research_oof
NSE_FO|47216|21-08-2025,2025-08-21,CE,24900.0,2025-08-20 06:55:00+00:00,2025-08-20,745,1,3,165.55,172.75,164.3,166.5,470475,4464225,166.45,0.6346328195829587,6.27627627627627,1.644083344253702,False,False,True,2025-08-20,2025-08-21,0.12091898428052694,165.6,0.6087783235620345,4464225.0,0.5137138353024318,1.0353050206916674,0.0,False,1.0,1.0,1.0,8.289256717134739,206402.492256655,5,1.0,1.0,1.0,0.753669178897276,0.8169934640522847,0.10997822190989569,0.8,1.0,63.684778170307254,0.0,0.0,1.0,-2.857142857142847,0.006293266205159576,3.2875486703669954,3.4917756767258057,midday_gamma_ignition,66.44999999999999,7.025329181768431,1.5,8.25,-2.799999999999983,0.9011715229798739,5,False,,-1.6821868428957543,-1.7821868428957544,-2.6821868428957543,fold_3,research_oof
NSE_FO|47231|21-08-2025,2025-08-21,CE,25000.0,2025-08-20 07:29:00+00:00,2025-08-20,779,1,2,96.05,98.4,95.6,96.65,2149800,16010475,96.7,0.4155844155844246,6.932229694774963,2.15098304067237,False,False,True,2025-08-20,2025-08-21,-0.8264462809917328,96.0,0.7991145129821402,16010475.0,1.2420306965761574,1.3518685276902298,0.0,False,1.0,1.0,1.0,6.059588919555681,151489.72298889203,5,1.0,1.0,1.0,0.39107430411777777,0.8900252154813382,0.20974658703106322,1.0,0.0,,0.0,0.0,0.4,-0.9864364981504337,-0.615149369437562,0.7606875601985627,1.4020209137348583,midday_gamma_ignition,3.299999999999997,8.255648447942493,2.25,4.5,-0.4000000000000057,2.326783867631851,5,False,,-0.41365046535677935,-0.5136504653567794,-1.4136504653567794,fold_3,research_oof
NSE_FO|48938|02-09-2025,2025-09-02,PE,24650.0,2025-08-28 07:24:00+00:00,2025-08-28,774,5,3,131.1,134.45,130.2,133.9,44625,1487475,134.3,0.563274502440847,5.563853622106062,1.8251533742331287,False,False,True,2025-08-28,2025-09-02,-2.6061057334326176,130.8,1.1042944785276074,1487475.0,3.1693802358734646,0.7208588957055213,0.0,False,1.0,1.0,1.0,6.030457338224338,148650.7733872299,5,1.0,1.0,1.0,0.3987730061349781,3.077054972131843,0.28618664018306633,1.0,1.0,,0.0,0.0,0.6,0.6680369989722656,-2.1126015180205293,1.4035087719298245,-0.10476249653141867,midday_gamma_ignition,34.30000000000001,9.649061702899193,12.349999999999994,2.25,7.599999999999994,9.195830230826504,5,False,,5.658972449739385,5.558972449739385,4.658972449739385,fold_3,research_oof
NSE_FO|48940|02-09-2025,2025-09-02,PE,24700.0,2025-09-01 05:45:00+00:00,2025-09-01,675,1,3,149.6,154.5,149.05,151.75,188025,2343825,151.5,0.26428807400067367,5.963756177924226,1.5792125984251968,False,False,True,2025-09-01,2025-09-02,-0.29980013324449883,149.65,0.6992125984251969,2349975.0,0.5640882072451725,0.8799999999999999,-0.0026170491175438034,False,1.0,1.0,1.0,3.2096030472739354,79277.1952676662,5,0.8,1.0,1.0,0.12690355329949554,0.5127556433316416,0.10671739406881195,0.8,0.0,,0.0,0.0,0.6,-0.990099009900991,-2.957312124655087,1.1873878846419208,1.2543870839016646,midday_gamma_ignition,51.5,5.839060552601136,1.0,4.800000000000011,-4.550000000000011,0.6600660066006601,5,False,,-3.0033003300330106,-3.1033003300330106,-4.00330033003301,fold_3,research_oof
NSE_FO|41904|09-12-2025,2025-12-09,PE,26000.0,2025-12-04 05:48:00+00:00,2025-12-04,678,5,2,66.45,70.35,66.25,68.75,702750,16471650,68.8,0.585223116313105,7.054545454545447,1.646170063246662,False,False,True,2025-12-04,2025-12-09,-2.6412325752017796,66.35,0.6734012649332396,16653000.0,3.2264556915148845,0.9727687983134224,-0.01088992974238876,False,1.0,1.0,1.0,7.878717139282607,204846.64562134776,8,0.625,0.625,0.75,0.48146897080999507,3.30389425507886,2.1880587849801545,0.5,0.5,-2262.536758427679,0.0,0.0,0.625,-1.125592417061616,-2.568041636961549,1.8447789275634996,1.710815533374721,midday_gamma_ignition,31.200000000000003,-16.391448763560568,2.299999999999997,2.0,1.7999999999999972,3.3430232558139497,5,False,,2.6162790697674376,2.5162790697674375,1.6162790697674376,fold_3,research_oof
NSE_FO|41905|09-12-2025,2025-12-09,CE,26050.0,2025-12-05 06:11:00+00:00,2025-12-05,701,4,3,158.05,161.1,157.4,158.85,246750,3856200,158.85,0.6016466117795938,4.784387787220645,1.3581011351909185,False,False,False,2025-12-05,2025-12-09,-0.40931989924433143,158.15,0.7116615067079464,3856200.0,1.0109665110239252,0.6464396284829721,0.0,False,1.0,1.0,1.0,7.470125560147899,194596.77084185276,5,1.0,1.0,0.6,0.5615109749872449,1.125354687046931,0.05991719758982905,1.0,0.39999998,,0.0,0.0,0.0,-1.9122609673790758,-1.571351876469984,0.9100854044717398,2.5139075791586696,midday_gamma_ignition,58.849999999999994,8.128787969244055,5.050000000000011,6.75,0.8000000000000114,3.179099779666359,5,False,,0.5036197670758649,0.4036197670758649,-0.49638023292413513,fold_3,research_oof
NSE_FO|57005|23-12-2025,2025-12-23,CE,26000.0,2025-12-17 07:20:00+00:00,2025-12-17,770,6,2,54.65,56.25,54.6,55.4,545025,16680525,55.4,0.2714932126696823,7.129963898916973,2.47978160723426,False,False,True,2025-12-17,2025-12-23,-0.6363636363636349,54.65,0.7363931069783314,16598925.0,0.9078568490333172,1.7433885002559288,0.004915981004793985,False,1.0,1.0,1.0,3.5860422024242817,93237.09726303132,6,0.5,0.8333333,0.8333333,0.06672597864768592,0.45863214701363786,0.13023658642066877,0.5,0.0,,0.0,0.0,0.8333333333333334,-0.5785697755149255,-0.14388663664509638,1.4559920437593237,0.8500629881846078,midday_gamma_ignition,44.6,4.674038003619283,1.25,5.299999999999997,-4.5,2.256317689530686,5,False,,-8.12274368231047,-8.222743682310469,-9.12274368231047,fold_3,research_oof
NSE_FO|65647|30-12-2025,2025-12-30,PE,26250.0,2025-12-24 07:26:00+00:00,2025-12-24,776,6,3,103.3,105.1,102.4,102.4,285600,4604400,102.3,0.5893909626719207,6.396484374999997,1.4410596026490066,False,False,False,2025-12-24,2025-12-30,0.0,103.5,0.7382470119521912,4628475.0,0.5893909626719207,0.7028125906968153,-0.005201497253415002,False,1.0,1.0,1.0,7.404136155702741,194358.57408719693,8,0.625,0.625,0.625,0.6763748706489325,0.6087508029286037,0.6538302320381899,0.5,0.625,-98.32626746438109,0.0,0.0,0.125,-1.1580381471389734,-1.2273382164390334,1.1164043082021542,1.747429109810894,midday_gamma_ignition,2.299999999999997,2.5500347545392543,5.25,2.049999999999997,2.950000000000003,5.131964809384164,5,False,,2.8836754643206284,2.7836754643206283,1.8836754643206284,fold_4,research_oof
NSE_FO|65634|30-12-2025,2025-12-30,PE,26150.0,2025-12-29 06:08:00+00:00,2025-12-29,698,1,3,170.9,172.3,170.65,171.0,237300,1857075,171.25,0.4700352526439522,2.5146198830409423,2.890817724988579,False,False,True,2025-12-29,2025-12-30,-0.29239766081871066,170.5,0.6368204659661946,1857075.0,0.7624329134626628,2.2539972590223845,0.0,True,1.0,1.0,1.0,5.817666113508855,152131.96886825655,8,0.625,0.625,0.125,0.22813725875008295,0.5459589071761584,0.27664005397436586,0.625,0.625,,0.0,0.0,0.25,-0.4024144869215207,-1.316120070677862,0.7447040838611051,0.8724497395654729,midday_gamma_ignition,71.25,7.611335196050779,0.3499999999999943,3.75,-3.75,0.2043795620437923,5,False,,-2.18978102189781,-2.2897810218978103,-3.18978102189781,fold_4,research_oof
NSE_FO|40458|06-01-2026,2026-01-06,PE,25850.0,2025-12-31 06:28:00+00:00,2025-12-31,718,6,0,21.85,22.05,21.75,22.05,208650,4158960,21.95,0.2272727272727204,4.9886621315192805,2.671660424469413,False,False,True,2025-12-31,2026-01-06,0.22675736961450532,22.1,0.6641697877652933,4020965.0,0.0005153576582150876,2.00749063670412,0.03431887619016828,False,1.0,1.0,1.0,2.7837314269824813,71959.45738749714,8,0.75,0.75,0.25,0.9702394103351053,0.47589586299098263,1.241166746352045,0.0,0.125,-1189.2029248906547,0.125,0.0,0.25,-0.779266572637527,-0.42678155325085454,0.26229508196721313,1.0065392999102474,midday_gamma_ignition,78.05,-10.532451015873164,0.3000000000000007,0.5999999999999979,-0.4499999999999993,1.3667425968109372,5,False,,-2.050113895216398,-2.150113895216398,-3.050113895216398,fold_4,research_oof
NSE_FO|40462|06-01-2026,2026-01-06,PE,25950.0,2025-12-31 07:02:00+00:00,2025-12-31,752,6,1,36.45,36.79,36.0,36.7,187135,6482840,36.75,0.0,3.405994550408719,1.4355522313637497,False,False,False,2025-12-31,2026-01-06,-0.9472259810554884,36.6,1.0411368735976065,6482840.0,0.9472259810554884,0.3944153577661431,0.0,False,0.0,1.0,1.0,0.0,0.0,8,0.625,0.625,0.625,0.467108549614903,0.7638619593174856,1.720730389971309,0.25,0.25,-506.38940862315576,0.25,0.0,0.125,0.8900045641259791,-0.34739231946705473,1.1905370843989769,-0.8900045641259791,midday_gamma_ignition,63.25,-2.767679704844133,0.0,1.6000000000000014,-0.7100000000000009,0.0,5,False,,-1.9319727891156486,-2.0319727891156485,-2.9319727891156484,fold_4,research_oof
NSE_FO|49799|03-02-2026,2026-02-03,CE,25350.0,2026-01-29 05:43:00+00:00,2026-01-29,673,5,3,162.3,166.6,159.7,162.9,218140,3457740,163.35,0.27700831024932704,7.612031921424189,1.3992078382322284,False,False,False,2026-01-29,2026-02-03,-1.5468607825295577,162.3,1.0444027517198249,3469960.0,1.8238690927788848,0.3548050865124035,-0.0035216544282931214,False,1.0,1.0,1.0,3.4052346043448942,86322.69722014306,5,1.0,1.0,0.6,0.5667506297229341,2.1070573060622766,0.1612376362175191,1.0,1.0,,0.0,0.0,0.0,-0.2057189878625798,-1.2798772196328634,2.2869147659063627,0.48272729811190684,midday_gamma_ignition,63.349999999999994,7.24481489975891,14.650000000000006,3.1500000000000057,8.099999999999994,8.968472604836245,5,False,,4.95867768595041,4.85867768595041,3.95867768595041,fold_4,research_oof
NSE_FO|49799|03-02-2026,2026-02-03,CE,25350.0,2026-01-30 05:33:00+00:00,2026-01-30,663,4,3,180.9,184.45,179.1,179.2,300560,4103125,179.5,0.6741573033707704,6.501116071428559,1.4923350008068421,False,False,False,2026-01-30,2026-02-03,-0.027631942525552233,180.9,0.9991931579796676,4103125.0,0.7017892458963226,0.49314184282717455,0.0,False,1.0,1.0,1.0,8.503419780245878,215561.691429233,5,1.0,1.0,0.8,0.8399209486166015,0.8532416224134476,0.16032802576593308,0.6,1.0,31.76970087472,0.0,0.0,0.0,-1.180828895577668,-0.5223152549379662,1.035006605019815,1.8549861989484384,midday_gamma_ignition,79.5,4.523866348006734,1.4000000000000057,11.449999999999989,-8.75,0.7799442896935965,5,False,,-4.874651810584958,-4.974651810584958,-5.874651810584958,fold_4,research_oof
NSE_FO|49792|03-02-2026,2026-02-03,PE,25200.0,2026-01-30 07:26:00+00:00,2026-01-30,776,4,3,154.2,156.8,153.9,156.0,300040,6911645,156.0,0.12836970474967568,4.839743589743579,1.3863943535065326,False,False,False,2026-01-30,2026-02-03,0.09759271307743234,153.85,0.8415678029734195,6906965.0,0.030776991672243348,0.5448265505331131,0.0006775769096846444,True,1.0,1.0,1.0,1.6189569205348695,40797.71439747871,5,0.6,0.6,1.0,0.04421843908910539,0.030776991672243348,0.08645873635349677,0.0,-0.39999998,-67.04029302917843,0.0,0.0,0.2,-0.13774104683195176,-0.11824026680077315,0.9510853835021708,0.26611075158162745,midday_gamma_ignition,56.0,-1.1649542655628957,5.300000000000011,5.699999999999989,3.3000000000000114,3.397435897435905,5,False,,2.115384615384623,2.015384615384623,1.115384615384623,fold_4,research_oof
NSE_FO|42531|10-02-2026,2026-02-10,PE,25700.0,2026-02-05 07:24:00+00:00,2026-02-05,774,5,3,162.45,167.0,162.05,164.4,248950,6224075,164.35,0.24390243902439046,7.481751824817508,1.5623087905364064,False,False,True,2026-02-05,2026-02-10,-2.432432432432441,162.45,1.2800326330817866,6224075.0,2.6763348714568314,0.28227615745461976,0.0,False,1.0,1.0,1.0,3.030490577788568,77883.6078491662,8,0.625,0.625,1.0,0.2254173343595789,2.5480949566893285,2.361705794860506,0.625,-0.125,,0.0,0.0,0.5,-0.6071118820468402,-2.1895294644644125,1.0089473684210526,0.8510143210712307,midday_gamma_ignition,64.35,5.638336826397679,11.050000000000011,11.049999999999983,-7.25,6.723456038941291,5,False,,-4.4113173106175845,-4.511317310617584,-5.4113173106175845,fold_4,research_oof
NSE_FO|42530|10-02-2026,2026-02-10,CE,25700.0,2026-02-09 07:20:00+00:00,2026-02-09,770,1,3,169.5,172.8,169.0,171.6,233675,5666635,171.5,0.6451612903225712,5.448717948717945,1.3834904752741966,False,False,False,2026-02-09,2026-02-10,-0.20655060489819244,169.1,0.8816624975947662,5578885.0,0.8517118952207636,0.5018279776794303,0.0157289494226893,False,1.0,1.0,1.0,7.975284399670579,204964.80907153388,7,0.71428573,0.71428573,0.71428573,0.4944845949029997,0.6475067831202774,0.31093967499146985,0.71428573,0.0,,0.0,0.0,0.0,0.5780346820809301,0.3897107649434517,1.1096514047866806,0.06712660824164107,midday_gamma_ignition,71.5,5.035063618424505,3.0999999999999943,14.949999999999989,-10.800000000000011,1.8075801749271103,5,False,,-6.297376093294467,-6.397376093294467,-7.297376093294467,fold_4,research_oof
NSE_FO|42536|10-02-2026,2026-02-10,CE,25800.0,2026-02-10 06:16:00+00:00,2026-02-10,706,0,3,152.3,156.35,152.15,152.85,301730,5570175,152.4,0.03272251308898966,6.215243702976775,1.376222946931515,False,False,False,2026-02-10,2026-02-10,-0.13084723585213842,152.65,0.7136080640379484,5630625.0,0.16356974894112808,0.6626148828935666,-0.010735930735930736,False,1.0,1.0,1.0,0.41286947548886926,10652.032467612828,6,0.5,0.8333333,0.6666667,0.01636125654449483,0.25512530808051714,0.12750486147195814,0.5,0.0,,0.0,0.0,0.16666666666666666,-2.857142857142869,-3.809523809523818,1.0177218661090734,2.889865370231859,midday_gamma_ignition,52.400000000000006,3.392015855335578,0.09999999999999432,7.849999999999994,-4.75,0.06561679790025873,5,False,,-3.116797900262467,-3.216797900262467,-4.116797900262467,fold_4,research_oof
NSE_FO|48240|17-02-2026,2026-02-17,CE,26100.0,2026-02-12 07:12:00+00:00,2026-02-12,762,5,1,30.8,31.25,30.6,31.05,145275,8249735,31.1,-0.1607717041800627,2.7375201288244813,2.395498392282958,False,False,True,2026-02-12,2026-02-17,-0.4854368932038833,30.75,0.7320471596998929,8249735.0,0.3246651890238206,1.663451232583065,0.0,False,0.0,1.0,1.0,0.0,0.0,5,0.8,1.0,0.8,0.45495905368517775,0.9103324598782603,0.34785671101469884,0.8,0.39999998,,0.0,0.0,0.4,-0.2514506769825786,-0.4640110634560157,1.2064965197215778,0.09067897280251591,midday_gamma_ignition,68.9,7.434540412347227,0.5,0.3500000000000014,0.1999999999999993,1.607717041800643,5,False,,0.6430868167202549,0.5430868167202549,-0.3569131832797451,fold_4,research_oof
NSE_FO|64858|24-02-2026,2026-02-24,CE,25650.0,2026-02-18 06:52:00+00:00,2026-02-18,742,6,3,179.85,183.9,178.3,179.25,213070,3252210,179.7,0.13966480446927498,7.08507670850768,1.4156769596199525,False,False,False,2026-02-18,2026-02-24,-0.7707129094412402,180.25,0.9846685381127186,3252210.0,0.9103777139105151,0.43100842150723395,0.0,False,1.0,1.0,1.0,1.7136006595644961,43953.856917829326,7,0.71428573,0.71428573,0.71428573,0.15166835187057082,1.0931125383055296,0.12244276244064502,0.71428573,0.0,,0.0,0.0,0.14285714285714285,-0.4749340369393118,-1.86679699197142,0.9775318578135479,0.6145988414085868,midday_gamma_ignition,79.69999999999999,4.615345372225375,6.100000000000023,10.449999999999989,-4.699999999999989,3.3945464663327893,5,False,,-2.6154702281580353,-2.7154702281580354,-3.6154702281580353,fold_4,research_oof
NSE_FO|43897|09-04-2025,2025-04-09,PE,23200.0,2025-04-03 08:40:00+00:00,2025-04-03,850,6,3,118.8,120.2,118.8,120.0,56250,3801900,120.15,0.6289308176100628,3.291666666666657,2.365930599369085,False,False,True,2025-04-03,2025-04-09,-0.7518796992481258,118.8,0.7949526813880127,3816600.0,1.3808105168581886,1.5709779179810726,-0.003851595661059582,True,1.0,1.0,1.0,6.878980564582654,159592.34909831756,5,1.0,1.0,1.0,0.5899705014749124,1.6913708073349687,0.228945800186628,1.0,1.0,,0.0,0.0,0.2,-0.40858018386108474,-1.1234129640499968,0.8831908831908832,1.0375110014711475,late_day_gamma_ignition,20.150000000000006,9.84795561358162,1.6999999999999886,0.25,1.1999999999999886,1.4148980441115178,5,False,,0.9987515605493038,0.8987515605493038,-0.0012484394506961927,fold_1,research_oof
NSE_FO|48197|17-04-2025,2025-04-17,PE,22750.0,2025-04-11 07:57:00+00:00,2025-04-11,807,6,3,161.1,163.25,160.65,162.15,157050,1836975,162.65,0.5955704448166843,7.462226333641686,2.129130655821047,False,False,True,2025-04-11,2025-04-17,0.03763171098845053,159.5,0.8174885612608033,1836975.0,0.5579387338282338,1.311642094560244,0.0,True,1.0,1.0,1.0,7.125598881724538,162107.37455923323,8,1.0,0.875,1.0,1.9217712958984001,0.924613456048673,5.419160976633052,0.0,-0.125,-45.47577826650377,0.0,0.375,1.0,-1.7304929093521437,-1.7304929093521437,1.8961625282167043,2.326063354168828,late_day_gamma_ignition,62.650000000000006,0.12121447176151962,19.75,2.25,9.299999999999983,12.142637565324316,5,False,,5.717798954810933,5.617798954810933,4.717798954810933,fold_1,research_oof
NSE_FO|51988|30-04-2025,2025-04-30,CE,24200.0,2025-04-30 09:00:00+00:00,2025-04-30,870,0,3,150.05,151.19,149.69,150.0,81675,2688450,150.0,0.23387905111926788,3.5000000000000004,1.7808667211774325,False,False,True,2025-04-30,2025-04-30,0.13368983957220415,149.8,0.7882256745707277,2688450.0,0.10018921154706373,0.9926410466067048,0.0,False,1.0,1.0,1.0,2.6452926281422298,64016.08160104196,5,0.4,0.4,0.8,-0.4859086491739606,0.0,4.885504728470945,0.2,-0.6,15.65908067971759,0.0,0.0,0.8,-7.894736842105255,-7.894736842105255,3.056137977680081,8.128615893224524,late_day_gamma_ignition,50.0,4.098848113352258,0.0,13.5,-8.060000000000002,0.0,5,False,,-5.373333333333335,-5.4733333333333345,-6.373333333333335,fold_1,research_oof
NSE_FO|46246|15-05-2025,2025-05-15,PE,24000.0,2025-05-12 07:32:00+00:00,2025-05-12,782,3,1,27.25,27.6,26.85,27.0,210075,9417300,27.0,0.0,5.555555555555555,1.7949375200256328,False,False,True,2025-05-12,2025-05-15,1.8656716417910557,27.3,1.0169817366228773,9417300.0,-1.8656716417910557,0.7779557834027555,0.0,False,0.0,0.0,1.0,0.0,0.0,8,0.5,0.25,0.625,0.36057692307691624,-1.9007613132775547,5.043293634992931,-0.375,0.125,1184.9274593532355,0.125,0.375,0.125,-0.6849723032938182,-0.6909678665769747,0.3464566929133858,0.6849723032938182,late_day_gamma_ignition,73.0,7.066337180685193,0.14999999999999858,0.8500000000000014,-0.6000000000000014,0.5555555555555503,5,False,,-2.2222222222222276,-2.3222222222222277,-3.2222222222222276,fold_1,research_oof
NSE_FO|46233|15-05-2025,2025-05-15,PE,23850.0,2025-05-12 08:37:00+00:00,2025-05-12,847,3,0,21.1,21.1,20.5,20.95,21375,965325,20.95,-0.47505938242280443,4.77326968973747,1.716867469879518,False,False,True,2025-05-12,2025-05-15,1.2019230769230838,21.05,0.3569230769230769,964950.0,-1.6769824593458882,1.3599443929564412,0.000388621172081455,False,0.0,0.0,1.0,0.0,0.0,8,0.375,0.125,0.875,0.0,-1.9617074342312857,1.2955883843876357,-0.375,-0.625,-493.5053865867303,0.0,0.0,0.75,-1.0645570856528952,-1.0645570856528952,,0.5894977032300908,late_day_gamma_ignition,79.05,-8.881778243746464,0.40000000000000213,0.25,0.3000000000000007,1.9093078758949982,5,False,,1.4319809069212444,1.3319809069212443,0.43198090692124436,fold_1,research_oof
NSE_FO|61724|29-05-2025,2025-05-29,PE,24750.0,2025-05-26 08:27:00+00:00,2025-05-26,837,3,3,112.45,114.4,112.45,113.0,98550,1743975,112.6,0.17730496453900457,6.681415929203551,2.404391582799634,False,False,True,2025-05-26,2025-05-29,-1.1453744493392093,112.2,1.6212259835315646,1743975.0,1.3226794138782139,0.7831655992680693,0.0,True,1.0,1.0,1.0,2.0387108971033077,50458.094703306866,8,0.5,0.875,0.875,0.08865248226950229,0.5050864805174415,5.505804059308457,0.375,0.25,-86.74839230331054,0.0,0.375,0.875,-0.10413954699297623,-1.9199290206771913,2.9714285714285715,0.2814445115319808,late_day_gamma_ignition,12.599999999999994,2.6016310343577302,2.200000000000003,4.449999999999989,-3.0,1.953818827708706,5,False,,-2.664298401420959,-2.7642984014209593,-3.664298401420959,fold_1,research_oof
NSE_FO|44845|12-06-2025,2025-06-12,PE,24650.0,2025-06-09 08:58:00+00:00,2025-06-09,868,3,0,23.45,23.55,22.85,23.1,71400,2355825,23.15,-0.21598272138227959,7.142857142857137,1.7996219281663517,False,False,True,2025-06-09,2025-06-12,0.21459227467810482,23.35,1.2343297974927676,2388675.0,-0.4305749960603844,0.5652921306735841,-0.013752394109705171,False,0.0,0.0,1.0,0.0,0.0,8,0.5,0.125,0.75,0.08849557522123686,-0.8006778896632483,3.459920146879435,-0.25,-0.375,953.6450126644595,0.0,0.25,0.125,-0.3803084724276373,-0.23214464556765568,0.25,0.16432575104535774,late_day_gamma_ignition,76.85,6.21592329249552,0.25,1.5999999999999979,-0.6499999999999986,1.0799136069114472,5,False,,-2.8077753779697563,-2.9077753779697564,-3.8077753779697563,fold_2,research_oof
NSE_FO|50983|19-06-2025,2025-06-19,PE,24400.0,2025-06-16 08:32:00+00:00,2025-06-16,842,3,0,24.75,24.9,24.5,24.85,98475,3864975,24.75,-0.4008016032064021,7.042253521126759,1.9480712166172107,False,False,True,2025-06-16,2025-06-19,-1.9723865877712021,24.85,1.0356083086053411,3836625.0,1.5715849845648,0.9124629080118696,0.007389307008112599,False,0.0,1.0,1.0,0.0,0.0,8,0.375,1.0,0.5,-0.5436502295208256,1.6050449244380482,1.788609916372222,0.25,0.125,41.14402166351283,0.125,0.0,0.375,0.0,-1.5773704617553896,0.0,-0.4008016032064021,late_day_gamma_ignition,75.25,2.829005114774309,0.10000000000000142,1.1499999999999986,-0.6000000000000014,0.40404040404040975,5,False,,-2.42424242424243,-2.52424242424243,-3.42424242424243,fold_2,research_oof
NSE_FO|62396|26-06-2025,2025-06-26,PE,24900.0,2025-06-20 08:57:00+00:00,2025-06-20,867,6,2,88.8,90.5,88.6,89.5,218925,8757750,89.7,0.7882882882882969,7.0949720670391,1.7798780487804877,False,False,True,2025-06-20,2025-06-26,-2.8461959496442146,88.75,0.8198959687906372,8757750.0,3.6344842379325115,0.9599820799898505,0.0,False,1.0,1.0,1.0,9.693178306878531,241360.13984127544,8,0.875,0.875,0.75,1.2838246409675014,3.516043914679712,2.7831707163226054,0.875,0.25,,0.25,0.25,0.5,-1.2141652613828047,-4.633710479226916,1.1749049429657794,2.0024535496711016,late_day_gamma_ignition,10.299999999999997,9.386782986269235,2.549999999999997,0.5,1.0499999999999972,2.8428093645484918,5,False,,1.1705685618729065,1.0705685618729064,0.17056856187290648,fold_2,research_oof
NSE_FO|57008|03-07-2025,2025-07-03,PE,25700.0,2025-06-27 08:16:00+00:00,2025-06-27,826,6,3,164.2,164.35,159.5,161.25,239175,2769225,161.25,-0.4936747917309581,6.387596899224814,1.8369815668202765,False,False,True,2025-06-27,2025-07-03,-0.18253726802553993,164.05,0.5748847926267281,2769225.0,-0.31113752370541814,1.2620967741935485,0.0,False,0.0,0.0,1.0,0.0,0.0,8,0.25,0.375,0.875,-0.5553673414190163,-0.35691757128620827,2.741503874810892,0.25,-0.25,,0.0,0.25,0.875,-1.5873015873015817,-0.43027679391314244,0.9723552459730083,1.0936267955706236,late_day_gamma_ignition,61.25,1.3416736245138527,2.75,4.050000000000011,-0.25,1.7054263565891472,5,False,,-0.15503875968992248,-0.2550387596899225,-1.1550387596899225,fold_2,research_oof
NSE_FO|56887|03-07-2025,2025-07-03,PE,25500.0,2025-06-27 08:59:00+00:00,2025-06-27,869,6,2,81.25,85.25,80.8,84.2,428025,10796925,84.5,-0.11862396204032066,7.066508313539195,2.0813274981765133,False,False,True,2025-06-27,2025-07-03,-1.5197568389057725,81.0,1.3767605633802817,10796925.0,1.4011328768654518,0.7045669347962316,0.0,False,0.0,1.0,1.0,0.0,0.0,8,0.5,0.875,0.75,0.24950099800399306,1.6348358022322151,2.6513879796139594,0.5,0.75,,0.0,0.0,0.75,-1.5548455804046846,-2.3573798993064887,3.1316975463194794,1.436221618364364,late_day_gamma_ignition,15.5,4.355999321903255,3.5,0.8499999999999943,0.29999999999999716,4.142011834319527,5,False,,0.3550295857988132,0.2550295857988132,-0.6449704142011867,fold_2,research_oof
NSE_FO|56985|03-07-2025,2025-07-03,PE,25650.0,2025-07-01 07:40:00+00:00,2025-07-01,790,2,3,154.0,154.0,151.15,152.5,65475,1885350,152.3,-0.09826400262037405,3.7704918032786887,2.1215066828675577,False,False,True,2025-07-01,2025-07-03,0.0,154.6,0.8869987849331713,1885350.0,-0.09826400262037405,1.2345078979343864,0.0,False,0.0,0.0,1.0,0.0,0.0,8,0.125,0.0,0.625,-0.3516997674784528,-0.09044926879456794,5.361526055441213,-0.125,0.0,,0.0,0.125,0.5,-0.18115942028985588,-1.506916996047447,1.4358279715543516,0.08289541766948183,late_day_gamma_ignition,52.30000000000001,-0.28557801446597586,1.9499999999999886,1.9000000000000057,0.14999999999997726,1.2803676953381409,5,False,,0.09848982271830418,-0.0015101772816958209,-0.9015101772816958,fold_2,research_oof
NSE_FO|56984|03-07-2025,2025-07-03,CE,25650.0,2025-07-01 08:00:00+00:00,2025-07-01,810,2,2,53.45,55.15,53.45,54.0,188850,6735750,54.0,0.746268656716409,7.6851851851851825,2.233259423503326,False,False,True,2025-07-01,2025-07-03,-0.18639328984156878,53.55,0.9569844789356985,6735750.0,0.9326619465579777,1.2762749445676276,0.0,False,1.0,1.0,1.0,9.066204196518115,232548.13764068965,6,0.6666667,0.6666667,0.8333333,0.3966566606090294,0.5030548022617265,0.31350053621884466,0.33333334,-0.16666663,60.74786266324736,0.0,0.0,0.8333333333333334,-1.201298701298703,-0.16267487786474355,2.9010043041606886,1.947567358015112,late_day_gamma_ignition,46.0,3.7443870103358523,0.6000000000000014,2.200000000000003,-0.14999999999999858,1.1111111111111138,5,False,,-0.2777777777777751,-0.3777777777777751,-1.277777777777775,fold_2,research_oof
NSE_FO|40042|10-07-2025,2025-07-10,CE,25400.0,2025-07-08 08:29:00+00:00,2025-07-08,839,2,3,134.4,139.55,133.8,139.2,323325,6531525,139.15,0.723589001447178,4.2025862068965685,2.6286585365853656,False,False,True,2025-07-08,2025-07-10,-2.2173754998182527,134.5,0.848170731707317,6531525.0,2.9409645012654306,1.7804878048780486,0.0,False,1.0,1.0,1.0,9.179751361173574,233165.68457380877,6,0.8333333,0.8333333,0.8333333,0.8331961349159256,3.3784801728279747,0.40565427790208214,0.8333333,0.8333333,,0.0,0.0,0.8333333333333334,0.0,-1.8907563025210017,1.35243817887682,0.723589001447178,late_day_gamma_ignition,39.150000000000006,10.133984716606541,0.4000000000000057,6.150000000000006,-4.400000000000006,0.28745957599712946,5,False,,-3.1620553359683834,-3.2620553359683835,-4.162055335968383,fold_2,research_oof
NSE_FO|40046|10-07-2025,2025-07-10,PE,25400.0,2025-07-08 08:50:00+00:00,2025-07-08,860,2,2,51.0,51.8,50.8,51.2,418425,12081675,51.2,0.68829891838742,7.031250000000003,1.9510403916768666,False,False,True,2025-07-08,2025-07-10,1.491053677932408,51.05,1.1636933934522642,12081675.0,-0.802754759544988,0.7873469982246024,0.0,False,1.0,0.0,1.0,8.909516943859941,226301.7303740425,8,0.5,0.0,0.875,0.34414945919371,-0.2641681012503394,0.793751468419179,-0.25,-0.625,-25.039625524637813,0.0,0.0,0.875,-4.064417177914114,-1.1647605583032679,3.825870646766169,4.752716096301534,late_day_gamma_ignition,48.8,-2.5098790462090985,0.3999999999999986,1.5500000000000043,-0.30000000000000426,0.7812499999999972,5,False,,-0.5859375000000083,-0.6859375000000083,-1.5859375000000084,fold_2,research_oof
NSE_FO|47296|17-07-2025,2025-07-17,PE,25350.0,2025-07-16 07:50:00+00:00,2025-07-16,800,1,3,149.1,156.2,149.1,150.7,146700,1026600,151.0,0.4666666666666597,7.332448573324475,3.575868372943327,False,False,True,2025-07-16,2025-07-17,0.0,149.4,1.659963436928702,1026600.0,0.4666666666666597,1.9159049360146252,0.0,False,1.0,1.0,1.0,5.551537497678781,140731.47556615708,8,0.625,0.625,0.875,0.7775510204081626,0.9137289595820219,4.758796075741405,0.5,-0.375,-2275.6104887509064,0.0,0.0,0.75,-3.803131991051456,-2.9162140309627715,2.6795452036648637,4.269798657718116,late_day_gamma_ignition,51.0,-17.06348266859381,4.599999999999994,2.3499999999999943,4.0,3.046357615894036,5,False,,2.6490066225165565,2.5490066225165564,1.6490066225165565,fold_2,research_oof
NSE_FO|47296|17-07-2025,2025-07-17,PE,25350.0,2025-07-17 07:46:00+00:00,2025-07-17,796,0,3,168.0,168.55,161.35,168.55,119250,689025,168.45,0.35724918130397576,6.911895579946606,2.3555555555555556,False,False,True,2025-07-17,2025-07-17,0.746268656716409,168.75,1.3077593722755012,699225.0,-0.3890194754124332,1.0477961832800544,-0.014587579105438163,False,1.0,0.0,1.0,4.175880605344517,105858.5733454835,8,0.625,0.125,0.875,0.43136258559722807,-0.3641888898548773,12.349071365171127,-0.125,-0.125,-1199.9767262248133,0.0,0.0,0.875,0.0,0.0,0.9101703046294075,0.35724918130397576,late_day_gamma_ignition,68.44999999999999,-13.635118632764968,5.550000000000011,2.4499999999999886,2.1000000000000227,3.294746215494219,5,False,,1.2466607301870127,1.1466607301870126,0.24666073018701273,fold_2,research_oof
NSE_FO|49490|24-07-2025,2025-07-24,CE,25050.0,2025-07-18 08:08:00+00:00,2025-07-18,818,6,3,100.7,103.2,99.0,102.15,162900,4511400,102.2,0.7396449704142105,6.901615271659321,1.8168130489335006,False,False,True,2025-07-18,2025-07-24,0.44887780548628076,100.7,0.7055771725032426,4511400.0,0.29076716492792976,1.111235876430258,0.0,False,1.0,1.0,1.0,8.876403796824606,222353.91511045638,6,0.8333333,0.5,0.8333333,0.46407157925905107,0.026865491427197075,0.2966836161676888,0.0,0.5,-14.417119922123675,0.0,0.0,0.6666666666666666,-0.7004138809296512,-0.04210667089830089,1.5198675496688743,1.4400588513438617,late_day_gamma_ignition,2.200000000000003,-0.16712123474866003,5.6499999999999915,0.10000000000000853,3.8499999999999943,5.528375733855177,5,False,,3.767123287671227,3.667123287671227,2.767123287671227,fold_2,research_oof
NSE_FO|39855|07-08-2025,2025-08-07,PE,24700.0,2025-08-04 09:00:00+00:00,2025-08-04,870,3,3,106.65,109.65,104.2,109.0,617475,9286050,109.0,0.3221352968246549,6.926605504587154,1.7584365655702692,False,False,True,2025-08-04,2025-08-07,-1.9761029411764608,106.65,1.199914566424605,9286050.0,2.2982382380011157,0.5585219991456642,0.0,False,1.0,1.0,1.0,4.295157310737322,106090.38557521185,5,0.8,1.0,1.0,0.26109660574411553,1.8723232169707282,0.27999633725256445,0.8,0.39999998,,0.0,0.0,0.6,-0.6215722120658129,-1.6460873968444534,1.487901832008296,0.9437075088904678,late_day_gamma_ignition,9.0,7.00796287539518,0.3499999999999943,8.450000000000003,-1.9500000000000028,0.3211009174311874,5,False,,-1.788990825688076,-1.888990825688076,-2.788990825688076,fold_3,research_oof
NSE_FO|44491|14-08-2025,2025-08-14,PE,24550.0,2025-08-11 08:48:00+00:00,2025-08-11,858,3,3,105.95,110.6,104.65,108.95,572175,3377100,109.1,0.22999080036798514,7.067462138595676,2.066639577407558,False,False,True,2025-08-11,2025-08-14,-1.9016697588126186,105.75,0.8730624214495182,3377100.0,2.1316605591806037,1.19357715595804,0.0,False,1.0,1.0,1.0,3.049034479149505,74853.79646312035,5,0.8,1.0,1.0,0.22999080036798514,2.1316605591806037,0.21023458743348625,0.8,1.0,,0.0,0.0,0.8,-0.04721435316337175,-1.2100050508377924,1.2468439759774481,0.2772051535313569,late_day_gamma_ignition,9.099999999999994,7.255852659359833,2.1000000000000085,4.949999999999989,-1.3499999999999943,1.924839596700283,5,False,,-1.2373968835930287,-1.3373968835930288,-2.2373968835930285,fold_3,research_oof
NSE_FO|48935|02-09-2025,2025-09-02,CE,24600.0,2025-09-02 07:32:00+00:00,2025-09-02,782,0,3,156.25,161.0,155.75,158.0,467850,4566600,158.4,0.5089058524173184,5.063291139240507,2.0597655605085023,False,False,True,2025-09-02,2025-09-02,-0.7931472081218249,156.35,1.0014858841010401,4566600.0,1.3020530605391434,1.0582796764074622,0.0,False,1.0,1.0,1.0,6.644226538493328,163447.97284693585,5,0.8,1.0,1.0,0.7707129094412402,3.469308469308474,0.8251310583942155,0.8,1.0,,0.0,0.0,0.4,-4.34782608695653,-4.34782608695653,1.578428036747193,4.856731939373849,late_day_gamma_ignition,58.400000000000006,8.167676588840845,0.3499999999999943,10.050000000000011,-7.700000000000017,0.22095959595959236,5,False,,-4.861111111111121,-4.961111111111121,-5.861111111111121,fold_3,research_oof
NSE_FO|41879|09-12-2025,2025-12-09,CE,25900.0,2025-12-04 08:30:00+00:00,2025-12-04,840,5,3,163.1,164.0,159.25,163.4,237525,3281925,163.75,0.5847953216374435,6.85434516523867,1.8761848341232228,False,False,True,2025-12-04,2025-12-09,-1.777643868635126,163.0,0.3542654028436019,3281925.0,2.3624391902725694,1.521919431279621,0.0,False,1.0,1.0,1.0,7.238615421140111,187480.13940752886,5,1.0,1.0,0.4,0.9569377990430672,2.9634706968498903,0.2317618095837686,1.0,1.0,,0.0,0.0,0.2,-0.7751937984496138,-2.921457709419406,1.1510008301817176,1.3599891200870573,late_day_gamma_ignition,63.75,9.382947652982127,9.449999999999989,4.0,4.550000000000011,5.770992366412207,5,False,,2.77862595419848,2.67862595419848,1.7786259541984801,fold_3,research_oof
NSE_FO|65639|30-12-2025,2025-12-30,PE,26200.0,2025-12-26 07:33:00+00:00,2025-12-26,783,4,3,163.55,164.7,161.05,164.35,211725,5786475,164.2,0.5567792462065624,3.352601156069359,2.1410693970420933,False,False,True,2025-12-26,2025-12-30,0.42905301869444745,163.85,1.5373530527114145,5786475.0,0.12772622751211493,0.6037163443306788,0.0,False,1.0,1.0,1.0,6.82781076911817,178888.64215089608,8,0.75,0.625,0.625,0.4987421872058473,0.21896802652420777,11.652466435680497,0.125,0.0,41.84085009478804,0.0,0.125,0.125,-2.457002457002455,-0.7371007371007265,1.8285787060621497,3.0137817032090175,late_day_gamma_ignition,64.19999999999999,2.5244917064070296,2.1000000000000227,2.9499999999999886,-2.509999999999991,1.2789281364190153,5,False,,-1.5286236297198486,-1.6286236297198486,-2.5286236297198483,fold_4,research_oof
NSE_FO|65639|30-12-2025,2025-12-30,PE,26200.0,2025-12-26 08:22:00+00:00,2025-12-26,832,4,3,158.19,160.94,158.15,158.85,340950,6188325,159.0,0.665399239543718,3.9911866540761745,3.703462321792261,False,False,True,2025-12-26,2025-12-30,-0.025326073192344367,157.9,1.2985743380855397,6188325.0,0.6907253127360624,2.404887983706721,0.0,True,1.0,1.0,1.0,8.476849653657796,222093.46092583425,8,0.625,0.5,0.625,0.4791431344162045,0.2132178621469527,0.48962555594402923,0.125,0.5,7.588414507099515,0.0,0.0,0.625,-0.9592326139088891,-0.24324216044827596,1.516978631770747,1.6246318534526072,late_day_gamma_ignition,59.0,4.306249240919719,6.349999999999994,1.6999999999999886,-0.44999999999998863,3.9937106918238956,5,False,,-0.2830188679245212,-0.3830188679245212,-1.2830188679245211,fold_4,research_oof
NSE_FO|40469|06-01-2026,2026-01-06,CE,26050.0,2026-01-01 07:39:00+00:00,2026-01-01,789,5,3,161.25,162.5,158.35,161.15,82030,1650805,161.5,0.031036623215396908,4.784362395283901,2.2841628959276017,False,False,True,2026-01-01,2026-01-06,-0.5258274048871026,160.8,0.7800904977375566,1650805.0,0.5568640281024995,1.5040723981900452,0.0,False,1.0,1.0,1.0,0.35117481389154076,9148.103901874636,6,0.6666667,0.5,0.8333333,0.0670966074608037,0.08986809363034642,0.5849338746990091,0.16666669,0.5,-1204.2939932811714,0.0,0.0,1.0,-1.4677901603696641,-0.7893641088092873,2.920754716981132,1.498826783585061,late_day_gamma_ignition,61.5,-9.349093554416456,2.4000000000000057,8.150000000000006,-0.6500000000000057,1.486068111455112,5,False,,-0.40247678018576205,-0.502476780185762,-1.402476780185762,fold_4,research_oof
NSE_FO|47616|20-01-2026,2026-01-20,PE,25750.0,2026-01-14 07:31:00+00:00,2026-01-14,781,6,3,114.5,118.45,114.5,117.15,703235,6913465,116.7,0.5579399141630859,7.29833546734955,1.9802324517250847,False,False,True,2026-01-14,2026-01-20,-0.43497172683775176,114.45,0.9983990959600716,6913465.0,0.9929116410008376,0.9818333557650131,0.0,True,1.0,1.0,1.0,7.5117949202388035,193428.71919614918,6,0.6666667,0.8333333,1.0,0.28651831390901217,0.7749883686712922,1.0107707538540014,0.5,-0.16666669,-1736.779932664922,0.0,0.0,0.8333333333333334,-1.2759170653907526,-1.432289231145234,1.8131044224709334,1.8338569795538384,late_day_gamma_ignition,16.700000000000003,-13.244349611645964,2.5,7.1000000000000085,-5.25,2.1422450728363325,5,False,,-4.4987146529562985,-4.598714652956298,-5.4987146529562985,fold_4,research_oof
NSE_FO|42529|10-02-2026,2026-02-10,PE,25650.0,2026-02-06 07:54:00+00:00,2026-02-06,804,4,3,143.7,147.75,141.3,147.75,424190,3104465,147.7,0.339558573853993,7.580372250423004,1.7782016348773841,False,False,True,2026-02-06,2026-02-10,-3.5234899328859037,143.75,1.162125340599455,3104465.0,3.8630485067398967,0.6160762942779292,0.0,False,1.0,1.0,1.0,4.399979322404215,112859.46961966813,8,0.625,1.0,0.875,0.224104876204112,3.8863526261857406,1.2492735759084481,0.625,0.875,,0.0,0.0,0.375,-1.642857142857146,-5.123640319071776,1.3940436176033768,1.982415716711139,late_day_gamma_ignition,47.69999999999999,7.431680186416769,1.9000000000000057,5.449999999999989,-1.8999999999999773,1.2863913337847026,5,False,,-1.2863913337846835,-1.3863913337846836,-2.2863913337846835,fold_4,research_oof
NSE_FO|48238|17-02-2026,2026-02-17,CE,26050.0,2026-02-12 07:33:00+00:00,2026-02-12,783,5,1,42.55,43.45,42.45,43.05,115245,5066425,43.0,0.4667444574095514,4.761904761904772,1.8851674641148326,False,False,True,2026-02-12,2026-02-17,-1.1627906976744207,42.5,1.2573402417962003,5066425.0,1.629535155083972,0.6278272223186323,0.0,False,1.0,1.0,1.0,5.439824622216016,141707.43140872722,5,1.0,1.0,1.0,0.6644518272425293,1.786564038463645,0.18468042380864566,1.0,0.0,,0.0,0.0,0.8,-0.4964539007092261,-1.7833938435118935,1.4784688995215312,0.9631983581187775,late_day_gamma_ignition,57.0,8.617122226743387,0.20000000000000284,3.950000000000003,-3.6499999999999986,0.46511627906977404,5,False,,-8.488372093023253,-8.588372093023253,-9.488372093023253,fold_4,research_oof
