partition,fold_id,mechanism,session_id,timestamp,expired_instrument_key,expiry_id,option_type,strike,entry_price_next_open,gross_return_pct,net_return_pct,stress_return_pct,forward_mfe_points,forward_mae_points,forward_expansion_pct,label_horizon_minutes,prior_5m_return_pct,previous_return,return_acceleration,prior_5m_volume_ratio,volume_acceleration,oi_change_ratio,breadth_positive,breadth_delta,surface_median_return,surface_median_acceleration,option_asymmetry,mirror_return,mirror_acceleration,days_to_expiry,minute_of_day
research_oof,fold_1,decelerating_capitulation,2025-04-02,2025-04-02 04:30:00+00:00,NSE_FO|54713|03-04-2025,2025-04-03,PE,23500.0,277.39,-6.128555463426944,-6.228555463426944,-7.128555463426944,0.0,25.98999999999998,0.0,5,-1.055823078295004,-13.492475350285416,12.436652271990411,1.400511836212412,0.9087085575238875,-0.002062564455139223,0.0,-0.125,-1.409236565739208,8.727372917520565,-3.1684991346330293,2.1126760563380254,-29.368805425143464,1,600
research_oof,fold_1,decelerating_capitulation,2025-04-24,2025-04-24 04:15:00+00:00,NSE_FO|52002|30-04-2025,2025-04-30,CE,24400.0,150.25,0.09983361064892224,-0.00016638935107776698,-0.9001663893510777,1.75,7.400000000000006,1.1647254575707155,5,-0.2311756935270748,-10.570071258907365,10.338895565380291,1.437258153676064,0.5180947845409595,-0.014428609365318226,0.4,0.4,-0.02525252525252819,10.159451241124916,-0.9469651672112778,0.715789473684203,-11.655344546934355,6,585
research_oof,fold_1,decelerating_capitulation,2025-04-28,2025-04-28 04:24:00+00:00,NSE_FO|52000|30-04-2025,2025-04-30,CE,24350.0,63.4,14.43217665615142,14.33217665615142,13.43217665615142,11.850000000000001,3.8500000000000014,18.690851735015777,5,-0.31948881789137795,-14.33878157503714,14.019292757145763,1.2052547770700637,0.24171974522292994,0.008982259570494864,0.33333334,0.33333334,-0.15974440894568898,13.316856043132447,3.1420496436470824,-3.4615384615384603,-12.624490417952515,2,594
research_oof,fold_1,decelerating_capitulation,2025-05-02,2025-05-02 08:05:00+00:00,NSE_FO|38607|08-05-2025,2025-05-08,PE,24400.0,173.25,-0.23088023088023418,-0.3308802308802342,-1.2308802308802342,5.25,5.949999999999989,3.0303030303030303,5,-1.5301785208274188,-9.85130111524164,8.32112259441422,2.0939749905267147,0.15322483159473754,0.0,0.125,-0.25,-0.294210093278241,8.454059037584233,-2.9232405257441085,1.3930620049166897,-9.347353564296057,6,815
research_oof,fold_1,decelerating_capitulation,2025-05-02,2025-05-02 08:32:00+00:00,NSE_FO|38598|08-05-2025,2025-05-08,CE,24200.0,298.05,2.315047810769997,2.215047810769997,1.3150478107699972,8.949999999999989,4.199999999999989,3.0028518704915244,5,-1.5038836555941182,-9.090909090909093,7.587025435314976,1.9137510170870626,0.11065907241659878,0.0,0.0,0.0,-2.4946236559139856,7.712250330102688,-2.359396963578908,0.8555133079847899,-14.873129908095617,6,842
research_oof,fold_1,decelerating_capitulation,2025-05-20,2025-05-20 07:53:00+00:00,NSE_FO|49258|22-05-2025,2025-05-22,CE,25100.0,38.0,-0.13157894736841358,-0.23157894736841358,-1.1315789473684137,0.6000000000000014,1.1000000000000014,1.5789473684210564,5,-0.3931847968545177,-9.7799511002445,9.386766303389981,4.652085314495313,3.3211212985024208,0.0,0.42857143,0.42857143,0.0,9.386766303389981,3.15566577785813,-3.5488505747126475,-4.505073494180756,2,803
research_oof,fold_1,decelerating_capitulation,2025-05-21,2025-05-21 09:06:00+00:00,NSE_FO|49255|22-05-2025,2025-05-22,CE,25050.0,45.35,-10.694597574421172,-10.794597574421172,-11.694597574421172,1.1000000000000014,4.899999999999999,2.425578831312021,5,-0.1094091903720007,-11.156186612576068,11.046777422204068,1.5069373072970196,0.4993697397294521,0.0,0.2857143,0.2857143,0.0,9.670658286720357,2.2396991772548946,-2.3491083676268953,-3.4431616586097613,1,876
research_oof,fold_2,decelerating_capitulation,2025-05-28,2025-05-28 08:43:00+00:00,NSE_FO|61688|29-05-2025,2025-05-29,PE,24600.0,33.5,-6.567164179104476,-6.667164179104476,-7.567164179104476,1.25,2.3999999999999986,3.731343283582089,5,-0.4444444444444362,-10.080645161290324,9.636200716845888,1.8694198051475934,0.8425185400610731,-0.0013168476075593083,0.375,0.375,0.0,8.352747336696194,-0.1802168021680095,-0.2642276422764267,-5.2589810525597525,1,853
research_oof,fold_2,decelerating_capitulation,2025-05-29,2025-05-29 07:36:00+00:00,NSE_FO|61693|29-05-2025,2025-05-29,CE,24750.0,32.0,-8.750000000000002,-8.850000000000001,-9.750000000000002,7.75,4.199999999999999,24.21875,5,-0.9090909090909038,-16.46173149309913,15.552640584008227,1.6982939156172339,0.71289755116857,0.0,0.0,0.0,-1.8827181321276698,7.785473739308624,-8.358585858585844,7.449494949494939,-9.32993671491642,0,786
research_oof,fold_2,decelerating_capitulation,2025-06-03,2025-06-03 06:05:00+00:00,NSE_FO|40476|05-06-2025,2025-06-05,PE,24700.0,218.45,13.481345845731296,13.381345845731296,12.481345845731296,34.20000000000002,2.0999999999999943,15.655756466010537,5,-0.5012531328320802,-9.941897998708837,9.440644865876758,1.534958694338102,-1.1803344751158573,0.0,0.0,-0.125,-0.5128801384905568,8.25835498487279,-2.734107997265911,2.232854864433831,-10.431757071682734,2,695
research_oof,fold_2,decelerating_capitulation,2025-06-03,2025-06-03 07:26:00+00:00,NSE_FO|40475|05-06-2025,2025-06-05,CE,24700.0,150.0,-1.3333333333333335,-1.4333333333333336,-2.3333333333333335,2.4000000000000057,6.599999999999994,1.6000000000000039,5,-0.19946808510639125,-14.34924399644235,14.14977591133596,1.2970860779278777,-0.1998744083943107,0.0,0.0,0.0,-0.6774557771923262,13.613425684600156,2.8127795150260204,-3.0122476001324117,-25.829707917592735,2,776
research_oof,fold_2,decelerating_capitulation,2025-06-04,2025-06-04 07:22:00+00:00,NSE_FO|40481|05-06-2025,2025-06-05,CE,24800.0,30.1,-2.657807308970102,-2.757807308970102,-3.657807308970102,0.04999999999999716,2.1000000000000014,0.16611295681062177,5,-0.49586776859503745,-9.320695102685628,8.82482733409059,2.124343554125021,0.5885143147552092,0.0,0.16666667,0.16666667,-0.23591665747988433,8.754929677729812,-0.17469318726904826,-0.3211745813259892,-2.7021269622783617,1,772
research_oof,fold_2,decelerating_capitulation,2025-06-05,2025-06-05 09:00:00+00:00,NSE_FO|40486|05-06-2025,2025-06-05,PE,24850.0,141.2,-10.729461756373933,-10.829461756373933,-11.729461756373933,10.400000000000006,34.89999999999999,7.365439093484424,5,-1.3536966331135103,-13.134328358208958,11.780631725095446,1.8961874138723014,-0.033281185161515126,0.0,0.125,0.125,-1.8883576552745696,12.877090603906172,16.246303366886483,-17.599999999999994,-73.91067961165048,0,870
research_oof,fold_2,decelerating_capitulation,2025-06-12,2025-06-12 05:18:00+00:00,NSE_FO|44856|12-06-2025,2025-06-12,CE,24800.0,246.0,1.7479674796748015,1.6479674796748014,0.7479674796748015,13.149999999999977,1.6500000000000057,5.345528455284543,5,-1.4776357827476105,-12.011321422253662,10.533685639506052,1.421641791044776,-3.438440513481973,-0.009835157223992242,0.0,0.0,-1.40052699144943,8.682371174785796,9.16066208959282,-10.63829787234043,-31.27321850726106,0,648
research_oof,fold_2,decelerating_capitulation,2025-06-12,2025-06-12 08:22:00+00:00,NSE_FO|44854|12-06-2025,2025-06-12,CE,24750.0,124.05,6.6908504635227715,6.590850463522772,5.6908504635227715,23.950000000000003,0.8499999999999943,19.306731156791617,5,-1.547005156683856,-10.329670329670327,8.782665172986471,1.408745934224792,-0.8256479441481439,0.0770450003445662,0.0,0.0,-0.9849362688296615,7.1628095215016785,4.413259743978394,-5.960264900662249,-37.491796432193794,0,832
research_oof,fold_2,decelerating_capitulation,2025-07-03,2025-07-03 05:57:00+00:00,NSE_FO|56960|03-07-2025,2025-07-03,PE,25600.0,62.65,28.411811652035123,28.31181165203512,27.411811652035123,24.15,0.25,38.547486033519554,5,-0.9463722397476393,-9.785932721712543,8.839560481964904,1.5176085701456155,0.3784847659032753,0.0,0.375,0.0,-0.47318611987381964,5.0503930869146565,-24.587676587573736,23.641304347826097,-36.10310459786079,0,687
research_oof,fold_2,decelerating_capitulation,2025-07-09,2025-07-09 09:05:00+00:00,NSE_FO|40047|10-07-2025,2025-07-10,CE,25450.0,92.8,3.5021551724137936,3.4021551724137935,2.5021551724137936,8.5,1.7999999999999972,9.15948275862069,5,-0.6420545746388506,-13.392857142857139,12.750802568218289,2.429965589214193,-0.19566567771107968,0.0,0.0,0.0,-0.6420545746388451,10.845968204299428,-9.210602961735626,8.568548387096776,-33.21385902031062,1,875
research_oof,fold_2,decelerating_capitulation,2025-07-10,2025-07-10 07:03:00+00:00,NSE_FO|40048|10-07-2025,2025-07-10,PE,25450.0,70.05,-14.346895074946463,-14.446895074946463,-15.346895074946463,0.9500000000000028,12.049999999999997,1.3561741613133516,5,-1.5427769985974726,-9.020979020979025,7.478202022381552,1.98879911861917,1.1675006599549944,0.006759477963666445,0.0,0.0,-1.447948953248973,7.96857694154564,-8.347510726408148,6.8047337278106745,-22.189349112426026,0,753
research_oof,fold_2,decelerating_capitulation,2025-07-14,2025-07-14 07:42:00+00:00,NSE_FO|47287|17-07-2025,2025-07-17,CE,25200.0,50.6,8.992094861660073,8.892094861660073,7.992094861660073,4.75,0.3999999999999986,9.387351778656127,5,-0.19743336623889718,-9.189189189189195,8.991755822950298,1.8027714247275664,-3.548170805732737,0.0,0.5,0.5,0.06265664160401974,7.987512808079305,-0.07415920450319913,-0.12327416173569805,-10.080788766090443,3,792
research_oof,fold_2,decelerating_capitulation,2025-07-15,2025-07-15 05:26:00+00:00,NSE_FO|47288|17-07-2025,2025-07-17,PE,25200.0,84.8,-11.261792452830186,-11.361792452830185,-12.261792452830186,0.20000000000000284,9.799999999999997,0.23584905660377695,5,-0.4117647058823448,-9.164420485175206,8.752655779292862,1.9424253328535444,0.18748648054874661,0.0,0.375,0.125,-0.2058823529411724,7.0389694339274165,-1.936154949784774,1.5243902439024293,-14.556690837178655,2,656
research_oof,fold_2,decelerating_capitulation,2025-07-22,2025-07-22 05:42:00+00:00,NSE_FO|49491|24-07-2025,2025-07-24,PE,25050.0,67.6,0.22189349112426876,0.12189349112426875,-0.7781065088757313,1.8500000000000085,3.5999999999999943,2.736686390532557,5,-0.513950073421432,-9.23803101820635,8.724080944784918,1.3249286393910562,-0.25210337502830704,0.010822444742947857,0.375,0.375,0.0,7.244669279474175,1.2183333911454985,-1.7322834645669305,-5.567899902923101,2,672
research_oof,fold_2,decelerating_capitulation,2025-07-23,2025-07-23 04:19:00+00:00,NSE_FO|49496|24-07-2025,2025-07-24,CE,25150.0,43.05,4.878048780487808,4.778048780487809,3.8780487804878083,5.25,2.6999999999999957,12.195121951219514,5,-0.46136101499424376,-10.282485875706204,9.82112486071196,1.3415034682222604,0.36196965611902254,0.0,0.0,0.0,-0.30030030030028243,9.153170896154672,-1.703229731729905,1.2418687167356612,-13.234206389260716,1,589
research_oof,fold_2,decelerating_capitulation,2025-07-24,2025-07-24 04:18:00+00:00,NSE_FO|49520|24-07-2025,2025-07-24,PE,25200.0,34.2,22.076023391812853,21.976023391812852,21.076023391812853,11.799999999999997,0.05000000000000426,34.50292397660817,5,-1.1527377521614035,-15.014164305949008,13.861426553787604,1.7610137593576178,1.0997114298858266,0.0,0.25,0.125,-2.032679555692357,9.073979637555658,5.926908265537712,-7.079646017699115,-18.812498003258693,0,588
research_oof,fold_2,decelerating_capitulation,2025-07-24,2025-07-24 07:51:00+00:00,NSE_FO|49487|24-07-2025,2025-07-24,CE,25000.0,72.25,0.13840830449826202,0.03840830449826202,-0.861591695501738,1.0,6.549999999999997,1.384083044982699,5,-1.5667574931880202,-10.83333333333334,9.266575840145318,1.353847274316303,0.2633553038855103,0.0,0.0,0.0,-1.9202363367799125,9.266575840145318,2.3880447666989824,-3.9548022598870025,-15.469953775038505,0,801
research_oof,fold_2,decelerating_capitulation,2025-07-28,2025-07-28 04:50:00+00:00,NSE_FO|55798|31-07-2025,2025-07-31,PE,24950.0,136.95,-2.3731288791529757,-2.4731288791529757,-3.3731288791529757,2.700000000000017,9.699999999999989,1.971522453450177,5,-1.4758819294456549,-10.234400792340704,8.758518862895048,2.974986695050559,0.9760510910058542,0.0,0.0,-0.125,-1.3340200539814606,7.109735348354918,1.7695541760310074,-3.2454361054766623,-12.16992123133479,3,620
research_oof,fold_3,decelerating_capitulation,2025-07-31,2025-07-31 07:09:00+00:00,NSE_FO|55804|31-07-2025,2025-07-31,PE,25100.0,240.0,4.458333333333329,4.358333333333329,3.4583333333333286,24.399999999999977,1.0,10.166666666666657,5,-1.1553538271095398,-9.809634809634804,8.654280982525265,1.7414965986394557,0.6414965986394556,0.0,0.375,0.0,-1.3387708248034869,10.730340813403838,4.107804067627296,-5.263157894736836,-72.70501835985313,0,759
research_oof,fold_3,decelerating_capitulation,2025-07-31,2025-07-31 07:32:00+00:00,NSE_FO|55802|31-07-2025,2025-07-31,PE,25050.0,149.25,-0.804020100502505,-0.904020100502505,-1.804020100502505,14.550000000000011,4.949999999999989,9.748743718592973,5,-1.362578929877023,-12.890173410404627,11.527594480527604,1.3969732246798603,-1.781340028332188,0.0,0.0,-0.125,-2.8710062513638777,10.47524665184466,11.637421070122988,-13.00000000000001,-50.599999999999994,0,782
research_oof,fold_3,decelerating_capitulation,2025-08-04,2025-08-04 05:27:00+00:00,NSE_FO|39853|07-08-2025,2025-08-07,PE,24650.0,140.7,-8.244491826581376,-8.344491826581375,-9.244491826581376,1.8000000000000114,12.299999999999983,1.279317697228153,5,-0.9174311926605339,-8.849259757738903,7.931828565078369,1.36095941749652,0.3658090780202834,0.01029556470716863,0.0,0.0,-0.4536616979909147,7.0954570022086045,-0.06405648358371874,-0.8533747090768151,-6.939630251196915,3,657
research_oof,fold_3,decelerating_capitulation,2025-08-11,2025-08-11 09:05:00+00:00,NSE_FO|44471|14-08-2025,2025-08-14,PE,24450.0,57.9,-4.749568221070812,-4.849568221070812,-5.749568221070812,0.10000000000000142,4.449999999999996,0.1727115716753047,5,-1.1925042589437829,-13.312930374904353,12.12042611596057,2.142380793597866,0.570162410736774,0.0,0.0,0.0,-1.5873015873015928,10.378437680032837,-2.473507257035912,1.281002998092129,-8.927269222500422,3,875
research_oof,fold_3,decelerating_capitulation,2025-08-12,2025-08-12 05:05:00+00:00,NSE_FO|44492|14-08-2025,2025-08-14,CE,24600.0,106.85,-2.901263453439396,-3.001263453439396,-3.901263453439396,4.150000000000006,9.299999999999997,3.8839494618624295,5,-1.292108906322098,-15.350488021295472,14.058379114973373,1.6425011822050852,0.3130479065876104,0.08529320001782822,0.0,0.0,-1.151079136690647,13.020785035173532,-1.7060651452339926,0.4139562389118945,-27.634824248892965,2,635
research_oof,fold_3,decelerating_capitulation,2025-08-12,2025-08-12 08:18:00+00:00,NSE_FO|44471|14-08-2025,2025-08-14,PE,24450.0,38.65,-10.737386804657177,-10.837386804657177,-11.737386804657177,0.25,4.449999999999996,0.646830530401035,5,-0.1290322580645098,-11.572327044025165,11.443294785960656,1.328707718993929,-0.007979184735472655,0.0,0.375,0.375,0.0,9.998152927380477,0.7438219752785247,-0.8728542333430345,-8.339050588428288,2,828
research_oof,fold_3,decelerating_capitulation,2025-08-13,2025-08-13 06:07:00+00:00,NSE_FO|44473|14-08-2025,2025-08-14,PE,24500.0,31.65,6.793048973143756,6.693048973143757,5.793048973143756,3.1499999999999986,0.8499999999999979,9.952606635071087,5,-0.31695721077654726,-9.076923076923071,8.759965866146525,1.2119470273316426,-0.5314578367599168,0.0,0.25,0.125,0.0,8.341071245388203,-0.17123772079477018,-0.14571948998177708,-5.15677328511811,1,697
research_oof,fold_3,decelerating_capitulation,2025-08-14,2025-08-14 06:17:00+00:00,NSE_FO|44490|14-08-2025,2025-08-14,CE,24550.0,79.3,0.693568726355608,0.593568726355608,-0.30643127364439204,3.049999999999997,5.299999999999997,3.8461538461538427,5,-0.6870705808869393,-9.949972206781544,9.262901625894605,1.595120991540429,0.09639976391894556,0.0,0.0,0.0,-0.6119951040391647,9.262901625894605,0.721380123338411,-1.4084507042253502,-29.66123880831457,0,707
research_oof,fold_3,decelerating_capitulation,2025-08-19,2025-08-19 08:27:00+00:00,NSE_FO|47248|21-08-2025,2025-08-21,CE,25050.0,45.7,3.3916849015317228,3.2916849015317227,2.3916849015317228,3.9499999999999957,0.30000000000000426,8.643326039387299,5,-0.8648648648648671,-12.241054613935965,11.376189749071099,1.231433506044905,0.1598749857295625,0.0,0.16666667,0.16666667,-0.17087871844321256,8.510232842378041,-0.5045766342803959,-0.36028823058447124,-7.044203711395158,2,837
research_oof,fold_3,decelerating_capitulation,2025-08-21,2025-08-21 09:03:00+00:00,NSE_FO|47248|21-08-2025,2025-08-21,CE,25050.0,80.85,-23.933209647495357,-24.033209647495358,-24.933209647495357,4.150000000000006,24.749999999999993,5.132962275819426,5,-1.2239902080783405,-9.214594928880626,7.990604720802285,1.3295116642653506,0.030277079330558676,0.0,0.0,0.0,-0.23830155979203127,3.930861444103695,14.160625176537044,-15.384615384615385,-19.23076923076924,0,873
research_oof,fold_3,decelerating_capitulation,2025-09-02,2025-09-02 07:55:00+00:00,NSE_FO|48935|02-09-2025,2025-09-02,CE,24600.0,111.75,-2.863534675615215,-2.963534675615215,-3.863534675615215,5.450000000000003,13.150000000000006,4.876957494407161,5,-0.972590627763037,-15.953947368421051,14.981356740658015,3.259564225994426,-0.06005322960309867,0.0773962741590681,0.0,0.0,-6.849315068493156,21.545746659901912,9.896974589628272,-10.869565217391308,-40.86956521739131,0,805
research_oof,fold_3,decelerating_capitulation,2025-12-01,2025-12-01 04:17:00+00:00,NSE_FO|46807|02-12-2025,2025-12-02,CE,26250.0,110.15,-7.625964593735819,-7.725964593735819,-8.62596459373582,3.8499999999999943,10.950000000000003,3.49523377212891,5,-0.9442446043165464,-8.405172413793105,7.4609278094765585,1.4838327783943766,0.729983656264336,0.0,0.0,0.0,-1.602959309494445,8.485017230094993,0.4269600969567078,-1.3712047012732542,-10.678340171800649,1,587
research_oof,fold_3,decelerating_capitulation,2025-12-01,2025-12-01 08:36:00+00:00,NSE_FO|46812|02-12-2025,2025-12-02,PE,26300.0,114.7,3.1822144725370456,3.0822144725370455,2.1822144725370456,7.5,3.700000000000003,6.538796861377507,5,-1.162290142057687,-18.09954751131222,16.93725736925453,2.572191132156694,-0.3173482565647867,0.0,0.125,-0.125,-0.6013957387558,11.573368778369662,-1.162290142057687,0.0,-30.319148936170226,1,846
research_oof,fold_3,decelerating_capitulation,2025-12-03,2025-12-03 04:38:00+00:00,NSE_FO|41905|09-12-2025,2025-12-09,CE,26050.0,93.0,0.053763440860211995,-0.04623655913978801,-0.946236559139788,0.5,3.200000000000003,0.5376344086021506,5,-1.115241635687747,-11.631345490389355,10.516103854701608,1.885482290354193,0.5084698306033881,0.0,0.0,0.0,-1.4245014245014231,9.457815966456563,-1.0613332798926067,-0.053908355795140306,-10.008141765406108,6,608
research_oof,fold_3,decelerating_capitulation,2025-12-08,2025-12-08 07:02:00+00:00,NSE_FO|41881|09-12-2025,2025-12-09,CE,25950.0,139.25,-0.8976660682226212,-0.9976660682226212,-1.8976660682226212,0.6999999999999886,5.050000000000011,0.5026929982046597,5,-1.3780918727915092,-9.800065552277948,8.421973679486438,2.1333333333333333,-1.9274200081004458,0.0,0.0,0.0,-1.8120905469540483,8.650130928695038,-14.287927938365298,12.909836065573788,-19.503957037874482,1,752
research_oof,fold_3,decelerating_capitulation,2025-12-09,2025-12-09 08:09:00+00:00,NSE_FO|41879|09-12-2025,2025-12-09,CE,25900.0,34.3,-20.116618075801746,-20.216618075801748,-21.116618075801746,3.5500000000000043,8.999999999999996,10.349854227405261,5,-0.4341534008682979,-24.164524421593825,23.730371020725528,1.2588638646532904,0.08109144504011168,0.0,0.0,0.0,-1.388888888888895,26.242236024844722,-1.6841534008682935,1.2499999999999956,-26.363412228796857,0,819
research_oof,fold_3,decelerating_capitulation,2025-12-16,2025-12-16 06:53:00+00:00,NSE_FO|48221|16-12-2025,2025-12-16,PE,25900.0,34.65,-20.77922077922078,-20.87922077922078,-21.77922077922078,0.05000000000000426,7.599999999999998,0.1443001443001566,5,-1.1428571428571344,-9.577464788732392,8.434607645875257,1.4307864700057331,0.2870482389656981,0.04107832588241204,0.25,0.25,-1.0743021346469483,9.432687904301083,-2.079186730872107,0.9363295880149725,-9.983210641870066,0,743
research_oof,fold_3,decelerating_capitulation,2025-12-18,2025-12-18 04:54:00+00:00,NSE_FO|56995|23-12-2025,2025-12-23,PE,25850.0,98.55,0.9639776763064464,0.8639776763064464,-0.036022323693553626,6.049999999999997,0.7000000000000028,6.139015728056822,5,-1.3513513513513598,-9.265482477196352,7.9141311258449925,1.4966808383680168,-0.6218300905937317,0.0,0.0,-0.25,-1.3546590548537019,6.915811189989002,-3.742470053315494,2.3911187019641345,-13.627187934191465,5,624
research_oof,fold_4,decelerating_capitulation,2025-12-29,2025-12-29 08:58:00+00:00,NSE_FO|65634|30-12-2025,2025-12-30,PE,26150.0,196.3,-2.954661232806934,-3.054661232806934,-3.954661232806934,3.0,6.0,1.5282730514518592,5,-1.0606060606060619,-12.079439252336444,11.018833191730382,2.288811459543167,1.363910273772416,0.0,0.0,0.0,-0.6926996472039815,8.821861535375653,-2.449494949494946,1.388888888888884,-21.09173126614987,1,868
research_oof,fold_4,decelerating_capitulation,2026-01-08,2026-01-08 05:55:00+00:00,NSE_FO|46185|13-01-2026,2026-01-13,CE,26150.0,43.65,3.3218785796105452,3.221878579610545,2.3218785796105452,1.8500000000000014,0.0,4.238258877434139,5,-0.34207525655644,-9.148264984227117,8.806189727670677,1.7951026682771494,0.3446248717622533,0.004790172798871517,0.16666667,0.16666667,-0.6351726493752652,7.965162234420797,-4.374333321072566,4.0322580645161255,-10.72810653413132,5,685
research_oof,fold_4,decelerating_capitulation,2026-01-13,2026-01-13 05:24:00+00:00,NSE_FO|46180|13-01-2026,2026-01-13,PE,26050.0,272.8,-1.6862170087976622,-1.7862170087976623,-2.6862170087976622,13.449999999999989,16.950000000000017,4.930351906158354,5,-0.8331823944937589,-14.47799827437446,13.644815879880701,1.9576923076923076,1.1923076923076923,0.0,0.375,0.25,0.0,9.234201257523821,1.2076339320368668,-2.0408163265306256,-24.263038548752856,0,654
research_oof,fold_4,decelerating_capitulation,2026-01-16,2026-01-16 09:04:00+00:00,NSE_FO|47614|20-01-2026,2026-01-20,PE,25700.0,92.65,-1.5650296815974125,-1.6650296815974126,-2.5650296815974123,10.599999999999994,4.050000000000011,11.440906637884504,5,-1.0678056593699914,-10.312345066931083,9.244539407561092,1.2298507462686568,0.10913803217400209,0.0,0.0,0.0,-1.3894736842105293,8.490412649200286,-2.78738237894669,1.7195767195766987,-8.809201942098555,4,874
research_oof,fold_4,decelerating_capitulation,2026-01-20,2026-01-20 04:30:00+00:00,NSE_FO|47614|20-01-2026,2026-01-20,PE,25700.0,238.75,-2.2408376963350762,-2.3408376963350763,-3.2408376963350762,3.9000000000000057,9.849999999999994,1.6335078534031438,5,-0.7476635514018781,-9.55066741868772,8.803003867285842,1.3685636856368564,0.883791202655846,0.0,0.0,0.0,-1.8996270076882094,8.492411024552016,-1.493932208118287,0.746268656716409,-9.571191660743917,0,600
research_oof,fold_4,decelerating_capitulation,2026-01-21,2026-01-21 05:17:00+00:00,NSE_FO|58663|27-01-2026,2026-01-27,CE,25050.0,170.5,-1.9354838709677487,-2.0354838709677487,-2.9354838709677487,1.0999999999999943,7.099999999999994,0.6451612903225773,5,-1.0724637681159388,-10.28828352287755,9.215819754761611,2.789325842696629,-0.23033707865168562,0.0,0.0,0.0,-0.8233276157804337,9.521920931258753,-5.524403059852867,4.451939291736928,-16.37978962624538,6,647
research_oof,fold_4,decelerating_capitulation,2026-01-21,2026-01-21 07:12:00+00:00,NSE_FO|58694|27-01-2026,2026-01-27,PE,25250.0,154.75,-7.625201938610669,-7.7252019386106685,-8.625201938610669,0.9000000000000057,16.75,0.5815831987075966,5,-0.7062600321027235,-10.175763182238672,9.46950315013595,3.041785534485652,0.6014431951669743,0.0,0.6,0.6,0.08583690987125081,9.784412784153961,-3.7374816144003953,3.031221582297672,-14.621511536673392,6,762
research_oof,fold_4,decelerating_capitulation,2026-01-22,2026-01-22 04:32:00+00:00,NSE_FO|58666|27-01-2026,2026-01-27,PE,25100.0,45.4,-8.81057268722467,-8.91057268722467,-9.81057268722467,1.3000000000000043,4.850000000000001,2.863436123348027,5,-1.413043478260867,-8.504098360655732,7.0910548823948645,2.1780517879161527,1.3040690505548702,0.0,0.5,0.5,-0.5664657167214593,7.185714357085281,3.6156346596609716,-5.028678137921839,-2.7832892044815765,5,602
research_oof,fold_4,decelerating_capitulation,2026-01-22,2026-01-22 05:33:00+00:00,NSE_FO|58693|27-01-2026,2026-01-27,CE,25250.0,149.55,-4.9147442326981094,-5.014744232698109,-5.9147442326981094,1.25,15.25,0.8358408559010364,5,-0.7294429708222916,-10.839269123567675,10.109826152745384,2.95069173465768,1.5628972194008242,0.0,0.0,0.0,-0.7294429708222916,8.865449241355439,-4.566652273147853,3.8372093023255616,-15.746478038371126,5,663
research_oof,fold_4,decelerating_capitulation,2026-01-23,2026-01-23 04:34:00+00:00,NSE_FO|58693|27-01-2026,2026-01-27,CE,25250.0,153.85,-5.427364315892099,-5.527364315892099,-6.427364315892099,14.150000000000006,11.150000000000006,9.197270068248297,5,-1.1225144323284142,-10.724454286618169,9.601939854289755,1.231584744595897,-1.1562921398262136,0.04321812846429736,0.0,0.0,-0.5104305370617013,8.301494057414406,0.5284289638979867,-1.6509433962264008,-13.559979901313168,4,604
research_oof,fold_4,decelerating_capitulation,2026-01-23,2026-01-23 08:47:00+00:00,NSE_FO|58664|27-01-2026,2026-01-27,PE,25050.0,89.5,13.966480446927374,13.866480446927374,12.966480446927374,13.950000000000003,2.9000000000000057,15.586592178770953,5,-1.0503040353786686,-9.570418705818373,8.520114670439703,1.6269152371573186,0.21203307147928463,-0.007938121621850591,0.0,0.0,-0.5469121705205027,6.811868350183875,0.2931963277295391,-1.3435003631082076,-5.369854682288288,4,857
research_oof,fold_4,decelerating_capitulation,2026-01-27,2026-01-27 04:30:00+00:00,NSE_FO|58667|27-01-2026,2026-01-27,CE,25150.0,84.85,-6.482027106658809,-6.582027106658809,-7.482027106658809,10.650000000000006,8.399999999999991,12.55156157925752,5,-0.23515579071134995,-16.013437849944,15.778282059232652,1.3541668709490797,0.8021992518825178,0.05444485481139767,0.4,0.4,-0.16611295681063787,15.778282059232652,5.558447106090092,-5.793602896801442,-23.524099350702144,0,600
research_oof,fold_4,decelerating_capitulation,2026-01-27,2026-01-27 06:56:00+00:00,NSE_FO|58675|27-01-2026,2026-01-27,PE,25150.0,69.15,13.593637020968893,13.493637020968894,12.593637020968893,20.099999999999994,0.9000000000000057,29.067245119305845,5,-0.8602150537634357,-18.34862385321101,17.488408799447573,1.5444546048334422,0.21276006093347966,0.0,0.125,0.125,-0.5814697872248031,14.229874395554244,2.9383715186747206,-3.7985865724381562,-17.443446385522254,0,746
research_oof,fold_4,decelerating_capitulation,2026-02-01,2026-02-01 05:43:00+00:00,NSE_FO|49790|03-02-2026,2026-02-03,PE,25150.0,98.45,7.414931437277803,7.314931437277803,6.414931437277803,9.149999999999991,3.549999999999997,9.294057897409843,5,-0.7049345417925457,-15.237226277372251,14.532291735579705,1.2858757062146893,-0.727083257068248,0.01231294302966658,0.0,0.0,-1.4459665144596734,13.132304919070359,-2.7485880938570517,2.043653552064506,-7.449005264623977,2,673
research_oof,fold_4,decelerating_capitulation,2026-02-01,2026-02-01 06:24:00+00:00,NSE_FO|49790|03-02-2026,2026-02-03,PE,25150.0,123.0,0.8536585365853635,0.7536585365853635,-0.1463414634146365,11.0,14.0,8.94308943089431,5,-0.8064516129032251,-9.489344591877757,8.682892978974532,2.243292624290797,1.5609998914351164,0.02355786673116459,0.6,0.6,0.24494794856091406,7.904641549123225,5.338045348609266,-6.144496961512491,-7.9832284055071145,2,714
research_oof,fold_4,decelerating_capitulation,2026-02-06,2026-02-06 07:18:00+00:00,NSE_FO|42527|10-02-2026,2026-02-10,PE,25600.0,130.5,0.49808429118774383,0.3980842911877438,-0.5019157088122561,5.550000000000011,1.6999999999999886,4.2528735632184,5,-1.4004542013625998,-9.10458991723101,7.704135715868411,1.2127216083555596,0.012141417721494241,0.0,0.0,0.0,-1.0529878368776224,5.96364704786852,0.763288488695868,-2.1637426900584678,-8.369831683032702,4,768
research_oof,fold_4,decelerating_capitulation,2026-02-06,2026-02-06 08:27:00+00:00,NSE_FO|42529|10-02-2026,2026-02-10,PE,25650.0,118.2,-7.52961082910322,-7.629610829103219,-8.52961082910322,5.549999999999997,10.200000000000003,4.695431472081216,5,-0.2952340784479035,-9.682603455202887,9.387369376754984,1.4708151195680124,0.3827890631696238,0.0,0.25,0.25,-0.14761703922395175,8.260690473689575,-2.254920528615878,1.9596864501679745,-16.983847247464087,4,837
research_oof,fold_4,decelerating_capitulation,2026-02-23,2026-02-23 05:39:00+00:00,NSE_FO|64866|24-02-2026,2026-02-24,CE,25850.0,35.35,8.62800565770862,8.52800565770862,7.62800565770862,4.299999999999997,2.8000000000000043,12.164073550212155,5,-0.28208744710860323,-11.080332409972293,10.79824496286369,1.2319056486654252,0.3459962756052142,0.0,0.5714286,0.5714286,0.3054989816700493,10.190213861450747,0.018890731973408847,-0.3009781790820121,-9.21186926819093,1,669
research_oof,fold_4,decelerating_capitulation,2026-02-23,2026-02-23 08:01:00+00:00,NSE_FO|64859|24-02-2026,2026-02-24,PE,25650.0,88.5,3.78531073446327,3.68531073446327,2.78531073446327,7.0,1.4500000000000028,7.909604519774012,5,-0.1129943502824804,-12.169312169312175,12.056317819029694,1.7418546365914787,0.4898530718503129,0.0,0.5,0.375,-0.004698266939923146,8.597065940713854,-1.8242242968065425,1.7112299465240621,-12.074080787939211,1,811
research_oof,fold_1,mirror_stall_absorption,2025-04-02,2025-04-02 04:30:00+00:00,NSE_FO|54713|03-04-2025,2025-04-03,PE,23500.0,277.39,-6.128555463426944,-6.228555463426944,-7.128555463426944,0.0,25.98999999999998,0.0,5,-1.055823078295004,-13.492475350285416,12.436652271990411,1.400511836212412,0.9087085575238875,-0.002062564455139223,0.0,-0.125,-1.409236565739208,8.727372917520565,-3.1684991346330293,2.1126760563380254,-29.368805425143464,1,600
research_oof,fold_1,mirror_stall_absorption,2025-04-24,2025-04-24 04:15:00+00:00,NSE_FO|52002|30-04-2025,2025-04-30,CE,24400.0,150.25,0.09983361064892224,-0.00016638935107776698,-0.9001663893510777,1.75,7.400000000000006,1.1647254575707155,5,-0.2311756935270748,-10.570071258907365,10.338895565380291,1.437258153676064,0.5180947845409595,-0.014428609365318226,0.4,0.4,-0.02525252525252819,10.159451241124916,-0.9469651672112778,0.715789473684203,-11.655344546934355,6,585
research_oof,fold_1,mirror_stall_absorption,2025-05-02,2025-05-02 08:05:00+00:00,NSE_FO|38607|08-05-2025,2025-05-08,PE,24400.0,173.25,-0.23088023088023418,-0.3308802308802342,-1.2308802308802342,5.25,5.949999999999989,3.0303030303030303,5,-1.5301785208274188,-9.85130111524164,8.32112259441422,2.0939749905267147,0.15322483159473754,0.0,0.125,-0.25,-0.294210093278241,8.454059037584233,-2.9232405257441085,1.3930620049166897,-9.347353564296057,6,815
research_oof,fold_1,mirror_stall_absorption,2025-05-02,2025-05-02 08:32:00+00:00,NSE_FO|38598|08-05-2025,2025-05-08,CE,24200.0,298.05,2.315047810769997,2.215047810769997,1.3150478107699972,8.949999999999989,4.199999999999989,3.0028518704915244,5,-1.5038836555941182,-9.090909090909093,7.587025435314976,1.9137510170870626,0.11065907241659878,0.0,0.0,0.0,-2.4946236559139856,7.712250330102688,-2.359396963578908,0.8555133079847899,-14.873129908095617,6,842
research_oof,fold_2,mirror_stall_absorption,2025-05-29,2025-05-29 07:36:00+00:00,NSE_FO|61693|29-05-2025,2025-05-29,CE,24750.0,32.0,-8.750000000000002,-8.850000000000001,-9.750000000000002,7.75,4.199999999999999,24.21875,5,-0.9090909090909038,-16.46173149309913,15.552640584008227,1.6982939156172339,0.71289755116857,0.0,0.0,0.0,-1.8827181321276698,7.785473739308624,-8.358585858585844,7.449494949494939,-9.32993671491642,0,786
research_oof,fold_2,mirror_stall_absorption,2025-06-03,2025-06-03 06:05:00+00:00,NSE_FO|40476|05-06-2025,2025-06-05,PE,24700.0,218.45,13.481345845731296,13.381345845731296,12.481345845731296,34.20000000000002,2.0999999999999943,15.655756466010537,5,-0.5012531328320802,-9.941897998708837,9.440644865876758,1.534958694338102,-1.1803344751158573,0.0,0.0,-0.125,-0.5128801384905568,8.25835498487279,-2.734107997265911,2.232854864433831,-10.431757071682734,2,695
research_oof,fold_2,mirror_stall_absorption,2025-07-03,2025-07-03 05:57:00+00:00,NSE_FO|56960|03-07-2025,2025-07-03,PE,25600.0,62.65,28.411811652035123,28.31181165203512,27.411811652035123,24.15,0.25,38.547486033519554,5,-0.9463722397476393,-9.785932721712543,8.839560481964904,1.5176085701456155,0.3784847659032753,0.0,0.375,0.0,-0.47318611987381964,5.0503930869146565,-24.587676587573736,23.641304347826097,-36.10310459786079,0,687
research_oof,fold_2,mirror_stall_absorption,2025-07-09,2025-07-09 09:05:00+00:00,NSE_FO|40047|10-07-2025,2025-07-10,CE,25450.0,92.8,3.5021551724137936,3.4021551724137935,2.5021551724137936,8.5,1.7999999999999972,9.15948275862069,5,-0.6420545746388506,-13.392857142857139,12.750802568218289,2.429965589214193,-0.19566567771107968,0.0,0.0,0.0,-0.6420545746388451,10.845968204299428,-9.210602961735626,8.568548387096776,-33.21385902031062,1,875
research_oof,fold_2,mirror_stall_absorption,2025-07-10,2025-07-10 07:03:00+00:00,NSE_FO|40048|10-07-2025,2025-07-10,PE,25450.0,70.05,-14.346895074946463,-14.446895074946463,-15.346895074946463,0.9500000000000028,12.049999999999997,1.3561741613133516,5,-1.5427769985974726,-9.020979020979025,7.478202022381552,1.98879911861917,1.1675006599549944,0.006759477963666445,0.0,0.0,-1.447948953248973,7.96857694154564,-8.347510726408148,6.8047337278106745,-22.189349112426026,0,753
research_oof,fold_2,mirror_stall_absorption,2025-07-15,2025-07-15 05:26:00+00:00,NSE_FO|47288|17-07-2025,2025-07-17,PE,25200.0,84.8,-11.261792452830186,-11.361792452830185,-12.261792452830186,0.20000000000000284,9.799999999999997,0.23584905660377695,5,-0.4117647058823448,-9.164420485175206,8.752655779292862,1.9424253328535444,0.18748648054874661,0.0,0.375,0.125,-0.2058823529411724,7.0389694339274165,-1.936154949784774,1.5243902439024293,-14.556690837178655,2,656
research_oof,fold_2,mirror_stall_absorption,2025-07-23,2025-07-23 04:19:00+00:00,NSE_FO|49496|24-07-2025,2025-07-24,CE,25150.0,43.05,4.878048780487808,4.778048780487809,3.8780487804878083,5.25,2.6999999999999957,12.195121951219514,5,-0.46136101499424376,-10.282485875706204,9.82112486071196,1.3415034682222604,0.36196965611902254,0.0,0.0,0.0,-0.30030030030028243,9.153170896154672,-1.703229731729905,1.2418687167356612,-13.234206389260716,1,589
research_oof,fold_3,mirror_stall_absorption,2025-08-11,2025-08-11 09:05:00+00:00,NSE_FO|44471|14-08-2025,2025-08-14,PE,24450.0,57.9,-4.749568221070812,-4.849568221070812,-5.749568221070812,0.10000000000000142,4.449999999999996,0.1727115716753047,5,-1.1925042589437829,-13.312930374904353,12.12042611596057,2.142380793597866,0.570162410736774,0.0,0.0,0.0,-1.5873015873015928,10.378437680032837,-2.473507257035912,1.281002998092129,-8.927269222500422,3,875
research_oof,fold_3,mirror_stall_absorption,2025-08-12,2025-08-12 05:05:00+00:00,NSE_FO|44492|14-08-2025,2025-08-14,CE,24600.0,106.85,-2.901263453439396,-3.001263453439396,-3.901263453439396,4.150000000000006,9.299999999999997,3.8839494618624295,5,-1.292108906322098,-15.350488021295472,14.058379114973373,1.6425011822050852,0.3130479065876104,0.08529320001782822,0.0,0.0,-1.151079136690647,13.020785035173532,-1.7060651452339926,0.4139562389118945,-27.634824248892965,2,635
research_oof,fold_3,mirror_stall_absorption,2025-12-01,2025-12-01 08:36:00+00:00,NSE_FO|46817|02-12-2025,2025-12-02,PE,26350.0,152.1,2.9585798816568047,2.8585798816568047,1.9585798816568047,8.900000000000006,3.75,5.85141354372124,5,-0.6831489915419486,-15.656712090461,14.973563098919051,4.852682145716574,0.8702962369895921,0.0,0.125,-0.125,-0.6013957387558,11.573368778369662,-0.9246948852617565,0.24154589371980784,-30.74436959923794,1,846
research_oof,fold_3,mirror_stall_absorption,2025-12-03,2025-12-03 04:38:00+00:00,NSE_FO|41907|09-12-2025,2025-12-09,CE,26100.0,74.8,0.0,-0.1,-1.0,0.4000000000000057,2.700000000000003,0.5347593582887776,5,-1.3157894736842146,-11.646341463414632,10.330551989730418,1.4759676733304976,0.18341131433432567,0.0,0.0,0.0,-1.4245014245014231,9.457815966456563,-1.6618900735919317,0.34610059990771713,-9.273040025092282,6,608
research_oof,fold_3,mirror_stall_absorption,2025-12-08,2025-12-08 07:02:00+00:00,NSE_FO|41881|09-12-2025,2025-12-09,CE,25950.0,139.25,-0.8976660682226212,-0.9976660682226212,-1.8976660682226212,0.6999999999999886,5.050000000000011,0.5026929982046597,5,-1.3780918727915092,-9.800065552277948,8.421973679486438,2.1333333333333333,-1.9274200081004458,0.0,0.0,0.0,-1.8120905469540483,8.650130928695038,-14.287927938365298,12.909836065573788,-19.503957037874482,1,752
research_oof,fold_3,mirror_stall_absorption,2025-12-09,2025-12-09 08:09:00+00:00,NSE_FO|41879|09-12-2025,2025-12-09,CE,25900.0,34.3,-20.116618075801746,-20.216618075801748,-21.116618075801746,3.5500000000000043,8.999999999999996,10.349854227405261,5,-0.4341534008682979,-24.164524421593825,23.730371020725528,1.2588638646532904,0.08109144504011168,0.0,0.0,0.0,-1.388888888888895,26.242236024844722,-1.6841534008682935,1.2499999999999956,-26.363412228796857,0,819
research_oof,fold_3,mirror_stall_absorption,2025-12-16,2025-12-16 06:53:00+00:00,NSE_FO|48221|16-12-2025,2025-12-16,PE,25900.0,34.65,-20.77922077922078,-20.87922077922078,-21.77922077922078,0.05000000000000426,7.599999999999998,0.1443001443001566,5,-1.1428571428571344,-9.577464788732392,8.434607645875257,1.4307864700057331,0.2870482389656981,0.04107832588241204,0.25,0.25,-1.0743021346469483,9.432687904301083,-2.079186730872107,0.9363295880149725,-9.983210641870066,0,743
research_oof,fold_3,mirror_stall_absorption,2025-12-18,2025-12-18 04:54:00+00:00,NSE_FO|56995|23-12-2025,2025-12-23,PE,25850.0,98.55,0.9639776763064464,0.8639776763064464,-0.036022323693553626,6.049999999999997,0.7000000000000028,6.139015728056822,5,-1.3513513513513598,-9.265482477196352,7.9141311258449925,1.4966808383680168,-0.6218300905937317,0.0,0.0,-0.25,-1.3546590548537019,6.915811189989002,-3.742470053315494,2.3911187019641345,-13.627187934191465,5,624
research_oof,fold_4,mirror_stall_absorption,2025-12-29,2025-12-29 08:58:00+00:00,NSE_FO|65634|30-12-2025,2025-12-30,PE,26150.0,196.3,-2.954661232806934,-3.054661232806934,-3.954661232806934,3.0,6.0,1.5282730514518592,5,-1.0606060606060619,-12.079439252336444,11.018833191730382,2.288811459543167,1.363910273772416,0.0,0.0,0.0,-0.6926996472039815,8.821861535375653,-2.449494949494946,1.388888888888884,-21.09173126614987,1,868
research_oof,fold_4,mirror_stall_absorption,2026-01-08,2026-01-08 05:55:00+00:00,NSE_FO|46185|13-01-2026,2026-01-13,CE,26150.0,43.65,3.3218785796105452,3.221878579610545,2.3218785796105452,1.8500000000000014,0.0,4.238258877434139,5,-0.34207525655644,-9.148264984227117,8.806189727670677,1.7951026682771494,0.3446248717622533,0.004790172798871517,0.16666667,0.16666667,-0.6351726493752652,7.965162234420797,-4.374333321072566,4.0322580645161255,-10.72810653413132,5,685
research_oof,fold_4,mirror_stall_absorption,2026-01-16,2026-01-16 09:04:00+00:00,NSE_FO|47614|20-01-2026,2026-01-20,PE,25700.0,92.65,-1.5650296815974125,-1.6650296815974126,-2.5650296815974123,10.599999999999994,4.050000000000011,11.440906637884504,5,-1.0678056593699914,-10.312345066931083,9.244539407561092,1.2298507462686568,0.10913803217400209,0.0,0.0,0.0,-1.3894736842105293,8.490412649200286,-2.78738237894669,1.7195767195766987,-8.809201942098555,4,874
research_oof,fold_4,mirror_stall_absorption,2026-01-20,2026-01-20 04:30:00+00:00,NSE_FO|47614|20-01-2026,2026-01-20,PE,25700.0,238.75,-2.2408376963350762,-2.3408376963350763,-3.2408376963350762,3.9000000000000057,9.849999999999994,1.6335078534031438,5,-0.7476635514018781,-9.55066741868772,8.803003867285842,1.3685636856368564,0.883791202655846,0.0,0.0,0.0,-1.8996270076882094,8.492411024552016,-1.493932208118287,0.746268656716409,-9.571191660743917,0,600
research_oof,fold_4,mirror_stall_absorption,2026-01-21,2026-01-21 05:17:00+00:00,NSE_FO|58663|27-01-2026,2026-01-27,CE,25050.0,170.5,-1.9354838709677487,-2.0354838709677487,-2.9354838709677487,1.0999999999999943,7.099999999999994,0.6451612903225773,5,-1.0724637681159388,-10.28828352287755,9.215819754761611,2.789325842696629,-0.23033707865168562,0.0,0.0,0.0,-0.8233276157804337,9.521920931258753,-5.524403059852867,4.451939291736928,-16.37978962624538,6,647
research_oof,fold_4,mirror_stall_absorption,2026-01-21,2026-01-21 07:12:00+00:00,NSE_FO|58694|27-01-2026,2026-01-27,PE,25250.0,154.75,-7.625201938610669,-7.7252019386106685,-8.625201938610669,0.9000000000000057,16.75,0.5815831987075966,5,-0.7062600321027235,-10.175763182238672,9.46950315013595,3.041785534485652,0.6014431951669743,0.0,0.6,0.6,0.08583690987125081,9.784412784153961,-3.7374816144003953,3.031221582297672,-14.621511536673392,6,762
research_oof,fold_4,mirror_stall_absorption,2026-01-22,2026-01-22 05:33:00+00:00,NSE_FO|58693|27-01-2026,2026-01-27,CE,25250.0,149.55,-4.9147442326981094,-5.014744232698109,-5.9147442326981094,1.25,15.25,0.8358408559010364,5,-0.7294429708222916,-10.839269123567675,10.109826152745384,2.95069173465768,1.5628972194008242,0.0,0.0,0.0,-0.7294429708222916,8.865449241355439,-4.566652273147853,3.8372093023255616,-15.746478038371126,5,663
research_oof,fold_4,mirror_stall_absorption,2026-01-27,2026-01-27 07:04:00+00:00,NSE_FO|58665|27-01-2026,2026-01-27,CE,25100.0,67.6,-8.21005917159763,-8.31005917159763,-9.21005917159763,3.25,15.599999999999994,4.807692307692308,5,-1.238164603059011,-13.721552878179388,12.483388275120376,1.6441848567530695,0.6619440744558144,0.0,0.0,0.0,-1.6000000000000014,13.999173553719002,-1.8751072782182465,0.6369426751592355,-14.265018109154504,0,754
research_oof,fold_4,mirror_stall_absorption,2026-02-01,2026-02-01 05:43:00+00:00,NSE_FO|49790|03-02-2026,2026-02-03,PE,25150.0,98.45,7.414931437277803,7.314931437277803,6.414931437277803,9.149999999999991,3.549999999999997,9.294057897409843,5,-0.7049345417925457,-15.237226277372251,14.532291735579705,1.2858757062146893,-0.727083257068248,0.01231294302966658,0.0,0.0,-1.4459665144596734,13.132304919070359,-2.7485880938570517,2.043653552064506,-7.449005264623977,2,673
research_oof,fold_4,mirror_stall_absorption,2026-02-06,2026-02-06 08:27:00+00:00,NSE_FO|42529|10-02-2026,2026-02-10,PE,25650.0,118.2,-7.52961082910322,-7.629610829103219,-8.52961082910322,5.549999999999997,10.200000000000003,4.695431472081216,5,-0.2952340784479035,-9.682603455202887,9.387369376754984,1.4708151195680124,0.3827890631696238,0.0,0.25,0.25,-0.14761703922395175,8.260690473689575,-2.254920528615878,1.9596864501679745,-16.983847247464087,4,837
research_oof,fold_4,mirror_stall_absorption,2026-02-23,2026-02-23 08:01:00+00:00,NSE_FO|64859|24-02-2026,2026-02-24,PE,25650.0,88.5,3.78531073446327,3.68531073446327,2.78531073446327,7.0,1.4500000000000028,7.909604519774012,5,-0.1129943502824804,-12.169312169312175,12.056317819029694,1.7418546365914787,0.4898530718503129,0.0,0.5,0.375,-0.004698266939923146,8.597065940713854,-1.8242242968065425,1.7112299465240621,-12.074080787939211,1,811
research_oof,fold_1,surface_breadth_recovery,2025-03-21,2025-03-21 04:16:00+00:00,NSE_FO|49835|27-03-2025,2025-03-27,PE,23250.0,114.4,2.840909090909091,2.7409090909090907,1.8409090909090908,7.599999999999994,1.1500000000000057,6.643356643356638,5,-2.789518174133554,-13.325517780382956,10.535999606249401,1.3775449693615338,-0.5306034859567328,0.0,0.0,0.0,-3.855721393034839,10.569565963286998,-3.4823588207848033,0.6928406466512493,-14.903897678033708,6,586
research_oof,fold_1,surface_breadth_recovery,2025-03-21,2025-03-21 04:34:00+00:00,NSE_FO|48251|27-03-2025,2025-03-27,CE,23050.0,278.0,2.5179856115107913,2.417985611510791,1.5179856115107913,15.0,6.699999999999989,5.39568345323741,5,-2.06823404631431,-5.946902654867259,3.8786686085529487,1.3752711496746204,0.5422993492407809,0.0,0.0,0.0,-2.8079282680509743,3.8786686085529487,-4.336478622251194,2.268244575936884,-8.242560925045428,6,604
research_oof,fold_1,surface_breadth_recovery,2025-03-24,2025-03-24 04:21:00+00:00,NSE_FO|49835|27-03-2025,2025-03-27,PE,23250.0,41.45,-10.25331724969843,-10.35331724969843,-11.25331724969843,2.4499999999999957,4.5,5.910735826296733,5,-13.811007268951192,-19.140225179119753,5.329217910168561,1.210454669207732,-0.662129049823033,0.07067051101159438,0.0,0.0,-14.59999999999999,5.287929236200261,-20.383888624883383,6.572881355932192,-3.889238554736063,3,591
research_oof,fold_1,surface_breadth_recovery,2025-03-24,2025-03-24 05:21:00+00:00,NSE_FO|49835|27-03-2025,2025-03-27,PE,23250.0,35.9,2.0891364902506964,1.9891364902506963,1.0891364902506964,0.9500000000000028,1.1999999999999957,2.6462395543175568,5,-3.1081081081081097,-5.897771952817821,2.789663844709711,1.3539906103286385,0.0678606394266017,-0.0025604096655464873,0.0,0.0,-1.5936254980079778,2.85511724860712,-8.252087165699717,5.143979057591608,-1.0977208096062618,3,651
research_oof,fold_1,surface_breadth_recovery,2025-03-28,2025-03-28 04:31:00+00:00,NSE_FO|54715|03-04-2025,2025-04-03,PE,23550.0,127.6,2.2727272727272774,2.1727272727272773,1.2727272727272774,7.090000000000003,6.3999999999999915,5.556426332288404,5,-0.49789352738415227,-7.240487624676762,6.74259409729261,1.3222625090645395,0.34938361131254525,0.0,0.25,0.0,-0.8375646498709366,5.055715863770599,0.0006401969560254628,-0.49853372434017773,-6.826873681539814,6,601
research_oof,fold_1,surface_breadth_recovery,2025-03-28,2025-03-28 05:02:00+00:00,NSE_FO|54756|03-04-2025,2025-04-03,PE,23700.0,173.6,-9.274193548387094,-9.374193548387094,-10.274193548387094,0.0,22.299999999999983,0.0,5,-12.275449101796399,-13.365617433414045,1.0901683316176456,2.773218142548596,0.022340949566139745,0.0,0.375,0.0,-12.74111160361604,0.5444325242318317,-31.601514513094706,19.32606541129831,-4.20640212116923,6,632
research_oof,fold_1,surface_breadth_recovery,2025-04-01,2025-04-01 04:17:00+00:00,NSE_FO|54714|03-04-2025,2025-04-03,CE,23550.0,109.5,-15.70776255707763,-15.807762557077629,-16.70776255707763,0.25,19.299999999999997,0.228310502283105,5,-4.336283185840717,-17.318900915903413,12.982617730062696,1.2040482089614917,0.1167716579625433,0.0,0.0,0.0,-4.575645756457558,14.377110985562744,-2.9907762180367836,-1.3455069678039333,-12.253675410218955,2,587
research_oof,fold_1,surface_breadth_recovery,2025-04-01,2025-04-01 04:33:00+00:00,NSE_FO|54716|03-04-2025,2025-04-03,CE,23600.0,54.7,-1.6453382084095167,-1.7453382084095168,-2.645338208409517,3.549999999999997,4.800000000000004,6.489945155393048,5,-17.74436090225564,-24.694024478041765,6.949663575786126,1.2192168733522117,-0.42075969143638314,0.029165036727952363,0.0,0.0,-17.74436090225564,5.561616154153061,-29.526737404258284,11.782376502002645,-5.388725129793691,2,603
research_oof,fold_1,surface_breadth_recovery,2025-04-02,2025-04-02 04:59:00+00:00,NSE_FO|54713|03-04-2025,2025-04-03,PE,23500.0,236.55,0.6552525893045795,0.5552525893045795,-0.3447474106954205,18.549999999999983,0.0,7.841893891354886,5,-9.597701149425287,-12.648510327179686,3.050809177754399,1.3901808785529717,-0.28811369509043927,0.0,0.375,0.125,-6.640719890342867,2.8115833170061615,-29.19092148840834,19.593220338983052,-9.450897308075781,1,629
research_oof,fold_1,surface_breadth_recovery,2025-04-03,2025-04-03 04:16:00+00:00,NSE_FO|43887|09-04-2025,2025-04-09,CE,23050.0,290.95,4.983674170819729,4.883674170819729,3.9836741708197287,14.5,0.6999999999999886,4.983674170819729,5,-6.820657397321705,-7.795741956138958,0.9750845588172528,1.4047619047619047,1.0590828924162257,0.0,0.0,0.0,-8.64197530864198,0.8662214126694874,-16.657677187775697,9.837019790453994,-0.5038236526424775,6,586
research_oof,fold_1,surface_breadth_recovery,2025-04-03,2025-04-03 04:37:00+00:00,NSE_FO|43893|09-04-2025,2025-04-09,PE,23100.0,95.8,-0.3131524008350701,-0.4131524008350701,-1.3131524008350701,1.6000000000000085,1.7999999999999972,1.6701461377870652,5,-8.238095238095244,-10.722610722610726,2.484515484515482,1.195551436515292,-0.5490086391706115,0.0,0.0,0.0,-8.238095238095244,2.1544579157362405,-14.803069171286975,6.564973933191731,-0.5848600187520203,6,607
research_oof,fold_1,surface_breadth_recovery,2025-04-04,2025-04-04 04:17:00+00:00,NSE_FO|43887|09-04-2025,2025-04-09,CE,23050.0,153.0,-16.307189542483652,-16.407189542483653,-17.307189542483652,3.3000000000000114,28.099999999999994,2.1568627450980467,5,-9.893992932862194,-16.171617161716178,6.277624228853984,1.27007299270073,0.4500223918152144,0.0,0.0,0.0,-11.111111111111105,7.390059849076236,-17.954353624801843,8.06036069193965,-6.625222130146247,5,587
research_oof,fold_1,surface_breadth_recovery,2025-04-04,2025-04-04 04:42:00+00:00,NSE_FO|43892|09-04-2025,2025-04-09,CE,23100.0,83.85,-2.3255813953488236,-2.4255813953488237,-3.3255813953488236,0.7000000000000028,10.849999999999994,0.8348240906380475,5,-6.20458356623812,-12.643051771117165,6.438468204879045,1.4154371418119742,0.5546884526277284,0.016526672329358963,0.0,0.0,-6.672443674176776,6.438468204879045,-9.687286143438033,3.4827025771999143,-7.18080453180483,5,612
research_oof,fold_1,surface_breadth_recovery,2025-04-08,2025-04-08 07:35:00+00:00,NSE_FO|43887|09-04-2025,2025-04-09,CE,23050.0,32.65,4.134762633996942,4.034762633996943,3.1347626339969423,1.8900000000000006,2.599999999999998,5.788667687595714,5,-5.588235294117638,-11.756935270805824,6.1686999766881865,2.0410628019323673,1.563795783595266,0.0,0.0,0.0,-4.260651629072676,6.352201257861645,-9.864097363083168,4.27586206896553,-1.9378710064696714,1,785
research_oof,fold_1,surface_breadth_recovery,2025-04-08,2025-04-08 08:08:00+00:00,NSE_FO|43887|09-04-2025,2025-04-09,CE,23050.0,36.9,-6.775067750677508,-6.875067750677507,-7.775067750677508,2.1000000000000014,7.949999999999999,5.69105691056911,5,-16.195899772209565,-17.386363636363633,1.1904638641540686,1.6582714259829678,0.2791208468323887,0.0,0.0,0.0,-16.042780748663098,0.935828877005342,-23.356658812667863,7.160759040458298,-3.406160889407283,1,818
research_oof,fold_1,surface_breadth_recovery,2025-04-11,2025-04-11 04:41:00+00:00,NSE_FO|48198|17-04-2025,2025-04-17,CE,22800.0,268.95,2.193716304145765,2.0937163041457647,1.1937163041457648,12.050000000000011,2.4499999999999886,4.48038668897565,5,-5.6625659050966615,-11.591520861372807,5.928954956276145,1.87591334444302,0.3832841943340597,0.0,0.0,0.0,-4.961886955271111,5.319004147537808,-6.327491101012117,0.6649251959154556,-6.070318497447258,6,611
research_oof,fold_1,surface_breadth_recovery,2025-04-11,2025-04-11 05:08:00+00:00,NSE_FO|48190|17-04-2025,2025-04-17,CE,22750.0,249.2,5.337078651685398,5.237078651685398,4.337078651685398,14.550000000000011,7.5,5.838683788121996,5,-15.354663958015923,-16.474966170500682,1.1203022124847593,4.233795013850416,-1.5213296398891965,0.0,0.0,0.0,-14.862804878048784,0.8231707317073127,-35.45204020903026,20.09737625101433,0.3396373546482607,6,638
research_oof,fold_1,surface_breadth_recovery,2025-04-21,2025-04-21 04:15:00+00:00,NSE_FO|79546|24-04-2025,2025-04-24,PE,24050.0,185.9,11.323292092522852,11.223292092522852,10.323292092522852,21.44999999999999,2.3000000000000114,11.538461538461533,5,-0.37735849056602655,-6.521739130434789,6.144380639868762,3.3333333333333335,1.2444444444444445,0.24927486777000513,0.0,0.0,-1.0009093633063237,6.092075783415557,1.0925057755567735,-1.4698642661228,-4.2086283110666205,3,585
research_oof,fold_1,surface_breadth_recovery,2025-04-21,2025-04-21 04:31:00+00:00,NSE_FO|79537|24-04-2025,2025-04-24,CE,24050.0,145.85,7.199177236887214,7.099177236887214,6.199177236887214,18.099999999999994,3.299999999999983,12.410010284538906,5,-1.1620795107033732,-5.569877883310726,4.407798372607353,1.2811619979250037,-0.43560100785534317,0.0,0.25,0.125,-0.1945877462333212,2.206548282863757,2.3164355433743955,-3.4785150540777687,-4.087563777975678,3,601
research_oof,fold_1,surface_breadth_recovery,2025-04-22,2025-04-22 04:24:00+00:00,NSE_FO|79537|24-04-2025,2025-04-24,CE,24050.0,155.0,6.580645161290315,6.480645161290315,5.580645161290315,20.94999999999999,5.060000000000002,13.516129032258057,5,-10.775862068965514,-13.635093601564673,2.859231532599159,1.2673695593403622,-0.08056231413895643,-0.010802203477362713,0.0,0.0,-9.645474351356697,1.8529196463764936,-36.55983419440106,25.78397212543555,1.8052865126469086,2,594
research_oof,fold_1,surface_breadth_recovery,2025-04-22,2025-04-22 05:01:00+00:00,NSE_FO|79529|24-04-2025,2025-04-24,CE,24000.0,234.6,1.8755328218243845,1.7755328218243844,0.8755328218243845,4.900000000000006,3.5999999999999943,2.088661551577155,5,-1.316339323025495,-8.723186925434112,7.406847602408616,1.2733084709643048,0.2908897176345232,0.0,0.0,0.0,-1.316339323025495,7.406847602408616,-8.48819317958841,7.171853856562915,-4.774454868269306,2,631
research_oof,fold_1,surface_breadth_recovery,2025-04-23,2025-04-23 04:38:00+00:00,NSE_FO|79537|24-04-2025,2025-04-24,CE,24050.0,215.5,-9.46635730858469,-9.56635730858469,-10.46635730858469,8.050000000000011,21.05000000000001,3.7354988399071978,5,-16.326133489005635,-18.774888732724282,2.4487552437186473,4.976897689768977,-0.6072607260726066,0.0,0.0,0.0,-12.935251798561143,2.4866612868481113,-81.66704257991472,65.34090909090908,-9.230519480519504,1,608
research_oof,fold_1,surface_breadth_recovery,2025-04-23,2025-04-23 04:54:00+00:00,NSE_FO|79529|24-04-2025,2025-04-24,CE,24000.0,236.35,7.044637190607153,6.944637190607153,6.044637190607153,16.650000000000006,8.049999999999983,7.044637190607153,5,-2.766960442713673,-8.537782139352302,5.770821696638629,1.3688573120189462,0.9950603545523209,-0.005069217865767111,0.0,0.0,-2.476857643232422,5.238881097990921,-6.308627109380338,3.541666666666665,-17.28213196033561,1,624
research_oof,fold_1,surface_breadth_recovery,2025-04-24,2025-04-24 04:15:00+00:00,NSE_FO|52002|30-04-2025,2025-04-30,CE,24400.0,150.25,0.09983361064892224,-0.00016638935107776698,-0.9001663893510777,1.75,7.400000000000006,1.1647254575707155,5,-0.2311756935270748,-10.570071258907365,10.338895565380291,1.437258153676064,0.5180947845409595,-0.014428609365318226,0.4,0.4,-0.02525252525252819,10.159451241124916,-0.9469651672112778,0.715789473684203,-11.655344546934355,6,585
research_oof,fold_1,surface_breadth_recovery,2025-04-24,2025-04-24 04:45:00+00:00,NSE_FO|52004|30-04-2025,2025-04-30,PE,24400.0,226.0,2.3008849557522075,2.2008849557522074,1.3008849557522075,5.199999999999989,2.8000000000000114,2.3008849557522075,5,-4.086385771755241,-6.622653187538674,2.536267415783433,1.4755555555555555,0.008888888888888946,0.0,0.0,0.0,-4.122714349635537,2.9294570181111976,-7.373380704846055,3.2869949330908144,-3.3348538064049693,6,615
research_oof,fold_1,surface_breadth_recovery,2025-04-25,2025-04-25 04:15:00+00:00,NSE_FO|51990|30-04-2025,2025-04-30,CE,24250.0,178.65,-12.510495382031902,-12.610495382031901,-13.510495382031902,2.4499999999999886,29.710000000000008,1.3713965855023724,5,-5.069976234486395,-7.650414937759331,2.580438703272936,2.363150867823765,0.2942966451233886,0.06077238084404504,0.0,0.0,-4.733475479744131,2.580438703272936,-14.595156090601513,9.525179856115118,-1.1344196727423483,5,585
research_oof,fold_1,surface_breadth_recovery,2025-04-25,2025-04-25 04:35:00+00:00,NSE_FO|51990|30-04-2025,2025-04-30,CE,24250.0,98.35,17.234367056431118,17.134367056431117,16.234367056431118,17.650000000000006,0.3499999999999943,17.946110828673113,5,-12.103617686467171,-18.142292490118585,6.038674803651414,1.2664410500320131,0.33860788438671907,0.0,0.0,0.0,-12.139791538933164,5.64625549963068,-29.2743842211592,17.170766534692028,-19.367695003769512,5,605
research_oof,fold_1,surface_breadth_recovery,2025-04-28,2025-04-28 04:24:00+00:00,NSE_FO|52000|30-04-2025,2025-04-30,CE,24350.0,63.4,14.43217665615142,14.33217665615142,13.43217665615142,11.850000000000001,3.8500000000000014,18.690851735015777,5,-0.31948881789137795,-14.33878157503714,14.019292757145763,1.2052547770700637,0.24171974522292994,0.008982259570494864,0.33333334,0.33333334,-0.15974440894568898,13.316856043132447,3.1420496436470824,-3.4615384615384603,-12.624490417952515,2,594
research_oof,fold_1,surface_breadth_recovery,2025-04-28,2025-04-28 04:47:00+00:00,NSE_FO|51999|30-04-2025,2025-04-30,PE,24300.0,123.6,-0.9304207119741031,-1.0304207119741031,-1.930420711974103,5.25,7.599999999999994,4.247572815533981,5,-4.640371229698381,-8.937007874015745,4.296636644317363,1.4233576642335766,-0.009841511186075902,0.0,0.0,0.0,-4.647991737298174,2.8173683143553285,-8.338596081769388,3.698224852071008,-1.60229573477233,2,617
research_oof,fold_1,surface_breadth_recovery,2025-04-29,2025-04-29 04:15:00+00:00,NSE_FO|51990|30-04-2025,2025-04-30,CE,24250.0,149.69,-13.026922306099273,-13.126922306099273,-14.026922306099273,2.3100000000000023,24.689999999999998,1.5431892577994537,5,-3.246339910884788,-17.724222086638196,14.477882175753408,2.521266968325792,0.9519771410705136,0.05706839219915521,0.0,0.0,-3.774587985114297,14.477882175753408,-18.980236426196285,15.733896515311496,-40.948681050320985,1,585
research_oof,fold_1,surface_breadth_recovery,2025-04-29,2025-04-29 04:47:00+00:00,NSE_FO|51994|30-04-2025,2025-04-30,CE,24300.0,98.7,-0.20263424518743955,-0.30263424518743953,-1.2026342451874394,2.549999999999997,10.700000000000003,2.5835866261398146,5,-9.195402298850574,-12.358019082235339,3.162616783384765,1.255337491759217,-0.091485369440641,0.0,0.0,0.0,-9.195402298850574,3.8835995085995094,-13.229537287213644,4.0341349883630695,-4.978404196589903,1,617
research_oof,fold_1,surface_breadth_recovery,2025-04-30,2025-04-30 04:23:00+00:00,NSE_FO|52004|30-04-2025,2025-04-30,PE,24400.0,47.55,15.247108307045215,15.147108307045215,14.247108307045215,10.200000000000003,1.2999999999999972,21.45110410094638,5,-16.415261756876664,-19.835390946502052,3.4201291896253885,1.355198779602999,0.045831273018620555,0.0,0.375,0.125,-11.257739810900201,0.9539771269629127,-78.91526175687666,62.5,-4.369300911854097,0,593
research_oof,fold_1,surface_breadth_recovery,2025-04-30,2025-04-30 04:46:00+00:00,NSE_FO|51994|30-04-2025,2025-04-30,CE,24300.0,58.6,-11.945392491467576,-12.045392491467576,-12.945392491467576,5.699999999999996,8.700000000000003,9.726962457337876,5,-3.0402629416598215,-11.994219653179194,8.953956711519371,1.8470266040688577,0.9076682316118937,0.0,0.0,0.0,-3.0402629416598215,8.953956711519371,5.670538452068397,-8.710801393728218,-4.199523198239485,0,616
research_oof,fold_1,surface_breadth_recovery,2025-05-02,2025-05-02 05:01:00+00:00,NSE_FO|38606|08-05-2025,2025-05-08,CE,24400.0,279.1,-11.608742386241502,-11.708742386241502,-12.608742386241502,5.899999999999977,32.400000000000034,2.1139376567538433,5,-9.165169090017978,-12.042465536365077,2.877296446347099,3.0584594222833563,-0.8401342120615736,0.0,0.0,0.0,-8.631496474275258,2.360181057228651,-19.01738583878646,9.852216748768484,-5.080101356138455,6,631
research_oof,fold_1,surface_breadth_recovery,2025-05-02,2025-05-02 05:27:00+00:00,NSE_FO|38606|08-05-2025,2025-05-08,CE,24400.0,218.95,0.8906142955012639,0.7906142955012639,-0.10938570449873608,9.100000000000023,5.349999999999994,4.156200045672539,5,-9.015544041450774,-19.20542635658915,10.189882315138377,3.4933455713630104,0.7339758298913872,0.1390773405698779,0.0,0.0,-8.403208166241349,9.257189463951741,-23.007667206506266,13.992123165055492,-14.700184527252215,6,657
research_oof,fold_1,surface_breadth_recovery,2025-05-05,2025-05-05 04:24:00+00:00,NSE_FO|38599|08-05-2025,2025-05-08,PE,24200.0,49.75,-7.236180904522616,-7.336180904522616,-8.236180904522616,1.5,4.549999999999997,3.015075376884422,5,-13.898601398601407,-18.058870326173427,4.1602689275720195,1.546743295019157,0.7787356321839081,0.030683297508401198,0.125,0.125,-14.19413666527884,3.0410185304026727,-29.32213657079007,15.423535172188663,1.0705939957180721,3,594
research_oof,fold_1,surface_breadth_recovery,2025-05-05,2025-05-05 05:02:00+00:00,NSE_FO|38607|08-05-2025,2025-05-08,PE,24400.0,77.8,-6.053984575835468,-6.153984575835468,-7.053984575835468,2.75,5.0,3.534704370179949,5,-8.762581409117832,-12.61210762331838,3.849526214200548,1.388322267095626,-0.16222876309124512,0.0,0.25,0.0,-6.370973336725016,2.1794278426810036,-15.644416565159448,6.881835156041616,-5.890663446529642,3,632
research_oof,fold_1,surface_breadth_recovery,2025-05-06,2025-05-06 04:24:00+00:00,NSE_FO|38606|08-05-2025,2025-05-08,CE,24400.0,87.5,-11.714285714285715,-11.814285714285715,-12.714285714285715,3.799999999999997,11.700000000000003,4.342857142857139,5,-16.36622390891841,-18.513573653760574,2.1473497448421632,1.5290367566490686,-0.13078991931467288,0.04897664873259748,0.0,0.0,-12.409638554216862,1.599770750540074,-40.74433336165474,24.37810945273633,-2.3060550267037563,2,594
research_oof,fold_1,surface_breadth_recovery,2025-05-06,2025-05-06 05:12:00+00:00,NSE_FO|38601|08-05-2025,2025-05-08,PE,24250.0,32.6,-5.674846625766875,-5.774846625766875,-6.674846625766875,0.6000000000000014,2.75,1.8404907975460165,5,-5.668604651162779,-7.391304347826089,1.7226996966633097,1.3236151603498543,0.7968901846452867,-0.008026911031202877,0.375,0.0,-5.479804971084035,1.2546716084615932,-10.597766398506348,4.929161747343569,-0.82098419544685,2,642
research_oof,fold_1,surface_breadth_recovery,2025-05-07,2025-05-07 04:19:00+00:00,NSE_FO|38604|08-05-2025,2025-05-08,CE,24350.0,92.0,-19.07608695652174,-19.17608695652174,-20.07608695652174,0.0,19.0,0.0,5,-26.566922765871414,-32.867969684882326,6.301046919010911,1.6183514774494556,-0.44362363919129066,0.0,0.0,0.0,-21.862473018809748,5.521764945005035,-36.22908492803359,9.66216216216218,-12.864575805752267,1,589
research_oof,fold_1,surface_breadth_recovery,2025-05-07,2025-05-07 04:40:00+00:00,NSE_FO|38602|08-05-2025,2025-05-08,CE,24300.0,85.8,1.0489510489510556,0.9489510489510556,0.04895104895105562,6.549999999999997,2.6499999999999915,7.634032634032631,5,-21.226196005573627,-25.48500881834216,4.258812812768532,1.7910390556130467,0.0510520869265263,0.0,0.0,0.0,-21.226196005573627,4.258812812768532,-47.11217443392492,25.885978428351297,-3.4235260395609757,1,610
research_oof,fold_1,surface_breadth_recovery,2025-05-08,2025-05-08 04:35:00+00:00,NSE_FO|38607|08-05-2025,2025-05-08,PE,24400.0,35.95,-4.728789986091802,-4.8287899860918015,-5.728789986091802,0.6999999999999957,3.200000000000003,1.9471488178024916,5,-18.100686498855843,-27.894156560088202,9.793470061232359,1.6680068925904652,-0.8726972163460864,0.0,0.375,0.125,-1.7777777777777726,11.32519325719374,-39.049303099646366,20.948616600790526,-15.306363478890763,0,605
research_oof,fold_1,surface_breadth_recovery,2025-05-08,2025-05-08 05:01:00+00:00,NSE_FO|38604|08-05-2025,2025-05-08,CE,24350.0,43.15,5.0984936268829735,4.998493626882974,4.0984936268829735,7.050000000000004,0.04999999999999716,16.338354577056787,5,-10.802469135802472,-13.76953125000001,2.967062114197539,1.2385596099276608,-0.30528137074825645,0.0,0.0,0.0,-5.860995850622408,2.967062114197539,-12.26232315040101,1.4598540145985384,-6.232453677709149,0,631
research_oof,fold_1,surface_breadth_recovery,2025-05-09,2025-05-09 04:22:00+00:00,NSE_FO|46248|15-05-2025,2025-05-15,CE,24050.0,248.95,-7.230367543683471,-7.3303675436834705,-8.230367543683471,6.300000000000011,18.19999999999999,2.530628640289219,5,-5.882352941176472,-11.298819255222526,5.416466314046054,1.3055821371610845,0.28724597417296915,0.0,0.0,0.0,-5.7249741140318555,4.25775289007918,-7.663523424637031,1.781170483460559,-1.0765323781623204,6,592
research_oof,fold_1,surface_breadth_recovery,2025-05-09,2025-05-09 04:42:00+00:00,NSE_FO|46235|15-05-2025,2025-05-15,PE,23900.0,217.3,-8.076392084675568,-8.176392084675568,-9.076392084675568,2.5999999999999943,20.200000000000017,1.196502531063044,5,-8.76126598197443,-17.717370348949302,8.956104366974872,1.2262254901960785,-0.7279200709876059,0.01749450265166214,0.0,0.0,-9.047901471183305,9.30549330946932,-15.749892980490998,6.988626998516567,-3.471910580665094,6,612
research_oof,fold_1,surface_breadth_recovery,2025-05-12,2025-05-12 07:01:00+00:00,NSE_FO|46251|15-05-2025,2025-05-15,PE,24050.0,30.2,2.814569536423846,2.714569536423846,1.8145695364238459,1.4000000000000021,0.25,4.63576158940398,5,-11.225997045790248,-13.283582089552237,2.057585043761989,4.27456647398844,-3.7342830835336844,0.0,0.25,0.25,-8.828634323935308,2.547175065277413,-22.497630956027848,11.2716339102376,4.403020771551481,3,751
research_oof,fold_1,surface_breadth_recovery,2025-05-16,2025-05-16 04:25:00+00:00,NSE_FO|49236|22-05-2025,2025-05-22,CE,24950.0,211.35,1.5140761769576614,1.4140761769576613,0.5140761769576614,12.200000000000017,2.3499999999999943,5.772415424651061,5,-5.933333333333335,-7.761529808773904,1.8281964754405688,2.175115207373272,0.16660758596242475,0.0,0.0,0.0,-6.066785623247517,2.0636961755942433,-18.627548209366395,12.694214876033062,-2.955391423179531,6,595
research_oof,fold_1,surface_breadth_recovery,2025-05-16,2025-05-16 04:51:00+00:00,NSE_FO|49256|22-05-2025,2025-05-22,PE,25050.0,192.8,8.947095435684647,8.847095435684647,7.947095435684647,23.94999999999999,0.700000000000017,12.422199170124475,5,-0.8783260139498927,-8.066083576287664,7.1877575623377705,1.847455067210391,0.11809938521746477,-0.031776144178325826,0.375,0.375,-0.12688375199262358,7.227395314921125,-0.5143842446329816,-0.36394176931691113,-11.521211798990505,6,621
research_oof,fold_1,surface_breadth_recovery,2025-05-19,2025-05-19 04:48:00+00:00,NSE_FO|49263|22-05-2025,2025-05-22,PE,25150.0,221.7,-0.7668019846639552,-0.8668019846639552,-1.7668019846639553,8.100000000000023,3.25,3.653585926928292,5,-2.3158359064843426,-5.100261551874463,2.7844256453901206,2.172268907563025,-0.00852205288895247,0.059093692590324556,0.125,0.125,-2.2729711716912346,2.777159604245999,-5.0081435987920475,2.692307692307705,-5.481605351170571,3,618
research_oof,fold_1,surface_breadth_recovery,2025-05-19,2025-05-19 06:31:00+00:00,NSE_FO|49236|22-05-2025,2025-05-22,CE,24950.0,190.2,1.314405888538381,1.2144058885383808,0.3144058885383809,5.200000000000017,5.199999999999989,2.733964248159841,5,-5.323383084577104,-7.052220595412406,1.7288375108353016,1.6042666666666667,-1.4865372662425291,0.0,0.0,0.0,-5.908170155300474,1.4992810567816095,-13.733169017298808,8.409785932721704,1.1845745568569885,3,721
research_oof,fold_1,surface_breadth_recovery,2025-05-20,2025-05-20 04:15:00+00:00,NSE_FO|49262|22-05-2025,2025-05-22,CE,25150.0,50.85,5.309734513274328,5.209734513274328,4.309734513274328,2.6999999999999957,1.9500000000000028,5.309734513274328,5,-6.539509536784727,-9.35672514619883,2.817215609414103,1.8917878528656973,1.0363558597091531,0.009674961909598781,0.0,0.0,-7.074735064870701,2.38879966792982,-18.478960813984347,11.93945127719962,0.7272701421393144,2,585
research_oof,fold_1,surface_breadth_recovery,2025-05-20,2025-05-20 04:43:00+00:00,NSE_FO|49236|22-05-2025,2025-05-22,CE,24950.0,110.0,-3.727272727272722,-3.8272727272727223,-4.727272727272722,4.599999999999994,7.950000000000003,4.181818181818177,5,-3.4832451499118178,-6.565656565656564,3.082411415744746,1.4263171290404684,0.7864596589462968,0.0,0.0,0.0,-4.815663169719747,2.0416128137906826,-1.3047277520298217,-2.178517397881996,-4.335193579296526,2,613
research_oof,fold_1,surface_breadth_recovery,2025-05-21,2025-05-21 04:37:00+00:00,NSE_FO|49256|22-05-2025,2025-05-22,PE,25050.0,243.35,-3.965481816313954,-4.0654818163139534,-4.965481816313954,0.0,11.849999999999994,0.0,5,-4.707950771635083,-5.682242990654196,0.9742922190191123,2.6180555555555554,1.5763888888888886,0.0,0.25,0.25,-4.559876608847185,0.9796952433087753,-12.749011507306584,8.0410607356715,-2.1051915495204483,1,607
research_oof,fold_1,surface_breadth_recovery,2025-05-21,2025-05-21 04:57:00+00:00,NSE_FO|49256|22-05-2025,2025-05-22,PE,25050.0,205.5,-0.6082725060827251,-0.7082725060827251,-1.608272506082725,8.650000000000006,1.25,4.20924574209246,5,-1.9443110897743643,-5.206847360912992,3.2625362711386274,2.0087591240875913,0.6802919708029198,0.01304263188631497,0.25,0.125,-1.952345392183924,2.634920120779893,-2.7220888675521526,0.7777777777777883,-6.892349096501316,1,627
research_oof,fold_1,surface_breadth_recovery,2025-05-23,2025-05-23 04:15:00+00:00,NSE_FO|61724|29-05-2025,2025-05-29,PE,24750.0,172.5,-3.2463768115941996,-3.3463768115941996,-4.2463768115941996,0.09999999999999432,12.310000000000002,0.05797101449275033,5,-3.6003349148758135,-6.407386681589244,2.807051766713431,1.3759196543267547,0.2646491870146954,0.04906095670667964,0.375,0.125,-3.239366784846931,2.760988638132334,-6.590989120483304,2.9906542056074903,-6.695209668738067,6,585
research_oof,fold_1,surface_breadth_recovery,2025-05-23,2025-05-23 04:50:00+00:00,NSE_FO|61691|29-05-2025,2025-05-29,CE,24700.0,272.6,3.356566397652229,3.2565663976522288,2.356566397652229,12.399999999999977,4.300000000000011,4.548789435069691,5,-6.057371121595089,-7.127536710113846,1.0701655885187566,1.4970633021535784,0.664781379160322,0.0,0.0,0.0,-6.057371121595089,0.7929722144117353,-12.181869113562971,6.124497991967881,-0.5282216733040856,6,620
research_oof,fold_1,surface_breadth_recovery,2025-05-26,2025-05-26 05:48:00+00:00,NSE_FO|61686|29-05-2025,2025-05-29,PE,24550.0,64.09,-0.6085192697768771,-0.7085192697768771,-1.608519269776877,0.9099999999999966,3.8900000000000006,1.4198782961460392,5,-11.843191196698765,-13.016095171448573,1.1729039747498078,5.401941747572816,2.932038834951457,-0.02344066423653301,0.0,0.0,-11.399645412149379,0.7180975495273412,-18.038564443336757,6.195373246637992,-0.28540330456110485,3,678
research_oof,fold_1,surface_breadth_recovery,2025-05-26,2025-05-26 06:25:00+00:00,NSE_FO|61724|29-05-2025,2025-05-29,PE,24750.0,113.3,-3.486319505736984,-3.586319505736984,-4.486319505736984,0.0,8.799999999999997,0.0,5,-2.501078050884009,-7.154953429297195,4.653875378413186,1.327659574468085,0.19696048632218832,0.012101938960293273,0.0,0.0,-2.501152071052598,4.720005054864075,-4.970702984851238,2.4696249339672294,-1.748371852320929,3,715
research_oof,fold_1,surface_breadth_recovery,2025-05-27,2025-05-27 04:20:00+00:00,NSE_FO|61693|29-05-2025,2025-05-29,CE,24750.0,243.75,3.794871794871795,3.694871794871795,2.794871794871795,11.949999999999989,3.75,4.902564102564098,5,-3.5868286946295624,-9.399189089568738,5.812360394939176,1.4724540901502505,0.12437395659432404,0.0,0.0,0.0,-3.5868286946295624,4.999231483942367,-7.892384250185125,4.3055555555555625,-5.58843737730661,2,590
research_oof,fold_1,surface_breadth_recovery,2025-05-27,2025-05-27 05:06:00+00:00,NSE_FO|61724|29-05-2025,2025-05-29,PE,24750.0,177.6,4.054054054054064,3.954054054054064,3.054054054054064,10.150000000000006,1.9000000000000057,5.715090090090094,5,-5.53191489361703,-8.756919979869139,3.225005086252109,2.334405144694534,0.8674902690810631,-0.004472821633433488,0.0,0.0,-6.380401865981655,1.3054498557799783,-11.034514546996565,5.502599653379536,-2.1617994395909834,2,636
research_oof,fold_2,surface_breadth_recovery,2025-05-28,2025-05-28 04:15:00+00:00,NSE_FO|61690|29-05-2025,2025-05-29,PE,24650.0,88.05,10.562180579216351,10.462180579216351,9.562180579216351,9.450000000000003,0.0,10.732538330494041,5,-10.821643286573146,-21.431958274063547,10.610314987490401,1.3598098596948556,0.3700069002530094,0.00610924339370278,0.0,0.0,-10.966377198842125,9.41827720700989,-19.71100139468126,8.889358108108114,-2.8741186992466528,1,585
research_oof,fold_2,surface_breadth_recovery,2025-05-28,2025-05-28 04:32:00+00:00,NSE_FO|61688|29-05-2025,2025-05-29,PE,24600.0,77.59,8.261373888387674,8.161373888387674,7.2613738883876735,6.409999999999997,3.9399999999999977,8.261373888387674,5,-2.043422733077893,-11.630769230769234,9.58734649769134,1.2207810820494447,0.6354711572912934,0.0,0.125,0.125,-2.1197706106656113,7.710173193610697,0.29068220519370414,-2.3341049382715973,-4.378933880465841,1,602
research_oof,fold_2,surface_breadth_recovery,2025-05-29,2025-05-29 04:20:00+00:00,NSE_FO|61687|29-05-2025,2025-05-29,CE,24600.0,216.55,2.793812052643723,2.693812052643723,1.7938120526437231,6.049999999999983,9.550000000000011,2.793812052643723,5,-3.1869846222420395,-7.612456747404838,4.425472125162798,1.2366705024932874,0.2938243191407749,0.0,0.0,0.0,-4.240381915192371,5.333797634577097,-12.660668832768362,9.473684210526322,-7.968176254589967,0,590
research_oof,fold_2,surface_breadth_recovery,2025-05-29,2025-05-29 04:43:00+00:00,NSE_FO|61691|29-05-2025,2025-05-29,CE,24700.0,140.85,-12.140575079872201,-12.240575079872201,-13.140575079872201,3.200000000000017,22.849999999999994,2.2719204827831145,5,-14.202453987730069,-20.41120381406436,6.208749826334293,1.2717221044872387,-0.6888510275446875,0.0,0.0,0.0,-12.085535800096114,6.208749826334293,-43.26495398773006,29.062499999999993,-16.562500000000014,0,613
research_oof,fold_2,surface_breadth_recovery,2025-05-30,2025-05-30 04:19:00+00:00,NSE_FO|40477|05-06-2025,2025-06-05,CE,24750.0,254.25,-1.27826941986234,-1.3782694198623402,-2.2782694198623403,8.5,5.0,3.343166175024582,5,-4.80210091915213,-6.540999057492924,1.7388981383407947,1.3665020888720092,-0.6450063369397456,0.0,0.0,0.0,-4.80210091915213,1.7388981383407947,-10.783776311822269,5.981675392670138,-1.073340788559629,6,589
research_oof,fold_2,surface_breadth_recovery,2025-05-30,2025-05-30 04:49:00+00:00,NSE_FO|40477|05-06-2025,2025-06-05,CE,24750.0,235.75,-1.4422057264050925,-1.5422057264050926,-2.4422057264050925,2.6500000000000057,8.650000000000006,1.1240721102863227,5,-4.944500504540872,-6.638755980861244,1.6942554763203725,2.0229175848391363,-0.06873395781059166,0.0,0.0,0.0,-4.817095255342274,1.6942554763203725,-15.041477116063962,10.09697661152309,-3.376954261353294,6,619
research_oof,fold_2,surface_breadth_recovery,2025-06-02,2025-06-02 05:10:00+00:00,NSE_FO|40476|05-06-2025,2025-06-05,PE,24700.0,245.95,0.04065867046148516,-0.05934132953851485,-0.9593413295385148,2.0500000000000114,7.5,0.8335027444602608,5,-3.4286833855799337,-7.126258714175049,3.697575328595115,2.7001553599171415,-2.457797309317861,0.0,0.375,0.25,-3.252201721461928,3.220485562770059,-13.683573723457831,10.254890337877898,-4.111223406197938,3,640
research_oof,fold_2,surface_breadth_recovery,2025-06-02,2025-06-02 05:52:00+00:00,NSE_FO|40479|05-06-2025,2025-06-05,PE,24750.0,261.5,3.2887189292543106,3.1887189292543106,2.2887189292543106,11.199999999999989,0.39999999999997726,4.282982791586994,5,-4.0565345080763375,-6.511627906976736,2.4550933989003987,3.169686985172982,-0.16595315323532267,0.0,0.0,0.0,-3.9074704600366275,2.131383698324629,-13.096908996081014,9.040374488004677,-2.9958246070179495,3,682
research_oof,fold_2,surface_breadth_recovery,2025-06-03,2025-06-03 04:18:00+00:00,NSE_FO|40485|05-06-2025,2025-06-05,CE,24850.0,144.35,3.706269483893311,3.606269483893311,2.706269483893311,14.150000000000006,4.75,9.802563214409425,5,-3.703703703703698,-7.78032036613271,4.076616662429012,1.3976221928665786,0.9640026420079261,0.029609901300329,0.0,0.0,-2.8153430768327823,4.147928389328948,0.7231013642248652,-4.426805067928563,-3.8268050679285626,2,588
research_oof,fold_2,surface_breadth_recovery,2025-06-03,2025-06-03 04:53:00+00:00,NSE_FO|40479|05-06-2025,2025-06-05,PE,24750.0,203.15,1.2552301255230043,1.1552301255230042,0.2552301255230043,4.5,8.950000000000017,2.215111986217081,5,-13.076923076923075,-18.428750522356886,5.351827445433811,7.690140845070423,-2.052496798975672,0.0,0.25,0.0,-12.810276983432985,4.605569370943633,-25.627428127428132,12.550505050505055,-8.376095678282038,2,623
research_oof,fold_2,surface_breadth_recovery,2025-06-04,2025-06-04 04:29:00+00:00,NSE_FO|40479|05-06-2025,2025-06-05,PE,24750.0,217.3,-3.405430280717904,-3.505430280717904,-4.405430280717904,1.299999999999983,14.25,0.5982512655315153,5,-4.493392070484581,-7.687366167023546,3.193974096538965,1.197106690777577,-0.49547920433996384,0.0,0.125,0.0,-3.819011542774259,2.213096165986972,-10.360406412075186,5.867014341590604,-9.18221210004091,1,599
research_oof,fold_2,surface_breadth_recovery,2025-06-04,2025-06-04 04:51:00+00:00,NSE_FO|40476|05-06-2025,2025-06-05,PE,24700.0,162.4,0.36945812807881423,0.2694581280788142,-0.6305418719211857,2.049999999999983,6.200000000000017,1.26231527093595,5,-4.644326866549098,-5.878859857482189,1.2345329909330909,1.6484418734838588,-0.17876469490576619,0.0,0.125,0.125,-3.666666666666668,0.7603444879743904,-11.893582080054554,7.249255213505457,0.32617829042853597,1,621
research_oof,fold_2,surface_breadth_recovery,2025-06-05,2025-06-05 04:15:00+00:00,NSE_FO|40479|05-06-2025,2025-06-05,PE,24750.0,58.4,-18.493150684931503,-18.593150684931505,-19.493150684931503,3.3999999999999986,11.399999999999999,5.821917808219176,5,-4.723127035830621,-9.893455098934556,5.170328063103935,1.335766242148904,-0.8940783487076067,0.0,0.0,0.0,-1.6763777669468238,2.6673437321911186,-2.507060553836171,-2.2160664819944498,5.0736531441737736,0,585
research_oof,fold_2,surface_breadth_recovery,2025-06-05,2025-06-05 04:40:00+00:00,NSE_FO|40477|05-06-2025,2025-06-05,CE,24750.0,31.9,-18.025078369905955,-18.125078369905957,-19.025078369905955,1.5500000000000043,6.149999999999999,4.85893416927901,5,-15.2317880794702,-30.287859824780984,15.056071745310785,1.2581849266277247,-0.2554052411813039,0.0,0.0,0.0,-16.33682427229324,15.577021281724912,-14.65319598689545,-0.5785920925747479,-5.289092583251886,0,610
research_oof,fold_2,surface_breadth_recovery,2025-06-06,2025-06-06 04:34:00+00:00,NSE_FO|44844|12-06-2025,2025-06-12,CE,24650.0,201.5,31.687344913151378,31.587344913151377,30.687344913151378,85.25,2.0999999999999943,42.30769230769231,5,-7.035755478662054,-8.041958041958042,1.0062025632959877,3.2460481099656358,1.5058419243986254,0.0,0.0,0.0,-7.6192987081465935,1.0062025632959877,-16.612743634330418,9.576988155668364,-1.4782882262411867,6,604
research_oof,fold_2,surface_breadth_recovery,2025-06-06,2025-06-06 04:57:00+00:00,NSE_FO|44845|12-06-2025,2025-06-12,PE,24650.0,99.7,-13.49047141424273,-13.59047141424273,-14.49047141424273,1.0,16.35000000000001,1.0030090270812437,5,-13.211647109952196,-16.000000000000004,2.7883528900478076,1.3071203528670448,0.6034026465028356,0.028664095371669005,0.375,0.25,-12.590257590008823,2.540634587555913,-31.248084356915772,18.036437246963576,-0.5410574451808046,6,627
research_oof,fold_2,surface_breadth_recovery,2025-06-09,2025-06-09 04:15:00+00:00,NSE_FO|44855|12-06-2025,2025-06-12,PE,24750.0,42.9,4.8951048951048985,4.795104895104899,3.8951048951048985,3.6000000000000014,0.04999999999999716,8.391608391608395,5,-5.610561056105623,-7.119386637458924,1.5088255813533014,1.3107184923439341,0.15500588928150782,-0.0016652789342214821,0.125,0.0,-5.486305361305366,1.3673698948090114,-8.716473986579953,3.1059129304743305,-1.1396781864427163,3,585
research_oof,fold_2,surface_breadth_recovery,2025-06-09,2025-06-09 04:35:00+00:00,NSE_FO|44855|12-06-2025,2025-06-12,PE,24750.0,41.6,-0.24038461538461878,-0.3403846153846188,-1.2403846153846187,0.6000000000000014,1.3000000000000043,1.4423076923076956,5,-6.327683615819202,-8.031674208144802,1.7039905923255994,3.456221198156682,2.4416282642089095,0.0,0.0,0.0,-6.479144728622682,1.2259191272901537,-9.92321840294278,3.5955347871235777,-0.753964827964948,3,605
research_oof,fold_2,surface_breadth_recovery,2025-06-10,2025-06-10 05:23:00+00:00,NSE_FO|44858|12-06-2025,2025-06-12,CE,24850.0,298.45,-0.8209080247947692,-0.9209080247947692,-1.820908024794769,2.3000000000000114,11.649999999999977,0.7706483498073418,5,-5.974842767295597,-7.201870615744355,1.227027848448758,3.5,-3.7666666666666666,0.0,0.0,0.0,-5.502247054536613,1.1239278320023578,-27.504017817597408,21.52917505030181,-1.424916766065465,2,653
research_oof,fold_2,surface_breadth_recovery,2025-06-11,2025-06-11 08:25:00+00:00,NSE_FO|44858|12-06-2025,2025-06-12,CE,24850.0,296.5,1.8043844856661124,1.7043844856661123,0.8043844856661124,15.350000000000023,1.1000000000000227,5.177065767285,5,-1.1482775836245573,-5.0438596491228065,3.895582065498249,4.630434782608695,0.38352120236178155,0.006993006993006993,0.0,0.0,-0.984057820152362,2.105592519747107,-4.4816109169579015,3.3333333333333437,-16.904761904761912,1,835
research_oof,fold_2,surface_breadth_recovery,2025-06-12,2025-06-12 04:15:00+00:00,NSE_FO|44858|12-06-2025,2025-06-12,CE,24850.0,250.5,5.249500998003983,5.149500998003983,4.249500998003983,15.800000000000011,19.80000000000001,6.307385229540922,5,-11.830788134105674,-14.537146725334239,2.7063585912285646,1.7336244541484715,0.5152838427947597,0.06993918331885317,0.0,0.0,-9.844424107726491,2.095130361483145,-58.55209960951551,46.721311475409834,-14.599443241571315,0,585
research_oof,fold_2,surface_breadth_recovery,2025-06-12,2025-06-12 04:31:00+00:00,NSE_FO|44856|12-06-2025,2025-06-12,CE,24800.0,263.7,8.60826697004171,8.50826697004171,7.60826697004171,24.0,2.6999999999999886,9.101251422070535,5,-9.78876867594024,-12.17564870259482,2.3868800266545804,1.4465795541890853,-0.9095137906683044,0.0,0.0,0.0,-8.485294117647069,2.3868800266545804,-29.99078887796044,20.2020202020202,-22.020202020202028,0,601
research_oof,fold_2,surface_breadth_recovery,2025-06-13,2025-06-13 04:48:00+00:00,NSE_FO|50991|19-06-2025,2025-06-19,CE,24550.0,235.25,5.844845908607864,5.744845908607864,4.844845908607864,16.150000000000006,7.25,6.865037194473967,5,-2.953935137368313,-6.039740310840058,3.0858051734717447,1.2192866578599735,0.10418353078079856,0.013781405703381745,0.0,0.0,-2.922077922077926,2.003109110341028,-4.446472450801153,1.4925373134328401,-2.296589539944427,6,618
research_oof,fold_2,surface_breadth_recovery,2025-06-13,2025-06-13 05:07:00+00:00,NSE_FO|50990|19-06-2025,2025-06-19,PE,24500.0,124.45,-0.6830052229811238,-0.7830052229811237,-1.6830052229811239,4.549999999999997,1.4500000000000028,3.656086781840094,5,-2.5068546807677228,-6.074766355140193,3.5679116743724704,1.5650247589262445,0.029982490041597698,0.0,0.375,0.375,-2.4166217848283047,3.8909208518604244,-1.8163865096663567,-0.690468171101366,-1.9562909559114994,6,637
research_oof,fold_2,surface_breadth_recovery,2025-06-16,2025-06-16 04:19:00+00:00,NSE_FO|50991|19-06-2025,2025-06-19,CE,24550.0,260.05,2.2880215343203187,2.1880215343203187,1.2880215343203187,14.949999999999989,5.050000000000011,5.748894443376269,5,-11.484641638225245,-12.710873559378655,1.2262319211534098,1.7229219143576826,0.49874055415617136,0.0,0.0,0.0,-9.680451127819534,0.8798652861554235,-38.70081582174003,27.216174183514784,-3.5166863365797774,3,589
research_oof,fold_2,surface_breadth_recovery,2025-06-16,2025-06-16 04:39:00+00:00,NSE_FO|50980|19-06-2025,2025-06-19,PE,24350.0,33.8,-1.6272189349112343,-1.7272189349112343,-2.6272189349112343,0.8000000000000043,1.5999999999999943,2.3668639053254568,5,-11.41732283464567,-16.831683168316825,5.414360333671155,1.4841269841269842,-0.44047619047619047,0.010509908706301491,0.0,0.0,-11.026880807876926,4.4932197378095,-19.44114904347538,8.02382620882971,0.6811688661723778,3,609
research_oof,fold_2,surface_breadth_recovery,2025-06-17,2025-06-17 04:47:00+00:00,NSE_FO|50992|19-06-2025,2025-06-19,PE,24550.0,31.5,-6.349206349206349,-6.4492063492063485,-7.349206349206349,0.6000000000000014,2.75,1.9047619047619095,5,-7.8947368421052655,-11.065006915629327,3.170270073524062,1.2420826623725174,-0.9276966245544773,0.0,0.0,0.0,-8.347851335656216,2.62415371278406,-12.624668205877265,4.729931363772,-0.2572616451175458,2,617
research_oof,fold_2,surface_breadth_recovery,2025-06-17,2025-06-17 07:56:00+00:00,NSE_FO|50992|19-06-2025,2025-06-19,PE,24550.0,30.15,-7.46268656716418,-7.56268656716418,-8.46268656716418,0.25,2.3999999999999986,0.8291873963515755,5,-9.895052473763123,-14.008941877794323,4.1138894040312,1.5572207084468666,-1.2547683923705724,0.0,0.0,0.0,-9.504568266632345,4.205679370545329,-13.036249269742385,3.141196795979262,0.2974467959792504,2,806
research_oof,fold_2,surface_breadth_recovery,2025-06-18,2025-06-18 05:24:00+00:00,NSE_FO|50991|19-06-2025,2025-06-19,CE,24550.0,299.7,2.6026026026026066,2.5026026026026065,1.6026026026026066,13.25,3.5500000000000114,4.421087754421088,5,-3.5011990407673776,-6.265470297029707,2.7642712562623295,3.838709677419355,2.870967741935484,0.005344735435595938,0.0,0.0,-2.913164815462715,1.4298651110537628,-14.152086614731886,10.650887573964507,-6.536612426035493,1,654
research_oof,fold_2,surface_breadth_recovery,2025-06-18,2025-06-18 06:04:00+00:00,NSE_FO|50991|19-06-2025,2025-06-19,CE,24550.0,251.8,6.473391580619543,6.373391580619543,5.473391580619543,16.599999999999966,7.400000000000006,6.592533756949946,5,-9.983925701018038,-10.985915492957743,1.001989791939705,2.4269662921348316,-6.763509898341358,0.0,0.0,0.0,-8.400577379269308,0.7351805919833376,-50.12815647024878,40.144230769230745,-0.9005453501722371,1,694
research_oof,fold_2,surface_breadth_recovery,2025-06-19,2025-06-19 05:57:00+00:00,NSE_FO|50991|19-06-2025,2025-06-19,CE,24550.0,271.45,2.0814146251611843,1.9814146251611842,1.0814146251611843,8.949999999999989,3.849999999999966,3.2971081230429133,5,-2.382671480144416,-5.268856008661138,2.886184528516722,1.9529411764705882,-5.129411764705882,-0.007735946364105209,0.0,0.0,-1.7014101778050295,1.3397667850234551,-4.821695870388321,2.4390243902439046,-7.084785133565607,0,687
research_oof,fold_2,surface_breadth_recovery,2025-06-19,2025-06-19 07:17:00+00:00,NSE_FO|50991|19-06-2025,2025-06-19,CE,24550.0,251.0,-0.936254980079679,-1.036254980079679,-1.9362549800796791,1.5999999999999943,3.0,0.637450199203185,5,-3.7739463601532575,-6.292091591302684,2.518145231149427,5.52112676056338,-4.855684833639518,0.0,0.0,0.0,-2.701525054466225,1.2725256968501015,2.982810396603497,-6.756756756756754,-3.0530530530530564,0,767
research_oof,fold_2,surface_breadth_recovery,2025-06-20,2025-06-20 04:16:00+00:00,NSE_FO|62396|26-06-2025,2025-06-26,PE,24900.0,159.05,1.2260295504558243,1.1260295504558242,0.2260295504558243,2.9499999999999886,7.050000000000011,1.8547626532536867,5,-10.273008725021104,-12.386955330227456,2.113946605206353,1.8616277925401044,-0.06318275760259806,0.0,0.0,0.0,-10.428712154718351,2.1806947139351944,-28.441821314434534,18.16881258941343,-2.8661836875783813,6,586
research_oof,fold_2,surface_breadth_recovery,2025-06-20,2025-06-20 04:50:00+00:00,NSE_FO|62396|26-06-2025,2025-06-26,PE,24900.0,120.4,-2.2009966777408687,-2.300996677740869,-3.2009966777408687,1.0,3.700000000000003,0.830564784053156,5,-5.522914218566399,-8.764044943820226,3.241130725253827,1.4699354191485359,0.551153693260211,0.0,0.125,0.125,-4.847513429215045,2.733934887879885,-15.64268933467493,10.119775116108531,-8.883173155132408,6,620
research_oof,fold_2,surface_breadth_recovery,2025-06-23,2025-06-23 04:18:00+00:00,NSE_FO|62385|26-06-2025,2025-06-26,CE,24750.0,219.25,0.5701254275940707,0.4701254275940707,-0.4298745724059293,6.300000000000011,5.400000000000006,2.8734321550741213,5,-4.762940408873428,-7.4065786529424855,2.6436382440690576,2.9989764585465712,0.058460184696964124,0.03576158940397351,0.0,0.0,-4.6232253367309735,2.723335854765507,-12.121811376615355,7.358870967741926,-6.1520709922961325,3,588
research_oof,fold_2,surface_breadth_recovery,2025-06-23,2025-06-23 04:35:00+00:00,NSE_FO|62385|26-06-2025,2025-06-26,CE,24750.0,207.95,1.4907429670594003,1.3907429670594003,0.49074296705940035,7.550000000000011,1.3999999999999773,3.630680452031744,5,-1.305483028720622,-6.221906789685361,4.916423760964739,2.5699570815450645,-0.5442060085836911,0.0,0.0,0.0,-1.636606546426178,4.916423760964739,-2.53189812306025,1.226415094339628,-11.422749583464675,3,605
research_oof,fold_2,surface_breadth_recovery,2025-06-24,2025-06-24 04:19:00+00:00,NSE_FO|62395|26-06-2025,2025-06-26,CE,24900.0,299.0,9.080267558528421,8.980267558528421,8.080267558528421,29.0,0.0,9.698996655518394,5,-8.15982853643602,-16.204250295159394,8.044421758723374,1.3312269615587151,-0.9958407076142171,0.0,0.0,0.0,-7.007369819983089,7.064625925805823,-38.6531020790369,30.493273542600875,-24.891341842014512,2,589
research_oof,fold_2,surface_breadth_recovery,2025-06-24,2025-06-24 08:06:00+00:00,NSE_FO|62395|26-06-2025,2025-06-26,CE,24900.0,262.9,6.979840243438579,6.879840243438579,5.979840243438579,18.350000000000023,22.849999999999966,6.979840243438579,5,-16.825548141086742,-18.34986474301172,1.5243166019249799,4.22,2.133378248315688,0.0,0.0,0.0,-14.688353613111493,1.5243166019249799,-56.62654316596236,39.80099502487562,-16.00594313500372,2,816
research_oof,fold_2,surface_breadth_recovery,2025-06-27,2025-06-27 04:15:00+00:00,NSE_FO|56888|03-07-2025,2025-07-03,CE,25550.0,169.0,0.4437869822485207,0.34378698224852067,-0.5562130177514792,7.0,6.0,4.142011834319527,5,-4.842342342342343,-7.403284163651547,2.5609418213092034,1.3477534911961142,0.36588303356493457,-0.03876485377226723,0.0,0.0,-5.24579346750248,2.5078593165944634,-10.69340617212956,5.8510638297872175,-2.2779250852279054,6,585
research_oof,fold_2,surface_breadth_recovery,2025-06-27,2025-06-27 04:35:00+00:00,NSE_FO|56985|03-07-2025,2025-07-03,PE,25650.0,190.5,-0.8136482939632604,-0.9136482939632604,-1.8136482939632605,3.9000000000000057,6.0,2.047244094488192,5,-4.949999999999999,-6.801068739373328,1.8510687393733285,1.5981670778991892,0.9206908706379978,0.0,0.0,0.0,-4.648913043478253,2.108751106079143,-8.623469387755101,3.6734693877551017,-1.1265306122449026,6,605
research_oof,fold_2,surface_breadth_recovery,2025-06-30,2025-06-30 04:33:00+00:00,NSE_FO|56843|03-07-2025,2025-07-03,CE,25500.0,194.75,2.0282413350449233,1.9282413350449232,1.0282413350449233,15.75,0.75,8.087291399229782,5,-3.5404803169101107,-7.525823905558293,3.9853435886481825,1.566513397811955,0.37080294204788,0.0480086146299149,0.0,0.0,-4.415294065796688,3.774495113201232,-6.563996554312135,3.023516237402024,-8.40993086157409,3,603
research_oof,fold_2,surface_breadth_recovery,2025-06-30,2025-06-30 06:16:00+00:00,NSE_FO|56887|03-07-2025,2025-07-03,PE,25500.0,88.7,0.4509582863585022,0.35095828635850224,-0.5490417136414978,0.8999999999999915,1.7000000000000028,1.014656144306642,5,-0.6176305446378372,-5.021834061135366,4.404203516497529,1.2294743528664442,0.3461966015562965,0.0,0.125,0.0,-0.18021630908088282,3.7497475024805604,-1.0743742308280568,0.45674368619021966,-2.4973044538535216,3,706
research_oof,fold_2,surface_breadth_recovery,2025-07-01,2025-07-01 04:30:00+00:00,NSE_FO|56887|03-07-2025,2025-07-03,PE,25500.0,74.95,6.20413609072714,6.10413609072714,5.20413609072714,10.0,0.7999999999999972,13.342228152101402,5,-6.5920398009950425,-10.037641154328735,3.445601353333693,1.2982942430703626,-0.0486491234444566,-0.009836336584559431,0.125,0.125,-4.712349931955672,2.7794407491614663,-8.593352136953037,2.0013123359579943,-2.832129858686039,2,600
research_oof,fold_2,surface_breadth_recovery,2025-07-01,2025-07-01 05:15:00+00:00,NSE_FO|56998|03-07-2025,2025-07-03,CE,25700.0,48.4,-4.545454545454537,-4.645454545454537,-5.545454545454537,1.9500000000000028,2.549999999999997,4.028925619834717,5,-7.706945765937201,-9.760589318600365,2.0536435526631642,1.4236702127659575,0.7102334828050936,-0.008709691753936396,0.0,0.0,-6.446280991735531,1.5983776670905776,-11.188305415059997,3.481359649122795,-1.9203024007387048,2,645
research_oof,fold_2,surface_breadth_recovery,2025-07-02,2025-07-02 04:32:00+00:00,NSE_FO|56843|03-07-2025,2025-07-03,CE,25500.0,106.05,-6.6006600660066015,-6.700660066006601,-7.6006600660066015,0.9500000000000028,9.549999999999997,0.8958038661008985,5,-6.56966490299824,-15.021459227467815,8.451794324469574,2.187007964642512,-0.8279230502885029,0.025515994510135136,0.0,0.0,-9.176166222006637,7.093880416992382,-14.018454474692831,7.448789571694592,-23.61917159335396,1,602
research_oof,fold_2,surface_breadth_recovery,2025-07-02,2025-07-02 04:48:00+00:00,NSE_FO|56888|03-07-2025,2025-07-03,CE,25550.0,66.7,3.1484257871064383,3.048425787106438,2.1484257871064383,3.25,0.5499999999999972,4.872563718140929,5,-7.532826537664117,-9.817197020988488,2.2843704833243708,1.6143762884592945,-0.6875797527468615,0.0,0.14285715,0.0,-7.532826537664117,1.7870980240216934,-16.046015986105356,8.513189448441238,-1.5226528454655543,1,618
research_oof,fold_2,surface_breadth_recovery,2025-07-03,2025-07-03 04:19:00+00:00,NSE_FO|56985|03-07-2025,2025-07-03,PE,25650.0,153.25,-14.323001631321365,-14.423001631321364,-15.323001631321365,15.0,24.75,9.787928221859707,5,-8.045631942359655,-9.165026707899903,1.1193947655402479,1.4820099255583126,0.41749379652605456,0.0,0.0,0.0,-14.311874911959421,0.7445469693736158,-23.38654103326874,15.340909090909083,-12.948564593301448,0,589
research_oof,fold_2,surface_breadth_recovery,2025-07-03,2025-07-03 04:57:00+00:00,NSE_FO|56960|03-07-2025,2025-07-03,PE,25600.0,74.35,-10.221923335574976,-10.321923335574976,-11.221923335574976,5.150000000000006,8.849999999999994,6.926698049764635,5,-12.278630460448648,-18.114707552526976,5.8360770920783285,1.460144764645057,0.1808216932614941,0.11757020757020757,0.25,0.125,-11.111471157034186,5.329603549461859,-34.26444606328555,21.9858156028369,-17.026530076175426,0,627
research_oof,fold_2,surface_breadth_recovery,2025-07-04,2025-07-04 04:31:00+00:00,NSE_FO|40057|10-07-2025,2025-07-10,PE,25550.0,222.7,-0.9205208801077607,-1.0205208801077608,-1.9205208801077607,3.3000000000000114,5.649999999999977,1.481814099685681,5,-0.3569038590229834,-7.132051004970819,6.775147145947836,1.5269841269841269,0.8428571428571427,0.0,0.0,0.0,-0.776165883787916,6.942561796730584,-1.3636152684189495,1.0067114093959662,-10.008779124166846,6,601
research_oof,fold_2,surface_breadth_recovery,2025-07-04,2025-07-04 05:02:00+00:00,NSE_FO|40049|10-07-2025,2025-07-10,CE,25500.0,109.75,1.6856492027334802,1.58564920273348,0.6856492027334802,3.049999999999997,2.450000000000003,2.7790432801822296,5,-0.49864007252946596,-6.323083585967948,5.824443513438482,1.2784294357328065,-0.45734041239659207,0.0,0.0,0.0,-0.46066086639919845,5.547611862182572,0.03270955552578947,-0.5313496280552554,-5.430881695217393,6,632
research_oof,fold_2,surface_breadth_recovery,2025-07-07,2025-07-07 04:30:00+00:00,NSE_FO|40051|10-07-2025,2025-07-10,CE,25550.0,88.5,-7.005649717514127,-7.105649717514127,-8.005649717514128,1.7999999999999972,6.25,2.0338983050847426,5,-3.7117903930130924,-5.684326710816768,1.9725363178036752,1.2349423323366082,0.41648868005126005,0.0,0.0,0.0,-3.0637251802600405,1.6683508549525052,-5.4997852844562605,1.7879948914431676,-1.042193787802126,3,600
research_oof,fold_2,surface_breadth_recovery,2025-07-07,2025-07-07 05:05:00+00:00,NSE_FO|40041|10-07-2025,2025-07-10,PE,25350.0,74.6,-3.9544235924932827,-4.054423592493283,-4.954423592493283,0.0,5.0,0.0,5,-2.4214659685864004,-4.870129870129869,2.4486639015434686,1.5248500428449014,0.5214224507283634,0.0,0.0,0.0,-1.7167012255477565,1.8232871287466033,-3.5287913518913583,1.1073253833049579,-2.3037036104414987,3,635
research_oof,fold_2,surface_breadth_recovery,2025-07-08,2025-07-08 04:16:00+00:00,NSE_FO|40051|10-07-2025,2025-07-10,CE,25550.0,71.95,-1.1813759555246817,-1.2813759555246818,-2.1813759555246817,1.5499999999999972,4.299999999999997,2.1542738012508647,5,-1.5068493150684814,-6.237288135593211,4.730438820524729,1.2493880881153114,0.26978515093826494,0.0,0.16666667,0.0,-0.6758313208248268,3.53999715918723,-0.6349766842875804,-0.871872630780901,-2.2702097434037283,2,586
research_oof,fold_2,surface_breadth_recovery,2025-07-08,2025-07-08 04:31:00+00:00,NSE_FO|40047|10-07-2025,2025-07-10,CE,25450.0,108.6,-1.6574585635359091,-1.7574585635359092,-2.657458563535909,0.4000000000000057,4.0,0.36832412523020785,5,-6.014712245781051,-9.2608695652174,3.2461573194363487,2.317382065448364,-1.967190820229494,0.0,0.0,0.0,-5.743334235065628,2.898775133066062,-10.038380884834307,4.023668639053257,-5.9705207856997955,2,601
research_oof,fold_2,surface_breadth_recovery,2025-07-09,2025-07-09 04:30:00+00:00,NSE_FO|40048|10-07-2025,2025-07-10,PE,25450.0,38.05,1.971090670170828,1.8710906701708279,0.971090670170828,1.4500000000000028,1.0499999999999972,3.8107752956636083,5,-12.413793103448267,-18.5635359116022,6.149742808153935,1.6529473463394169,0.142563457100902,0.09734923694546298,0.375,0.375,-9.877328906105888,7.571816943275916,-24.133293583755677,11.71950048030741,-6.084653822363208,1,600
research_oof,fold_2,surface_breadth_recovery,2025-07-09,2025-07-09 04:45:00+00:00,NSE_FO|40057|10-07-2025,2025-07-10,PE,25550.0,70.5,-3.971631205673755,-4.0716312056737545,-4.971631205673755,3.5,3.0999999999999943,4.964539007092199,5,-7.124010554089699,-8.858390517779169,1.7343799636894701,1.9797390474169938,1.1247548894837742,0.0,0.25,0.125,-7.093861232723524,1.688896031443099,-15.623641004939659,8.49963045084996,-6.878659022834267,1,615
research_oof,fold_2,surface_breadth_recovery,2025-07-10,2025-07-10 04:22:00+00:00,NSE_FO|40042|10-07-2025,2025-07-10,CE,25400.0,71.55,-12.50873515024458,-12.608735150244579,-13.50873515024458,0.6000000000000085,11.549999999999997,0.8385744234800959,5,-9.487666034155595,-13.630573248407652,4.142907214252057,1.2657139243708107,-0.319514354369546,0.0,0.0,0.0,-10.056333017077796,4.543599222128793,-22.9452229699734,13.457556935817806,-6.710510291072946,0,592
research_oof,fold_2,surface_breadth_recovery,2025-07-10,2025-07-10 04:45:00+00:00,NSE_FO|40047|10-07-2025,2025-07-10,CE,25450.0,34.75,8.633093525179856,8.533093525179856,7.633093525179856,4.450000000000003,1.1499999999999986,12.80575539568346,5,-8.541392904073586,-12.09068010075568,3.5492871966820942,1.218361247015212,-0.43071117270860104,0.04675119428181459,0.0,0.0,-8.044936575446076,2.843924782522156,-18.068951959191693,9.527559055118108,-4.806336391762155,0,615
research_oof,fold_2,surface_breadth_recovery,2025-07-11,2025-07-11 04:32:00+00:00,NSE_FO|47289|17-07-2025,2025-07-17,CE,25250.0,147.95,-1.149036836769171,-1.249036836769171,-2.149036836769171,1.6500000000000057,7.049999999999983,1.1152416356877364,5,-7.859583721652674,-10.604229607250758,2.744645885598084,1.2957944747492522,-1.6417385183881752,0.0,0.16666667,0.0,-7.644077575112057,2.673849724151583,-17.82268335264898,9.963099630996307,-3.4932215844133427,6,602
research_oof,fold_2,surface_breadth_recovery,2025-07-11,2025-07-11 04:48:00+00:00,NSE_FO|47295|17-07-2025,2025-07-17,CE,25350.0,90.1,-4.883462819089892,-4.983462819089891,-5.883462819089892,0.3500000000000085,7.049999999999997,0.38845726970034244,5,-2.217414818820984,-5.164319248826277,2.9469044300052927,1.3092485549132948,0.7748554913294798,0.009926208937333782,0.0,0.0,-2.210298596680993,1.9043668721817897,-6.4409778547053875,4.223563035884403,-0.11862750202873418,6,618
research_oof,fold_2,surface_breadth_recovery,2025-07-14,2025-07-14 04:25:00+00:00,NSE_FO|47296|17-07-2025,2025-07-17,PE,25350.0,261.8,-7.181054239877774,-7.281054239877774,-8.181054239877774,0.44999999999998863,19.30000000000001,0.1718869365928146,5,-3.104212860310429,-7.286205026215886,4.1819921659054575,1.3475177304964538,0.5035460992907801,0.0,0.0,0.0,-4.417720818993237,4.2213871448130655,-7.365198213173285,4.260985352862856,-10.083842233344043,3,595
research_oof,fold_2,surface_breadth_recovery,2025-07-14,2025-07-14 04:46:00+00:00,NSE_FO|47296|17-07-2025,2025-07-17,PE,25350.0,253.3,-3.6715357283853183,-3.7715357283853184,-4.671535728385319,0.09999999999999432,13.300000000000011,0.03947887879983984,5,-3.534777651083243,-5.936329588014977,2.401551936931734,1.4129692832764504,0.4368600682593856,0.0,0.125,0.0,-3.680568507797155,2.467655075765451,-10.687274277264091,7.152496626180849,-4.628325291627355,3,616
research_oof,fold_2,surface_breadth_recovery,2025-07-15,2025-07-15 04:22:00+00:00,NSE_FO|47296|17-07-2025,2025-07-17,PE,25350.0,236.35,2.877089062830553,2.777089062830553,1.877089062830553,19.25,4.5,8.144700655807066,5,-2.5947281713344372,-6.629504280310572,4.034776108976135,1.32092004381161,0.3877327491785322,0.0,0.25,0.0,-3.6367429166781875,5.257144118593498,-6.4908320674383235,3.8961038961038863,-3.919988057919088,2,592
research_oof,fold_2,surface_breadth_recovery,2025-07-15,2025-07-15 05:02:00+00:00,NSE_FO|47288|17-07-2025,2025-07-17,PE,25200.0,108.5,-4.654377880184329,-4.754377880184329,-5.654377880184329,1.4000000000000057,6.5,1.2903225806451666,5,-8.763102725366878,-11.907654921020661,3.144552195653784,1.3374092472296524,-1.0676739441760859,0.0,0.125,0.0,-7.142857142857128,2.5073273586278364,-17.910527236912188,9.14742451154531,-4.900634638177426,2,632
research_oof,fold_2,surface_breadth_recovery,2025-07-16,2025-07-16 04:17:00+00:00,NSE_FO|47282|17-07-2025,2025-07-17,CE,25150.0,63.15,8.70942201108473,8.60942201108473,7.70942201108473,10.850000000000001,1.3999999999999986,17.18131433095804,5,-12.620689655172413,-14.396887159533067,1.7761975043606544,1.971881723120028,0.9731325361484966,0.036767454995266846,0.0,0.0,-12.97701149425287,1.747476005287818,-24.557250590063894,11.936560934891482,-1.5284300884478306,1,587
research_oof,fold_2,surface_breadth_recovery,2025-07-16,2025-07-16 05:04:00+00:00,NSE_FO|47282|17-07-2025,2025-07-17,CE,25150.0,61.25,-3.5918367346938824,-3.6918367346938825,-4.591836734693882,0.25,5.200000000000003,0.40816326530612246,5,-7.121212121212128,-10.410094637223978,3.2888825160118493,1.8498613603001142,-1.345093534454313,0.0,0.0,0.0,-7.517028078954691,1.196103101716428,-9.504190844616378,2.38297872340425,-3.948190107764571,1,634
research_oof,fold_2,surface_breadth_recovery,2025-07-17,2025-07-17 04:40:00+00:00,NSE_FO|47282|17-07-2025,2025-07-17,CE,25150.0,54.95,-10.555050045495912,-10.655050045495912,-11.555050045495912,0.3999999999999986,9.0,0.7279344858962666,5,-14.918414918414912,-19.33701657458563,4.418601656170717,2.1770097250402296,-2.452039459875463,0.0,0.0,0.0,-15.589288760020462,2.560678286760849,-47.10232296439193,32.18390804597702,-13.27063740856844,0,610
research_oof,fold_2,surface_breadth_recovery,2025-07-17,2025-07-17 05:01:00+00:00,NSE_FO|47282|17-07-2025,2025-07-17,CE,25150.0,41.25,4.848484848484849,4.748484848484849,3.8484848484848486,4.600000000000001,0.5499999999999972,11.151515151515156,5,-15.28205128205129,-16.59751037344398,1.3154590913926913,1.4521950308238372,-0.7734446095111298,0.0,0.0,0.0,-10.988011132519803,1.820273047578147,-40.239316239316246,24.957264957264957,0.797264957264975,0,631
research_oof,fold_2,surface_breadth_recovery,2025-07-18,2025-07-18 04:15:00+00:00,NSE_FO|49496|24-07-2025,2025-07-24,CE,25150.0,92.05,-0.7061379684953737,-0.8061379684953737,-1.7061379684953737,2.200000000000003,3.700000000000003,2.39000543183053,5,-10.092637737688925,-12.588401697312579,2.4957639596236536,1.7574724698479287,0.23439958049292087,0.07006682792833423,0.0,0.0,-9.068723716346266,2.000660503275647,-18.503233764178983,8.410596026490058,-0.9922866090624538,6,585
research_oof,fold_2,surface_breadth_recovery,2025-07-18,2025-07-18 04:32:00+00:00,NSE_FO|49490|24-07-2025,2025-07-24,CE,25050.0,131.8,1.5174506828528072,1.417450682852807,0.5174506828528072,3.1999999999999886,2.200000000000017,2.4279210925644827,5,-6.749116607773864,-8.105263157894749,1.3561465501208847,1.5312013414780212,-0.26757695532399106,0.0,0.0,0.0,-7.074255404709085,1.1336766371152662,-14.784436696074078,8.035320088300214,-0.9584466080488667,6,602
research_oof,fold_2,surface_breadth_recovery,2025-07-21,2025-07-21 04:15:00+00:00,NSE_FO|49491|24-07-2025,2025-07-24,PE,25050.0,153.05,-20.777523685070246,-20.877523685070248,-21.777523685070246,2.9499999999999886,33.400000000000006,1.927474681476634,5,-10.172969803576681,-11.471389645776576,1.2984198421998947,1.9506021637068789,1.401510512349459,0.024522383803820928,0.0,0.0,-8.359675980120373,0.7980623651832657,-24.58806414319933,14.415094339622648,-2.0427168550306547,3,585
research_oof,fold_2,surface_breadth_recovery,2025-07-21,2025-07-21 04:47:00+00:00,NSE_FO|49519|24-07-2025,2025-07-24,CE,25200.0,60.25,-6.224066390041494,-6.3240663900414935,-7.224066390041494,3.1499999999999986,4.649999999999999,5.228215767634852,5,-10.772659732540857,-16.008462623413266,5.235802890872408,1.8675466751051037,0.702861534288685,0.0,0.0,0.0,-10.050481872418548,3.7766247027228417,-16.73369491718756,5.961035184646701,-3.3238205845840687,3,617
research_oof,fold_2,surface_breadth_recovery,2025-07-22,2025-07-22 05:08:00+00:00,NSE_FO|49487|24-07-2025,2025-07-24,CE,25000.0,144.25,0.5892547660311919,0.4892547660311919,-0.41074523396880813,2.4499999999999886,4.75,1.6984402079722623,5,-3.770437103770441,-4.91424802110817,1.143810917337729,1.429145361577794,0.29729729729729737,0.0,0.0,0.0,-5.118672752448844,0.5774812123643343,-5.480963419559915,1.7105263157894735,-5.752160251374705,2,638
research_oof,fold_2,surface_breadth_recovery,2025-07-22,2025-07-22 05:37:00+00:00,NSE_FO|49490|24-07-2025,2025-07-24,CE,25050.0,95.35,-1.8353434714210803,-1.9353434714210804,-2.8353434714210803,1.1500000000000057,4.849999999999994,1.2060828526481444,5,-8.236994219653182,-12.132883967260465,3.895889747607283,4.094577006507592,-2.1639913232104124,0.0,0.0,0.0,-8.300482403944237,3.29976494307816,-25.24730349800368,17.010309278350498,-10.395189003436457,2,667
research_oof,fold_2,surface_breadth_recovery,2025-07-23,2025-07-23 04:17:00+00:00,NSE_FO|49496|24-07-2025,2025-07-24,CE,25150.0,42.4,11.084905660377366,10.984905660377366,10.084905660377366,5.899999999999999,2.8500000000000014,13.91509433962264,5,-3.4168564920273314,-5.494505494505497,2.0776490024781658,1.6135970808526983,0.8936277243664879,0.09103430353430353,0.0,0.0,-2.941176470588225,1.9048682566270574,-7.912603758126979,4.495747266099648,-2.656072056359582,1,587
research_oof,fold_2,surface_breadth_recovery,2025-07-23,2025-07-23 05:35:00+00:00,NSE_FO|49518|24-07-2025,2025-07-24,PE,25150.0,59.5,0.42016806722689076,0.32016806722689073,-0.5798319327731092,1.3999999999999986,1.25,2.3529411764705856,5,-10.052910052910057,-13.575667655786361,3.522757602876304,1.9410169866651912,-0.37669451668234366,0.0,0.125,0.125,-9.386475424211277,3.468254792474596,-22.478945555868634,12.426035502958577,-6.925534912441613,1,665
research_oof,fold_2,surface_breadth_recovery,2025-07-24,2025-07-24 04:18:00+00:00,NSE_FO|49520|24-07-2025,2025-07-24,PE,25200.0,34.2,22.076023391812853,21.976023391812852,21.076023391812853,11.799999999999997,0.05000000000000426,34.50292397660817,5,-1.1527377521614035,-15.014164305949008,13.861426553787604,1.7610137593576178,1.0997114298858266,0.0,0.25,0.125,-2.032679555692357,9.073979637555658,5.926908265537712,-7.079646017699115,-18.812498003258693,0,588
research_oof,fold_2,surface_breadth_recovery,2025-07-24,2025-07-24 04:37:00+00:00,NSE_FO|49492|24-07-2025,2025-07-24,CE,25100.0,80.55,-3.103662321539417,-3.203662321539417,-4.103662321539417,2.200000000000003,4.25,2.7312228429546903,5,-3.7634408602150615,-6.172140430351081,2.408699570136019,1.2025688256086027,0.19365758948573708,0.0,0.0,0.0,-3.277069267316829,1.8845432066470378,-1.8766484073848844,-1.8867924528301772,-3.379329766262995,0,607
research_oof,fold_2,surface_breadth_recovery,2025-07-25,2025-07-25 04:15:00+00:00,NSE_FO|55797|31-07-2025,2025-07-31,CE,24950.0,124.1,5.519742143432711,5.419742143432711,4.519742143432711,7.900000000000006,5.449999999999989,6.365834004834816,5,-13.709116214335415,-17.62948207171314,3.9203658573777265,1.5104097452934662,0.573779498024921,0.12431636516617585,0.0,0.0,-14.009583660830405,4.0418605824967315,-32.91350578909535,19.20438957475994,-1.9876634053725084,6,585
research_oof,fold_2,surface_breadth_recovery,2025-07-25,2025-07-25 04:32:00+00:00,NSE_FO|55803|31-07-2025,2025-07-31,CE,25100.0,65.55,-6.788710907704036,-6.888710907704036,-7.788710907704036,2.450000000000003,5.25,3.737604881769646,5,-0.22865853658535773,-6.710914454277283,6.482255917691925,1.3694756403005575,-1.159731760523552,0.0,0.0,0.0,-0.10382383317135147,5.8926842727565765,0.2448263118994931,-0.47348484848485084,-6.002097845575049,6,602
research_oof,fold_2,surface_breadth_recovery,2025-07-28,2025-07-28 04:15:00+00:00,NSE_FO|55795|31-07-2025,2025-07-31,CE,24900.0,86.25,9.623188405797098,9.523188405797098,8.623188405797098,9.200000000000003,3.799999999999997,10.66666666666667,5,-10.312500000000002,-19.67545638945233,9.362956389452327,1.3465197167162553,0.6829085095215129,0.0,0.0,0.0,-10.878661087866103,10.056141050236269,-19.67717131839882,9.36467131839882,-9.741935288207792,3,585
research_oof,fold_2,surface_breadth_recovery,2025-07-28,2025-07-28 04:41:00+00:00,NSE_FO|55802|31-07-2025,2025-07-31,PE,25050.0,231.15,-14.14665801427645,-14.24665801427645,-15.14665801427645,0.75,33.5,0.32446463335496434,5,-5.522479983576279,-6.501976284584976,0.9794963010086972,1.2715654952076678,0.08945686900958472,0.0,0.25,0.25,-5.156871487296333,1.115393250740837,-16.52675348784979,11.00427350427351,-2.61661185327473,3,611
research_oof,fold_3,surface_breadth_recovery,2025-07-29,2025-07-29 04:25:00+00:00,NSE_FO|55796|31-07-2025,2025-07-31,PE,24900.0,198.0,8.308080808080803,8.208080808080803,7.308080808080803,21.650000000000006,0.44999999999998863,10.934343434343436,5,-11.982182628062365,-14.517543859649118,2.5353612315867533,1.980634749865519,0.3345884884346422,0.0,0.25,0.25,-8.61518560552571,2.1361947594163313,-35.324357694375365,23.342175066312997,-6.99339540348565,2,595
research_oof,fold_3,surface_breadth_recovery,2025-07-29,2025-07-29 04:45:00+00:00,NSE_FO|55795|31-07-2025,2025-07-31,CE,24900.0,33.45,-6.2780269058296,-6.3780269058296,-7.2780269058296,1.1499999999999986,2.7500000000000036,3.4379671150971554,5,-13.712807244501935,-19.780219780219788,6.067412535717853,1.5200307426265731,0.07897012200979914,0.011547892666773786,0.0,0.0,-12.5,6.067412535717853,-25.30998199957143,11.597174755069496,-4.442569744575643,2,615
research_oof,fold_3,surface_breadth_recovery,2025-07-30,2025-07-30 04:47:00+00:00,NSE_FO|55796|31-07-2025,2025-07-31,PE,24900.0,98.55,2.4860476915271468,2.3860476915271467,1.4860476915271468,4.200000000000003,7.25,4.261796042617964,5,-2.751842751842748,-7.829670329670324,5.077827577827576,1.5930897009966778,0.6975415282392027,0.0,0.25,0.0,-1.615944036408734,3.570151560042684,-5.509758992905045,2.757916241062297,-7.230984979803413,1,617
research_oof,fold_3,surface_breadth_recovery,2025-07-30,2025-07-30 05:09:00+00:00,NSE_FO|55795|31-07-2025,2025-07-31,CE,24900.0,35.85,-4.741980474198055,-4.8419804741980546,-5.741980474198055,0.5499999999999972,4.100000000000001,1.5341701534170074,5,-6.143790849673203,-7.769423558897248,1.6256327092240452,1.3176104772194261,0.8061345489999737,-0.00996063221350866,0.0,0.0,-6.015037593984962,1.3650727866134869,-12.645848462841936,6.502057613168732,-3.8790199163976293,1,639
research_oof,fold_3,surface_breadth_recovery,2025-07-31,2025-07-31 05:20:00+00:00,NSE_FO|55796|31-07-2025,2025-07-31,PE,24900.0,192.9,-0.6739243131156097,-0.7739243131156097,-1.6739243131156099,10.949999999999989,8.650000000000006,5.676516329704504,5,-9.504811077211917,-13.307813555505522,3.803002478293605,2.599426934097421,0.331232091690544,0.0,0.25,0.25,-6.774504213552445,2.7016773475521663,-45.01882976880071,35.51401869158879,-15.9711298232627,0,650
research_oof,fold_3,surface_breadth_recovery,2025-07-31,2025-07-31 05:38:00+00:00,NSE_FO|55798|31-07-2025,2025-07-31,PE,24950.0,193.25,13.32470892626132,13.22470892626132,12.32470892626132,28.599999999999994,1.1999999999999886,14.799482535575676,5,-3.5083354068176087,-6.275946275946276,2.767610869128667,1.5429447852760736,-0.49079754601227,0.0,0.0,0.0,-3.5531626782831727,1.7045036985627369,-31.37718786583401,27.868852459016402,-25.402175578366773,0,668
research_oof,fold_3,surface_breadth_recovery,2025-08-01,2025-08-01 04:18:00+00:00,NSE_FO|39856|07-08-2025,2025-08-07,CE,24750.0,140.7,-4.442075337597727,-4.542075337597726,-5.442075337597727,4.800000000000011,7.449999999999989,3.4115138592750616,5,-2.461005199306765,-4.803956199222892,2.342950999916127,1.2306310621482457,0.2078297592166496,0.03636428840395202,0.0,0.0,-2.461005199306765,2.377170216574187,-4.528674372239094,2.0676691729323293,-2.3656745673111823,6,588
research_oof,fold_3,surface_breadth_recovery,2025-08-01,2025-08-01 04:34:00+00:00,NSE_FO|39859|07-08-2025,2025-08-07,PE,24800.0,184.55,-0.6773232186399349,-0.7773232186399349,-1.677323218639935,6.849999999999994,3.3500000000000227,3.7117312381468404,5,-8.725830441249382,-11.01961734076048,2.2937868995110975,1.2453129125957223,-0.6100235931826599,0.0,0.0,0.0,-9.048991354466851,2.4472874035472376,-19.64083276359031,10.915002322340928,-2.9699239734270115,6,604
research_oof,fold_3,surface_breadth_recovery,2025-08-04,2025-08-04 04:17:00+00:00,NSE_FO|39858|07-08-2025,2025-08-07,CE,24800.0,58.8,14.115646258503398,14.015646258503399,13.115646258503398,20.150000000000006,3.5,34.26870748299321,5,-21.823020625415847,-23.197903014416777,1.3748823890009305,1.440522716170005,0.42289451104179987,0.0,0.0,0.0,-21.4628937533369,1.284811445239253,-43.87044424602688,22.047423620611028,-0.9378601915823737,3,587
research_oof,fold_3,surface_breadth_recovery,2025-08-04,2025-08-04 04:38:00+00:00,NSE_FO|39857|07-08-2025,2025-08-07,PE,24750.0,197.55,0.6833712984054641,0.5833712984054641,-0.31662870159453593,6.649999999999977,4.100000000000023,3.3662363958491404,5,-3.5871156661786197,-6.127739806740518,2.5406241405618983,1.2141157811260903,0.6962727993655827,0.0,0.0,0.0,-3.5871156661786197,2.5406241405618983,-4.214253636532095,0.6271379703534752,-2.26884311711697,3,608
research_oof,fold_3,surface_breadth_recovery,2025-08-05,2025-08-05 04:29:00+00:00,NSE_FO|39856|07-08-2025,2025-08-07,CE,24750.0,53.95,6.487488415199258,6.387488415199258,5.487488415199258,4.449999999999996,1.4000000000000057,8.248378127896192,5,-6.591500433651342,-7.711864406779656,1.1203639731283133,1.5161498113554799,0.05098003128738382,0.025009323885129737,0.0,0.0,-6.591500433651342,0.9085309516476796,-10.679210233326508,4.0877097996751655,-0.9658469155129579,2,599
research_oof,fold_3,surface_breadth_recovery,2025-08-05,2025-08-05 04:50:00+00:00,NSE_FO|39853|07-08-2025,2025-08-07,PE,24650.0,115.6,-2.595155709342561,-2.695155709342561,-3.595155709342561,1.2000000000000028,9.549999999999997,1.0380622837370268,5,-5.666530778638402,-8.296055307035378,2.629524528396976,1.24460864335424,-0.6096743706503995,0.0,0.125,0.0,-4.0181513784888825,1.8456639831305353,-9.316916382751506,3.6503856041131044,-3.5147234301548202,2,620
research_oof,fold_3,surface_breadth_recovery,2025-08-06,2025-08-06 04:38:00+00:00,NSE_FO|39856|07-08-2025,2025-08-07,CE,24750.0,35.2,-5.539772727272735,-5.639772727272734,-6.539772727272735,1.2999999999999972,4.050000000000004,3.69318181818181,5,-1.949860724233976,-21.506550218340603,19.556689494106628,1.2189924485362573,0.05262001291198026,0.0,0.0,0.0,-1.949860724233976,18.610425691928054,-0.09101669286597502,-1.858844031368001,-12.02888981292456,1,608
research_oof,fold_3,surface_breadth_recovery,2025-08-06,2025-08-06 04:57:00+00:00,NSE_FO|39856|07-08-2025,2025-08-07,CE,24750.0,31.1,1.2861736334405098,1.1861736334405097,0.28617363344050983,1.8999999999999986,1.1000000000000014,6.109324758842439,5,-21.192893401015223,-26.055488540410142,4.862595139394919,1.2207059219947771,-0.3223581352515372,0.001585495074761587,0.0,0.0,-21.192893401015223,4.862595139394919,-34.16119311283079,12.968299711815568,-3.7167425520580046,1,627
research_oof,fold_3,surface_breadth_recovery,2025-08-07,2025-08-07 06:10:00+00:00,NSE_FO|39853|07-08-2025,2025-08-07,PE,24650.0,215.0,7.627906976744189,7.527906976744189,6.627906976744189,18.25,0.8499999999999943,8.488372093023255,5,-7.181483884923212,-8.57385398981324,1.3923701048900288,4.711864406779661,-1.0546139359698685,0.0,0.0,0.0,-5.6220748409360475,0.7180094569404607,-11.077587781027098,3.8961038961038863,-5.314422419685604,0,700
research_oof,fold_3,surface_breadth_recovery,2025-08-07,2025-08-07 08:43:00+00:00,NSE_FO|39853|07-08-2025,2025-08-07,PE,24650.0,234.15,-22.015801836429645,-22.115801836429647,-23.015801836429645,2.8499999999999943,56.650000000000006,1.2171684817424704,5,-0.7201864011861958,-5.8016877637130815,5.081501362526886,1.7491408934707904,-1.509326129702115,0.009194815145903838,0.125,0.0,-0.929328800707141,2.9350975106859574,22.007086326086544,-22.72727272727274,-18.181818181818187,0,853
research_oof,fold_3,surface_breadth_recovery,2025-08-08,2025-08-08 04:15:00+00:00,NSE_FO|44472|14-08-2025,2025-08-14,CE,24500.0,146.35,-4.20225486846601,-4.30225486846601,-5.20225486846601,5.650000000000006,7.599999999999994,3.860608131192351,5,-3.172504957039002,-4.6759109964527585,1.5034060394137567,1.3206694637834848,0.682086705517958,0.05056590426786135,0.0,0.0,-3.2320441988950233,1.5224336608878009,-9.257960287207334,6.085455330168332,-1.8139268410584997,6,585
research_oof,fold_3,surface_breadth_recovery,2025-08-08,2025-08-08 04:31:00+00:00,NSE_FO|44492|14-08-2025,2025-08-14,CE,24600.0,88.45,-4.748445449406447,-4.848445449406447,-5.748445449406447,0.25,5.650000000000006,0.2826455624646693,5,-4.892473118279572,-8.285565398645133,3.393092280365561,1.6185420173507705,-0.3608701281885276,0.0,0.0,0.0,-4.892473118279572,2.9540242638761978,-10.12693331457183,5.234460196292257,-2.7812348709723045,6,601
research_oof,fold_3,surface_breadth_recovery,2025-08-11,2025-08-11 04:25:00+00:00,NSE_FO|44497|14-08-2025,2025-08-14,PE,24650.0,269.2,-5.070579494799397,-5.170579494799397,-6.070579494799397,2.4499999999999886,13.849999999999994,0.9101040118870687,5,-8.078042101660099,-10.632911392405065,2.554869290744966,1.575609756097561,-0.11219512195121939,0.0,0.0,0.0,-10.227012153175885,2.554869290744966,-19.58246688042118,11.50442477876108,-2.7081232366038535,3,595
research_oof,fold_3,surface_breadth_recovery,2025-08-11,2025-08-11 04:48:00+00:00,NSE_FO|44491|14-08-2025,2025-08-14,PE,24550.0,171.85,0.9019493744544728,0.8019493744544728,-0.09805062554552724,13.700000000000017,0.9000000000000057,7.972068664533033,5,-8.63213811420983,-9.371781668383106,0.7396435541732753,2.8153717627401837,1.0332771681455892,0.014883850326888302,0.0,0.0,-8.63213811420983,0.7396435541732753,-21.784538949282904,13.152400835073074,-1.0922034814736978,3,618
research_oof,fold_3,surface_breadth_recovery,2025-08-12,2025-08-12 04:16:00+00:00,NSE_FO|44497|14-08-2025,2025-08-14,PE,24650.0,88.2,0.1700680272108747,0.07006802721087468,-0.8299319727891253,2.450000000000003,2.9000000000000057,2.777777777777781,5,-11.335012594458437,-14.733698357391734,3.3986857629332974,1.9976573481180697,-0.29064501015149125,0.0,0.375,0.0,-11.806120158615357,2.7658946718428226,-23.377515546052294,12.042502951593859,-3.5302894111746372,2,586
research_oof,fold_3,surface_breadth_recovery,2025-08-12,2025-08-12 04:45:00+00:00,NSE_FO|44496|14-08-2025,2025-08-14,CE,24650.0,119.45,-10.841356215989956,-10.941356215989956,-11.841356215989956,3.0999999999999943,15.350000000000009,2.595228128924231,5,-7.7249903437620615,-13.37363052512277,5.648640181360709,1.5717908787541712,0.6099221357063404,0.0508382128820085,0.0,0.0,-6.28883917474522,4.153023403068524,-14.420769091942542,6.695778748180481,-6.4581823878434355,2,615
research_oof,fold_3,surface_breadth_recovery,2025-08-13,2025-08-13 04:29:00+00:00,NSE_FO|44497|14-08-2025,2025-08-14,PE,24650.0,86.0,-1.8023255813953456,-1.9023255813953457,-2.802325581395346,6.950000000000003,4.200000000000003,8.081395348837212,5,-8.49707912904939,-11.66317991631798,3.16610078726859,1.496951794356106,-0.9803131158729648,0.03161343823951781,0.0,0.0,-8.942417115545103,4.076358251024587,-17.44581935493993,8.948740225890539,-3.9121521625609113,1,599
research_oof,fold_3,surface_breadth_recovery,2025-08-13,2025-08-13 05:18:00+00:00,NSE_FO|44490|14-08-2025,2025-08-14,CE,24550.0,94.25,14.907161803713526,14.807161803713527,13.907161803713526,16.75,2.200000000000003,17.771883289124666,5,-8.052708638360173,-11.596312469674919,3.543603831314746,1.5451106752591763,-1.3912860745306808,0.017232023098897275,0.0,0.0,-8.052708638360173,3.698401703481359,-16.35386693951849,8.301158301158317,-6.387557652149091,1,648
research_oof,fold_3,surface_breadth_recovery,2025-08-14,2025-08-14 04:16:00+00:00,NSE_FO|44497|14-08-2025,2025-08-14,PE,24650.0,37.0,3.513513513513506,3.413513513513506,2.513513513513506,7.0,3.5,18.91891891891892,5,-18.302094818081592,-23.87904066736184,5.576945849280246,1.2818518771175842,0.24291752184880666,0.0,0.0,0.0,-11.246866120675254,4.004767815338334,-61.359271014114256,43.057176196032664,-7.440336241778269,0,586
research_oof,fold_3,surface_breadth_recovery,2025-08-14,2025-08-14 04:31:00+00:00,NSE_FO|44490|14-08-2025,2025-08-14,CE,24550.0,103.4,-6.2379110251450705,-6.33791102514507,-7.2379110251450705,9.0,9.75,8.704061895551257,5,-14.80872069107363,-16.201117318435752,1.3923966273621229,1.219128916480745,0.20598187335262197,0.0,0.0,0.0,-14.80872069107363,1.4445807296773907,-41.61284440241383,26.8041237113402,-4.624447717231227,0,601
research_oof,fold_3,surface_breadth_recovery,2025-08-18,2025-08-18 04:18:00+00:00,NSE_FO|47249|21-08-2025,2025-08-21,PE,25050.0,138.9,3.2757379409647105,3.1757379409647104,2.2757379409647105,5.5,5.300000000000011,3.9596832253419727,5,-4.075993091537134,-5.9491059147180225,1.8731128231808887,1.4833771824922268,0.398741063893844,0.1635447176622846,0.125,0.125,-4.068647886764737,2.0795438957897594,-13.343872905333155,9.267879813796021,0.8437389923375171,3,588
research_oof,fold_3,surface_breadth_recovery,2025-08-18,2025-08-18 04:38:00+00:00,NSE_FO|47231|21-08-2025,2025-08-21,CE,25000.0,145.35,-0.7567939456484309,-0.8567939456484309,-1.756793945648431,3.3000000000000114,6.349999999999994,2.2703818369453126,5,-3.2901296111664924,-5.319148936170215,2.029019325003723,1.2122563896303338,0.03736882518556439,0.0,0.0,0.0,-3.204235162998048,1.892224411817656,-5.424914039797713,2.13478442863122,-2.9869620029388866,3,608
research_oof,fold_3,surface_breadth_recovery,2025-08-19,2025-08-19 04:16:00+00:00,NSE_FO|47212|21-08-2025,2025-08-21,CE,24850.0,117.75,12.78131634819534,12.68131634819534,11.78131634819534,18.19999999999999,1.0,15.45647558386411,5,-8.148148148148149,-10.195312499999998,2.0471643518518494,1.4332065906210394,0.11540022636917757,0.0,0.0,0.0,-9.916892003151762,2.1894035308541673,-16.344869459623567,8.196721311475418,-3.9943824776514276,2,586
research_oof,fold_3,surface_breadth_recovery,2025-08-19,2025-08-19 04:44:00+00:00,NSE_FO|47232|21-08-2025,2025-08-21,PE,25000.0,116.85,1.8399657680787385,1.7399657680787384,0.8399657680787385,6.950000000000003,1.5,5.947796320068466,5,-11.459909228441745,-12.799401197604787,1.339491969163042,1.4994421718110822,-1.5264658485186564,0.0,0.125,0.0,-10.972614889835015,1.1676571628765773,-29.421074276985426,17.96116504854368,-3.94170908426106,2,614
research_oof,fold_3,surface_breadth_recovery,2025-08-20,2025-08-20 04:15:00+00:00,NSE_FO|47222|21-08-2025,2025-08-21,PE,24950.0,60.95,-8.69565217391305,-8.79565217391305,-9.69565217391305,0.8499999999999943,7.150000000000006,1.3945857260049128,5,-9.158600148920337,-10.344827586206884,1.1862274372865471,1.4723488931266064,0.0026117237376668268,0.0,0.0,0.0,-8.853706406913991,0.7894463526623872,-21.933617892000548,12.775017743080209,-1.4891332003160276,1,585
research_oof,fold_3,surface_breadth_recovery,2025-08-20,2025-08-20 04:33:00+00:00,NSE_FO|47232|21-08-2025,2025-08-21,PE,25000.0,76.25,0.1967213114754173,0.0967213114754173,-0.8032786885245827,2.75,3.0999999999999943,3.606557377049181,5,-7.910628019323673,-11.71830985915494,3.8076818398312673,1.2255066153073186,0.5698394704005755,0.0,0.0,0.0,-7.518934473151118,3.868374998144397,-20.43298937889433,12.522361359570656,-9.040447740330436,1,603
research_oof,fold_3,surface_breadth_recovery,2025-08-21,2025-08-21 05:36:00+00:00,NSE_FO|47248|21-08-2025,2025-08-21,CE,25050.0,80.0,1.8125000000000038,1.7125000000000037,0.8125000000000038,5.700000000000003,3.1500000000000057,7.1250000000000036,5,-5.999999999999995,-16.973200210194438,10.973200210194443,1.9079606847620907,-0.2858816637375514,0.05193742971066353,0.0,0.0,-2.9792017987633534,5.97403943396778,0.7226890756302673,-6.722689075630262,-15.945990046504045,0,666
research_oof,fold_3,surface_breadth_recovery,2025-08-21,2025-08-21 06:01:00+00:00,NSE_FO|47221|21-08-2025,2025-08-21,CE,24950.0,171.0,1.2280701754385932,1.1280701754385931,0.2280701754385932,2.3499999999999943,5.0,1.3742690058479499,5,-6.619449741214933,-8.277881288261902,1.6584315470469688,1.3705882352941177,-1.2676866973204377,0.0,0.0,0.0,-6.619449741214933,1.6584315470469688,-8.134601256366448,1.5151515151515138,-1.609848484848464,0,691
research_oof,fold_3,surface_breadth_recovery,2025-08-22,2025-08-22 04:22:00+00:00,NSE_FO|71972|28-08-2025,2025-08-28,CE,24950.0,139.0,-6.474820143884892,-6.574820143884891,-7.474820143884892,4.0,12.0,2.877697841726619,5,-2.421902421902411,-6.293952180028118,3.8720497581257067,1.2351160443995963,-0.15943491422805245,0.0,0.0,0.0,-2.93609671848013,3.7795269330153096,-5.964412543359909,3.5425101214574983,-4.405825695730781,6,592
research_oof,fold_3,surface_breadth_recovery,2025-08-22,2025-08-22 04:49:00+00:00,NSE_FO|71988|28-08-2025,2025-08-28,CE,25100.0,57.45,-3.829416884247176,-3.929416884247176,-4.829416884247176,1.1499999999999986,3.9000000000000057,2.0017406440382914,5,-10.75019334880124,-14.708056171470806,3.9578628226695667,1.6633469141391277,-0.06552604484135816,0.0,0.0,0.0,-10.596026490066224,3.585064811099114,-20.081411958370374,9.331218609569136,-3.6742458713051818,6,619
research_oof,fold_3,surface_breadth_recovery,2025-08-25,2025-08-25 04:20:00+00:00,NSE_FO|71974|28-08-2025,2025-08-28,CE,25000.0,75.9,-3.4255599472990887,-3.525559947299089,-4.425559947299089,2.549999999999997,4.050000000000011,3.359683794466399,5,-7.317073170731703,-9.492537313432836,2.1754641427011325,1.2202963841138115,0.5281327800829875,0.0,0.0,0.0,-7.466890393719661,2.0410106341842766,-15.234370195441727,7.917297024710024,-2.9691726486958956,3,590
research_oof,fold_3,surface_breadth_recovery,2025-08-25,2025-08-25 05:33:00+00:00,NSE_FO|71989|28-08-2025,2025-08-28,PE,25100.0,165.0,-2.000000000000007,-2.100000000000007,-3.000000000000007,0.3499999999999943,6.400000000000006,0.21212121212120869,5,-3.3411488862836958,-4.715353651523879,1.374204765240183,1.543091655266758,-0.31075449857939597,0.0011371102238843685,0.125,0.0,-3.050541133601048,1.0422263602086648,-5.35727791854177,2.016129032258074,-2.844982078853042,3,663
research_oof,fold_3,surface_breadth_recovery,2025-08-26,2025-08-26 05:30:00+00:00,NSE_FO|71973|28-08-2025,2025-08-28,PE,24950.0,174.2,-7.57749712973593,-7.677497129735929,-8.57749712973593,1.4000000000000057,15.149999999999977,0.8036739380022995,5,-8.350895679662818,-10.364145658263302,2.0132499786004843,1.6948130277442701,0.023896209286468073,-0.0038029539223489875,0.0,0.0,-5.488421975921853,1.2140473117180965,-15.61084884125531,7.259953161592492,-3.126520268359201,2,660
research_oof,fold_3,surface_breadth_recovery,2025-08-26,2025-08-26 05:59:00+00:00,NSE_FO|71973|28-08-2025,2025-08-28,PE,24950.0,145.4,3.713892709766166,3.6138927097661657,2.713892709766166,5.75,4.050000000000011,3.954607977991747,5,-7.513530722699779,-9.60254372019077,2.0890129974909906,2.236859614105123,-1.317365269461078,0.0,0.0,0.0,-5.695241511238641,0.8146609108177549,-18.169268427617812,10.655737704918034,-4.90442827018569,2,689
research_oof,fold_3,surface_breadth_recovery,2025-08-28,2025-08-28 04:26:00+00:00,NSE_FO|48938|02-09-2025,2025-09-02,PE,24650.0,132.55,-1.357978121463607,-1.4579781214636072,-2.3579781214636073,6.849999999999994,4.550000000000011,5.16786118445869,5,-7.247386759581886,-10.115803814713908,2.8684170551320225,1.2970365265334252,0.3573450819331446,0.0,0.0,0.0,-6.650602409638562,2.8321342341060873,-11.360251417640221,4.112864658058335,-3.2835850460836813,5,596
research_oof,fold_3,surface_breadth_recovery,2025-08-28,2025-08-28 04:44:00+00:00,NSE_FO|48945|02-09-2025,2025-09-02,CE,24800.0,51.3,-6.530214424951257,-6.630214424951257,-7.530214424951257,1.6500000000000057,3.8999999999999986,3.216374269005859,5,-4.201680672268903,-5.018248175182483,0.8165675029135793,1.2846715328467153,0.8559354590856704,0.008135647831165169,0.0,0.0,-4.779411764705888,0.4392874488502887,-8.64808172883945,4.446401056570548,-1.2685300480149486,5,614
research_oof,fold_3,surface_breadth_recovery,2025-08-29,2025-08-29 04:31:00+00:00,NSE_FO|48939|02-09-2025,2025-09-02,CE,24700.0,34.65,-5.4834054834054795,-5.583405483405479,-6.4834054834054795,1.7000000000000028,2.799999999999997,4.9062049062049145,5,-9.055118110236226,-12.515964240102173,3.4608461298659474,1.2254947382354888,-0.47256602025282946,0.0,0.0,0.0,-8.457711442786087,3.6440159947023982,-15.519179856497665,6.46406174626144,-2.472422744137371,4,601
research_oof,fold_3,surface_breadth_recovery,2025-08-29,2025-08-29 04:47:00+00:00,NSE_FO|48940|02-09-2025,2025-09-02,PE,24700.0,214.6,-8.92357875116496,-9.02357875116496,-9.92357875116496,1.3000000000000114,26.299999999999983,0.6057781919850939,5,-2.6739179696351756,-4.887218045112773,2.2133000754775973,1.4523937600860677,0.18563437204712474,0.0,0.0,0.0,-2.6739179696351756,2.243219077803615,-3.8573499222979035,1.183431952662728,-3.2712531471836614,4,617
research_oof,fold_3,surface_breadth_recovery,2025-09-01,2025-09-01 04:16:00+00:00,NSE_FO|48944|02-09-2025,2025-09-02,PE,24750.0,193.7,-1.3680949922560546,-1.4680949922560547,-2.3680949922560544,9.950000000000017,5.299999999999983,5.136809499225616,5,-3.9483486466352025,-6.220915993142306,2.2725673465071035,1.3402597402597403,-0.10948645263366075,0.0,0.0,0.0,-4.796465762070046,2.4238627163929216,-13.29414303915857,9.345794392523366,-1.1087510620220833,1,586
research_oof,fold_3,surface_breadth_recovery,2025-09-01,2025-09-01 04:45:00+00:00,NSE_FO|48935|02-09-2025,2025-09-02,CE,24600.0,41.95,-4.529201430274149,-4.629201430274149,-5.529201430274149,2.3999999999999986,4.150000000000006,5.721096543504168,5,-2.780996523754331,-8.695652173913038,5.914655650158707,1.4239313620346254,-0.22945712680659813,0.0,0.0,0.0,-3.1423290203327237,5.914655650158707,-4.1815567478439615,1.4005602240896309,-7.147449143591867,1,615
research_oof,fold_3,surface_breadth_recovery,2025-09-02,2025-09-02 04:19:00+00:00,NSE_FO|48944|02-09-2025,2025-09-02,PE,24750.0,63.65,-17.674783974862528,-17.77478397486253,-18.674783974862528,2.8000000000000043,13.549999999999997,4.399057344854681,5,-11.118832522585132,-12.38410596026489,1.2652734376797579,1.2685337726523889,0.1798416806226617,0.0,0.0,0.0,-10.909090909090914,1.2652734376797579,-32.04906508072466,20.93023255813953,-3.537852548243457,0,589
research_oof,fold_3,surface_breadth_recovery,2025-09-02,2025-09-02 04:35:00+00:00,NSE_FO|48946|02-09-2025,2025-09-02,PE,24800.0,69.9,2.360515021459215,2.260515021459215,1.3605150214592152,5.449999999999989,5.900000000000006,7.796852646638038,5,-13.613861386138614,-18.58297078931014,4.969109403171524,1.993190820702524,0.6631773338262921,0.0,0.0,0.0,-12.396694214876035,4.63385418612471,-47.73548300776024,34.12162162162162,-26.7031206464196,0,605
research_oof,fold_3,surface_breadth_recovery,2025-12-01,2025-12-01 04:17:00+00:00,NSE_FO|46807|02-12-2025,2025-12-02,CE,26250.0,110.15,-7.625964593735819,-7.725964593735819,-8.62596459373582,3.8499999999999943,10.950000000000003,3.49523377212891,5,-0.9442446043165464,-8.405172413793105,7.4609278094765585,1.4838327783943766,0.729983656264336,0.0,0.0,0.0,-1.602959309494445,8.485017230094993,0.4269600969567078,-1.3712047012732542,-10.678340171800649,1,587
research_oof,fold_3,surface_breadth_recovery,2025-12-01,2025-12-01 05:03:00+00:00,NSE_FO|46817|02-12-2025,2025-12-02,PE,26350.0,93.3,14.415862808145768,14.315862808145768,13.415862808145768,13.950000000000003,0.3999999999999915,14.951768488745984,5,-3.9711191335740192,-8.992628992629005,5.021509859054985,1.4512,-0.5542347826086957,0.0,0.25,0.0,-3.009288358125567,4.789097952783306,-7.856599706171163,3.885480572597144,-6.061043491573971,1,633
research_oof,fold_3,surface_breadth_recovery,2025-12-02,2025-12-02 05:04:00+00:00,NSE_FO|46817|02-12-2025,2025-12-02,PE,26350.0,252.65,1.7415396793983795,1.6415396793983794,0.7415396793983795,8.349999999999994,4.550000000000011,3.3049673461310087,5,-3.211623016631626,-4.925925925925934,1.7143029092943074,1.8352490421455938,0.6601517658810023,-0.03008298755186722,0.125,0.125,-2.868644361305106,1.7822419012514246,2.910825962960229,-6.122448979591855,5.642256902761078,0,634
research_oof,fold_3,surface_breadth_recovery,2025-12-02,2025-12-02 07:04:00+00:00,NSE_FO|46812|02-12-2025,2025-12-02,PE,26300.0,214.25,1.213535589264875,1.1135355892648748,0.21353558926487493,6.75,11.25,3.150525087514586,5,-4.122787362760483,-6.130434782608695,2.0076474198482126,2.9146110056925996,0.19165085388994285,0.0,0.0,0.0,-2.0233795081516903,1.7036830480169516,3.377212637239513,-7.499999999999996,-4.8684210526315885,0,754
research_oof,fold_3,surface_breadth_recovery,2025-12-03,2025-12-03 04:35:00+00:00,NSE_FO|41907|09-12-2025,2025-12-09,CE,26100.0,71.65,4.745289602233065,4.645289602233065,3.745289602233065,3.799999999999997,0.75,5.3035589672016705,5,-13.293051359516618,-14.933178384660073,1.640127025143455,2.268835616438356,-0.1214626351900292,0.0,0.0,0.0,-11.918124793661267,0.995155265367254,-23.270878410514406,9.977827050997789,-2.490366333226124,6,605
research_oof,fold_3,surface_breadth_recovery,2025-12-03,2025-12-03 05:13:00+00:00,NSE_FO|41905|09-12-2025,2025-12-09,CE,26050.0,87.05,2.125215393452049,2.025215393452049,1.125215393452049,4.1000000000000085,0.20000000000000284,4.709936817920745,5,-4.4956140350877245,-7.469102632993019,2.9734885979052947,1.2753757225433526,-1.6171098265895956,0.0015181503306194053,0.0,0.0,-4.4956140350877245,2.388681177482132,-8.5173531655225,4.021739130434776,-1.9058130100701787,6,643
research_oof,fold_3,surface_breadth_recovery,2025-12-04,2025-12-04 04:16:00+00:00,NSE_FO|41906|09-12-2025,2025-12-09,PE,26050.0,113.3,1.5445719329214476,1.4445719329214475,0.5445719329214476,6.299999999999997,3.0,5.560458958517208,5,-7.933279088689993,-8.978451715881885,1.0451726271918922,1.268119951311276,-0.3062360876125936,0.08531199051430265,0.25,0.0,-7.648231584145987,1.1798644907528137,-14.764134107277371,6.830855018587378,-2.848110002974691,5,586
research_oof,fold_3,surface_breadth_recovery,2025-12-04,2025-12-04 04:38:00+00:00,NSE_FO|41882|09-12-2025,2025-12-09,PE,25950.0,66.2,0.30211480362538196,0.20211480362538195,-0.697885196374618,5.700000000000003,1.1000000000000085,8.610271903323266,5,-6.497175141242928,-10.20833333333333,3.7111581920904024,1.3432788446278368,-2.1266465640374546,0.0,0.125,0.125,-5.782591255515445,3.2312217641075676,-10.304790371703842,3.8076152304609145,-3.013194018094012,5,608
research_oof,fold_3,surface_breadth_recovery,2025-12-05,2025-12-05 04:24:00+00:00,NSE_FO|41905|09-12-2025,2025-12-09,CE,26050.0,112.6,-10.790408525754877,-10.890408525754877,-11.790408525754877,0.20000000000000284,17.849999999999994,0.1776198934280665,5,-4.2073948151296285,-5.089695452649146,0.882300637519517,1.4503721170142214,0.5399012600397907,0.0,0.0,0.0,-4.145601617795758,0.7061394087976791,-8.771959379694184,4.564564564564555,-2.521079304813134,4,594
research_oof,fold_3,surface_breadth_recovery,2025-12-05,2025-12-05 05:01:00+00:00,NSE_FO|41903|09-12-2025,2025-12-09,CE,26000.0,139.05,3.559870550161804,3.459870550161804,2.559870550161804,8.549999999999983,6.75,6.1488673139158445,5,-23.30951072017592,-29.82504859761178,6.515537877435861,4.3909254267744835,-0.22165318957771785,0.0,0.0,0.0,-23.30951072017592,6.515537877435861,-69.4833109795793,46.173800259403386,-19.294749162932952,4,631
research_oof,fold_3,surface_breadth_recovery,2025-12-08,2025-12-08 04:21:00+00:00,NSE_FO|41907|09-12-2025,2025-12-09,CE,26100.0,85.25,-3.812316715542522,-3.9123167155425222,-4.812316715542522,0.09999999999999432,6.75,0.1173020527859171,5,-9.308510638297873,-17.602040816326525,8.293530178028652,1.7930624642338338,0.598758638904785,0.0,0.0,0.0,-6.968302018131817,6.028777357675274,-23.76523255358334,14.456721915285463,-11.94937913333225,1,591
research_oof,fold_3,surface_breadth_recovery,2025-12-08,2025-12-08 04:46:00+00:00,NSE_FO|41908|09-12-2025,2025-12-09,PE,26100.0,59.4,4.966329966329972,4.866329966329972,3.9663299663299716,7.399999999999999,0.0,12.457912457912455,5,-13.735465116279066,-16.76875957120979,3.0332944549307257,1.7147327652982185,-0.32066720520180625,0.0,0.125,0.125,-14.855284425359455,2.9465322849366267,-22.49458920387032,8.759124087591253,-0.5983306847106888,1,616
research_oof,fold_3,surface_breadth_recovery,2025-12-09,2025-12-09 04:37:00+00:00,NSE_FO|41880|09-12-2025,2025-12-09,PE,25900.0,131.6,0.3799392097264438,0.2799392097264438,-0.6200607902735562,4.5,12.25,3.4194528875379944,5,-11.129848229342333,-13.589076723016912,2.45922849367458,1.786948063432176,0.15622236632671105,0.0,0.0,0.0,-7.142857142857128,1.7741517683139696,-27.366010590965953,16.23616236162362,-8.95763608798876,0,607
research_oof,fold_3,surface_breadth_recovery,2025-12-09,2025-12-09 04:53:00+00:00,NSE_FO|41880|09-12-2025,2025-12-09,PE,25900.0,79.1,5.562579013906455,5.462579013906455,4.562579013906455,10.550000000000011,3.1999999999999886,13.337547408343884,5,-2.464571780653113,-25.70518653321201,23.240614752558898,1.335256682223165,-0.19813815172517435,0.0,0.0,0.0,-3.126336829147908,13.009373633489318,-21.766042368888417,19.301470588235304,-65.00085499316003,0,623
research_oof,fold_3,surface_breadth_recovery,2025-12-10,2025-12-10 04:50:00+00:00,NSE_FO|48211|16-12-2025,2025-12-16,PE,25750.0,45.85,0.5452562704471101,0.44525627044711014,-0.4547437295528899,1.5499999999999972,0.30000000000000426,3.3805888767720766,5,-4.672897196261683,-6.102362204724399,1.4294650084627154,1.8473996760842182,0.8371423429908225,0.0,0.0,0.0,-4.105951777364658,1.3286754850128313,-8.285064496641915,3.6121673003802313,-0.25049364382576655,6,620
research_oof,fold_3,surface_breadth_recovery,2025-12-10,2025-12-10 05:21:00+00:00,NSE_FO|48220|16-12-2025,2025-12-16,CE,25900.0,133.85,-8.741128128502046,-8.841128128502046,-9.741128128502046,0.25,16.5,0.1867762420620097,5,-7.301038062283749,-11.891354753229544,4.590316690945795,1.9228024325275168,0.11288133889531093,0.0,0.0,0.0,-6.285044574883292,3.607643316533632,-18.53543473357362,11.23439667128987,-5.061541433158867,6,651
research_oof,fold_3,surface_breadth_recovery,2025-12-11,2025-12-11 04:38:00+00:00,NSE_FO|48221|16-12-2025,2025-12-16,PE,25900.0,168.6,-7.918149466192167,-8.018149466192167,-8.918149466192167,8.099999999999994,15.599999999999994,4.804270462633449,5,-16.863905325443795,-18.7545609340793,1.8906556086355053,1.271569563833174,0.11747851002865328,0.0,0.0,0.0,-16.204136426095083,1.8924388261106984,-34.88192334346181,18.01801801801801,-4.399732555815206,5,608
research_oof,fold_3,surface_breadth_recovery,2025-12-11,2025-12-11 05:05:00+00:00,NSE_FO|48217|16-12-2025,2025-12-16,PE,25800.0,84.95,-4.885226603884645,-4.9852266038846444,-5.885226603884645,1.7000000000000028,4.950000000000003,2.001177163037084,5,-5.700055340343102,-11.671232876712335,5.9711775363692325,1.2362613206717665,0.5214103578651192,0.0,0.0,0.0,-4.2450548002921975,5.004681975252339,-7.584352861004251,1.884297520661149,-5.103332034671504,5,635
research_oof,fold_3,surface_breadth_recovery,2025-12-12,2025-12-12 04:19:00+00:00,NSE_FO|48218|16-12-2025,2025-12-16,CE,25850.0,225.7,0.5538325210456359,0.4538325210456359,-0.44616747895436415,4.550000000000011,5.299999999999983,2.0159503766061198,5,-2.58342303552207,-6.304393971555944,3.7209709360338743,1.2546773577701413,0.42993508972890426,-0.10838288022511687,0.0,0.0,-2.3935144680433176,3.5209643244649094,-5.6976098867331455,3.114186851211076,-7.8013061065354,4,589
research_oof,fold_3,surface_breadth_recovery,2025-12-12,2025-12-12 04:39:00+00:00,NSE_FO|48218|16-12-2025,2025-12-16,CE,25850.0,194.1,5.486862442040189,5.386862442040189,4.486862442040189,10.950000000000017,11.049999999999983,5.641421947449777,5,-8.73649600751526,-10.421179302045736,1.6846832945304762,3.2553302132085284,-0.41497659906396267,0.0,0.0,0.0,-8.429460481685819,1.102243399300817,-24.27809726340221,15.541601255886949,-2.070339042620507,4,609
research_oof,fold_3,surface_breadth_recovery,2025-12-15,2025-12-15 04:16:00+00:00,NSE_FO|48222|16-12-2025,2025-12-16,CE,25950.0,64.65,7.3472544470224275,7.247254447022428,6.3472544470224275,8.099999999999994,1.1500000000000057,12.529002320185606,5,-6.498194945848379,-13.963963963963966,7.465769018115587,1.2953214285714285,0.021357142857142852,0.0,0.0,0.0,-3.6325427799459686,5.75596864686071,-9.617461000894245,3.119266055045866,-9.893629607322252,1,586
research_oof,fold_3,surface_breadth_recovery,2025-12-15,2025-12-15 04:40:00+00:00,NSE_FO|48222|16-12-2025,2025-12-16,CE,25950.0,70.15,9.40841054882394,9.30841054882394,8.40841054882394,12.549999999999997,3.450000000000003,17.890235210263718,5,-3.5148173673328675,-7.473544973544966,3.9587276062120984,1.5427526291723823,0.48922510883949033,-0.0315983471221898,0.0,0.0,-1.663798049340226,2.9919030936762177,-3.1753740543661313,-0.33944331296673624,-5.537999269645422,1,610
research_oof,fold_3,surface_breadth_recovery,2025-12-16,2025-12-16 04:30:00+00:00,NSE_FO|48220|16-12-2025,2025-12-16,CE,25900.0,44.75,-7.374301675977647,-7.474301675977647,-8.374301675977648,1.6000000000000014,6.149999999999999,3.575418994413411,5,-24.344885883347423,-32.56484149855908,8.21995561521166,1.342646293404714,-0.7328240017845191,0.1375557544594205,0.0,0.0,-16.989567809239926,5.7100262367681935,-61.42695275264833,37.08206686930091,-23.60633892780053,0,600
research_oof,fold_3,surface_breadth_recovery,2025-12-16,2025-12-16 04:52:00+00:00,NSE_FO|48221|16-12-2025,2025-12-16,PE,25900.0,36.6,-3.8251366120218537,-3.925136612021854,-4.825136612021854,1.8500000000000014,5.100000000000001,5.054644808743173,5,-11.487303506650548,-21.5819209039548,10.094617397304251,1.386778062816335,0.7106877903348818,0.04760768201307613,0.25,0.125,-11.299207308880828,11.297308698652126,-16.659717299753996,5.1724137931034475,-9.36659329909515,0,622
research_oof,fold_3,surface_breadth_recovery,2025-12-17,2025-12-17 04:16:00+00:00,NSE_FO|56994|23-12-2025,2025-12-23,CE,25850.0,160.75,-7.4650077760497675,-7.565007776049767,-8.465007776049767,1.3000000000000114,14.099999999999994,0.8087091757387317,5,-10.88284286507496,-13.092303478499046,2.2094606134240866,1.4145516074450084,-0.08943663772711585,0.11823369280703591,0.0,0.0,-11.428746315792987,2.2060964884087264,-25.821114470013217,14.938271604938258,-4.319122982852797,6,586
research_oof,fold_3,surface_breadth_recovery,2025-12-17,2025-12-17 04:35:00+00:00,NSE_FO|57005|23-12-2025,2025-12-23,CE,26000.0,70.65,-5.661712668082094,-5.761712668082094,-6.661712668082094,0.14999999999999147,6.300000000000011,0.21231422505306646,5,-8.430609597924777,-9.55455132343448,1.1239417255097024,1.2240890246563387,-0.15640410211651745,0.0,0.0,0.0,-7.155238094169447,0.9707085396220503,-14.386893750930241,5.956284153005464,-1.1022162589692686,6,605
research_oof,fold_3,surface_breadth_recovery,2025-12-18,2025-12-18 04:15:00+00:00,NSE_FO|56998|23-12-2025,2025-12-23,CE,25900.0,58.8,-2.9761904761904763,-3.0761904761904764,-3.9761904761904763,0.30000000000000426,4.549999999999997,0.5102040816326603,5,-13.602941176470583,-15.17792302106027,1.5749818445896864,1.6704510205347727,0.2920776723121783,0.0,0.0,0.0,-13.409022075649485,1.3386113111278855,-24.951778385772915,11.348837209302332,-0.5817484739948586,5,585
research_oof,fold_3,surface_breadth_recovery,2025-12-18,2025-12-18 04:43:00+00:00,NSE_FO|57004|23-12-2025,2025-12-23,PE,25950.0,178.45,-9.722611375735497,-9.822611375735496,-10.722611375735497,9.050000000000011,18.25,5.071448585037833,5,-11.2075378130424,-12.31137724550898,1.1038394324665806,2.6165670367207516,-0.7025027307211089,0.03361294544589208,0.375,0.125,-10.794911584607686,1.0752281239205415,-28.944540871146373,17.737003058103973,-3.3268267291300724,5,613
research_oof,fold_3,surface_breadth_recovery,2025-12-19,2025-12-19 04:37:00+00:00,NSE_FO|57005|23-12-2025,2025-12-23,CE,26000.0,68.4,-1.3157894736842188,-1.415789473684219,-2.3157894736842186,5.799999999999997,1.25,8.479532163742686,5,-13.782252989301448,-17.470256731371304,3.6880037420698564,1.9902806356989624,0.11464679529330457,0.0,0.0,0.0,-10.688733956806239,3.1428638714149697,-26.238828671683567,12.45657568238212,-4.377595171889226,4,607
research_oof,fold_3,surface_breadth_recovery,2025-12-19,2025-12-19 04:58:00+00:00,NSE_FO|56991|23-12-2025,2025-12-23,PE,25800.0,30.55,2.2913256955810124,2.1913256955810123,1.2913256955810124,1.0500000000000007,0.5500000000000007,3.436988543371524,5,-6.153846153846154,-8.29562594268477,2.1417797888386163,1.4627222982216141,0.258891928864569,0.011468342691341815,0.25,0.25,-5.98119816985988,2.0874851781318036,-10.599984365228266,4.446138211382111,-1.153656291571914,4,628
research_oof,fold_4,surface_breadth_recovery,2025-12-23,2025-12-23 04:16:00+00:00,NSE_FO|57003|23-12-2025,2025-12-23,CE,25950.0,177.1,5.364201016374929,5.26420101637493,4.364201016374929,18.0,1.299999999999983,10.163749294184077,5,-6.7685014485119765,-8.666320705760244,1.8978192572482673,1.5469831849653808,-0.3778437190900099,0.0,0.0,0.0,-5.106394867039077,1.519777000722494,-24.33606901607952,17.567567567567544,-0.24065161051465367,0,586
research_oof,fold_4,surface_breadth_recovery,2025-12-23,2025-12-23 06:06:00+00:00,NSE_FO|57005|23-12-2025,2025-12-23,CE,26000.0,175.55,-3.731130731985196,-3.831130731985196,-4.731130731985196,1.4499999999999886,10.450000000000017,0.8259755055539667,5,-4.612045577862178,-7.102803738317764,2.490758160455586,3.2101730837160014,-0.3002472624514305,0.0,0.0,0.0,-3.233830845771146,1.0203672442442353,-16.04061700643361,11.428571428571432,-6.753246753246755,0,696
research_oof,fold_4,surface_breadth_recovery,2025-12-24,2025-12-24 04:23:00+00:00,NSE_FO|65622|30-12-2025,2025-12-30,PE,26050.0,35.1,-4.558404558404562,-4.658404558404562,-5.558404558404562,1.0499999999999972,1.6000000000000014,2.991452991452983,5,-6.392572944297092,-14.857881136950901,8.465308192653808,1.5297893681043129,0.013640922768304753,0.0,0.0,0.0,-5.4616948780567,7.581260562832442,-10.101364153088287,3.7087912087911956,-5.516301042131323,6,593
research_oof,fold_4,surface_breadth_recovery,2025-12-24,2025-12-24 04:42:00+00:00,NSE_FO|65628|30-12-2025,2025-12-30,PE,26100.0,43.75,-6.6285714285714255,-6.728571428571425,-7.6285714285714255,0.3999999999999986,4.049999999999997,0.914285714285711,5,-4.684095860566451,-10.68783068783068,6.003734827264228,1.6860682165280843,0.10317325640590536,0.0,0.125,0.0,-4.665254465897218,4.156308165110945,-8.314635102424418,3.6305392418579663,-3.5200566411322853,6,612
research_oof,fold_4,surface_breadth_recovery,2025-12-26,2025-12-26 04:15:00+00:00,NSE_FO|65621|30-12-2025,2025-12-30,CE,26050.0,98.95,1.010611419909045,0.910611419909045,0.010611419909045017,3.700000000000003,1.1500000000000057,3.739262253663469,5,-3.2786885245901676,-5.929791271347251,2.6511027467570836,1.3880919630575752,-0.3336608370996266,0.0,0.0,0.0,-4.024319629415174,4.465112932096815,-5.739318445850006,2.460629921259838,-3.958627852060115,4,585
research_oof,fold_4,surface_breadth_recovery,2025-12-26,2025-12-26 05:00:00+00:00,NSE_FO|65622|30-12-2025,2025-12-30,PE,26050.0,48.8,0.30737704918033953,0.20737704918033953,-0.6926229508196604,1.1000000000000014,1.7999999999999972,2.2540983606557408,5,-5.587668593448935,-8.820709491850431,3.233040898401496,2.898098965613643,-0.1316745876432761,0.0,0.125,0.0,-4.171992502751287,1.9146597808012533,-8.706278000401902,3.1186094069529657,-2.8484687823474353,4,630
research_oof,fold_4,surface_breadth_recovery,2025-12-29,2025-12-29 04:29:00+00:00,NSE_FO|65621|30-12-2025,2025-12-30,CE,26050.0,46.6,-2.78969957081546,-2.88969957081546,-3.78969957081546,2.3500000000000014,1.6000000000000014,5.042918454935625,5,-26.428571428571423,-28.469241773962807,2.0406703453913835,2.964578350043259,0.26026286998186965,0.0,0.0,0.0,-26.428571428571423,4.2100717871214925,-62.9533941236069,36.524822695035475,-6.521534920858564,1,599
research_oof,fold_4,surface_breadth_recovery,2025-12-29,2025-12-29 04:50:00+00:00,NSE_FO|65621|30-12-2025,2025-12-30,CE,26050.0,43.2,4.16666666666666,4.06666666666666,3.16666666666666,3.0,0.25,6.944444444444444,5,-4.83516483516484,-8.658922914466737,3.8237580793018973,1.9218986104115434,0.8624929631714617,0.0,0.0,0.0,-6.122448979591832,4.392839465434751,-7.8547030234419335,3.0195381882770933,-4.070701222404316,1,620
research_oof,fold_4,surface_breadth_recovery,2025-12-30,2025-12-30 04:15:00+00:00,NSE_FO|65628|30-12-2025,2025-12-30,PE,26100.0,169.8,13.250883392226148,13.150883392226149,12.250883392226148,26.799999999999983,0.5500000000000114,15.783274440518246,5,-3.1321839080459712,-7.234652897303507,4.1024689892575354,1.5492164113400246,0.48582322702342506,0.0,0.125,0.125,-2.8711177363604126,1.3766092464787603,-4.152592071311267,1.0204081632652962,-17.781244729296695,0,585
research_oof,fold_4,surface_breadth_recovery,2025-12-30,2025-12-30 04:44:00+00:00,NSE_FO|65622|30-12-2025,2025-12-30,PE,26050.0,110.5,-9.049773755656108,-9.149773755656108,-10.049773755656108,0.15000000000000568,10.200000000000003,0.13574660633484675,5,-10.425785913251095,-13.12127236580517,2.695486452554075,1.200307152259763,-0.08491533913383642,0.0,0.0,0.0,-6.223905675960479,1.9031642502106982,-40.12727845056452,29.701492537313424,-12.722749886929005,0,614
research_oof,fold_4,surface_breadth_recovery,2025-12-31,2025-12-31 04:15:00+00:00,NSE_FO|40465|06-01-2026,2026-01-06,CE,26000.0,121.4,3.0065897858319532,2.906589785831953,2.0065897858319532,4.549999999999997,2.6000000000000085,3.7479406919275102,5,-8.803611738148987,-11.136107986501687,2.332496248352699,1.3854792545172496,-0.293211562411239,0.016193942097153517,0.0,0.0,-7.520870384948063,2.2371640391621317,-21.22821969954827,12.424607961399282,-2.710527173735855,6,585
research_oof,fold_4,surface_breadth_recovery,2025-12-31,2025-12-31 04:35:00+00:00,NSE_FO|40461|06-01-2026,2026-01-06,CE,25950.0,146.8,8.310626702997267,8.210626702997267,7.310626702997267,13.349999999999994,0.0,9.094005449591275,5,-0.39948540862617676,-5.557340186315452,5.157854777689275,1.609159016566424,0.5244275614645986,0.0,0.16666667,0.16666667,-0.27130113031578196,4.48965776069214,-1.7663918834463166,1.3669064748201398,-5.4792473713337175,6,605
research_oof,fold_4,surface_breadth_recovery,2026-01-01,2026-01-01 04:30:00+00:00,NSE_FO|40469|06-01-2026,2026-01-06,CE,26050.0,170.45,1.8187151657377665,1.7187151657377664,0.8187151657377665,7.0,5.099999999999994,4.106776180698152,5,-8.595835557928467,-12.181004998684564,3.585169440756097,1.3303303303303304,-0.26382654486814516,0.0,0.0,0.0,-6.647077331303263,2.736224752557775,-23.384567952294667,14.7887323943662,-7.592903186695477,5,600
research_oof,fold_4,surface_breadth_recovery,2026-01-01,2026-01-01 04:53:00+00:00,NSE_FO|40465|06-01-2026,2026-01-06,CE,26000.0,185.7,6.327409800753904,6.227409800753905,5.327409800753904,13.900000000000006,1.9499999999999886,7.485191168551431,5,-1.0912962470055798,-5.572916666666661,4.4816204196610805,1.3598930481283422,-0.1154987583055318,0.0,0.0,0.0,-0.9431044033120117,4.111254960494498,-3.6265075146112102,2.5352112676056304,-10.130473563027653,5,623
research_oof,fold_4,surface_breadth_recovery,2026-01-02,2026-01-02 09:04:00+00:00,NSE_FO|40469|06-01-2026,2026-01-06,CE,26050.0,262.25,-1.8875119161105771,-1.9875119161105772,-2.887511916110577,1.6399999999999864,4.949999999999989,0.62535748331744,5,-4.136572554169393,-4.905046120455781,0.7684735662863877,4.081218274111675,1.44292040177125,0.0,0.0,0.0,-3.0170575692963664,0.57022972945171,-13.732532150128975,9.595959595959581,-0.6081220366934694,4,874
research_oof,fold_4,surface_breadth_recovery,2026-01-05,2026-01-05 05:55:00+00:00,NSE_FO|40469|06-01-2026,2026-01-06,CE,26050.0,286.1,-0.6291506466270574,-0.7291506466270574,-1.6291506466270573,4.349999999999966,15.850000000000023,1.520447396015367,5,-6.539837398373994,-9.892086330935257,3.352248932561263,8.632911392405063,3.7974683544303796,0.008300395256916997,0.0,0.0,-5.262784986009484,1.3635019459246505,-20.706504065040654,14.16666666666666,-7.144808743169428,1,685
research_oof,fold_4,surface_breadth_recovery,2026-01-05,2026-01-05 06:34:00+00:00,NSE_FO|40469|06-01-2026,2026-01-06,CE,26050.0,274.5,0.8561020036429955,0.7561020036429955,-0.1438979963570045,9.050000000000011,6.649999999999977,3.296903460837891,5,-3.942176751981552,-7.470167064439148,3.527990312457596,1.8926174496644295,-0.033853138570864694,0.0023765513599155004,0.0,0.0,-2.8431646593069737,2.442744620213894,-9.633233662550655,5.691056910569103,-7.984156764644591,1,724
research_oof,fold_4,surface_breadth_recovery,2026-01-06,2026-01-06 04:51:00+00:00,NSE_FO|40461|06-01-2026,2026-01-06,CE,25950.0,289.7,-2.640662754573689,-2.7406627545736892,-3.640662754573689,0.0,15.699999999999989,0.0,5,-3.3383609854198193,-4.778613199665838,1.4402522142460183,1.6805555555555556,0.75,0.0,0.0,0.0,-3.1334354453369517,1.2911298616767097,8.969331322272499,-12.307692307692319,3.2478632478632488,0,621
research_oof,fold_4,surface_breadth_recovery,2026-01-06,2026-01-06 05:08:00+00:00,NSE_FO|40469|06-01-2026,2026-01-06,CE,26050.0,166.8,-5.545563549160671,-5.645563549160671,-6.545563549160671,0.3499999999999943,15.360000000000014,0.2098321342925625,5,-8.778731653281646,-12.663731425426528,3.884999772144882,1.73921867072552,-0.7498731608320652,0.0,0.0,0.0,-5.3699953681196515,2.7114452701303966,-23.278731653281646,14.500000000000002,-22.79729729729729,0,638
research_oof,fold_4,surface_breadth_recovery,2026-01-07,2026-01-07 04:15:00+00:00,NSE_FO|46181|13-01-2026,2026-01-13,CE,26100.0,128.9,-0.8533747090768102,-0.9533747090768102,-1.8533747090768102,8.599999999999994,5.300000000000011,6.67183863460046,5,-11.740614334470978,-14.828767123287678,3.0881527888167,1.2784206440164148,0.15948326261224022,0.0,0.0,0.0,-12.552530332275797,2.8686202641560907,-26.073947667804312,14.333333333333332,-4.603543743078628,6,585
research_oof,fold_4,surface_breadth_recovery,2026-01-07,2026-01-07 04:34:00+00:00,NSE_FO|46192|13-01-2026,2026-01-13,PE,26150.0,93.8,-8.31556503198294,-8.41556503198294,-9.31556503198294,3.1500000000000057,9.450000000000003,3.358208955223887,5,-1.678028316727842,-8.27142149579,6.593393179062158,1.3746694933422263,0.841237702770301,0.046264207036501956,0.14285715,0.0,-1.6243231986672213,6.007462796612073,-4.8099206854971595,3.131892368769318,-7.467828691202794,6,604
research_oof,fold_4,surface_breadth_recovery,2026-01-08,2026-01-08 05:23:00+00:00,NSE_FO|46185|13-01-2026,2026-01-13,CE,26150.0,51.0,0.49019607843137253,0.3901960784313725,-0.5098039215686274,1.75,0.5499999999999972,3.431372549019608,5,-3.745318352059923,-6.454630495790459,2.709312143730536,2.3766137040714996,0.7495034756703081,0.0,0.0,0.0,-3.6612923429307553,1.989704882575738,-8.465901482917248,4.720583130857325,-2.1496458767762627,5,653
research_oof,fold_4,surface_breadth_recovery,2026-01-08,2026-01-08 05:45:00+00:00,NSE_FO|46193|13-01-2026,2026-01-13,CE,26200.0,35.54,-9.538548114800227,-9.638548114800226,-10.538548114800227,0.8100000000000023,3.6400000000000006,2.279122115925724,5,-1.1080332409972304,-4.742547425474253,3.634514184477023,2.0766533066132267,0.05636272545090204,0.0,0.0,0.0,-1.3355852929712864,3.2219463463955655,-3.1691019432873113,2.061068702290081,-2.623991162363737,5,675
research_oof,fold_4,surface_breadth_recovery,2026-01-09,2026-01-09 04:39:00+00:00,NSE_FO|46192|13-01-2026,2026-01-13,PE,26150.0,244.45,9.572509715688295,9.472509715688295,8.572509715688295,27.5,0.0,11.249744323992637,5,-1.068979427188388,-5.928475807993882,4.859496380805494,1.271111111111111,0.9666666666666666,0.0,0.42857143,0.14285713,-0.34399724802202103,4.859496380805494,-0.5870517163450106,-0.48192771084337727,-12.587190868738107,4,609
research_oof,fold_4,surface_breadth_recovery,2026-01-09,2026-01-09 04:54:00+00:00,NSE_FO|46192|13-01-2026,2026-01-13,PE,26150.0,263.14,-6.209622254313285,-6.309622254313284,-7.209622254313285,10.960000000000036,26.889999999999986,4.165083225659359,5,-3.1781226903178195,-5.464929635298066,2.286806944980247,1.7424242424242424,1.0151515151515151,0.0,0.14285715,0.0,-2.6241292661980387,2.586336445163262,-6.979292280961092,3.801169590643272,-4.745838956365266,4,624
research_oof,fold_4,surface_breadth_recovery,2026-01-12,2026-01-12 08:05:00+00:00,NSE_FO|46180|13-01-2026,2026-01-13,PE,26050.0,298.05,0.9528602583459066,0.8528602583459066,-0.0471397416540934,19.05000000000001,10.75,6.391545042778062,5,-10.895232401733669,-15.548994798256699,4.65376239652303,2.5833333333333335,-0.6203703703703702,-0.00988235294117647,0.125,0.125,-8.316723779921197,3.0823326838359097,-54.722392895560844,43.82716049382718,-38.48053181386513,1,815
research_oof,fold_4,surface_breadth_recovery,2026-01-13,2026-01-13 05:00:00+00:00,NSE_FO|46180|13-01-2026,2026-01-13,PE,26050.0,240.0,11.620833333333328,11.520833333333329,10.620833333333328,29.389999999999986,23.80000000000001,12.245833333333328,5,-13.352374152088553,-15.615605238605346,2.263231086516793,1.5418326693227091,0.6043326693227091,0.0,0.25,0.125,-9.37209618879572,0.780822941955984,-29.085707485421885,15.733333333333333,-10.063768115942027,0,630
research_oof,fold_4,surface_breadth_recovery,2026-01-13,2026-01-13 06:03:00+00:00,NSE_FO|46180|13-01-2026,2026-01-13,PE,26050.0,238.45,-0.6710002096875632,-0.7710002096875632,-1.6710002096875631,5.100000000000023,5.449999999999989,2.1388131683791247,5,-3.2520325203251987,-8.168512658227844,4.916480137902645,1.7128463476070528,0.23173803526448356,0.0,0.125,0.125,-2.2532160271088286,3.9943213214022553,-12.140921409214101,8.888888888888902,-16.692506459948333,0,693
research_oof,fold_4,surface_breadth_recovery,2026-01-14,2026-01-14 04:15:00+00:00,NSE_FO|47615|20-01-2026,2026-01-20,CE,25750.0,112.95,6.285967242142536,6.185967242142536,5.285967242142536,7.099999999999994,6.549999999999997,6.285967242142536,5,-7.736625514403295,-11.468294835957039,3.7316693215537438,1.3786423638072662,0.3825248273325431,0.0,0.0,0.0,-7.0430408049189435,3.3035172051435353,-13.328392238245502,5.591766723842206,-4.301281404500034,6,585
research_oof,fold_4,surface_breadth_recovery,2026-01-14,2026-01-14 04:45:00+00:00,NSE_FO|47613|20-01-2026,2026-01-20,CE,25700.0,141.55,-7.495584599081607,-7.595584599081606,-8.495584599081607,2.4499999999999886,14.150000000000006,1.730837160014121,5,-1.7720639332870158,-4.88696808510638,3.1149041518193643,1.3400367607308898,0.5087036436371499,0.0,0.0,0.0,-1.730602826651284,3.024262913815867,-2.4404014437297894,0.6683375104427736,-4.2439431913116055,6,615
research_oof,fold_4,surface_breadth_recovery,2026-01-16,2026-01-16 04:41:00+00:00,NSE_FO|47614|20-01-2026,2026-01-20,PE,25700.0,59.8,-14.548494983277585,-14.648494983277585,-15.548494983277585,0.9000000000000057,9.149999999999999,1.5050167224080364,5,-6.171875000000004,-7.514880952380953,1.343005952380949,1.8237667265827842,0.9697623327341722,0.0,0.2857143,0.0,-6.171875000000004,0.49469673566059313,-11.93452357800735,5.7626485780073455,0.25864857800734775,4,611
research_oof,fold_4,surface_breadth_recovery,2026-01-16,2026-01-16 05:15:00+00:00,NSE_FO|47615|20-01-2026,2026-01-20,CE,25750.0,197.9,-4.320363820111172,-4.420363820111172,-5.320363820111172,5.099999999999994,8.550000000000011,2.577059120768062,5,-6.9127674582647565,-8.333333333333337,1.420565875068581,1.4979202348911183,0.841693173476878,0.0,0.0,0.0,-5.6277796784125815,0.8711656082700081,-12.551865202625667,5.63909774436091,-0.42974283534922275,4,645
research_oof,fold_4,surface_breadth_recovery,2026-01-19,2026-01-19 04:31:00+00:00,NSE_FO|47601|20-01-2026,2026-01-20,CE,25550.0,68.65,-0.5098324836125396,-0.6098324836125396,-1.5098324836125396,1.8999999999999915,2.6500000000000057,2.767662053896564,5,-16.423357664233574,-18.09133489461359,1.6679772303800142,1.5631390968246979,-1.0079260237780712,0.0842122753279778,0.0,0.0,-17.488262910798124,1.6679772303800142,-39.40360901073268,22.980251346499102,-4.982131098641965,1,601
research_oof,fold_4,surface_breadth_recovery,2026-01-19,2026-01-19 05:00:00+00:00,NSE_FO|47603|20-01-2026,2026-01-20,CE,25600.0,48.9,-2.044989775051125,-2.144989775051125,-3.044989775051125,3.450000000000003,3.6000000000000014,7.055214723926387,5,-4.203323558162264,-20.629370629370637,16.426047071208373,1.198398932621748,-0.44362030010234577,0.0,0.0,0.0,-4.133370074400666,16.28742200480725,-8.745091603579947,4.541768045417682,-17.962672451918024,1,630
research_oof,fold_4,surface_breadth_recovery,2026-01-20,2026-01-20 04:30:00+00:00,NSE_FO|47614|20-01-2026,2026-01-20,PE,25700.0,238.75,-2.2408376963350762,-2.3408376963350763,-3.2408376963350762,3.9000000000000057,9.849999999999994,1.6335078534031438,5,-0.7476635514018781,-9.55066741868772,8.803003867285842,1.3685636856368564,0.883791202655846,0.0,0.0,0.0,-1.8996270076882094,8.492411024552016,-1.493932208118287,0.746268656716409,-9.571191660743917,0,600
research_oof,fold_4,surface_breadth_recovery,2026-01-20,2026-01-20 04:53:00+00:00,NSE_FO|47610|20-01-2026,2026-01-20,PE,25600.0,122.0,10.811475409836063,10.711475409836064,9.811475409836063,18.75,1.5,15.368852459016393,5,-3.69362363919129,-11.534276387377574,7.840652748186283,1.211948919272596,0.1796037803513879,0.0,0.125,0.125,-2.609599729711282,6.773419654319278,-0.41981411538176694,-3.2738095238095233,-12.750933706816047,0,623
research_oof,fold_4,surface_breadth_recovery,2026-01-21,2026-01-21 04:19:00+00:00,NSE_FO|58689|27-01-2026,2026-01-27,CE,25200.0,178.85,-7.911657813810459,-8.011657813810459,-8.911657813810459,2.1500000000000057,18.5,1.2021246854906378,5,-1.972602739726026,-6.854410201912842,4.881807462186815,1.3230166013180946,0.49812296654709265,0.010203244889591753,0.0,0.0,-1.972602739726026,4.6827352132771,-5.31408603230955,3.3414832925835247,-2.705222295406462,6,589
research_oof,fold_4,surface_breadth_recovery,2026-01-21,2026-01-21 04:41:00+00:00,NSE_FO|58693|27-01-2026,2026-01-27,CE,25250.0,123.15,1.1368250101502162,1.036825010150216,0.1368250101502162,14.449999999999989,3.1500000000000057,11.733658140479081,5,-5.920550038197092,-6.9615384615384635,1.0409884233413713,1.27989902177343,0.4104344167455559,0.0,0.0,0.0,-5.724986623863037,0.5115144560505662,-11.93263463034211,6.012084592145017,0.35900515150235623,6,611
research_oof,fold_4,surface_breadth_recovery,2026-01-22,2026-01-22 04:27:00+00:00,NSE_FO|58693|27-01-2026,2026-01-27,CE,25250.0,254.65,-6.675829569998036,-6.775829569998035,-7.675829569998036,10.999999999999972,29.5,4.319654427645777,5,-3.5227272727272774,-10.578629747958813,7.055902475231536,1.2581818181818183,0.6065454545454546,0.0,0.0,0.0,-3.5227272727272774,5.3208921691411994,1.7471139971140022,-5.2698412698412795,-11.553994275305756,5,597
research_oof,fold_4,surface_breadth_recovery,2026-01-22,2026-01-22 04:42:00+00:00,NSE_FO|58690|27-01-2026,2026-01-27,PE,25200.0,58.45,10.863986313088098,10.763986313088099,9.863986313088098,8.700000000000003,1.9000000000000057,14.88451668092387,5,-0.5927180355630779,-7.000795544948291,6.408077509385214,1.2586338154889611,0.4276271511606553,0.0,0.33333334,0.16666667,-0.39788186042113427,5.837342358270137,-2.407987656492072,1.8152696209289942,-4.263813897178914,5,612
research_oof,fold_4,surface_breadth_recovery,2026-01-23,2026-01-23 04:18:00+00:00,NSE_FO|58675|27-01-2026,2026-01-27,PE,25150.0,53.9,0.3710575139146621,0.27105751391466204,-0.6289424860853379,2.75,2.3500000000000014,5.1020408163265305,5,-2.177858439201452,-11.036789297658856,8.858930858457404,1.2341275502924811,-0.5250392352689399,0.0,0.0,0.0,-2.252565583237087,8.472137217462215,-2.0709523027892196,-0.10690613641223257,-6.1709277775303555,4,588
research_oof,fold_4,surface_breadth_recovery,2026-01-23,2026-01-23 04:34:00+00:00,NSE_FO|58693|27-01-2026,2026-01-27,CE,25250.0,153.85,-5.427364315892099,-5.527364315892099,-6.427364315892099,14.150000000000006,11.150000000000006,9.197270068248297,5,-1.1225144323284142,-10.724454286618169,9.601939854289755,1.231584744595897,-1.1562921398262136,0.04321812846429736,0.0,0.0,-0.5104305370617013,8.301494057414406,0.5284289638979867,-1.6509433962264008,-13.559979901313168,4,604
research_oof,fold_4,surface_breadth_recovery,2026-01-27,2026-01-27 04:15:00+00:00,NSE_FO|58675|27-01-2026,2026-01-27,PE,25150.0,76.85,-0.9759271307742355,-1.0759271307742355,-1.9759271307742354,12.600000000000009,9.549999999999997,16.39557579700717,5,-30.890287769784173,-33.20105820105821,2.3107704312740367,7.096799683919399,-0.014622635555436858,0.5272220363555258,0.375,0.375,-27.420818201942005,3.460258576696539,-70.35417459033516,39.463886820551,-5.6734554214683115,0,585
research_oof,fold_4,surface_breadth_recovery,2026-01-27,2026-01-27 04:30:00+00:00,NSE_FO|58667|27-01-2026,2026-01-27,CE,25150.0,84.85,-6.482027106658809,-6.582027106658809,-7.482027106658809,10.650000000000006,8.399999999999991,12.55156157925752,5,-0.23515579071134995,-16.013437849944,15.778282059232652,1.3541668709490797,0.8021992518825178,0.05444485481139767,0.4,0.4,-0.16611295681063787,15.778282059232652,5.558447106090092,-5.793602896801442,-23.524099350702144,0,600
research_oof,fold_4,surface_breadth_recovery,2026-01-28,2026-01-28 04:18:00+00:00,NSE_FO|49793|03-02-2026,2026-02-03,CE,25250.0,280.35,1.5337970394150005,1.4337970394150004,0.5337970394150005,7.0499999999999545,12.700000000000045,2.51471375066879,5,-1.3199577613516311,-6.171781244642549,4.851823483290918,1.4270833333333333,0.6990660919540229,0.0,0.0,0.0,-1.3199577613516311,5.036013180532473,0.5630450003857534,-1.8830027617373846,-4.391321164604034,6,588
research_oof,fold_4,surface_breadth_recovery,2026-01-28,2026-01-28 04:40:00+00:00,NSE_FO|49793|03-02-2026,2026-02-03,CE,25250.0,253.35,0.13814880599960305,0.03814880599960305,-0.861851194000397,4.799999999999983,11.0,1.8946121965660085,5,-6.826126954921808,-8.122382079766899,1.296255124845091,1.7471889735219441,-0.11171563293434894,0.08614484930274403,0.0,0.0,-6.826126954921808,1.0620314750047326,-16.671735661578346,9.845608706656538,-1.0389184409345784,6,610
research_oof,fold_4,surface_breadth_recovery,2026-01-29,2026-01-29 04:27:00+00:00,NSE_FO|49789|03-02-2026,2026-02-03,CE,25150.0,236.75,-2.3020063357972496,-2.4020063357972496,-3.3020063357972496,2.25,9.050000000000011,0.9503695881731784,5,-4.849094567404433,-12.18479307025987,7.335698502855437,6.414230019493178,2.200779727095517,0.0,0.0,0.0,-4.819587628865973,7.456376034281588,-16.30364002194988,11.45454545454545,-14.62819533407771,5,597
research_oof,fold_4,surface_breadth_recovery,2026-01-29,2026-01-29 04:46:00+00:00,NSE_FO|49794|03-02-2026,2026-02-03,PE,25250.0,209.5,13.675417661097855,13.575417661097855,12.675417661097855,32.69999999999999,4.800000000000011,15.608591885441522,5,-8.681462140992169,-9.70338983050848,1.0219276895163105,1.2155057181048567,-0.22159512847170637,0.02519761512936035,0.0,0.0,-8.681462140992169,0.6705213306970705,-14.579513915745302,5.8980517747531325,-1.377152584919883,5,616
research_oof,fold_4,surface_breadth_recovery,2026-01-30,2026-01-30 04:33:00+00:00,NSE_FO|49796|03-02-2026,2026-02-03,PE,25300.0,185.55,8.946375639989219,8.846375639989219,7.946375639989219,24.849999999999994,0.0,13.392616545405547,5,-5.5611985779583595,-9.550561797752799,3.9893632197944395,1.2921689030399515,0.3841255401410052,0.0,0.0,0.0,-5.590778097982707,3.9893632197944395,-10.617518978458973,5.0563204005006135,-4.641281267903974,4,603
research_oof,fold_4,surface_breadth_recovery,2026-01-30,2026-01-30 04:51:00+00:00,NSE_FO|49789|03-02-2026,2026-02-03,CE,25150.0,286.1,-2.551555400209721,-2.651555400209721,-3.551555400209721,0.8499999999999659,11.100000000000023,0.2970989164627633,5,-4.606685514718101,-5.348487380912581,0.7418018661944803,1.3667007150153219,-0.07558733401430029,0.0,0.0,0.0,-5.025125628140692,0.8725974028410128,-9.478889987561567,4.872204472843467,-1.0101484683330053,4,621
research_oof,fold_4,surface_breadth_recovery,2026-02-01,2026-02-01 04:16:00+00:00,NSE_FO|49800|03-02-2026,2026-02-03,PE,25350.0,198.7,5.5359838953195775,5.435983895319578,4.5359838953195775,27.55000000000001,1.6999999999999886,13.865123301459493,5,-6.53195488721805,-7.676252319109455,1.1442974318914052,1.2979842243645925,-1.1933641778177926,0.04359759315950596,0.0,0.0,-7.180851063829785,1.2224934266502725,-13.317572621740892,6.785617734522842,-0.6795176223270305,2,586
research_oof,fold_4,surface_breadth_recovery,2026-02-01,2026-02-01 05:34:00+00:00,NSE_FO|49795|03-02-2026,2026-02-03,CE,25300.0,238.85,9.378270881306262,9.278270881306263,8.378270881306262,50.150000000000006,4.900000000000006,20.996441281138793,5,-3.9967865033139094,-7.306677491374058,3.309890988060149,1.9888094497979485,0.023314517729801087,0.0,0.0,0.0,-3.5675869487271417,3.0628478338815546,-8.472095145289227,4.475308641975317,-4.193800027133342,2,664
research_oof,fold_4,surface_breadth_recovery,2026-02-02,2026-02-02 04:15:00+00:00,NSE_FO|49789|03-02-2026,2026-02-03,CE,25150.0,50.5,-4.9504950495049505,-5.05049504950495,-5.9504950495049505,7.100000000000001,2.6000000000000014,14.059405940594063,5,-2.780441035474579,-10.978956999085089,8.19851596361051,1.6028199306966184,0.7089257975863305,0.0,0.0,0.0,-4.497751124437777,7.909481140766927,-0.8035776586990617,-1.9768633767755173,-6.843519998743264,1,585
research_oof,fold_4,surface_breadth_recovery,2026-02-02,2026-02-02 04:31:00+00:00,NSE_FO|49789|03-02-2026,2026-02-03,CE,25150.0,35.0,-21.14285714285714,-21.24285714285714,-22.14285714285714,0.0,9.350000000000001,0.0,5,-33.964049195837276,-34.857142857142854,0.8930936613055778,1.3394341833603036,-0.7296252812215491,0.046490908862760846,0.0,0.0,-33.964049195837276,1.2346536303538613,-51.98159305548641,18.01754385964913,-2.5441759739153653,1,601
research_oof,fold_4,surface_breadth_recovery,2026-02-04,2026-02-04 04:15:00+00:00,NSE_FO|42537|10-02-2026,2026-02-10,PE,25800.0,174.5,2.722063037249284,2.622063037249284,1.722063037249284,7.5,3.3499999999999943,4.297994269340974,5,-11.488714177022574,-14.152563159185672,2.6638489821630973,1.2014507354422728,0.29889018780568855,0.0,0.375,0.0,-11.629652186877404,2.721881562620732,-26.159560572006903,14.670846394984327,-1.1134673305058804,6,585
research_oof,fold_4,surface_breadth_recovery,2026-02-04,2026-02-04 04:50:00+00:00,NSE_FO|42528|10-02-2026,2026-02-10,CE,25650.0,247.2,-4.207119741100315,-4.307119741100315,-5.207119741100315,3.25,18.5,1.314724919093851,5,-3.899883585564601,-5.666991236611496,1.7671076510468953,1.3094339622641509,-0.3295597484276731,0.0,0.0,0.0,-3.6394786709984253,1.6447536595085972,-8.230592246981915,4.330708661417315,-3.0863943054238785,6,620
research_oof,fold_4,surface_breadth_recovery,2026-02-05,2026-02-05 04:15:00+00:00,NSE_FO|42536|10-02-2026,2026-02-10,CE,25800.0,88.6,3.273137697516937,3.1731376975169368,2.273137697516937,3.9000000000000057,1.5999999999999943,4.401805869074499,5,-8.927655207798878,-10.149253731343288,1.2215985235444098,1.3775067750677508,0.3429083077390427,0.0,0.0,0.0,-8.912579957356082,0.5239216341616846,-20.232003033885835,11.304347826086957,-0.6259136932156526,5,585
research_oof,fold_4,surface_breadth_recovery,2026-02-05,2026-02-05 04:38:00+00:00,NSE_FO|42527|10-02-2026,2026-02-10,PE,25600.0,124.2,-10.628019323671499,-10.728019323671498,-11.628019323671499,1.2000000000000028,15.100000000000009,0.9661835748792292,5,-1.8203403244954508,-6.405279503105598,4.584939178610147,1.2978264143366296,0.8360022087244615,0.0,0.125,0.0,-1.5611009240795448,3.7503558890353395,-2.9515620439524604,1.1312217194570096,-3.410337834956012,5,608
research_oof,fold_4,surface_breadth_recovery,2026-02-06,2026-02-06 04:35:00+00:00,NSE_FO|42532|10-02-2026,2026-02-10,CE,25750.0,43.8,-6.963470319634697,-7.063470319634697,-7.963470319634697,0.20000000000000284,4.25,0.4566210045662165,5,-12.036108324974926,-13.418217433888335,1.3821091089134097,1.624064837905237,-0.7157107231920201,0.0,0.0,0.0,-11.49335418295544,1.570052998098804,-14.330276421029819,2.294168096054894,-4.313954845767287,4,605
research_oof,fold_4,surface_breadth_recovery,2026-02-06,2026-02-06 05:00:00+00:00,NSE_FO|42526|10-02-2026,2026-02-10,CE,25600.0,77.4,2.2609819121447026,2.1609819121447025,1.2609819121447026,3.0999999999999943,2.4000000000000057,4.0051679586563225,5,-8.194774346793354,-14.613661814109735,6.418887467316381,1.8532297307903618,0.08803045736371362,0.0,0.0,0.0,-7.461240310077521,6.418887467316381,-18.640986730051736,10.44621238325838,-6.777438002345715,4,630
research_oof,fold_4,surface_breadth_recovery,2026-02-09,2026-02-09 04:31:00+00:00,NSE_FO|42531|10-02-2026,2026-02-10,PE,25700.0,33.2,2.4096385542168584,2.3096385542168583,1.4096385542168584,1.2999999999999972,2.8000000000000043,3.9156626506024006,5,-11.20000000000001,-12.598425196850405,1.3984251968503951,1.3317460849736762,-0.08262633714496492,0.011287997577915652,0.25,0.125,-9.910463012597159,1.4660858311799752,-16.537858685590855,5.337858685590846,-1.519996676005153,1,601
research_oof,fold_4,surface_breadth_recovery,2026-02-09,2026-02-09 04:46:00+00:00,NSE_FO|42532|10-02-2026,2026-02-10,CE,25750.0,123.2,9.780844155844154,9.680844155844154,8.780844155844154,12.299999999999997,1.4000000000000057,9.98376623376623,5,-1.4823717948717952,-5.4352107128790905,3.9528389180072954,1.3944823663253698,-0.09753769751411956,0.03972128630039653,0.0,0.0,-1.1901358085184555,3.1895913608638913,-2.584576203689448,1.102204408817653,-6.574356491898836,1,616
research_oof,fold_4,surface_breadth_recovery,2026-02-10,2026-02-10 04:25:00+00:00,NSE_FO|42532|10-02-2026,2026-02-10,CE,25750.0,196.95,5.0266565118050295,4.92665651180503,4.0266565118050295,11.050000000000011,2.6499999999999773,5.610561056105617,5,-3.0556924593395873,-8.33533509488349,5.279642635543903,1.1995734849831172,0.18873289497067725,-0.02739533576847429,0.0,0.0,-1.8952273841339295,4.3606623415082595,-0.11451598875135138,-2.941176470588236,-3.660600931019886,0,595
research_oof,fold_4,surface_breadth_recovery,2026-02-10,2026-02-10 05:15:00+00:00,NSE_FO|42532|10-02-2026,2026-02-10,CE,25750.0,210.9,0.3319108582266423,0.23191085822664229,-0.6680891417733577,5.75,5.800000000000011,2.7264106211474632,5,-0.8458646616541388,-5.202180826896862,4.356316165242724,1.4175925925925925,0.7082618646981128,0.0,0.0,0.0,-0.6811525160735188,3.507776720479577,12.556197194015951,-13.40206185567009,-6.880322725235311,0,645
research_oof,fold_4,surface_breadth_recovery,2026-02-11,2026-02-11 04:53:00+00:00,NSE_FO|48235|17-02-2026,2026-02-17,PE,25950.0,106.0,-1.7924528301886848,-1.892452830188685,-2.792452830188685,1.9500000000000028,3.25,1.8396226415094368,5,-3.0579643998174255,-6.64639443961772,3.5884300398002944,1.2555226164291862,0.14267954480252465,0.0,0.125,0.0,-2.680098988269303,3.0482325536756116,-5.933917275770284,2.8759528759528585,-1.7942788531024156,6,623
research_oof,fold_4,surface_breadth_recovery,2026-02-11,2026-02-11 06:06:00+00:00,NSE_FO|48239|17-02-2026,2026-02-17,PE,26050.0,142.8,4.761904761904749,4.66190476190475,3.7619047619047494,8.0,1.5500000000000114,5.602240896358543,5,-3.9677202420981716,-5.666666666666664,1.6989464245684927,1.3912707609115489,0.39474700656624184,0.0,0.25,0.0,-3.55808602591301,1.7016868339781388,-9.07480426186753,5.107084019769359,-1.9484715357861893,6,696
research_oof,fold_4,surface_breadth_recovery,2026-02-12,2026-02-12 04:19:00+00:00,NSE_FO|48239|17-02-2026,2026-02-17,PE,26050.0,215.7,-0.4172461752433831,-0.5172461752433831,-1.4172461752433831,6.600000000000023,4.699999999999989,3.0598052851182307,5,-4.4026548672566275,-5.651052857756755,1.248397990500128,1.9769949676491732,0.10934790882564371,0.040036921656859355,0.0,0.0,-4.257931207213222,0.7688963600003431,-6.9879702757364655,2.585315408479838,-2.3724904986931694,5,589
research_oof,fold_4,surface_breadth_recovery,2026-02-12,2026-02-12 04:39:00+00:00,NSE_FO|48240|17-02-2026,2026-02-17,CE,26100.0,36.35,7.290233837689129,7.19023383768913,6.290233837689129,2.6499999999999986,1.0500000000000043,7.290233837689129,5,-3.452855245683928,-7.333333333333336,3.880478087649408,1.596780375622844,-0.36182445381372164,0.0,0.0,0.0,-3.201219512195108,4.115230013018911,-5.170926038480439,1.718070792796511,-3.348870504834811,5,609
research_oof,fold_4,surface_breadth_recovery,2026-02-16,2026-02-16 09:03:00+00:00,NSE_FO|48233|17-02-2026,2026-02-17,PE,25900.0,266.65,0.45002812675793946,0.3500281267579395,-0.5499718732420605,3.25,12.949999999999989,1.21882617663604,5,-7.887032891338053,-10.895765472312702,3.008732580974649,6.986666666666666,2.357333333333333,0.0,0.125,0.125,-5.836301290203977,2.862693754842921,-28.53920680438151,20.65217391304346,-14.845661584792037,1,873
research_oof,fold_4,surface_breadth_recovery,2026-02-17,2026-02-17 04:16:00+00:00,NSE_FO|48233|17-02-2026,2026-02-17,PE,25900.0,260.45,-2.5340756383182934,-2.6340756383182935,-3.5340756383182934,12.150000000000034,9.549999999999983,4.6650028796314205,5,-12.31337023989263,-14.631718646317172,2.3183484064245423,2.520944402132521,0.663916289682722,0.009916748285994124,0.0,0.0,-8.151645929081191,2.2102876953183914,-50.018288272679534,37.70491803278691,-14.837454848569017,0,586
research_oof,fold_4,surface_breadth_recovery,2026-02-17,2026-02-17 04:45:00+00:00,NSE_FO|48233|17-02-2026,2026-02-17,PE,25900.0,241.7,-12.51551510136533,-12.615515101365329,-13.51551510136533,2.1000000000000227,31.649999999999977,0.868845676458429,5,-1.6540739228098733,-6.335302505601947,4.681228582792074,2.0012820512820513,-0.899389089657546,0.0,0.25,0.25,-0.38772992105451376,3.267422102311929,3.107830839094894,-4.761904761904767,-11.820728291316529,0,615
research_oof,fold_4,surface_breadth_recovery,2026-02-18,2026-02-18 04:26:00+00:00,NSE_FO|64858|24-02-2026,2026-02-24,CE,25650.0,165.0,-4.090909090909091,-4.1909090909090905,-5.090909090909091,0.19999999999998863,11.75,0.12121212121211432,5,-10.002718129926603,-11.285946825827464,1.2832286959008616,2.6538461538461537,0.11007957559681669,0.0,0.0,0.0,-10.5982126587008,1.270944200214597,-33.43623825218846,23.433520122261854,-0.5746182297218887,6,596
research_oof,fold_4,surface_breadth_recovery,2026-02-18,2026-02-18 04:58:00+00:00,NSE_FO|64860|24-02-2026,2026-02-24,CE,25700.0,127.15,5.230043255996859,5.130043255996859,4.230043255996859,7.5,0.05000000000001137,5.898545025560361,5,-4.102371095220169,-5.5555555555555465,1.4531844603353772,1.206343452650657,0.39990937924784764,0.0,0.0,0.0,-4.102371095220169,1.2057472180171613,-7.901967598246406,3.799596503026237,-3.00934658640466,6,628
research_oof,fold_4,surface_breadth_recovery,2026-02-19,2026-02-19 04:42:00+00:00,NSE_FO|64858|24-02-2026,2026-02-24,CE,25650.0,202.45,-3.3588540380340746,-3.4588540380340747,-4.358854038034075,0.5500000000000114,14.449999999999989,0.27167201778217404,5,-3.4614466459775617,-4.961565338923835,1.5001186929462733,1.206963249516441,-0.7504835589941972,0.0,0.0,0.0,-3.4614466459775617,1.594760168278187,-10.529115818909895,7.067669172932334,-2.295037357358787,5,612
research_oof,fold_4,surface_breadth_recovery,2026-02-19,2026-02-19 04:59:00+00:00,NSE_FO|64862|24-02-2026,2026-02-24,CE,25750.0,129.2,-3.4055727554179502,-3.5055727554179503,-4.40557275541795,3.3500000000000227,5.549999999999983,2.592879256965962,5,-1.4100609756097504,-5.637982195845703,4.227921220235952,1.4159176336002615,0.39806790342176424,0.0,0.0,0.0,-1.5843429636532957,3.767088820506037,-5.735320491180696,4.325259515570945,-5.337861051804937,5,629
research_oof,fold_4,surface_breadth_recovery,2026-02-20,2026-02-20 04:30:00+00:00,NSE_FO|64863|24-02-2026,2026-02-24,PE,25750.0,270.9,2.805463270579558,2.705463270579558,1.805463270579558,11.0,8.549999999999955,4.060538944259875,5,-0.22115739034280768,-4.818614877244409,4.597457486901601,1.2706422018348624,0.6192660550458716,0.0,0.25,0.25,-0.3491859740985981,4.2098882515740845,-1.3790521271848988,1.157894736842091,-9.846378767431418,4,600
research_oof,fold_4,surface_breadth_recovery,2026-02-20,2026-02-20 04:53:00+00:00,NSE_FO|64863|24-02-2026,2026-02-24,PE,25750.0,250.75,-2.1335992023928196,-2.2335992023928197,-3.1335992023928196,1.1999999999999886,21.55000000000001,0.4785643070787592,5,-0.1395534290271172,-7.65306122448981,7.513507795462693,1.3405405405405406,-0.40662927078021416,0.0,0.25,0.25,-0.1512478504539727,6.437409585324271,-2.071476152118179,1.9319227230910618,-12.697335793943008,4,623
research_oof,fold_4,surface_breadth_recovery,2026-02-23,2026-02-23 04:26:00+00:00,NSE_FO|64864|24-02-2026,2026-02-24,CE,25800.0,75.55,-4.566512243547324,-4.666512243547324,-5.566512243547324,1.9500000000000028,8.25,2.5810721376571846,5,-4.005085823267651,-6.644951140065136,2.6398653167974855,1.635265958257741,0.8134217892721604,0.0,0.0,0.0,-2.969924812030067,2.11090659674592,-5.109622312419526,1.104536489151875,-2.9818166334387275,1,596
research_oof,fold_4,surface_breadth_recovery,2026-02-23,2026-02-23 04:42:00+00:00,NSE_FO|64860|24-02-2026,2026-02-24,CE,25700.0,112.7,6.699201419698311,6.5992014196983115,5.699201419698311,8.099999999999994,7.700000000000003,7.187222715173021,5,-3.2147449635662184,-5.0854353132628205,1.870690349696602,1.4653609206090898,0.5424755072672449,0.0,0.0,0.0,-3.2147449635662184,1.7927170868347275,-4.168194206415343,0.9534492428491248,-2.3779011438254782,1,612
research_oof,fold_1,oi_absorption_turn,2025-04-24,2025-04-24 04:15:00+00:00,NSE_FO|51988|30-04-2025,2025-04-30,CE,24200.0,254.55,0.1767825574543267,0.07678255745432669,-0.8232174425456733,4.050000000000011,11.300000000000011,1.591043017088985,5,-0.8587041373926629,-9.463778409090917,8.605074271698253,1.4105392156862746,0.695499637849863,0.0037965992164465446,0.4,0.4,-0.02525252525252819,10.159451241124916,-3.249000248701961,2.390296111309298,-11.174372658406796,6,585
research_oof,fold_1,oi_absorption_turn,2025-04-28,2025-04-28 04:24:00+00:00,NSE_FO|52000|30-04-2025,2025-04-30,CE,24350.0,63.4,14.43217665615142,14.33217665615142,13.43217665615142,11.850000000000001,3.8500000000000014,18.690851735015777,5,-0.31948881789137795,-14.33878157503714,14.019292757145763,1.2052547770700637,0.24171974522292994,0.008982259570494864,0.33333334,0.33333334,-0.15974440894568898,13.316856043132447,3.1420496436470824,-3.4615384615384603,-12.624490417952515,2,594
research_oof,fold_1,oi_absorption_turn,2025-05-02,2025-05-02 08:32:00+00:00,NSE_FO|38598|08-05-2025,2025-05-08,CE,24200.0,298.05,2.315047810769997,2.215047810769997,1.3150478107699972,8.949999999999989,4.199999999999989,3.0028518704915244,5,-1.5038836555941182,-9.090909090909093,7.587025435314976,1.9137510170870626,0.11065907241659878,0.0,0.0,0.0,-2.4946236559139856,7.712250330102688,-2.359396963578908,0.8555133079847899,-14.873129908095617,6,842
research_oof,fold_1,oi_absorption_turn,2025-05-20,2025-05-20 07:53:00+00:00,NSE_FO|49258|22-05-2025,2025-05-22,CE,25100.0,38.0,-0.13157894736841358,-0.23157894736841358,-1.1315789473684137,0.6000000000000014,1.1000000000000014,1.5789473684210564,5,-0.3931847968545177,-9.7799511002445,9.386766303389981,4.652085314495313,3.3211212985024208,0.0,0.42857143,0.42857143,0.0,9.386766303389981,3.15566577785813,-3.5488505747126475,-4.505073494180756,2,803
research_oof,fold_1,oi_absorption_turn,2025-05-21,2025-05-21 09:06:00+00:00,NSE_FO|49255|22-05-2025,2025-05-22,CE,25050.0,45.35,-10.694597574421172,-10.794597574421172,-11.694597574421172,1.1000000000000014,4.899999999999999,2.425578831312021,5,-0.1094091903720007,-11.156186612576068,11.046777422204068,1.5069373072970196,0.4993697397294521,0.0,0.2857143,0.2857143,0.0,9.670658286720357,2.2396991772548946,-2.3491083676268953,-3.4431616586097613,1,876
research_oof,fold_2,oi_absorption_turn,2025-05-29,2025-05-29 07:36:00+00:00,NSE_FO|61693|29-05-2025,2025-05-29,CE,24750.0,32.0,-8.750000000000002,-8.850000000000001,-9.750000000000002,7.75,4.199999999999999,24.21875,5,-0.9090909090909038,-16.46173149309913,15.552640584008227,1.6982939156172339,0.71289755116857,0.0,0.0,0.0,-1.8827181321276698,7.785473739308624,-8.358585858585844,7.449494949494939,-9.32993671491642,0,786
research_oof,fold_2,oi_absorption_turn,2025-06-03,2025-06-03 07:26:00+00:00,NSE_FO|40475|05-06-2025,2025-06-05,CE,24700.0,150.0,-1.3333333333333335,-1.4333333333333336,-2.3333333333333335,2.4000000000000057,6.599999999999994,1.6000000000000039,5,-0.19946808510639125,-14.34924399644235,14.14977591133596,1.2970860779278777,-0.1998744083943107,0.0,0.0,0.0,-0.6774557771923262,13.613425684600156,2.8127795150260204,-3.0122476001324117,-25.829707917592735,2,776
research_oof,fold_2,oi_absorption_turn,2025-06-03,2025-06-03 07:53:00+00:00,NSE_FO|40479|05-06-2025,2025-06-05,PE,24750.0,292.9,-3.8921133492659536,-3.9921133492659537,-4.892113349265953,3.650000000000034,17.549999999999955,1.2461590986684992,5,-1.2223710649698738,-10.598641604801774,9.3762705398319,2.145966709346991,1.192841709346991,0.0,0.0,0.0,-0.9583132210229162,8.26701628701263,8.903679355198191,-10.126050420168065,-11.37551185920297,2,803
research_oof,fold_2,oi_absorption_turn,2025-06-04,2025-06-04 07:22:00+00:00,NSE_FO|40481|05-06-2025,2025-06-05,CE,24800.0,30.1,-2.657807308970102,-2.757807308970102,-3.657807308970102,0.04999999999999716,2.1000000000000014,0.16611295681062177,5,-0.49586776859503745,-9.320695102685628,8.82482733409059,2.124343554125021,0.5885143147552092,0.0,0.16666667,0.16666667,-0.23591665747988433,8.754929677729812,-0.17469318726904826,-0.3211745813259892,-2.7021269622783617,1,772
research_oof,fold_2,oi_absorption_turn,2025-06-05,2025-06-05 09:00:00+00:00,NSE_FO|40486|05-06-2025,2025-06-05,PE,24850.0,141.2,-10.729461756373933,-10.829461756373933,-11.729461756373933,10.400000000000006,34.89999999999999,7.365439093484424,5,-1.3536966331135103,-13.134328358208958,11.780631725095446,1.8961874138723014,-0.033281185161515126,0.0,0.125,0.125,-1.8883576552745696,12.877090603906172,16.246303366886483,-17.599999999999994,-73.91067961165048,0,870
research_oof,fold_2,oi_absorption_turn,2025-06-12,2025-06-12 08:22:00+00:00,NSE_FO|44854|12-06-2025,2025-06-12,CE,24750.0,124.05,6.6908504635227715,6.590850463522772,5.6908504635227715,23.950000000000003,0.8499999999999943,19.306731156791617,5,-1.547005156683856,-10.329670329670327,8.782665172986471,1.408745934224792,-0.8256479441481439,0.0770450003445662,0.0,0.0,-0.9849362688296615,7.1628095215016785,4.413259743978394,-5.960264900662249,-37.491796432193794,0,832
research_oof,fold_2,oi_absorption_turn,2025-07-03,2025-07-03 05:57:00+00:00,NSE_FO|56960|03-07-2025,2025-07-03,PE,25600.0,62.65,28.411811652035123,28.31181165203512,27.411811652035123,24.15,0.25,38.547486033519554,5,-0.9463722397476393,-9.785932721712543,8.839560481964904,1.5176085701456155,0.3784847659032753,0.0,0.375,0.0,-0.47318611987381964,5.0503930869146565,-24.587676587573736,23.641304347826097,-36.10310459786079,0,687
research_oof,fold_2,oi_absorption_turn,2025-07-09,2025-07-09 09:05:00+00:00,NSE_FO|40047|10-07-2025,2025-07-10,CE,25450.0,92.8,3.5021551724137936,3.4021551724137935,2.5021551724137936,8.5,1.7999999999999972,9.15948275862069,5,-0.6420545746388506,-13.392857142857139,12.750802568218289,2.429965589214193,-0.19566567771107968,0.0,0.0,0.0,-0.6420545746388451,10.845968204299428,-9.210602961735626,8.568548387096776,-33.21385902031062,1,875
research_oof,fold_2,oi_absorption_turn,2025-07-10,2025-07-10 07:03:00+00:00,NSE_FO|40048|10-07-2025,2025-07-10,PE,25450.0,70.05,-14.346895074946463,-14.446895074946463,-15.346895074946463,0.9500000000000028,12.049999999999997,1.3561741613133516,5,-1.5427769985974726,-9.020979020979025,7.478202022381552,1.98879911861917,1.1675006599549944,0.006759477963666445,0.0,0.0,-1.447948953248973,7.96857694154564,-8.347510726408148,6.8047337278106745,-22.189349112426026,0,753
research_oof,fold_2,oi_absorption_turn,2025-07-14,2025-07-14 07:42:00+00:00,NSE_FO|47287|17-07-2025,2025-07-17,CE,25200.0,50.6,8.992094861660073,8.892094861660073,7.992094861660073,4.75,0.3999999999999986,9.387351778656127,5,-0.19743336623889718,-9.189189189189195,8.991755822950298,1.8027714247275664,-3.548170805732737,0.0,0.5,0.5,0.06265664160401974,7.987512808079305,-0.07415920450319913,-0.12327416173569805,-10.080788766090443,3,792
research_oof,fold_2,oi_absorption_turn,2025-07-15,2025-07-15 05:26:00+00:00,NSE_FO|47288|17-07-2025,2025-07-17,PE,25200.0,84.8,-11.261792452830186,-11.361792452830185,-12.261792452830186,0.20000000000000284,9.799999999999997,0.23584905660377695,5,-0.4117647058823448,-9.164420485175206,8.752655779292862,1.9424253328535444,0.18748648054874661,0.0,0.375,0.125,-0.2058823529411724,7.0389694339274165,-1.936154949784774,1.5243902439024293,-14.556690837178655,2,656
research_oof,fold_2,oi_absorption_turn,2025-07-22,2025-07-22 05:42:00+00:00,NSE_FO|49491|24-07-2025,2025-07-24,PE,25050.0,67.6,0.22189349112426876,0.12189349112426875,-0.7781065088757313,1.8500000000000085,3.5999999999999943,2.736686390532557,5,-0.513950073421432,-9.23803101820635,8.724080944784918,1.3249286393910562,-0.25210337502830704,0.010822444742947857,0.375,0.375,0.0,7.244669279474175,1.2183333911454985,-1.7322834645669305,-5.567899902923101,2,672
research_oof,fold_2,oi_absorption_turn,2025-07-23,2025-07-23 04:19:00+00:00,NSE_FO|49496|24-07-2025,2025-07-24,CE,25150.0,43.05,4.878048780487808,4.778048780487809,3.8780487804878083,5.25,2.6999999999999957,12.195121951219514,5,-0.46136101499424376,-10.282485875706204,9.82112486071196,1.3415034682222604,0.36196965611902254,0.0,0.0,0.0,-0.30030030030028243,9.153170896154672,-1.703229731729905,1.2418687167356612,-13.234206389260716,1,589
research_oof,fold_2,oi_absorption_turn,2025-07-24,2025-07-24 04:18:00+00:00,NSE_FO|49520|24-07-2025,2025-07-24,PE,25200.0,34.2,22.076023391812853,21.976023391812852,21.076023391812853,11.799999999999997,0.05000000000000426,34.50292397660817,5,-1.1527377521614035,-15.014164305949008,13.861426553787604,1.7610137593576178,1.0997114298858266,0.0,0.25,0.125,-2.032679555692357,9.073979637555658,5.926908265537712,-7.079646017699115,-18.812498003258693,0,588
research_oof,fold_2,oi_absorption_turn,2025-07-24,2025-07-24 07:51:00+00:00,NSE_FO|49487|24-07-2025,2025-07-24,CE,25000.0,72.25,0.13840830449826202,0.03840830449826202,-0.861591695501738,1.0,6.549999999999997,1.384083044982699,5,-1.5667574931880202,-10.83333333333334,9.266575840145318,1.353847274316303,0.2633553038855103,0.0,0.0,0.0,-1.9202363367799125,9.266575840145318,2.3880447666989824,-3.9548022598870025,-15.469953775038505,0,801
research_oof,fold_3,oi_absorption_turn,2025-07-31,2025-07-31 07:09:00+00:00,NSE_FO|55804|31-07-2025,2025-07-31,PE,25100.0,240.0,4.458333333333329,4.358333333333329,3.4583333333333286,24.399999999999977,1.0,10.166666666666657,5,-1.1553538271095398,-9.809634809634804,8.654280982525265,1.7414965986394557,0.6414965986394556,0.0,0.375,0.0,-1.3387708248034869,10.730340813403838,4.107804067627296,-5.263157894736836,-72.70501835985313,0,759
research_oof,fold_3,oi_absorption_turn,2025-08-04,2025-08-04 05:27:00+00:00,NSE_FO|39853|07-08-2025,2025-08-07,PE,24650.0,140.7,-8.244491826581376,-8.344491826581375,-9.244491826581376,1.8000000000000114,12.299999999999983,1.279317697228153,5,-0.9174311926605339,-8.849259757738903,7.931828565078369,1.36095941749652,0.3658090780202834,0.01029556470716863,0.0,0.0,-0.4536616979909147,7.0954570022086045,-0.06405648358371874,-0.8533747090768151,-6.939630251196915,3,657
research_oof,fold_3,oi_absorption_turn,2025-08-11,2025-08-11 09:05:00+00:00,NSE_FO|44471|14-08-2025,2025-08-14,PE,24450.0,57.9,-4.749568221070812,-4.849568221070812,-5.749568221070812,0.10000000000000142,4.449999999999996,0.1727115716753047,5,-1.1925042589437829,-13.312930374904353,12.12042611596057,2.142380793597866,0.570162410736774,0.0,0.0,0.0,-1.5873015873015928,10.378437680032837,-2.473507257035912,1.281002998092129,-8.927269222500422,3,875
research_oof,fold_3,oi_absorption_turn,2025-08-12,2025-08-12 05:05:00+00:00,NSE_FO|44492|14-08-2025,2025-08-14,CE,24600.0,106.85,-2.901263453439396,-3.001263453439396,-3.901263453439396,4.150000000000006,9.299999999999997,3.8839494618624295,5,-1.292108906322098,-15.350488021295472,14.058379114973373,1.6425011822050852,0.3130479065876104,0.08529320001782822,0.0,0.0,-1.151079136690647,13.020785035173532,-1.7060651452339926,0.4139562389118945,-27.634824248892965,2,635
research_oof,fold_3,oi_absorption_turn,2025-08-12,2025-08-12 08:18:00+00:00,NSE_FO|44471|14-08-2025,2025-08-14,PE,24450.0,38.65,-10.737386804657177,-10.837386804657177,-11.737386804657177,0.25,4.449999999999996,0.646830530401035,5,-0.1290322580645098,-11.572327044025165,11.443294785960656,1.328707718993929,-0.007979184735472655,0.0,0.375,0.375,0.0,9.998152927380477,0.7438219752785247,-0.8728542333430345,-8.339050588428288,2,828
research_oof,fold_3,oi_absorption_turn,2025-08-13,2025-08-13 06:07:00+00:00,NSE_FO|44473|14-08-2025,2025-08-14,PE,24500.0,31.65,6.793048973143756,6.693048973143757,5.793048973143756,3.1499999999999986,0.8499999999999979,9.952606635071087,5,-0.31695721077654726,-9.076923076923071,8.759965866146525,1.2119470273316426,-0.5314578367599168,0.0,0.25,0.125,0.0,8.341071245388203,-0.17123772079477018,-0.14571948998177708,-5.15677328511811,1,697
research_oof,fold_3,oi_absorption_turn,2025-08-14,2025-08-14 06:17:00+00:00,NSE_FO|44490|14-08-2025,2025-08-14,CE,24550.0,79.3,0.693568726355608,0.593568726355608,-0.30643127364439204,3.049999999999997,5.299999999999997,3.8461538461538427,5,-0.6870705808869393,-9.949972206781544,9.262901625894605,1.595120991540429,0.09639976391894556,0.0,0.0,0.0,-0.6119951040391647,9.262901625894605,0.721380123338411,-1.4084507042253502,-29.66123880831457,0,707
research_oof,fold_3,oi_absorption_turn,2025-08-19,2025-08-19 08:27:00+00:00,NSE_FO|47248|21-08-2025,2025-08-21,CE,25050.0,45.7,3.3916849015317228,3.2916849015317227,2.3916849015317228,3.9499999999999957,0.30000000000000426,8.643326039387299,5,-0.8648648648648671,-12.241054613935965,11.376189749071099,1.231433506044905,0.1598749857295625,0.0,0.16666667,0.16666667,-0.17087871844321256,8.510232842378041,-0.5045766342803959,-0.36028823058447124,-7.044203711395158,2,837
research_oof,fold_3,oi_absorption_turn,2025-08-21,2025-08-21 09:03:00+00:00,NSE_FO|47248|21-08-2025,2025-08-21,CE,25050.0,80.85,-23.933209647495357,-24.033209647495358,-24.933209647495357,4.150000000000006,24.749999999999993,5.132962275819426,5,-1.2239902080783405,-9.214594928880626,7.990604720802285,1.3295116642653506,0.030277079330558676,0.0,0.0,0.0,-0.23830155979203127,3.930861444103695,14.160625176537044,-15.384615384615385,-19.23076923076924,0,873
research_oof,fold_3,oi_absorption_turn,2025-09-02,2025-09-02 07:55:00+00:00,NSE_FO|48935|02-09-2025,2025-09-02,CE,24600.0,111.75,-2.863534675615215,-2.963534675615215,-3.863534675615215,5.450000000000003,13.150000000000006,4.876957494407161,5,-0.972590627763037,-15.953947368421051,14.981356740658015,3.259564225994426,-0.06005322960309867,0.0773962741590681,0.0,0.0,-6.849315068493156,21.545746659901912,9.896974589628272,-10.869565217391308,-40.86956521739131,0,805
research_oof,fold_3,oi_absorption_turn,2025-12-01,2025-12-01 04:17:00+00:00,NSE_FO|46807|02-12-2025,2025-12-02,CE,26250.0,110.15,-7.625964593735819,-7.725964593735819,-8.62596459373582,3.8499999999999943,10.950000000000003,3.49523377212891,5,-0.9442446043165464,-8.405172413793105,7.4609278094765585,1.4838327783943766,0.729983656264336,0.0,0.0,0.0,-1.602959309494445,8.485017230094993,0.4269600969567078,-1.3712047012732542,-10.678340171800649,1,587
research_oof,fold_3,oi_absorption_turn,2025-12-03,2025-12-03 04:38:00+00:00,NSE_FO|41905|09-12-2025,2025-12-09,CE,26050.0,93.0,0.053763440860211995,-0.04623655913978801,-0.946236559139788,0.5,3.200000000000003,0.5376344086021506,5,-1.115241635687747,-11.631345490389355,10.516103854701608,1.885482290354193,0.5084698306033881,0.0,0.0,0.0,-1.4245014245014231,9.457815966456563,-1.0613332798926067,-0.053908355795140306,-10.008141765406108,6,608
research_oof,fold_3,oi_absorption_turn,2025-12-08,2025-12-08 07:02:00+00:00,NSE_FO|41881|09-12-2025,2025-12-09,CE,25950.0,139.25,-0.8976660682226212,-0.9976660682226212,-1.8976660682226212,0.6999999999999886,5.050000000000011,0.5026929982046597,5,-1.3780918727915092,-9.800065552277948,8.421973679486438,2.1333333333333333,-1.9274200081004458,0.0,0.0,0.0,-1.8120905469540483,8.650130928695038,-14.287927938365298,12.909836065573788,-19.503957037874482,1,752
research_oof,fold_3,oi_absorption_turn,2025-12-09,2025-12-09 08:09:00+00:00,NSE_FO|41879|09-12-2025,2025-12-09,CE,25900.0,34.3,-20.116618075801746,-20.216618075801748,-21.116618075801746,3.5500000000000043,8.999999999999996,10.349854227405261,5,-0.4341534008682979,-24.164524421593825,23.730371020725528,1.2588638646532904,0.08109144504011168,0.0,0.0,0.0,-1.388888888888895,26.242236024844722,-1.6841534008682935,1.2499999999999956,-26.363412228796857,0,819
research_oof,fold_3,oi_absorption_turn,2025-12-16,2025-12-16 06:53:00+00:00,NSE_FO|48221|16-12-2025,2025-12-16,PE,25900.0,34.65,-20.77922077922078,-20.87922077922078,-21.77922077922078,0.05000000000000426,7.599999999999998,0.1443001443001566,5,-1.1428571428571344,-9.577464788732392,8.434607645875257,1.4307864700057331,0.2870482389656981,0.04107832588241204,0.25,0.25,-1.0743021346469483,9.432687904301083,-2.079186730872107,0.9363295880149725,-9.983210641870066,0,743
research_oof,fold_4,oi_absorption_turn,2025-12-29,2025-12-29 08:58:00+00:00,NSE_FO|65634|30-12-2025,2025-12-30,PE,26150.0,196.3,-2.954661232806934,-3.054661232806934,-3.954661232806934,3.0,6.0,1.5282730514518592,5,-1.0606060606060619,-12.079439252336444,11.018833191730382,2.288811459543167,1.363910273772416,0.0,0.0,0.0,-0.6926996472039815,8.821861535375653,-2.449494949494946,1.388888888888884,-21.09173126614987,1,868
research_oof,fold_4,oi_absorption_turn,2026-01-08,2026-01-08 05:55:00+00:00,NSE_FO|46185|13-01-2026,2026-01-13,CE,26150.0,43.65,3.3218785796105452,3.221878579610545,2.3218785796105452,1.8500000000000014,0.0,4.238258877434139,5,-0.34207525655644,-9.148264984227117,8.806189727670677,1.7951026682771494,0.3446248717622533,0.004790172798871517,0.16666667,0.16666667,-0.6351726493752652,7.965162234420797,-4.374333321072566,4.0322580645161255,-10.72810653413132,5,685
research_oof,fold_4,oi_absorption_turn,2026-01-13,2026-01-13 05:24:00+00:00,NSE_FO|46180|13-01-2026,2026-01-13,PE,26050.0,272.8,-1.6862170087976622,-1.7862170087976623,-2.6862170087976622,13.449999999999989,16.950000000000017,4.930351906158354,5,-0.8331823944937589,-14.47799827437446,13.644815879880701,1.9576923076923076,1.1923076923076923,0.0,0.375,0.25,0.0,9.234201257523821,1.2076339320368668,-2.0408163265306256,-24.263038548752856,0,654
research_oof,fold_4,oi_absorption_turn,2026-01-16,2026-01-16 09:04:00+00:00,NSE_FO|47614|20-01-2026,2026-01-20,PE,25700.0,92.65,-1.5650296815974125,-1.6650296815974126,-2.5650296815974123,10.599999999999994,4.050000000000011,11.440906637884504,5,-1.0678056593699914,-10.312345066931083,9.244539407561092,1.2298507462686568,0.10913803217400209,0.0,0.0,0.0,-1.3894736842105293,8.490412649200286,-2.78738237894669,1.7195767195766987,-8.809201942098555,4,874
research_oof,fold_4,oi_absorption_turn,2026-01-20,2026-01-20 04:30:00+00:00,NSE_FO|47614|20-01-2026,2026-01-20,PE,25700.0,238.75,-2.2408376963350762,-2.3408376963350763,-3.2408376963350762,3.9000000000000057,9.849999999999994,1.6335078534031438,5,-0.7476635514018781,-9.55066741868772,8.803003867285842,1.3685636856368564,0.883791202655846,0.0,0.0,0.0,-1.8996270076882094,8.492411024552016,-1.493932208118287,0.746268656716409,-9.571191660743917,0,600
research_oof,fold_4,oi_absorption_turn,2026-01-21,2026-01-21 05:17:00+00:00,NSE_FO|58663|27-01-2026,2026-01-27,CE,25050.0,170.5,-1.9354838709677487,-2.0354838709677487,-2.9354838709677487,1.0999999999999943,7.099999999999994,0.6451612903225773,5,-1.0724637681159388,-10.28828352287755,9.215819754761611,2.789325842696629,-0.23033707865168562,0.0,0.0,0.0,-0.8233276157804337,9.521920931258753,-5.524403059852867,4.451939291736928,-16.37978962624538,6,647
research_oof,fold_4,oi_absorption_turn,2026-01-21,2026-01-21 07:12:00+00:00,NSE_FO|58694|27-01-2026,2026-01-27,PE,25250.0,154.75,-7.625201938610669,-7.7252019386106685,-8.625201938610669,0.9000000000000057,16.75,0.5815831987075966,5,-0.7062600321027235,-10.175763182238672,9.46950315013595,3.041785534485652,0.6014431951669743,0.0,0.6,0.6,0.08583690987125081,9.784412784153961,-3.7374816144003953,3.031221582297672,-14.621511536673392,6,762
research_oof,fold_4,oi_absorption_turn,2026-01-22,2026-01-22 04:32:00+00:00,NSE_FO|58666|27-01-2026,2026-01-27,PE,25100.0,45.4,-8.81057268722467,-8.91057268722467,-9.81057268722467,1.3000000000000043,4.850000000000001,2.863436123348027,5,-1.413043478260867,-8.504098360655732,7.0910548823948645,2.1780517879161527,1.3040690505548702,0.0,0.5,0.5,-0.5664657167214593,7.185714357085281,3.6156346596609716,-5.028678137921839,-2.7832892044815765,5,602
research_oof,fold_4,oi_absorption_turn,2026-01-22,2026-01-22 05:33:00+00:00,NSE_FO|58693|27-01-2026,2026-01-27,CE,25250.0,149.55,-4.9147442326981094,-5.014744232698109,-5.9147442326981094,1.25,15.25,0.8358408559010364,5,-0.7294429708222916,-10.839269123567675,10.109826152745384,2.95069173465768,1.5628972194008242,0.0,0.0,0.0,-0.7294429708222916,8.865449241355439,-4.566652273147853,3.8372093023255616,-15.746478038371126,5,663
research_oof,fold_4,oi_absorption_turn,2026-01-23,2026-01-23 04:34:00+00:00,NSE_FO|58693|27-01-2026,2026-01-27,CE,25250.0,153.85,-5.427364315892099,-5.527364315892099,-6.427364315892099,14.150000000000006,11.150000000000006,9.197270068248297,5,-1.1225144323284142,-10.724454286618169,9.601939854289755,1.231584744595897,-1.1562921398262136,0.04321812846429736,0.0,0.0,-0.5104305370617013,8.301494057414406,0.5284289638979867,-1.6509433962264008,-13.559979901313168,4,604
research_oof,fold_4,oi_absorption_turn,2026-01-23,2026-01-23 08:47:00+00:00,NSE_FO|58666|27-01-2026,2026-01-27,PE,25100.0,112.0,12.23214285714286,12.13214285714286,11.23214285714286,15.5,3.4000000000000057,13.839285714285715,5,-0.6637168141592875,-8.525445846020007,7.86172903186072,1.7699923449859658,0.08328886155351034,0.0013657726658007846,0.0,0.0,-0.5469121705205027,6.811868350183875,1.0627711458588762,-1.7264879600181637,-5.569122909697944,4,857
research_oof,fold_4,oi_absorption_turn,2026-01-27,2026-01-27 04:30:00+00:00,NSE_FO|58667|27-01-2026,2026-01-27,CE,25150.0,84.85,-6.482027106658809,-6.582027106658809,-7.482027106658809,10.650000000000006,8.399999999999991,12.55156157925752,5,-0.23515579071134995,-16.013437849944,15.778282059232652,1.3541668709490797,0.8021992518825178,0.05444485481139767,0.4,0.4,-0.16611295681063787,15.778282059232652,5.558447106090092,-5.793602896801442,-23.524099350702144,0,600
research_oof,fold_4,oi_absorption_turn,2026-01-27,2026-01-27 06:56:00+00:00,NSE_FO|58675|27-01-2026,2026-01-27,PE,25150.0,69.15,13.593637020968893,13.493637020968894,12.593637020968893,20.099999999999994,0.9000000000000057,29.067245119305845,5,-0.8602150537634357,-18.34862385321101,17.488408799447573,1.5444546048334422,0.21276006093347966,0.0,0.125,0.125,-0.5814697872248031,14.229874395554244,2.9383715186747206,-3.7985865724381562,-17.443446385522254,0,746
research_oof,fold_4,oi_absorption_turn,2026-02-01,2026-02-01 05:43:00+00:00,NSE_FO|49790|03-02-2026,2026-02-03,PE,25150.0,98.45,7.414931437277803,7.314931437277803,6.414931437277803,9.149999999999991,3.549999999999997,9.294057897409843,5,-0.7049345417925457,-15.237226277372251,14.532291735579705,1.2858757062146893,-0.727083257068248,0.01231294302966658,0.0,0.0,-1.4459665144596734,13.132304919070359,-2.7485880938570517,2.043653552064506,-7.449005264623977,2,673
research_oof,fold_4,oi_absorption_turn,2026-02-01,2026-02-01 06:24:00+00:00,NSE_FO|49790|03-02-2026,2026-02-03,PE,25150.0,123.0,0.8536585365853635,0.7536585365853635,-0.1463414634146365,11.0,14.0,8.94308943089431,5,-0.8064516129032251,-9.489344591877757,8.682892978974532,2.243292624290797,1.5609998914351164,0.02355786673116459,0.6,0.6,0.24494794856091406,7.904641549123225,5.338045348609266,-6.144496961512491,-7.9832284055071145,2,714
research_oof,fold_4,oi_absorption_turn,2026-02-06,2026-02-06 07:18:00+00:00,NSE_FO|42527|10-02-2026,2026-02-10,PE,25600.0,130.5,0.49808429118774383,0.3980842911877438,-0.5019157088122561,5.550000000000011,1.6999999999999886,4.2528735632184,5,-1.4004542013625998,-9.10458991723101,7.704135715868411,1.2127216083555596,0.012141417721494241,0.0,0.0,0.0,-1.0529878368776224,5.96364704786852,0.763288488695868,-2.1637426900584678,-8.369831683032702,4,768
research_oof,fold_4,oi_absorption_turn,2026-02-06,2026-02-06 08:27:00+00:00,NSE_FO|42529|10-02-2026,2026-02-10,PE,25650.0,118.2,-7.52961082910322,-7.629610829103219,-8.52961082910322,5.549999999999997,10.200000000000003,4.695431472081216,5,-0.2952340784479035,-9.682603455202887,9.387369376754984,1.4708151195680124,0.3827890631696238,0.0,0.25,0.25,-0.14761703922395175,8.260690473689575,-2.254920528615878,1.9596864501679745,-16.983847247464087,4,837
research_oof,fold_4,oi_absorption_turn,2026-02-23,2026-02-23 05:39:00+00:00,NSE_FO|64866|24-02-2026,2026-02-24,CE,25850.0,35.35,8.62800565770862,8.52800565770862,7.62800565770862,4.299999999999997,2.8000000000000043,12.164073550212155,5,-0.28208744710860323,-11.080332409972293,10.79824496286369,1.2319056486654252,0.3459962756052142,0.0,0.5714286,0.5714286,0.3054989816700493,10.190213861450747,0.018890731973408847,-0.3009781790820121,-9.21186926819093,1,669
research_oof,fold_4,oi_absorption_turn,2026-02-23,2026-02-23 08:01:00+00:00,NSE_FO|64859|24-02-2026,2026-02-24,PE,25650.0,88.5,3.78531073446327,3.68531073446327,2.78531073446327,7.0,1.4500000000000028,7.909604519774012,5,-0.1129943502824804,-12.169312169312175,12.056317819029694,1.7418546365914787,0.4898530718503129,0.0,0.5,0.375,-0.004698266939923146,8.597065940713854,-1.8242242968065425,1.7112299465240621,-12.074080787939211,1,811
research_oof,fold_1,volume_climax_failed_extension,2025-03-28,2025-03-28 05:05:00+00:00,NSE_FO|54754|03-04-2025,2025-04-03,PE,23650.0,138.94,-1.079602706204117,-1.179602706204117,-2.079602706204117,2.6100000000000136,10.5,1.878508708795173,5,-12.721024679787574,-20.91209120912091,8.191066529333336,5.06371191135734,0.7653248145831464,0.0,0.375,0.0,-12.20626796165384,8.32804471352842,-29.656209177523117,16.935184497735545,-14.066780138806688,6,635
research_oof,fold_1,volume_climax_failed_extension,2025-03-28,2025-03-28 06:51:00+00:00,NSE_FO|54714|03-04-2025,2025-04-03,CE,23550.0,138.05,-0.5070626584570931,-0.6070626584570931,-1.5070626584570932,4.389999999999986,4.75,3.1800072437522537,5,-9.740259740259738,-16.113744075829395,6.373484335569657,3.0151586925627663,0.2601057570478482,0.09104056437389771,0.0,0.0,-10.443376068376065,6.373484335569657,-24.319944503832414,14.579684763572676,-5.873787130617213,6,741
research_oof,fold_1,volume_climax_failed_extension,2025-04-23,2025-04-23 05:26:00+00:00,NSE_FO|79529|24-04-2025,2025-04-24,CE,24000.0,175.8,13.395904436860057,13.295904436860058,12.395904436860057,27.299999999999983,1.25,15.529010238907839,5,-8.289885297184574,-16.578081498354848,8.288196201170274,2.647669931730484,0.3383793410507572,0.0,0.0,0.0,-7.516549220585089,6.921394782757995,-22.51144218341212,14.22155688622755,-14.800525132699892,1,656
research_oof,fold_1,volume_climax_failed_extension,2025-04-28,2025-04-28 05:23:00+00:00,NSE_FO|52001|30-04-2025,2025-04-30,PE,24350.0,142.55,-1.9291476674850927,-2.0291476674850926,-2.9291476674850925,4.949999999999989,2.75,3.472465801473159,5,-3.702191370627461,-18.595092024539884,14.892900653912424,2.514004914004914,0.18771498771498774,0.0,0.0,-0.375,-3.5553210374264124,14.263564433157622,-4.5608061388014765,0.8586147681740153,-16.007338661656046,2,653
research_oof,fold_1,volume_climax_failed_extension,2025-04-29,2025-04-29 04:15:00+00:00,NSE_FO|51990|30-04-2025,2025-04-30,CE,24250.0,149.69,-13.026922306099273,-13.126922306099273,-14.026922306099273,2.3100000000000023,24.689999999999998,1.5431892577994537,5,-3.246339910884788,-17.724222086638196,14.477882175753408,2.521266968325792,0.9519771410705136,0.05706839219915521,0.0,0.0,-3.774587985114297,14.477882175753408,-18.980236426196285,15.733896515311496,-40.948681050320985,1,585
research_oof,fold_1,volume_climax_failed_extension,2025-04-30,2025-04-30 05:02:00+00:00,NSE_FO|51988|30-04-2025,2025-04-30,CE,24200.0,118.8,-12.079124579124574,-12.179124579124574,-13.079124579124574,3.0,19.200000000000003,2.525252525252525,5,-19.00910010111223,-23.65661861074705,4.647518509634818,4.508555989192435,0.6190333233263288,0.0,0.0,0.0,-29.57746478873239,4.728050392721045,-51.33233242434454,32.32323232323231,-32.26010101010103,0,632
research_oof,fold_1,volume_climax_failed_extension,2025-05-02,2025-05-02 05:27:00+00:00,NSE_FO|38606|08-05-2025,2025-05-08,CE,24400.0,218.95,0.8906142955012639,0.7906142955012639,-0.10938570449873608,9.100000000000023,5.349999999999994,4.156200045672539,5,-9.015544041450774,-19.20542635658915,10.189882315138377,3.4933455713630104,0.7339758298913872,0.1390773405698779,0.0,0.0,-8.403208166241349,9.257189463951741,-23.007667206506266,13.992123165055492,-14.700184527252215,6,657
research_oof,fold_1,volume_climax_failed_extension,2025-05-23,2025-05-23 06:20:00+00:00,NSE_FO|61693|29-05-2025,2025-05-29,CE,24750.0,275.0,2.7781818181818134,2.6781818181818133,1.7781818181818134,14.199999999999989,1.3600000000000136,5.16363636363636,5,-8.874172185430462,-14.164459619005065,5.290287433574603,6.340026773761713,2.096385542168674,0.0,0.0,0.0,-8.011235955056172,5.358792199648388,-20.162916067975324,11.28874388254486,-9.94283648787557,6,710
research_oof,fold_2,volume_climax_failed_extension,2025-05-29,2025-05-29 08:32:00+00:00,NSE_FO|61689|29-05-2025,2025-05-29,CE,24650.0,90.45,-11.111111111111107,-11.211111111111107,-12.111111111111107,3.549999999999997,12.299999999999997,3.9248203427307873,5,-14.078881677483778,-20.0093066542578,5.93042497677402,4.178745775441231,1.595429864924819,0.0,0.0,0.0,-12.614295538454629,4.842280865597349,-25.74554834415045,11.66666666666667,-31.767676767676754,0,842
research_oof,fold_2,volume_climax_failed_extension,2025-06-05,2025-06-05 06:46:00+00:00,NSE_FO|40486|05-06-2025,2025-06-05,PE,24850.0,52.8,14.204545454545455,14.104545454545455,13.204545454545455,11.700000000000003,3.799999999999997,22.159090909090914,5,-22.18128224023581,-35.39192399049882,13.210641750263008,2.7276241252915696,0.5703308402924328,0.0,0.125,-0.125,-14.356637486509172,11.45624857550656,-63.11612643287039,40.93484419263458,-41.089753726003075,0,736
research_oof,fold_2,volume_climax_failed_extension,2025-06-05,2025-06-05 08:03:00+00:00,NSE_FO|40475|05-06-2025,2025-06-05,CE,24700.0,58.2,-5.841924398625439,-5.941924398625439,-6.841924398625439,1.0,14.150000000000006,1.7182130584192439,5,-25.353016688061626,-43.57894736842105,18.225930680359422,3.0131047761008634,0.6516365443140177,0.0,0.0,0.0,-27.760891590678828,16.902665638820125,-88.3964949489312,63.04347826086958,-104.64359656906241,0,813
research_oof,fold_2,volume_climax_failed_extension,2025-06-12,2025-06-12 05:17:00+00:00,NSE_FO|44858|12-06-2025,2025-06-12,CE,24850.0,200.75,3.561643835616441,3.461643835616441,2.561643835616441,9.400000000000006,3.9499999999999886,4.682440846824411,5,-14.35274045638728,-19.57376370784193,5.22102325145465,3.832116788321168,1.437956204379562,0.0,0.0,0.0,-9.733252246754276,4.097398384297057,-39.09500849762439,24.742268041237114,-49.12136832239925,0,647
research_oof,fold_2,volume_climax_failed_extension,2025-06-12,2025-06-12 08:02:00+00:00,NSE_FO|44854|12-06-2025,2025-06-12,CE,24750.0,213.25,-19.179366940211022,-19.279366940211023,-20.179366940211022,1.75,48.05000000000001,0.8206330597889802,5,-5.593632544771177,-16.836734693877553,11.243102149106376,6.905882352941177,0.32941176470588296,0.0,0.0,0.0,-5.274605764002183,9.74586925647285,-41.49106844220708,35.897435897435905,-50.76923076923074,0,812
research_oof,fold_2,volume_climax_failed_extension,2025-07-03,2025-07-03 06:17:00+00:00,NSE_FO|56843|03-07-2025,2025-07-03,CE,25500.0,34.6,11.70520231213872,11.60520231213872,10.70520231213872,7.399999999999999,4.100000000000001,21.387283236994215,5,-21.71945701357466,-31.305758313057574,9.586301299482912,2.2649521147707024,0.7103167989333199,0.0,0.0,0.0,-23.483365949119374,9.619127125672875,-48.136827339268265,26.4173703256936,-46.915963007639746,0,707
research_oof,fold_2,volume_climax_failed_extension,2025-07-03,2025-07-03 07:48:00+00:00,NSE_FO|56843|03-07-2025,2025-07-03,CE,25500.0,35.1,-10.113960113960117,-10.213960113960116,-11.113960113960117,9.100000000000001,4.950000000000003,25.92592592592593,5,-3.9617486338797914,-23.99380804953559,20.0320594156558,2.3558801891749868,0.18820809248554893,0.0,0.0,0.0,-6.766917293233076,11.904761904761907,-12.961748633879777,8.999999999999986,-33.168674698795186,0,798
research_oof,fold_2,volume_climax_failed_extension,2025-07-04,2025-07-04 09:10:00+00:00,NSE_FO|40041|10-07-2025,2025-07-10,PE,25350.0,90.4,-7.300884955752221,-7.400884955752221,-8.30088495575222,1.9499999999999886,9.400000000000006,2.1570796460176864,5,-12.172647914645973,-16.465863453815267,4.293215539169294,2.58133264860701,1.4515554710242957,0.00032091820361316144,0.0,0.0,-10.44160915265731,3.2632847691084326,-24.019053143404143,11.846405228758172,-5.089078642209554,6,880
research_oof,fold_2,volume_climax_failed_extension,2025-07-10,2025-07-10 05:56:00+00:00,NSE_FO|40040|10-07-2025,2025-07-10,CE,25350.0,62.75,3.5059760956175343,3.4059760956175342,2.5059760956175343,4.799999999999997,1.3500000000000014,7.649402390438242,5,-9.856115107913677,-16.67820069204152,6.822085584127844,2.286183210747067,0.2878092270072299,0.06786168530911597,0.0,0.0,-13.92603579070219,3.906068285915648,-12.729678326304484,2.8735632183908066,-21.030819251728715,0,686
research_oof,fold_2,volume_climax_failed_extension,2025-07-10,2025-07-10 06:54:00+00:00,NSE_FO|40046|10-07-2025,2025-07-10,PE,25400.0,33.95,-13.549337260677468,-13.649337260677468,-14.549337260677468,4.549999999999997,6.800000000000004,13.402061855670095,5,-19.929245283018858,-27.87750791974657,7.948262636727712,2.5170642035951603,0.36931906239131074,0.0,0.125,0.0,-9.174991469283544,5.828990391991939,-46.52100558264432,26.591760299625467,-17.59911106966914,0,744
research_oof,fold_2,volume_climax_failed_extension,2025-07-15,2025-07-15 05:36:00+00:00,NSE_FO|47292|17-07-2025,2025-07-17,PE,25250.0,91.2,-6.68859649122808,-6.78859649122808,-7.68859649122808,3.299999999999997,7.150000000000006,3.6184210526315757,5,-9.747649678377035,-14.743011722272325,4.995362043895289,4.443365134431917,0.7053250109751272,0.2743928093325684,0.0,0.0,-9.022996398356021,4.0543464072910265,-30.662242818928497,20.914593140551464,-13.625139353547677,2,666
research_oof,fold_2,volume_climax_failed_extension,2025-07-15,2025-07-15 07:59:00+00:00,NSE_FO|47295|17-07-2025,2025-07-17,CE,25350.0,30.1,-6.312292358803993,-6.412292358803993,-7.312292358803993,0.9499999999999993,2.650000000000002,3.156146179401991,5,-9.745127436281864,-13.929618768328444,4.18449133204658,2.478859390363815,0.977549804193045,0.0,0.0,0.0,-9.244551813685042,3.0776299624748926,-16.695867841238044,6.950740404956179,-1.270118490749339,2,809
research_oof,fold_2,volume_climax_failed_extension,2025-07-17,2025-07-17 05:45:00+00:00,NSE_FO|47288|17-07-2025,2025-07-17,PE,25200.0,43.35,-14.07151095732411,-14.17151095732411,-15.07151095732411,0.5499999999999972,9.550000000000004,1.268742791234134,5,-23.117803365810463,-29.31937172774869,6.201568361938225,2.48064735174287,0.9885724237889797,0.06144932903238381,0.0,-0.25,-16.039426523297497,3.6522502201963842,-36.833514089002485,13.715710723192021,-13.272241084036906,0,675
research_oof,fold_2,volume_climax_failed_extension,2025-07-21,2025-07-21 04:22:00+00:00,NSE_FO|49520|24-07-2025,2025-07-24,PE,25200.0,217.55,-14.042748793380836,-14.142748793380836,-15.042748793380836,4.349999999999994,33.70000000000002,1.999540335555042,5,-10.179640718562876,-15.906078394243517,5.726437675680641,2.1761504205838693,0.4240227610094012,0.0,0.125,-0.125,-10.648108603255867,5.994261839672206,-22.720534938846402,12.540894220283526,-21.655291065820002,3,592
research_oof,fold_2,volume_climax_failed_extension,2025-07-24,2025-07-24 05:57:00+00:00,NSE_FO|49492|24-07-2025,2025-07-24,CE,25100.0,39.1,6.9053708439897585,6.805370843989759,5.9053708439897585,6.799999999999997,0.5500000000000043,17.39130434782608,5,-24.760076775431862,-29.67625899280576,4.916182217373898,2.7520505809979494,0.3549169083486059,0.0,0.0,0.0,-14.371468926553666,3.369916266213311,-86.97506048878691,62.21498371335505,-39.335403883544174,0,687
research_oof,fold_2,volume_climax_failed_extension,2025-07-24,2025-07-24 06:37:00+00:00,NSE_FO|49487|24-07-2025,2025-07-24,CE,25000.0,65.2,-3.9110429447852826,-4.011042944785283,-4.911042944785283,3.049999999999997,9.550000000000004,4.677914110429443,5,-16.249197174052654,-24.668769716088324,8.41957254203567,4.109380245753038,0.6446268543941422,0.0,0.14285715,0.0,-2.7272727272727337,2.076220722508914,-96.44400236885785,80.1948051948052,-53.77955377955378,0,727
research_oof,fold_2,volume_climax_failed_extension,2025-07-28,2025-07-28 05:07:00+00:00,NSE_FO|55803|31-07-2025,2025-07-31,CE,25100.0,40.25,-14.409937888198751,-14.50993788819875,-15.409937888198751,0.3999999999999986,6.899999999999999,0.9937888198757728,5,-14.087513340448243,-19.07692307692307,4.989409736474826,4.127375087966221,2.6829697396199856,0.0,0.0,0.0,-13.789163494371099,4.385756679836294,-22.811916070823667,8.724402730375424,-3.0878243438603903,3,637
research_oof,fold_3,volume_climax_failed_extension,2025-07-31,2025-07-31 05:55:00+00:00,NSE_FO|55796|31-07-2025,2025-07-31,PE,24900.0,129.0,0.23255813953489252,0.1325581395348925,-0.7674418604651074,6.0,6.25,4.651162790697675,5,-9.301509301509302,-18.925998690242295,9.624489388732993,4.1439794773128105,2.923841590508257,0.0,0.125,0.0,-5.494922041435873,7.0796648577708625,-49.766625580579074,40.46511627906977,-51.976744186046524,0,685
research_oof,fold_3,volume_climax_failed_extension,2025-07-31,2025-07-31 07:31:00+00:00,NSE_FO|55802|31-07-2025,2025-07-31,PE,25050.0,150.9,5.9310801855533395,5.83108018555334,4.9310801855533395,12.900000000000006,6.599999999999994,8.548707753479128,5,-12.890173410404627,-17.838577291381664,4.948403880977038,3.1783132530120484,0.27563685398528426,0.04664901201874109,0.125,0.0,-11.727892135066565,3.9184606033365537,-50.490173410404616,37.59999999999999,-31.33203883495144,0,781
research_oof,fold_3,volume_climax_failed_extension,2025-08-05,2025-08-05 06:45:00+00:00,NSE_FO|39853|07-08-2025,2025-08-07,PE,24650.0,89.85,-0.3895381190873615,-0.48953811908736156,-1.3895381190873615,3.25,3.8499999999999943,3.6171396772398445,5,-6.7012987012987075,-15.553435114503811,8.852136413205104,3.0492998833138856,1.3340140023337221,0.05014927582718547,0.0,0.0,-5.438538324354686,5.718013149523339,-15.550403560633763,8.849104859335055,-6.804972863708203,2,735
research_oof,fold_3,volume_climax_failed_extension,2025-08-11,2025-08-11 07:33:00+00:00,NSE_FO|44491|14-08-2025,2025-08-14,PE,24550.0,125.3,5.426975259377492,5.326975259377492,4.426975259377492,8.549999999999997,1.75,6.82362330407023,5,-7.063197026022305,-13.115343154868842,6.0521461288465375,3.049855789039967,0.6890401862030875,0.0,0.0,0.0,-7.063197026022305,6.0521461288465375,-15.674308137133409,8.611111111111104,-10.809178743961365,3,783
research_oof,fold_3,volume_climax_failed_extension,2025-08-11,2025-08-11 09:05:00+00:00,NSE_FO|44471|14-08-2025,2025-08-14,PE,24450.0,57.9,-4.749568221070812,-4.849568221070812,-5.749568221070812,0.10000000000000142,4.449999999999996,0.1727115716753047,5,-1.1925042589437829,-13.312930374904353,12.12042611596057,2.142380793597866,0.570162410736774,0.0,0.0,0.0,-1.5873015873015928,10.378437680032837,-2.473507257035912,1.281002998092129,-8.927269222500422,3,875
research_oof,fold_3,volume_climax_failed_extension,2025-08-12,2025-08-12 05:02:00+00:00,NSE_FO|44492|14-08-2025,2025-08-14,CE,24600.0,105.6,1.9412878787878896,1.8412878787878895,0.9412878787878896,5.400000000000006,12.099999999999994,5.1136363636363695,5,-13.801551653736222,-27.296489917849154,13.494938264112932,4.5867869332033155,1.946369560510905,0.3233001405695524,0.0,0.0,-12.487961476725518,12.778942437865224,-35.521981761263106,21.720430107526887,-33.424895894044205,2,632
research_oof,fold_3,volume_climax_failed_extension,2025-08-12,2025-08-12 05:37:00+00:00,NSE_FO|44490|14-08-2025,2025-08-14,CE,24550.0,101.95,-2.403138793526241,-2.503138793526241,-3.403138793526241,1.25,8.549999999999997,1.2260912211868562,5,-9.426411738550478,-13.958333333333329,4.531921594782851,2.4497093023255814,0.19011627906976747,0.0,0.0,0.0,-9.426411738550478,4.531921594782851,-19.629275700364325,10.202863961813847,-2.2499662268653964,2,667
research_oof,fold_3,volume_climax_failed_extension,2025-08-13,2025-08-13 06:31:00+00:00,NSE_FO|44496|14-08-2025,2025-08-14,CE,24650.0,36.2,6.3535911602209865,6.253591160220987,5.3535911602209865,3.549999999999997,2.9000000000000057,9.806629834254135,5,-13.571428571428578,-19.377162629757784,5.805734058329206,2.700215835510621,0.20145788337490478,0.0,0.0,0.0,-10.4052573932092,5.434742606790799,-25.321552517883717,11.750123946455137,-6.987146929308597,1,721
research_oof,fold_3,volume_climax_failed_extension,2025-08-14,2025-08-14 08:48:00+00:00,NSE_FO|44490|14-08-2025,2025-08-14,CE,24550.0,75.25,-5.4485049833886965,-5.548504983388696,-6.4485049833886965,4.650000000000006,5.650000000000006,6.179401993355489,5,-17.884405670665217,-25.420966865833783,7.5365611951685665,4.088680040966323,0.9573722123686457,0.0,0.0,0.0,-16.94915254237288,7.5365611951685665,-58.20698631582649,40.322580645161274,-91.93548387096777,0,858
research_oof,fold_3,volume_climax_failed_extension,2025-08-14,2025-08-14 09:03:00+00:00,NSE_FO|44492|14-08-2025,2025-08-14,CE,24600.0,31.05,1.610305958132045,1.5103059581320448,0.6103059581320449,17.849999999999998,2.8000000000000007,57.487922705314,5,-12.305516265912308,-26.96793002915451,14.662413763242201,3.38967682130367,0.30511427204119945,0.06339552190596778,0.0,0.0,-5.769230769230771,8.459756656315221,-3.1352105890564257,-9.170305676855882,-20.843457427828646,0,873
research_oof,fold_3,volume_climax_failed_extension,2025-08-19,2025-08-19 04:45:00+00:00,NSE_FO|47217|21-08-2025,2025-08-21,PE,24900.0,68.2,-1.8328445747800584,-1.9328445747800584,-2.8328445747800584,2.3499999999999943,2.1500000000000057,3.445747800586502,5,-8.255033557046987,-13.450292397660835,5.195258840613848,2.106611609028201,0.3468631223311902,0.0,0.0,-0.125,-6.37169405868101,4.600920831154005,-15.444576040707116,7.189542483660127,-7.37004300856785,2,615
research_oof,fold_3,volume_climax_failed_extension,2025-08-20,2025-08-20 04:26:00+00:00,NSE_FO|47248|21-08-2025,2025-08-21,CE,25050.0,33.1,24.16918429003021,24.069184290030208,23.16918429003021,9.75,0.30000000000000426,29.45619335347432,5,-12.334217506631317,-22.023809523809522,9.689592017178205,2.0887826779636467,0.920813211194224,0.0,0.0,0.0,-8.752327746741152,7.981196608559703,-17.28045406577111,4.946236559139794,-7.231219303241375,1,596
research_oof,fold_3,volume_climax_failed_extension,2025-08-21,2025-08-21 07:02:00+00:00,NSE_FO|47248|21-08-2025,2025-08-21,CE,25050.0,59.8,30.76923076923078,30.66923076923078,29.76923076923078,19.049999999999997,1.1999999999999957,31.856187290969896,5,-5.835962145110408,-18.537666174298383,12.701704029187976,2.235838238666769,0.6169380350007809,0.0,0.0,0.0,-2.083333333333337,7.684108527131782,-0.280406589554838,-5.55555555555557,-46.48819804260219,0,752
research_oof,fold_3,volume_climax_failed_extension,2025-08-21,2025-08-21 08:12:00+00:00,NSE_FO|47248|21-08-2025,2025-08-21,CE,25050.0,42.5,22.823529411764714,22.723529411764712,21.823529411764714,12.200000000000003,1.3999999999999986,28.70588235294118,5,-18.624641833810884,-26.281453867660765,7.6568120338498815,3.7421452351227633,0.24248193545946384,0.0,0.0,0.0,-8.615384615384613,3.7658908255923222,-49.30646001562905,30.681818181818166,-40.22727272727274,0,822
research_oof,fold_3,volume_climax_failed_extension,2025-08-28,2025-08-28 05:21:00+00:00,NSE_FO|48940|02-09-2025,2025-09-02,PE,24700.0,134.35,-2.9400818756977958,-3.040081875697796,-3.9400818756977958,3.6500000000000057,4.349999999999994,2.716784518049874,5,-6.527777777777777,-13.374066530889351,6.846288753111574,2.1354625550660793,0.956439046928647,0.02873234058801069,0.0,0.0,-6.527777777777777,6.53157158073574,-11.989071521150008,5.461293743372231,-9.919141039236479,5,651
research_oof,fold_3,volume_climax_failed_extension,2025-09-01,2025-09-01 08:03:00+00:00,NSE_FO|48938|02-09-2025,2025-09-02,PE,24650.0,69.25,2.45487364620939,2.35487364620939,1.45487364620939,2.700000000000003,0.9500000000000028,3.898916967509029,5,-12.13468869123252,-16.373559733171618,4.238871041939097,2.5843380036928423,0.22459832685262704,0.0,0.0,0.0,-10.188019239177958,3.1988050851463736,-28.506370107161736,16.371681415929217,-7.065818584070783,1,813
research_oof,fold_3,volume_climax_failed_extension,2025-09-02,2025-09-02 09:07:00+00:00,NSE_FO|48938|02-09-2025,2025-09-02,PE,24650.0,63.95,8.835027365128994,8.735027365128994,7.835027365128994,25.39999999999999,3.700000000000003,39.71853010164189,5,-27.6330690826727,-40.526542943461365,12.893473860788664,2.3953571999360714,0.793164594605031,0.0,0.0,0.0,-19.60497439648865,10.34627484178069,-127.6330690826727,100.0,-8.695652173913032,0,877
research_oof,fold_3,volume_climax_failed_extension,2025-12-01,2025-12-01 08:36:00+00:00,NSE_FO|46817|02-12-2025,2025-12-02,PE,26350.0,152.1,2.9585798816568047,2.8585798816568047,1.9585798816568047,8.900000000000006,3.75,5.85141354372124,5,-0.6831489915419486,-15.656712090461,14.973563098919051,4.852682145716574,0.8702962369895921,0.0,0.125,-0.125,-0.6013957387558,11.573368778369662,-0.9246948852617565,0.24154589371980784,-30.74436959923794,1,846
research_oof,fold_3,volume_climax_failed_extension,2025-12-04,2025-12-04 05:00:00+00:00,NSE_FO|41880|09-12-2025,2025-12-09,PE,25900.0,41.0,-5.731707317073174,-5.831707317073174,-6.731707317073174,0.14999999999999858,2.700000000000003,0.3658536585365819,5,-10.675381263616558,-15.084388185654007,4.409006922037449,2.589152720581793,0.2529596405403107,0.0,0.125,0.0,-10.38899121058559,3.110438571503715,-18.92369904091198,8.248317777295423,-3.5630528705670628,5,630
research_oof,fold_3,volume_climax_failed_extension,2025-12-08,2025-12-08 04:47:00+00:00,NSE_FO|41908|09-12-2025,2025-12-09,PE,26100.0,63.7,-10.047095761381485,-10.147095761381484,-11.047095761381485,3.0999999999999943,6.700000000000003,4.866562009419143,5,-3.7678975131876347,-13.735465116279066,9.967567603091432,2.352254066615027,0.6375213013168086,0.0,0.0,-0.125,-5.155352044464734,10.490213770168005,-3.832041195034963,0.06414368184732844,-8.694980405743925,1,617
research_oof,fold_3,volume_climax_failed_extension,2025-12-08,2025-12-08 07:55:00+00:00,NSE_FO|41881|09-12-2025,2025-12-09,CE,25950.0,102.9,-8.454810495626825,-8.554810495626825,-9.454810495626825,2.3999999999999915,10.550000000000011,2.332361516034977,5,-6.910569105691067,-19.00890437475804,12.098335269066972,3.5271171941830626,0.3423817215030973,0.0,0.0,0.0,-6.849909729648923,12.95427777869985,-20.34930428355667,13.438735177865603,-30.547519117667044,1,805
research_oof,fold_3,volume_climax_failed_extension,2025-12-09,2025-12-09 06:55:00+00:00,NSE_FO|41882|09-12-2025,2025-12-09,PE,25950.0,47.5,22.000000000000007,21.900000000000006,21.000000000000007,14.450000000000003,0.0,30.421052631578956,5,-30.555555555555557,-37.432795698924735,6.877240143369178,2.982469945355191,0.26912458917845505,0.30611551878492266,0.0,0.0,-18.115223617536902,4.642492300833592,-88.54081354081353,57.985257985257974,-31.92828668332993,0,745
research_oof,fold_3,volume_climax_failed_extension,2025-12-11,2025-12-11 05:30:00+00:00,NSE_FO|48222|16-12-2025,2025-12-16,CE,25950.0,69.45,-19.07847372210223,-19.178473722102233,-20.07847372210223,0.7000000000000028,13.900000000000006,1.007919366450688,5,-6.572769953051627,-14.210870988867052,7.638101035815425,2.2193844975098966,1.0302643340569533,0.0,0.0,0.0,-5.673685355445085,6.446415273859036,-12.813210454734115,6.240440501682487,-4.671460580234044,5,660
research_oof,fold_3,volume_climax_failed_extension,2025-12-11,2025-12-11 06:35:00+00:00,NSE_FO|48221|16-12-2025,2025-12-16,PE,25900.0,100.25,2.2443890274314215,2.1443890274314215,1.2443890274314215,5.150000000000006,2.25,5.137157107231926,5,-13.485566566135276,-19.020172910662836,5.53460634452756,4.062750189332468,0.6450908500226316,0.0,0.25,-0.125,-13.241735065038284,5.334928840945524,-32.16427379046988,18.6787072243346,-8.107007061379676,5,725
research_oof,fold_3,volume_climax_failed_extension,2025-12-15,2025-12-15 08:42:00+00:00,NSE_FO|48222|16-12-2025,2025-12-16,CE,25950.0,99.15,1.865859808371149,1.765859808371149,0.8658598083711491,4.1499999999999915,2.3000000000000114,4.185577407967717,5,-6.7700987306064775,-19.6714223951578,12.901323664551324,2.6741721061141384,0.7259117312413914,0.0,0.0,0.0,-4.2749731471535934,7.9874425487385,-15.367383798479795,8.597285067873317,-24.120835737495796,1,852
research_oof,fold_3,volume_climax_failed_extension,2025-12-16,2025-12-16 06:51:00+00:00,NSE_FO|48221|16-12-2025,2025-12-16,PE,25900.0,32.4,-1.8518518518518454,-1.9518518518518455,-2.8518518518518454,2.6000000000000014,2.549999999999997,8.024691358024697,5,-6.609195402298839,-13.74663072776281,7.13743532546397,2.1782059329203394,0.5897733637851477,0.0,0.125,0.125,-6.41878455236049,5.4963128842813465,-14.272746804168001,7.663551401869162,-2.9953633268130044,0,741
research_oof,fold_4,volume_climax_failed_extension,2025-12-30,2025-12-30 08:18:00+00:00,NSE_FO|65634|30-12-2025,2025-12-30,PE,26150.0,188.95,7.356443503572377,7.2564435035723776,6.356443503572377,21.55000000000001,1.4499999999999886,11.405133633236312,5,-5.886717783823892,-15.94036697247706,10.053649188653168,2.8128161888701517,1.1289673916192926,0.0,0.0,0.0,-4.459289425063134,7.176662941129142,5.224393327287213,-11.111111111111105,-29.861111111111086,0,828
research_oof,fold_4,volume_climax_failed_extension,2026-01-05,2026-01-05 08:36:00+00:00,NSE_FO|40469|06-01-2026,2026-01-06,CE,26050.0,176.9,-0.9609949123798853,-1.0609949123798854,-1.9609949123798853,2.049999999999983,8.0,1.1588468061051345,5,-6.793048973143767,-17.673716012084594,10.880667038940826,4.885311871227364,1.7670082997987921,0.0,0.0,0.0,-4.143521993694643,7.799535307080573,-33.35554897314377,26.5625,-42.59745397008055,1,846
research_oof,fold_4,volume_climax_failed_extension,2026-01-06,2026-01-06 05:51:00+00:00,NSE_FO|40469|06-01-2026,2026-01-06,CE,26050.0,104.25,9.784172661870507,9.684172661870507,8.784172661870507,10.200000000000003,3.25,9.784172661870507,5,-16.197470420236638,-21.240533717994946,5.043063297758309,4.650663297536323,0.8766976063153344,0.0,0.0,0.0,-8.674429994014254,3.4409511130678574,-75.87488977507535,59.677419354838705,-53.067678684376986,0,681
research_oof,fold_4,volume_climax_failed_extension,2026-01-13,2026-01-13 05:03:00+00:00,NSE_FO|46180|13-01-2026,2026-01-13,PE,26050.0,221.2,17.088607594936715,16.988607594936713,16.088607594936715,66.10000000000002,0.0,29.88245931283907,5,-9.971567831031681,-17.275999242280736,7.304431411249055,2.206896551724138,0.6251742318647355,0.0,0.0,-0.125,-8.047065111095947,4.469194776845292,-1.339988883663258,-8.631578947368423,-32.00820232399181,0,633
research_oof,fold_4,volume_climax_failed_extension,2026-01-16,2026-01-16 07:01:00+00:00,NSE_FO|47611|20-01-2026,2026-01-20,CE,25650.0,183.5,4.632152588555858,4.532152588555858,3.632152588555858,17.05000000000001,0.05000000000001137,9.291553133514993,5,-19.08025646694672,-26.168421052631587,7.088164585684865,3.280747275557862,0.2867028792395079,0.0,0.0,0.0,-18.243135752270355,6.959550482913057,-66.33440716937328,47.25415070242656,-23.709214290789177,4,751
research_oof,fold_4,volume_climax_failed_extension,2026-01-16,2026-01-16 07:33:00+00:00,NSE_FO|47613|20-01-2026,2026-01-20,CE,25700.0,135.6,1.4380530973451453,1.3380530973451452,0.4380530973451453,2.5,5.549999999999983,1.8436578171091444,5,-9.021049114600732,-13.202614379084965,4.181565264484233,2.843398157625384,0.26093042076671225,0.0,0.0,0.0,-8.172430830039529,3.206999955238371,-19.268398937922292,10.24734982332156,-7.314333776097872,4,783
research_oof,fold_4,volume_climax_failed_extension,2026-01-19,2026-01-19 06:49:00+00:00,NSE_FO|47612|20-01-2026,2026-01-20,PE,25650.0,131.1,13.226544622425632,13.126544622425632,12.226544622425632,17.80000000000001,2.25,13.577421815408094,5,-10.371886728079161,-14.910199932226377,4.538313204147215,2.301775147928994,0.20918900104420457,0.0,0.14285715,0.14285715,-9.292983395822175,4.538313204147215,-25.454842987505998,15.082956259426838,-6.603790728524951,1,739
research_oof,fold_4,volume_climax_failed_extension,2026-01-21,2026-01-21 04:56:00+00:00,NSE_FO|58665|27-01-2026,2026-01-27,CE,25100.0,177.95,-1.5453779151447036,-1.6453779151447037,-2.5453779151447034,8.300000000000011,5.849999999999994,4.664231525709476,5,-9.424350483953138,-13.922813873961893,4.498463390008755,3.4827521909379078,0.7236647972797483,0.0,0.0,0.0,-10.10526315789474,4.498463390008755,-24.454758824526568,15.03040834057343,-5.6780385259115995,6,626
research_oof,fold_4,volume_climax_failed_extension,2026-01-21,2026-01-21 06:49:00+00:00,NSE_FO|58690|27-01-2026,2026-01-27,PE,25200.0,151.25,-4.330578512396702,-4.430578512396702,-5.330578512396702,9.949999999999989,11.25,6.578512396694207,5,-7.800121876904321,-13.612866168868464,5.812744291964144,3.927956887586272,1.509735718875564,0.0,0.0,0.0,-7.882644043831732,5.812744291964144,-16.48275660744324,8.682634730538918,-6.455139946824184,6,739
research_oof,fold_4,volume_climax_failed_extension,2026-01-22,2026-01-22 05:02:00+00:00,NSE_FO|58693|27-01-2026,2026-01-27,CE,25250.0,165.65,18.895261092665248,18.795261092665246,17.895261092665248,33.349999999999994,0.45000000000001705,20.132810141865377,5,-13.675436311539467,-19.88275525158768,6.207318940048214,6.39622641509434,1.932215234102027,0.0,0.0,0.0,-11.983944954128445,5.8400935832027,-36.30508534244569,22.62964903090623,-13.236787353664873,5,632
research_oof,fold_4,volume_climax_failed_extension,2026-01-22,2026-01-22 05:30:00+00:00,NSE_FO|58689|27-01-2026,2026-01-27,CE,25200.0,173.6,-3.052995391705059,-3.1529953917050593,-4.052995391705059,10.400000000000006,7.25,5.990783410138252,5,-10.265669331957705,-16.060450819672134,5.794781487714429,5.004963365634602,0.24485937130701974,0.0,0.0,0.0,-9.632724873542998,5.388076527814555,-26.659949209383647,16.394279877425944,-11.593141506221837,5,660
research_oof,fold_4,volume_climax_failed_extension,2026-01-23,2026-01-23 07:16:00+00:00,NSE_FO|58666|27-01-2026,2026-01-27,PE,25100.0,40.5,18.641975308641968,18.541975308641966,17.641975308641968,10.0,0.0,24.691358024691358,5,-14.857744994731304,-22.50509164969451,7.647346654963206,3.3657981905374004,1.6227500758376707,0.0,0.0,0.0,-13.95778971682709,6.849605892120512,-22.798558804842283,7.94081381011098,-5.406001154499717,4,766
research_oof,fold_4,volume_climax_failed_extension,2026-01-23,2026-01-23 08:05:00+00:00,NSE_FO|58663|27-01-2026,2026-01-27,CE,25050.0,142.7,0.8759635599159077,0.7759635599159077,-0.12403644008409231,3.950000000000017,9.699999999999989,2.7680448493342795,5,-5.264900662251648,-16.232816613044754,10.967915950793106,5.032162879905576,2.0015808345257673,0.32794568286967496,0.0,0.0,-5.395996518711921,10.967915950793106,-15.511814242498566,10.246913580246918,-39.914376742333715,4,815
research_oof,fold_4,volume_climax_failed_extension,2026-01-27,2026-01-27 05:17:00+00:00,NSE_FO|58663|27-01-2026,2026-01-27,CE,25050.0,65.65,-13.32825590251334,-13.428255902513339,-14.32825590251334,10.349999999999994,10.650000000000006,15.765422696115754,5,-16.048593350383623,-20.502336448598125,4.4537430982145025,2.917271727172717,0.2076691388081482,0.0,0.0,0.0,-17.53424657534246,4.9444029541116805,-33.22096262088073,17.1723692704971,-1.6942513238360064,0,647
research_oof,fold_4,volume_climax_failed_extension,2026-01-27,2026-01-27 05:47:00+00:00,NSE_FO|58664|27-01-2026,2026-01-27,PE,25050.0,76.3,-6.028833551769324,-6.128833551769324,-7.028833551769324,0.5499999999999972,19.049999999999997,0.7208387942332859,5,-11.484918793503486,-15.614617940199327,4.129699146695842,2.486960882647944,1.1743731193580742,0.0,0.0,0.0,-9.823428079242024,3.2968910083371714,-18.073154087621134,6.58823529411765,-5.477880408361679,0,677
research_oof,fold_4,volume_climax_failed_extension,2026-02-01,2026-02-01 06:16:00+00:00,NSE_FO|49793|03-02-2026,2026-02-03,CE,25250.0,241.05,3.505496784899394,3.405496784899394,2.505496784899394,13.199999999999989,10.800000000000011,5.476042314872428,5,-3.699260147970407,-13.419013419013414,9.719753271043007,3.4597518294622973,0.5027044225262491,0.05520538243626062,0.0,0.0,-3.74621393272756,9.719753271043007,-6.689613845719611,2.990353697749204,-14.147577336733551,2,706
research_oof,fold_4,volume_climax_failed_extension,2026-02-02,2026-02-02 08:16:00+00:00,NSE_FO|49790|03-02-2026,2026-02-03,PE,25150.0,227.0,-9.66960352422907,-9.769603524229069,-10.66960352422907,3.1999999999999886,22.0,1.409691629955942,5,-8.06549423893268,-13.592043681747256,5.526549442814577,2.5410334346504557,0.7963525835866259,0.0,0.0,0.0,-6.04859499871101,4.169005167475271,-25.681152601921987,17.615658362989308,-10.421724814580788,1,826
research_oof,fold_4,volume_climax_failed_extension,2026-02-06,2026-02-06 06:09:00+00:00,NSE_FO|42537|10-02-2026,2026-02-10,PE,25800.0,215.65,1.4143287734755312,1.3143287734755311,0.4143287734755312,3.6500000000000057,10.650000000000006,1.6925573846510575,5,-5.165970542976483,-13.325107958050586,8.159137415074103,2.867015098722416,0.7176429903284967,0.0,0.0,-0.125,-5.6001185210269036,8.171136977340149,-22.157312534318464,16.99134199134198,-29.074647856373748,4,699
research_oof,fold_4,volume_climax_failed_extension,2026-02-17,2026-02-17 06:08:00+00:00,NSE_FO|48233|17-02-2026,2026-02-17,PE,25900.0,164.35,10.860967447520533,10.760967447520533,9.860967447520533,25.950000000000017,1.3499999999999943,15.789473684210536,5,-10.071350164654225,-17.024539877300604,6.953189712646379,7.465695203400122,3.2726168791742563,0.0,0.375,0.125,-5.43847433876336,5.347221888706544,-29.611580049711705,19.54022988505748,-35.389347579731265,0,698
research_oof,fold_4,volume_climax_failed_extension,2026-02-23,2026-02-23 06:21:00+00:00,NSE_FO|64862|24-02-2026,2026-02-24,CE,25750.0,52.45,7.626310772163965,7.526310772163965,6.626310772163965,7.25,1.75,13.822688274547188,5,-10.48593350383632,-17.183570829840733,6.697637326004413,2.7725574272588056,1.1367656167013316,0.0,0.0,0.0,-10.075566750629728,5.71353933422899,-19.60825554944795,9.12232204561163,-8.578343920038558,1,711
research_oof,fold_4,volume_climax_failed_extension,2026-02-23,2026-02-23 09:03:00+00:00,NSE_FO|64865|24-02-2026,2026-02-24,PE,25800.0,147.05,0.5780346820809209,0.4780346820809209,-0.4219653179190791,9.299999999999983,13.950000000000017,6.324379462767754,5,-14.177362893815637,-20.70354457572502,6.526181681909382,5.65515416170438,0.8429270874685724,0.0,0.25,-0.125,-13.646446598422967,5.956427011025445,-40.64374343744939,26.46638054363375,-20.342130094664125,1,873
research_oof,fold_1,compression_failed_breakdown,2025-03-21,2025-03-21 04:34:00+00:00,NSE_FO|48251|27-03-2025,2025-03-27,CE,23050.0,278.0,2.5179856115107913,2.417985611510791,1.5179856115107913,15.0,6.699999999999989,5.39568345323741,5,-2.06823404631431,-5.946902654867259,3.8786686085529487,1.3752711496746204,0.5422993492407809,0.0,0.0,0.0,-2.8079282680509743,3.8786686085529487,-4.336478622251194,2.268244575936884,-8.242560925045428,6,604
research_oof,fold_1,compression_failed_breakdown,2025-03-24,2025-03-24 05:21:00+00:00,NSE_FO|49835|27-03-2025,2025-03-27,PE,23250.0,35.9,2.0891364902506964,1.9891364902506963,1.0891364902506964,0.9500000000000028,1.1999999999999957,2.6462395543175568,5,-3.1081081081081097,-5.897771952817821,2.789663844709711,1.3539906103286385,0.0678606394266017,-0.0025604096655464873,0.0,0.0,-1.5936254980079778,2.85511724860712,-8.252087165699717,5.143979057591608,-1.0977208096062618,3,651
research_oof,fold_1,compression_failed_breakdown,2025-03-28,2025-03-28 07:28:00+00:00,NSE_FO|54714|03-04-2025,2025-04-03,CE,23550.0,130.19,-11.475535755434365,-11.575535755434364,-12.475535755434365,0.8100000000000023,15.539999999999992,0.6221676011982505,5,-1.5807301467820833,-6.268545994065288,4.687815847283205,0.7068889216698628,-0.6321384925745235,0.0,0.0,0.0,-2.1207929921622792,4.521627565982412,-1.6187529604703155,0.03802281368823213,-6.7845892720817425,6,778
research_oof,fold_1,compression_failed_breakdown,2025-04-02,2025-04-02 08:50:00+00:00,NSE_FO|54713|03-04-2025,2025-04-03,PE,23500.0,225.9,-0.6640106241699867,-0.7640106241699867,-1.6640106241699866,3.1500000000000057,6.900000000000006,1.3944223107569744,5,-4.0042372881355925,-6.372239747634067,2.3680024594984745,1.5139146567717996,-0.4373962046514215,0.0,0.25,0.0,-2.7726510468939534,0.08215055854581821,-13.593278384026018,9.589041095890426,-4.696673189823876,1,860
research_oof,fold_1,compression_failed_breakdown,2025-04-03,2025-04-03 05:22:00+00:00,NSE_FO|43896|09-04-2025,2025-04-09,CE,23200.0,212.0,2.735849056603779,2.635849056603779,1.735849056603779,6.849999999999994,0.9000000000000057,3.2311320754716952,5,-2.1059939828743435,-5.564316287452131,3.4583223045777878,1.8650927487352444,-0.33389544688026995,0.0,0.0,0.0,-1.7656500802568087,3.4583223045777878,-2.3626235808213103,0.2566295979469668,-3.8276918776788627,6,652
research_oof,fold_1,compression_failed_breakdown,2025-04-03,2025-04-03 05:37:00+00:00,NSE_FO|43894|09-04-2025,2025-04-09,CE,23150.0,237.55,3.115133656072396,3.015133656072396,2.115133656072396,8.599999999999994,0.0,3.620290465165226,5,-2.062706270627057,-5.470635559131132,3.407929288504075,0.47540983606557374,-0.5586037693766032,0.0,0.0,0.0,-2.5208085612366316,3.407929288504075,-6.401654713710259,4.3389484430832015,-4.163920623166152,6,667
research_oof,fold_1,compression_failed_breakdown,2025-04-04,2025-04-04 07:29:00+00:00,NSE_FO|43895|09-04-2025,2025-04-09,PE,23150.0,250.2,3.9568345323741143,3.856834532374114,2.9568345323741143,11.100000000000023,6.949999999999989,4.436450839328546,5,-3.1933423650087223,-6.033010813887307,2.8396684488785846,1.1931330472103003,0.11587982832618016,0.0,0.0,0.0,-3.1933423650087223,2.8396684488785846,-5.69878898810241,2.505446623093688,-5.611802531359533,5,779
research_oof,fold_1,compression_failed_breakdown,2025-04-04,2025-04-04 07:57:00+00:00,NSE_FO|43892|09-04-2025,2025-04-09,CE,23100.0,55.2,-3.532608695652179,-3.6326086956521793,-4.532608695652179,0.6499999999999986,3.0,1.1775362318840554,5,-0.09066183136898776,-6.2937062937062915,6.203044462337304,0.8469087340529932,-0.03907257435822176,0.0,0.4,0.4,-0.09066183136898776,5.936600834371308,-0.15833609259163772,0.06767426122264997,-4.799684446966523,5,807
research_oof,fold_1,compression_failed_breakdown,2025-04-11,2025-04-11 05:04:00+00:00,NSE_FO|48199|17-04-2025,2025-04-17,PE,22800.0,212.95,14.90960319323785,14.80960319323785,13.90960319323785,38.45000000000002,0.8499999999999943,18.055881662362065,5,-2.467443454420837,-6.177076183939601,3.709632729518764,1.0394346000204855,0.341482765674323,0.0,0.0,0.0,-4.055198841905671,3.8548049354827647,-2.07528659167574,-0.39215686274509665,-3.625503181405021,6,634
research_oof,fold_1,compression_failed_breakdown,2025-04-11,2025-04-11 06:03:00+00:00,NSE_FO|48189|17-04-2025,2025-04-17,PE,22700.0,137.69,-4.495606071610137,-4.595606071610137,-5.495606071610137,1.0,12.689999999999998,0.7262691553489724,5,-3.560934657898418,-7.112490721371212,3.551556063472794,0.8834888262095899,-0.05289165556928599,0.0,0.375,0.25,-3.520107672967976,3.144389616757304,-5.682789765506779,2.1218551076083614,-4.004440839611245,6,693
research_oof,fold_1,compression_failed_breakdown,2025-04-21,2025-04-21 05:33:00+00:00,NSE_FO|79537|24-04-2025,2025-04-24,CE,24050.0,172.0,2.354651162790704,2.254651162790704,1.354651162790704,6.0,3.1999999999999886,3.488372093023256,5,-2.9403449250777425,-5.361111111111116,2.4207661860333736,0.4718498659517426,-0.2925480398074197,0.013968668407310704,0.0,0.0,-1.5034674675940163,1.9561161183122842,-3.4126506356831565,0.47230571060541404,-2.258513535168327,3,663
research_oof,fold_1,compression_failed_breakdown,2025-04-21,2025-04-21 05:55:00+00:00,NSE_FO|79537|24-04-2025,2025-04-24,CE,24050.0,189.0,-3.9153439153439185,-4.0153439153439185,-4.915343915343918,0.3499999999999943,10.0,0.18518518518518218,5,-0.23847376788552754,-5.339932274029691,5.101458506144163,0.5519559902200489,-0.6427261613691931,0.0,0.0,0.0,-0.1982971956662749,3.3132881992228027,-2.527030981815881,2.2885572139303534,-5.533528675640209,3,685
research_oof,fold_1,compression_failed_breakdown,2025-04-22,2025-04-22 06:42:00+00:00,NSE_FO|79537|24-04-2025,2025-04-24,CE,24050.0,192.35,0.9097998440343125,0.8097998440343125,-0.09020015596568753,6.0,0.8499999999999943,3.119313750974786,5,-2.745297407219105,-5.018726591760303,2.273429184541198,0.9038701622971286,-1.0319832168552197,-0.006693208701171312,0.0,0.0,-2.3613746573898364,1.7934503936828494,-7.158770113374747,4.413472706155641,-2.2373586477635987,2,732
research_oof,fold_1,compression_failed_breakdown,2025-04-22,2025-04-22 07:04:00+00:00,NSE_FO|79537|24-04-2025,2025-04-24,CE,24050.0,186.0,-1.2096774193548387,-1.3096774193548388,-2.209677419354839,0.5999999999999943,6.5,0.32258064516128726,5,-2.1767637031209097,-5.290456431535273,3.1136927284143634,1.1094452773613193,0.5217391304347825,0.003975445776088863,0.0,0.0,-1.977297693152702,2.2799486836588945,-6.548961012537935,4.372197309417025,-4.451332102347671,2,754
research_oof,fold_1,compression_failed_breakdown,2025-04-23,2025-04-23 06:12:00+00:00,NSE_FO|79519|24-04-2025,2025-04-24,CE,23950.0,279.05,13.545959505464975,13.445959505464975,12.545959505464975,42.94999999999999,0.0,15.3915068984053,5,-0.3243827716705616,-6.171328671328668,5.846945899658106,0.4258064516129032,-0.2328761831176357,0.0,0.6,0.6,0.2652519893899141,5.846945899658106,2.114641618573343,-2.4390243902439046,-11.134676564156942,1,702
research_oof,fold_1,compression_failed_breakdown,2025-04-23,2025-04-23 06:30:00+00:00,NSE_FO|79529|24-04-2025,2025-04-24,CE,24000.0,254.65,3.3771843707048865,3.2771843707048864,2.3771843707048865,8.599999999999994,9.650000000000006,3.3771843707048865,5,-0.4117647058823559,-5.569473887068799,5.157709181186443,0.6755708746230074,-0.024593870022791675,0.0,0.0,0.0,-0.7968127490039723,3.917953281678732,-8.857710651828299,8.445945945945944,-8.265463450027209,1,720
research_oof,fold_1,compression_failed_breakdown,2025-04-24,2025-04-24 04:45:00+00:00,NSE_FO|52004|30-04-2025,2025-04-30,PE,24400.0,226.0,2.3008849557522075,2.2008849557522074,1.3008849557522075,5.199999999999989,2.8000000000000114,2.3008849557522075,5,-4.086385771755241,-6.622653187538674,2.536267415783433,1.4755555555555555,0.008888888888888946,0.0,0.0,0.0,-4.122714349635537,2.9294570181111976,-7.373380704846055,3.2869949330908144,-3.3348538064049693,6,615
research_oof,fold_1,compression_failed_breakdown,2025-04-24,2025-04-24 08:09:00+00:00,NSE_FO|51990|30-04-2025,2025-04-30,CE,24250.0,195.15,1.8447348193697126,1.7447348193697125,0.8447348193697126,3.8499999999999943,0.09999999999999432,1.9728414040481652,5,-3.0589405620492394,-5.294117647058827,2.2351770850095876,1.7034068136272544,-0.5666353804655724,0.0,0.0,0.0,-3.6328125000000044,2.032658446081948,-6.918798044234508,3.8598574821852694,-1.4682581108309778,6,819
research_oof,fold_1,compression_failed_breakdown,2025-04-28,2025-04-28 08:23:00+00:00,NSE_FO|51988|30-04-2025,2025-04-30,CE,24200.0,212.0,-1.5094339622641455,-1.6094339622641456,-2.5094339622641453,1.9000000000000057,7.349999999999994,0.8962264150943424,5,-4.511617414843217,-7.521633015309515,3.010015600466298,0.671136203246295,-0.4581741415812913,0.0,0.0,0.0,-5.375961246743605,3.1826707585269896,-12.291337694563488,7.77972027972027,-4.352304697978226,2,833
research_oof,fold_1,compression_failed_breakdown,2025-04-28,2025-04-28 08:46:00+00:00,NSE_FO|52000|30-04-2025,2025-04-30,CE,24350.0,112.55,-4.886717014660151,-4.986717014660151,-5.886717014660151,1.0499999999999972,8.399999999999991,0.9329187027987537,5,-3.184165232358005,-5.562579013906454,2.378413781548449,1.2502385496183206,-0.6929866412213741,-0.004465049928673324,0.0,0.0,-2.753854707836456,2.0328579213998834,-6.044125784626231,2.859960552268226,-3.0936216878932443,2,856
research_oof,fold_1,compression_failed_breakdown,2025-04-29,2025-04-29 06:41:00+00:00,NSE_FO|51990|30-04-2025,2025-04-30,CE,24250.0,108.0,3.194444444444447,3.0944444444444468,2.194444444444447,5.799999999999997,3.799999999999997,5.370370370370368,5,-2.0594965675057253,-5.18617021276595,3.126673645260225,0.7139061116031886,0.2533215234720992,0.0,0.0,0.0,-2.77777777777779,3.126673645260225,2.991008482999325,-5.05050505050505,-6.192768809591243,1,731
research_oof,fold_1,compression_failed_breakdown,2025-04-29,2025-04-29 07:19:00+00:00,NSE_FO|51988|30-04-2025,2025-04-30,CE,24200.0,149.0,9.328859060402689,9.228859060402689,8.328859060402689,14.300000000000011,1.0,9.597315436241619,5,-0.8302889405513159,-6.355932203389836,5.5256432628385195,0.937201615864855,-0.37605582078589783,0.0,0.0,0.0,-1.3636363636363558,8.094118995758347,1.3805954131901776,-2.2108843537414935,-11.460448053566973,1,769
research_oof,fold_1,compression_failed_breakdown,2025-04-30,2025-04-30 07:01:00+00:00,NSE_FO|51988|30-04-2025,2025-04-30,CE,24200.0,160.9,-1.6469857054070887,-1.7469857054070888,-2.6469857054070887,0.789999999999992,5.5,0.49098819142323924,5,-0.46540490226496534,-7.301490721022208,6.836085818757243,1.2368495877168042,-0.22746659084446952,0.0,0.0,0.0,-3.022478736330503,12.96292272352352,6.431146821872957,-6.896551724137923,-3.44827586206895,0,751
research_oof,fold_1,compression_failed_breakdown,2025-05-02,2025-05-02 07:33:00+00:00,NSE_FO|38602|08-05-2025,2025-05-08,CE,24300.0,173.0,9.9421965317919,9.8421965317919,8.9421965317919,24.19999999999999,0.15000000000000568,13.988439306358375,5,-2.63730288200108,-5.162827640984913,2.525524758983833,0.6625391304347826,-0.21116714494842193,0.007064954601622522,0.0,0.0,-2.63730288200108,2.4026598563642643,-4.080088951652816,1.4427860696517358,-1.8413279833014107,6,783
research_oof,fold_1,compression_failed_breakdown,2025-05-05,2025-05-05 06:39:00+00:00,NSE_FO|38602|08-05-2025,2025-05-08,CE,24300.0,209.7,0.810681926561763,0.710681926561763,-0.18931807343823703,5.600000000000023,7.449999999999989,2.670481640438733,5,-1.2249705535924638,-6.852103120759844,5.627132567167381,0.4763069397737695,-0.22989911342097225,0.015441176470588236,0.0,0.0,-1.870078740157477,5.627132567167381,1.5907977489015068,-2.8157683024939706,-10.350014877836443,3,729
research_oof,fold_1,compression_failed_breakdown,2025-05-05,2025-05-05 07:37:00+00:00,NSE_FO|38606|08-05-2025,2025-05-08,CE,24400.0,141.9,-7.998590556730087,-8.098590556730088,-8.998590556730086,2.4000000000000057,13.710000000000008,1.6913319238900673,5,-1.3167013167013186,-6.237589866484095,4.920888549782776,0.8268615806304248,-0.6825034262220192,0.0,0.0,0.0,-0.9431792040487608,3.8079005868127958,-0.14302170626306898,-1.1736796104382496,-4.923679610438258,3,787
research_oof,fold_1,compression_failed_breakdown,2025-05-06,2025-05-06 04:41:00+00:00,NSE_FO|38598|08-05-2025,2025-05-08,CE,24200.0,226.2,-1.7904509283819554,-1.8904509283819555,-2.790450928381955,4.800000000000011,16.899999999999977,2.1220159151193685,5,-3.390191897654582,-7.037815126050417,3.6476232283958354,0.6360929124478857,-0.4276354973198332,0.0,0.0,0.0,-5.241610738255032,4.187361367755071,-3.390191897654582,0.0,-8.347529812606469,2,611
research_oof,fold_1,compression_failed_breakdown,2025-05-06,2025-05-06 04:56:00+00:00,NSE_FO|38599|08-05-2025,2025-05-08,PE,24200.0,30.8,-5.844155844155846,-5.944155844155846,-6.844155844155846,0.0,4.199999999999999,0.0,5,-0.972447325769854,-5.296950240770459,4.324502915000606,0.6740175289793611,-0.0607859768165111,0.0,0.625,0.625,1.6287094547964065,3.7899368764519714,2.246635582984202,-3.2190829087540562,-1.829228843430919,2,626
research_oof,fold_1,compression_failed_breakdown,2025-05-07,2025-05-07 07:11:00+00:00,NSE_FO|38607|08-05-2025,2025-05-08,PE,24400.0,80.7,-3.097893432465923,-3.197893432465923,-4.0978934324659235,1.7999999999999972,6.859999999999999,2.230483271375461,5,-1.2099213551119203,-5.85424133811231,4.64431998300039,0.8082462891698735,-0.027802380658957127,0.0,0.25,0.0,-1.563044509891287,3.7834444321891314,3.2345230893325305,-4.444444444444451,-7.449625791594716,1,761
research_oof,fold_1,compression_failed_breakdown,2025-05-07,2025-05-07 08:03:00+00:00,NSE_FO|38598|08-05-2025,2025-05-08,CE,24200.0,175.85,-2.0471993176002243,-2.1471993176002244,-3.0471993176002243,5.599999999999994,9.599999999999994,3.1845322718225733,5,-2.3624235686492523,-5.815876515986773,3.4534529473375204,1.6433962264150943,0.42307380335696054,0.0,0.0,0.0,-3.110173958882434,6.302202536177381,-9.225168666688466,6.8627450980392135,-3.9853811347023926,1,813
research_oof,fold_1,compression_failed_breakdown,2025-05-09,2025-05-09 05:42:00+00:00,NSE_FO|46245|15-05-2025,2025-05-15,CE,24000.0,236.6,3.46576500422655,3.36576500422655,2.46576500422655,12.200000000000017,0.44999999999998863,5.15638207945901,5,-3.18200243210377,-5.71892111133645,2.5369186792326803,0.9830923248053393,-0.10067043158548616,-0.009539349817999247,0.0,0.0,-3.18200243210377,2.5369186792326803,-2.1841976027283994,-0.9978048293753705,-2.6521799539518165,6,672
research_oof,fold_1,compression_failed_breakdown,2025-05-09,2025-05-09 07:03:00+00:00,NSE_FO|46248|15-05-2025,2025-05-15,CE,24050.0,211.8,-1.2983947119924457,-1.3983947119924458,-2.2983947119924455,4.599999999999994,4.25,2.1718602455146336,5,-3.6095346197502765,-5.808757819481681,2.1992231997314042,0.8055229142185664,-0.8051840977104415,0.019417475728155338,0.0,0.0,-3.4557311972779448,1.8138997544345115,-7.045706077295433,3.4361714575451563,-0.8980117156260681,6,753
research_oof,fold_1,compression_failed_breakdown,2025-05-16,2025-05-16 06:00:00+00:00,NSE_FO|49236|22-05-2025,2025-05-22,CE,24950.0,196.0,10.89285714285714,10.792857142857141,9.89285714285714,23.30000000000001,0.4000000000000057,11.887755102040822,5,-2.4752475247524774,-5.419323197645909,2.9440756728934314,0.9711286089238845,-0.21577116945582497,0.03093679689097975,0.0,0.0,-2.9646522234891726,3.0874997841714102,-4.871697228894489,2.396449704142012,-2.4529478862194365,6,690
research_oof,fold_1,compression_failed_breakdown,2025-05-16,2025-05-16 06:33:00+00:00,NSE_FO|49263|22-05-2025,2025-05-22,PE,25150.0,263.0,1.539923954372628,1.4399239543726279,0.539923954372628,6.5,0.0,2.4714828897338403,5,-3.1743119266054998,-5.782044852045565,2.607732925440065,1.128787878787879,-1.2727272727272725,0.00639386189258312,0.25,0.25,-3.5782201618034692,2.6987988408983252,-7.549311926605496,4.374999999999996,-1.1325102412380605,6,723
research_oof,fold_1,compression_failed_breakdown,2025-05-19,2025-05-19 04:48:00+00:00,NSE_FO|49263|22-05-2025,2025-05-22,PE,25150.0,221.7,-0.7668019846639552,-0.8668019846639552,-1.7668019846639553,8.100000000000023,3.25,3.653585926928292,5,-2.3158359064843426,-5.100261551874463,2.7844256453901206,2.172268907563025,-0.00852205288895247,0.059093692590324556,0.125,0.125,-2.2729711716912346,2.777159604245999,-5.0081435987920475,2.692307692307705,-5.481605351170571,3,618
research_oof,fold_1,compression_failed_breakdown,2025-05-19,2025-05-19 05:45:00+00:00,NSE_FO|49262|22-05-2025,2025-05-22,CE,25150.0,115.5,0.735930735930731,0.635930735930731,-0.264069264069269,4.849999999999994,0.3499999999999943,4.199134199134194,5,-3.875000000000006,-6.185989348627608,2.3109893486276016,1.0593187906620742,0.1974741676234214,0.013324144268320699,0.0,0.0,-3.875000000000006,1.2477463452780109,-5.375772456411387,1.5007724564113811,-0.41033865469972675,3,675
research_oof,fold_1,compression_failed_breakdown,2025-05-21,2025-05-21 04:57:00+00:00,NSE_FO|49256|22-05-2025,2025-05-22,PE,25050.0,205.5,-0.6082725060827251,-0.7082725060827251,-1.608272506082725,8.650000000000006,1.25,4.20924574209246,5,-1.9443110897743643,-5.206847360912992,3.2625362711386274,2.0087591240875913,0.6802919708029198,0.01304263188631497,0.25,0.125,-1.952345392183924,2.634920120779893,-2.7220888675521526,0.7777777777777883,-6.892349096501316,1,627
research_oof,fold_1,compression_failed_breakdown,2025-05-21,2025-05-21 07:46:00+00:00,NSE_FO|49246|22-05-2025,2025-05-22,PE,25000.0,253.35,-11.32820209196763,-11.428202091967629,-12.32820209196763,4.650000000000006,42.79999999999998,1.8354055654233297,5,-2.056110684089163,-5.2572706935123055,3.2011600094231425,1.0012453300124533,0.42350326492607326,0.00635518625448912,0.0,0.0,-2.0864969004861345,2.304061227264398,-1.7673715118081135,-0.2887391722810495,-7.387504604379802,1,796
research_oof,fold_1,compression_failed_breakdown,2025-05-23,2025-05-23 06:31:00+00:00,NSE_FO|61724|29-05-2025,2025-05-29,PE,24750.0,157.55,0.38083148206918077,0.28083148206918074,-0.6191685179308193,7.299999999999983,1.8000000000000114,4.633449698508399,5,-1.995027967681795,-5.099910527885488,3.1048825602036927,0.7316463605123399,0.038737894407997464,0.028259809045926544,0.0,0.0,-1.5229911440528765,3.5044533788696763,-2.1542581244888948,0.15923015680709973,-1.3833682015286008,6,721
research_oof,fold_1,compression_failed_breakdown,2025-05-26,2025-05-26 06:36:00+00:00,NSE_FO|61690|29-05-2025,2025-05-29,PE,24650.0,81.55,6.989576946658495,6.8895769466584955,5.989576946658495,5.700000000000003,1.4599999999999937,6.989576946658495,5,-1.628468033775643,-6.033057851239665,4.4045898174640215,0.9484375,-0.7851838102951763,0.0,0.0,0.0,-1.6639419297927671,3.9142057947331113,-2.8615923029368884,1.2331242691612454,-1.0492989390298746,3,726
research_oof,fold_1,compression_failed_breakdown,2025-05-27,2025-05-27 07:30:00+00:00,NSE_FO|61693|29-05-2025,2025-05-29,CE,24750.0,277.8,-2.5917926565874687,-2.691792656587469,-3.5917926565874687,5.550000000000011,14.0,1.9978401727861812,5,-2.364394993045904,-5.136986301369861,2.772591308323957,1.005671077504726,-0.5183463897441822,0.0,0.0,0.0,-2.5465926874377542,1.8246135520052498,-5.1211144968363875,2.7567195037904835,-2.85731558392881,2,780
research_oof,fold_1,compression_failed_breakdown,2025-05-27,2025-05-27 07:57:00+00:00,NSE_FO|61691|29-05-2025,2025-05-29,CE,24700.0,282.85,2.085911260385355,1.9859112603853548,1.085911260385355,18.649999999999977,0.8500000000000227,6.593600848506267,5,-2.8596037898363513,-5.123966942148761,2.2643631523124097,1.8411016949152543,0.8453389830508475,0.0,0.0,0.0,-2.725420275089163,2.2643631523124097,-1.6080898616974704,-1.251513928138881,-4.008406158715328,2,807
research_oof,fold_2,compression_failed_breakdown,2025-05-28,2025-05-28 05:10:00+00:00,NSE_FO|61689|29-05-2025,2025-05-29,CE,24650.0,211.35,2.8388928317956,2.7388928317956,1.8388928317956,6.0,6.349999999999994,2.8388928317956,5,-3.4474885844748893,-6.072148778848319,2.6246601943734293,1.0632911392405062,0.41887226697353264,0.009794101279910962,0.0,0.0,-3.109536318651107,2.6246601943734293,-4.058260377922974,0.6107717934480839,-3.6337103797267956,1,640
research_oof,fold_2,compression_failed_breakdown,2025-05-28,2025-05-28 06:29:00+00:00,NSE_FO|61691|29-05-2025,2025-05-29,CE,24700.0,182.0,-3.7362637362637425,-3.8362637362637426,-4.7362637362637425,0.0,10.949999999999989,0.0,5,-1.3742926434923253,-4.800844104457935,3.42655146096561,0.9506651884700665,0.2012806488344191,0.0,0.0,0.0,-1.4248444712020913,3.337212127438915,-1.5540409957990886,0.17974835230676334,-4.69980692873091,1,719
research_oof,fold_2,compression_failed_breakdown,2025-05-29,2025-05-29 08:13:00+00:00,NSE_FO|61687|29-05-2025,2025-05-29,CE,24600.0,150.5,-3.9867109634551494,-4.0867109634551495,-4.986710963455149,6.0,9.150000000000006,3.9867109634551494,5,-1.0474631751227426,-4.864181933038547,3.8167187579158046,0.44523655217109526,-0.08425145819831503,-0.002835218342629973,0.0,0.0,-1.4834847649698113,4.4906056436954165,-12.675370151866929,11.627906976744185,2.5802879291251486,0,823
research_oof,fold_2,compression_failed_breakdown,2025-05-30,2025-05-30 05:13:00+00:00,NSE_FO|40486|05-06-2025,2025-06-05,PE,24850.0,253.0,4.600790513833987,4.500790513833987,3.600790513833987,22.0,0.8499999999999943,8.695652173913043,5,-1.5807962529273967,-5.319189097361154,3.7383928444337577,0.5144050104384134,-0.08333935046384233,0.0,0.25,0.125,-1.5698691371485773,4.47565008246703,-4.203030615123504,2.6222343621961075,-0.9215087164306857,6,643
research_oof,fold_2,compression_failed_breakdown,2025-05-30,2025-05-30 05:43:00+00:00,NSE_FO|40477|05-06-2025,2025-06-05,CE,24750.0,233.2,3.580617495711845,3.480617495711845,2.580617495711845,10.700000000000017,0.19999999999998863,4.588336192109785,5,-2.9087886972782084,-6.405042700284669,3.496254003006461,0.8597595878649112,-0.86090440755581,0.0,0.0,0.0,-2.9087886972782084,3.0594124907957765,-6.2491916665253004,3.3404029692470916,-2.545126188420288,6,673
research_oof,fold_2,compression_failed_breakdown,2025-06-02,2025-06-02 04:27:00+00:00,NSE_FO|40477|05-06-2025,2025-06-05,CE,24750.0,121.1,3.509496284062758,3.409496284062758,2.509496284062758,10.800000000000011,3.549999999999997,8.918249380677135,5,-0.49200492004920493,-5.07364975450082,4.581644834451614,0.8822194199243379,0.3127364438839848,-0.0029497711859734245,0.0,0.0,-0.4818515166283788,4.801452233861464,-0.5634334914777717,0.07142857142856673,-2.1793187470170006,3,597
research_oof,fold_2,compression_failed_breakdown,2025-06-02,2025-06-02 07:47:00+00:00,NSE_FO|40476|05-06-2025,2025-06-05,PE,24700.0,208.45,-1.4152074838090616,-1.5152074838090617,-2.415207483809062,1.950000000000017,6.949999999999989,0.9354761333653236,5,-0.33524904214560225,-5.042016806722682,4.70676776457708,0.9187057868491244,-0.13350124877713587,0.0,0.0,0.0,-0.25391256625635905,3.9529260048240977,-0.5236518053861272,0.18840276324052496,-4.543931283868696,3,797
research_oof,fold_2,compression_failed_breakdown,2025-06-03,2025-06-03 08:34:00+00:00,NSE_FO|40475|05-06-2025,2025-06-05,CE,24700.0,99.7,-0.7021063189568734,-0.8021063189568733,-1.7021063189568735,5.700000000000003,1.0,5.7171514543630915,5,-2.066929133858264,-5.566218809980805,3.499289676122541,0.7119533527696793,-0.027238911166611923,0.0074008452835760295,0.0,0.0,-2.498265093684937,3.499289676122541,-2.1664316214204504,0.09950248756218638,-0.22275829577942385,2,844
research_oof,fold_2,compression_failed_breakdown,2025-06-03,2025-06-03 08:57:00+00:00,NSE_FO|40479|05-06-2025,2025-06-05,PE,24750.0,226.35,-5.9421250276121,-6.0421250276121,-6.9421250276121,5.099999999999994,13.900000000000006,2.253147779986744,5,-2.071197411003245,-5.836162988115445,3.7649655771122004,1.43317230273752,0.7468977929335985,0.0,0.125,0.0,-1.0760461283346345,3.4384999251614365,4.315453912356947,-6.3866513233601925,-5.50117316515476,2,867
research_oof,fold_2,compression_failed_breakdown,2025-06-04,2025-06-04 05:05:00+00:00,NSE_FO|40486|05-06-2025,2025-06-05,PE,24850.0,277.7,-0.8282319049333855,-0.9282319049333855,-1.8282319049333855,5.449999999999989,2.3000000000000114,1.9625495138638778,5,-3.923941227312022,-6.327586206896562,2.40364497958454,1.729032258064516,-0.8272591326639609,0.0,0.25,0.0,-3.429460077834218,2.620704322226675,-13.807662157544575,9.883720930232553,-9.210767258743836,1,635
research_oof,fold_2,compression_failed_breakdown,2025-06-04,2025-06-04 08:39:00+00:00,NSE_FO|40488|05-06-2025,2025-06-05,PE,24900.0,288.0,3.125,3.025,2.125,11.100000000000023,1.5500000000000114,3.8541666666666745,5,-2.7118644067796627,-5.857670359180933,3.14580595240127,1.933579335793358,-3.972670664206642,0.0,0.0,0.0,-2.3907138498121148,3.441880826959859,-13.545197740113002,10.83333333333334,-12.375835721107919,1,849
research_oof,fold_2,compression_failed_breakdown,2025-06-06,2025-06-06 04:27:00+00:00,NSE_FO|44855|12-06-2025,2025-06-12,PE,24750.0,198.7,3.0447911424257734,2.9447911424257733,2.0447911424257734,7.550000000000011,5.849999999999994,3.7996980372420794,5,-0.698602794411185,-6.091370558375631,5.392767763964446,0.6338211382113821,-0.15696580996520137,-0.011551504874947011,0.0,0.0,-0.710351725433167,5.038153903188054,1.013935431888513,-1.712538226299698,-5.193253183966695,6,597
research_oof,fold_2,compression_failed_breakdown,2025-06-06,2025-06-06 05:58:00+00:00,NSE_FO|44845|12-06-2025,2025-06-12,PE,24650.0,66.05,0.757002271006813,0.6570022710068131,-0.24299772899318695,2.25,0.6499999999999915,3.406510219530659,5,-2.2895125553914264,-5.171158048069935,2.8816454926785084,0.5134139926354551,-0.0776547479566172,0.0,0.375,0.0,-2.3833130897581767,2.7884585544354135,-5.549723438920684,3.2602108835292576,-2.4188014621497445,6,688
research_oof,fold_2,compression_failed_breakdown,2025-06-09,2025-06-09 07:59:00+00:00,NSE_FO|44857|12-06-2025,2025-06-12,PE,24800.0,40.6,0.9852216748768439,0.8852216748768439,-0.014778325123156133,1.0,1.0500000000000043,2.463054187192118,5,-2.3837902264600697,-5.225653206650838,2.8418629801907684,0.8241944601469757,-1.5466365178066706,0.0,0.0,0.0,-2.7046783625730986,2.429428889095908,-1.3710587449785927,-1.012731481481477,-1.9570871403511547,3,809
research_oof,fold_2,compression_failed_breakdown,2025-06-12,2025-06-12 05:06:00+00:00,NSE_FO|44856|12-06-2025,2025-06-12,CE,24800.0,294.8,-1.5264586160108549,-1.626458616010855,-2.5264586160108546,1.75,14.800000000000011,0.5936227951153324,5,-1.7000000000000126,-5.185185185185182,3.485185185185169,0.6055646481178396,-0.016366612111292977,0.00794401361830906,0.0,0.0,-1.8546885465505758,1.8609982193958707,3.657142857142836,-5.357142857142849,-22.378419452887535,0,636
research_oof,fold_2,compression_failed_breakdown,2025-06-13,2025-06-13 05:36:00+00:00,NSE_FO|50990|19-06-2025,2025-06-19,PE,24500.0,121.2,7.054455445544552,6.954455445544553,6.054455445544552,10.649999999999991,1.3500000000000085,8.78712871287128,5,-1.9433198380566896,-5.032206119162641,3.0888862811059514,0.8277980418506431,-1.0225669216530067,0.005430373311121448,0.0,0.0,-2.5410035272557696,2.8267632723464606,-1.9433198380566896,0.0,-2.0993343573988854,6,666
research_oof,fold_2,compression_failed_breakdown,2025-06-13,2025-06-13 06:28:00+00:00,NSE_FO|50989|19-06-2025,2025-06-19,CE,24500.0,289.5,-0.3454231433506045,-0.4454231433506045,-1.3454231433506045,2.1499999999999773,6.0,0.7426597582037918,5,-0.5670103092783374,-6.331841538206517,5.7648312289281805,1.0633981403212172,-0.35169619930142426,0.0,0.0,0.0,-0.12437810945273853,4.920947507992334,2.9168606584635937,-3.483870967741931,-10.960935187925413,6,718
research_oof,fold_2,compression_failed_breakdown,2025-06-16,2025-06-16 05:35:00+00:00,NSE_FO|50986|19-06-2025,2025-06-19,PE,24450.0,34.2,-5.263157894736854,-5.363157894736854,-6.263157894736854,0.09999999999999432,2.700000000000003,0.29239766081869684,5,-2.1398002853067033,-5.782792665726388,3.642992380419685,0.9374505146476643,-0.6791502758661697,0.0,0.25,0.0,-1.7644320594818352,3.0746925373884957,-5.210738968897644,3.0709386835909402,-1.9311368664298056,3,665
research_oof,fold_2,compression_failed_breakdown,2025-06-16,2025-06-16 07:02:00+00:00,NSE_FO|50992|19-06-2025,2025-06-19,PE,24550.0,42.95,-4.656577415599534,-4.7565774155995335,-5.656577415599534,0.0,4.25,0.0,5,-3.919372900335949,-7.166482910694594,3.2471100103586448,0.66110183639399,-1.96661101836394,0.0,0.0,0.0,-4.4561682478079625,2.7715522329863025,-7.173517913946426,3.2541450136104766,-2.085176343674955,3,752
research_oof,fold_2,compression_failed_breakdown,2025-06-17,2025-06-17 07:42:00+00:00,NSE_FO|50992|19-06-2025,2025-06-19,PE,24550.0,31.35,-1.5948963317384368,-1.694896331738437,-2.594896331738437,0.6499999999999986,0.8000000000000007,2.0733652312599635,5,-2.329192546583858,-5.757575757575751,3.4283832109918926,0.5105454545454545,0.17898705908929546,0.0,0.0,0.0,-2.7079533363733144,2.267469631439717,-3.883679726071043,1.554487179487185,-0.3265417594195741,2,792
research_oof,fold_2,compression_failed_breakdown,2025-06-19,2025-06-19 06:09:00+00:00,NSE_FO|50991|19-06-2025,2025-06-19,CE,24550.0,271.65,0.14724829744157342,0.04724829744157341,-0.8527517025584266,5.25,4.649999999999977,1.932633903920486,5,-2.0592485549132955,-4.903364352183248,2.8441157972699522,1.6428571428571428,-1.0642135642135644,-0.005115089514066497,0.0,0.0,-1.776688620003064,0.536164844407061,-14.404927567258985,12.34567901234569,-10.731244064577394,0,699
research_oof,fold_2,compression_failed_breakdown,2025-06-20,2025-06-20 05:50:00+00:00,NSE_FO|62393|26-06-2025,2025-06-26,CE,24850.0,292.2,0.239561943874055,0.139561943874055,-0.760438056125945,10.650000000000034,2.599999999999966,3.6447638603696215,5,-2.6874585268745754,-5.333769633507856,2.6463111066332807,0.7724358974358975,0.41708998548621196,0.0,0.0,0.0,-2.4977830328111073,2.523987649336934,-4.657070231995575,1.9696117051209994,-1.0658014483360123,6,680
research_oof,fold_2,compression_failed_breakdown,2025-06-20,2025-06-20 06:05:00+00:00,NSE_FO|62396|26-06-2025,2025-06-26,PE,24900.0,99.7,-3.410230692076234,-3.510230692076234,-4.410230692076234,2.25,6.650000000000006,2.256770310932798,5,-1.962708537782143,-5.373831775700932,3.411123237918789,1.9658351409978307,0.8074837310195226,0.0,0.125,0.0,-2.4302582268744652,2.5428251730392812,-3.1748297499033407,1.2121212121211977,-3.220011751867724,6,695
research_oof,fold_2,compression_failed_breakdown,2025-06-23,2025-06-23 05:37:00+00:00,NSE_FO|62385|26-06-2025,2025-06-26,CE,24750.0,246.05,2.0930705141231365,1.9930705141231364,1.0930705141231365,10.300000000000011,1.700000000000017,4.186141028246296,5,-1.2851405622489875,-6.115734468743961,4.830593906494974,0.6526806526806527,-0.6598193473193473,0.0,0.0,0.0,-0.9389671361502372,5.844500968072586,-4.082759609868026,2.7976190476190377,-4.90416776692193,3,667
research_oof,fold_2,compression_failed_breakdown,2025-06-23,2025-06-23 07:41:00+00:00,NSE_FO|62394|26-06-2025,2025-06-26,PE,24850.0,96.55,-2.071465561885034,-2.171465561885034,-3.071465561885034,0.04999999999999716,8.299999999999997,0.0517866390471229,5,-1.7276422764227695,-4.992585269401895,3.264942992979125,0.978667827601219,-0.2735060854422594,0.0,0.0,0.0,-1.6748323610620897,3.157525962720503,-3.555705517529484,1.8280632411067144,-4.101992511554209,3,791
research_oof,fold_2,compression_failed_breakdown,2025-06-27,2025-06-27 05:04:00+00:00,NSE_FO|57008|03-07-2025,2025-07-03,PE,25700.0,213.7,2.5269068788020617,2.4269068788020616,1.5269068788020617,26.100000000000023,0.04999999999998295,12.213383247543296,5,-4.549529359031823,-7.279183311140702,2.7296539521088796,0.5732959850606909,-0.21206769186925112,0.0,0.0,0.0,-4.746443361287278,2.6397591019700406,-9.021074074478975,4.471544715447151,-4.652166624759023,6,634
research_oof,fold_2,compression_failed_breakdown,2025-06-27,2025-06-27 05:46:00+00:00,NSE_FO|56924|03-07-2025,2025-07-03,PE,25550.0,118.2,-0.8883248730964444,-0.9883248730964443,-1.8883248730964444,3.700000000000003,1.2000000000000028,3.130287648054148,5,-2.83600493218249,-6.044624746450311,3.2086198142678213,0.884346015521484,-0.31441627060884003,0.0,0.125,0.0,-2.7092937573825413,2.703205551039833,-3.3501437496632147,0.5141388174807249,-3.0097452858865337,6,676
research_oof,fold_2,compression_failed_breakdown,2025-06-30,2025-06-30 04:22:00+00:00,NSE_FO|56843|03-07-2025,2025-07-03,CE,25500.0,198.5,2.4181360201511395,2.3181360201511394,1.4181360201511395,6.5,7.099999999999994,3.27455919395466,5,-3.0487804878048808,-6.642512077294683,3.593731589489802,1.173607355327204,-0.42415195078049384,0.0,0.0,0.0,-3.6025763859068585,3.5987714348248216,-3.8761384580199953,0.8273579702151146,-8.776832949458925,3,592
research_oof,fold_2,compression_failed_breakdown,2025-06-30,2025-06-30 05:22:00+00:00,NSE_FO|56843|03-07-2025,2025-07-03,CE,25500.0,181.75,4.401650618982118,4.301650618982118,3.401650618982118,8.900000000000006,0.4000000000000057,4.89683631361761,5,-2.829684997330495,-5.0158394931362205,2.1861544958057255,0.9047619047619048,-0.3666990605766115,0.0,0.0,0.0,-3.5816967445152113,2.1357359780615983,-3.2570354246809208,0.42735042735042583,-4.344883845968428,3,652
research_oof,fold_2,compression_failed_breakdown,2025-07-01,2025-07-01 06:46:00+00:00,NSE_FO|56960|03-07-2025,2025-07-03,PE,25600.0,130.55,-7.353504404442749,-7.453504404442748,-8.353504404442749,0.8999999999999773,13.050000000000011,0.6893910379164896,5,-1.6578749058025588,-5.057216685123656,3.399341779321097,0.6842386464826358,0.032314986985513716,0.0,0.0,0.0,-1.4795355894413331,3.0547296986696333,-1.5868521785298184,-0.0710227272727404,-3.919969713474647,2,736
research_oof,fold_2,compression_failed_breakdown,2025-07-01,2025-07-01 08:26:00+00:00,NSE_FO|56998|03-07-2025,2025-07-03,CE,25700.0,35.85,6.2761506276150625,6.176150627615063,5.2761506276150625,3.8500000000000014,0.0,10.73919107391911,5,-2.849389416553605,-5.0397877984085016,2.1903983818548967,2.461874829188303,0.5566534898012427,0.0,0.0,0.0,-2.623293200884552,1.3957851352784711,-4.540274489208807,1.6908850726552016,-0.8224839113020188,2,836
research_oof,fold_2,compression_failed_breakdown,2025-07-04,2025-07-04 05:02:00+00:00,NSE_FO|40040|10-07-2025,2025-07-10,CE,25350.0,185.4,1.9147788565264203,1.8147788565264202,0.9147788565264203,5.150000000000006,2.8499999999999943,2.777777777777781,5,-0.43057050592034685,-5.125550090603159,4.694979584682812,0.94275802254987,-0.2508169362639685,0.0,0.0,0.0,-0.46066086639919845,5.547611862182572,0.22906010093981521,-0.6596306068601621,-6.151621453542089,6,632
research_oof,fold_2,compression_failed_breakdown,2025-07-04,2025-07-04 05:18:00+00:00,NSE_FO|40051|10-07-2025,2025-07-10,CE,25550.0,90.25,0.16620498614959078,0.06620498614959078,-0.8337950138504092,1.0499999999999972,4.150000000000006,1.1634349030470883,5,-0.7692307692307776,-4.814814814814817,4.0455840455840395,0.7467785436020378,-0.27150134851663177,0.016904524836818233,0.16666667,0.16666667,-0.37675472403242427,3.4101629549997234,1.231722065452412,-2.0009528346831895,-3.9852742457561985,6,648
research_oof,fold_2,compression_failed_breakdown,2025-07-07,2025-07-07 04:34:00+00:00,NSE_FO|40046|10-07-2025,2025-07-10,PE,25400.0,86.25,16.115942028985515,16.015942028985513,15.115942028985515,16.299999999999997,0.5999999999999943,18.898550724637676,5,-2.6538678712591746,-6.089385474860343,3.4355176036011685,0.5313308583642704,-0.1143825047485868,0.0,0.25,0.125,-2.1239763981743263,2.9607191725549207,-3.558704064706897,0.9048361934477223,-0.5766452880337614,3,604
research_oof,fold_2,compression_failed_breakdown,2025-07-07,2025-07-07 05:37:00+00:00,NSE_FO|40047|10-07-2025,2025-07-10,CE,25450.0,142.2,-5.766526019690569,-5.866526019690569,-6.766526019690569,0.4000000000000057,12.199999999999989,0.28129395218003217,5,-0.9417509591907902,-4.948453608247416,4.006702649056626,0.48836903666710474,-0.1290576948350638,0.0,0.0,0.0,-0.8820994757250511,3.792221190685796,1.162996960535112,-2.1047479197259022,-2.748631030176618,3,667
research_oof,fold_2,compression_failed_breakdown,2025-07-08,2025-07-08 05:17:00+00:00,NSE_FO|40051|10-07-2025,2025-07-10,CE,25550.0,55.85,-5.102954341987469,-5.202954341987469,-6.102954341987469,0.3500000000000014,3.3000000000000043,0.6266786034019721,5,-2.6064291920069538,-5.71184995737426,3.105420765367306,0.9033306255077173,-0.0947738965610615,0.0,0.16666667,0.0,-2.4061048263261275,2.0925105586128314,-4.90243766957672,2.2960084775697664,-1.4196042412583987,2,647
research_oof,fold_2,compression_failed_breakdown,2025-07-08,2025-07-08 07:06:00+00:00,NSE_FO|40050|10-07-2025,2025-07-10,PE,25500.0,96.45,6.480041472265423,6.3800414722654235,5.480041472265423,9.549999999999997,2.450000000000003,9.901503369621564,5,-3.592814371257491,-6.003937007874005,2.411122636616514,1.6405168435625288,0.5820545782973818,0.0025433030814124703,0.125,0.125,-3.876988427372474,2.4230461908879453,-4.699145041202191,1.1063306699446995,-4.202851091454418,2,756
research_oof,fold_2,compression_failed_breakdown,2025-07-09,2025-07-09 05:33:00+00:00,NSE_FO|40042|10-07-2025,2025-07-10,CE,25400.0,165.65,-0.21128886205855377,-0.3112888620585538,-1.2112888620585538,5.349999999999994,2.5500000000000114,3.2297011771807993,5,-1.8628030751034919,-5.062166962699832,3.1993638875963404,1.7834674469641552,-1.7026721834259886,-0.03614789443102236,0.0,0.0,-2.001884126236453,3.1993638875963404,-4.027305239605661,2.164502164502169,-3.818403818403815,1,663
research_oof,fold_2,compression_failed_breakdown,2025-07-09,2025-07-09 08:14:00+00:00,NSE_FO|40051|10-07-2025,2025-07-10,CE,25550.0,61.2,-0.8986928104575233,-0.9986928104575232,-1.8986928104575234,1.9499999999999957,0.9000000000000057,3.1862745098039142,5,-0.08163265306121437,-6.053459119496862,5.9718264664356475,0.6429735898271927,-0.7282519874374609,0.0,0.5,0.5,0.019762845849802257,3.3853896433099715,0.06851749708892685,-0.15015015015014122,-5.0075132958710356,1,824
research_oof,fold_2,compression_failed_breakdown,2025-07-11,2025-07-11 04:50:00+00:00,NSE_FO|47282|17-07-2025,2025-07-17,CE,25150.0,197.6,-2.3785425101214517,-2.4785425101214518,-3.3785425101214517,1.25,9.199999999999989,0.6325910931174089,5,-3.092783505154628,-5.8666666666666645,2.7738831615120363,2.0441640378548898,-0.40799158780231304,0.0,0.0,0.0,-3.799356440660789,2.799102360699707,-7.415958558308411,4.323175053153783,-6.40146262800565,6,620
research_oof,fold_2,compression_failed_breakdown,2025-07-11,2025-07-11 07:02:00+00:00,NSE_FO|47294|17-07-2025,2025-07-17,PE,25300.0,182.95,-3.4982235583492636,-3.5982235583492637,-4.498223558349263,0.45000000000001705,12.699999999999989,0.24596884394644278,5,-2.5770456960680144,-4.823066841415457,2.246021145347443,0.89986882378662,-0.4013460903315199,0.0,0.0,0.0,-3.05221481639002,1.8717880181680802,-5.134901968906036,2.5578562728380216,-2.9840156483442515,6,752
research_oof,fold_2,compression_failed_breakdown,2025-07-14,2025-07-14 06:40:00+00:00,NSE_FO|47292|17-07-2025,2025-07-17,PE,25250.0,223.1,-0.49305244285073707,-0.5930524428507371,-1.493052442850737,4.300000000000011,2.3499999999999943,1.9273868220528962,5,-3.3124052825286743,-5.886157826649418,2.573752544120744,1.3441295546558705,-1.3525529097991058,0.0,0.0,0.0,-3.266546921765684,2.4098765823893142,-7.032811144986395,3.7204058624577208,-2.976529438336839,3,730
research_oof,fold_2,compression_failed_breakdown,2025-07-14,2025-07-14 07:15:00+00:00,NSE_FO|47286|17-07-2025,2025-07-17,PE,25150.0,146.5,2.7303754266211606,2.6303754266211605,1.7303754266211606,5.949999999999989,1.0,4.061433447098969,5,-0.4424778761061954,-4.928878597419795,4.486400721313599,0.7914856646394439,-0.39163600680668464,0.0,0.0,0.0,-0.6366594664973357,3.1514471678143643,-1.3671806502145167,0.9247027741083214,-4.6421675585461175,3,765
research_oof,fold_2,compression_failed_breakdown,2025-07-15,2025-07-15 07:10:00+00:00,NSE_FO|47294|17-07-2025,2025-07-17,PE,25300.0,113.4,-0.7054673721340489,-0.8054673721340488,-1.705467372134049,1.3499999999999943,3.4000000000000057,1.1904761904761854,5,-3.5379369138959893,-6.0657118786857644,2.527774964789775,0.6273261508325172,-0.14033305368823912,0.0,0.25,0.0,-3.0942302370527086,2.449153723022274,-5.3795575400469975,1.8416206261510082,-3.6569814241751875,2,760
research_oof,fold_2,compression_failed_breakdown,2025-07-15,2025-07-15 07:35:00+00:00,NSE_FO|47286|17-07-2025,2025-07-17,PE,25150.0,44.8,2.1205357142857206,2.0205357142857205,1.1205357142857206,1.1500000000000057,0.6499999999999986,2.5669642857142985,5,-1.2114537444933848,-6.623235613463619,5.411781868970234,1.0414507772020725,-0.017950741332987796,0.0,0.25,0.0,-1.4433557382260709,4.340209973314246,-3.6215683237110774,2.4101145792176926,-5.248265533051755,2,785
research_oof,fold_2,compression_failed_breakdown,2025-07-16,2025-07-16 08:35:00+00:00,NSE_FO|47296|17-07-2025,2025-07-17,PE,25350.0,142.5,-0.07017543859648724,-0.17017543859648726,-1.0701754385964872,2.0,5.5,1.4035087719298245,5,-1.1776931070315078,-5.846976277981952,4.669283170950444,1.1177394034536892,0.1936159079016222,0.0,0.125,0.125,-1.46580961497646,5.390465840349434,-0.4896197125360824,-0.6880733944954254,-8.836221542643575,1,845
research_oof,fold_2,compression_failed_breakdown,2025-07-18,2025-07-18 04:24:00+00:00,NSE_FO|49495|24-07-2025,2025-07-24,PE,25100.0,135.6,0.5899705014749347,0.4899705014749347,-0.4100294985250653,2.5999999999999943,1.9000000000000057,1.917404129793506,5,-2.020202020202011,-5.131860299358526,3.111658279156515,0.5612445698585379,-0.04811940741840859,-0.016950028422303757,0.0,0.0,-2.750799643001678,3.3956819646913603,-3.8696075684186537,1.8494055482166427,-2.2986765213640847,6,594
research_oof,fold_2,compression_failed_breakdown,2025-07-18,2025-07-18 04:43:00+00:00,NSE_FO|49519|24-07-2025,2025-07-24,CE,25200.0,67.45,-10.600444773906606,-10.700444773906606,-11.600444773906606,0.75,9.0,1.111934766493699,5,-2.034883720930225,-5.6875449964002955,3.6526612754700705,1.0296342219466832,-1.077743335399876,0.0,0.0,0.0,-1.9405767511960825,2.7724517111268776,-4.017886553791417,1.9830028328611915,-3.1568489481572204,6,613
research_oof,fold_2,compression_failed_breakdown,2025-07-21,2025-07-21 05:17:00+00:00,NSE_FO|49487|24-07-2025,2025-07-24,CE,25000.0,150.9,-4.373757455268386,-4.473757455268386,-5.373757455268386,2.6500000000000057,8.900000000000006,1.7561298873426148,5,-1.180327868852471,-6.614664586583463,5.434336717730992,0.4457578646329838,-0.3977549651465609,0.0,0.0,0.0,-1.4373716632443578,6.387558491604739,-2.321267466167898,1.1409395973154268,-6.112581529445138,3,647
research_oof,fold_2,compression_failed_breakdown,2025-07-21,2025-07-21 06:05:00+00:00,NSE_FO|49491|24-07-2025,2025-07-24,PE,25050.0,86.65,9.636468551644539,9.536468551644539,8.636468551644539,9.349999999999994,0.8000000000000114,10.79053664166185,5,-1.480637813211838,-6.41741071428571,4.936772901073872,0.94205273350216,-0.7760354176140392,0.0,0.0,0.0,-1.0305143099875569,4.669430499578714,-1.4393666617466994,-0.04127115146513871,-5.9931495811823225,3,695
research_oof,fold_2,compression_failed_breakdown,2025-07-22,2025-07-22 05:32:00+00:00,NSE_FO|49490|24-07-2025,2025-07-24,CE,25050.0,103.95,-8.369408369408372,-8.469408369408372,-9.369408369408372,1.3999999999999915,14.25,1.3468013468013387,5,-2.5352112676056415,-5.029721079103799,2.494509811498158,0.8177874186550976,-0.13013362292407082,0.0,0.0,0.0,-2.312801356664723,2.868287580263207,-6.186146263153292,3.65093499554765,-2.2635327023595275,2,662
research_oof,fold_2,compression_failed_breakdown,2025-07-22,2025-07-22 07:16:00+00:00,NSE_FO|49518|24-07-2025,2025-07-24,PE,25150.0,92.45,-0.7030827474310499,-0.8030827474310499,-1.70308274743105,1.5499999999999972,3.25,1.6765819361817167,5,-3.2460732984293084,-5.555555555555558,2.3094822571262497,0.98512077294686,0.09597527641106318,-0.007416162599364991,0.0,0.0,-3.34464837082637,2.038442760596948,-6.728216155572165,3.482142857142856,-1.288334190561935,2,766
research_oof,fold_2,compression_failed_breakdown,2025-07-23,2025-07-23 07:38:00+00:00,NSE_FO|49487|24-07-2025,2025-07-24,CE,25000.0,196.0,-2.857142857142854,-2.957142857142854,-3.857142857142854,0.0,10.599999999999994,0.0,5,-2.663679362708482,-4.913224150574436,2.249544787865954,0.7503912363067292,-0.9461502289219804,0.0,0.14285715,0.0,-2.896684905053104,3.2982836484060085,-5.507281258443064,2.843601895734582,-1.4421123899796884,1,788
research_oof,fold_2,compression_failed_breakdown,2025-07-25,2025-07-25 04:32:00+00:00,NSE_FO|55795|31-07-2025,2025-07-31,CE,24900.0,154.95,-6.615037108744756,-6.715037108744756,-7.615037108744756,4.850000000000023,11.899999999999977,3.130041949015826,5,-0.128907508862397,-5.316137150047173,5.187229641184777,0.7668607927860229,-0.24948722605576146,0.0,0.0,0.0,-0.10382383317135147,5.8926842727565765,0.9112113618656825,-1.0401188707280795,-8.44941881962946,6,602
research_oof,fold_2,compression_failed_breakdown,2025-07-25,2025-07-25 06:37:00+00:00,NSE_FO|55796|31-07-2025,2025-07-31,PE,24900.0,148.95,0.738502853306494,0.638502853306494,-0.261497146693506,5.5,5.349999999999994,3.6925142665323936,5,-1.4540647719762156,-4.879657105176394,3.425592333200178,0.724422579838239,0.17800218101509413,-0.004007161735868361,0.0,0.0,-1.1880429228410816,2.577441483818965,-1.3640557710761336,-0.09000900090008201,-2.8123320499019,6,727
research_oof,fold_2,compression_failed_breakdown,2025-07-28,2025-07-28 05:55:00+00:00,NSE_FO|55798|31-07-2025,2025-07-31,PE,24950.0,178.1,-2.7512633352049445,-2.8512633352049446,-3.7512633352049445,1.75,12.5,0.9825940482874791,5,-0.557568999163649,-4.817599554441665,4.260030555278016,0.915702479338843,0.38725353156019915,0.0,0.125,0.0,-0.10101010101010721,3.9617837818696597,-2.7484923168475173,2.1909233176838683,-3.4287841495986404,3,685
research_oof,fold_2,compression_failed_breakdown,2025-07-28,2025-07-28 06:30:00+00:00,NSE_FO|55804|31-07-2025,2025-07-31,PE,25100.0,292.1,4.724409448818881,4.624409448818882,3.7244094488188813,14.0,1.650000000000034,4.792879150975693,5,-1.8801410105757976,-5.0397877984085016,3.159646787832704,1.391304347826087,0.15019762845849804,0.0,0.125,0.125,-1.8911259448610884,3.763297637756513,-6.3175419614474375,4.437400950871639,-4.800848643941968,3,720
research_oof,fold_3,compression_failed_breakdown,2025-07-29,2025-07-29 07:02:00+00:00,NSE_FO|55796|31-07-2025,2025-07-31,PE,24900.0,208.25,0.0480192076830705,-0.05198079231692951,-0.9519807923169294,7.699999999999989,2.5999999999999943,3.697478991596633,5,-2.4390243902438935,-5.0331731869137535,2.59414879666986,0.5424912689173458,-0.06195317552709867,0.0,0.0,0.0,-1.3038843235991027,2.55500491082144,-5.7305604404006445,3.2915360501567514,-5.531993361607944,2,752
research_oof,fold_3,compression_failed_breakdown,2025-07-29,2025-07-29 08:20:00+00:00,NSE_FO|55802|31-07-2025,2025-07-31,PE,25050.0,283.85,-7.785802360401628,-7.885802360401628,-8.785802360401629,1.1499999999999773,25.850000000000023,0.4051435617403478,5,-1.2916739396055088,-4.992332594990623,3.7006586553851144,0.6021505376344086,-0.6881720430107526,0.0,0.125,0.0,-1.18912431334533,3.4055713467302464,3.8847966486297953,-5.176470588235304,-11.55402160864346,2,830
research_oof,fold_3,compression_failed_breakdown,2025-08-01,2025-08-01 05:59:00+00:00,NSE_FO|39852|07-08-2025,2025-08-07,CE,24650.0,179.0,-3.9944134078212326,-4.094413407821232,-4.9944134078212326,0.19999999999998863,9.0,0.11173184357541266,5,-1.9983575143717514,-4.5901639344262275,2.591806420054476,1.1,-0.4792682926829268,0.0,0.0,0.0,-2.4074074074074026,2.7772446141176688,-3.6968713147963794,1.698513800424628,-1.5746712604230328,6,689
research_oof,fold_3,compression_failed_breakdown,2025-08-01,2025-08-01 07:00:00+00:00,NSE_FO|39852|07-08-2025,2025-08-07,CE,24650.0,163.2,-6.954656862745096,-7.054656862745095,-7.954656862745096,13.950000000000017,16.94999999999999,8.54779411764707,5,-2.5357995226730323,-5.468053491827629,2.9322539691545964,0.6996978851963747,0.0011598735004682004,0.014279443282464431,0.0,0.0,-2.9043565348021994,2.7358000099305557,-3.9246884115619385,1.3888888888889062,-3.0982905982905873,6,750
research_oof,fold_3,compression_failed_breakdown,2025-08-04,2025-08-04 05:13:00+00:00,NSE_FO|39855|07-08-2025,2025-08-07,PE,24700.0,156.3,8.989123480486233,8.889123480486234,7.989123480486233,16.69999999999999,0.30000000000001137,10.68458093410108,5,-2.0676691729323182,-5.904059040590404,3.836389867658086,0.9042171760286837,-0.11917363838142392,0.0,0.0,0.0,-2.276825969341756,3.352693696712461,-5.363882981395573,3.2962138084632553,-4.96524783475054,3,643
research_oof,fold_3,compression_failed_breakdown,2025-08-04,2025-08-04 05:53:00+00:00,NSE_FO|39861|07-08-2025,2025-08-07,PE,24850.0,232.75,1.2674543501611122,1.167454350161112,0.2674543501611122,3.6999999999999886,8.400000000000006,1.5896885069817352,5,-0.2990813928647751,-6.7593177511054865,6.460236358240712,1.575221238938053,-0.430678466076696,0.0,0.0,0.0,-0.9364940005853084,6.614863639833578,1.066624221702761,-1.3657056145675361,-10.837755304008512,3,683
research_oof,fold_3,compression_failed_breakdown,2025-08-05,2025-08-05 05:25:00+00:00,NSE_FO|39861|07-08-2025,2025-08-07,PE,24850.0,251.7,1.072705601907039,0.9727056019070389,0.0727056019070389,5.100000000000023,1.5,2.02622169249107,5,-2.057210031347967,-5.29445616727412,3.2372461359261533,0.9941520467836257,-0.02857522594364703,0.0,0.25,0.25,-2.061806780243286,3.1575370374436473,-5.299530850460588,3.2423208191126207,-5.816293745718637,2,655
research_oof,fold_3,compression_failed_breakdown,2025-08-05,2025-08-05 06:24:00+00:00,NSE_FO|39858|07-08-2025,2025-08-07,CE,24800.0,38.0,-2.763157894736835,-2.863157894736835,-3.763157894736835,0.20000000000000284,2.8500000000000014,0.5263157894736916,5,-3.168567807351075,-5.302096177558568,2.1335283702074936,0.712808988764045,-0.9609281640896616,0.0025851299367941915,0.0,0.0,-3.168567807351075,1.571884384384381,-3.5857457214614974,0.4171779141104226,-1.42728868608899,2,714
research_oof,fold_3,compression_failed_breakdown,2025-08-07,2025-08-07 05:42:00+00:00,NSE_FO|39853|07-08-2025,2025-08-07,PE,24650.0,247.0,-6.1943319838056725,-6.294331983805672,-7.1943319838056725,1.4499999999999886,16.650000000000006,0.5870445344129509,5,-0.42219541616405065,-5.110336817653893,4.688141401489842,0.3522818254603683,-0.11689351481184951,-0.00290664538926251,0.0,0.0,-0.40606626154114367,2.86631366695419,-6.374576368545004,5.952380952380953,0.07002801120448154,0,672
research_oof,fold_3,compression_failed_breakdown,2025-08-07,2025-08-07 05:57:00+00:00,NSE_FO|39853|07-08-2025,2025-08-07,PE,24650.0,228.85,4.107493991697621,4.007493991697621,3.1074939916976207,11.800000000000011,1.8499999999999943,5.156215861918293,5,-1.101511879049677,-5.778894472361817,4.6773825933121405,0.662613981762918,-0.37952084969775624,0.005781015146259683,0.375,0.25,-0.1387787470261692,2.5350440467709454,2.602191824654021,-3.703703703703698,-10.28265107212476,0,687
research_oof,fold_3,compression_failed_breakdown,2025-08-08,2025-08-08 05:42:00+00:00,NSE_FO|44471|14-08-2025,2025-08-14,PE,24450.0,125.95,-2.9773719730051607,-3.0773719730051607,-3.9773719730051607,0.8499999999999943,7.049999999999997,0.6748709805478319,5,-2.294826915597059,-4.952741020793949,2.65791410519689,0.6887235708692248,-0.2723608998058029,-0.004455462709337402,0.0,0.0,-2.0149047750483096,2.497524608305679,-5.194896796799009,2.90006988120195,-1.9840655911688154,6,672
research_oof,fold_3,compression_failed_breakdown,2025-08-08,2025-08-08 06:58:00+00:00,NSE_FO|44493|14-08-2025,2025-08-14,PE,24600.0,211.9,0.04719207173194635,-0.05280792826805365,-0.9528079282680536,0.6999999999999886,10.800000000000011,0.33034450212363786,5,-1.557415155741515,-6.527121314427187,4.969706158685671,1.1543747136967475,-0.6724690792487404,4.372062520494043e-05,0.0,0.0,-1.7000000000000015,5.415328146037124,-4.269279562521177,2.7118644067796627,-5.226854256172997,6,748
research_oof,fold_3,compression_failed_breakdown,2025-08-11,2025-08-11 05:15:00+00:00,NSE_FO|44492|14-08-2025,2025-08-14,CE,24600.0,67.5,-1.9999999999999918,-2.0999999999999917,-2.999999999999992,0.09999999999999432,4.200000000000003,0.14814814814813973,5,-0.44150110375275053,-4.758418740849191,4.31691763709644,0.8995527253430369,0.19525753100190069,0.0021525383534905782,0.0,0.0,-0.44150110375275053,4.1161661231266855,-1.8382241765435015,1.396723072790751,-2.5989862326530666,3,645
research_oof,fold_3,compression_failed_breakdown,2025-08-11,2025-08-11 05:39:00+00:00,NSE_FO|44471|14-08-2025,2025-08-14,PE,24450.0,103.95,4.280904280904283,4.180904280904284,3.2809042809042834,14.849999999999994,1.4500000000000028,14.28571428571428,5,-1.2345679012345623,-5.627086313781582,4.39251841254702,0.8013325930038867,-0.5031437583474646,0.010084748336927797,0.0,0.0,-0.7913896802785647,3.3103591273525907,0.021617861993461496,-1.2561857632280238,-3.003906127969669,3,669
research_oof,fold_3,compression_failed_breakdown,2025-08-13,2025-08-13 06:00:00+00:00,NSE_FO|44472|14-08-2025,2025-08-14,CE,24500.0,136.8,0.0,-0.1,-1.0,2.1999999999999886,4.900000000000006,1.6081871345029155,5,-0.10952902519165697,-5.194805194805174,5.085276169613517,0.6711711711711712,-0.24727358937885247,0.006314413034875518,0.0,0.0,-0.21171489061395654,5.821107430194039,-1.51358518743816,1.404056162246503,-6.326206995648231,1,690
research_oof,fold_3,compression_failed_breakdown,2025-08-18,2025-08-18 05:42:00+00:00,NSE_FO|47232|21-08-2025,2025-08-21,PE,25000.0,126.9,-2.4428684003152155,-2.5428684003152155,-3.4428684003152155,0.5999999999999943,8.900000000000006,0.47281323877068104,5,-0.7815552950371285,-4.653846153846153,3.872290858809025,0.5825096014606812,-0.21844733633836189,-0.0035239776482924303,0.25,0.125,-0.7980608291189462,4.216505166830658,-0.9970725364164434,0.21551724137931494,-3.951149425287359,3,672
research_oof,fold_3,compression_failed_breakdown,2025-08-19,2025-08-19 04:31:00+00:00,NSE_FO|47232|21-08-2025,2025-08-21,PE,25000.0,129.75,1.9653179190751533,1.8653179190751532,0.9653179190751533,5.050000000000011,2.4000000000000057,3.892100192678236,5,-1.3657056145675361,-4.760105780128443,3.394400165560907,0.42431839548730804,-0.08624690665694151,0.0,0.125,0.125,-1.5660716492857385,3.2182736784140187,-0.17631860633332552,-1.1893870082342106,-6.816693281296926,2,601
research_oof,fold_3,compression_failed_breakdown,2025-08-19,2025-08-19 06:36:00+00:00,NSE_FO|47232|21-08-2025,2025-08-21,PE,25000.0,91.0,2.197802197802198,2.097802197802198,1.197802197802198,3.5,0.20000000000000284,3.8461538461538463,5,-1.5650296815974074,-4.9095607235142165,3.344531041916809,0.6427285457091418,0.0712142428485697,0.0,0.25,0.125,-1.813922928427597,2.848687817316298,-2.294472652419677,0.7294429708222694,-5.2606909262883805,2,726
research_oof,fold_3,compression_failed_breakdown,2025-08-20,2025-08-20 06:09:00+00:00,NSE_FO|47216|21-08-2025,2025-08-21,CE,24900.0,150.45,0.6314390162844913,0.5314390162844913,-0.3685609837155087,3.1500000000000057,5.449999999999989,2.093718843469595,5,-2.5616083009079027,-5.800316957210782,3.2387086563028795,0.40024847292680404,-0.5966871756942378,-0.015184317883915817,0.0,0.0,-2.9741379310344818,4.120740322533933,-5.146101342657405,2.5844930417495027,-5.390967080949882,1,699
research_oof,fold_3,compression_failed_breakdown,2025-08-20,2025-08-20 07:33:00+00:00,NSE_FO|47232|21-08-2025,2025-08-21,PE,25000.0,39.75,6.792452830188686,6.692452830188686,5.792452830188686,3.6000000000000014,1.5499999999999972,9.056603773584909,5,-1.1180124223602594,-4.648390941597147,3.5303785192368875,0.6652801464165384,-0.4160040885200894,0.0,0.125,0.125,-0.937078044828521,2.796125616505779,-1.8992624223602594,0.78125,-4.581696912242683,1,783
research_oof,fold_3,compression_failed_breakdown,2025-08-21,2025-08-21 05:23:00+00:00,NSE_FO|47221|21-08-2025,2025-08-21,CE,24950.0,183.2,-0.927947598253269,-1.027947598253269,-1.927947598253269,2.5,4.449999999999989,1.3646288209606987,5,-2.0495075858397604,-4.744525547445266,2.695017961605506,0.6767241379310345,-0.8303663266166428,0.0,0.0,0.0,-2.0495075858397604,2.695017961605506,-3.254326862948187,1.2048192771084265,-6.202588130298969,0,653
research_oof,fold_3,compression_failed_breakdown,2025-08-21,2025-08-21 06:22:00+00:00,NSE_FO|47212|21-08-2025,2025-08-21,CE,24850.0,265.9,-1.2974802557352347,-1.3974802557352348,-2.297480255735235,0.20000000000004547,11.649999999999977,0.07521624670930631,5,-2.547187099138737,-5.0307636626855,2.483576563546763,0.9814814814814815,-0.16266266266266272,0.0,0.0,0.0,-3.5898908673176355,3.599283082499116,-25.880520432472075,23.33333333333334,6.666666666666664,0,712
research_oof,fold_3,compression_failed_breakdown,2025-08-22,2025-08-22 04:15:00+00:00,NSE_FO|71991|28-08-2025,2025-08-28,PE,25150.0,215.8,4.008341056533817,3.9083410565338172,3.0083410565338173,10.149999999999977,8.5,4.703429101019452,5,-1.483340940209954,-5.326768128916748,3.843427188706794,0.73904576436222,0.18844184932681807,0.016710516959396998,0.125,0.0,-2.0569766368085665,3.9114802644620306,-3.7643628380201632,2.2810218978102093,-5.673523556735249,6,585
research_oof,fold_3,compression_failed_breakdown,2025-08-22,2025-08-22 07:18:00+00:00,NSE_FO|71973|28-08-2025,2025-08-28,PE,24950.0,114.1,0.5258545135845825,0.4258545135845825,-0.47414548641541754,3.3500000000000085,1.6499999999999915,2.936021034180551,5,-2.394185549380079,-5.0826446280991755,2.6884590787190965,0.3073598919648886,-0.03916272788656311,-0.00422864288534948,0.0,0.0,-1.62215327237763,2.067238509500252,-3.8092798890027146,1.4150943396226356,-2.709117208169709,6,768
research_oof,fold_3,compression_failed_breakdown,2025-08-25,2025-08-25 06:37:00+00:00,NSE_FO|71991|28-08-2025,2025-08-28,PE,25150.0,181.45,-0.3582254064480448,-0.45822540644804477,-1.3582254064480448,0.5,4.099999999999994,0.2755580049600441,5,-2.1058315334773092,-5.270092226613965,3.1642606931366557,1.1934156378600822,0.29218106995884763,0.0,0.25,0.125,-2.4216214105372282,3.531642869952756,-2.2673824220072025,0.1615508885298933,-7.750907023928022,3,727
research_oof,fold_3,compression_failed_breakdown,2025-08-25,2025-08-25 07:06:00+00:00,NSE_FO|71989|28-08-2025,2025-08-28,PE,25100.0,135.3,0.9977827050997741,0.8977827050997741,-0.00221729490022593,3.6999999999999886,4.100000000000023,2.7346637102734577,5,-1.0241404535478948,-5.8802692171448845,4.85612876359699,0.9657560600230858,0.2676010784732703,0.013775158796969465,0.125,0.125,-0.7770311342963465,5.3388678816354895,-1.4565728859803229,0.432432432432428,-5.594353281853293,3,756
research_oof,fold_3,compression_failed_breakdown,2025-08-26,2025-08-26 04:26:00+00:00,NSE_FO|71975|28-08-2025,2025-08-28,PE,25000.0,227.25,-0.9460946094609487,-1.0460946094609487,-1.9460946094609488,6.650000000000006,7.199999999999989,2.9262926292629285,5,-3.239556692242107,-5.388970434053264,2.149413741811157,0.9029551954242135,0.1992787248359782,0.0,0.25,0.0,-2.52128412656506,1.4411257995235627,-1.186770768488432,-2.052785923753675,-4.148594306987208,2,596
research_oof,fold_3,compression_failed_breakdown,2025-08-26,2025-08-26 06:01:00+00:00,NSE_FO|71989|28-08-2025,2025-08-28,PE,25100.0,277.0,2.0397111913357318,1.9397111913357317,1.0397111913357318,8.100000000000023,3.8999999999999773,2.924187725631777,5,-2.217919380390776,-4.575619979042966,2.3577005986521904,0.8905472636815921,-0.04975124378109452,0.0,0.0,0.0,-3.477800146065296,2.3521147057657235,-1.2375272235280343,-0.9803921568627416,-3.93605718149328,2,691
research_oof,fold_3,compression_failed_breakdown,2025-08-28,2025-08-28 07:53:00+00:00,NSE_FO|48945|02-09-2025,2025-09-02,CE,24800.0,40.25,1.6149068322981333,1.5149068322981332,0.6149068322981333,2.200000000000003,0.20000000000000284,5.465838509316778,5,-0.7352941176470562,-4.626334519572939,3.891040401925883,0.40840140023337224,-0.014577755841869267,0.0,0.0,0.0,-0.762910798122074,3.1597725446863456,-2.0342510158954275,1.2989568982483712,-2.60082083462696,5,803
research_oof,fold_3,compression_failed_breakdown,2025-08-28,2025-08-28 08:11:00+00:00,NSE_FO|48946|02-09-2025,2025-09-02,PE,24800.0,255.65,0.6649716409153206,0.5649716409153206,-0.33502835908467943,3.2499999999999716,4.300000000000011,1.2712693135145594,5,-2.111324376199619,-5.861423220973783,3.7500988447741634,0.6651982378854625,-0.3348017621145375,0.0,0.0,0.0,-2.3605150214592308,4.5360367026787145,-7.374482270936456,5.263157894736836,-7.2701754385965165,5,821
research_oof,fold_3,compression_failed_breakdown,2025-08-29,2025-08-29 08:23:00+00:00,NSE_FO|48940|02-09-2025,2025-09-02,PE,24700.0,195.95,7.04261291145701,6.942612911457011,6.04261291145701,18.75,0.04999999999998295,9.568767542740495,5,-1.4343231001509804,-5.929648241206031,4.495325141055051,1.1752246469833119,-0.7426351872291976,0.0,0.0,0.0,-1.4343231001509804,4.495325141055051,-2.913066168542844,1.4787430683918634,-6.669405079756285,4,833
research_oof,fold_3,compression_failed_breakdown,2025-09-01,2025-09-01 05:44:00+00:00,NSE_FO|48936|02-09-2025,2025-09-02,PE,24600.0,77.45,-0.5810200129115595,-0.6810200129115594,-1.5810200129115595,3.549999999999997,2.1500000000000057,4.583602324080048,5,-0.38585209003214604,-4.924242424242431,4.538390334210285,0.8844284808789351,0.0008069002271057224,0.0,0.0,0.0,-0.3598740440845738,3.1893374572755873,-2.3695160340228227,1.9836639439906767,-3.4472687596692975,1,674
research_oof,fold_3,compression_failed_breakdown,2025-09-01,2025-09-01 06:47:00+00:00,NSE_FO|48938|02-09-2025,2025-09-02,PE,24650.0,107.7,-3.528319405756729,-3.628319405756729,-4.528319405756729,1.2000000000000028,5.700000000000003,1.1142061281337075,5,-1.777575205104831,-4.563940352462725,2.7863651473578943,1.1684284707540522,-0.46981442330279544,0.0,0.0,0.0,-1.6032064128256307,2.019259522701111,-5.551160110765208,3.7735849056603765,-3.6416693316277504,1,737
research_oof,fold_3,compression_failed_breakdown,2025-12-01,2025-12-01 07:46:00+00:00,NSE_FO|46825|02-12-2025,2025-12-02,PE,26450.0,260.8,2.396472392638037,2.296472392638037,1.396472392638037,7.349999999999966,11.5,2.818251533742318,5,-3.5780154924382357,-5.690161527165937,2.1121460347277017,0.7509881422924901,-0.5296442687747035,0.0,0.0,0.0,-5.334249057616381,2.2453218423418853,-9.33341117589146,5.755395683453224,-5.274016081252664,1,796
research_oof,fold_3,compression_failed_breakdown,2025-12-01,2025-12-01 08:23:00+00:00,NSE_FO|46825|02-12-2025,2025-12-02,PE,26450.0,253.1,5.491900434610828,5.391900434610829,4.491900434610828,14.500000000000028,0.549999999999983,5.728960885025693,5,-0.3720383786959047,-5.711022272986854,5.3389838942909496,0.5846994535519126,-0.25683060109289624,-0.009341117597998333,0.125,0.0,-0.9313200416783629,5.333764415017017,0.9702435004987353,-1.34228187919464,-7.680310048208739,1,833
research_oof,fold_3,compression_failed_breakdown,2025-12-03,2025-12-03 04:22:00+00:00,NSE_FO|41881|09-12-2025,2025-12-09,CE,25950.0,153.0,-0.7189542483660094,-0.8189542483660094,-1.7189542483660094,4.300000000000011,1.4499999999999886,2.8104575163398766,5,-2.2676461194506614,-5.160256410256414,2.8926102908057527,0.7899756873012904,-0.46549466990835975,0.04894098778244257,0.0,0.0,-2.3866988468758343,2.8926102908057527,-4.72007740909125,2.4524312896405887,-1.8935779038403933,6,592
research_oof,fold_3,compression_failed_breakdown,2025-12-03,2025-12-03 04:43:00+00:00,NSE_FO|41904|09-12-2025,2025-12-09,PE,26000.0,153.4,4.269882659713157,4.169882659713157,3.269882659713157,8.599999999999994,2.5500000000000114,5.606258148631026,5,-1.978302488832162,-4.66257668711656,2.6842741982843976,0.5800202056219171,-0.11576632792535813,-0.01240625087780077,0.375,0.25,-1.6233536308734975,2.6667472735043383,-2.5041570024167403,0.5258545135845782,-3.097333892212517,6,613
research_oof,fold_3,compression_failed_breakdown,2025-12-05,2025-12-05 06:15:00+00:00,NSE_FO|41908|09-12-2025,2025-12-09,PE,26100.0,58.6,3.0716723549488005,2.9716723549488004,2.0716723549488005,5.999999999999993,2.1499999999999986,10.238907849829339,5,-2.4146544546211457,-4.867986798679869,2.4533323440587234,0.8223326236101254,-0.22503506634681303,0.0,0.125,0.0,-1.5546241696932805,3.257420420177526,-3.382786766037049,0.9681323114159035,-2.495600369920692,4,705
research_oof,fold_3,compression_failed_breakdown,2025-12-05,2025-12-05 08:21:00+00:00,NSE_FO|41903|09-12-2025,2025-12-09,CE,26000.0,236.55,-2.5998731769182015,-2.6998731769182016,-3.5998731769182015,2.3499999999999943,13.300000000000011,0.9934474741069517,5,-3.2739922242684627,-6.254964257347096,2.980972033078633,0.7754749568221071,-0.3929188255613125,0.0,0.0,0.0,-3.2739922242684627,2.980972033078633,-8.366584816861044,5.092592592592582,-4.545961624274898,4,831
research_oof,fold_3,compression_failed_breakdown,2025-12-08,2025-12-08 06:25:00+00:00,NSE_FO|41879|09-12-2025,2025-12-09,CE,25900.0,210.05,-2.332777910021426,-2.432777910021426,-3.332777910021426,2.1999999999999886,7.550000000000011,1.0473696738871643,5,-2.9905682079595097,-5.302515295717203,2.3119470877576935,0.922791846819024,0.24632125858372989,0.012133107324471407,0.0,0.0,-3.9735912625271155,2.631047025575217,-9.00908672647802,6.018518518518512,-5.46473506999825,1,715
research_oof,fold_3,compression_failed_breakdown,2025-12-08,2025-12-08 06:55:00+00:00,NSE_FO|41908|09-12-2025,2025-12-09,PE,26100.0,77.65,21.12041210560205,21.02041210560205,20.12041210560205,16.599999999999994,2.1000000000000085,21.37797810688988,5,-0.448717948717936,-5.363984674329503,4.915266725611566,0.8126148855649666,-0.19840128560938552,0.0,0.25,0.125,-0.11235955056179692,6.207042086380543,-1.1707396093677436,0.7220216606498076,-3.3283833798542384,1,745
research_oof,fold_3,compression_failed_breakdown,2025-12-10,2025-12-10 07:26:00+00:00,NSE_FO|48223|16-12-2025,2025-12-16,PE,25950.0,200.4,-0.7485029940119761,-0.848502994011976,-1.748502994011976,5.150000000000006,3.4000000000000057,2.5698602794411203,5,-1.3284132841328344,-5.276981852913087,3.9485685687802525,0.5558706749858197,-0.38706561310282295,0.0,0.25,0.25,-1.4048398108146065,4.45091969886473,-2.8189281892818996,1.4905149051490652,-4.084397986836996,6,776
research_oof,fold_3,compression_failed_breakdown,2025-12-12,2025-12-12 07:19:00+00:00,NSE_FO|48212|16-12-2025,2025-12-16,CE,25800.0,249.05,3.934952820718735,3.834952820718735,2.934952820718735,10.899999999999977,1.450000000000017,4.376631198554498,5,-0.32038446135361776,-4.661423364665252,4.3410389033116346,0.8639281129653402,0.13992297817715027,0.0,0.16666667,0.16666667,-0.1143280377151279,4.747220808897435,-0.8203844613536293,0.5000000000000115,-6.131299734747997,4,769
research_oof,fold_3,compression_failed_breakdown,2025-12-15,2025-12-15 08:00:00+00:00,NSE_FO|48218|16-12-2025,2025-12-16,CE,25850.0,190.05,3.314917127071814,3.2149171270718138,2.314917127071814,9.949999999999989,0.35000000000002274,5.235464351486445,5,-2.99692622950819,-5.761523046092187,2.7645968165839974,0.562363238512035,-0.2747952314333202,0.0,0.0,0.0,-2.66222961730449,2.462188926588749,-9.663592896174855,6.666666666666665,-5.3333333333333455,1,810
research_oof,fold_3,compression_failed_breakdown,2025-12-15,2025-12-15 08:22:00+00:00,NSE_FO|48212|16-12-2025,2025-12-16,CE,25800.0,234.4,-1.2585324232081985,-1.3585324232081986,-2.2585324232081985,11.299999999999983,4.0,4.820819112627979,5,-3.2756489493201424,-5.355282350489688,2.0796334011695454,1.9173047473200613,-0.23387635504214344,0.0,0.0,0.0,-3.2756489493201424,2.283135099869516,-10.153955827627026,6.8783068783068835,-1.4118485621076093,1,832
research_oof,fold_3,compression_failed_breakdown,2025-12-17,2025-12-17 05:23:00+00:00,NSE_FO|57005|23-12-2025,2025-12-23,CE,26000.0,65.65,-4.036557501904045,-4.136557501904044,-5.036557501904045,0.29999999999999716,6.900000000000006,0.4569687738004526,5,-1.5037593984962405,-4.654654654654644,3.1508952561584036,1.0559136955663728,-0.030380720677281925,0.0,0.0,0.0,-1.0805796104737475,2.76230531159079,-2.3499515338869847,0.8461921353907442,-2.3291985865144804,6,653
research_oof,fold_3,compression_failed_breakdown,2025-12-17,2025-12-17 06:55:00+00:00,NSE_FO|57003|23-12-2025,2025-12-23,CE,25950.0,70.9,-2.6798307475317427,-2.7798307475317428,-3.6798307475317427,0.19999999999998863,4.550000000000011,0.28208744710858763,5,-1.868512110726639,-5.502063273727654,3.6335511630010147,0.9241856442778899,-1.6188644401340406,0.0028079280395821027,0.16666667,0.0,-1.782521253272079,3.2538905482366265,-3.746446383027091,1.8779342723004522,-2.399843505477328,6,745
research_oof,fold_3,compression_failed_breakdown,2025-12-18,2025-12-18 06:32:00+00:00,NSE_FO|56994|23-12-2025,2025-12-23,CE,25850.0,138.3,-1.0484454085321888,-1.148445408532189,-2.0484454085321886,2.6999999999999886,8.050000000000011,1.952277657266803,5,-0.21652832912306685,-5.010660980810222,4.794132651687155,1.2094460384021188,0.6500572910068885,0.0,0.0,0.0,-0.4016844833171329,4.810129985311845,-0.08529473332252735,-0.1312335958005395,-4.5919526370788555,5,722
research_oof,fold_3,compression_failed_breakdown,2025-12-18,2025-12-18 07:42:00+00:00,NSE_FO|56994|23-12-2025,2025-12-23,CE,25850.0,133.2,1.3888888888889062,1.288888888888906,0.38888888888890616,5.25,2.8999999999999773,3.9414414414414423,5,-2.1651376146788914,-4.957767168564087,2.7926295538851953,1.1272878535773712,-1.095735254330197,0.0,0.0,0.0,-2.474814731775299,2.701849803184564,-3.1904281136535984,1.025290498974707,-2.917605490148345,5,792
research_oof,fold_3,compression_failed_breakdown,2025-12-19,2025-12-19 05:11:00+00:00,NSE_FO|57008|23-12-2025,2025-12-23,PE,26000.0,102.1,-5.386875612144956,-5.486875612144956,-6.386875612144956,0.10000000000000853,9.0,0.09794319294809846,5,-1.540683678382282,-4.932301740812384,3.3916180624301018,1.791538209248934,0.21790751065923253,0.0,0.25,0.125,-1.5629861004466894,3.8263439085851783,-2.619577811895424,1.078894133513142,-4.095837049282558,4,641
research_oof,fold_3,compression_failed_breakdown,2025-12-19,2025-12-19 08:15:00+00:00,NSE_FO|57002|23-12-2025,2025-12-23,PE,25900.0,49.1,0.10183299389001457,0.001832993890014567,-0.8981670061099855,1.2999999999999972,2.950000000000003,2.6476578411405236,5,-0.7092198581560294,-5.014749262536878,4.305529404380849,0.980753009738517,0.028522204126030792,0.0,0.5,0.125,0.20661157024793875,3.9854881720179476,-2.312838279208662,1.6036184210526327,-3.814273221114517,4,825
research_oof,fold_3,compression_failed_breakdown,2025-12-22,2025-12-22 04:41:00+00:00,NSE_FO|57003|23-12-2025,2025-12-23,CE,25950.0,193.9,1.2893243940175347,1.1893243940175346,0.28932439401753474,5.549999999999983,2.4000000000000057,2.8623001547189184,5,-1.5423514538558836,-4.801980198019795,3.259628744163911,0.6573033707865169,0.049247935533160425,0.0,0.0,0.0,-1.4780722786520817,2.1336753504428536,-2.5662422388388118,1.0238907849829282,-3.1719134108212588,1,611
research_oof,fold_3,compression_failed_breakdown,2025-12-22,2025-12-22 08:10:00+00:00,NSE_FO|57005|23-12-2025,2025-12-23,CE,26000.0,154.8,1.2919896640826873,1.1919896640826873,0.29198966408268734,3.4499999999999886,0.8000000000000114,2.228682170542628,5,-3.2258064516129115,-5.424456022065582,2.198649570452671,1.0404194887480882,0.0976801392290777,-0.005909156923970663,0.16666667,0.0,-1.843063383272242,1.793678592878356,-6.7856770017747365,3.5598705501618255,-4.132437142145884,1,820
research_oof,fold_4,compression_failed_breakdown,2025-12-23,2025-12-23 05:08:00+00:00,NSE_FO|57003|23-12-2025,2025-12-23,CE,25950.0,216.0,5.000000000000005,4.900000000000006,4.000000000000005,14.800000000000011,0.8000000000000114,6.851851851851857,5,-2.371273712737132,-5.6085125249390355,3.2372388122019036,0.6013071895424836,-0.5304368506080809,0.0,0.0,0.0,-1.9744593422415024,2.0460267367491847,-5.073976415439829,2.7027027027026973,-2.7027027027026973,0,638
research_oof,fold_4,compression_failed_breakdown,2025-12-23,2025-12-23 06:10:00+00:00,NSE_FO|56998|23-12-2025,2025-12-23,CE,25900.0,265.2,0.11312217194570565,0.01312217194570564,-0.8868778280542944,7.600000000000023,1.1999999999999886,2.8657616892911095,5,-2.344322344322336,-4.707964601769921,2.3636422574475846,1.6008771929824561,0.39035087719298245,0.0012909136337136671,0.0,0.0,-2.334485821459764,2.3942305954149923,5.655677655677671,-8.000000000000007,-4.0000000000000036,0,700
research_oof,fold_4,compression_failed_breakdown,2025-12-24,2025-12-24 04:37:00+00:00,NSE_FO|65640|30-12-2025,2025-12-30,CE,26250.0,91.7,4.852780806979283,4.752780806979283,3.8527808069792826,7.200000000000003,3.75,7.851690294438389,5,-1.0787486515641875,-5.517241379310345,4.438492727746158,0.532051282051282,-0.42629950987028,0.01734391632341371,0.0,0.0,-0.8207572147206688,3.411024820982556,-2.13296551903408,1.0542168674698926,-3.558048717933038,6,607
research_oof,fold_4,compression_failed_breakdown,2025-12-24,2025-12-24 05:19:00+00:00,NSE_FO|65621|30-12-2025,2025-12-30,CE,26050.0,219.4,-3.099361896080224,-3.199361896080224,-4.099361896080223,0.549999999999983,8.5,0.2506836827711864,5,-3.3965593295103624,-6.605624591236103,3.209065261725741,2.0462962962962963,-2.508159149248258,0.040136194799834914,0.0,0.0,-4.344963791968393,4.253348991938166,-8.173138682360904,4.776579352850541,-5.758011842118015,6,649
research_oof,fold_4,compression_failed_breakdown,2025-12-26,2025-12-26 05:02:00+00:00,NSE_FO|65647|30-12-2025,2025-12-30,PE,26250.0,167.85,1.4298480786416479,1.3298480786416478,0.42984807864164787,3.3000000000000114,2.3499999999999943,1.9660411081322677,5,-2.5974025974025983,-5.291762013729972,2.694359416327374,0.9095890410958904,-0.16068819939411605,0.0,0.125,0.0,-3.1306776125428923,2.7100332468122375,-4.6278594501944825,2.0304568527918843,-4.892620070285036,4,632
research_oof,fold_4,compression_failed_breakdown,2025-12-26,2025-12-26 05:59:00+00:00,NSE_FO|65622|30-12-2025,2025-12-30,PE,26050.0,53.85,2.878365831012065,2.778365831012065,1.878365831012065,3.1499999999999986,0.75,5.849582172701947,5,-2.0091324200913308,-5.004389815627741,2.9952573955364103,0.4153186670980265,0.011348325074587162,0.0,0.0,0.0,-1.0824757745709679,1.1550310818625342,-2.4142250126839127,0.4050925925925819,-1.9039660219722476,4,689
research_oof,fold_4,compression_failed_breakdown,2025-12-29,2025-12-29 08:20:00+00:00,NSE_FO|65639|30-12-2025,2025-12-30,PE,26200.0,252.55,-1.7620273213225168,-1.862027321322517,-2.762027321322517,0.19999999999998863,10.850000000000023,0.07919223916055776,5,-2.8620822128313517,-5.1039697542533125,2.241887541421961,0.640343347639485,-0.28497854077253215,-0.0012994286994511034,0.0,0.0,-2.628064723368123,2.05582689281954,-3.695415546164682,0.8333333333333304,0.8333333333333304,1,830
research_oof,fold_4,compression_failed_breakdown,2025-12-30,2025-12-30 07:11:00+00:00,NSE_FO|65628|30-12-2025,2025-12-30,PE,26100.0,197.6,0.5313765182186293,0.4313765182186293,-0.4686234817813707,5.800000000000011,3.0999999999999943,2.9352226720647834,5,-2.7286135693215363,-4.750421991801302,2.0218084224797654,0.7800480769230769,-0.778846153846154,0.012985109625981943,0.0,0.0,-2.097940779993496,1.0001200447840919,-2.7286135693215363,0.0,-3.571428571428581,0,761
research_oof,fold_4,compression_failed_breakdown,2025-12-30,2025-12-30 08:49:00+00:00,NSE_FO|65647|30-12-2025,2025-12-30,PE,26250.0,298.1,4.931231130493119,4.831231130493119,3.931231130493119,23.75,0.9000000000000341,7.967125125796712,5,-1.4154048716260692,-5.6480574600065285,4.232652588380459,1.087378640776699,0.347378640776699,0.0,0.0,0.0,-1.7720588714566,4.14447684706587,-21.415404871626066,19.999999999999996,19.999999999999996,0,859
research_oof,fold_4,compression_failed_breakdown,2025-12-31,2025-12-31 05:48:00+00:00,NSE_FO|40460|06-01-2026,2026-01-06,PE,25900.0,33.54,3.3094812164579586,3.2094812164579585,2.3094812164579586,1.4600000000000009,0.6899999999999977,4.353011329755518,5,-2.6415094339622747,-5.3679653679653665,2.726455934003092,1.1842962454997428,-0.09897075571153935,0.0,0.25,0.25,-2.6053396972182954,2.5036597976088593,-4.431902447062718,1.7903930131004442,-1.0929621638327225,6,678
research_oof,fold_4,compression_failed_breakdown,2025-12-31,2025-12-31 07:37:00+00:00,NSE_FO|40465|06-01-2026,2026-01-06,CE,26000.0,225.15,1.2214079502553852,1.121407950255385,0.22140795025538518,3.5,1.3000000000000114,1.5545192094159448,5,-1.1245865490628448,-5.112651646447142,3.988065097384297,0.5783683694586647,-0.18727995375757578,-0.007213396307428081,0.0,0.0,-0.6318333546515731,3.2917447228505763,-2.2208106659934224,1.0962241169305775,-2.352051745138395,6,787
research_oof,fold_4,compression_failed_breakdown,2026-01-01,2026-01-01 04:44:00+00:00,NSE_FO|40459|06-01-2026,2026-01-06,CE,25900.0,286.7,-5.650505755144747,-5.750505755144746,-6.650505755144747,0.0,19.69999999999999,0.0,5,-2.1854372584561688,-6.151810815280312,3.966373556824143,0.7168576104746317,0.06219312602291316,0.0,0.0,0.0,-2.734555653971066,3.8860905051201544,-5.935437258456178,3.750000000000009,-7.508278145695369,5,614
research_oof,fold_4,compression_failed_breakdown,2026-01-01,2026-01-01 05:11:00+00:00,NSE_FO|40459|06-01-2026,2026-01-06,CE,25900.0,291.95,4.26100359650625,4.161003596506251,3.2610035965062503,12.689999999999998,3.1999999999999886,4.3466346977222114,5,-1.7809139784946248,-6.036050934347614,4.255136955852989,1.026190476190476,0.19761904761904747,0.0,0.0,0.0,-2.040291033818198,4.183976446454668,-4.863105759316544,3.082191780821919,-9.900264359528975,5,641
research_oof,fold_4,compression_failed_breakdown,2026-01-05,2026-01-05 07:14:00+00:00,NSE_FO|40469|06-01-2026,2026-01-06,CE,26050.0,286.55,1.2737742104344711,1.173774210434471,0.27377421043447114,3.6499999999999773,5.550000000000011,1.2737742104344711,5,-0.96551724137931,-5.078151204132286,4.112633962752977,1.4915254237288136,-0.6539291217257319,-0.00233221041720653,0.0,0.0,-0.855457227138634,1.2542759407069615,-3.6440886699507513,2.6785714285714413,-5.503246753246739,1,764
research_oof,fold_4,compression_failed_breakdown,2026-01-05,2026-01-05 07:33:00+00:00,NSE_FO|40469|06-01-2026,2026-01-06,CE,26050.0,282.14,-2.530658538314307,-2.6306585383143073,-3.530658538314307,0.8100000000000023,8.589999999999975,0.28709151485078416,5,-0.8900101615333278,-4.935767410412451,4.045757248879124,2.0434782608695654,1.5278532608695654,0.0,0.0,0.0,-0.4858732876712235,1.7221478478473662,-0.8900101615333278,0.0,-8.571428571428585,1,783
research_oof,fold_4,compression_failed_breakdown,2026-01-06,2026-01-06 05:30:00+00:00,NSE_FO|40461|06-01-2026,2026-01-06,CE,25950.0,256.0,3.4375000000000044,3.3375000000000044,2.4375000000000044,8.800000000000011,8.050000000000011,3.4375000000000044,5,-2.44462297716056,-4.785341106988716,2.3407181298281565,1.0769230769230769,-0.07601809954751126,0.0,0.0,0.0,-2.4721398088659585,2.1289385210639775,2.8185349175762764,-5.263157894736836,-5.263157894736836,0,660
research_oof,fold_4,compression_failed_breakdown,2026-01-06,2026-01-06 07:37:00+00:00,NSE_FO|40461|06-01-2026,2026-01-06,CE,25950.0,236.85,0.485539370909861,0.385539370909861,-0.514460629090139,10.450000000000017,0.0,4.412075153050461,5,-1.0482180293501009,-4.726013444693422,3.6777954153433208,0.40476190476190477,-0.0714285714285714,0.0,0.0,0.0,-1.157113578196317,3.180577073288548,-1.0482180293501009,0.0,0.0,0,787
research_oof,fold_4,compression_failed_breakdown,2026-01-07,2026-01-07 05:08:00+00:00,NSE_FO|46181|13-01-2026,2026-01-13,CE,26100.0,136.8,3.654970760233918,3.554970760233918,2.654970760233918,9.389999999999986,1.1500000000000057,6.864035087719287,5,-1.4336917562724039,-7.006237006237015,5.572545249964611,0.44623380426030307,-0.620612633434843,0.0,0.0,0.0,-1.3313201612495384,5.258488359382102,-2.4397279735762223,1.0060362173038184,-6.7834374669067055,6,638
research_oof,fold_4,compression_failed_breakdown,2026-01-07,2026-01-07 06:25:00+00:00,NSE_FO|46179|13-01-2026,2026-01-13,CE,26050.0,167.4,-2.060931899641587,-2.160931899641587,-3.060931899641587,1.0,5.5,0.5973715651135005,5,-4.068767908309456,-6.151645207439193,2.082877299129737,1.1081081081081081,-0.36436436436436437,-0.020237134521075176,0.0,0.0,-4.823065249421838,2.0799155988329816,-13.38915625782402,9.320388349514563,-1.716079980619801,6,715
research_oof,fold_4,compression_failed_breakdown,2026-01-08,2026-01-08 05:45:00+00:00,NSE_FO|46193|13-01-2026,2026-01-13,CE,26200.0,35.54,-9.538548114800227,-9.638548114800226,-10.538548114800227,0.8100000000000023,3.6400000000000006,2.279122115925724,5,-1.1080332409972304,-4.742547425474253,3.634514184477023,2.0766533066132267,0.05636272545090204,0.0,0.0,0.0,-1.3355852929712864,3.2219463463955655,-3.1691019432873113,2.061068702290081,-2.623991162363737,5,675
research_oof,fold_4,compression_failed_breakdown,2026-01-08,2026-01-08 07:06:00+00:00,NSE_FO|46193|13-01-2026,2026-01-13,CE,26200.0,30.25,-0.8264462809917356,-0.9264462809917355,-1.8264462809917354,0.5,0.5500000000000007,1.6528925619834711,5,-0.6589785831960571,-5.128205128205121,4.469226545009064,0.8275513640956551,-0.23853206036927221,0.0,0.0,0.0,-0.6404345652298693,4.632002535461476,-1.2624744433616497,0.6034958601655926,-5.412826022544603,5,756
research_oof,fold_4,compression_failed_breakdown,2026-01-09,2026-01-09 06:00:00+00:00,NSE_FO|46180|13-01-2026,2026-01-13,PE,26050.0,225.95,15.242310245629564,15.142310245629565,14.242310245629564,34.44,6.299999999999983,15.242310245629564,5,-1.7452006980802848,-4.928691275167784,3.1834905770874995,0.8436363636363636,0.31267792428097774,0.0,0.2857143,0.14285715,-1.253918495297801,2.230374101208432,-5.4065279292015544,3.6613272311212697,-6.338672768878739,4,690
research_oof,fold_4,compression_failed_breakdown,2026-01-14,2026-01-14 07:37:00+00:00,NSE_FO|47616|20-01-2026,2026-01-20,PE,25750.0,115.0,-4.521739130434785,-4.621739130434785,-5.521739130434785,0.4000000000000057,10.0,0.34782608695652667,5,-0.17323516673884987,-4.865556978233032,4.692321811494182,0.558553838092743,-0.06968823683521097,0.0,0.16666667,0.16666667,-0.485650672036414,4.52829866160892,-0.2129177064213894,0.03968253968253954,-4.968395004743953,6,787
research_oof,fold_4,compression_failed_breakdown,2026-01-16,2026-01-16 05:29:00+00:00,NSE_FO|47611|20-01-2026,2026-01-20,CE,25650.0,255.65,-2.6990025425386293,-2.7990025425386293,-3.6990025425386293,13.299999999999983,7.050000000000011,5.20242519069039,5,-3.354178510517347,-5.5838312310983245,2.2296527205809773,1.3315472203616878,0.14152521009022778,0.0,0.0,0.0,-3.2618409294012607,2.2296527205809773,-6.5077054814717155,3.153526970954368,-4.350080532653133,4,659
research_oof,fold_4,compression_failed_breakdown,2026-01-16,2026-01-16 07:44:00+00:00,NSE_FO|47601|20-01-2026,2026-01-20,CE,25550.0,234.0,-0.5982905982906007,-0.6982905982906007,-1.5982905982906006,3.0999999999999943,10.949999999999989,1.3247863247863223,5,-2.409891031014255,-7.144323547526177,4.734432516511922,1.2610441767068272,0.28196467879887743,0.03411710465652374,0.0,0.0,-3.311201742653025,5.034008646705152,-5.044517550991112,2.634626519976857,-10.166578299300255,4,794
research_oof,fold_4,compression_failed_breakdown,2026-01-19,2026-01-19 06:24:00+00:00,NSE_FO|47614|20-01-2026,2026-01-20,PE,25700.0,175.75,7.197724039829306,7.097724039829306,6.197724039829306,20.80000000000001,0.0,11.834992887624473,5,-1.8115942028985477,-4.917142080956271,3.1055478780577235,0.7858276044420941,-1.716199541688701,0.0,0.0,0.0,-1.8115942028985477,3.552523477672187,-3.1708175038694164,1.3592233009708687,-5.783633841886271,1,714
research_oof,fold_4,compression_failed_breakdown,2026-01-20,2026-01-20 07:29:00+00:00,NSE_FO|47614|20-01-2026,2026-01-20,PE,25700.0,261.35,2.406734264396389,2.306734264396389,1.406734264396389,10.099999999999966,1.4600000000000364,3.864549454754148,5,-2.842809364548504,-5.895236356999445,3.0524269924509406,2.4071005917159765,0.7088414040950868,-0.011044232149759787,0.25,0.125,-3.0545705114199793,3.3271441329610463,8.074221203137089,-10.917030567685593,-1.8261214767764997,0,779
research_oof,fold_4,compression_failed_breakdown,2026-01-21,2026-01-21 04:42:00+00:00,NSE_FO|58663|27-01-2026,2026-01-27,CE,25050.0,246.6,0.9732360097323624,0.8732360097323624,-0.02676399026763765,15.250000000000028,9.599999999999994,6.18410381184105,5,-1.400280056011205,-5.502063273727654,4.101783217716449,1.030716723549488,-0.11747464167804988,0.0,0.0,0.0,-1.4395170652426237,4.101783217716449,-1.8464596432950842,0.4461795872838792,-5.6368221182306,6,612
research_oof,fold_4,compression_failed_breakdown,2026-01-28,2026-01-28 05:24:00+00:00,NSE_FO|49800|03-02-2026,2026-02-03,PE,25350.0,240.15,-1.1451176348115761,-1.2451176348115762,-2.145117634811576,5.449999999999989,11.349999999999994,2.26941494899021,5,-2.7660004037956765,-4.862745098039223,2.096744694243547,0.6360045146726863,0.11980522254091386,0.0,0.0,0.0,-3.1025068255150168,2.0625969140788625,-6.196205263252564,3.430204859456887,-2.5535429859013803,6,654
research_oof,fold_4,compression_failed_breakdown,2026-01-28,2026-01-28 08:43:00+00:00,NSE_FO|49789|03-02-2026,2026-02-03,CE,25150.0,261.75,-0.7640878701050621,-0.864087870105062,-1.7640878701050622,4.649999999999977,6.199999999999989,1.776504297994261,5,-2.6119402985074647,-4.66654418519199,2.054603886684525,0.990521327014218,-0.629598793105902,0.0,0.0,0.0,-2.8838451268357823,2.054603886684525,-5.858886977089539,3.2469466785820744,-2.416287724809796,6,853
research_oof,fold_4,compression_failed_breakdown,2026-01-29,2026-01-29 04:16:00+00:00,NSE_FO|49789|03-02-2026,2026-02-03,CE,25150.0,259.3,0.17354415734669829,0.07354415734669828,-0.8264558426533017,5.699999999999989,4.950000000000017,2.1982259930582293,5,-0.17301038062285112,-4.651162790697672,4.478152410074821,2.2510322047894302,0.847233691164327,0.08618174239266362,0.8,0.8,0.743494423791824,5.360304923752701,-1.5041792117916897,1.3311688311688386,-7.272070035227918,5,586
research_oof,fold_4,compression_failed_breakdown,2026-01-29,2026-01-29 05:46:00+00:00,NSE_FO|49794|03-02-2026,2026-02-03,PE,25250.0,182.8,-3.282275711159737,-3.3822757111597372,-4.282275711159738,0.14999999999997726,9.600000000000023,0.082056892778981,5,-1.8817204301075252,-4.775574112734871,2.8938536826273458,0.5452686584119051,-0.7242985345904804,0.03610953151655658,0.0,0.0,-1.7976843388177843,2.8938536826273458,-2.3439344351918745,0.4622140050843493,-2.5366053573713687,5,676
research_oof,fold_4,compression_failed_breakdown,2026-01-30,2026-01-30 05:24:00+00:00,NSE_FO|49793|03-02-2026,2026-02-03,CE,25250.0,228.3,1.335961454226887,1.2359614542268869,0.33596145422688695,6.699999999999989,0.700000000000017,2.934734997809894,5,-0.15307238136890167,-5.401429171920968,5.248356790552067,0.6241110734845919,-0.3991837145160785,0.0,0.2,0.2,-0.15307238136890167,5.271558832436851,0.22860700794408162,-0.3816793893129833,-6.119635817665248,4,654
research_oof,fold_4,compression_failed_breakdown,2026-01-30,2026-01-30 06:42:00+00:00,NSE_FO|49792|03-02-2026,2026-02-03,PE,25200.0,163.1,-2.9429797670140916,-3.0429797670140917,-3.9429797670140916,0.700000000000017,12.0,0.4291845493562337,5,-2.158920539730136,-4.888103651354536,2.7291831116244,0.5860698237124092,-0.17278955481441338,0.0,0.0,0.0,-2.1872863978127266,2.3294701079511255,-3.547809428619042,1.3888888888889062,-1.0714947641552897,4,732
research_oof,fold_4,compression_failed_breakdown,2026-02-04,2026-02-04 06:18:00+00:00,NSE_FO|42536|10-02-2026,2026-02-10,CE,25800.0,130.4,-1.9171779141104295,-2.0171779141104293,-2.9171779141104297,1.549999999999983,7.700000000000003,1.188650306748453,5,-1.2121212121212088,-5.365126676602083,4.153005464480874,0.9676091431047558,-0.5090187401367221,0.0,0.0,0.0,-0.6924543064986799,3.5727661272063287,-0.8107162949109625,-0.4014049172102463,-4.293544321941855,6,708
research_oof,fold_4,compression_failed_breakdown,2026-02-04,2026-02-04 06:53:00+00:00,NSE_FO|42530|10-02-2026,2026-02-10,CE,25700.0,185.65,6.867761917586856,6.767761917586856,5.867761917586856,14.150000000000006,5.050000000000011,7.621869108537574,5,-2.4633123689727587,-5.054432348367033,2.5911199793942745,0.5347329986307622,-0.42804961006488995,0.0,0.0,0.0,-2.463183278082437,2.315233033873393,-4.822520892564841,2.3592085235920823,-2.6676525662006956,6,743
research_oof,fold_4,compression_failed_breakdown,2026-02-05,2026-02-05 04:38:00+00:00,NSE_FO|42537|10-02-2026,2026-02-10,PE,25800.0,234.15,-8.306641042067058,-8.406641042067058,-9.306641042067058,1.799999999999983,22.05000000000001,0.7687379884689228,5,-1.532647491077055,-4.998962870773704,3.4663153796966495,1.1591092031124228,0.7601287899114568,0.0,0.125,0.0,-1.5611009240795448,3.7503558890353395,-2.496366311938736,0.9637188208616809,-4.429281752861769,5,608
research_oof,fold_4,compression_failed_breakdown,2026-02-05,2026-02-05 05:19:00+00:00,NSE_FO|42530|10-02-2026,2026-02-10,CE,25700.0,120.8,-1.1589403973509862,-1.2589403973509863,-2.158940397350986,3.5,2.6499999999999915,2.8973509933774837,5,-1.0620915032679812,-4.581673306772904,3.519581803504923,0.6910752284391037,0.0997149757885285,0.0021141899454574526,0.0,0.0,-1.1374876360039532,2.9018568030493186,-2.814859030943262,1.7527675276752808,-4.309772357455532,5,649
research_oof,fold_4,compression_failed_breakdown,2026-02-06,2026-02-06 06:45:00+00:00,NSE_FO|42535|10-02-2026,2026-02-10,PE,25750.0,194.3,3.448275862068959,3.348275862068959,2.448275862068959,8.25,3.9000000000000057,4.2460113226968605,5,-0.9436368273399776,-5.483952489259536,4.540315661919559,0.7713484578128983,0.1106296201886311,0.0,0.125,0.125,-1.1053165595290793,4.32643633411039,-0.47634710771381483,-0.4672897196261627,-7.17806476688515,4,735
research_oof,fold_4,compression_failed_breakdown,2026-02-06,2026-02-06 07:38:00+00:00,NSE_FO|42537|10-02-2026,2026-02-10,PE,25800.0,269.7,-1.520207638116413,-1.620207638116413,-2.520207638116413,3.8000000000000114,11.0,1.4089729328883989,5,-2.3537932283179464,-5.512797565777705,3.1590043374597583,0.9235643564356436,-0.09521851358689581,0.012825488348025355,0.125,0.0,-2.9391910127886,3.3561941988840327,-4.994057254720596,2.64026402640265,-3.9932351444099456,4,788
research_oof,fold_4,compression_failed_breakdown,2026-02-09,2026-02-09 07:56:00+00:00,NSE_FO|42528|10-02-2026,2026-02-10,CE,25650.0,217.95,-1.4911676990135352,-1.5911676990135353,-2.491167699013535,4.950000000000017,6.799999999999983,2.271163110805239,5,-2.112834344796577,-5.217775812513825,3.1049414677172478,0.7870967741935484,-1.2838709677419353,-0.005191066131565172,0.0,0.0,-2.112834344796577,3.1049414677172478,-1.5541751269194992,-0.5586592178770777,-6.558659217877083,1,806
research_oof,fold_4,compression_failed_breakdown,2026-02-09,2026-02-09 08:46:00+00:00,NSE_FO|42532|10-02-2026,2026-02-10,CE,25750.0,139.0,1.5467625899280615,1.4467625899280614,0.5467625899280615,2.9499999999999886,5.400000000000006,2.122302158273373,5,-1.8008474576271083,-4.883227176220806,3.0823797185936974,0.8743220207655354,0.14411901441190145,0.0,0.0,0.0,-1.0924981791696986,2.2994035519652956,-2.4460087479496795,0.6451612903225712,-3.8134374357920775,1,856
research_oof,fold_4,compression_failed_breakdown,2026-02-10,2026-02-10 04:42:00+00:00,NSE_FO|42530|10-02-2026,2026-02-10,CE,25700.0,255.7,1.681658193195155,1.581658193195155,0.6816581931951551,7.300000000000011,10.0,2.8549080954243298,5,-1.6317911307352606,-5.190114068441066,3.558322937705805,1.1853281853281854,0.578009395743386,0.0,0.0,0.0,-1.6781034622250057,3.160543315585268,-1.6317911307352606,0.0,1.0638297872340385,0,612
research_oof,fold_4,compression_failed_breakdown,2026-02-10,2026-02-10 05:15:00+00:00,NSE_FO|42530|10-02-2026,2026-02-10,CE,25700.0,260.0,0.3076923076923121,0.2076923076923121,-0.6923076923076878,5.75,5.900000000000006,2.2115384615384617,5,-0.7636502481863316,-4.629629629629628,3.8659793814432963,1.431578947368421,0.7241033243998404,0.0,0.0,0.0,-0.6811525160735188,3.507776720479577,17.52903267864293,-18.29268292682926,-3.2926829268292597,0,645
research_oof,fold_4,compression_failed_breakdown,2026-02-11,2026-02-11 09:06:00+00:00,NSE_FO|48237|17-02-2026,2026-02-17,PE,26000.0,127.6,3.918495297805643,3.818495297805643,2.918495297805643,5.200000000000017,1.5999999999999943,4.075235109717882,5,-2.4866105585309772,-6.656804733727806,4.170194175196828,0.6160975609756097,-0.14509174789676094,0.0,0.0,0.0,-2.306956303161517,3.602501886663967,-5.231121536574889,2.7445109780439125,-4.571305611343002,6,876
research_oof,fold_4,compression_failed_breakdown,2026-02-12,2026-02-12 04:31:00+00:00,NSE_FO|48235|17-02-2026,2026-02-17,PE,25950.0,143.3,-1.0118632240055945,-1.1118632240055946,-2.0118632240055945,3.6999999999999886,7.5,2.5819958129797547,5,-0.24347826086955626,-5.333333333333334,5.089855072463777,1.1477253928866833,0.04795254647745728,0.012421383647798743,0.125,0.125,-0.15554638643791585,4.162422996217613,0.46826551137243433,-0.7117437722419906,-3.3946706015102857,5,601
research_oof,fold_4,compression_failed_breakdown,2026-02-12,2026-02-12 04:56:00+00:00,NSE_FO|48236|17-02-2026,2026-02-17,CE,26000.0,65.3,-1.3782542113322993,-1.4782542113322994,-2.3782542113322993,1.1000000000000085,2.0999999999999943,1.6845329249617285,5,-1.6566265060241059,-5.493689680772085,3.837063174747979,0.998790420127409,-0.2884010408465737,0.0,0.0,0.0,-1.6949152542372947,3.5149106888328063,-4.162039435192055,2.5054129291679494,-3.0431764125248284,5,626
research_oof,fold_4,compression_failed_breakdown,2026-02-17,2026-02-17 04:45:00+00:00,NSE_FO|48235|17-02-2026,2026-02-17,PE,25950.0,290.0,-10.637931034482767,-10.737931034482767,-11.637931034482767,2.1000000000000227,31.600000000000023,0.7241379310344906,5,-1.2280402524304845,-4.613807245386193,3.385766992955708,0.8878923766816144,-0.19982692156399973,0.0,0.25,0.25,-0.38772992105451376,3.267422102311929,2.050648272159672,-3.2786885245901565,-4.86599011189176,0,615
research_oof,fold_4,compression_failed_breakdown,2026-02-18,2026-02-18 05:21:00+00:00,NSE_FO|64867|24-02-2026,2026-02-24,PE,25850.0,228.9,-4.477937964176496,-4.5779379641764955,-5.477937964176496,0.0,13.849999999999994,0.0,5,-1.5896885069817346,-4.928259513412348,3.3385710064306133,0.6727549467275494,-0.2861491628614916,0.0,0.375,0.0,-1.73210993706997,4.024551373340879,-1.7981666167801835,0.20847810979844894,-3.670832235029131,6,651
research_oof,fold_4,compression_failed_breakdown,2026-02-18,2026-02-18 07:20:00+00:00,NSE_FO|64862|24-02-2026,2026-02-24,CE,25750.0,121.75,1.314168377823404,1.2141683778234038,0.3141683778234039,6.25,1.9000000000000057,5.133470225872689,5,-2.444889779559112,-5.877712031558191,3.4328222519990796,0.8037647058823529,-0.48631932773109243,0.0,0.0,0.0,-2.444889779559112,2.938537517868456,-4.674670580768481,2.229780801209369,-3.2066663657125183,6,770
research_oof,fold_4,compression_failed_breakdown,2026-02-19,2026-02-19 07:04:00+00:00,NSE_FO|64858|24-02-2026,2026-02-24,CE,25650.0,133.15,-7.472775065715361,-7.57277506571536,-8.47277506571536,1.25,10.75,0.938790837401427,5,-1.5179563124768647,-4.673913043478251,3.1559567310013863,0.9080955890093694,0.3335444570811883,0.0,0.0,0.0,-1.743406347787202,3.0517898281056333,-3.573212377166879,2.055256064690014,-5.200589877538309,5,754
research_oof,fold_4,compression_failed_breakdown,2026-02-19,2026-02-19 07:47:00+00:00,NSE_FO|64858|24-02-2026,2026-02-24,CE,25650.0,129.2,3.7538699690402653,3.653869969040265,2.7538699690402653,6.550000000000011,1.549999999999983,5.0696594427244674,5,-2.0075757575757636,-4.979408461250467,2.971832703674704,0.8777539972302656,-0.2883041671912375,0.0,0.0,0.0,-1.4614952220348476,2.413966176504412,-8.251414075025643,6.243838317449879,-6.115328633728011,5,797
research_oof,fold_4,compression_failed_breakdown,2026-02-20,2026-02-20 05:50:00+00:00,NSE_FO|64867|24-02-2026,2026-02-24,PE,25850.0,293.4,3.0674846625766876,2.9674846625766875,2.0674846625766876,17.450000000000045,3.9499999999999886,5.947511929107037,5,-0.2873077573094518,-4.589253633839608,4.301945876530156,1.2391304347826086,0.07045573598742783,0.0,0.125,0.125,-0.2881245905013208,4.740846523752301,1.3664959913123775,-1.6538037486218293,-8.594980219210079,4,680
research_oof,fold_1,near_expiry_absorption,2025-05-20,2025-05-20 07:53:00+00:00,NSE_FO|49258|22-05-2025,2025-05-22,CE,25100.0,38.0,-0.13157894736841358,-0.23157894736841358,-1.1315789473684137,0.6000000000000014,1.1000000000000014,1.5789473684210564,5,-0.3931847968545177,-9.7799511002445,9.386766303389981,4.652085314495313,3.3211212985024208,0.0,0.42857143,0.42857143,0.0,9.386766303389981,3.15566577785813,-3.5488505747126475,-4.505073494180756,2,803
research_oof,fold_1,near_expiry_absorption,2025-05-21,2025-05-21 09:06:00+00:00,NSE_FO|49255|22-05-2025,2025-05-22,CE,25050.0,45.35,-10.694597574421172,-10.794597574421172,-11.694597574421172,1.1000000000000014,4.899999999999999,2.425578831312021,5,-0.1094091903720007,-11.156186612576068,11.046777422204068,1.5069373072970196,0.4993697397294521,0.0,0.2857143,0.2857143,0.0,9.670658286720357,2.2396991772548946,-2.3491083676268953,-3.4431616586097613,1,876
research_oof,fold_2,near_expiry_absorption,2025-05-28,2025-05-28 08:43:00+00:00,NSE_FO|61688|29-05-2025,2025-05-29,PE,24600.0,33.5,-6.567164179104476,-6.667164179104476,-7.567164179104476,1.25,2.3999999999999986,3.731343283582089,5,-0.4444444444444362,-10.080645161290324,9.636200716845888,1.8694198051475934,0.8425185400610731,-0.0013168476075593083,0.375,0.375,0.0,8.352747336696194,-0.1802168021680095,-0.2642276422764267,-5.2589810525597525,1,853
research_oof,fold_2,near_expiry_absorption,2025-05-29,2025-05-29 07:36:00+00:00,NSE_FO|61693|29-05-2025,2025-05-29,CE,24750.0,32.0,-8.750000000000002,-8.850000000000001,-9.750000000000002,7.75,4.199999999999999,24.21875,5,-0.9090909090909038,-16.46173149309913,15.552640584008227,1.6982939156172339,0.71289755116857,0.0,0.0,0.0,-1.8827181321276698,7.785473739308624,-8.358585858585844,7.449494949494939,-9.32993671491642,0,786
research_oof,fold_2,near_expiry_absorption,2025-06-03,2025-06-03 06:05:00+00:00,NSE_FO|40476|05-06-2025,2025-06-05,PE,24700.0,218.45,13.481345845731296,13.381345845731296,12.481345845731296,34.20000000000002,2.0999999999999943,15.655756466010537,5,-0.5012531328320802,-9.941897998708837,9.440644865876758,1.534958694338102,-1.1803344751158573,0.0,0.0,-0.125,-0.5128801384905568,8.25835498487279,-2.734107997265911,2.232854864433831,-10.431757071682734,2,695
research_oof,fold_2,near_expiry_absorption,2025-06-03,2025-06-03 07:53:00+00:00,NSE_FO|40479|05-06-2025,2025-06-05,PE,24750.0,292.9,-3.8921133492659536,-3.9921133492659537,-4.892113349265953,3.650000000000034,17.549999999999955,1.2461590986684992,5,-1.2223710649698738,-10.598641604801774,9.3762705398319,2.145966709346991,1.192841709346991,0.0,0.0,0.0,-0.9583132210229162,8.26701628701263,8.903679355198191,-10.126050420168065,-11.37551185920297,2,803
research_oof,fold_2,near_expiry_absorption,2025-06-04,2025-06-04 07:22:00+00:00,NSE_FO|40481|05-06-2025,2025-06-05,CE,24800.0,30.1,-2.657807308970102,-2.757807308970102,-3.657807308970102,0.04999999999999716,2.1000000000000014,0.16611295681062177,5,-0.49586776859503745,-9.320695102685628,8.82482733409059,2.124343554125021,0.5885143147552092,0.0,0.16666667,0.16666667,-0.23591665747988433,8.754929677729812,-0.17469318726904826,-0.3211745813259892,-2.7021269622783617,1,772
research_oof,fold_2,near_expiry_absorption,2025-06-05,2025-06-05 09:00:00+00:00,NSE_FO|40486|05-06-2025,2025-06-05,PE,24850.0,141.2,-10.729461756373933,-10.829461756373933,-11.729461756373933,10.400000000000006,34.89999999999999,7.365439093484424,5,-1.3536966331135103,-13.134328358208958,11.780631725095446,1.8961874138723014,-0.033281185161515126,0.0,0.125,0.125,-1.8883576552745696,12.877090603906172,16.246303366886483,-17.599999999999994,-73.91067961165048,0,870
research_oof,fold_2,near_expiry_absorption,2025-07-03,2025-07-03 05:57:00+00:00,NSE_FO|56960|03-07-2025,2025-07-03,PE,25600.0,62.65,28.411811652035123,28.31181165203512,27.411811652035123,24.15,0.25,38.547486033519554,5,-0.9463722397476393,-9.785932721712543,8.839560481964904,1.5176085701456155,0.3784847659032753,0.0,0.375,0.0,-0.47318611987381964,5.0503930869146565,-24.587676587573736,23.641304347826097,-36.10310459786079,0,687
research_oof,fold_2,near_expiry_absorption,2025-07-09,2025-07-09 09:05:00+00:00,NSE_FO|40047|10-07-2025,2025-07-10,CE,25450.0,92.8,3.5021551724137936,3.4021551724137935,2.5021551724137936,8.5,1.7999999999999972,9.15948275862069,5,-0.6420545746388506,-13.392857142857139,12.750802568218289,2.429965589214193,-0.19566567771107968,0.0,0.0,0.0,-0.6420545746388451,10.845968204299428,-9.210602961735626,8.568548387096776,-33.21385902031062,1,875
research_oof,fold_2,near_expiry_absorption,2025-07-10,2025-07-10 07:03:00+00:00,NSE_FO|40048|10-07-2025,2025-07-10,PE,25450.0,70.05,-14.346895074946463,-14.446895074946463,-15.346895074946463,0.9500000000000028,12.049999999999997,1.3561741613133516,5,-1.5427769985974726,-9.020979020979025,7.478202022381552,1.98879911861917,1.1675006599549944,0.006759477963666445,0.0,0.0,-1.447948953248973,7.96857694154564,-8.347510726408148,6.8047337278106745,-22.189349112426026,0,753
research_oof,fold_2,near_expiry_absorption,2025-07-15,2025-07-15 05:26:00+00:00,NSE_FO|47288|17-07-2025,2025-07-17,PE,25200.0,84.8,-11.261792452830186,-11.361792452830185,-12.261792452830186,0.20000000000000284,9.799999999999997,0.23584905660377695,5,-0.4117647058823448,-9.164420485175206,8.752655779292862,1.9424253328535444,0.18748648054874661,0.0,0.375,0.125,-0.2058823529411724,7.0389694339274165,-1.936154949784774,1.5243902439024293,-14.556690837178655,2,656
research_oof,fold_2,near_expiry_absorption,2025-07-23,2025-07-23 04:19:00+00:00,NSE_FO|49492|24-07-2025,2025-07-24,CE,25100.0,66.35,4.370761115297673,4.270761115297673,3.3707611152976726,7.0,4.099999999999994,10.550113036925396,5,-0.30030030030028243,-9.453471196454954,9.153170896154672,1.7291019349861787,0.6501810701352133,0.0,0.0,0.0,-0.30030030030028243,9.153170896154672,-2.2233772233771987,1.9230769230769162,-15.745084511900643,1,589
research_oof,fold_2,near_expiry_absorption,2025-07-24,2025-07-24 04:18:00+00:00,NSE_FO|49520|24-07-2025,2025-07-24,PE,25200.0,34.2,22.076023391812853,21.976023391812852,21.076023391812853,11.799999999999997,0.05000000000000426,34.50292397660817,5,-1.1527377521614035,-15.014164305949008,13.861426553787604,1.7610137593576178,1.0997114298858266,0.0,0.25,0.125,-2.032679555692357,9.073979637555658,5.926908265537712,-7.079646017699115,-18.812498003258693,0,588
research_oof,fold_3,near_expiry_absorption,2025-07-31,2025-07-31 07:09:00+00:00,NSE_FO|55804|31-07-2025,2025-07-31,PE,25100.0,240.0,4.458333333333329,4.358333333333329,3.4583333333333286,24.399999999999977,1.0,10.166666666666657,5,-1.1553538271095398,-9.809634809634804,8.654280982525265,1.7414965986394557,0.6414965986394556,0.0,0.375,0.0,-1.3387708248034869,10.730340813403838,4.107804067627296,-5.263157894736836,-72.70501835985313,0,759
research_oof,fold_3,near_expiry_absorption,2025-07-31,2025-07-31 07:32:00+00:00,NSE_FO|55804|31-07-2025,2025-07-31,PE,25100.0,194.7,-0.17976373908577006,-0.27976373908577007,-1.17976373908577,16.30000000000001,4.299999999999983,8.371854134566005,5,-1.1427120365667842,-10.565610859728503,9.422898823161718,2.4009962640099625,-0.7124057978457077,0.0,0.0,-0.125,-2.8710062513638777,10.47524665184466,13.639896659085382,-14.782608695652167,-47.659321024419285,0,782
research_oof,fold_3,near_expiry_absorption,2025-08-12,2025-08-12 05:05:00+00:00,NSE_FO|44492|14-08-2025,2025-08-14,CE,24600.0,106.85,-2.901263453439396,-3.001263453439396,-3.901263453439396,4.150000000000006,9.299999999999997,3.8839494618624295,5,-1.292108906322098,-15.350488021295472,14.058379114973373,1.6425011822050852,0.3130479065876104,0.08529320001782822,0.0,0.0,-1.151079136690647,13.020785035173532,-1.7060651452339926,0.4139562389118945,-27.634824248892965,2,635
research_oof,fold_3,near_expiry_absorption,2025-08-14,2025-08-14 06:17:00+00:00,NSE_FO|44490|14-08-2025,2025-08-14,CE,24550.0,79.3,0.693568726355608,0.593568726355608,-0.30643127364439204,3.049999999999997,5.299999999999997,3.8461538461538427,5,-0.6870705808869393,-9.949972206781544,9.262901625894605,1.595120991540429,0.09639976391894556,0.0,0.0,0.0,-0.6119951040391647,9.262901625894605,0.721380123338411,-1.4084507042253502,-29.66123880831457,0,707
research_oof,fold_3,near_expiry_absorption,2025-09-02,2025-09-02 07:55:00+00:00,NSE_FO|48935|02-09-2025,2025-09-02,CE,24600.0,111.75,-2.863534675615215,-2.963534675615215,-3.863534675615215,5.450000000000003,13.150000000000006,4.876957494407161,5,-0.972590627763037,-15.953947368421051,14.981356740658015,3.259564225994426,-0.06005322960309867,0.0773962741590681,0.0,0.0,-6.849315068493156,21.545746659901912,9.896974589628272,-10.869565217391308,-40.86956521739131,0,805
research_oof,fold_3,near_expiry_absorption,2025-12-01,2025-12-01 08:36:00+00:00,NSE_FO|46812|02-12-2025,2025-12-02,PE,26300.0,114.7,3.1822144725370456,3.0822144725370455,2.1822144725370456,7.5,3.700000000000003,6.538796861377507,5,-1.162290142057687,-18.09954751131222,16.93725736925453,2.572191132156694,-0.3173482565647867,0.0,0.125,-0.125,-0.6013957387558,11.573368778369662,-1.162290142057687,0.0,-30.319148936170226,1,846
research_oof,fold_3,near_expiry_absorption,2025-12-08,2025-12-08 07:02:00+00:00,NSE_FO|41881|09-12-2025,2025-12-09,CE,25950.0,139.25,-0.8976660682226212,-0.9976660682226212,-1.8976660682226212,0.6999999999999886,5.050000000000011,0.5026929982046597,5,-1.3780918727915092,-9.800065552277948,8.421973679486438,2.1333333333333333,-1.9274200081004458,0.0,0.0,0.0,-1.8120905469540483,8.650130928695038,-14.287927938365298,12.909836065573788,-19.503957037874482,1,752
research_oof,fold_4,near_expiry_absorption,2025-12-29,2025-12-29 08:58:00+00:00,NSE_FO|65634|30-12-2025,2025-12-30,PE,26150.0,196.3,-2.954661232806934,-3.054661232806934,-3.954661232806934,3.0,6.0,1.5282730514518592,5,-1.0606060606060619,-12.079439252336444,11.018833191730382,2.288811459543167,1.363910273772416,0.0,0.0,0.0,-0.6926996472039815,8.821861535375653,-2.449494949494946,1.388888888888884,-21.09173126614987,1,868
research_oof,fold_4,near_expiry_absorption,2026-01-13,2026-01-13 05:24:00+00:00,NSE_FO|46180|13-01-2026,2026-01-13,PE,26050.0,272.8,-1.6862170087976622,-1.7862170087976623,-2.6862170087976622,13.449999999999989,16.950000000000017,4.930351906158354,5,-0.8331823944937589,-14.47799827437446,13.644815879880701,1.9576923076923076,1.1923076923076923,0.0,0.375,0.25,0.0,9.234201257523821,1.2076339320368668,-2.0408163265306256,-24.263038548752856,0,654
research_oof,fold_4,near_expiry_absorption,2026-01-27,2026-01-27 06:56:00+00:00,NSE_FO|58675|27-01-2026,2026-01-27,PE,25150.0,69.15,13.593637020968893,13.493637020968894,12.593637020968893,20.099999999999994,0.9000000000000057,29.067245119305845,5,-0.8602150537634357,-18.34862385321101,17.488408799447573,1.5444546048334422,0.21276006093347966,0.0,0.125,0.125,-0.5814697872248031,14.229874395554244,2.9383715186747206,-3.7985865724381562,-17.443446385522254,0,746
research_oof,fold_4,near_expiry_absorption,2026-02-01,2026-02-01 06:24:00+00:00,NSE_FO|49790|03-02-2026,2026-02-03,PE,25150.0,123.0,0.8536585365853635,0.7536585365853635,-0.1463414634146365,11.0,14.0,8.94308943089431,5,-0.8064516129032251,-9.489344591877757,8.682892978974532,2.243292624290797,1.5609998914351164,0.02355786673116459,0.6,0.6,0.24494794856091406,7.904641549123225,5.338045348609266,-6.144496961512491,-7.9832284055071145,2,714
research_oof,fold_4,near_expiry_absorption,2026-02-23,2026-02-23 08:01:00+00:00,NSE_FO|64859|24-02-2026,2026-02-24,PE,25650.0,88.5,3.78531073446327,3.68531073446327,2.78531073446327,7.0,1.4500000000000028,7.909604519774012,5,-0.1129943502824804,-12.169312169312175,12.056317819029694,1.7418546365914787,0.4898530718503129,0.0,0.5,0.375,-0.004698266939923146,8.597065940713854,-1.8242242968065425,1.7112299465240621,-12.074080787939211,1,811
research_oof,fold_1,morning_absorption,2025-04-24,2025-04-24 04:15:00+00:00,NSE_FO|52002|30-04-2025,2025-04-30,CE,24400.0,150.25,0.09983361064892224,-0.00016638935107776698,-0.9001663893510777,1.75,7.400000000000006,1.1647254575707155,5,-0.2311756935270748,-10.570071258907365,10.338895565380291,1.437258153676064,0.5180947845409595,-0.014428609365318226,0.4,0.4,-0.02525252525252819,10.159451241124916,-0.9469651672112778,0.715789473684203,-11.655344546934355,6,585
research_oof,fold_1,morning_absorption,2025-04-28,2025-04-28 04:24:00+00:00,NSE_FO|52000|30-04-2025,2025-04-30,CE,24350.0,63.4,14.43217665615142,14.33217665615142,13.43217665615142,11.850000000000001,3.8500000000000014,18.690851735015777,5,-0.31948881789137795,-14.33878157503714,14.019292757145763,1.2052547770700637,0.24171974522292994,0.008982259570494864,0.33333334,0.33333334,-0.15974440894568898,13.316856043132447,3.1420496436470824,-3.4615384615384603,-12.624490417952515,2,594
research_oof,fold_2,morning_absorption,2025-06-12,2025-06-12 05:18:00+00:00,NSE_FO|44856|12-06-2025,2025-06-12,CE,24800.0,246.0,1.7479674796748015,1.6479674796748014,0.7479674796748015,13.149999999999977,1.6500000000000057,5.345528455284543,5,-1.4776357827476105,-12.011321422253662,10.533685639506052,1.421641791044776,-3.438440513481973,-0.009835157223992242,0.0,0.0,-1.40052699144943,8.682371174785796,9.16066208959282,-10.63829787234043,-31.27321850726106,0,648
research_oof,fold_2,morning_absorption,2025-07-03,2025-07-03 05:57:00+00:00,NSE_FO|56960|03-07-2025,2025-07-03,PE,25600.0,62.65,28.411811652035123,28.31181165203512,27.411811652035123,24.15,0.25,38.547486033519554,5,-0.9463722397476393,-9.785932721712543,8.839560481964904,1.5176085701456155,0.3784847659032753,0.0,0.375,0.0,-0.47318611987381964,5.0503930869146565,-24.587676587573736,23.641304347826097,-36.10310459786079,0,687
research_oof,fold_2,morning_absorption,2025-07-15,2025-07-15 05:26:00+00:00,NSE_FO|47288|17-07-2025,2025-07-17,PE,25200.0,84.8,-11.261792452830186,-11.361792452830185,-12.261792452830186,0.20000000000000284,9.799999999999997,0.23584905660377695,5,-0.4117647058823448,-9.164420485175206,8.752655779292862,1.9424253328535444,0.18748648054874661,0.0,0.375,0.125,-0.2058823529411724,7.0389694339274165,-1.936154949784774,1.5243902439024293,-14.556690837178655,2,656
research_oof,fold_2,morning_absorption,2025-07-22,2025-07-22 05:42:00+00:00,NSE_FO|49491|24-07-2025,2025-07-24,PE,25050.0,67.6,0.22189349112426876,0.12189349112426875,-0.7781065088757313,1.8500000000000085,3.5999999999999943,2.736686390532557,5,-0.513950073421432,-9.23803101820635,8.724080944784918,1.3249286393910562,-0.25210337502830704,0.010822444742947857,0.375,0.375,0.0,7.244669279474175,1.2183333911454985,-1.7322834645669305,-5.567899902923101,2,672
research_oof,fold_2,morning_absorption,2025-07-23,2025-07-23 04:19:00+00:00,NSE_FO|49496|24-07-2025,2025-07-24,CE,25150.0,43.05,4.878048780487808,4.778048780487809,3.8780487804878083,5.25,2.6999999999999957,12.195121951219514,5,-0.46136101499424376,-10.282485875706204,9.82112486071196,1.3415034682222604,0.36196965611902254,0.0,0.0,0.0,-0.30030030030028243,9.153170896154672,-1.703229731729905,1.2418687167356612,-13.234206389260716,1,589
research_oof,fold_2,morning_absorption,2025-07-24,2025-07-24 04:18:00+00:00,NSE_FO|49520|24-07-2025,2025-07-24,PE,25200.0,34.2,22.076023391812853,21.976023391812852,21.076023391812853,11.799999999999997,0.05000000000000426,34.50292397660817,5,-1.1527377521614035,-15.014164305949008,13.861426553787604,1.7610137593576178,1.0997114298858266,0.0,0.25,0.125,-2.032679555692357,9.073979637555658,5.926908265537712,-7.079646017699115,-18.812498003258693,0,588
research_oof,fold_3,morning_absorption,2025-08-04,2025-08-04 05:27:00+00:00,NSE_FO|39853|07-08-2025,2025-08-07,PE,24650.0,140.7,-8.244491826581376,-8.344491826581375,-9.244491826581376,1.8000000000000114,12.299999999999983,1.279317697228153,5,-0.9174311926605339,-8.849259757738903,7.931828565078369,1.36095941749652,0.3658090780202834,0.01029556470716863,0.0,0.0,-0.4536616979909147,7.0954570022086045,-0.06405648358371874,-0.8533747090768151,-6.939630251196915,3,657
research_oof,fold_3,morning_absorption,2025-08-12,2025-08-12 05:05:00+00:00,NSE_FO|44492|14-08-2025,2025-08-14,CE,24600.0,106.85,-2.901263453439396,-3.001263453439396,-3.901263453439396,4.150000000000006,9.299999999999997,3.8839494618624295,5,-1.292108906322098,-15.350488021295472,14.058379114973373,1.6425011822050852,0.3130479065876104,0.08529320001782822,0.0,0.0,-1.151079136690647,13.020785035173532,-1.7060651452339926,0.4139562389118945,-27.634824248892965,2,635
research_oof,fold_3,morning_absorption,2025-12-01,2025-12-01 04:17:00+00:00,NSE_FO|46807|02-12-2025,2025-12-02,CE,26250.0,110.15,-7.625964593735819,-7.725964593735819,-8.62596459373582,3.8499999999999943,10.950000000000003,3.49523377212891,5,-0.9442446043165464,-8.405172413793105,7.4609278094765585,1.4838327783943766,0.729983656264336,0.0,0.0,0.0,-1.602959309494445,8.485017230094993,0.4269600969567078,-1.3712047012732542,-10.678340171800649,1,587
research_oof,fold_3,morning_absorption,2025-12-03,2025-12-03 04:38:00+00:00,NSE_FO|41905|09-12-2025,2025-12-09,CE,26050.0,93.0,0.053763440860211995,-0.04623655913978801,-0.946236559139788,0.5,3.200000000000003,0.5376344086021506,5,-1.115241635687747,-11.631345490389355,10.516103854701608,1.885482290354193,0.5084698306033881,0.0,0.0,0.0,-1.4245014245014231,9.457815966456563,-1.0613332798926067,-0.053908355795140306,-10.008141765406108,6,608
research_oof,fold_4,morning_absorption,2026-01-08,2026-01-08 05:55:00+00:00,NSE_FO|46185|13-01-2026,2026-01-13,CE,26150.0,43.65,3.3218785796105452,3.221878579610545,2.3218785796105452,1.8500000000000014,0.0,4.238258877434139,5,-0.34207525655644,-9.148264984227117,8.806189727670677,1.7951026682771494,0.3446248717622533,0.004790172798871517,0.16666667,0.16666667,-0.6351726493752652,7.965162234420797,-4.374333321072566,4.0322580645161255,-10.72810653413132,5,685
research_oof,fold_4,morning_absorption,2026-01-13,2026-01-13 05:24:00+00:00,NSE_FO|46180|13-01-2026,2026-01-13,PE,26050.0,272.8,-1.6862170087976622,-1.7862170087976623,-2.6862170087976622,13.449999999999989,16.950000000000017,4.930351906158354,5,-0.8331823944937589,-14.47799827437446,13.644815879880701,1.9576923076923076,1.1923076923076923,0.0,0.375,0.25,0.0,9.234201257523821,1.2076339320368668,-2.0408163265306256,-24.263038548752856,0,654
research_oof,fold_4,morning_absorption,2026-01-20,2026-01-20 04:30:00+00:00,NSE_FO|47614|20-01-2026,2026-01-20,PE,25700.0,238.75,-2.2408376963350762,-2.3408376963350763,-3.2408376963350762,3.9000000000000057,9.849999999999994,1.6335078534031438,5,-0.7476635514018781,-9.55066741868772,8.803003867285842,1.3685636856368564,0.883791202655846,0.0,0.0,0.0,-1.8996270076882094,8.492411024552016,-1.493932208118287,0.746268656716409,-9.571191660743917,0,600
research_oof,fold_4,morning_absorption,2026-01-21,2026-01-21 05:17:00+00:00,NSE_FO|58663|27-01-2026,2026-01-27,CE,25050.0,170.5,-1.9354838709677487,-2.0354838709677487,-2.9354838709677487,1.0999999999999943,7.099999999999994,0.6451612903225773,5,-1.0724637681159388,-10.28828352287755,9.215819754761611,2.789325842696629,-0.23033707865168562,0.0,0.0,0.0,-0.8233276157804337,9.521920931258753,-5.524403059852867,4.451939291736928,-16.37978962624538,6,647
research_oof,fold_4,morning_absorption,2026-01-22,2026-01-22 04:32:00+00:00,NSE_FO|58666|27-01-2026,2026-01-27,PE,25100.0,45.4,-8.81057268722467,-8.91057268722467,-9.81057268722467,1.3000000000000043,4.850000000000001,2.863436123348027,5,-1.413043478260867,-8.504098360655732,7.0910548823948645,2.1780517879161527,1.3040690505548702,0.0,0.5,0.5,-0.5664657167214593,7.185714357085281,3.6156346596609716,-5.028678137921839,-2.7832892044815765,5,602
research_oof,fold_4,morning_absorption,2026-01-22,2026-01-22 05:33:00+00:00,NSE_FO|58693|27-01-2026,2026-01-27,CE,25250.0,149.55,-4.9147442326981094,-5.014744232698109,-5.9147442326981094,1.25,15.25,0.8358408559010364,5,-0.7294429708222916,-10.839269123567675,10.109826152745384,2.95069173465768,1.5628972194008242,0.0,0.0,0.0,-0.7294429708222916,8.865449241355439,-4.566652273147853,3.8372093023255616,-15.746478038371126,5,663
research_oof,fold_4,morning_absorption,2026-01-23,2026-01-23 04:34:00+00:00,NSE_FO|58693|27-01-2026,2026-01-27,CE,25250.0,153.85,-5.427364315892099,-5.527364315892099,-6.427364315892099,14.150000000000006,11.150000000000006,9.197270068248297,5,-1.1225144323284142,-10.724454286618169,9.601939854289755,1.231584744595897,-1.1562921398262136,0.04321812846429736,0.0,0.0,-0.5104305370617013,8.301494057414406,0.5284289638979867,-1.6509433962264008,-13.559979901313168,4,604
research_oof,fold_4,morning_absorption,2026-01-27,2026-01-27 04:30:00+00:00,NSE_FO|58667|27-01-2026,2026-01-27,CE,25150.0,84.85,-6.482027106658809,-6.582027106658809,-7.482027106658809,10.650000000000006,8.399999999999991,12.55156157925752,5,-0.23515579071134995,-16.013437849944,15.778282059232652,1.3541668709490797,0.8021992518825178,0.05444485481139767,0.4,0.4,-0.16611295681063787,15.778282059232652,5.558447106090092,-5.793602896801442,-23.524099350702144,0,600
research_oof,fold_4,morning_absorption,2026-02-01,2026-02-01 05:43:00+00:00,NSE_FO|49790|03-02-2026,2026-02-03,PE,25150.0,98.45,7.414931437277803,7.314931437277803,6.414931437277803,9.149999999999991,3.549999999999997,9.294057897409843,5,-0.7049345417925457,-15.237226277372251,14.532291735579705,1.2858757062146893,-0.727083257068248,0.01231294302966658,0.0,0.0,-1.4459665144596734,13.132304919070359,-2.7485880938570517,2.043653552064506,-7.449005264623977,2,673
research_oof,fold_4,morning_absorption,2026-02-23,2026-02-23 05:39:00+00:00,NSE_FO|64866|24-02-2026,2026-02-24,CE,25850.0,35.35,8.62800565770862,8.52800565770862,7.62800565770862,4.299999999999997,2.8000000000000043,12.164073550212155,5,-0.28208744710860323,-11.080332409972293,10.79824496286369,1.2319056486654252,0.3459962756052142,0.0,0.5714286,0.5714286,0.3054989816700493,10.190213861450747,0.018890731973408847,-0.3009781790820121,-9.21186926819093,1,669
research_oof,fold_2,midday_absorption,2025-06-03,2025-06-03 07:26:00+00:00,NSE_FO|40475|05-06-2025,2025-06-05,CE,24700.0,150.0,-1.3333333333333335,-1.4333333333333336,-2.3333333333333335,2.4000000000000057,6.599999999999994,1.6000000000000039,5,-0.19946808510639125,-14.34924399644235,14.14977591133596,1.2970860779278777,-0.1998744083943107,0.0,0.0,0.0,-0.6774557771923262,13.613425684600156,2.8127795150260204,-3.0122476001324117,-25.829707917592735,2,776
research_oof,fold_2,midday_absorption,2025-06-04,2025-06-04 07:22:00+00:00,NSE_FO|40481|05-06-2025,2025-06-05,CE,24800.0,30.1,-2.657807308970102,-2.757807308970102,-3.657807308970102,0.04999999999999716,2.1000000000000014,0.16611295681062177,5,-0.49586776859503745,-9.320695102685628,8.82482733409059,2.124343554125021,0.5885143147552092,0.0,0.16666667,0.16666667,-0.23591665747988433,8.754929677729812,-0.17469318726904826,-0.3211745813259892,-2.7021269622783617,1,772
research_oof,fold_2,midday_absorption,2025-07-10,2025-07-10 07:03:00+00:00,NSE_FO|40048|10-07-2025,2025-07-10,PE,25450.0,70.05,-14.346895074946463,-14.446895074946463,-15.346895074946463,0.9500000000000028,12.049999999999997,1.3561741613133516,5,-1.5427769985974726,-9.020979020979025,7.478202022381552,1.98879911861917,1.1675006599549944,0.006759477963666445,0.0,0.0,-1.447948953248973,7.96857694154564,-8.347510726408148,6.8047337278106745,-22.189349112426026,0,753
research_oof,fold_3,midday_absorption,2025-07-31,2025-07-31 07:09:00+00:00,NSE_FO|55804|31-07-2025,2025-07-31,PE,25100.0,240.0,4.458333333333329,4.358333333333329,3.4583333333333286,24.399999999999977,1.0,10.166666666666657,5,-1.1553538271095398,-9.809634809634804,8.654280982525265,1.7414965986394557,0.6414965986394556,0.0,0.375,0.0,-1.3387708248034869,10.730340813403838,4.107804067627296,-5.263157894736836,-72.70501835985313,0,759
research_oof,fold_3,midday_absorption,2025-08-13,2025-08-13 06:07:00+00:00,NSE_FO|44473|14-08-2025,2025-08-14,PE,24500.0,31.65,6.793048973143756,6.693048973143757,5.793048973143756,3.1499999999999986,0.8499999999999979,9.952606635071087,5,-0.31695721077654726,-9.076923076923071,8.759965866146525,1.2119470273316426,-0.5314578367599168,0.0,0.25,0.125,0.0,8.341071245388203,-0.17123772079477018,-0.14571948998177708,-5.15677328511811,1,697
research_oof,fold_3,midday_absorption,2025-08-14,2025-08-14 06:17:00+00:00,NSE_FO|44490|14-08-2025,2025-08-14,CE,24550.0,79.3,0.693568726355608,0.593568726355608,-0.30643127364439204,3.049999999999997,5.299999999999997,3.8461538461538427,5,-0.6870705808869393,-9.949972206781544,9.262901625894605,1.595120991540429,0.09639976391894556,0.0,0.0,0.0,-0.6119951040391647,9.262901625894605,0.721380123338411,-1.4084507042253502,-29.66123880831457,0,707
research_oof,fold_3,midday_absorption,2025-12-08,2025-12-08 07:02:00+00:00,NSE_FO|41881|09-12-2025,2025-12-09,CE,25950.0,139.25,-0.8976660682226212,-0.9976660682226212,-1.8976660682226212,0.6999999999999886,5.050000000000011,0.5026929982046597,5,-1.3780918727915092,-9.800065552277948,8.421973679486438,2.1333333333333333,-1.9274200081004458,0.0,0.0,0.0,-1.8120905469540483,8.650130928695038,-14.287927938365298,12.909836065573788,-19.503957037874482,1,752
research_oof,fold_3,midday_absorption,2025-12-16,2025-12-16 06:53:00+00:00,NSE_FO|48221|16-12-2025,2025-12-16,PE,25900.0,34.65,-20.77922077922078,-20.87922077922078,-21.77922077922078,0.05000000000000426,7.599999999999998,0.1443001443001566,5,-1.1428571428571344,-9.577464788732392,8.434607645875257,1.4307864700057331,0.2870482389656981,0.04107832588241204,0.25,0.25,-1.0743021346469483,9.432687904301083,-2.079186730872107,0.9363295880149725,-9.983210641870066,0,743
research_oof,fold_4,midday_absorption,2026-01-21,2026-01-21 07:12:00+00:00,NSE_FO|58694|27-01-2026,2026-01-27,PE,25250.0,154.75,-7.625201938610669,-7.7252019386106685,-8.625201938610669,0.9000000000000057,16.75,0.5815831987075966,5,-0.7062600321027235,-10.175763182238672,9.46950315013595,3.041785534485652,0.6014431951669743,0.0,0.6,0.6,0.08583690987125081,9.784412784153961,-3.7374816144003953,3.031221582297672,-14.621511536673392,6,762
research_oof,fold_4,midday_absorption,2026-01-27,2026-01-27 06:56:00+00:00,NSE_FO|58675|27-01-2026,2026-01-27,PE,25150.0,69.15,13.593637020968893,13.493637020968894,12.593637020968893,20.099999999999994,0.9000000000000057,29.067245119305845,5,-0.8602150537634357,-18.34862385321101,17.488408799447573,1.5444546048334422,0.21276006093347966,0.0,0.125,0.125,-0.5814697872248031,14.229874395554244,2.9383715186747206,-3.7985865724381562,-17.443446385522254,0,746
research_oof,fold_4,midday_absorption,2026-02-01,2026-02-01 06:24:00+00:00,NSE_FO|49790|03-02-2026,2026-02-03,PE,25150.0,123.0,0.8536585365853635,0.7536585365853635,-0.1463414634146365,11.0,14.0,8.94308943089431,5,-0.8064516129032251,-9.489344591877757,8.682892978974532,2.243292624290797,1.5609998914351164,0.02355786673116459,0.6,0.6,0.24494794856091406,7.904641549123225,5.338045348609266,-6.144496961512491,-7.9832284055071145,2,714
research_oof,fold_4,midday_absorption,2026-02-06,2026-02-06 07:18:00+00:00,NSE_FO|42527|10-02-2026,2026-02-10,PE,25600.0,130.5,0.49808429118774383,0.3980842911877438,-0.5019157088122561,5.550000000000011,1.6999999999999886,4.2528735632184,5,-1.4004542013625998,-9.10458991723101,7.704135715868411,1.2127216083555596,0.012141417721494241,0.0,0.0,0.0,-1.0529878368776224,5.96364704786852,0.763288488695868,-2.1637426900584678,-8.369831683032702,4,768
research_oof,fold_1,late_day_absorption,2025-05-02,2025-05-02 08:05:00+00:00,NSE_FO|38607|08-05-2025,2025-05-08,PE,24400.0,173.25,-0.23088023088023418,-0.3308802308802342,-1.2308802308802342,5.25,5.949999999999989,3.0303030303030303,5,-1.5301785208274188,-9.85130111524164,8.32112259441422,2.0939749905267147,0.15322483159473754,0.0,0.125,-0.25,-0.294210093278241,8.454059037584233,-2.9232405257441085,1.3930620049166897,-9.347353564296057,6,815
research_oof,fold_1,late_day_absorption,2025-05-02,2025-05-02 08:32:00+00:00,NSE_FO|38598|08-05-2025,2025-05-08,CE,24200.0,298.05,2.315047810769997,2.215047810769997,1.3150478107699972,8.949999999999989,4.199999999999989,3.0028518704915244,5,-1.5038836555941182,-9.090909090909093,7.587025435314976,1.9137510170870626,0.11065907241659878,0.0,0.0,0.0,-2.4946236559139856,7.712250330102688,-2.359396963578908,0.8555133079847899,-14.873129908095617,6,842
research_oof,fold_1,late_day_absorption,2025-05-20,2025-05-20 07:53:00+00:00,NSE_FO|49258|22-05-2025,2025-05-22,CE,25100.0,38.0,-0.13157894736841358,-0.23157894736841358,-1.1315789473684137,0.6000000000000014,1.1000000000000014,1.5789473684210564,5,-0.3931847968545177,-9.7799511002445,9.386766303389981,4.652085314495313,3.3211212985024208,0.0,0.42857143,0.42857143,0.0,9.386766303389981,3.15566577785813,-3.5488505747126475,-4.505073494180756,2,803
research_oof,fold_1,late_day_absorption,2025-05-21,2025-05-21 09:06:00+00:00,NSE_FO|49255|22-05-2025,2025-05-22,CE,25050.0,45.35,-10.694597574421172,-10.794597574421172,-11.694597574421172,1.1000000000000014,4.899999999999999,2.425578831312021,5,-0.1094091903720007,-11.156186612576068,11.046777422204068,1.5069373072970196,0.4993697397294521,0.0,0.2857143,0.2857143,0.0,9.670658286720357,2.2396991772548946,-2.3491083676268953,-3.4431616586097613,1,876
research_oof,fold_2,late_day_absorption,2025-05-28,2025-05-28 08:43:00+00:00,NSE_FO|61688|29-05-2025,2025-05-29,PE,24600.0,33.5,-6.567164179104476,-6.667164179104476,-7.567164179104476,1.25,2.3999999999999986,3.731343283582089,5,-0.4444444444444362,-10.080645161290324,9.636200716845888,1.8694198051475934,0.8425185400610731,-0.0013168476075593083,0.375,0.375,0.0,8.352747336696194,-0.1802168021680095,-0.2642276422764267,-5.2589810525597525,1,853
research_oof,fold_2,late_day_absorption,2025-05-29,2025-05-29 07:36:00+00:00,NSE_FO|61693|29-05-2025,2025-05-29,CE,24750.0,32.0,-8.750000000000002,-8.850000000000001,-9.750000000000002,7.75,4.199999999999999,24.21875,5,-0.9090909090909038,-16.46173149309913,15.552640584008227,1.6982939156172339,0.71289755116857,0.0,0.0,0.0,-1.8827181321276698,7.785473739308624,-8.358585858585844,7.449494949494939,-9.32993671491642,0,786
research_oof,fold_2,late_day_absorption,2025-06-03,2025-06-03 07:53:00+00:00,NSE_FO|40479|05-06-2025,2025-06-05,PE,24750.0,292.9,-3.8921133492659536,-3.9921133492659537,-4.892113349265953,3.650000000000034,17.549999999999955,1.2461590986684992,5,-1.2223710649698738,-10.598641604801774,9.3762705398319,2.145966709346991,1.192841709346991,0.0,0.0,0.0,-0.9583132210229162,8.26701628701263,8.903679355198191,-10.126050420168065,-11.37551185920297,2,803
research_oof,fold_2,late_day_absorption,2025-06-05,2025-06-05 09:00:00+00:00,NSE_FO|40486|05-06-2025,2025-06-05,PE,24850.0,141.2,-10.729461756373933,-10.829461756373933,-11.729461756373933,10.400000000000006,34.89999999999999,7.365439093484424,5,-1.3536966331135103,-13.134328358208958,11.780631725095446,1.8961874138723014,-0.033281185161515126,0.0,0.125,0.125,-1.8883576552745696,12.877090603906172,16.246303366886483,-17.599999999999994,-73.91067961165048,0,870
research_oof,fold_2,late_day_absorption,2025-06-12,2025-06-12 08:22:00+00:00,NSE_FO|44854|12-06-2025,2025-06-12,CE,24750.0,124.05,6.6908504635227715,6.590850463522772,5.6908504635227715,23.950000000000003,0.8499999999999943,19.306731156791617,5,-1.547005156683856,-10.329670329670327,8.782665172986471,1.408745934224792,-0.8256479441481439,0.0770450003445662,0.0,0.0,-0.9849362688296615,7.1628095215016785,4.413259743978394,-5.960264900662249,-37.491796432193794,0,832
research_oof,fold_2,late_day_absorption,2025-07-09,2025-07-09 09:05:00+00:00,NSE_FO|40047|10-07-2025,2025-07-10,CE,25450.0,92.8,3.5021551724137936,3.4021551724137935,2.5021551724137936,8.5,1.7999999999999972,9.15948275862069,5,-0.6420545746388506,-13.392857142857139,12.750802568218289,2.429965589214193,-0.19566567771107968,0.0,0.0,0.0,-0.6420545746388451,10.845968204299428,-9.210602961735626,8.568548387096776,-33.21385902031062,1,875
research_oof,fold_2,late_day_absorption,2025-07-14,2025-07-14 07:42:00+00:00,NSE_FO|47287|17-07-2025,2025-07-17,CE,25200.0,50.6,8.992094861660073,8.892094861660073,7.992094861660073,4.75,0.3999999999999986,9.387351778656127,5,-0.19743336623889718,-9.189189189189195,8.991755822950298,1.8027714247275664,-3.548170805732737,0.0,0.5,0.5,0.06265664160401974,7.987512808079305,-0.07415920450319913,-0.12327416173569805,-10.080788766090443,3,792
research_oof,fold_2,late_day_absorption,2025-07-24,2025-07-24 07:51:00+00:00,NSE_FO|49487|24-07-2025,2025-07-24,CE,25000.0,72.25,0.13840830449826202,0.03840830449826202,-0.861591695501738,1.0,6.549999999999997,1.384083044982699,5,-1.5667574931880202,-10.83333333333334,9.266575840145318,1.353847274316303,0.2633553038855103,0.0,0.0,0.0,-1.9202363367799125,9.266575840145318,2.3880447666989824,-3.9548022598870025,-15.469953775038505,0,801
research_oof,fold_3,late_day_absorption,2025-07-31,2025-07-31 07:32:00+00:00,NSE_FO|55802|31-07-2025,2025-07-31,PE,25050.0,149.25,-0.804020100502505,-0.904020100502505,-1.804020100502505,14.550000000000011,4.949999999999989,9.748743718592973,5,-1.362578929877023,-12.890173410404627,11.527594480527604,1.3969732246798603,-1.781340028332188,0.0,0.0,-0.125,-2.8710062513638777,10.47524665184466,11.637421070122988,-13.00000000000001,-50.599999999999994,0,782
research_oof,fold_3,late_day_absorption,2025-08-11,2025-08-11 09:05:00+00:00,NSE_FO|44471|14-08-2025,2025-08-14,PE,24450.0,57.9,-4.749568221070812,-4.849568221070812,-5.749568221070812,0.10000000000000142,4.449999999999996,0.1727115716753047,5,-1.1925042589437829,-13.312930374904353,12.12042611596057,2.142380793597866,0.570162410736774,0.0,0.0,0.0,-1.5873015873015928,10.378437680032837,-2.473507257035912,1.281002998092129,-8.927269222500422,3,875
research_oof,fold_3,late_day_absorption,2025-08-12,2025-08-12 08:18:00+00:00,NSE_FO|44471|14-08-2025,2025-08-14,PE,24450.0,38.65,-10.737386804657177,-10.837386804657177,-11.737386804657177,0.25,4.449999999999996,0.646830530401035,5,-0.1290322580645098,-11.572327044025165,11.443294785960656,1.328707718993929,-0.007979184735472655,0.0,0.375,0.375,0.0,9.998152927380477,0.7438219752785247,-0.8728542333430345,-8.339050588428288,2,828
research_oof,fold_3,late_day_absorption,2025-08-19,2025-08-19 08:27:00+00:00,NSE_FO|47248|21-08-2025,2025-08-21,CE,25050.0,45.7,3.3916849015317228,3.2916849015317227,2.3916849015317228,3.9499999999999957,0.30000000000000426,8.643326039387299,5,-0.8648648648648671,-12.241054613935965,11.376189749071099,1.231433506044905,0.1598749857295625,0.0,0.16666667,0.16666667,-0.17087871844321256,8.510232842378041,-0.5045766342803959,-0.36028823058447124,-7.044203711395158,2,837
research_oof,fold_3,late_day_absorption,2025-08-21,2025-08-21 09:03:00+00:00,NSE_FO|47248|21-08-2025,2025-08-21,CE,25050.0,80.85,-23.933209647495357,-24.033209647495358,-24.933209647495357,4.150000000000006,24.749999999999993,5.132962275819426,5,-1.2239902080783405,-9.214594928880626,7.990604720802285,1.3295116642653506,0.030277079330558676,0.0,0.0,0.0,-0.23830155979203127,3.930861444103695,14.160625176537044,-15.384615384615385,-19.23076923076924,0,873
research_oof,fold_3,late_day_absorption,2025-09-02,2025-09-02 07:55:00+00:00,NSE_FO|48935|02-09-2025,2025-09-02,CE,24600.0,111.75,-2.863534675615215,-2.963534675615215,-3.863534675615215,5.450000000000003,13.150000000000006,4.876957494407161,5,-0.972590627763037,-15.953947368421051,14.981356740658015,3.259564225994426,-0.06005322960309867,0.0773962741590681,0.0,0.0,-6.849315068493156,21.545746659901912,9.896974589628272,-10.869565217391308,-40.86956521739131,0,805
research_oof,fold_3,late_day_absorption,2025-12-01,2025-12-01 08:36:00+00:00,NSE_FO|46812|02-12-2025,2025-12-02,PE,26300.0,114.7,3.1822144725370456,3.0822144725370455,2.1822144725370456,7.5,3.700000000000003,6.538796861377507,5,-1.162290142057687,-18.09954751131222,16.93725736925453,2.572191132156694,-0.3173482565647867,0.0,0.125,-0.125,-0.6013957387558,11.573368778369662,-1.162290142057687,0.0,-30.319148936170226,1,846
research_oof,fold_3,late_day_absorption,2025-12-09,2025-12-09 08:09:00+00:00,NSE_FO|41879|09-12-2025,2025-12-09,CE,25900.0,34.3,-20.116618075801746,-20.216618075801748,-21.116618075801746,3.5500000000000043,8.999999999999996,10.349854227405261,5,-0.4341534008682979,-24.164524421593825,23.730371020725528,1.2588638646532904,0.08109144504011168,0.0,0.0,0.0,-1.388888888888895,26.242236024844722,-1.6841534008682935,1.2499999999999956,-26.363412228796857,0,819
research_oof,fold_4,late_day_absorption,2025-12-29,2025-12-29 08:58:00+00:00,NSE_FO|65634|30-12-2025,2025-12-30,PE,26150.0,196.3,-2.954661232806934,-3.054661232806934,-3.954661232806934,3.0,6.0,1.5282730514518592,5,-1.0606060606060619,-12.079439252336444,11.018833191730382,2.288811459543167,1.363910273772416,0.0,0.0,0.0,-0.6926996472039815,8.821861535375653,-2.449494949494946,1.388888888888884,-21.09173126614987,1,868
research_oof,fold_4,late_day_absorption,2026-01-16,2026-01-16 09:04:00+00:00,NSE_FO|47614|20-01-2026,2026-01-20,PE,25700.0,92.65,-1.5650296815974125,-1.6650296815974126,-2.5650296815974123,10.599999999999994,4.050000000000011,11.440906637884504,5,-1.0678056593699914,-10.312345066931083,9.244539407561092,1.2298507462686568,0.10913803217400209,0.0,0.0,0.0,-1.3894736842105293,8.490412649200286,-2.78738237894669,1.7195767195766987,-8.809201942098555,4,874
research_oof,fold_4,late_day_absorption,2026-01-23,2026-01-23 08:47:00+00:00,NSE_FO|58664|27-01-2026,2026-01-27,PE,25050.0,89.5,13.966480446927374,13.866480446927374,12.966480446927374,13.950000000000003,2.9000000000000057,15.586592178770953,5,-1.0503040353786686,-9.570418705818373,8.520114670439703,1.6269152371573186,0.21203307147928463,-0.007938121621850591,0.0,0.0,-0.5469121705205027,6.811868350183875,0.2931963277295391,-1.3435003631082076,-5.369854682288288,4,857
research_oof,fold_4,late_day_absorption,2026-02-06,2026-02-06 08:27:00+00:00,NSE_FO|42529|10-02-2026,2026-02-10,PE,25650.0,118.2,-7.52961082910322,-7.629610829103219,-8.52961082910322,5.549999999999997,10.200000000000003,4.695431472081216,5,-0.2952340784479035,-9.682603455202887,9.387369376754984,1.4708151195680124,0.3827890631696238,0.0,0.25,0.25,-0.14761703922395175,8.260690473689575,-2.254920528615878,1.9596864501679745,-16.983847247464087,4,837
research_oof,fold_4,late_day_absorption,2026-02-23,2026-02-23 08:01:00+00:00,NSE_FO|64859|24-02-2026,2026-02-24,PE,25650.0,88.5,3.78531073446327,3.68531073446327,2.78531073446327,7.0,1.4500000000000028,7.909604519774012,5,-0.1129943502824804,-12.169312169312175,12.056317819029694,1.7418546365914787,0.4898530718503129,0.0,0.5,0.375,-0.004698266939923146,8.597065940713854,-1.8242242968065425,1.7112299465240621,-12.074080787939211,1,811
