logical_path,absolute_path,sha256,source_identity,file_kind,row_count,observed_tokens,reconstructed_nifty_option_tokens,has_timestamp,has_symbol_or_token,has_nifty,has_ce_pe,has_strike,has_expiry,has_provider_source,has_immutable_hash,has_quote_values,has_depth_values,has_no_post_expiry_rows,point_in_time_authority,proves_historical_contract_existence,blocker
/Users/madhuram/tradebot-ml-evidence/constituent-lead-lag-data-v1/proxy_campaign_2024_2025_v1/manifests/ambiguous_tickers.csv,/Users/madhuram/tradebot-ml-evidence/constituent-lead-lag-data-v1/proxy_campaign_2024_2025_v1/manifests/ambiguous_tickers.csv,01ba4719c80b6fe911b091a7c05124b64eeece964e09c058ef8f9805daca546b,unknown,unknown,0,0,0,False,False,False,False,False,False,False,True,False,False,False,False,False,NO_NIFTY_CE_PE_TOKEN_MATCH;NO_POINT_IN_TIME_INSTRUMENT_AUTHORITY;NO_POST_EXPIRY_PROOF_UNAVAILABLE_OR_FAILED;READ_FAILED:EmptyDataError
/Users/madhuram/tradebot-ml-evidence/constituent-lead-lag-data-v1/proxy_campaign_2024_2025_v1/manifests/ticker_resolution.csv,/Users/madhuram/tradebot-ml-evidence/constituent-lead-lag-data-v1/proxy_campaign_2024_2025_v1/manifests/ticker_resolution.csv,8ec27e7ee74e97e2593f42ba4136c902c62bea660a6d57234caca59aa6643e7c,unknown,unknown,1640,82,1,False,True,True,True,True,True,False,True,False,False,False,False,False,NO_POINT_IN_TIME_INSTRUMENT_AUTHORITY;NO_POST_EXPIRY_PROOF_UNAVAILABLE_OR_FAILED
/Users/madhuram/tradebot-ml-evidence/constituent-lead-lag-data-v1/proxy_campaign_2024_2025_v1/manifests/unresolved_tickers.csv,/Users/madhuram/tradebot-ml-evidence/constituent-lead-lag-data-v1/proxy_campaign_2024_2025_v1/manifests/unresolved_tickers.csv,01ba4719c80b6fe911b091a7c05124b64eeece964e09c058ef8f9805daca546b,unknown,unknown,0,0,0,False,False,False,False,False,False,False,True,False,False,False,False,False,NO_NIFTY_CE_PE_TOKEN_MATCH;NO_POINT_IN_TIME_INSTRUMENT_AUTHORITY;NO_POST_EXPIRY_PROOF_UNAVAILABLE_OR_FAILED;READ_FAILED:EmptyDataError
/Users/madhuram/tradebot-ml-evidence/constituent-lead-lag-data-v1/proxy_campaign_2024_2025_v2/manifests/ambiguous_tickers.csv,/Users/madhuram/tradebot-ml-evidence/constituent-lead-lag-data-v1/proxy_campaign_2024_2025_v2/manifests/ambiguous_tickers.csv,01ba4719c80b6fe911b091a7c05124b64eeece964e09c058ef8f9805daca546b,unknown,unknown,0,0,0,False,False,False,False,False,False,False,True,False,False,False,False,False,NO_NIFTY_CE_PE_TOKEN_MATCH;NO_POINT_IN_TIME_INSTRUMENT_AUTHORITY;NO_POST_EXPIRY_PROOF_UNAVAILABLE_OR_FAILED;READ_FAILED:EmptyDataError
/Users/madhuram/tradebot-ml-evidence/constituent-lead-lag-data-v1/proxy_campaign_2024_2025_v2/manifests/ticker_resolution.csv,/Users/madhuram/tradebot-ml-evidence/constituent-lead-lag-data-v1/proxy_campaign_2024_2025_v2/manifests/ticker_resolution.csv,8ec27e7ee74e97e2593f42ba4136c902c62bea660a6d57234caca59aa6643e7c,unknown,unknown,1640,82,1,False,True,True,True,True,True,False,True,False,False,False,False,False,NO_POINT_IN_TIME_INSTRUMENT_AUTHORITY;NO_POST_EXPIRY_PROOF_UNAVAILABLE_OR_FAILED
/Users/madhuram/tradebot-ml-evidence/constituent-lead-lag-data-v1/proxy_campaign_2024_2025_v2/manifests/unresolved_tickers.csv,/Users/madhuram/tradebot-ml-evidence/constituent-lead-lag-data-v1/proxy_campaign_2024_2025_v2/manifests/unresolved_tickers.csv,01ba4719c80b6fe911b091a7c05124b64eeece964e09c058ef8f9805daca546b,unknown,unknown,0,0,0,False,False,False,False,False,False,False,True,False,False,False,False,False,NO_NIFTY_CE_PE_TOKEN_MATCH;NO_POINT_IN_TIME_INSTRUMENT_AUTHORITY;NO_POST_EXPIRY_PROOF_UNAVAILABLE_OR_FAILED;READ_FAILED:EmptyDataError
/Users/madhuram/tradebot-ml-evidence/constituent-lead-lag-data-v1/reconstructed_nifty50_weights/normalized/ticker_map.csv,/Users/madhuram/tradebot-ml-evidence/constituent-lead-lag-data-v1/reconstructed_nifty50_weights/normalized/ticker_map.csv,4226c974125e9a3b7c73543030553423162dd684a8356c69831bbde6fb82cdfd,unknown,unknown,100,0,0,False,False,False,False,False,False,False,True,False,False,False,False,False,NO_NIFTY_CE_PE_TOKEN_MATCH;NO_POINT_IN_TIME_INSTRUMENT_AUTHORITY;NO_POST_EXPIRY_PROOF_UNAVAILABLE_OR_FAILED
configs/backtest_data_schema_examples/futures_candles.sample.csv,/Users/madhuram/tradebot-option-e2e-contract-reconstruction-v4/configs/backtest_data_schema_examples/futures_candles.sample.csv,7cd5dc71ed5313870a9fd5a995134e01a30f063dae4cea56d66ee23e22e8ec43,unknown,quote,1,0,0,True,True,True,False,False,False,False,True,True,False,False,False,False,NO_NIFTY_CE_PE_TOKEN_MATCH;NO_POINT_IN_TIME_INSTRUMENT_AUTHORITY;NO_POST_EXPIRY_PROOF_UNAVAILABLE_OR_FAILED
configs/backtest_data_schema_examples/index_candles.sample.csv,/Users/madhuram/tradebot-option-e2e-contract-reconstruction-v4/configs/backtest_data_schema_examples/index_candles.sample.csv,4c540e9c217fc281b89b7502454bc36b8ce6bbdfa3a2e6a10b314779431c570d,unknown,quote,1,0,0,True,True,True,False,False,False,False,True,True,False,False,False,False,NO_NIFTY_CE_PE_TOKEN_MATCH;NO_POINT_IN_TIME_INSTRUMENT_AUTHORITY;NO_POST_EXPIRY_PROOF_UNAVAILABLE_OR_FAILED
configs/backtest_data_schema_examples/option_chain_snapshot.sample.csv,/Users/madhuram/tradebot-option-e2e-contract-reconstruction-v4/configs/backtest_data_schema_examples/option_chain_snapshot.sample.csv,8e324b7595eb7437fe114923e28af5a9fe611c19bce29f02e53f7064e9baa292,unknown,unknown,1,0,0,True,False,False,False,False,False,False,True,False,False,False,False,False,NO_NIFTY_CE_PE_TOKEN_MATCH;NO_POINT_IN_TIME_INSTRUMENT_AUTHORITY;NO_POST_EXPIRY_PROOF_UNAVAILABLE_OR_FAILED
configs/backtest_data_schema_examples/options_eod.sample.csv,/Users/madhuram/tradebot-option-e2e-contract-reconstruction-v4/configs/backtest_data_schema_examples/options_eod.sample.csv,2577e7811a953e584291044e9b4234f00e58ea341ed1aafd630ead13a796b9f5,unknown,quote,1,0,0,False,False,False,False,False,False,False,True,True,False,False,False,False,NO_NIFTY_CE_PE_TOKEN_MATCH;NO_POINT_IN_TIME_INSTRUMENT_AUTHORITY;NO_POST_EXPIRY_PROOF_UNAVAILABLE_OR_FAILED
configs/backtest_data_schema_examples/options_intraday.sample.csv,/Users/madhuram/tradebot-option-e2e-contract-reconstruction-v4/configs/backtest_data_schema_examples/options_intraday.sample.csv,9159f2ec21ff4f5f2060cae92b3001698320be4e7fb16703640c1fda788f2258,unknown,quote,1,0,0,True,False,False,False,False,False,False,True,True,False,False,False,False,NO_NIFTY_CE_PE_TOKEN_MATCH;NO_POINT_IN_TIME_INSTRUMENT_AUTHORITY;NO_POST_EXPIRY_PROOF_UNAVAILABLE_OR_FAILED
runtime/market_data/upstox/20260713/ticks_1783918406.parquet,/Users/madhuram/tradebot-option-e2e-contract-reconstruction-v4/runtime/market_data/upstox/20260713/ticks_1783918406.parquet,aa5a4ace841e2d162e03024ff08c0b4ca076ddea430d2b9f858b6c9abb072e2b,upstox,quote,3996,1,0,True,True,False,False,False,False,True,True,True,False,False,False,False,NO_NIFTY_CE_PE_TOKEN_MATCH;NO_POINT_IN_TIME_INSTRUMENT_AUTHORITY;NO_POST_EXPIRY_PROOF_UNAVAILABLE_OR_FAILED
runtime/market_data/upstox/20260713/ticks_1783919006.parquet,/Users/madhuram/tradebot-option-e2e-contract-reconstruction-v4/runtime/market_data/upstox/20260713/ticks_1783919006.parquet,8e3c2533ba6222fd24d934ad09debc4a0546e05698957c3fee4ce71a9770cd5d,upstox,quote,4001,0,0,True,True,False,False,False,False,True,True,True,False,False,False,False,NO_NIFTY_CE_PE_TOKEN_MATCH;NO_POINT_IN_TIME_INSTRUMENT_AUTHORITY;NO_POST_EXPIRY_PROOF_UNAVAILABLE_OR_FAILED
runtime/market_data/upstox/20260713/ticks_1783919606.parquet,/Users/madhuram/tradebot-option-e2e-contract-reconstruction-v4/runtime/market_data/upstox/20260713/ticks_1783919606.parquet,2c3cdeee35774c0f86d25ad01806a82e31fde51c30915c8dae23c2a645fdc8d3,upstox,quote,4001,0,0,True,True,False,False,False,False,True,True,True,False,False,False,False,NO_NIFTY_CE_PE_TOKEN_MATCH;NO_POINT_IN_TIME_INSTRUMENT_AUTHORITY;NO_POST_EXPIRY_PROOF_UNAVAILABLE_OR_FAILED
runtime/market_data/upstox/20260713/ticks_1783920206.parquet,/Users/madhuram/tradebot-option-e2e-contract-reconstruction-v4/runtime/market_data/upstox/20260713/ticks_1783920206.parquet,665c54a7923bb3de9e2ace017ab564e13ec3bb702cb1a21685687a03ed47bd29,upstox,quote,4001,0,0,True,True,False,False,False,False,True,True,True,False,False,False,False,NO_NIFTY_CE_PE_TOKEN_MATCH;NO_POINT_IN_TIME_INSTRUMENT_AUTHORITY;NO_POST_EXPIRY_PROOF_UNAVAILABLE_OR_FAILED
runtime/market_data/upstox/20260713/ticks_1783920806.parquet,/Users/madhuram/tradebot-option-e2e-contract-reconstruction-v4/runtime/market_data/upstox/20260713/ticks_1783920806.parquet,6ac2e7a26f0df3589612c4a535a23c4b58449eb47feab01187d6a33afa1a4ced,upstox,quote,4001,0,0,True,True,False,False,False,False,True,True,True,False,False,False,False,NO_NIFTY_CE_PE_TOKEN_MATCH;NO_POINT_IN_TIME_INSTRUMENT_AUTHORITY;NO_POST_EXPIRY_PROOF_UNAVAILABLE_OR_FAILED
runtime/market_data/upstox/20260713/ticks_1783921406.parquet,/Users/madhuram/tradebot-option-e2e-contract-reconstruction-v4/runtime/market_data/upstox/20260713/ticks_1783921406.parquet,458b675bd525811a9b3aab08a58e09e2bdc4030e12ed05ff0a0b0d6c27b96cfd,upstox,quote,4001,0,0,True,True,False,False,False,False,True,True,True,False,False,False,False,NO_NIFTY_CE_PE_TOKEN_MATCH;NO_POINT_IN_TIME_INSTRUMENT_AUTHORITY;NO_POST_EXPIRY_PROOF_UNAVAILABLE_OR_FAILED
runtime/market_data/upstox/20260713/ticks_1783922006.parquet,/Users/madhuram/tradebot-option-e2e-contract-reconstruction-v4/runtime/market_data/upstox/20260713/ticks_1783922006.parquet,c2acdcc99fdb1af92ac4280ca923ebf72332a1cd5866822fd1597601f5ad039a,upstox,quote,4001,0,0,True,True,False,False,False,False,True,True,True,False,False,False,False,NO_NIFTY_CE_PE_TOKEN_MATCH;NO_POINT_IN_TIME_INSTRUMENT_AUTHORITY;NO_POST_EXPIRY_PROOF_UNAVAILABLE_OR_FAILED
runtime/market_data/upstox/20260713/ticks_1783922606.parquet,/Users/madhuram/tradebot-option-e2e-contract-reconstruction-v4/runtime/market_data/upstox/20260713/ticks_1783922606.parquet,4c34ccecd457117542a238ad27d08063b130b47b2cc1ed10eac769c2df1c78e9,upstox,quote,4000,0,0,True,True,False,False,False,False,True,True,True,False,False,False,False,NO_NIFTY_CE_PE_TOKEN_MATCH;NO_POINT_IN_TIME_INSTRUMENT_AUTHORITY;NO_POST_EXPIRY_PROOF_UNAVAILABLE_OR_FAILED
runtime/market_data/upstox/20260713/ticks_1783923207.parquet,/Users/madhuram/tradebot-option-e2e-contract-reconstruction-v4/runtime/market_data/upstox/20260713/ticks_1783923207.parquet,29c7766ecf51c3b0defe8e785ca73241b11c3d09ae11373c994af8e7e7181a34,upstox,quote,4001,0,0,True,True,False,False,False,False,True,True,True,False,False,False,False,NO_NIFTY_CE_PE_TOKEN_MATCH;NO_POINT_IN_TIME_INSTRUMENT_AUTHORITY;NO_POST_EXPIRY_PROOF_UNAVAILABLE_OR_FAILED
runtime/market_data/upstox/20260713/ticks_1783923807.parquet,/Users/madhuram/tradebot-option-e2e-contract-reconstruction-v4/runtime/market_data/upstox/20260713/ticks_1783923807.parquet,c3b71996e631b5c299e909850205c19f304137e6a95ca4fd8bfa06a9c0a0495f,upstox,quote,4001,0,0,True,True,False,False,False,False,True,True,True,False,False,False,False,NO_NIFTY_CE_PE_TOKEN_MATCH;NO_POINT_IN_TIME_INSTRUMENT_AUTHORITY;NO_POST_EXPIRY_PROOF_UNAVAILABLE_OR_FAILED
runtime/market_data/upstox/20260713/ticks_1783924407.parquet,/Users/madhuram/tradebot-option-e2e-contract-reconstruction-v4/runtime/market_data/upstox/20260713/ticks_1783924407.parquet,b8d959acc4a46eedb9dfcdeed78303301e7b823cad515fd1e3ae9709c921cb8f,upstox,quote,4000,0,0,True,True,False,False,False,False,True,True,True,False,False,False,False,NO_NIFTY_CE_PE_TOKEN_MATCH;NO_POINT_IN_TIME_INSTRUMENT_AUTHORITY;NO_POST_EXPIRY_PROOF_UNAVAILABLE_OR_FAILED
runtime/market_data/upstox/20260713/ticks_1783925007.parquet,/Users/madhuram/tradebot-option-e2e-contract-reconstruction-v4/runtime/market_data/upstox/20260713/ticks_1783925007.parquet,561be4e381316f7d475a1183bbb4373dc6618bb4af0dc85ff93b1111698a79d7,upstox,quote,4001,0,0,True,True,False,False,False,False,True,True,True,False,False,False,False,NO_NIFTY_CE_PE_TOKEN_MATCH;NO_POINT_IN_TIME_INSTRUMENT_AUTHORITY;NO_POST_EXPIRY_PROOF_UNAVAILABLE_OR_FAILED
runtime/market_data/upstox/20260713/ticks_1783925607.parquet,/Users/madhuram/tradebot-option-e2e-contract-reconstruction-v4/runtime/market_data/upstox/20260713/ticks_1783925607.parquet,2e1a6b0dc706d3cbf9bdfc0bbbe423d3a1efc2787eeb36a82c567085fc3ce044,upstox,quote,4001,0,0,True,True,False,False,False,False,True,True,True,False,False,False,False,NO_NIFTY_CE_PE_TOKEN_MATCH;NO_POINT_IN_TIME_INSTRUMENT_AUTHORITY;NO_POST_EXPIRY_PROOF_UNAVAILABLE_OR_FAILED
runtime/market_data/upstox/20260713/ticks_1783926207.parquet,/Users/madhuram/tradebot-option-e2e-contract-reconstruction-v4/runtime/market_data/upstox/20260713/ticks_1783926207.parquet,c21da722879eee5d6a9d956fc7548e76eb6fd8a23bc82af3ebd9f1cc115262d0,upstox,quote,4000,0,0,True,True,False,False,False,False,True,True,True,False,False,False,False,NO_NIFTY_CE_PE_TOKEN_MATCH;NO_POINT_IN_TIME_INSTRUMENT_AUTHORITY;NO_POST_EXPIRY_PROOF_UNAVAILABLE_OR_FAILED
runtime/market_data/upstox/20260713/ticks_1783926807.parquet,/Users/madhuram/tradebot-option-e2e-contract-reconstruction-v4/runtime/market_data/upstox/20260713/ticks_1783926807.parquet,13239fc192bf188c3276c9243313b524804fb6b1d2bed848cf8fbecbde859d4f,upstox,quote,4001,0,0,True,True,False,False,False,False,True,True,True,False,False,False,False,NO_NIFTY_CE_PE_TOKEN_MATCH;NO_POINT_IN_TIME_INSTRUMENT_AUTHORITY;NO_POST_EXPIRY_PROOF_UNAVAILABLE_OR_FAILED
runtime/market_data/upstox/20260713/ticks_1783927407.parquet,/Users/madhuram/tradebot-option-e2e-contract-reconstruction-v4/runtime/market_data/upstox/20260713/ticks_1783927407.parquet,a696692a2324a6a3d8276a9b6e6cb5fc33f4b654556c588e7549e8a056a9d824,upstox,quote,4000,0,0,True,True,False,False,False,False,True,True,True,False,False,False,False,NO_NIFTY_CE_PE_TOKEN_MATCH;NO_POINT_IN_TIME_INSTRUMENT_AUTHORITY;NO_POST_EXPIRY_PROOF_UNAVAILABLE_OR_FAILED
runtime/market_data/upstox/20260713/ticks_1783928007.parquet,/Users/madhuram/tradebot-option-e2e-contract-reconstruction-v4/runtime/market_data/upstox/20260713/ticks_1783928007.parquet,baf8a0ed938c8d19f169874ec5e0fedbb3d849a10f6b511121c191d1340d0487,upstox,quote,4001,0,0,True,True,False,False,False,False,True,True,True,False,False,False,False,NO_NIFTY_CE_PE_TOKEN_MATCH;NO_POINT_IN_TIME_INSTRUMENT_AUTHORITY;NO_POST_EXPIRY_PROOF_UNAVAILABLE_OR_FAILED
runtime/market_data/upstox/20260713/ticks_1783928608.parquet,/Users/madhuram/tradebot-option-e2e-contract-reconstruction-v4/runtime/market_data/upstox/20260713/ticks_1783928608.parquet,0da4e420741d08773fd7d448a79684b670b359942e8afda859a20a4338246d11,upstox,quote,4001,0,0,True,True,False,False,False,False,True,True,True,False,False,False,False,NO_NIFTY_CE_PE_TOKEN_MATCH;NO_POINT_IN_TIME_INSTRUMENT_AUTHORITY;NO_POST_EXPIRY_PROOF_UNAVAILABLE_OR_FAILED
runtime/market_data/upstox/20260713/ticks_1783929208.parquet,/Users/madhuram/tradebot-option-e2e-contract-reconstruction-v4/runtime/market_data/upstox/20260713/ticks_1783929208.parquet,0086726003ed067fab9fac83647c2667b8d4518cd88c2ee75066d7cb457a5b91,upstox,quote,4001,0,0,True,True,False,False,False,False,True,True,True,False,False,False,False,NO_NIFTY_CE_PE_TOKEN_MATCH;NO_POINT_IN_TIME_INSTRUMENT_AUTHORITY;NO_POST_EXPIRY_PROOF_UNAVAILABLE_OR_FAILED
runtime/market_data/upstox/20260713/ticks_1783929808.parquet,/Users/madhuram/tradebot-option-e2e-contract-reconstruction-v4/runtime/market_data/upstox/20260713/ticks_1783929808.parquet,e7e9537f8dbd226e95893119d55a2103ad75e6324ac65ab38c4e40bc7773a22e,upstox,quote,4001,0,0,True,True,False,False,False,False,True,True,True,False,False,False,False,NO_NIFTY_CE_PE_TOKEN_MATCH;NO_POINT_IN_TIME_INSTRUMENT_AUTHORITY;NO_POST_EXPIRY_PROOF_UNAVAILABLE_OR_FAILED
runtime/market_data/upstox/20260713/ticks_1783930408.parquet,/Users/madhuram/tradebot-option-e2e-contract-reconstruction-v4/runtime/market_data/upstox/20260713/ticks_1783930408.parquet,9208093b376fde8653e18a7cc5696ac965e072dab68a7316bd6c60c171e58578,upstox,quote,4001,0,0,True,True,False,False,False,False,True,True,True,False,False,False,False,NO_NIFTY_CE_PE_TOKEN_MATCH;NO_POINT_IN_TIME_INSTRUMENT_AUTHORITY;NO_POST_EXPIRY_PROOF_UNAVAILABLE_OR_FAILED
runtime/market_data/upstox/20260713/ticks_1783931008.parquet,/Users/madhuram/tradebot-option-e2e-contract-reconstruction-v4/runtime/market_data/upstox/20260713/ticks_1783931008.parquet,373f51c146138e4df8ab8756f504dc5d8ed6c98482a43d7a8d928815ec4b2ff4,upstox,quote,4001,0,0,True,True,False,False,False,False,True,True,True,False,False,False,False,NO_NIFTY_CE_PE_TOKEN_MATCH;NO_POINT_IN_TIME_INSTRUMENT_AUTHORITY;NO_POST_EXPIRY_PROOF_UNAVAILABLE_OR_FAILED
runtime/market_data/upstox/20260713/ticks_1783931608.parquet,/Users/madhuram/tradebot-option-e2e-contract-reconstruction-v4/runtime/market_data/upstox/20260713/ticks_1783931608.parquet,ca4486d737d1b61958c0d2ac3291f129fa28eb24ae8f8556b00deb4df63e1973,upstox,quote,4001,0,0,True,True,False,False,False,False,True,True,True,False,False,False,False,NO_NIFTY_CE_PE_TOKEN_MATCH;NO_POINT_IN_TIME_INSTRUMENT_AUTHORITY;NO_POST_EXPIRY_PROOF_UNAVAILABLE_OR_FAILED
runtime/market_data/upstox/20260713/ticks_1783932208.parquet,/Users/madhuram/tradebot-option-e2e-contract-reconstruction-v4/runtime/market_data/upstox/20260713/ticks_1783932208.parquet,870dbd3091a7ee78aa99c3301cc11c8903c7f739a4b7c4c01befdcfcd4e8af15,upstox,quote,4001,0,0,True,True,False,False,False,False,True,True,True,False,False,False,False,NO_NIFTY_CE_PE_TOKEN_MATCH;NO_POINT_IN_TIME_INSTRUMENT_AUTHORITY;NO_POST_EXPIRY_PROOF_UNAVAILABLE_OR_FAILED
runtime/market_data/upstox/20260713/ticks_1783932808.parquet,/Users/madhuram/tradebot-option-e2e-contract-reconstruction-v4/runtime/market_data/upstox/20260713/ticks_1783932808.parquet,d9f1dbd3a0e1ffbb1ad51970ec6de6340ec33ea3c45811f2d97b6870e577d737,upstox,quote,4000,0,0,True,True,False,False,False,False,True,True,True,False,False,False,False,NO_NIFTY_CE_PE_TOKEN_MATCH;NO_POINT_IN_TIME_INSTRUMENT_AUTHORITY;NO_POST_EXPIRY_PROOF_UNAVAILABLE_OR_FAILED
runtime/market_data/upstox/20260713/ticks_1783933409.parquet,/Users/madhuram/tradebot-option-e2e-contract-reconstruction-v4/runtime/market_data/upstox/20260713/ticks_1783933409.parquet,8f0bab1c684e5cb1335b9c3a8835b96c877dd9c57ce55179178450f4c3e635ee,upstox,quote,4002,0,0,True,True,False,False,False,False,True,True,True,False,False,False,False,NO_NIFTY_CE_PE_TOKEN_MATCH;NO_POINT_IN_TIME_INSTRUMENT_AUTHORITY;NO_POST_EXPIRY_PROOF_UNAVAILABLE_OR_FAILED
runtime/market_data/upstox/20260713/ticks_1783934009.parquet,/Users/madhuram/tradebot-option-e2e-contract-reconstruction-v4/runtime/market_data/upstox/20260713/ticks_1783934009.parquet,952bc498e418044b8286f0e14daf2dc26b314df31c7e0497a08896d73324a651,upstox,quote,4000,0,0,True,True,False,False,False,False,True,True,True,False,False,False,False,NO_NIFTY_CE_PE_TOKEN_MATCH;NO_POINT_IN_TIME_INSTRUMENT_AUTHORITY;NO_POST_EXPIRY_PROOF_UNAVAILABLE_OR_FAILED
runtime/market_data/upstox/20260713/ticks_1783934609.parquet,/Users/madhuram/tradebot-option-e2e-contract-reconstruction-v4/runtime/market_data/upstox/20260713/ticks_1783934609.parquet,9d55161f852a50c9f19d21ac5fed950cd8e1c87c4adc42307b1c792dd7a69763,upstox,quote,4001,0,0,True,True,False,False,False,False,True,True,True,False,False,False,False,NO_NIFTY_CE_PE_TOKEN_MATCH;NO_POINT_IN_TIME_INSTRUMENT_AUTHORITY;NO_POST_EXPIRY_PROOF_UNAVAILABLE_OR_FAILED
runtime/market_data/upstox/20260713/ticks_1783935209.parquet,/Users/madhuram/tradebot-option-e2e-contract-reconstruction-v4/runtime/market_data/upstox/20260713/ticks_1783935209.parquet,aab81b54c028d0d599a7589d61052db3eddae64b3cfd66e5f1f360c560efcceb,upstox,quote,3644,1,0,True,True,False,False,False,False,True,True,True,False,False,False,False,NO_NIFTY_CE_PE_TOKEN_MATCH;NO_POINT_IN_TIME_INSTRUMENT_AUTHORITY;NO_POST_EXPIRY_PROOF_UNAVAILABLE_OR_FAILED
runtime/market_data/upstox/20260713/ticks_1783935809.parquet,/Users/madhuram/tradebot-option-e2e-contract-reconstruction-v4/runtime/market_data/upstox/20260713/ticks_1783935809.parquet,fc636257a03b1da3b9620fc4546cc6c4a75a1d8245e0cdaa203683d1ff70ad73,upstox,quote,4001,0,0,True,True,False,False,False,False,True,True,True,False,False,False,False,NO_NIFTY_CE_PE_TOKEN_MATCH;NO_POINT_IN_TIME_INSTRUMENT_AUTHORITY;NO_POST_EXPIRY_PROOF_UNAVAILABLE_OR_FAILED
runtime/market_data/upstox/20260713/ticks_1783936409.parquet,/Users/madhuram/tradebot-option-e2e-contract-reconstruction-v4/runtime/market_data/upstox/20260713/ticks_1783936409.parquet,96f927c3b3a2df080c9d3780c94ab545460121f9ee5a935e49d4e2657be9b2e8,upstox,quote,4001,0,0,True,True,False,False,False,False,True,True,True,False,False,False,False,NO_NIFTY_CE_PE_TOKEN_MATCH;NO_POINT_IN_TIME_INSTRUMENT_AUTHORITY;NO_POST_EXPIRY_PROOF_UNAVAILABLE_OR_FAILED
runtime/market_data/upstox/20260713/ticks_1783937009.parquet,/Users/madhuram/tradebot-option-e2e-contract-reconstruction-v4/runtime/market_data/upstox/20260713/ticks_1783937009.parquet,d57e7d9249ce36ffc88fca12e71b26482dd5bf596b6bbd279cd5a1849699ea77,upstox,quote,4010,1,0,True,True,False,False,False,False,True,True,True,False,False,False,False,NO_NIFTY_CE_PE_TOKEN_MATCH;NO_POINT_IN_TIME_INSTRUMENT_AUTHORITY;NO_POST_EXPIRY_PROOF_UNAVAILABLE_OR_FAILED
runtime/market_data/upstox/20260714/combined.parquet,/Users/madhuram/tradebot-option-e2e-contract-reconstruction-v4/runtime/market_data/upstox/20260714/combined.parquet,16f88a93c2bc7d4fdd8ff2d0ddf87573ddda7ea9f1afa434f855b04e56d43cd0,upstox,quote,7938310,878,198,True,True,True,True,True,True,True,True,True,False,True,False,False,NO_POINT_IN_TIME_INSTRUMENT_AUTHORITY
runtime/market_data/upstox/20260714/ticks_1784007003.parquet,/Users/madhuram/tradebot-option-e2e-contract-reconstruction-v4/runtime/market_data/upstox/20260714/ticks_1784007003.parquet,c5c1fb334df81527835fba8c7fd8138b4f485b3f9362c733e109e12318c6cbcb,upstox,quote,290767,878,198,True,True,True,True,True,True,True,True,True,False,True,False,False,NO_POINT_IN_TIME_INSTRUMENT_AUTHORITY
runtime/market_data/upstox/20260714/ticks_1784007604.parquet,/Users/madhuram/tradebot-option-e2e-contract-reconstruction-v4/runtime/market_data/upstox/20260714/ticks_1784007604.parquet,7ebcc68d1dcc816d5a465294e0973f712e2be3e83d4067a584377dc13764f128,upstox,quote,279490,878,198,True,True,True,True,True,True,True,True,True,False,True,False,False,NO_POINT_IN_TIME_INSTRUMENT_AUTHORITY
runtime/market_data/upstox/20260714/ticks_1784008205.parquet,/Users/madhuram/tradebot-option-e2e-contract-reconstruction-v4/runtime/market_data/upstox/20260714/ticks_1784008205.parquet,a8e17f98714ab70ed421e94cba8713afe3538d401b61d2ba3ec773046e7cc5a1,upstox,quote,288736,878,198,True,True,True,True,True,True,True,True,True,False,True,False,False,NO_POINT_IN_TIME_INSTRUMENT_AUTHORITY
runtime/market_data/upstox/20260714/ticks_1784008806.parquet,/Users/madhuram/tradebot-option-e2e-contract-reconstruction-v4/runtime/market_data/upstox/20260714/ticks_1784008806.parquet,8d434e59abd4a5f8126b6187fce064f7c47305931e120582a9669a7095c22a41,upstox,quote,276122,878,198,True,True,True,True,True,True,True,True,True,False,True,False,False,NO_POINT_IN_TIME_INSTRUMENT_AUTHORITY
runtime/market_data/upstox/20260714/ticks_1784009407.parquet,/Users/madhuram/tradebot-option-e2e-contract-reconstruction-v4/runtime/market_data/upstox/20260714/ticks_1784009407.parquet,eecb9d7e2a1d955c250c57121bc449c41045a6ac967072da16df182147efa909,upstox,quote,281494,878,198,True,True,True,True,True,True,True,True,True,False,True,False,False,NO_POINT_IN_TIME_INSTRUMENT_AUTHORITY
runtime/market_data/upstox/20260714/ticks_1784010019.parquet,/Users/madhuram/tradebot-option-e2e-contract-reconstruction-v4/runtime/market_data/upstox/20260714/ticks_1784010019.parquet,f25042c211ddac91921d0947b87423051a05fc42b4e66b3870c5bfbb254e9196,upstox,quote,290584,878,198,True,True,True,True,True,True,True,True,True,False,True,False,False,NO_POINT_IN_TIME_INSTRUMENT_AUTHORITY
runtime/market_data/upstox/20260714/ticks_1784010621.parquet,/Users/madhuram/tradebot-option-e2e-contract-reconstruction-v4/runtime/market_data/upstox/20260714/ticks_1784010621.parquet,8706d82dfd4e3da751041e575b13a4bd98d40460ba9294bd4d9cd441ba506ba0,upstox,quote,284146,874,198,True,True,True,True,True,True,True,True,True,False,True,False,False,NO_POINT_IN_TIME_INSTRUMENT_AUTHORITY
runtime/market_data/upstox/20260714/ticks_1784011223.parquet,/Users/madhuram/tradebot-option-e2e-contract-reconstruction-v4/runtime/market_data/upstox/20260714/ticks_1784011223.parquet,9297ca6bf385f171b34c87c9c9a5857131819bed3b2db7847a3b2909d42bef3e,upstox,quote,284220,878,198,True,True,True,True,True,True,True,True,True,False,True,False,False,NO_POINT_IN_TIME_INSTRUMENT_AUTHORITY
runtime/market_data/upstox/20260714/ticks_1784011825.parquet,/Users/madhuram/tradebot-option-e2e-contract-reconstruction-v4/runtime/market_data/upstox/20260714/ticks_1784011825.parquet,c7e29d59ea447cbe814c9bd4bec4616c84212fb373ca3c636df776ba3bad3d36,upstox,quote,286953,878,198,True,True,True,True,True,True,True,True,True,False,True,False,False,NO_POINT_IN_TIME_INSTRUMENT_AUTHORITY
runtime/market_data/upstox/20260714/ticks_1784012426.parquet,/Users/madhuram/tradebot-option-e2e-contract-reconstruction-v4/runtime/market_data/upstox/20260714/ticks_1784012426.parquet,eb1b78794fb4d8b85b4fc076ff287f40334933c97284c3e439edc323c5367baf,upstox,quote,279818,876,198,True,True,True,True,True,True,True,True,True,False,True,False,False,NO_POINT_IN_TIME_INSTRUMENT_AUTHORITY
runtime/market_data/upstox/20260714/ticks_1784013026.parquet,/Users/madhuram/tradebot-option-e2e-contract-reconstruction-v4/runtime/market_data/upstox/20260714/ticks_1784013026.parquet,988585aca384ec206ff32fb14dd4d4c9690d633bd99c581d9293f0e6b9d39f54,upstox,quote,282312,875,198,True,True,True,True,True,True,True,True,True,False,True,False,False,NO_POINT_IN_TIME_INSTRUMENT_AUTHORITY
runtime/market_data/upstox/20260714/ticks_1784013627.parquet,/Users/madhuram/tradebot-option-e2e-contract-reconstruction-v4/runtime/market_data/upstox/20260714/ticks_1784013627.parquet,85fe55533636b2b28ecd864225282715039127f187fdaf26c675eda124771a3c,upstox,quote,272059,878,198,True,True,True,True,True,True,True,True,True,False,True,False,False,NO_POINT_IN_TIME_INSTRUMENT_AUTHORITY
runtime/market_data/upstox/20260714/ticks_1784014228.parquet,/Users/madhuram/tradebot-option-e2e-contract-reconstruction-v4/runtime/market_data/upstox/20260714/ticks_1784014228.parquet,a647e2b5fc3bc55a817bf4f4e22eccc28b2ee7f3b39781d4940fb5a57f7786b9,upstox,quote,277026,876,198,True,True,True,True,True,True,True,True,True,False,True,False,False,NO_POINT_IN_TIME_INSTRUMENT_AUTHORITY
runtime/market_data/upstox/20260714/ticks_1784014829.parquet,/Users/madhuram/tradebot-option-e2e-contract-reconstruction-v4/runtime/market_data/upstox/20260714/ticks_1784014829.parquet,a5f2bf22e2f76cff3b9407857238791c91d6a67c52314a0aa485fc483bfa13e4,upstox,quote,272031,876,198,True,True,True,True,True,True,True,True,True,False,True,False,False,NO_POINT_IN_TIME_INSTRUMENT_AUTHORITY
runtime/market_data/upstox/20260714/ticks_1784015430.parquet,/Users/madhuram/tradebot-option-e2e-contract-reconstruction-v4/runtime/market_data/upstox/20260714/ticks_1784015430.parquet,616d4a964fa23428be0ddf31bce86a5a2c32f7a6bf77ab6c00f93f3a9f010dad,upstox,quote,271687,873,198,True,True,True,True,True,True,True,True,True,False,True,False,False,NO_POINT_IN_TIME_INSTRUMENT_AUTHORITY
runtime/market_data/upstox/20260714/ticks_1784016031.parquet,/Users/madhuram/tradebot-option-e2e-contract-reconstruction-v4/runtime/market_data/upstox/20260714/ticks_1784016031.parquet,30e6b7372cd521c80831a0da478e2402ce884c20bc00e47d7ea07122473ebda7,upstox,quote,277452,878,198,True,True,True,True,True,True,True,True,True,False,True,False,False,NO_POINT_IN_TIME_INSTRUMENT_AUTHORITY
runtime/market_data/upstox/20260714/ticks_1784016632.parquet,/Users/madhuram/tradebot-option-e2e-contract-reconstruction-v4/runtime/market_data/upstox/20260714/ticks_1784016632.parquet,70afbfb0d6fa5b88b9987159a45c7054469f7d7852d3537a2440b396b8ecdf46,upstox,quote,292388,878,198,True,True,True,True,True,True,True,True,True,False,True,False,False,NO_POINT_IN_TIME_INSTRUMENT_AUTHORITY
runtime/market_data/upstox/20260714/ticks_1784017233.parquet,/Users/madhuram/tradebot-option-e2e-contract-reconstruction-v4/runtime/market_data/upstox/20260714/ticks_1784017233.parquet,d82df09c7c366ae946376fe99066f71c79b02b33e63afac8f3536727fbd9fee9,upstox,quote,293361,876,198,True,True,True,True,True,True,True,True,True,False,True,False,False,NO_POINT_IN_TIME_INSTRUMENT_AUTHORITY
runtime/market_data/upstox/20260714/ticks_1784017834.parquet,/Users/madhuram/tradebot-option-e2e-contract-reconstruction-v4/runtime/market_data/upstox/20260714/ticks_1784017834.parquet,b68e0214c433b9cc3b8ebd768d47934d77fe7c49d6f1f04b0f791714d324dac6,upstox,quote,273528,877,198,True,True,True,True,True,True,True,True,True,False,True,False,False,NO_POINT_IN_TIME_INSTRUMENT_AUTHORITY
runtime/market_data/upstox/20260714/ticks_1784018435.parquet,/Users/madhuram/tradebot-option-e2e-contract-reconstruction-v4/runtime/market_data/upstox/20260714/ticks_1784018435.parquet,49c3e1a84f3b20bd035914ca5dc1503af786f872b7a8a3ecbf55813cd8879413,upstox,quote,273304,872,198,True,True,True,True,True,True,True,True,True,False,True,False,False,NO_POINT_IN_TIME_INSTRUMENT_AUTHORITY
runtime/market_data/upstox/20260714/ticks_1784019036.parquet,/Users/madhuram/tradebot-option-e2e-contract-reconstruction-v4/runtime/market_data/upstox/20260714/ticks_1784019036.parquet,51748d8bc53188389567797a37419dd647a2ad389768ce03a9dcf1feb6112db8,upstox,quote,276134,871,198,True,True,True,True,True,True,True,True,True,False,True,False,False,NO_POINT_IN_TIME_INSTRUMENT_AUTHORITY
runtime/market_data/upstox/20260714/ticks_1784019637.parquet,/Users/madhuram/tradebot-option-e2e-contract-reconstruction-v4/runtime/market_data/upstox/20260714/ticks_1784019637.parquet,3a0f04741afe8f08e776ba5ffd157bb783ddfe8b43339fc1aa4ca180ecc0fa8c,upstox,quote,284611,878,198,True,True,True,True,True,True,True,True,True,False,True,False,False,NO_POINT_IN_TIME_INSTRUMENT_AUTHORITY
runtime/market_data/upstox/20260714/ticks_1784020237.parquet,/Users/madhuram/tradebot-option-e2e-contract-reconstruction-v4/runtime/market_data/upstox/20260714/ticks_1784020237.parquet,41a84f9caf2c2cdf3b6fe176b41454dd30bfa794317c503ef4d99a8b5d54c4af,upstox,quote,288635,877,198,True,True,True,True,True,True,True,True,True,False,True,False,False,NO_POINT_IN_TIME_INSTRUMENT_AUTHORITY
runtime/market_data/upstox/20260714/ticks_1784020838.parquet,/Users/madhuram/tradebot-option-e2e-contract-reconstruction-v4/runtime/market_data/upstox/20260714/ticks_1784020838.parquet,00c1523c2b2d87ab8d6bb5fed157fddf20d1894ceb108fb9a888d006fac41799,upstox,quote,293015,877,198,True,True,True,True,True,True,True,True,True,False,True,False,False,NO_POINT_IN_TIME_INSTRUMENT_AUTHORITY
runtime/market_data/upstox/20260714/ticks_1784021439.parquet,/Users/madhuram/tradebot-option-e2e-contract-reconstruction-v4/runtime/market_data/upstox/20260714/ticks_1784021439.parquet,e8696666eda8ca686faacb7b279adec0c9788895e75ab93708f17d7aaf5002e7,upstox,quote,301259,877,198,True,True,True,True,True,True,True,True,True,False,True,False,False,NO_POINT_IN_TIME_INSTRUMENT_AUTHORITY
runtime/market_data/upstox/20260714/ticks_1784022040.parquet,/Users/madhuram/tradebot-option-e2e-contract-reconstruction-v4/runtime/market_data/upstox/20260714/ticks_1784022040.parquet,24fbcf7e22cfd3957cd2a7a9c946b36e5e7eaf739fe6471d24f8e528f5ab14a7,upstox,quote,309877,878,198,True,True,True,True,True,True,True,True,True,False,True,False,False,NO_POINT_IN_TIME_INSTRUMENT_AUTHORITY
runtime/market_data/upstox/20260714/ticks_1784022642.parquet,/Users/madhuram/tradebot-option-e2e-contract-reconstruction-v4/runtime/market_data/upstox/20260714/ticks_1784022642.parquet,7351a3b369c51d9163a0fbc6c37beec5aedf3578e8cea859bb75dc385255f0e5,upstox,quote,296372,878,198,True,True,True,True,True,True,True,True,True,False,True,False,False,NO_POINT_IN_TIME_INSTRUMENT_AUTHORITY
runtime/market_data/upstox/20260714/ticks_1784023243.parquet,/Users/madhuram/tradebot-option-e2e-contract-reconstruction-v4/runtime/market_data/upstox/20260714/ticks_1784023243.parquet,5c653f0ab20e1067649ddeef296e5f574dbf342c1844ab6f3775d1aa6bd418a0,upstox,quote,258104,878,198,True,True,True,True,True,True,True,True,True,False,True,False,False,NO_POINT_IN_TIME_INSTRUMENT_AUTHORITY
runtime/market_data/upstox/20260714/ticks_1784023500.parquet,/Users/madhuram/tradebot-option-e2e-contract-reconstruction-v4/runtime/market_data/upstox/20260714/ticks_1784023500.parquet,09926b5fff860e8fb0173f51b420a34c0e9e58b3bf3cedfee49e0c534778c011,upstox,quote,2825,4,0,True,True,False,False,False,False,True,True,True,False,False,False,False,NO_NIFTY_CE_PE_TOKEN_MATCH;NO_POINT_IN_TIME_INSTRUMENT_AUTHORITY;NO_POST_EXPIRY_PROOF_UNAVAILABLE_OR_FAILED
runtime/market_data/upstox/20260715/ticks_1784090271.parquet,/Users/madhuram/tradebot-option-e2e-contract-reconstruction-v4/runtime/market_data/upstox/20260715/ticks_1784090271.parquet,8a12e1658be48f83ec6ea513fe443f92756a8931ecaf41d469344e73eac8bf1d,upstox,quote,295795,866,160,True,True,True,True,True,True,True,True,True,False,True,False,False,NO_POINT_IN_TIME_INSTRUMENT_AUTHORITY
runtime/market_data/upstox/20260715/ticks_1784090874.parquet,/Users/madhuram/tradebot-option-e2e-contract-reconstruction-v4/runtime/market_data/upstox/20260715/ticks_1784090874.parquet,1661000de2993928fe7922678e1f64bfdf53e2493671bb402b60637b6881f9aa,upstox,quote,290753,866,160,True,True,True,True,True,True,True,True,True,False,True,False,False,NO_POINT_IN_TIME_INSTRUMENT_AUTHORITY
runtime/market_data/upstox/20260715/ticks_1784091477.parquet,/Users/madhuram/tradebot-option-e2e-contract-reconstruction-v4/runtime/market_data/upstox/20260715/ticks_1784091477.parquet,1dbc5fc1841682a1ae6a5adf6ea969f5c9ed6bbd5d712a3b86f39f3c5092eb77,upstox,quote,286825,865,160,True,True,True,True,True,True,True,True,True,False,True,False,False,NO_POINT_IN_TIME_INSTRUMENT_AUTHORITY
runtime/market_data/upstox/20260715/ticks_1784092079.parquet,/Users/madhuram/tradebot-option-e2e-contract-reconstruction-v4/runtime/market_data/upstox/20260715/ticks_1784092079.parquet,734119d67cec412dee21fa18a5a2f6a34b25ddab88737d3c95aff0fc8cdf7504,upstox,quote,281039,866,160,True,True,True,True,True,True,True,True,True,False,True,False,False,NO_POINT_IN_TIME_INSTRUMENT_AUTHORITY
runtime/market_data/upstox/20260715/ticks_1784092682.parquet,/Users/madhuram/tradebot-option-e2e-contract-reconstruction-v4/runtime/market_data/upstox/20260715/ticks_1784092682.parquet,94011b4762ec64f1bf50f9fe64faa4f71704a1eb1ec9aa57406fd9b90baa14eb,upstox,quote,279315,866,160,True,True,True,True,True,True,True,True,True,False,True,False,False,NO_POINT_IN_TIME_INSTRUMENT_AUTHORITY
runtime/market_data/upstox/20260715/ticks_1784093286.parquet,/Users/madhuram/tradebot-option-e2e-contract-reconstruction-v4/runtime/market_data/upstox/20260715/ticks_1784093286.parquet,109b218098d5bd47dbbfc583b4c7a04fdab8ab26aa6f34fd861a8adf9287cbeb,upstox,quote,281185,866,160,True,True,True,True,True,True,True,True,True,False,True,False,False,NO_POINT_IN_TIME_INSTRUMENT_AUTHORITY
runtime/market_data/upstox/20260715/ticks_1784093889.parquet,/Users/madhuram/tradebot-option-e2e-contract-reconstruction-v4/runtime/market_data/upstox/20260715/ticks_1784093889.parquet,66f2755221e585ce374db2c6fa8f7ec3268926db854391e3ce6bd5593993246f,upstox,quote,283341,862,160,True,True,True,True,True,True,True,True,True,False,True,False,False,NO_POINT_IN_TIME_INSTRUMENT_AUTHORITY
runtime/market_data/upstox/20260715/ticks_1784094492.parquet,/Users/madhuram/tradebot-option-e2e-contract-reconstruction-v4/runtime/market_data/upstox/20260715/ticks_1784094492.parquet,489a0b33622c1b792aaab85bfb96677a571dddf990809dbb3892fee8cc92fbfb,upstox,quote,286324,865,160,True,True,True,True,True,True,True,True,True,False,True,False,False,NO_POINT_IN_TIME_INSTRUMENT_AUTHORITY
runtime/market_data/upstox/20260715/ticks_1784095093.parquet,/Users/madhuram/tradebot-option-e2e-contract-reconstruction-v4/runtime/market_data/upstox/20260715/ticks_1784095093.parquet,8dedf6f4c7ae17dbb65f5998c3da70f1fe15504711f90b4d4ab7ac907af2b271,upstox,quote,277959,866,160,True,True,True,True,True,True,True,True,True,False,True,False,False,NO_POINT_IN_TIME_INSTRUMENT_AUTHORITY
runtime/market_data/upstox/20260715/ticks_1784096263.parquet,/Users/madhuram/tradebot-option-e2e-contract-reconstruction-v4/runtime/market_data/upstox/20260715/ticks_1784096263.parquet,826780e0c8f76e8272fffdbd39a5740137059f68a1909d62128fbdd0d06264ae,upstox,quote,294320,866,160,True,True,True,True,True,True,True,True,True,False,True,False,False,NO_POINT_IN_TIME_INSTRUMENT_AUTHORITY
runtime/market_data/upstox/20260715/ticks_1784096893.parquet,/Users/madhuram/tradebot-option-e2e-contract-reconstruction-v4/runtime/market_data/upstox/20260715/ticks_1784096893.parquet,cb44d0c259f6f548872db59da682ae70a0fa2ff9e4cd6e0913be7b11db73eda9,upstox,quote,296172,866,160,True,True,True,True,True,True,True,True,True,False,True,False,False,NO_POINT_IN_TIME_INSTRUMENT_AUTHORITY
runtime/market_data/upstox/20260715/ticks_1784097496.parquet,/Users/madhuram/tradebot-option-e2e-contract-reconstruction-v4/runtime/market_data/upstox/20260715/ticks_1784097496.parquet,63bb9cda9b8da7d0604714ea28f592cf67ad13d7a1a85ffa944b8b7b4db97c9c,upstox,quote,272913,863,160,True,True,True,True,True,True,True,True,True,False,True,False,False,NO_POINT_IN_TIME_INSTRUMENT_AUTHORITY
runtime/market_data/upstox/20260715/ticks_1784098099.parquet,/Users/madhuram/tradebot-option-e2e-contract-reconstruction-v4/runtime/market_data/upstox/20260715/ticks_1784098099.parquet,8da473a6690dd06c813a04b1f7545b79203c58e1720d931dba9bc68777a7e14c,upstox,quote,281924,865,160,True,True,True,True,True,True,True,True,True,False,True,False,False,NO_POINT_IN_TIME_INSTRUMENT_AUTHORITY
runtime/market_data/upstox/20260715/ticks_1784098700.parquet,/Users/madhuram/tradebot-option-e2e-contract-reconstruction-v4/runtime/market_data/upstox/20260715/ticks_1784098700.parquet,06e370a6adbf930aff2b2c7dd484f5ce178976df6a78cccccf70502081f5ebbf,upstox,quote,285131,862,160,True,True,True,True,True,True,True,True,True,False,True,False,False,NO_POINT_IN_TIME_INSTRUMENT_AUTHORITY
runtime/market_data/upstox/20260715/ticks_1784099302.parquet,/Users/madhuram/tradebot-option-e2e-contract-reconstruction-v4/runtime/market_data/upstox/20260715/ticks_1784099302.parquet,7826d658b3b630d994e010d4a9f5f1a04301b4e81189bafd9d200cc9c768db63,upstox,quote,294620,866,160,True,True,True,True,True,True,True,True,True,False,True,False,False,NO_POINT_IN_TIME_INSTRUMENT_AUTHORITY
runtime/market_data/upstox/20260715/ticks_1784099905.parquet,/Users/madhuram/tradebot-option-e2e-contract-reconstruction-v4/runtime/market_data/upstox/20260715/ticks_1784099905.parquet,7d9493f7a67c4e7a5b3355fbc1fe9f7ab83ccef4972c87cb92c31841dc3ea5da,upstox,quote,302933,861,160,True,True,True,True,True,True,True,True,True,False,True,False,False,NO_POINT_IN_TIME_INSTRUMENT_AUTHORITY
runtime/market_data/upstox/20260715/ticks_1784100507.parquet,/Users/madhuram/tradebot-option-e2e-contract-reconstruction-v4/runtime/market_data/upstox/20260715/ticks_1784100507.parquet,33a1f82be599d1a421cf97a0fc8b709e37fbc9b882d9f174b4fc9684e49ea0ca,upstox,quote,333397,866,160,True,True,True,True,True,True,True,True,True,False,True,False,False,NO_POINT_IN_TIME_INSTRUMENT_AUTHORITY
runtime/market_data/upstox/20260715/ticks_1784101109.parquet,/Users/madhuram/tradebot-option-e2e-contract-reconstruction-v4/runtime/market_data/upstox/20260715/ticks_1784101109.parquet,2042beb10aba9a32fcae8b004b447e8b21b513f3763dabe59f829c63a2ecec69,upstox,quote,344479,866,160,True,True,True,True,True,True,True,True,True,False,True,False,False,NO_POINT_IN_TIME_INSTRUMENT_AUTHORITY
runtime/market_data/upstox/20260715/ticks_1784101721.parquet,/Users/madhuram/tradebot-option-e2e-contract-reconstruction-v4/runtime/market_data/upstox/20260715/ticks_1784101721.parquet,af408fc43dca2f55908291d96515b8131a304e834c4ccb64a93492b5d197ddeb,upstox,quote,335438,866,160,True,True,True,True,True,True,True,True,True,False,True,False,False,NO_POINT_IN_TIME_INSTRUMENT_AUTHORITY
runtime/market_data/upstox/20260715/ticks_1784102324.parquet,/Users/madhuram/tradebot-option-e2e-contract-reconstruction-v4/runtime/market_data/upstox/20260715/ticks_1784102324.parquet,3d2a9d2eba56d6b06598809b65c9d8a7f842177961f3a90f1c2724ba6e960c8b,upstox,quote,314859,862,160,True,True,True,True,True,True,True,True,True,False,True,False,False,NO_POINT_IN_TIME_INSTRUMENT_AUTHORITY
runtime/market_data/upstox/20260715/ticks_1784102927.parquet,/Users/madhuram/tradebot-option-e2e-contract-reconstruction-v4/runtime/market_data/upstox/20260715/ticks_1784102927.parquet,6b4a1c766a80dc88b04ce649bb1579d582de9c2d6e5a80ca6928dab80f9e2c9c,upstox,quote,304185,862,160,True,True,True,True,True,True,True,True,True,False,True,False,False,NO_POINT_IN_TIME_INSTRUMENT_AUTHORITY
runtime/market_data/upstox/20260715/ticks_1784103528.parquet,/Users/madhuram/tradebot-option-e2e-contract-reconstruction-v4/runtime/market_data/upstox/20260715/ticks_1784103528.parquet,e198522901500e487e5c36503f50a8bd7d0df9d9cd12d916efcb6476b32ca64b,upstox,quote,306338,864,160,True,True,True,True,True,True,True,True,True,False,True,False,False,NO_POINT_IN_TIME_INSTRUMENT_AUTHORITY
runtime/market_data/upstox/20260715/ticks_1784104136.parquet,/Users/madhuram/tradebot-option-e2e-contract-reconstruction-v4/runtime/market_data/upstox/20260715/ticks_1784104136.parquet,96f0772b48ac06d532a2c38fe824d8e853643d882ba75dd401b9cb8a048c98d1,upstox,quote,307086,865,160,True,True,True,True,True,True,True,True,True,False,True,False,False,NO_POINT_IN_TIME_INSTRUMENT_AUTHORITY
runtime/market_data/upstox/20260715/ticks_1784104740.parquet,/Users/madhuram/tradebot-option-e2e-contract-reconstruction-v4/runtime/market_data/upstox/20260715/ticks_1784104740.parquet,ef205a0d73c83ad9bcf47fa941b48d07b6a13c210b42e2ae123c5ccbbf60f91f,upstox,quote,306985,861,160,True,True,True,True,True,True,True,True,True,False,True,False,False,NO_POINT_IN_TIME_INSTRUMENT_AUTHORITY
runtime/market_data/upstox/20260715/ticks_1784105343.parquet,/Users/madhuram/tradebot-option-e2e-contract-reconstruction-v4/runtime/market_data/upstox/20260715/ticks_1784105343.parquet,d0e0717afb051343c0e4dec5bfe784bdddfa5395be73d1d5bf2f03731892360b,upstox,quote,300301,863,160,True,True,True,True,True,True,True,True,True,False,True,False,False,NO_POINT_IN_TIME_INSTRUMENT_AUTHORITY
runtime/market_data/upstox/20260715/ticks_1784105944.parquet,/Users/madhuram/tradebot-option-e2e-contract-reconstruction-v4/runtime/market_data/upstox/20260715/ticks_1784105944.parquet,a9d2d15205824b081bad3e691d0c8968cdd444cf21e525eb018361c521d8a46d,upstox,quote,293893,866,160,True,True,True,True,True,True,True,True,True,False,True,False,False,NO_POINT_IN_TIME_INSTRUMENT_AUTHORITY
runtime/market_data/upstox/20260715/ticks_1784106545.parquet,/Users/madhuram/tradebot-option-e2e-contract-reconstruction-v4/runtime/market_data/upstox/20260715/ticks_1784106545.parquet,aa463b06e1ec13e7c9d96fe958ab37c82e54214a2ef5559904b1f5a5259764ec,upstox,quote,298494,866,160,True,True,True,True,True,True,True,True,True,False,True,False,False,NO_POINT_IN_TIME_INSTRUMENT_AUTHORITY
runtime/market_data/upstox/20260715/ticks_1784107146.parquet,/Users/madhuram/tradebot-option-e2e-contract-reconstruction-v4/runtime/market_data/upstox/20260715/ticks_1784107146.parquet,88af920e0452b4f1be39112e233235a988805a8af19fe48dbe7f2c4af38c1056,upstox,quote,304713,866,160,True,True,True,True,True,True,True,True,True,False,True,False,False,NO_POINT_IN_TIME_INSTRUMENT_AUTHORITY
runtime/market_data/upstox/20260715/ticks_1784107746.parquet,/Users/madhuram/tradebot-option-e2e-contract-reconstruction-v4/runtime/market_data/upstox/20260715/ticks_1784107746.parquet,92eacb73fe1d55ea1db261de0c84ed93198bd6771667be5e4a31950e95c992cc,upstox,quote,289050,866,160,True,True,True,True,True,True,True,True,True,False,True,False,False,NO_POINT_IN_TIME_INSTRUMENT_AUTHORITY
runtime/market_data/upstox/20260715/ticks_1784108347.parquet,/Users/madhuram/tradebot-option-e2e-contract-reconstruction-v4/runtime/market_data/upstox/20260715/ticks_1784108347.parquet,e4442bd374f0a6cc881d1c7dd020239085c9b321369982a99db6cd1e53282ea0,upstox,quote,311588,864,160,True,True,True,True,True,True,True,True,True,False,True,False,False,NO_POINT_IN_TIME_INSTRUMENT_AUTHORITY
runtime/market_data/upstox/20260715/ticks_1784108949.parquet,/Users/madhuram/tradebot-option-e2e-contract-reconstruction-v4/runtime/market_data/upstox/20260715/ticks_1784108949.parquet,055adb02d215af07b205b5cfe712388b771c8071191afd76bac7912e57e72ff9,upstox,quote,303457,866,160,True,True,True,True,True,True,True,True,True,False,True,False,False,NO_POINT_IN_TIME_INSTRUMENT_AUTHORITY
runtime/market_data/upstox/20260715/ticks_1784109550.parquet,/Users/madhuram/tradebot-option-e2e-contract-reconstruction-v4/runtime/market_data/upstox/20260715/ticks_1784109550.parquet,299b9890899563c9e95a973599ae01d7e6e369c27813ad3ab04be249ef32016c,upstox,quote,311464,866,160,True,True,True,True,True,True,True,True,True,False,True,False,False,NO_POINT_IN_TIME_INSTRUMENT_AUTHORITY
runtime/market_data/upstox/20260716/ticks_1784174050.parquet,/Users/madhuram/tradebot-option-e2e-contract-reconstruction-v4/runtime/market_data/upstox/20260716/ticks_1784174050.parquet,ede741d15a2bec4efeaf9d9be1c7a8e002edd613c208fec5318cddb37e56ffea,upstox,quote,297062,866,160,True,True,True,True,True,True,True,True,True,False,True,False,False,NO_POINT_IN_TIME_INSTRUMENT_AUTHORITY
runtime/market_data/upstox/20260716/ticks_1784174656.parquet,/Users/madhuram/tradebot-option-e2e-contract-reconstruction-v4/runtime/market_data/upstox/20260716/ticks_1784174656.parquet,e082bc872cdcd2058ae9838fe226693df205352bfb6df4f488de0d514f031f1f,upstox,quote,310158,866,160,True,True,True,True,True,True,True,True,True,False,True,False,False,NO_POINT_IN_TIME_INSTRUMENT_AUTHORITY
runtime/market_data/upstox/20260716/ticks_1784175258.parquet,/Users/madhuram/tradebot-option-e2e-contract-reconstruction-v4/runtime/market_data/upstox/20260716/ticks_1784175258.parquet,2450d1b37e9110e02190867f833f3d6a92317245925fd4e88dd78b75c646b664,upstox,quote,303504,866,160,True,True,True,True,True,True,True,True,True,False,True,False,False,NO_POINT_IN_TIME_INSTRUMENT_AUTHORITY
runtime/market_data/upstox/20260716/ticks_1784175861.parquet,/Users/madhuram/tradebot-option-e2e-contract-reconstruction-v4/runtime/market_data/upstox/20260716/ticks_1784175861.parquet,db81fe1e7c7471461067f7baccace59eb5eff13214e3264e3501f9060e0cf828,upstox,quote,288277,863,160,True,True,True,True,True,True,True,True,True,False,True,False,False,NO_POINT_IN_TIME_INSTRUMENT_AUTHORITY
runtime/market_data/upstox/20260716/ticks_1784176466.parquet,/Users/madhuram/tradebot-option-e2e-contract-reconstruction-v4/runtime/market_data/upstox/20260716/ticks_1784176466.parquet,2b1b04f105a44ca9a6eecf53447b18be1154b921d315453506ba82fed657125f,upstox,quote,277089,866,160,True,True,True,True,True,True,True,True,True,False,True,False,False,NO_POINT_IN_TIME_INSTRUMENT_AUTHORITY
runtime/market_data/upstox/20260716/ticks_1784177071.parquet,/Users/madhuram/tradebot-option-e2e-contract-reconstruction-v4/runtime/market_data/upstox/20260716/ticks_1784177071.parquet,ad3c913b3f6deaa51f849cd8bbdb302d78ccbdf6e1d941378be72e40ccb4f727,upstox,quote,268351,863,160,True,True,True,True,True,True,True,True,True,False,True,False,False,NO_POINT_IN_TIME_INSTRUMENT_AUTHORITY
runtime/market_data/upstox/20260716/ticks_1784177681.parquet,/Users/madhuram/tradebot-option-e2e-contract-reconstruction-v4/runtime/market_data/upstox/20260716/ticks_1784177681.parquet,3944c77d941d079f8eb0af4c5f560a8168115805989a5c5439564c66777c2ab7,upstox,quote,265055,862,160,True,True,True,True,True,True,True,True,True,False,True,False,False,NO_POINT_IN_TIME_INSTRUMENT_AUTHORITY
runtime/market_data/upstox/20260716/ticks_1784178292.parquet,/Users/madhuram/tradebot-option-e2e-contract-reconstruction-v4/runtime/market_data/upstox/20260716/ticks_1784178292.parquet,10f2248bfbfb86024af9855901498da12ab50bf087779d14bee27b1be59037ad,upstox,quote,275771,866,160,True,True,True,True,True,True,True,True,True,False,True,False,False,NO_POINT_IN_TIME_INSTRUMENT_AUTHORITY
runtime/market_data/upstox/20260716/ticks_1784178906.parquet,/Users/madhuram/tradebot-option-e2e-contract-reconstruction-v4/runtime/market_data/upstox/20260716/ticks_1784178906.parquet,411c6e680e392df3f064c5c0809a670f3301fa25dbbd63f5c67157a41f879c15,upstox,quote,266946,866,160,True,True,True,True,True,True,True,True,True,False,True,False,False,NO_POINT_IN_TIME_INSTRUMENT_AUTHORITY
runtime/market_data/upstox/20260716/ticks_1784179515.parquet,/Users/madhuram/tradebot-option-e2e-contract-reconstruction-v4/runtime/market_data/upstox/20260716/ticks_1784179515.parquet,50a6b3a194d8d38f737c37ba2ffe020c9101d58f422616bf2c688ff8c3d9f46c,upstox,quote,278321,866,160,True,True,True,True,True,True,True,True,True,False,True,False,False,NO_POINT_IN_TIME_INSTRUMENT_AUTHORITY
runtime/market_data/upstox/20260716/ticks_1784180123.parquet,/Users/madhuram/tradebot-option-e2e-contract-reconstruction-v4/runtime/market_data/upstox/20260716/ticks_1784180123.parquet,798e6e28852479ce57f944a5a6b5b727a68e7ddea2f05c7bc97024798bd34458,upstox,quote,319285,866,160,True,True,True,True,True,True,True,True,True,False,True,False,False,NO_POINT_IN_TIME_INSTRUMENT_AUTHORITY
runtime/market_data/upstox/20260716/ticks_1784180727.parquet,/Users/madhuram/tradebot-option-e2e-contract-reconstruction-v4/runtime/market_data/upstox/20260716/ticks_1784180727.parquet,6b906dba2141bce40bb1ffca5361f5be8583d79213a353e68f107376d4ef8b87,upstox,quote,285792,866,160,True,True,True,True,True,True,True,True,True,False,True,False,False,NO_POINT_IN_TIME_INSTRUMENT_AUTHORITY
runtime/market_data/upstox/20260716/ticks_1784181338.parquet,/Users/madhuram/tradebot-option-e2e-contract-reconstruction-v4/runtime/market_data/upstox/20260716/ticks_1784181338.parquet,47417c1192cdfc26ef885dc330701ce8583f094370c53565f25ecee4b21245c0,upstox,quote,283191,866,160,True,True,True,True,True,True,True,True,True,False,True,False,False,NO_POINT_IN_TIME_INSTRUMENT_AUTHORITY
runtime/market_data/upstox/20260716/ticks_1784181943.parquet,/Users/madhuram/tradebot-option-e2e-contract-reconstruction-v4/runtime/market_data/upstox/20260716/ticks_1784181943.parquet,f9da3368c632bee9b40f7a9bdbf5f66445d4ec7ac7ad9df5a85cc5a338bf5290,upstox,quote,287915,861,160,True,True,True,True,True,True,True,True,True,False,True,False,False,NO_POINT_IN_TIME_INSTRUMENT_AUTHORITY
runtime/market_data/upstox/20260716/ticks_1784182546.parquet,/Users/madhuram/tradebot-option-e2e-contract-reconstruction-v4/runtime/market_data/upstox/20260716/ticks_1784182546.parquet,0c2d45ac49e1a0064db39a4398551801f9ffa269670209b34a9c5055df73f740,upstox,quote,296980,864,160,True,True,True,True,True,True,True,True,True,False,True,False,False,NO_POINT_IN_TIME_INSTRUMENT_AUTHORITY
runtime/market_data/upstox/20260716/ticks_1784183150.parquet,/Users/madhuram/tradebot-option-e2e-contract-reconstruction-v4/runtime/market_data/upstox/20260716/ticks_1784183150.parquet,49537835f93c434837867921203705cd02961070714f6a33b250f0f367ac5ffb,upstox,quote,285364,865,160,True,True,True,True,True,True,True,True,True,False,True,False,False,NO_POINT_IN_TIME_INSTRUMENT_AUTHORITY
runtime/market_data/upstox/20260716/ticks_1784187570.parquet,/Users/madhuram/tradebot-option-e2e-contract-reconstruction-v4/runtime/market_data/upstox/20260716/ticks_1784187570.parquet,763283178db8ad277e5c15573174599272f8b762086174405cb67f2866ef4b79,upstox,quote,285927,866,160,True,True,True,True,True,True,True,True,True,False,True,False,False,NO_POINT_IN_TIME_INSTRUMENT_AUTHORITY
runtime/market_data/upstox/20260716/ticks_1784188172.parquet,/Users/madhuram/tradebot-option-e2e-contract-reconstruction-v4/runtime/market_data/upstox/20260716/ticks_1784188172.parquet,3e090cd6e37f3e9e38996147dee810ef197b526f87b8c3f3bcf85b6de674cf94,upstox,quote,274591,864,160,True,True,True,True,True,True,True,True,True,False,True,False,False,NO_POINT_IN_TIME_INSTRUMENT_AUTHORITY
runtime/market_data/upstox/20260716/ticks_1784188775.parquet,/Users/madhuram/tradebot-option-e2e-contract-reconstruction-v4/runtime/market_data/upstox/20260716/ticks_1784188775.parquet,19a449528a72a2fd8dfc4bdbd88230630a06d8bfddb7cc196c346156fe8dc3c4,upstox,quote,271118,866,160,True,True,True,True,True,True,True,True,True,False,True,False,False,NO_POINT_IN_TIME_INSTRUMENT_AUTHORITY
runtime/market_data/upstox/20260716/ticks_1784189377.parquet,/Users/madhuram/tradebot-option-e2e-contract-reconstruction-v4/runtime/market_data/upstox/20260716/ticks_1784189377.parquet,4fc6fbd3828813a30c349ef2963cf7a5cba272e187d6df9ad36bab6cfe34694e,upstox,quote,315979,865,160,True,True,True,True,True,True,True,True,True,False,True,False,False,NO_POINT_IN_TIME_INSTRUMENT_AUTHORITY
runtime/market_data/upstox/20260716/ticks_1784189980.parquet,/Users/madhuram/tradebot-option-e2e-contract-reconstruction-v4/runtime/market_data/upstox/20260716/ticks_1784189980.parquet,c177916d7d97a8e31dbd041c938c685af1aaef21aa2abf648a47ac4e7b0d833d,upstox,quote,299600,866,160,True,True,True,True,True,True,True,True,True,False,True,False,False,NO_POINT_IN_TIME_INSTRUMENT_AUTHORITY
runtime/market_data/upstox/20260716/ticks_1784190584.parquet,/Users/madhuram/tradebot-option-e2e-contract-reconstruction-v4/runtime/market_data/upstox/20260716/ticks_1784190584.parquet,0d8e3f6bff13c2fd05b65f1f57dd5848e45a8d768c974c655d5dcaf8c6119f71,upstox,quote,282713,866,160,True,True,True,True,True,True,True,True,True,False,True,False,False,NO_POINT_IN_TIME_INSTRUMENT_AUTHORITY
runtime/market_data/upstox/20260716/ticks_1784191186.parquet,/Users/madhuram/tradebot-option-e2e-contract-reconstruction-v4/runtime/market_data/upstox/20260716/ticks_1784191186.parquet,2e25c462015ce262d54ab87d62bb6d35c9ba944b29a7a158a6fa36b4b94de5ed,upstox,quote,278070,827,160,True,True,True,True,True,True,True,True,True,False,True,False,False,NO_POINT_IN_TIME_INSTRUMENT_AUTHORITY
runtime/market_data/upstox/20260716/ticks_1784191798.parquet,/Users/madhuram/tradebot-option-e2e-contract-reconstruction-v4/runtime/market_data/upstox/20260716/ticks_1784191798.parquet,605a17aa687bdbab81779be185b0b59dbdb5b7608ac0268919bce7ba54b3aa84,upstox,quote,275138,865,160,True,True,True,True,True,True,True,True,True,False,True,False,False,NO_POINT_IN_TIME_INSTRUMENT_AUTHORITY
runtime/market_data/upstox/20260716/ticks_1784192404.parquet,/Users/madhuram/tradebot-option-e2e-contract-reconstruction-v4/runtime/market_data/upstox/20260716/ticks_1784192404.parquet,0669e352ae08c1891c86c7e31aec143a053a52ef316ff899d2c383f91f5b4382,upstox,quote,273003,865,160,True,True,True,True,True,True,True,True,True,False,True,False,False,NO_POINT_IN_TIME_INSTRUMENT_AUTHORITY
runtime/market_data/upstox/20260716/ticks_1784193023.parquet,/Users/madhuram/tradebot-option-e2e-contract-reconstruction-v4/runtime/market_data/upstox/20260716/ticks_1784193023.parquet,d8961502d1989d52bc640416545cf1403f54f8541c99cea4577e734ff40975b0,upstox,quote,270081,823,156,True,True,True,True,True,True,True,True,True,False,True,False,False,NO_POINT_IN_TIME_INSTRUMENT_AUTHORITY
runtime/market_data/upstox/20260716/ticks_1784193634.parquet,/Users/madhuram/tradebot-option-e2e-contract-reconstruction-v4/runtime/market_data/upstox/20260716/ticks_1784193634.parquet,86080701eeb2c0e02af5a25bacc6003abdce669160e98e8a699b6db44af71de5,upstox,quote,265452,865,160,True,True,True,True,True,True,True,True,True,False,True,False,False,NO_POINT_IN_TIME_INSTRUMENT_AUTHORITY
runtime/market_data/upstox/20260716/ticks_1784194243.parquet,/Users/madhuram/tradebot-option-e2e-contract-reconstruction-v4/runtime/market_data/upstox/20260716/ticks_1784194243.parquet,542f7f3beaa6fe8a648b8b62118046f1f0817594865c42f86164adf513655c48,upstox,quote,283855,866,160,True,True,True,True,True,True,True,True,True,False,True,False,False,NO_POINT_IN_TIME_INSTRUMENT_AUTHORITY
runtime/market_data/upstox/20260716/ticks_1784194853.parquet,/Users/madhuram/tradebot-option-e2e-contract-reconstruction-v4/runtime/market_data/upstox/20260716/ticks_1784194853.parquet,c11f85abb2cd69cfd77b43e0984d89d4622c3294bab46d7eb654324270d2cd8e,upstox,quote,279876,866,160,True,True,True,True,True,True,True,True,True,False,True,False,False,NO_POINT_IN_TIME_INSTRUMENT_AUTHORITY
runtime/market_data/upstox/20260716/ticks_1784195463.parquet,/Users/madhuram/tradebot-option-e2e-contract-reconstruction-v4/runtime/market_data/upstox/20260716/ticks_1784195463.parquet,b64cbaf54bfe28b4bb93c6f77293f781a096f50a0fde031a2c19a971cec1448a,upstox,quote,271867,829,160,True,True,True,True,True,True,True,True,True,False,True,False,False,NO_POINT_IN_TIME_INSTRUMENT_AUTHORITY
runtime/market_data/upstox/20260716/ticks_1784196066.parquet,/Users/madhuram/tradebot-option-e2e-contract-reconstruction-v4/runtime/market_data/upstox/20260716/ticks_1784196066.parquet,09399727ccceda47641612fb5f244da37184031f9b14ec412759c6bc3f8c55d8,upstox,quote,220122,866,160,True,True,True,True,True,True,True,True,True,False,True,False,False,NO_POINT_IN_TIME_INSTRUMENT_AUTHORITY
runtime/market_data/upstox/20260716/ticks_1784196300.parquet,/Users/madhuram/tradebot-option-e2e-contract-reconstruction-v4/runtime/market_data/upstox/20260716/ticks_1784196300.parquet,eee111e16869b3440dbbbbd5e06abd621bf7972788215e51cd7808aa3fb6da41,upstox,quote,2576,4,0,True,True,False,False,False,False,True,True,True,False,False,False,False,NO_NIFTY_CE_PE_TOKEN_MATCH;NO_POINT_IN_TIME_INSTRUMENT_AUTHORITY;NO_POST_EXPIRY_PROOF_UNAVAILABLE_OR_FAILED
runtime/market_data/upstox/20260717/ticks_1784264220.parquet,/Users/madhuram/tradebot-option-e2e-contract-reconstruction-v4/runtime/market_data/upstox/20260717/ticks_1784264220.parquet,216110487e0ccc438750ac2e8295258feebfd2ffda2a385b5b452a12c694d405,upstox,quote,6627,862,160,True,True,True,True,True,True,True,True,True,False,True,False,False,NO_POINT_IN_TIME_INSTRUMENT_AUTHORITY
runtime/market_data/upstox/20260717/ticks_1784264232.parquet,/Users/madhuram/tradebot-option-e2e-contract-reconstruction-v4/runtime/market_data/upstox/20260717/ticks_1784264232.parquet,3dc7d760546206fdcdaea6f36e8f7dc6a114e86f5a34a418d3d2c48913ebfe33,upstox,quote,6021,543,159,True,True,True,True,True,True,True,True,True,False,True,False,False,NO_POINT_IN_TIME_INSTRUMENT_AUTHORITY
runtime/market_data/upstox/20260717/ticks_1784264244.parquet,/Users/madhuram/tradebot-option-e2e-contract-reconstruction-v4/runtime/market_data/upstox/20260717/ticks_1784264244.parquet,0790d6a9df0298ab36ebd69b0fa467f059eeff9b5e3ec6bb8572abe060fee879,upstox,quote,5982,716,156,True,True,True,True,True,True,True,True,True,False,True,False,False,NO_POINT_IN_TIME_INSTRUMENT_AUTHORITY
runtime/market_data/upstox/20260717/ticks_1784264256.parquet,/Users/madhuram/tradebot-option-e2e-contract-reconstruction-v4/runtime/market_data/upstox/20260717/ticks_1784264256.parquet,0260864818361f767e351985ade7a54f64f366ed09dc983321b0564f2c164b8c,upstox,quote,6225,552,157,True,True,True,True,True,True,True,True,True,False,True,False,False,NO_POINT_IN_TIME_INSTRUMENT_AUTHORITY
runtime/market_data/upstox/20260717/ticks_1784264269.parquet,/Users/madhuram/tradebot-option-e2e-contract-reconstruction-v4/runtime/market_data/upstox/20260717/ticks_1784264269.parquet,00c34b86cc86784e92519895f5ec851f93f8f963b87392175114c990a50ef87e,upstox,quote,6066,622,158,True,True,True,True,True,True,True,True,True,False,True,False,False,NO_POINT_IN_TIME_INSTRUMENT_AUTHORITY
runtime/market_data/upstox/20260717/ticks_1784264281.parquet,/Users/madhuram/tradebot-option-e2e-contract-reconstruction-v4/runtime/market_data/upstox/20260717/ticks_1784264281.parquet,7cdd2a17e0ff33d6b19a5535e2d86b50b59cfdcaf002d613ed7da207b45a8e85,upstox,quote,6740,757,159,True,True,True,True,True,True,True,True,True,False,True,False,False,NO_POINT_IN_TIME_INSTRUMENT_AUTHORITY
runtime/market_data/upstox/20260717/ticks_1784264293.parquet,/Users/madhuram/tradebot-option-e2e-contract-reconstruction-v4/runtime/market_data/upstox/20260717/ticks_1784264293.parquet,fc479879634ec3b729b7438087b33afe324dcd5955d94315b1baca5d1b4c18d4,upstox,quote,6250,677,158,True,True,True,True,True,True,True,True,True,False,True,False,False,NO_POINT_IN_TIME_INSTRUMENT_AUTHORITY
runtime/market_data/upstox/20260717/ticks_1784264305.parquet,/Users/madhuram/tradebot-option-e2e-contract-reconstruction-v4/runtime/market_data/upstox/20260717/ticks_1784264305.parquet,402809bc76a8ad4062128eb893c6c30f71e73dd6612296107c106f656cb9880e,upstox,quote,6071,603,158,True,True,True,True,True,True,True,True,True,False,True,False,False,NO_POINT_IN_TIME_INSTRUMENT_AUTHORITY
runtime/market_data/upstox/20260717/ticks_1784264317.parquet,/Users/madhuram/tradebot-option-e2e-contract-reconstruction-v4/runtime/market_data/upstox/20260717/ticks_1784264317.parquet,e2fd5dbaafaaabe379abf257068add7f0277827c0fb54f96044af4365a7b30fc,upstox,quote,6431,602,159,True,True,True,True,True,True,True,True,True,False,True,False,False,NO_POINT_IN_TIME_INSTRUMENT_AUTHORITY
runtime/market_data/upstox/20260717/ticks_1784264329.parquet,/Users/madhuram/tradebot-option-e2e-contract-reconstruction-v4/runtime/market_data/upstox/20260717/ticks_1784264329.parquet,c0d402dd234d3d1f68126c6184e7df8042d33f7b960f8aa9e6ade657969a0f76,upstox,quote,6694,747,158,True,True,True,True,True,True,True,True,True,False,True,False,False,NO_POINT_IN_TIME_INSTRUMENT_AUTHORITY
runtime/market_data/upstox/20260717/ticks_1784264341.parquet,/Users/madhuram/tradebot-option-e2e-contract-reconstruction-v4/runtime/market_data/upstox/20260717/ticks_1784264341.parquet,90fc3f599c047f0baf368bda674eb8f755406bc947fc5dad47d9c05c1f0a20cc,upstox,quote,6212,631,159,True,True,True,True,True,True,True,True,True,False,True,False,False,NO_POINT_IN_TIME_INSTRUMENT_AUTHORITY
runtime/market_data/upstox/20260717/ticks_1784264354.parquet,/Users/madhuram/tradebot-option-e2e-contract-reconstruction-v4/runtime/market_data/upstox/20260717/ticks_1784264354.parquet,ad1985983612beb516a75ffb6ae84ca6d7a387a89069837c6e8b56df9d7ae196,upstox,quote,6139,577,153,True,True,True,True,True,True,True,True,True,False,True,False,False,NO_POINT_IN_TIME_INSTRUMENT_AUTHORITY
runtime/market_data/upstox/20260717/ticks_1784264366.parquet,/Users/madhuram/tradebot-option-e2e-contract-reconstruction-v4/runtime/market_data/upstox/20260717/ticks_1784264366.parquet,0ae677f33045d1788f6faa7e3d77b51dfa3ea26df813fcb9cb67e35a0b2b0723,upstox,quote,6052,599,158,True,True,True,True,True,True,True,True,True,False,True,False,False,NO_POINT_IN_TIME_INSTRUMENT_AUTHORITY
runtime/market_data/upstox/20260717/ticks_1784264378.parquet,/Users/madhuram/tradebot-option-e2e-contract-reconstruction-v4/runtime/market_data/upstox/20260717/ticks_1784264378.parquet,f68324ede54d9cb32be602a25b266392c3e35aa9151275882fc3b76e93287290,upstox,quote,6333,720,159,True,True,True,True,True,True,True,True,True,False,True,False,False,NO_POINT_IN_TIME_INSTRUMENT_AUTHORITY
runtime/market_data/upstox/20260717/ticks_1784264390.parquet,/Users/madhuram/tradebot-option-e2e-contract-reconstruction-v4/runtime/market_data/upstox/20260717/ticks_1784264390.parquet,80b64fe8372fd52f10c6442ce9f8d03338af1431cdfc0982bc02d1758d5bf1cc,upstox,quote,6554,624,157,True,True,True,True,True,True,True,True,True,False,True,False,False,NO_POINT_IN_TIME_INSTRUMENT_AUTHORITY
runtime/market_data/upstox/20260717/ticks_1784264402.parquet,/Users/madhuram/tradebot-option-e2e-contract-reconstruction-v4/runtime/market_data/upstox/20260717/ticks_1784264402.parquet,7fa9a9c0300698551999a26f27226feccac8ea52451f6486e9b40434d0dfbb0d,upstox,quote,6635,719,157,True,True,True,True,True,True,True,True,True,False,True,False,False,NO_POINT_IN_TIME_INSTRUMENT_AUTHORITY
runtime/market_data/upstox/20260717/ticks_1784264414.parquet,/Users/madhuram/tradebot-option-e2e-contract-reconstruction-v4/runtime/market_data/upstox/20260717/ticks_1784264414.parquet,7cadac9b710372795def9d7673a751faf064ec28a14a2eb1d5e39773a5ae9fec,upstox,quote,6366,577,160,True,True,True,True,True,True,True,True,True,False,True,False,False,NO_POINT_IN_TIME_INSTRUMENT_AUTHORITY
runtime/market_data/upstox/20260717/ticks_1784264426.parquet,/Users/madhuram/tradebot-option-e2e-contract-reconstruction-v4/runtime/market_data/upstox/20260717/ticks_1784264426.parquet,bf7ffca7bdd313fceab71480ce89e07b98b6556086abb51a1bb001bfb9537b07,upstox,quote,6376,683,158,True,True,True,True,True,True,True,True,True,False,True,False,False,NO_POINT_IN_TIME_INSTRUMENT_AUTHORITY
runtime/market_data/upstox/20260717/ticks_1784264438.parquet,/Users/madhuram/tradebot-option-e2e-contract-reconstruction-v4/runtime/market_data/upstox/20260717/ticks_1784264438.parquet,0bbe6b38c866e481129146a454f1568d8b10ae3d47c146abfc386c431abb3b95,upstox,quote,6361,653,155,True,True,True,True,True,True,True,True,True,False,True,False,False,NO_POINT_IN_TIME_INSTRUMENT_AUTHORITY
runtime/market_data/upstox/20260717/ticks_1784264451.parquet,/Users/madhuram/tradebot-option-e2e-contract-reconstruction-v4/runtime/market_data/upstox/20260717/ticks_1784264451.parquet,72046c3c37d0b76650c1a722cd8b734716d71a65f1db848aebd3f2f0981e1749,upstox,quote,6267,640,154,True,True,True,True,True,True,True,True,True,False,True,False,False,NO_POINT_IN_TIME_INSTRUMENT_AUTHORITY
runtime/market_data/upstox/20260717/ticks_1784264463.parquet,/Users/madhuram/tradebot-option-e2e-contract-reconstruction-v4/runtime/market_data/upstox/20260717/ticks_1784264463.parquet,be4ac2a8c4a73ec9cfa5222ea1bd2c97901190c988ca80f4e184f8bb50d7ef9b,upstox,quote,6218,619,155,True,True,True,True,True,True,True,True,True,False,True,False,False,NO_POINT_IN_TIME_INSTRUMENT_AUTHORITY
runtime/market_data/upstox/20260717/ticks_1784264475.parquet,/Users/madhuram/tradebot-option-e2e-contract-reconstruction-v4/runtime/market_data/upstox/20260717/ticks_1784264475.parquet,f77ae1a5a4f3e840a589186dc7addf09c782a572935feab94c322becf69ae835,upstox,quote,6227,587,159,True,True,True,True,True,True,True,True,True,False,True,False,False,NO_POINT_IN_TIME_INSTRUMENT_AUTHORITY
runtime/market_data/upstox/20260717/ticks_1784264487.parquet,/Users/madhuram/tradebot-option-e2e-contract-reconstruction-v4/runtime/market_data/upstox/20260717/ticks_1784264487.parquet,691db93917d24eb2ee6ab2d8066321f3e1af73a5206415e592f0eb81bcc8c854,upstox,quote,6244,580,160,True,True,True,True,True,True,True,True,True,False,True,False,False,NO_POINT_IN_TIME_INSTRUMENT_AUTHORITY
runtime/market_data/upstox/20260717/ticks_1784264499.parquet,/Users/madhuram/tradebot-option-e2e-contract-reconstruction-v4/runtime/market_data/upstox/20260717/ticks_1784264499.parquet,6e3375217926127cb8a2040ac4b912e93f24bdc3cbab1a28c5f392039bfcb187,upstox,quote,6222,585,157,True,True,True,True,True,True,True,True,True,False,True,False,False,NO_POINT_IN_TIME_INSTRUMENT_AUTHORITY
runtime/market_data/upstox/20260717/ticks_1784264511.parquet,/Users/madhuram/tradebot-option-e2e-contract-reconstruction-v4/runtime/market_data/upstox/20260717/ticks_1784264511.parquet,cafe95592336509bdb4c71832ef46999b9f57ae551cf372d7055c0f2489d03f4,upstox,quote,6386,716,160,True,True,True,True,True,True,True,True,True,False,True,False,False,NO_POINT_IN_TIME_INSTRUMENT_AUTHORITY
runtime/market_data/upstox/20260717/ticks_1784264523.parquet,/Users/madhuram/tradebot-option-e2e-contract-reconstruction-v4/runtime/market_data/upstox/20260717/ticks_1784264523.parquet,5d660cbf8245f2262d19a6d770d4c9e5981dafe61a2c077bc64fb084eff37479,upstox,quote,6274,595,159,True,True,True,True,True,True,True,True,True,False,True,False,False,NO_POINT_IN_TIME_INSTRUMENT_AUTHORITY
runtime/market_data/upstox/20260717/ticks_1784264535.parquet,/Users/madhuram/tradebot-option-e2e-contract-reconstruction-v4/runtime/market_data/upstox/20260717/ticks_1784264535.parquet,5f1ad179ece6d92cf75a42c902a2003696339b73e321a26fa0ded3a02a7d54bf,upstox,quote,6194,635,159,True,True,True,True,True,True,True,True,True,False,True,False,False,NO_POINT_IN_TIME_INSTRUMENT_AUTHORITY
runtime/market_data/upstox/20260717/ticks_1784264548.parquet,/Users/madhuram/tradebot-option-e2e-contract-reconstruction-v4/runtime/market_data/upstox/20260717/ticks_1784264548.parquet,22bc026082a4cb09460a90367c037d8ad2e41f7bed831d03b24e9c60e7dac206,upstox,quote,6434,677,160,True,True,True,True,True,True,True,True,True,False,True,False,False,NO_POINT_IN_TIME_INSTRUMENT_AUTHORITY
runtime/market_data/upstox/20260717/ticks_1784264560.parquet,/Users/madhuram/tradebot-option-e2e-contract-reconstruction-v4/runtime/market_data/upstox/20260717/ticks_1784264560.parquet,7bef2cabae14b9aba83e073a76ef5f6271d8a6688d6495c9368b259792eeaf4f,upstox,quote,6878,705,160,True,True,True,True,True,True,True,True,True,False,True,False,False,NO_POINT_IN_TIME_INSTRUMENT_AUTHORITY
runtime/market_data/upstox/20260717/ticks_1784264572.parquet,/Users/madhuram/tradebot-option-e2e-contract-reconstruction-v4/runtime/market_data/upstox/20260717/ticks_1784264572.parquet,218441ee8d7808695e0388f2dbaab3d3493d52dd2b8d54ccaf96812c2c90cd35,upstox,quote,6408,606,158,True,True,True,True,True,True,True,True,True,False,True,False,False,NO_POINT_IN_TIME_INSTRUMENT_AUTHORITY
runtime/market_data/upstox/20260717/ticks_1784264584.parquet,/Users/madhuram/tradebot-option-e2e-contract-reconstruction-v4/runtime/market_data/upstox/20260717/ticks_1784264584.parquet,77831ed4c7c89ad4ac83a3d005184c0d21267e9720b0e262629ea326b2c7987b,upstox,quote,6531,584,159,True,True,True,True,True,True,True,True,True,False,True,False,False,NO_POINT_IN_TIME_INSTRUMENT_AUTHORITY
runtime/market_data/upstox/20260717/ticks_1784264596.parquet,/Users/madhuram/tradebot-option-e2e-contract-reconstruction-v4/runtime/market_data/upstox/20260717/ticks_1784264596.parquet,d6af2fd7d296de95457b4e95c3bcbc9b1b8a0a0add684246e36c4afaad3dc022,upstox,quote,6590,802,159,True,True,True,True,True,True,True,True,True,False,True,False,False,NO_POINT_IN_TIME_INSTRUMENT_AUTHORITY
runtime/market_data/upstox/20260717/ticks_1784264608.parquet,/Users/madhuram/tradebot-option-e2e-contract-reconstruction-v4/runtime/market_data/upstox/20260717/ticks_1784264608.parquet,365bf22195c3d66ff8d95868ef9994bd9376272e51acaba606fa197642c72d4d,upstox,quote,6309,557,159,True,True,True,True,True,True,True,True,True,False,True,False,False,NO_POINT_IN_TIME_INSTRUMENT_AUTHORITY
runtime/market_data/upstox/20260717/ticks_1784264621.parquet,/Users/madhuram/tradebot-option-e2e-contract-reconstruction-v4/runtime/market_data/upstox/20260717/ticks_1784264621.parquet,2f69ef1b758cd72d9ed7babf04540850dc91cc5ac6bdb65f8df54b359dec2a21,upstox,quote,6243,564,158,True,True,True,True,True,True,True,True,True,False,True,False,False,NO_POINT_IN_TIME_INSTRUMENT_AUTHORITY
runtime/market_data/upstox/20260717/ticks_1784264633.parquet,/Users/madhuram/tradebot-option-e2e-contract-reconstruction-v4/runtime/market_data/upstox/20260717/ticks_1784264633.parquet,9dca17d640f56cb6bc2569b3a7bab460963322c0745978c42244aa379c074ac2,upstox,quote,6148,655,155,True,True,True,True,True,True,True,True,True,False,True,False,False,NO_POINT_IN_TIME_INSTRUMENT_AUTHORITY
runtime/market_data/upstox/20260717/ticks_1784264645.parquet,/Users/madhuram/tradebot-option-e2e-contract-reconstruction-v4/runtime/market_data/upstox/20260717/ticks_1784264645.parquet,d1f13be69d869ff1e426c0a1026d5041f00ddf215c10c00e0313e51446d35f73,upstox,quote,6281,623,158,True,True,True,True,True,True,True,True,True,False,True,False,False,NO_POINT_IN_TIME_INSTRUMENT_AUTHORITY
runtime/market_data/upstox/20260717/ticks_1784264657.parquet,/Users/madhuram/tradebot-option-e2e-contract-reconstruction-v4/runtime/market_data/upstox/20260717/ticks_1784264657.parquet,4cf87083ea4ffa96e7f062bc8e60b1beb842a5a3ecc297c6af8aaac9cbb9227e,upstox,quote,6075,587,156,True,True,True,True,True,True,True,True,True,False,True,False,False,NO_POINT_IN_TIME_INSTRUMENT_AUTHORITY
runtime/market_data/upstox/20260717/ticks_1784264669.parquet,/Users/madhuram/tradebot-option-e2e-contract-reconstruction-v4/runtime/market_data/upstox/20260717/ticks_1784264669.parquet,e9c4556ec0fe771aa9edb1d919fc392933ba074907061a10f09e38fb683aed09,upstox,quote,6203,603,156,True,True,True,True,True,True,True,True,True,False,True,False,False,NO_POINT_IN_TIME_INSTRUMENT_AUTHORITY
runtime/market_data/upstox/20260717/ticks_1784264681.parquet,/Users/madhuram/tradebot-option-e2e-contract-reconstruction-v4/runtime/market_data/upstox/20260717/ticks_1784264681.parquet,c54d8628074dd9e81d337ba9ed9656b4f7f32d433221eb4b676c61deeedcc63a,upstox,quote,6560,712,158,True,True,True,True,True,True,True,True,True,False,True,False,False,NO_POINT_IN_TIME_INSTRUMENT_AUTHORITY
runtime/market_data/upstox/20260717/ticks_1784264693.parquet,/Users/madhuram/tradebot-option-e2e-contract-reconstruction-v4/runtime/market_data/upstox/20260717/ticks_1784264693.parquet,8d76cfd96a9797061703763a7b139cc1288173d40519f48ccd35a9a45f375e1b,upstox,quote,6438,560,157,True,True,True,True,True,True,True,True,True,False,True,False,False,NO_POINT_IN_TIME_INSTRUMENT_AUTHORITY
runtime/market_data/upstox/20260717/ticks_1784264706.parquet,/Users/madhuram/tradebot-option-e2e-contract-reconstruction-v4/runtime/market_data/upstox/20260717/ticks_1784264706.parquet,c944f0a61e407af749e71dbc0791c99e5ccf3d6ad61320a75341cc95b2c32460,upstox,quote,6537,563,155,True,True,True,True,True,True,True,True,True,False,True,False,False,NO_POINT_IN_TIME_INSTRUMENT_AUTHORITY
runtime/market_data/upstox/20260717/ticks_1784264718.parquet,/Users/madhuram/tradebot-option-e2e-contract-reconstruction-v4/runtime/market_data/upstox/20260717/ticks_1784264718.parquet,c21a6b5601a73e9e972a07edac328c4b8fca02ac27d9b2d3c969348434ace4fd,upstox,quote,6359,647,154,True,True,True,True,True,True,True,True,True,False,True,False,False,NO_POINT_IN_TIME_INSTRUMENT_AUTHORITY
runtime/market_data/upstox/20260717/ticks_1784264730.parquet,/Users/madhuram/tradebot-option-e2e-contract-reconstruction-v4/runtime/market_data/upstox/20260717/ticks_1784264730.parquet,8622ae439d9cce8056420760c13cb8cc7113e912b6ce845f62cce91c099c2eb5,upstox,quote,6125,608,156,True,True,True,True,True,True,True,True,True,False,True,False,False,NO_POINT_IN_TIME_INSTRUMENT_AUTHORITY
runtime/market_data/upstox/20260717/ticks_1784264742.parquet,/Users/madhuram/tradebot-option-e2e-contract-reconstruction-v4/runtime/market_data/upstox/20260717/ticks_1784264742.parquet,e8bca92d82b318b98bf0012008bd34ef3fe9cf4ed5ca07532587b5383cf6bf3d,upstox,quote,6459,551,155,True,True,True,True,True,True,True,True,True,False,True,False,False,NO_POINT_IN_TIME_INSTRUMENT_AUTHORITY
runtime/market_data/upstox/20260717/ticks_1784264754.parquet,/Users/madhuram/tradebot-option-e2e-contract-reconstruction-v4/runtime/market_data/upstox/20260717/ticks_1784264754.parquet,bc4486b8dc382ed3cdf53fe6d615d2bea5c75748a1b0d69576532bc45f7be3d7,upstox,quote,6393,612,157,True,True,True,True,True,True,True,True,True,False,True,False,False,NO_POINT_IN_TIME_INSTRUMENT_AUTHORITY
runtime/market_data/upstox/20260717/ticks_1784264766.parquet,/Users/madhuram/tradebot-option-e2e-contract-reconstruction-v4/runtime/market_data/upstox/20260717/ticks_1784264766.parquet,f0fbaf511b039de3224a73095cb77e042bc1818682a21d56ef1fa2b7334517c9,upstox,quote,6499,710,154,True,True,True,True,True,True,True,True,True,False,True,False,False,NO_POINT_IN_TIME_INSTRUMENT_AUTHORITY
runtime/market_data/upstox/20260717/ticks_1784264778.parquet,/Users/madhuram/tradebot-option-e2e-contract-reconstruction-v4/runtime/market_data/upstox/20260717/ticks_1784264778.parquet,ff393532b87f5a97e95f4c6b5138aa0c0f5a33f706ae781ba930a1a694a1c0de,upstox,quote,6306,602,160,True,True,True,True,True,True,True,True,True,False,True,False,False,NO_POINT_IN_TIME_INSTRUMENT_AUTHORITY
runtime/market_data/upstox/20260717/ticks_1784264791.parquet,/Users/madhuram/tradebot-option-e2e-contract-reconstruction-v4/runtime/market_data/upstox/20260717/ticks_1784264791.parquet,2996c1a331fd6a58017466abe6d656079b7f98f064a81be678e9addf59436dfd,upstox,quote,6298,591,156,True,True,True,True,True,True,True,True,True,False,True,False,False,NO_POINT_IN_TIME_INSTRUMENT_AUTHORITY
runtime/market_data/upstox/20260717/ticks_1784264803.parquet,/Users/madhuram/tradebot-option-e2e-contract-reconstruction-v4/runtime/market_data/upstox/20260717/ticks_1784264803.parquet,7fb9c3aeb212898adc792bad0baae385b8a6228d503029ea67b8db88bf36c869,upstox,quote,6007,603,155,True,True,True,True,True,True,True,True,True,False,True,False,False,NO_POINT_IN_TIME_INSTRUMENT_AUTHORITY
runtime/market_data/upstox/20260717/ticks_1784264815.parquet,/Users/madhuram/tradebot-option-e2e-contract-reconstruction-v4/runtime/market_data/upstox/20260717/ticks_1784264815.parquet,3d516b4391725b840eaaa7aebd76f7bd7233c5c7338ecbb9f1af332e97dbea57,upstox,quote,6295,696,152,True,True,True,True,True,True,True,True,True,False,True,False,False,NO_POINT_IN_TIME_INSTRUMENT_AUTHORITY
runtime/market_data/upstox/20260717/ticks_1784264827.parquet,/Users/madhuram/tradebot-option-e2e-contract-reconstruction-v4/runtime/market_data/upstox/20260717/ticks_1784264827.parquet,ee2158c5b8df6c991ed72c6d6b96be8700a178ef03f510c82eed9d4976e9f9e4,upstox,quote,6165,623,159,True,True,True,True,True,True,True,True,True,False,True,False,False,NO_POINT_IN_TIME_INSTRUMENT_AUTHORITY
runtime/market_data/upstox/20260717/ticks_1784264839.parquet,/Users/madhuram/tradebot-option-e2e-contract-reconstruction-v4/runtime/market_data/upstox/20260717/ticks_1784264839.parquet,82e873bb5700033446abbd142665b3fa61b73a874bec01955f529e6a6b28ca85,upstox,quote,6251,705,159,True,True,True,True,True,True,True,True,True,False,True,False,False,NO_POINT_IN_TIME_INSTRUMENT_AUTHORITY
runtime/market_data/upstox/20260717/ticks_1784264851.parquet,/Users/madhuram/tradebot-option-e2e-contract-reconstruction-v4/runtime/market_data/upstox/20260717/ticks_1784264851.parquet,46677ff18fdaa8a56d8d7d1c3c9e4582dbfb02bbddfd4629cde041af0931a647,upstox,quote,6107,600,157,True,True,True,True,True,True,True,True,True,False,True,False,False,NO_POINT_IN_TIME_INSTRUMENT_AUTHORITY
runtime/market_data/upstox/20260717/ticks_1784264864.parquet,/Users/madhuram/tradebot-option-e2e-contract-reconstruction-v4/runtime/market_data/upstox/20260717/ticks_1784264864.parquet,30bc2d7fbbb0c450faa9d584ccb1632c3d0d53f24e2b1fe6d926c7f748b6d0ee,upstox,quote,5984,576,157,True,True,True,True,True,True,True,True,True,False,True,False,False,NO_POINT_IN_TIME_INSTRUMENT_AUTHORITY
runtime/market_data/upstox/20260717/ticks_1784264876.parquet,/Users/madhuram/tradebot-option-e2e-contract-reconstruction-v4/runtime/market_data/upstox/20260717/ticks_1784264876.parquet,1b660f98f4c9c687d50c5e96109266e13c2c0b4ef9b526aab88aa19f793408e5,upstox,quote,6213,700,157,True,True,True,True,True,True,True,True,True,False,True,False,False,NO_POINT_IN_TIME_INSTRUMENT_AUTHORITY
runtime/market_data/upstox/20260717/ticks_1784264888.parquet,/Users/madhuram/tradebot-option-e2e-contract-reconstruction-v4/runtime/market_data/upstox/20260717/ticks_1784264888.parquet,32c10b3c650c5bc4b8a7c99f8730969ceaaa70b7a25dd9f682fbb9e303361241,upstox,quote,6279,567,152,True,True,True,True,True,True,True,True,True,False,True,False,False,NO_POINT_IN_TIME_INSTRUMENT_AUTHORITY
runtime/market_data/upstox/20260717/ticks_1784264900.parquet,/Users/madhuram/tradebot-option-e2e-contract-reconstruction-v4/runtime/market_data/upstox/20260717/ticks_1784264900.parquet,0cf4987c3969ec4d6206979fb28fa236f97c0a1ee5e2b98f51a9d49f56f2952e,upstox,quote,6332,703,154,True,True,True,True,True,True,True,True,True,False,True,False,False,NO_POINT_IN_TIME_INSTRUMENT_AUTHORITY
runtime/market_data/upstox/20260717/ticks_1784264912.parquet,/Users/madhuram/tradebot-option-e2e-contract-reconstruction-v4/runtime/market_data/upstox/20260717/ticks_1784264912.parquet,7a6ce50eb7ff9a7a131cc1be9772ef1978ff80f040658b5fc39162e9a74928ce,upstox,quote,6127,616,158,True,True,True,True,True,True,True,True,True,False,True,False,False,NO_POINT_IN_TIME_INSTRUMENT_AUTHORITY
runtime/market_data/upstox/20260717/ticks_1784264924.parquet,/Users/madhuram/tradebot-option-e2e-contract-reconstruction-v4/runtime/market_data/upstox/20260717/ticks_1784264924.parquet,2a27031da9f52feaf6ca51b729b46340dbec3ec8d8fff390e3f9ce33b80940cd,upstox,quote,5961,635,154,True,True,True,True,True,True,True,True,True,False,True,False,False,NO_POINT_IN_TIME_INSTRUMENT_AUTHORITY
runtime/market_data/upstox/20260717/ticks_1784264936.parquet,/Users/madhuram/tradebot-option-e2e-contract-reconstruction-v4/runtime/market_data/upstox/20260717/ticks_1784264936.parquet,dce7c45617e98b49f88ccebf3d925db672b626012e9bf009731a04c5133d38c9,upstox,quote,5936,578,155,True,True,True,True,True,True,True,True,True,False,True,False,False,NO_POINT_IN_TIME_INSTRUMENT_AUTHORITY
runtime/market_data/upstox/20260717/ticks_1784264948.parquet,/Users/madhuram/tradebot-option-e2e-contract-reconstruction-v4/runtime/market_data/upstox/20260717/ticks_1784264948.parquet,b253e96558e6f902cb4d6afbc0a88256da3fab92094e820d4c6b0298575582e4,upstox,quote,5930,627,153,True,True,True,True,True,True,True,True,True,False,True,False,False,NO_POINT_IN_TIME_INSTRUMENT_AUTHORITY
runtime/market_data/upstox/20260717/ticks_1784264961.parquet,/Users/madhuram/tradebot-option-e2e-contract-reconstruction-v4/runtime/market_data/upstox/20260717/ticks_1784264961.parquet,2c6d9d445791f53e363ca9156bb4681f65a9805bf4ee1b998e633dc6a54ddc60,upstox,quote,5759,555,152,True,True,True,True,True,True,True,True,True,False,True,False,False,NO_POINT_IN_TIME_INSTRUMENT_AUTHORITY
runtime/market_data/upstox/20260717/ticks_1784264973.parquet,/Users/madhuram/tradebot-option-e2e-contract-reconstruction-v4/runtime/market_data/upstox/20260717/ticks_1784264973.parquet,f3ea953c93917128df989cabf87574b2d8af7f0c1e0cb4b8dd1dac8aa3c3caf3,upstox,quote,6077,536,153,True,True,True,True,True,True,True,True,True,False,True,False,False,NO_POINT_IN_TIME_INSTRUMENT_AUTHORITY
runtime/market_data/upstox/20260717/ticks_1784264985.parquet,/Users/madhuram/tradebot-option-e2e-contract-reconstruction-v4/runtime/market_data/upstox/20260717/ticks_1784264985.parquet,89abb8fe076194be6c5c70636e01f1b851d80c60e00a42b81a0cb0e54676b1a6,upstox,quote,5963,754,153,True,True,True,True,True,True,True,True,True,False,True,False,False,NO_POINT_IN_TIME_INSTRUMENT_AUTHORITY
runtime/market_data/upstox/20260717/ticks_1784264998.parquet,/Users/madhuram/tradebot-option-e2e-contract-reconstruction-v4/runtime/market_data/upstox/20260717/ticks_1784264998.parquet,3eca479d7788fa73f562417473e0d458db851e1358909187bdb53a4a33df6f7d,upstox,quote,6303,666,157,True,True,True,True,True,True,True,True,True,False,True,False,False,NO_POINT_IN_TIME_INSTRUMENT_AUTHORITY
runtime/market_data/upstox/20260717/ticks_1784265010.parquet,/Users/madhuram/tradebot-option-e2e-contract-reconstruction-v4/runtime/market_data/upstox/20260717/ticks_1784265010.parquet,ec459093791662536058bf7a42dfa71bbb985f2db9c60c7f8c964d03b83ff048,upstox,quote,6044,632,155,True,True,True,True,True,True,True,True,True,False,True,False,False,NO_POINT_IN_TIME_INSTRUMENT_AUTHORITY
runtime/market_data/upstox/20260717/ticks_1784265022.parquet,/Users/madhuram/tradebot-option-e2e-contract-reconstruction-v4/runtime/market_data/upstox/20260717/ticks_1784265022.parquet,fc1190c4302f8333a1b051d6a29b1bb16377b49256c1d1feefe0bd9764199363,upstox,quote,6059,687,155,True,True,True,True,True,True,True,True,True,False,True,False,False,NO_POINT_IN_TIME_INSTRUMENT_AUTHORITY
runtime/market_data/upstox/20260717/ticks_1784265034.parquet,/Users/madhuram/tradebot-option-e2e-contract-reconstruction-v4/runtime/market_data/upstox/20260717/ticks_1784265034.parquet,1c98878531070433cbca15e4603913bf229c1870469ed467a7273c093034eed3,upstox,quote,6115,684,160,True,True,True,True,True,True,True,True,True,False,True,False,False,NO_POINT_IN_TIME_INSTRUMENT_AUTHORITY
runtime/market_data/upstox/20260717/ticks_1784265047.parquet,/Users/madhuram/tradebot-option-e2e-contract-reconstruction-v4/runtime/market_data/upstox/20260717/ticks_1784265047.parquet,74b32cb70191e580695b5fb944a34f1c68e0ab1ee48afc77026466b8aecc95d4,upstox,quote,5748,520,151,True,True,True,True,True,True,True,True,True,False,True,False,False,NO_POINT_IN_TIME_INSTRUMENT_AUTHORITY
runtime/market_data/upstox/20260717/ticks_1784265059.parquet,/Users/madhuram/tradebot-option-e2e-contract-reconstruction-v4/runtime/market_data/upstox/20260717/ticks_1784265059.parquet,f764deae8f46854c914fe94f998851bee0db79fd62a46d2362e022d865a46977,upstox,quote,5738,589,152,True,True,True,True,True,True,True,True,True,False,True,False,False,NO_POINT_IN_TIME_INSTRUMENT_AUTHORITY
runtime/market_data/upstox/20260717/ticks_1784265071.parquet,/Users/madhuram/tradebot-option-e2e-contract-reconstruction-v4/runtime/market_data/upstox/20260717/ticks_1784265071.parquet,734c095475488f486a5214d02ba882981e44c281163b62a658734ab6a7763a27,upstox,quote,6032,645,152,True,True,True,True,True,True,True,True,True,False,True,False,False,NO_POINT_IN_TIME_INSTRUMENT_AUTHORITY
runtime/market_data/upstox/20260717/ticks_1784265083.parquet,/Users/madhuram/tradebot-option-e2e-contract-reconstruction-v4/runtime/market_data/upstox/20260717/ticks_1784265083.parquet,15640d0f44fd31d8eaa48ce254f651ee1fb53618e398212df31c5563b2bcafa5,upstox,quote,5849,529,155,True,True,True,True,True,True,True,True,True,False,True,False,False,NO_POINT_IN_TIME_INSTRUMENT_AUTHORITY
runtime/market_data/upstox/20260717/ticks_1784265095.parquet,/Users/madhuram/tradebot-option-e2e-contract-reconstruction-v4/runtime/market_data/upstox/20260717/ticks_1784265095.parquet,4ff535c22d96b7ac51ef44f1bd45c9f29a3295f8b74b8934259c9bbd378adc05,upstox,quote,6366,657,154,True,True,True,True,True,True,True,True,True,False,True,False,False,NO_POINT_IN_TIME_INSTRUMENT_AUTHORITY
runtime/market_data/upstox/20260717/ticks_1784265108.parquet,/Users/madhuram/tradebot-option-e2e-contract-reconstruction-v4/runtime/market_data/upstox/20260717/ticks_1784265108.parquet,1d7bb226d0818a467d1cf8e523c6b2eeee960e0bac02e6f6b228fee83ff94196,upstox,quote,5829,666,152,True,True,True,True,True,True,True,True,True,False,True,False,False,NO_POINT_IN_TIME_INSTRUMENT_AUTHORITY
runtime/market_data/upstox/20260717/ticks_1784265120.parquet,/Users/madhuram/tradebot-option-e2e-contract-reconstruction-v4/runtime/market_data/upstox/20260717/ticks_1784265120.parquet,c2a0ded0c97c6ca857eba6b54f422a590c1868a089eccf486525cebc3c5222d2,upstox,quote,5854,616,154,True,True,True,True,True,True,True,True,True,False,True,False,False,NO_POINT_IN_TIME_INSTRUMENT_AUTHORITY
runtime/market_data/upstox/20260717/ticks_1784265132.parquet,/Users/madhuram/tradebot-option-e2e-contract-reconstruction-v4/runtime/market_data/upstox/20260717/ticks_1784265132.parquet,3a6c9727d2b8da8ee7d3f2f2e08ec45f9b1413ab64b8e6ebc1b4ec56a0c87392,upstox,quote,6008,574,158,True,True,True,True,True,True,True,True,True,False,True,False,False,NO_POINT_IN_TIME_INSTRUMENT_AUTHORITY
runtime/market_data/upstox/20260717/ticks_1784265144.parquet,/Users/madhuram/tradebot-option-e2e-contract-reconstruction-v4/runtime/market_data/upstox/20260717/ticks_1784265144.parquet,f6b095f0d10e3c01f9ce50bc2f56f6d356d4b072e7884c859b35b4f66d7ca65b,upstox,quote,6383,745,153,True,True,True,True,True,True,True,True,True,False,True,False,False,NO_POINT_IN_TIME_INSTRUMENT_AUTHORITY
runtime/market_data/upstox/20260717/ticks_1784265156.parquet,/Users/madhuram/tradebot-option-e2e-contract-reconstruction-v4/runtime/market_data/upstox/20260717/ticks_1784265156.parquet,551624524f8592ee5a81451b76b252ff5e492a3d1324a4f8eb861e07c6733de1,upstox,quote,6129,579,150,True,True,True,True,True,True,True,True,True,False,True,False,False,NO_POINT_IN_TIME_INSTRUMENT_AUTHORITY
runtime/market_data/upstox/20260717/ticks_1784265169.parquet,/Users/madhuram/tradebot-option-e2e-contract-reconstruction-v4/runtime/market_data/upstox/20260717/ticks_1784265169.parquet,2e3dce7f3ad6b9b4b50ed26f8b2ed8ccb68f3d3c67a0a3325f438724c344c710,upstox,quote,6016,560,156,True,True,True,True,True,True,True,True,True,False,True,False,False,NO_POINT_IN_TIME_INSTRUMENT_AUTHORITY
runtime/market_data/upstox/20260717/ticks_1784265181.parquet,/Users/madhuram/tradebot-option-e2e-contract-reconstruction-v4/runtime/market_data/upstox/20260717/ticks_1784265181.parquet,8f3e44d2184437831ea1f5fdbd9c77fbe99a738351db95fc8ecb0eafa8f99209,upstox,quote,6247,603,151,True,True,True,True,True,True,True,True,True,False,True,False,False,NO_POINT_IN_TIME_INSTRUMENT_AUTHORITY
runtime/market_data/upstox/20260717/ticks_1784265193.parquet,/Users/madhuram/tradebot-option-e2e-contract-reconstruction-v4/runtime/market_data/upstox/20260717/ticks_1784265193.parquet,9b58e140dbc54372d01943fe26e6cf6d7d16c9ad1c9671e5c608d3ccc704c13a,upstox,quote,6176,619,151,True,True,True,True,True,True,True,True,True,False,True,False,False,NO_POINT_IN_TIME_INSTRUMENT_AUTHORITY
runtime/market_data/upstox/20260717/ticks_1784265205.parquet,/Users/madhuram/tradebot-option-e2e-contract-reconstruction-v4/runtime/market_data/upstox/20260717/ticks_1784265205.parquet,9bd14b0d1cf1bfc3a336f0333951536cce106c77c021ada05dddea585fa61297,upstox,quote,6168,631,157,True,True,True,True,True,True,True,True,True,False,True,False,False,NO_POINT_IN_TIME_INSTRUMENT_AUTHORITY
runtime/market_data/upstox/20260717/ticks_1784265217.parquet,/Users/madhuram/tradebot-option-e2e-contract-reconstruction-v4/runtime/market_data/upstox/20260717/ticks_1784265217.parquet,5d1a7e8fa693e9eae48690b708a0cac3fc10fa08103a8917ecaea09642baf698,upstox,quote,5888,609,157,True,True,True,True,True,True,True,True,True,False,True,False,False,NO_POINT_IN_TIME_INSTRUMENT_AUTHORITY
runtime/market_data/upstox/20260717/ticks_1784265229.parquet,/Users/madhuram/tradebot-option-e2e-contract-reconstruction-v4/runtime/market_data/upstox/20260717/ticks_1784265229.parquet,590aab2e1f42380dc12457e36ca96f65e509b085450d8c2b1dfde5aed13871ef,upstox,quote,5956,596,156,True,True,True,True,True,True,True,True,True,False,True,False,False,NO_POINT_IN_TIME_INSTRUMENT_AUTHORITY
runtime/market_data/upstox/20260717/ticks_1784265241.parquet,/Users/madhuram/tradebot-option-e2e-contract-reconstruction-v4/runtime/market_data/upstox/20260717/ticks_1784265241.parquet,75d7954f1d8d8006ac0e46ced51605a0bc22671003835987829bfb60bc0b6b82,upstox,quote,7137,666,160,True,True,True,True,True,True,True,True,True,False,True,False,False,NO_POINT_IN_TIME_INSTRUMENT_AUTHORITY
runtime/market_data/upstox/20260717/ticks_1784265253.parquet,/Users/madhuram/tradebot-option-e2e-contract-reconstruction-v4/runtime/market_data/upstox/20260717/ticks_1784265253.parquet,1fb599ea94cf2110cd7bc5ed559411a5f59fe9e57e234fee77329a01aa1b31d0,upstox,quote,6228,686,159,True,True,True,True,True,True,True,True,True,False,True,False,False,NO_POINT_IN_TIME_INSTRUMENT_AUTHORITY
runtime/market_data/upstox/20260717/ticks_1784265266.parquet,/Users/madhuram/tradebot-option-e2e-contract-reconstruction-v4/runtime/market_data/upstox/20260717/ticks_1784265266.parquet,0b1478dae04e3f6399706d708b16d29508801f6c4c1b64f8e2a450b5bd0455f5,upstox,quote,6094,591,157,True,True,True,True,True,True,True,True,True,False,True,False,False,NO_POINT_IN_TIME_INSTRUMENT_AUTHORITY
runtime/market_data/upstox/20260717/ticks_1784265278.parquet,/Users/madhuram/tradebot-option-e2e-contract-reconstruction-v4/runtime/market_data/upstox/20260717/ticks_1784265278.parquet,ffcaa6dc2c2b7e3ee97e43dde0f9d047c0056b38d1adb117f26f026a8cb88ab0,upstox,quote,6359,628,159,True,True,True,True,True,True,True,True,True,False,True,False,False,NO_POINT_IN_TIME_INSTRUMENT_AUTHORITY
runtime/market_data/upstox/20260717/ticks_1784265290.parquet,/Users/madhuram/tradebot-option-e2e-contract-reconstruction-v4/runtime/market_data/upstox/20260717/ticks_1784265290.parquet,35a4e6c575f4b4a0ce89120da74447dfe93edc1db03c40007acfa47158672089,upstox,quote,5904,623,160,True,True,True,True,True,True,True,True,True,False,True,False,False,NO_POINT_IN_TIME_INSTRUMENT_AUTHORITY
runtime/market_data/upstox/20260717/ticks_1784265302.parquet,/Users/madhuram/tradebot-option-e2e-contract-reconstruction-v4/runtime/market_data/upstox/20260717/ticks_1784265302.parquet,c55fa2c86817a29c6069e4d1a62deaa1c2361a84b1feaab0dc2c888d57977881,upstox,quote,5918,537,151,True,True,True,True,True,True,True,True,True,False,True,False,False,NO_POINT_IN_TIME_INSTRUMENT_AUTHORITY
runtime/market_data/upstox/20260717/ticks_1784265314.parquet,/Users/madhuram/tradebot-option-e2e-contract-reconstruction-v4/runtime/market_data/upstox/20260717/ticks_1784265314.parquet,d882cc088f472e8ab19ab852e3f164511c20115ee6956959551d263c41c2af6c,upstox,quote,6034,589,157,True,True,True,True,True,True,True,True,True,False,True,False,False,NO_POINT_IN_TIME_INSTRUMENT_AUTHORITY
runtime/market_data/upstox/20260717/ticks_1784265326.parquet,/Users/madhuram/tradebot-option-e2e-contract-reconstruction-v4/runtime/market_data/upstox/20260717/ticks_1784265326.parquet,2771654850c148cbc43e384ea3d53d48a7ec0de2dbf733c89c32600012758cdc,upstox,quote,6137,653,155,True,True,True,True,True,True,True,True,True,False,True,False,False,NO_POINT_IN_TIME_INSTRUMENT_AUTHORITY
runtime/market_data/upstox/20260717/ticks_1784265338.parquet,/Users/madhuram/tradebot-option-e2e-contract-reconstruction-v4/runtime/market_data/upstox/20260717/ticks_1784265338.parquet,b1bccca099eaddf4be530bf9738c61e63444b1ac642a1fa8340271ab4918b5b5,upstox,quote,6299,566,157,True,True,True,True,True,True,True,True,True,False,True,False,False,NO_POINT_IN_TIME_INSTRUMENT_AUTHORITY
runtime/market_data/upstox/20260717/ticks_1784265351.parquet,/Users/madhuram/tradebot-option-e2e-contract-reconstruction-v4/runtime/market_data/upstox/20260717/ticks_1784265351.parquet,9d9ec19abbfa47911fb24e22fc9f82c97ebdaa752427c89b2113e240c010d56b,upstox,quote,6139,536,157,True,True,True,True,True,True,True,True,True,False,True,False,False,NO_POINT_IN_TIME_INSTRUMENT_AUTHORITY
runtime/market_data/upstox/20260717/ticks_1784265363.parquet,/Users/madhuram/tradebot-option-e2e-contract-reconstruction-v4/runtime/market_data/upstox/20260717/ticks_1784265363.parquet,d376d502f6c59564c90b7c4d2cd15c1f8a572513f141941274a28deb5ce8013d,upstox,quote,5963,667,159,True,True,True,True,True,True,True,True,True,False,True,False,False,NO_POINT_IN_TIME_INSTRUMENT_AUTHORITY
runtime/market_data/upstox/20260717/ticks_1784265375.parquet,/Users/madhuram/tradebot-option-e2e-contract-reconstruction-v4/runtime/market_data/upstox/20260717/ticks_1784265375.parquet,7b305a7ada02ce7e3367bf38961dd8ec863bb4fb5dfc3819505d3b5be96b46ea,upstox,quote,7009,647,156,True,True,True,True,True,True,True,True,True,False,True,False,False,NO_POINT_IN_TIME_INSTRUMENT_AUTHORITY
runtime/market_data/upstox/20260717/ticks_1784265387.parquet,/Users/madhuram/tradebot-option-e2e-contract-reconstruction-v4/runtime/market_data/upstox/20260717/ticks_1784265387.parquet,1ba1f639ecc56f6c4d3ed36cf75dd98431f9bca673e9788232f05c7b0e9b8f14,upstox,quote,5970,583,155,True,True,True,True,True,True,True,True,True,False,True,False,False,NO_POINT_IN_TIME_INSTRUMENT_AUTHORITY
runtime/market_data/upstox/20260717/ticks_1784265399.parquet,/Users/madhuram/tradebot-option-e2e-contract-reconstruction-v4/runtime/market_data/upstox/20260717/ticks_1784265399.parquet,454ab1349f0b87966f2b1c98fb857070e41dd2537e6f5549493c3b98d7ab3977,upstox,quote,6537,603,156,True,True,True,True,True,True,True,True,True,False,True,False,False,NO_POINT_IN_TIME_INSTRUMENT_AUTHORITY
runtime/market_data/upstox/20260717/ticks_1784265411.parquet,/Users/madhuram/tradebot-option-e2e-contract-reconstruction-v4/runtime/market_data/upstox/20260717/ticks_1784265411.parquet,e6a5f6bbb7ab2033db22da3392d7f97d6e250ef37664746795b4632461bdce78,upstox,quote,6096,658,156,True,True,True,True,True,True,True,True,True,False,True,False,False,NO_POINT_IN_TIME_INSTRUMENT_AUTHORITY
runtime/market_data/upstox/20260717/ticks_1784265423.parquet,/Users/madhuram/tradebot-option-e2e-contract-reconstruction-v4/runtime/market_data/upstox/20260717/ticks_1784265423.parquet,6992fba62800f6cd6124f8b5af622d741394a941a5e6038cc259b49e44135f7a,upstox,quote,5973,545,156,True,True,True,True,True,True,True,True,True,False,True,False,False,NO_POINT_IN_TIME_INSTRUMENT_AUTHORITY
runtime/market_data/upstox/20260717/ticks_1784265436.parquet,/Users/madhuram/tradebot-option-e2e-contract-reconstruction-v4/runtime/market_data/upstox/20260717/ticks_1784265436.parquet,8a9bbc566043a26dc5063edde935293984567fbae1a108a84351553d9c2cb133,upstox,quote,6267,637,158,True,True,True,True,True,True,True,True,True,False,True,False,False,NO_POINT_IN_TIME_INSTRUMENT_AUTHORITY
runtime/market_data/upstox/20260717/ticks_1784265448.parquet,/Users/madhuram/tradebot-option-e2e-contract-reconstruction-v4/runtime/market_data/upstox/20260717/ticks_1784265448.parquet,2dc64246066b370e609db4019a46ecabe1bcfe95ab7048c43d2e65bbd3f2dbbc,upstox,quote,6342,701,155,True,True,True,True,True,True,True,True,True,False,True,False,False,NO_POINT_IN_TIME_INSTRUMENT_AUTHORITY
runtime/market_data/upstox/20260717/ticks_1784265460.parquet,/Users/madhuram/tradebot-option-e2e-contract-reconstruction-v4/runtime/market_data/upstox/20260717/ticks_1784265460.parquet,317b5372a8c870ed7a739a1e952a18f012626f895bacc8a833b6ed9a0dd48211,upstox,quote,5996,557,158,True,True,True,True,True,True,True,True,True,False,True,False,False,NO_POINT_IN_TIME_INSTRUMENT_AUTHORITY
runtime/market_data/upstox/20260717/ticks_1784265472.parquet,/Users/madhuram/tradebot-option-e2e-contract-reconstruction-v4/runtime/market_data/upstox/20260717/ticks_1784265472.parquet,18ab8710155488a195aa22a892c9d6955c1c6002f7afe884d9dddb74703744ef,upstox,quote,5724,625,154,True,True,True,True,True,True,True,True,True,False,True,False,False,NO_POINT_IN_TIME_INSTRUMENT_AUTHORITY
runtime/market_data/upstox/20260717/ticks_1784265484.parquet,/Users/madhuram/tradebot-option-e2e-contract-reconstruction-v4/runtime/market_data/upstox/20260717/ticks_1784265484.parquet,da5dcf6aaca4c37a7d2b20fc566843bd8a6982726c2953863dfeaca1215edabf,upstox,quote,6531,674,157,True,True,True,True,True,True,True,True,True,False,True,False,False,NO_POINT_IN_TIME_INSTRUMENT_AUTHORITY
runtime/market_data/upstox/20260717/ticks_1784265497.parquet,/Users/madhuram/tradebot-option-e2e-contract-reconstruction-v4/runtime/market_data/upstox/20260717/ticks_1784265497.parquet,f89b01bad9a6ba81e524a1b89190206b51abbc0b1519529b8c3f8835589aacce,upstox,quote,6010,660,157,True,True,True,True,True,True,True,True,True,False,True,False,False,NO_POINT_IN_TIME_INSTRUMENT_AUTHORITY
runtime/market_data/upstox/20260717/ticks_1784265509.parquet,/Users/madhuram/tradebot-option-e2e-contract-reconstruction-v4/runtime/market_data/upstox/20260717/ticks_1784265509.parquet,2bd736718a734f6ffa2cabcb317b4b91ee75cf1d99e9f653c7061e39d2a74847,upstox,quote,5596,574,153,True,True,True,True,True,True,True,True,True,False,True,False,False,NO_POINT_IN_TIME_INSTRUMENT_AUTHORITY
runtime/market_data/upstox/20260717/ticks_1784265521.parquet,/Users/madhuram/tradebot-option-e2e-contract-reconstruction-v4/runtime/market_data/upstox/20260717/ticks_1784265521.parquet,99247974c732d00383064bc55facd0c3cf0842427ecb7f0bdcd824af5a59fb7b,upstox,quote,5914,626,158,True,True,True,True,True,True,True,True,True,False,True,False,False,NO_POINT_IN_TIME_INSTRUMENT_AUTHORITY
runtime/market_data/upstox/20260717/ticks_1784265533.parquet,/Users/madhuram/tradebot-option-e2e-contract-reconstruction-v4/runtime/market_data/upstox/20260717/ticks_1784265533.parquet,704760141e17e1514afc30a6917fcb27fd89ab2d2013955e20e804c86876833e,upstox,quote,5653,608,154,True,True,True,True,True,True,True,True,True,False,True,False,False,NO_POINT_IN_TIME_INSTRUMENT_AUTHORITY
runtime/market_data/upstox/20260717/ticks_1784265545.parquet,/Users/madhuram/tradebot-option-e2e-contract-reconstruction-v4/runtime/market_data/upstox/20260717/ticks_1784265545.parquet,e34536824c6889c5b351728a19ae76d7378dbb6b5706c3ae396946973ca2080f,upstox,quote,6181,638,158,True,True,True,True,True,True,True,True,True,False,True,False,False,NO_POINT_IN_TIME_INSTRUMENT_AUTHORITY
runtime/market_data/upstox/20260717/ticks_1784265557.parquet,/Users/madhuram/tradebot-option-e2e-contract-reconstruction-v4/runtime/market_data/upstox/20260717/ticks_1784265557.parquet,25a8db627e9046064f2214c88ff0629eb9fd7d34350fd54be5f3db1587afbd88,upstox,quote,5755,708,155,True,True,True,True,True,True,True,True,True,False,True,False,False,NO_POINT_IN_TIME_INSTRUMENT_AUTHORITY
runtime/market_data/upstox/20260717/ticks_1784265570.parquet,/Users/madhuram/tradebot-option-e2e-contract-reconstruction-v4/runtime/market_data/upstox/20260717/ticks_1784265570.parquet,fa6dfcdd7f4c3f6dae5c01070377bbaf070d3b95df762efd3eba60228bbdac15,upstox,quote,5480,555,154,True,True,True,True,True,True,True,True,True,False,True,False,False,NO_POINT_IN_TIME_INSTRUMENT_AUTHORITY
runtime/market_data/upstox/20260717/ticks_1784265582.parquet,/Users/madhuram/tradebot-option-e2e-contract-reconstruction-v4/runtime/market_data/upstox/20260717/ticks_1784265582.parquet,9791d917a85df553207c33b31c35b3ae26c8b673a8cc5882181db17aa0af206f,upstox,quote,5972,597,155,True,True,True,True,True,True,True,True,True,False,True,False,False,NO_POINT_IN_TIME_INSTRUMENT_AUTHORITY
runtime/market_data/upstox/20260717/ticks_1784265594.parquet,/Users/madhuram/tradebot-option-e2e-contract-reconstruction-v4/runtime/market_data/upstox/20260717/ticks_1784265594.parquet,7331d668e9c0e7fc5624d56397b42e94f6243babb41a959e0ac1470475450a7c,upstox,quote,5683,611,156,True,True,True,True,True,True,True,True,True,False,True,False,False,NO_POINT_IN_TIME_INSTRUMENT_AUTHORITY
runtime/market_data/upstox/20260717/ticks_1784265606.parquet,/Users/madhuram/tradebot-option-e2e-contract-reconstruction-v4/runtime/market_data/upstox/20260717/ticks_1784265606.parquet,784626fbba975463e687d0079a11f3f846fcd2e8312875d7bfadd805becdf601,upstox,quote,5775,550,153,True,True,True,True,True,True,True,True,True,False,True,False,False,NO_POINT_IN_TIME_INSTRUMENT_AUTHORITY
runtime/market_data/upstox/20260717/ticks_1784265618.parquet,/Users/madhuram/tradebot-option-e2e-contract-reconstruction-v4/runtime/market_data/upstox/20260717/ticks_1784265618.parquet,fe1becdc08c5fb2e917f7c6b33993d325fccceea4d9c6e7add9f6bb4024c156f,upstox,quote,5660,660,155,True,True,True,True,True,True,True,True,True,False,True,False,False,NO_POINT_IN_TIME_INSTRUMENT_AUTHORITY
runtime/market_data/upstox/20260717/ticks_1784265630.parquet,/Users/madhuram/tradebot-option-e2e-contract-reconstruction-v4/runtime/market_data/upstox/20260717/ticks_1784265630.parquet,058518cc1301374b7fc59926db14b8ac6861f2173e853262c0b539036ec829cf,upstox,quote,5771,663,160,True,True,True,True,True,True,True,True,True,False,True,False,False,NO_POINT_IN_TIME_INSTRUMENT_AUTHORITY
runtime/market_data/upstox/20260717/ticks_1784265642.parquet,/Users/madhuram/tradebot-option-e2e-contract-reconstruction-v4/runtime/market_data/upstox/20260717/ticks_1784265642.parquet,7cfadffa17fe942c1e8a7e7da1a5ca428abe6abd8f3e2931063632a3fefe5d65,upstox,quote,5864,578,155,True,True,True,True,True,True,True,True,True,False,True,False,False,NO_POINT_IN_TIME_INSTRUMENT_AUTHORITY
runtime/market_data/upstox/20260717/ticks_1784265655.parquet,/Users/madhuram/tradebot-option-e2e-contract-reconstruction-v4/runtime/market_data/upstox/20260717/ticks_1784265655.parquet,347cc86b55769d2a7f1fecfa69b6fd329c6aa20f2c00f1917e71c4aedb5267d3,upstox,quote,6130,620,157,True,True,True,True,True,True,True,True,True,False,True,False,False,NO_POINT_IN_TIME_INSTRUMENT_AUTHORITY
runtime/market_data/upstox/20260717/ticks_1784265667.parquet,/Users/madhuram/tradebot-option-e2e-contract-reconstruction-v4/runtime/market_data/upstox/20260717/ticks_1784265667.parquet,73f3a625bb886656d90c046dc819c28b58ba034abc06e736139a4e5d848532f9,upstox,quote,6012,653,155,True,True,True,True,True,True,True,True,True,False,True,False,False,NO_POINT_IN_TIME_INSTRUMENT_AUTHORITY
runtime/market_data/upstox/20260717/ticks_1784265679.parquet,/Users/madhuram/tradebot-option-e2e-contract-reconstruction-v4/runtime/market_data/upstox/20260717/ticks_1784265679.parquet,3ef05caa5f00935edb20443ca2ea4fb57d0f0aed300f8de327d062b59349f586,upstox,quote,5730,586,155,True,True,True,True,True,True,True,True,True,False,True,False,False,NO_POINT_IN_TIME_INSTRUMENT_AUTHORITY
runtime/market_data/upstox/20260717/ticks_1784265691.parquet,/Users/madhuram/tradebot-option-e2e-contract-reconstruction-v4/runtime/market_data/upstox/20260717/ticks_1784265691.parquet,8b8e95a996a59d9395f97dd573dab29b4601e90524b4ca5422904fbd33d02ef5,upstox,quote,5596,516,154,True,True,True,True,True,True,True,True,True,False,True,False,False,NO_POINT_IN_TIME_INSTRUMENT_AUTHORITY
runtime/market_data/upstox/20260717/ticks_1784265703.parquet,/Users/madhuram/tradebot-option-e2e-contract-reconstruction-v4/runtime/market_data/upstox/20260717/ticks_1784265703.parquet,f3b9deccc9aa2c987d9c52bfc1583d52429f6a45084bf0c2b544f67798437bb5,upstox,quote,5566,603,153,True,True,True,True,True,True,True,True,True,False,True,False,False,NO_POINT_IN_TIME_INSTRUMENT_AUTHORITY
runtime/market_data/upstox/20260717/ticks_1784265715.parquet,/Users/madhuram/tradebot-option-e2e-contract-reconstruction-v4/runtime/market_data/upstox/20260717/ticks_1784265715.parquet,11ea5341a93d4746eb103f4302fb967258f0024fafaf4818bc32fea50eb51098,upstox,quote,5786,619,154,True,True,True,True,True,True,True,True,True,False,True,False,False,NO_POINT_IN_TIME_INSTRUMENT_AUTHORITY
runtime/market_data/upstox/20260717/ticks_1784265728.parquet,/Users/madhuram/tradebot-option-e2e-contract-reconstruction-v4/runtime/market_data/upstox/20260717/ticks_1784265728.parquet,30c5ca7e20bb34c886cda4a5d0fa49791e3144bd2c2f05ff78310d003eb8a77e,upstox,quote,5869,634,155,True,True,True,True,True,True,True,True,True,False,True,False,False,NO_POINT_IN_TIME_INSTRUMENT_AUTHORITY
runtime/market_data/upstox/20260717/ticks_1784265740.parquet,/Users/madhuram/tradebot-option-e2e-contract-reconstruction-v4/runtime/market_data/upstox/20260717/ticks_1784265740.parquet,5682a831325d71c8a204c839013480e40753fa9f039d30ca4be5eabeddb4fa7f,upstox,quote,5797,548,153,True,True,True,True,True,True,True,True,True,False,True,False,False,NO_POINT_IN_TIME_INSTRUMENT_AUTHORITY
runtime/market_data/upstox/20260717/ticks_1784265752.parquet,/Users/madhuram/tradebot-option-e2e-contract-reconstruction-v4/runtime/market_data/upstox/20260717/ticks_1784265752.parquet,eedc4af1923c1a96025f392dd24401baca805288de7bc913094a1b630fd7712d,upstox,quote,6087,686,150,True,True,True,True,True,True,True,True,True,False,True,False,False,NO_POINT_IN_TIME_INSTRUMENT_AUTHORITY
runtime/market_data/upstox/20260717/ticks_1784265764.parquet,/Users/madhuram/tradebot-option-e2e-contract-reconstruction-v4/runtime/market_data/upstox/20260717/ticks_1784265764.parquet,c428956b8f67eba511119a1ad2621312c85c58423478cd1c0c25354771e2101e,upstox,quote,5526,526,149,True,True,True,True,True,True,True,True,True,False,True,False,False,NO_POINT_IN_TIME_INSTRUMENT_AUTHORITY
runtime/market_data/upstox/20260717/ticks_1784265776.parquet,/Users/madhuram/tradebot-option-e2e-contract-reconstruction-v4/runtime/market_data/upstox/20260717/ticks_1784265776.parquet,a2d797e2eb19f46b068c757001878b64956ffc68d8a5935b28f64a2d618f865b,upstox,quote,5699,521,151,True,True,True,True,True,True,True,True,True,False,True,False,False,NO_POINT_IN_TIME_INSTRUMENT_AUTHORITY
runtime/market_data/upstox/20260717/ticks_1784265789.parquet,/Users/madhuram/tradebot-option-e2e-contract-reconstruction-v4/runtime/market_data/upstox/20260717/ticks_1784265789.parquet,7b72dd5b581df28682b149a7fa3fa9f7b0147dfaa2b23ccc2e0defad351b95c0,upstox,quote,6179,682,155,True,True,True,True,True,True,True,True,True,False,True,False,False,NO_POINT_IN_TIME_INSTRUMENT_AUTHORITY
runtime/market_data/upstox/20260717/ticks_1784265801.parquet,/Users/madhuram/tradebot-option-e2e-contract-reconstruction-v4/runtime/market_data/upstox/20260717/ticks_1784265801.parquet,57191d5667d29c0ad4f63382b9fce59df244c14d7535ea6f454fcbf7dbd3ccf4,upstox,quote,5976,559,158,True,True,True,True,True,True,True,True,True,False,True,False,False,NO_POINT_IN_TIME_INSTRUMENT_AUTHORITY
runtime/market_data/upstox/20260717/ticks_1784265813.parquet,/Users/madhuram/tradebot-option-e2e-contract-reconstruction-v4/runtime/market_data/upstox/20260717/ticks_1784265813.parquet,69e95cfd6c047ef97fc4af4433f983f2b34f7b25bcfe4018682138b3df6d523a,upstox,quote,6360,559,158,True,True,True,True,True,True,True,True,True,False,True,False,False,NO_POINT_IN_TIME_INSTRUMENT_AUTHORITY
runtime/market_data/upstox/20260717/ticks_1784265825.parquet,/Users/madhuram/tradebot-option-e2e-contract-reconstruction-v4/runtime/market_data/upstox/20260717/ticks_1784265825.parquet,ab70d82f3caf5b64b757af07c7690234c958b1ebe11f17fa66fa41cc70253999,upstox,quote,6138,626,155,True,True,True,True,True,True,True,True,True,False,True,False,False,NO_POINT_IN_TIME_INSTRUMENT_AUTHORITY
runtime/market_data/upstox/20260717/ticks_1784265837.parquet,/Users/madhuram/tradebot-option-e2e-contract-reconstruction-v4/runtime/market_data/upstox/20260717/ticks_1784265837.parquet,1eaf38b9d6aa71ef1fe8ae3da7c9746ebe1a2962600fd0cfa8d2aeefe9a8864d,upstox,quote,5584,618,157,True,True,True,True,True,True,True,True,True,False,True,False,False,NO_POINT_IN_TIME_INSTRUMENT_AUTHORITY
runtime/market_data/upstox/20260717/ticks_1784265849.parquet,/Users/madhuram/tradebot-option-e2e-contract-reconstruction-v4/runtime/market_data/upstox/20260717/ticks_1784265849.parquet,b8daaa88fa9d0aa622042d399a250cd6bf58ad1a95794d5663d101a7550e8f3a,upstox,quote,6227,547,154,True,True,True,True,True,True,True,True,True,False,True,False,False,NO_POINT_IN_TIME_INSTRUMENT_AUTHORITY
runtime/market_data/upstox/20260717/ticks_1784265862.parquet,/Users/madhuram/tradebot-option-e2e-contract-reconstruction-v4/runtime/market_data/upstox/20260717/ticks_1784265862.parquet,d9a1ba4df31995cedffc28c7b33eeb8455ed0f6db757eb12a9a2c5b6b6bdb2c4,upstox,quote,6080,673,152,True,True,True,True,True,True,True,True,True,False,True,False,False,NO_POINT_IN_TIME_INSTRUMENT_AUTHORITY
runtime/market_data/upstox/20260717/ticks_1784265874.parquet,/Users/madhuram/tradebot-option-e2e-contract-reconstruction-v4/runtime/market_data/upstox/20260717/ticks_1784265874.parquet,daf269fba57f82a2239d4856216dd22bbb126eb21d3fc21328654c8a3dd6522e,upstox,quote,6225,651,159,True,True,True,True,True,True,True,True,True,False,True,False,False,NO_POINT_IN_TIME_INSTRUMENT_AUTHORITY
runtime/market_data/upstox/20260717/ticks_1784265886.parquet,/Users/madhuram/tradebot-option-e2e-contract-reconstruction-v4/runtime/market_data/upstox/20260717/ticks_1784265886.parquet,e85eb47dc40c535c27892a852d201fe4d27b9532dcfc637fcecdeb6159418fb0,upstox,quote,5589,553,153,True,True,True,True,True,True,True,True,True,False,True,False,False,NO_POINT_IN_TIME_INSTRUMENT_AUTHORITY
runtime/market_data/upstox/20260717/ticks_1784265898.parquet,/Users/madhuram/tradebot-option-e2e-contract-reconstruction-v4/runtime/market_data/upstox/20260717/ticks_1784265898.parquet,f3fa9fecf79cbfeac559731c5980bced4c5d335fb2d96d00afc60f2bd549fe38,upstox,quote,5799,613,153,True,True,True,True,True,True,True,True,True,False,True,False,False,NO_POINT_IN_TIME_INSTRUMENT_AUTHORITY
runtime/market_data/upstox/20260717/ticks_1784265911.parquet,/Users/madhuram/tradebot-option-e2e-contract-reconstruction-v4/runtime/market_data/upstox/20260717/ticks_1784265911.parquet,808a1d32598b86e0d73425ad252d47a7bcf5210b2ee51f020dd65d7902cb20a0,upstox,quote,5797,546,152,True,True,True,True,True,True,True,True,True,False,True,False,False,NO_POINT_IN_TIME_INSTRUMENT_AUTHORITY
runtime/market_data/upstox/20260717/ticks_1784265923.parquet,/Users/madhuram/tradebot-option-e2e-contract-reconstruction-v4/runtime/market_data/upstox/20260717/ticks_1784265923.parquet,aec02189cc491276dc1b184b4088987c3850462dbc340e2279626e6d83b1669f,upstox,quote,5870,611,152,True,True,True,True,True,True,True,True,True,False,True,False,False,NO_POINT_IN_TIME_INSTRUMENT_AUTHORITY
runtime/market_data/upstox/20260717/ticks_1784265935.parquet,/Users/madhuram/tradebot-option-e2e-contract-reconstruction-v4/runtime/market_data/upstox/20260717/ticks_1784265935.parquet,e480e394608c04520ea04aac0de348f0f432258fc3f88e52655607d39a64ce3f,upstox,quote,5769,776,157,True,True,True,True,True,True,True,True,True,False,True,False,False,NO_POINT_IN_TIME_INSTRUMENT_AUTHORITY
runtime/market_data/upstox/20260717/ticks_1784265947.parquet,/Users/madhuram/tradebot-option-e2e-contract-reconstruction-v4/runtime/market_data/upstox/20260717/ticks_1784265947.parquet,8d31a457f9abe2a7af96d3df1d7a8c70c1333899d4931619980f8a6153674fcb,upstox,quote,5552,527,150,True,True,True,True,True,True,True,True,True,False,True,False,False,NO_POINT_IN_TIME_INSTRUMENT_AUTHORITY
runtime/market_data/upstox/20260717/ticks_1784265959.parquet,/Users/madhuram/tradebot-option-e2e-contract-reconstruction-v4/runtime/market_data/upstox/20260717/ticks_1784265959.parquet,38f3dc5881a1022f447612e3e99413ee785ea3956dd62e40be7812587b6a07f3,upstox,quote,5667,583,151,True,True,True,True,True,True,True,True,True,False,True,False,False,NO_POINT_IN_TIME_INSTRUMENT_AUTHORITY
runtime/market_data/upstox/20260717/ticks_1784265971.parquet,/Users/madhuram/tradebot-option-e2e-contract-reconstruction-v4/runtime/market_data/upstox/20260717/ticks_1784265971.parquet,3b86926462fc4c302af2528abfedb2969fcb186208895dfd54c4e600a1d80c3a,upstox,quote,6407,636,153,True,True,True,True,True,True,True,True,True,False,True,False,False,NO_POINT_IN_TIME_INSTRUMENT_AUTHORITY
runtime/market_data/upstox/20260717/ticks_1784265984.parquet,/Users/madhuram/tradebot-option-e2e-contract-reconstruction-v4/runtime/market_data/upstox/20260717/ticks_1784265984.parquet,6c0e2d281ad1689c6448634e05e371a3636af2db5a95464e7aa0a4069eb0ef2b,upstox,quote,5830,671,156,True,True,True,True,True,True,True,True,True,False,True,False,False,NO_POINT_IN_TIME_INSTRUMENT_AUTHORITY
runtime/market_data/upstox/20260717/ticks_1784265996.parquet,/Users/madhuram/tradebot-option-e2e-contract-reconstruction-v4/runtime/market_data/upstox/20260717/ticks_1784265996.parquet,3b46d20f3e2ba85e210178fb1d5313797c83815e0db38851b3ff75d7da8b923f,upstox,quote,5938,535,147,True,True,True,True,True,True,True,True,True,False,True,False,False,NO_POINT_IN_TIME_INSTRUMENT_AUTHORITY
runtime/market_data/upstox/20260717/ticks_1784266008.parquet,/Users/madhuram/tradebot-option-e2e-contract-reconstruction-v4/runtime/market_data/upstox/20260717/ticks_1784266008.parquet,7ce5abe1980c158be17b62c2d50d7e3acae52a3bd548868be2478d6a307fa00e,upstox,quote,5799,652,153,True,True,True,True,True,True,True,True,True,False,True,False,False,NO_POINT_IN_TIME_INSTRUMENT_AUTHORITY
runtime/market_data/upstox/20260717/ticks_1784266020.parquet,/Users/madhuram/tradebot-option-e2e-contract-reconstruction-v4/runtime/market_data/upstox/20260717/ticks_1784266020.parquet,1bd65c16cd24f0637d551bc7297ae63dd4c55ef2b2c231f94e31cf7c597182e1,upstox,quote,5917,590,156,True,True,True,True,True,True,True,True,True,False,True,False,False,NO_POINT_IN_TIME_INSTRUMENT_AUTHORITY
runtime/market_data/upstox/20260717/ticks_1784266032.parquet,/Users/madhuram/tradebot-option-e2e-contract-reconstruction-v4/runtime/market_data/upstox/20260717/ticks_1784266032.parquet,54f4240d46a807a06b1f9b3a451448315b74e8c5314faa9893764c938a569964,upstox,quote,5656,546,150,True,True,True,True,True,True,True,True,True,False,True,False,False,NO_POINT_IN_TIME_INSTRUMENT_AUTHORITY
runtime/market_data/upstox/20260717/ticks_1784266044.parquet,/Users/madhuram/tradebot-option-e2e-contract-reconstruction-v4/runtime/market_data/upstox/20260717/ticks_1784266044.parquet,eb0a2ec24ad4ca3eb9aad4870429e49fa8cd4a62714a7d8adc91c51a8c305a06,upstox,quote,5386,581,155,True,True,True,True,True,True,True,True,True,False,True,False,False,NO_POINT_IN_TIME_INSTRUMENT_AUTHORITY
runtime/market_data/upstox/20260717/ticks_1784266056.parquet,/Users/madhuram/tradebot-option-e2e-contract-reconstruction-v4/runtime/market_data/upstox/20260717/ticks_1784266056.parquet,932f3833c2560c8a0299fe805f7c218ad240c01a3ebd45e1e78428dd2cb66d3a,upstox,quote,5942,664,150,True,True,True,True,True,True,True,True,True,False,True,False,False,NO_POINT_IN_TIME_INSTRUMENT_AUTHORITY
runtime/market_data/upstox/20260717/ticks_1784266068.parquet,/Users/madhuram/tradebot-option-e2e-contract-reconstruction-v4/runtime/market_data/upstox/20260717/ticks_1784266068.parquet,91f31df5c28bf77c6185923db655a20fa87fa7568b2f760fb449473a95f813c7,upstox,quote,5743,522,151,True,True,True,True,True,True,True,True,True,False,True,False,False,NO_POINT_IN_TIME_INSTRUMENT_AUTHORITY
runtime/market_data/upstox/20260717/ticks_1784266081.parquet,/Users/madhuram/tradebot-option-e2e-contract-reconstruction-v4/runtime/market_data/upstox/20260717/ticks_1784266081.parquet,ed476612a1e064afb4ede5806cca32cd46130e86bd20c120f9dbb2e1d8390d77,upstox,quote,5731,533,152,True,True,True,True,True,True,True,True,True,False,True,False,False,NO_POINT_IN_TIME_INSTRUMENT_AUTHORITY
runtime/market_data/upstox/20260717/ticks_1784266093.parquet,/Users/madhuram/tradebot-option-e2e-contract-reconstruction-v4/runtime/market_data/upstox/20260717/ticks_1784266093.parquet,d5673f4f1b0bb1deb95d74bc34e368cacfaff12244a3f712db7cf50de227955f,upstox,quote,5646,750,145,True,True,True,True,True,True,True,True,True,False,True,False,False,NO_POINT_IN_TIME_INSTRUMENT_AUTHORITY
runtime/market_data/upstox/20260717/ticks_1784266105.parquet,/Users/madhuram/tradebot-option-e2e-contract-reconstruction-v4/runtime/market_data/upstox/20260717/ticks_1784266105.parquet,3e74ce51c01a5d148aa1171960fe0e409460e29d8b72a34ec1195a8c2506af41,upstox,quote,5076,576,149,True,True,True,True,True,True,True,True,True,False,True,False,False,NO_POINT_IN_TIME_INSTRUMENT_AUTHORITY
runtime/market_data/upstox/20260717/ticks_1784266117.parquet,/Users/madhuram/tradebot-option-e2e-contract-reconstruction-v4/runtime/market_data/upstox/20260717/ticks_1784266117.parquet,51bf4ad0579bfa32d12ed9f5dbe6998c1c36559fc4fc92d41174b2ec330aa947,upstox,quote,5198,526,151,True,True,True,True,True,True,True,True,True,False,True,False,False,NO_POINT_IN_TIME_INSTRUMENT_AUTHORITY
runtime/market_data/upstox/20260717/ticks_1784266129.parquet,/Users/madhuram/tradebot-option-e2e-contract-reconstruction-v4/runtime/market_data/upstox/20260717/ticks_1784266129.parquet,46628beac567f911671cdd8bb8e084546a4706c9cf0f158f4e020a5a83b72f0e,upstox,quote,5424,742,152,True,True,True,True,True,True,True,True,True,False,True,False,False,NO_POINT_IN_TIME_INSTRUMENT_AUTHORITY
runtime/market_data/upstox/20260717/ticks_1784266141.parquet,/Users/madhuram/tradebot-option-e2e-contract-reconstruction-v4/runtime/market_data/upstox/20260717/ticks_1784266141.parquet,d3832aeafc394d99215e1c04ea5d1e71d98d64417dab8deafc1d087b71619523,upstox,quote,5913,590,158,True,True,True,True,True,True,True,True,True,False,True,False,False,NO_POINT_IN_TIME_INSTRUMENT_AUTHORITY
runtime/market_data/upstox/20260717/ticks_1784266153.parquet,/Users/madhuram/tradebot-option-e2e-contract-reconstruction-v4/runtime/market_data/upstox/20260717/ticks_1784266153.parquet,db886db5b9397de46250a3dee9fd63f11917c39923429398ade16bcd46ff14e4,upstox,quote,5741,532,155,True,True,True,True,True,True,True,True,True,False,True,False,False,NO_POINT_IN_TIME_INSTRUMENT_AUTHORITY
runtime/market_data/upstox/20260717/ticks_1784266165.parquet,/Users/madhuram/tradebot-option-e2e-contract-reconstruction-v4/runtime/market_data/upstox/20260717/ticks_1784266165.parquet,7a051892738e903251eb0ff91bce186d47f8ce65ad77a896099748b23b3e2c7c,upstox,quote,5542,607,151,True,True,True,True,True,True,True,True,True,False,True,False,False,NO_POINT_IN_TIME_INSTRUMENT_AUTHORITY
runtime/market_data/upstox/20260717/ticks_1784266178.parquet,/Users/madhuram/tradebot-option-e2e-contract-reconstruction-v4/runtime/market_data/upstox/20260717/ticks_1784266178.parquet,5b60b8b8b90bd6d67a767a77c33261f3f8765f9bf2627ad83bba7c8b4f56f2f1,upstox,quote,5904,625,157,True,True,True,True,True,True,True,True,True,False,True,False,False,NO_POINT_IN_TIME_INSTRUMENT_AUTHORITY
runtime/market_data/upstox/20260717/ticks_1784266190.parquet,/Users/madhuram/tradebot-option-e2e-contract-reconstruction-v4/runtime/market_data/upstox/20260717/ticks_1784266190.parquet,dedac99805bd24530bf433a1002f9c3f9a1b7a06bda36aa7cf55b4aed8b56af3,upstox,quote,5588,527,153,True,True,True,True,True,True,True,True,True,False,True,False,False,NO_POINT_IN_TIME_INSTRUMENT_AUTHORITY
runtime/market_data/upstox/20260717/ticks_1784266202.parquet,/Users/madhuram/tradebot-option-e2e-contract-reconstruction-v4/runtime/market_data/upstox/20260717/ticks_1784266202.parquet,1d13e254d8bd04a418c261553538a2b20819dedd6abb8fca859a6661ebc3ac5e,upstox,quote,5949,613,150,True,True,True,True,True,True,True,True,True,False,True,False,False,NO_POINT_IN_TIME_INSTRUMENT_AUTHORITY
runtime/market_data/upstox/20260717/ticks_1784266214.parquet,/Users/madhuram/tradebot-option-e2e-contract-reconstruction-v4/runtime/market_data/upstox/20260717/ticks_1784266214.parquet,c1a2005a6b02d682ed99e3db3c3f5dbca9a5aeaf320bc790ebfd07aa846687b2,upstox,quote,5969,564,149,True,True,True,True,True,True,True,True,True,False,True,False,False,NO_POINT_IN_TIME_INSTRUMENT_AUTHORITY
runtime/market_data/upstox/20260717/ticks_1784266226.parquet,/Users/madhuram/tradebot-option-e2e-contract-reconstruction-v4/runtime/market_data/upstox/20260717/ticks_1784266226.parquet,808df311e07d11d732743f1966683e0ac555f14754261a21253247c4300b4dbb,upstox,quote,5794,594,151,True,True,True,True,True,True,True,True,True,False,True,False,False,NO_POINT_IN_TIME_INSTRUMENT_AUTHORITY
runtime/market_data/upstox/20260717/ticks_1784266238.parquet,/Users/madhuram/tradebot-option-e2e-contract-reconstruction-v4/runtime/market_data/upstox/20260717/ticks_1784266238.parquet,3d105c9835098e017cebdeea25d9081409d4262ee84d716e252b3bda25ee7d73,upstox,quote,6153,654,149,True,True,True,True,True,True,True,True,True,False,True,False,False,NO_POINT_IN_TIME_INSTRUMENT_AUTHORITY
runtime/market_data/upstox/20260717/ticks_1784266251.parquet,/Users/madhuram/tradebot-option-e2e-contract-reconstruction-v4/runtime/market_data/upstox/20260717/ticks_1784266251.parquet,9ea5e87e08cacb9e8d4c4e4a9cbfe3df2578c383923708144c1f5e44c2320ad8,upstox,quote,6050,632,156,True,True,True,True,True,True,True,True,True,False,True,False,False,NO_POINT_IN_TIME_INSTRUMENT_AUTHORITY
runtime/market_data/upstox/20260717/ticks_1784266263.parquet,/Users/madhuram/tradebot-option-e2e-contract-reconstruction-v4/runtime/market_data/upstox/20260717/ticks_1784266263.parquet,47793185bbbf8e5cc914dca9f46ac053059b0fb6ad72465bd2261b202f37bb9c,upstox,quote,6002,615,147,True,True,True,True,True,True,True,True,True,False,True,False,False,NO_POINT_IN_TIME_INSTRUMENT_AUTHORITY
runtime/market_data/upstox/20260717/ticks_1784266275.parquet,/Users/madhuram/tradebot-option-e2e-contract-reconstruction-v4/runtime/market_data/upstox/20260717/ticks_1784266275.parquet,075b6cac86f18f114fd81cb9a9162a79bdb6d4f97a9da62fcb861023340ab49a,upstox,quote,5708,599,141,True,True,True,True,True,True,True,True,True,False,True,False,False,NO_POINT_IN_TIME_INSTRUMENT_AUTHORITY
runtime/market_data/upstox/20260717/ticks_1784266287.parquet,/Users/madhuram/tradebot-option-e2e-contract-reconstruction-v4/runtime/market_data/upstox/20260717/ticks_1784266287.parquet,5f06dfd342e42b0487c06a27d42be2136758651b43a44346e87474544a9c728a,upstox,quote,5566,508,141,True,True,True,True,True,True,True,True,True,False,True,False,False,NO_POINT_IN_TIME_INSTRUMENT_AUTHORITY
runtime/market_data/upstox/20260717/ticks_1784266299.parquet,/Users/madhuram/tradebot-option-e2e-contract-reconstruction-v4/runtime/market_data/upstox/20260717/ticks_1784266299.parquet,b44a3b971d213c3f4d97696fb12364a63987f0a00b09a829e289cb163cbe55a7,upstox,quote,5937,593,151,True,True,True,True,True,True,True,True,True,False,True,False,False,NO_POINT_IN_TIME_INSTRUMENT_AUTHORITY
runtime/market_data/upstox/20260717/ticks_1784266311.parquet,/Users/madhuram/tradebot-option-e2e-contract-reconstruction-v4/runtime/market_data/upstox/20260717/ticks_1784266311.parquet,05cea62beead5bf40d95ec43f06c98ea1a1b820e63254772d89ce4e5a01ddcc8,upstox,quote,5566,644,149,True,True,True,True,True,True,True,True,True,False,True,False,False,NO_POINT_IN_TIME_INSTRUMENT_AUTHORITY
runtime/market_data/upstox/20260717/ticks_1784266323.parquet,/Users/madhuram/tradebot-option-e2e-contract-reconstruction-v4/runtime/market_data/upstox/20260717/ticks_1784266323.parquet,cd1d1ea91f053c3b8670aac86c5b60bd0874d933d0a12b28ebe5c0cae60f5310,upstox,quote,5803,522,146,True,True,True,True,True,True,True,True,True,False,True,False,False,NO_POINT_IN_TIME_INSTRUMENT_AUTHORITY
runtime/market_data/upstox/20260717/ticks_1784266336.parquet,/Users/madhuram/tradebot-option-e2e-contract-reconstruction-v4/runtime/market_data/upstox/20260717/ticks_1784266336.parquet,d3dd2af77a88768ed3ce8b4f445be00424f27ad4c63ed039efa484ed18f23e05,upstox,quote,6013,591,156,True,True,True,True,True,True,True,True,True,False,True,False,False,NO_POINT_IN_TIME_INSTRUMENT_AUTHORITY
runtime/market_data/upstox/20260717/ticks_1784266348.parquet,/Users/madhuram/tradebot-option-e2e-contract-reconstruction-v4/runtime/market_data/upstox/20260717/ticks_1784266348.parquet,faa7fc81744cdf4ba8a8003574b4070a2d6349865029f87de73202b1f9f4d508,upstox,quote,6067,747,155,True,True,True,True,True,True,True,True,True,False,True,False,False,NO_POINT_IN_TIME_INSTRUMENT_AUTHORITY
runtime/market_data/upstox/20260717/ticks_1784266360.parquet,/Users/madhuram/tradebot-option-e2e-contract-reconstruction-v4/runtime/market_data/upstox/20260717/ticks_1784266360.parquet,1e193a5a50727e00efb6726576dbfba7217f67ebf70469f325a7ca65460f9c47,upstox,quote,5824,543,149,True,True,True,True,True,True,True,True,True,False,True,False,False,NO_POINT_IN_TIME_INSTRUMENT_AUTHORITY
runtime/market_data/upstox/20260717/ticks_1784266372.parquet,/Users/madhuram/tradebot-option-e2e-contract-reconstruction-v4/runtime/market_data/upstox/20260717/ticks_1784266372.parquet,3dd5033cc671264cf0d5b93153a1681ff55dd1692aa73e12470da0ff6d494424,upstox,quote,5929,530,156,True,True,True,True,True,True,True,True,True,False,True,False,False,NO_POINT_IN_TIME_INSTRUMENT_AUTHORITY
runtime/market_data/upstox/20260717/ticks_1784266385.parquet,/Users/madhuram/tradebot-option-e2e-contract-reconstruction-v4/runtime/market_data/upstox/20260717/ticks_1784266385.parquet,526ec6f6dd5ae945892e0ff34fca891c070dc6fb2160458af4fad32cd4ad5732,upstox,quote,6279,640,154,True,True,True,True,True,True,True,True,True,False,True,False,False,NO_POINT_IN_TIME_INSTRUMENT_AUTHORITY
runtime/market_data/upstox/20260717/ticks_1784266397.parquet,/Users/madhuram/tradebot-option-e2e-contract-reconstruction-v4/runtime/market_data/upstox/20260717/ticks_1784266397.parquet,d47c5da611ab108829330161554d9bfb6b36ad225f04074a2091fc8c1a29ed69,upstox,quote,5921,591,153,True,True,True,True,True,True,True,True,True,False,True,False,False,NO_POINT_IN_TIME_INSTRUMENT_AUTHORITY
runtime/market_data/upstox/20260717/ticks_1784266410.parquet,/Users/madhuram/tradebot-option-e2e-contract-reconstruction-v4/runtime/market_data/upstox/20260717/ticks_1784266410.parquet,31cc461d436119e0c963a57cf7725ac9b9bafca58673927a37d83effb9ebb9f1,upstox,quote,5540,513,145,True,True,True,True,True,True,True,True,True,False,True,False,False,NO_POINT_IN_TIME_INSTRUMENT_AUTHORITY
runtime/market_data/upstox/20260717/ticks_1784266422.parquet,/Users/madhuram/tradebot-option-e2e-contract-reconstruction-v4/runtime/market_data/upstox/20260717/ticks_1784266422.parquet,4676ca78a7744cefb1d2ad9ef51c6012eb10de22d1504c11e0bc26775bb2f582,upstox,quote,5873,600,153,True,True,True,True,True,True,True,True,True,False,True,False,False,NO_POINT_IN_TIME_INSTRUMENT_AUTHORITY
runtime/market_data/upstox/20260717/ticks_1784266434.parquet,/Users/madhuram/tradebot-option-e2e-contract-reconstruction-v4/runtime/market_data/upstox/20260717/ticks_1784266434.parquet,da5735a4235041663fddb84e63d9dc0603c25f8746d1c135a28d4839c1b3131d,upstox,quote,5869,647,160,True,True,True,True,True,True,True,True,True,False,True,False,False,NO_POINT_IN_TIME_INSTRUMENT_AUTHORITY
runtime/market_data/upstox/20260717/ticks_1784266446.parquet,/Users/madhuram/tradebot-option-e2e-contract-reconstruction-v4/runtime/market_data/upstox/20260717/ticks_1784266446.parquet,5045d43911a09906f316fc13a0b5a139bd2d2671fb15de0a2a549f8fd63a224c,upstox,quote,5907,550,152,True,True,True,True,True,True,True,True,True,False,True,False,False,NO_POINT_IN_TIME_INSTRUMENT_AUTHORITY
runtime/market_data/upstox/20260717/ticks_1784266458.parquet,/Users/madhuram/tradebot-option-e2e-contract-reconstruction-v4/runtime/market_data/upstox/20260717/ticks_1784266458.parquet,1336074c98ea3bcb6fdb7f44d84a787f820aa25eabf2ebfc9c108971a1d0d1a6,upstox,quote,6182,639,153,True,True,True,True,True,True,True,True,True,False,True,False,False,NO_POINT_IN_TIME_INSTRUMENT_AUTHORITY
runtime/market_data/upstox/20260717/ticks_1784266470.parquet,/Users/madhuram/tradebot-option-e2e-contract-reconstruction-v4/runtime/market_data/upstox/20260717/ticks_1784266470.parquet,5dbfa023547efa57e31150c8753155c7f4d916ce7da87ca0499e5ce4c9f19394,upstox,quote,5818,623,144,True,True,True,True,True,True,True,True,True,False,True,False,False,NO_POINT_IN_TIME_INSTRUMENT_AUTHORITY
runtime/market_data/upstox/20260717/ticks_1784266482.parquet,/Users/madhuram/tradebot-option-e2e-contract-reconstruction-v4/runtime/market_data/upstox/20260717/ticks_1784266482.parquet,13ad1cbb4b826a129d8b82049f64062c9ff4c81caaaaa5330b2b82fd536996c8,upstox,quote,5582,588,148,True,True,True,True,True,True,True,True,True,False,True,False,False,NO_POINT_IN_TIME_INSTRUMENT_AUTHORITY
runtime/market_data/upstox/20260717/ticks_1784266495.parquet,/Users/madhuram/tradebot-option-e2e-contract-reconstruction-v4/runtime/market_data/upstox/20260717/ticks_1784266495.parquet,b5f4c4f7bb15d4c2a60a80e882a390291b964c0f716f3e70caff5af1043b3d43,upstox,quote,5546,638,148,True,True,True,True,True,True,True,True,True,False,True,False,False,NO_POINT_IN_TIME_INSTRUMENT_AUTHORITY
runtime/market_data/upstox/20260717/ticks_1784266507.parquet,/Users/madhuram/tradebot-option-e2e-contract-reconstruction-v4/runtime/market_data/upstox/20260717/ticks_1784266507.parquet,f7270e7318131d89caed6295cbf02dd8ea5be5fddd627c6c5e8b24b767961b8a,upstox,quote,6044,670,149,True,True,True,True,True,True,True,True,True,False,True,False,False,NO_POINT_IN_TIME_INSTRUMENT_AUTHORITY
runtime/market_data/upstox/20260717/ticks_1784266519.parquet,/Users/madhuram/tradebot-option-e2e-contract-reconstruction-v4/runtime/market_data/upstox/20260717/ticks_1784266519.parquet,a45d51623be7350375001b39fc495f87530c396a7503a4f7bc4f62836d43f21a,upstox,quote,6078,688,155,True,True,True,True,True,True,True,True,True,False,True,False,False,NO_POINT_IN_TIME_INSTRUMENT_AUTHORITY
runtime/market_data/upstox/20260717/ticks_1784266531.parquet,/Users/madhuram/tradebot-option-e2e-contract-reconstruction-v4/runtime/market_data/upstox/20260717/ticks_1784266531.parquet,b6707467192c5247cc6697c19676630cb932db5b5652cd9c2a9e63b691d42904,upstox,quote,5984,576,156,True,True,True,True,True,True,True,True,True,False,True,False,False,NO_POINT_IN_TIME_INSTRUMENT_AUTHORITY
runtime/market_data/upstox/20260717/ticks_1784266543.parquet,/Users/madhuram/tradebot-option-e2e-contract-reconstruction-v4/runtime/market_data/upstox/20260717/ticks_1784266543.parquet,e5af7aefc9641d09aa61336b3f26b59043bdae8d8c40c057132eb4a7c29aa9dc,upstox,quote,5674,663,144,True,True,True,True,True,True,True,True,True,False,True,False,False,NO_POINT_IN_TIME_INSTRUMENT_AUTHORITY
runtime/market_data/upstox/20260717/ticks_1784266555.parquet,/Users/madhuram/tradebot-option-e2e-contract-reconstruction-v4/runtime/market_data/upstox/20260717/ticks_1784266555.parquet,def6e240ae9544c0c40d1950493e81de3eed516f2df7b7c2272eadafeb950e6a,upstox,quote,5594,540,148,True,True,True,True,True,True,True,True,True,False,True,False,False,NO_POINT_IN_TIME_INSTRUMENT_AUTHORITY
runtime/market_data/upstox/20260717/ticks_1784266567.parquet,/Users/madhuram/tradebot-option-e2e-contract-reconstruction-v4/runtime/market_data/upstox/20260717/ticks_1784266567.parquet,8a5e0974587c8bfe69ba4c7d5b54591176783951266eec9d6ab93e8a8fbefa83,upstox,quote,5912,619,147,True,True,True,True,True,True,True,True,True,False,True,False,False,NO_POINT_IN_TIME_INSTRUMENT_AUTHORITY
runtime/market_data/upstox/20260717/ticks_1784266579.parquet,/Users/madhuram/tradebot-option-e2e-contract-reconstruction-v4/runtime/market_data/upstox/20260717/ticks_1784266579.parquet,668d022828b5ff41c1b23a34f3c5b66dcaede18a6ceb0429058131a362e0c2bc,upstox,quote,5556,633,147,True,True,True,True,True,True,True,True,True,False,True,False,False,NO_POINT_IN_TIME_INSTRUMENT_AUTHORITY
runtime/market_data/upstox/20260717/ticks_1784266592.parquet,/Users/madhuram/tradebot-option-e2e-contract-reconstruction-v4/runtime/market_data/upstox/20260717/ticks_1784266592.parquet,4d08257454f8d51dda76ee4a320429326c67ce68124584d975caa39224a42a10,upstox,quote,5783,581,148,True,True,True,True,True,True,True,True,True,False,True,False,False,NO_POINT_IN_TIME_INSTRUMENT_AUTHORITY
runtime/market_data/upstox/20260717/ticks_1784266604.parquet,/Users/madhuram/tradebot-option-e2e-contract-reconstruction-v4/runtime/market_data/upstox/20260717/ticks_1784266604.parquet,59991dc78431f64fb354b441c4e152cf7bbadb9e029f5f8f0ff8563d151c5c3f,upstox,quote,5626,614,144,True,True,True,True,True,True,True,True,True,False,True,False,False,NO_POINT_IN_TIME_INSTRUMENT_AUTHORITY
runtime/market_data/upstox/20260717/ticks_1784266616.parquet,/Users/madhuram/tradebot-option-e2e-contract-reconstruction-v4/runtime/market_data/upstox/20260717/ticks_1784266616.parquet,2fff3348cb2f6e6136a24c249f1adeb9e6bd07fb24c20755b42371ade0ca7b42,upstox,quote,5554,602,147,True,True,True,True,True,True,True,True,True,False,True,False,False,NO_POINT_IN_TIME_INSTRUMENT_AUTHORITY
runtime/market_data/upstox/20260717/ticks_1784266628.parquet,/Users/madhuram/tradebot-option-e2e-contract-reconstruction-v4/runtime/market_data/upstox/20260717/ticks_1784266628.parquet,7bc19825b8cfc93d48cc4a99300cd5c150c4ef3ca7755d7604dcbdbccb14a40c,upstox,quote,5864,628,150,True,True,True,True,True,True,True,True,True,False,True,False,False,NO_POINT_IN_TIME_INSTRUMENT_AUTHORITY
runtime/market_data/upstox/20260717/ticks_1784266640.parquet,/Users/madhuram/tradebot-option-e2e-contract-reconstruction-v4/runtime/market_data/upstox/20260717/ticks_1784266640.parquet,03e0fac802047cd32190f07d96c54a9d7473465eeeb363b212c26d0f2ac9ebd3,upstox,quote,5710,586,160,True,True,True,True,True,True,True,True,True,False,True,False,False,NO_POINT_IN_TIME_INSTRUMENT_AUTHORITY
runtime/market_data/upstox/20260717/ticks_1784266652.parquet,/Users/madhuram/tradebot-option-e2e-contract-reconstruction-v4/runtime/market_data/upstox/20260717/ticks_1784266652.parquet,8ac3b601a579fd3908b897e4c80eeab4c9138adfb501876560da6d0f282beb45,upstox,quote,5900,645,148,True,True,True,True,True,True,True,True,True,False,True,False,False,NO_POINT_IN_TIME_INSTRUMENT_AUTHORITY
runtime/market_data/upstox/20260717/ticks_1784266665.parquet,/Users/madhuram/tradebot-option-e2e-contract-reconstruction-v4/runtime/market_data/upstox/20260717/ticks_1784266665.parquet,90cd61b611c62c841e04f73c1ac6b99dc0dcc944a740ec41a398378ca4a485af,upstox,quote,5945,540,155,True,True,True,True,True,True,True,True,True,False,True,False,False,NO_POINT_IN_TIME_INSTRUMENT_AUTHORITY
runtime/market_data/upstox/20260717/ticks_1784266677.parquet,/Users/madhuram/tradebot-option-e2e-contract-reconstruction-v4/runtime/market_data/upstox/20260717/ticks_1784266677.parquet,659824d6b59f4278bc098d9d189f66ef54ec56edf6256a57a9145ed302783bb3,upstox,quote,5826,529,154,True,True,True,True,True,True,True,True,True,False,True,False,False,NO_POINT_IN_TIME_INSTRUMENT_AUTHORITY
runtime/market_data/upstox/20260717/ticks_1784266689.parquet,/Users/madhuram/tradebot-option-e2e-contract-reconstruction-v4/runtime/market_data/upstox/20260717/ticks_1784266689.parquet,563c734219c19290d78f43637c6de11bdbbfaf7d5248fefc88f2b587fa3f8ebc,upstox,quote,6380,712,158,True,True,True,True,True,True,True,True,True,False,True,False,False,NO_POINT_IN_TIME_INSTRUMENT_AUTHORITY
runtime/market_data/upstox/20260717/ticks_1784266701.parquet,/Users/madhuram/tradebot-option-e2e-contract-reconstruction-v4/runtime/market_data/upstox/20260717/ticks_1784266701.parquet,8ba9e70b7dd524f5e9c2549bd25dd6de7b06e64869538a2b255fd6099e77a3ab,upstox,quote,5820,593,155,True,True,True,True,True,True,True,True,True,False,True,False,False,NO_POINT_IN_TIME_INSTRUMENT_AUTHORITY
runtime/market_data/upstox/20260717/ticks_1784266713.parquet,/Users/madhuram/tradebot-option-e2e-contract-reconstruction-v4/runtime/market_data/upstox/20260717/ticks_1784266713.parquet,3c58ada08d03932ce19ffce72cfe14fb3f0dfb09beb6a40877b17a3fdf70af04,upstox,quote,6166,584,154,True,True,True,True,True,True,True,True,True,False,True,False,False,NO_POINT_IN_TIME_INSTRUMENT_AUTHORITY
runtime/market_data/upstox/20260717/ticks_1784266725.parquet,/Users/madhuram/tradebot-option-e2e-contract-reconstruction-v4/runtime/market_data/upstox/20260717/ticks_1784266725.parquet,3f5217c880b994399ec738ded11ae2538002d70e939243e4a861cde94bd0cc74,upstox,quote,6499,680,160,True,True,True,True,True,True,True,True,True,False,True,False,False,NO_POINT_IN_TIME_INSTRUMENT_AUTHORITY
runtime/market_data/upstox/20260717/ticks_1784266737.parquet,/Users/madhuram/tradebot-option-e2e-contract-reconstruction-v4/runtime/market_data/upstox/20260717/ticks_1784266737.parquet,0573468a7d31923c9468818b3feb9ac962be7dd7ec92071c90c4f940eb214564,upstox,quote,6044,573,159,True,True,True,True,True,True,True,True,True,False,True,False,False,NO_POINT_IN_TIME_INSTRUMENT_AUTHORITY
runtime/market_data/upstox/20260717/ticks_1784266749.parquet,/Users/madhuram/tradebot-option-e2e-contract-reconstruction-v4/runtime/market_data/upstox/20260717/ticks_1784266749.parquet,2f0aa17107b6b6c98b5ab35ff829e4725f8b5dfeea3b82fb581a47ca4364c28f,upstox,quote,6171,546,157,True,True,True,True,True,True,True,True,True,False,True,False,False,NO_POINT_IN_TIME_INSTRUMENT_AUTHORITY
runtime/market_data/upstox/20260717/ticks_1784266761.parquet,/Users/madhuram/tradebot-option-e2e-contract-reconstruction-v4/runtime/market_data/upstox/20260717/ticks_1784266761.parquet,f8ab57d87072d220e99a4ee584d27070ec244d1f2bbd386a3dc71b91cb5ea308,upstox,quote,5871,623,156,True,True,True,True,True,True,True,True,True,False,True,False,False,NO_POINT_IN_TIME_INSTRUMENT_AUTHORITY
runtime/market_data/upstox/20260717/ticks_1784266773.parquet,/Users/madhuram/tradebot-option-e2e-contract-reconstruction-v4/runtime/market_data/upstox/20260717/ticks_1784266773.parquet,a03ed7062a163cffa1cd5628415d0a9147ce7d6a713a90d06f70c7b9649c7167,upstox,quote,6179,710,154,True,True,True,True,True,True,True,True,True,False,True,False,False,NO_POINT_IN_TIME_INSTRUMENT_AUTHORITY
runtime/market_data/upstox/20260717/ticks_1784266785.parquet,/Users/madhuram/tradebot-option-e2e-contract-reconstruction-v4/runtime/market_data/upstox/20260717/ticks_1784266785.parquet,0c6b76ed887eba56ea10166a99a053ce92d24cfe24ac6a4cc72613c881554ad4,upstox,quote,5871,534,150,True,True,True,True,True,True,True,True,True,False,True,False,False,NO_POINT_IN_TIME_INSTRUMENT_AUTHORITY
runtime/market_data/upstox/20260717/ticks_1784266798.parquet,/Users/madhuram/tradebot-option-e2e-contract-reconstruction-v4/runtime/market_data/upstox/20260717/ticks_1784266798.parquet,ed381787e7a86381d9e11ced1c45636fdc3d1c33c7413e045bc1c9b60417010d,upstox,quote,5754,605,152,True,True,True,True,True,True,True,True,True,False,True,False,False,NO_POINT_IN_TIME_INSTRUMENT_AUTHORITY
runtime/market_data/upstox/20260717/ticks_1784266810.parquet,/Users/madhuram/tradebot-option-e2e-contract-reconstruction-v4/runtime/market_data/upstox/20260717/ticks_1784266810.parquet,98e2a90ec95b39cf80fbda8beea8625b8be377c9d72c93d3b849b2852e290c8d,upstox,quote,6118,609,151,True,True,True,True,True,True,True,True,True,False,True,False,False,NO_POINT_IN_TIME_INSTRUMENT_AUTHORITY
runtime/market_data/upstox/20260717/ticks_1784266822.parquet,/Users/madhuram/tradebot-option-e2e-contract-reconstruction-v4/runtime/market_data/upstox/20260717/ticks_1784266822.parquet,57e699aa9a813fabd3221c556156b78f63508269c126f5856ef146e5d5d532f9,upstox,quote,5936,636,151,True,True,True,True,True,True,True,True,True,False,True,False,False,NO_POINT_IN_TIME_INSTRUMENT_AUTHORITY
runtime/market_data/upstox/20260717/ticks_1784266835.parquet,/Users/madhuram/tradebot-option-e2e-contract-reconstruction-v4/runtime/market_data/upstox/20260717/ticks_1784266835.parquet,6cea373ed1810e78ce2aec32929452fbc81dfea2065b33a891a8eee4f12120d6,upstox,quote,6434,716,158,True,True,True,True,True,True,True,True,True,False,True,False,False,NO_POINT_IN_TIME_INSTRUMENT_AUTHORITY
runtime/market_data/upstox/20260717/ticks_1784266847.parquet,/Users/madhuram/tradebot-option-e2e-contract-reconstruction-v4/runtime/market_data/upstox/20260717/ticks_1784266847.parquet,0cd172e1be2ac865397dee84d744f25cdf2f635f3cf66ea80b1b1f4c63e6b1e7,upstox,quote,6069,564,155,True,True,True,True,True,True,True,True,True,False,True,False,False,NO_POINT_IN_TIME_INSTRUMENT_AUTHORITY
runtime/market_data/upstox/20260717/ticks_1784266859.parquet,/Users/madhuram/tradebot-option-e2e-contract-reconstruction-v4/runtime/market_data/upstox/20260717/ticks_1784266859.parquet,c38d1908d42df245c1f243ef8f0721eca2ca9e84d30650f3b54c6ccf01ca5659,upstox,quote,5983,596,153,True,True,True,True,True,True,True,True,True,False,True,False,False,NO_POINT_IN_TIME_INSTRUMENT_AUTHORITY
runtime/market_data/upstox/20260717/ticks_1784266871.parquet,/Users/madhuram/tradebot-option-e2e-contract-reconstruction-v4/runtime/market_data/upstox/20260717/ticks_1784266871.parquet,8997d7514d7c8ca7c054379035b382086a050789d6b5c20071afd0e76409ade1,upstox,quote,6024,693,155,True,True,True,True,True,True,True,True,True,False,True,False,False,NO_POINT_IN_TIME_INSTRUMENT_AUTHORITY
runtime/market_data/upstox/20260717/ticks_1784266884.parquet,/Users/madhuram/tradebot-option-e2e-contract-reconstruction-v4/runtime/market_data/upstox/20260717/ticks_1784266884.parquet,70ae06c77d8f94a4d2612e6da253caad89e0b0a5fb5641b25c543193e59fb4d8,upstox,quote,5913,541,152,True,True,True,True,True,True,True,True,True,False,True,False,False,NO_POINT_IN_TIME_INSTRUMENT_AUTHORITY
runtime/market_data/upstox/20260717/ticks_1784266896.parquet,/Users/madhuram/tradebot-option-e2e-contract-reconstruction-v4/runtime/market_data/upstox/20260717/ticks_1784266896.parquet,12bce74ce2760470b117696757cb4376c3756b836f540d682b798c30582689d3,upstox,quote,5909,611,152,True,True,True,True,True,True,True,True,True,False,True,False,False,NO_POINT_IN_TIME_INSTRUMENT_AUTHORITY
runtime/market_data/upstox/20260717/ticks_1784266908.parquet,/Users/madhuram/tradebot-option-e2e-contract-reconstruction-v4/runtime/market_data/upstox/20260717/ticks_1784266908.parquet,c9f7f3c2b8bc7765ed5a0e7c42a9ca05dbfd965a06ecd98b892790047fb2013e,upstox,quote,5675,595,149,True,True,True,True,True,True,True,True,True,False,True,False,False,NO_POINT_IN_TIME_INSTRUMENT_AUTHORITY
runtime/market_data/upstox/20260717/ticks_1784266920.parquet,/Users/madhuram/tradebot-option-e2e-contract-reconstruction-v4/runtime/market_data/upstox/20260717/ticks_1784266920.parquet,82bd7fc086f4b3e754e109f1207445f9598ef9f88ab17192f0b3b4f9f6138b58,upstox,quote,5994,633,153,True,True,True,True,True,True,True,True,True,False,True,False,False,NO_POINT_IN_TIME_INSTRUMENT_AUTHORITY
runtime/market_data/upstox/20260717/ticks_1784266932.parquet,/Users/madhuram/tradebot-option-e2e-contract-reconstruction-v4/runtime/market_data/upstox/20260717/ticks_1784266932.parquet,2c5b257edc304ec518c9bb84ba854b69028d449eb443a654935779b3f0da39f9,upstox,quote,5846,592,154,True,True,True,True,True,True,True,True,True,False,True,False,False,NO_POINT_IN_TIME_INSTRUMENT_AUTHORITY
runtime/market_data/upstox/20260717/ticks_1784266945.parquet,/Users/madhuram/tradebot-option-e2e-contract-reconstruction-v4/runtime/market_data/upstox/20260717/ticks_1784266945.parquet,e7b2df615bb95991c3045403697149fef6883f268aec9efb0c91cbaa7c435c80,upstox,quote,6035,736,149,True,True,True,True,True,True,True,True,True,False,True,False,False,NO_POINT_IN_TIME_INSTRUMENT_AUTHORITY
runtime/market_data/upstox/20260717/ticks_1784266957.parquet,/Users/madhuram/tradebot-option-e2e-contract-reconstruction-v4/runtime/market_data/upstox/20260717/ticks_1784266957.parquet,49a4ab7277ad334dd473b08d45998c485030d4466d14d94f1033d1d4befc14a3,upstox,quote,5784,554,154,True,True,True,True,True,True,True,True,True,False,True,False,False,NO_POINT_IN_TIME_INSTRUMENT_AUTHORITY
runtime/market_data/upstox/20260717/ticks_1784266969.parquet,/Users/madhuram/tradebot-option-e2e-contract-reconstruction-v4/runtime/market_data/upstox/20260717/ticks_1784266969.parquet,921849d559915d983f3302aa2ad70a85990e21d0b273d1ec8b8dba41aef98a7d,upstox,quote,5869,608,153,True,True,True,True,True,True,True,True,True,False,True,False,False,NO_POINT_IN_TIME_INSTRUMENT_AUTHORITY
runtime/market_data/upstox/20260717/ticks_1784266981.parquet,/Users/madhuram/tradebot-option-e2e-contract-reconstruction-v4/runtime/market_data/upstox/20260717/ticks_1784266981.parquet,5e711d85325c9dc3664c906a9e05c5ffca933494ec6f18f74e9667f51721122f,upstox,quote,5823,671,155,True,True,True,True,True,True,True,True,True,False,True,False,False,NO_POINT_IN_TIME_INSTRUMENT_AUTHORITY
runtime/market_data/upstox/20260717/ticks_1784266993.parquet,/Users/madhuram/tradebot-option-e2e-contract-reconstruction-v4/runtime/market_data/upstox/20260717/ticks_1784266993.parquet,0f822b9e222bcf4d5d8415e44ec747879be3163f1cd70810080b978a498924a7,upstox,quote,5608,548,151,True,True,True,True,True,True,True,True,True,False,True,False,False,NO_POINT_IN_TIME_INSTRUMENT_AUTHORITY
runtime/market_data/upstox/20260717/ticks_1784267005.parquet,/Users/madhuram/tradebot-option-e2e-contract-reconstruction-v4/runtime/market_data/upstox/20260717/ticks_1784267005.parquet,021a291a53fa1694691500051b7d5da72dc21ae1cf421b8b427dc4b5d305d934,upstox,quote,5396,523,154,True,True,True,True,True,True,True,True,True,False,True,False,False,NO_POINT_IN_TIME_INSTRUMENT_AUTHORITY
runtime/market_data/upstox/20260717/ticks_1784267017.parquet,/Users/madhuram/tradebot-option-e2e-contract-reconstruction-v4/runtime/market_data/upstox/20260717/ticks_1784267017.parquet,175b7334ea25e3746449e890d394950a9e78a312ab2413bed9d0862ba787f6f6,upstox,quote,5499,599,151,True,True,True,True,True,True,True,True,True,False,True,False,False,NO_POINT_IN_TIME_INSTRUMENT_AUTHORITY
runtime/market_data/upstox/20260717/ticks_1784267030.parquet,/Users/madhuram/tradebot-option-e2e-contract-reconstruction-v4/runtime/market_data/upstox/20260717/ticks_1784267030.parquet,6a2439c75d1a57cf68a3896e0e39ef320782339eea8c16ce15d18308aa3bb311,upstox,quote,6069,626,160,True,True,True,True,True,True,True,True,True,False,True,False,False,NO_POINT_IN_TIME_INSTRUMENT_AUTHORITY
runtime/market_data/upstox/20260717/ticks_1784267042.parquet,/Users/madhuram/tradebot-option-e2e-contract-reconstruction-v4/runtime/market_data/upstox/20260717/ticks_1784267042.parquet,d724d67c63a89f61b1d8a6d083587f8bbe602f9833d34e8fcb6416821fa9c296,upstox,quote,5815,529,156,True,True,True,True,True,True,True,True,True,False,True,False,False,NO_POINT_IN_TIME_INSTRUMENT_AUTHORITY
runtime/market_data/upstox/20260717/ticks_1784267054.parquet,/Users/madhuram/tradebot-option-e2e-contract-reconstruction-v4/runtime/market_data/upstox/20260717/ticks_1784267054.parquet,d92e53c8b8dccd12367928c85374ed00cb31fcdaf20db9f9875910c78fa046db,upstox,quote,5987,652,156,True,True,True,True,True,True,True,True,True,False,True,False,False,NO_POINT_IN_TIME_INSTRUMENT_AUTHORITY
runtime/market_data/upstox/20260717/ticks_1784267066.parquet,/Users/madhuram/tradebot-option-e2e-contract-reconstruction-v4/runtime/market_data/upstox/20260717/ticks_1784267066.parquet,3d592dc435fa2ab69c369cf686f20bd95fec106976c60587c376bd8c651be49e,upstox,quote,5894,689,155,True,True,True,True,True,True,True,True,True,False,True,False,False,NO_POINT_IN_TIME_INSTRUMENT_AUTHORITY
runtime/market_data/upstox/20260717/ticks_1784267078.parquet,/Users/madhuram/tradebot-option-e2e-contract-reconstruction-v4/runtime/market_data/upstox/20260717/ticks_1784267078.parquet,ea9e81004017b5b36bd712f9bbe0e3a31f70b858809d4c7f910df65d678792fc,upstox,quote,5905,539,153,True,True,True,True,True,True,True,True,True,False,True,False,False,NO_POINT_IN_TIME_INSTRUMENT_AUTHORITY
runtime/market_data/upstox/20260717/ticks_1784267090.parquet,/Users/madhuram/tradebot-option-e2e-contract-reconstruction-v4/runtime/market_data/upstox/20260717/ticks_1784267090.parquet,87d23df6bab58e4cbb923573a43b0df4693da8a1f714c07ddb91cd02c420d91e,upstox,quote,5600,602,152,True,True,True,True,True,True,True,True,True,False,True,False,False,NO_POINT_IN_TIME_INSTRUMENT_AUTHORITY
runtime/market_data/upstox/20260717/ticks_1784267103.parquet,/Users/madhuram/tradebot-option-e2e-contract-reconstruction-v4/runtime/market_data/upstox/20260717/ticks_1784267103.parquet,6d97e537c5f0c0935a03d086cf4f626747a3a9fa419397b396010e8f9a396d02,upstox,quote,5950,603,152,True,True,True,True,True,True,True,True,True,False,True,False,False,NO_POINT_IN_TIME_INSTRUMENT_AUTHORITY
runtime/market_data/upstox/20260717/ticks_1784267115.parquet,/Users/madhuram/tradebot-option-e2e-contract-reconstruction-v4/runtime/market_data/upstox/20260717/ticks_1784267115.parquet,7d40cb8922d4c362ebcee458222b00e9222e4032369844cc15d59cfa85d594cd,upstox,quote,5820,554,154,True,True,True,True,True,True,True,True,True,False,True,False,False,NO_POINT_IN_TIME_INSTRUMENT_AUTHORITY
runtime/market_data/upstox/20260717/ticks_1784267127.parquet,/Users/madhuram/tradebot-option-e2e-contract-reconstruction-v4/runtime/market_data/upstox/20260717/ticks_1784267127.parquet,65afeb4b4e58b0aeec89c83bdf93d08bb26958b9a0d4df2d0f2620aa974761aa,upstox,quote,5846,683,153,True,True,True,True,True,True,True,True,True,False,True,False,False,NO_POINT_IN_TIME_INSTRUMENT_AUTHORITY
runtime/market_data/upstox/20260717/ticks_1784267139.parquet,/Users/madhuram/tradebot-option-e2e-contract-reconstruction-v4/runtime/market_data/upstox/20260717/ticks_1784267139.parquet,d5f8dddc83ce1d4c97615b7c8682c8285de74253a32cfeb552b9c21cac82eddd,upstox,quote,5690,568,155,True,True,True,True,True,True,True,True,True,False,True,False,False,NO_POINT_IN_TIME_INSTRUMENT_AUTHORITY
runtime/market_data/upstox/20260717/ticks_1784267151.parquet,/Users/madhuram/tradebot-option-e2e-contract-reconstruction-v4/runtime/market_data/upstox/20260717/ticks_1784267151.parquet,550cf619c865dc6268b1654d66d08299f22058ec8b27fe0c5c198c52e7edc418,upstox,quote,5682,590,150,True,True,True,True,True,True,True,True,True,False,True,False,False,NO_POINT_IN_TIME_INSTRUMENT_AUTHORITY
runtime/market_data/upstox/20260717/ticks_1784267163.parquet,/Users/madhuram/tradebot-option-e2e-contract-reconstruction-v4/runtime/market_data/upstox/20260717/ticks_1784267163.parquet,ca74c995d5c5434689c6b33bba61043b64d1a0ac29352de57d454a00f00e16b6,upstox,quote,5593,595,154,True,True,True,True,True,True,True,True,True,False,True,False,False,NO_POINT_IN_TIME_INSTRUMENT_AUTHORITY
runtime/market_data/upstox/20260717/ticks_1784267175.parquet,/Users/madhuram/tradebot-option-e2e-contract-reconstruction-v4/runtime/market_data/upstox/20260717/ticks_1784267175.parquet,07b496f59407ebed7b8972f0099b540b268703e52212246c1b971419e5561ad3,upstox,quote,5754,609,153,True,True,True,True,True,True,True,True,True,False,True,False,False,NO_POINT_IN_TIME_INSTRUMENT_AUTHORITY
runtime/market_data/upstox/20260717/ticks_1784267187.parquet,/Users/madhuram/tradebot-option-e2e-contract-reconstruction-v4/runtime/market_data/upstox/20260717/ticks_1784267187.parquet,7a5f6989ada5438390c44ccb3e9e543898119380986d43d15f7f75da52c27ead,upstox,quote,5888,661,153,True,True,True,True,True,True,True,True,True,False,True,False,False,NO_POINT_IN_TIME_INSTRUMENT_AUTHORITY
runtime/market_data/upstox/20260717/ticks_1784267200.parquet,/Users/madhuram/tradebot-option-e2e-contract-reconstruction-v4/runtime/market_data/upstox/20260717/ticks_1784267200.parquet,505569e1c457eb447f5e6c3c9e60587fb4bc821dd46002aa378b0ae450e04577,upstox,quote,5679,602,153,True,True,True,True,True,True,True,True,True,False,True,False,False,NO_POINT_IN_TIME_INSTRUMENT_AUTHORITY
runtime/market_data/upstox/20260717/ticks_1784267212.parquet,/Users/madhuram/tradebot-option-e2e-contract-reconstruction-v4/runtime/market_data/upstox/20260717/ticks_1784267212.parquet,0ee12c3efaca316fd2ccfe6caccdf1e4580573e357323203caffb535fa2fb156,upstox,quote,5853,553,157,True,True,True,True,True,True,True,True,True,False,True,False,False,NO_POINT_IN_TIME_INSTRUMENT_AUTHORITY
runtime/market_data/upstox/20260717/ticks_1784267224.parquet,/Users/madhuram/tradebot-option-e2e-contract-reconstruction-v4/runtime/market_data/upstox/20260717/ticks_1784267224.parquet,d67be180bcc101a0f6b9d1ad5bafb71a8d4f2fd3479a19b21f5cdace6cebc62d,upstox,quote,5925,579,157,True,True,True,True,True,True,True,True,True,False,True,False,False,NO_POINT_IN_TIME_INSTRUMENT_AUTHORITY
runtime/market_data/upstox/20260717/ticks_1784267236.parquet,/Users/madhuram/tradebot-option-e2e-contract-reconstruction-v4/runtime/market_data/upstox/20260717/ticks_1784267236.parquet,15f3e741776d8ab843a952d4105426a1ecde00b8ad33745684a9f60350d1d771,upstox,quote,5828,623,156,True,True,True,True,True,True,True,True,True,False,True,False,False,NO_POINT_IN_TIME_INSTRUMENT_AUTHORITY
runtime/market_data/upstox/20260717/ticks_1784267248.parquet,/Users/madhuram/tradebot-option-e2e-contract-reconstruction-v4/runtime/market_data/upstox/20260717/ticks_1784267248.parquet,ff5598de12c502e69bba45d929c141a60cc69f71365260090b2f6f134eb38fad,upstox,quote,5856,559,156,True,True,True,True,True,True,True,True,True,False,True,False,False,NO_POINT_IN_TIME_INSTRUMENT_AUTHORITY
runtime/market_data/upstox/20260717/ticks_1784267260.parquet,/Users/madhuram/tradebot-option-e2e-contract-reconstruction-v4/runtime/market_data/upstox/20260717/ticks_1784267260.parquet,1681d1865c5444fb84f5a290f93444ba027b616af49b7155c85ac9c149006359,upstox,quote,5587,539,155,True,True,True,True,True,True,True,True,True,False,True,False,False,NO_POINT_IN_TIME_INSTRUMENT_AUTHORITY
runtime/market_data/upstox/20260717/ticks_1784267272.parquet,/Users/madhuram/tradebot-option-e2e-contract-reconstruction-v4/runtime/market_data/upstox/20260717/ticks_1784267272.parquet,7a324dc6293683cf5198c1ad5599aa07cbb252d5312d099b3e756fe8bf1915bc,upstox,quote,6073,757,148,True,True,True,True,True,True,True,True,True,False,True,False,False,NO_POINT_IN_TIME_INSTRUMENT_AUTHORITY
runtime/market_data/upstox/20260717/ticks_1784267285.parquet,/Users/madhuram/tradebot-option-e2e-contract-reconstruction-v4/runtime/market_data/upstox/20260717/ticks_1784267285.parquet,b0d81ae33b6b4c072156a72751357930244cb2c102414bc39ab14dc4746200f4,upstox,quote,5986,583,160,True,True,True,True,True,True,True,True,True,False,True,False,False,NO_POINT_IN_TIME_INSTRUMENT_AUTHORITY
runtime/market_data/upstox/20260717/ticks_1784267297.parquet,/Users/madhuram/tradebot-option-e2e-contract-reconstruction-v4/runtime/market_data/upstox/20260717/ticks_1784267297.parquet,901004de2ae279fe8b6e42defdbf091743c4e6947679c3c04b1f0340f6312042,upstox,quote,5819,581,157,True,True,True,True,True,True,True,True,True,False,True,False,False,NO_POINT_IN_TIME_INSTRUMENT_AUTHORITY
runtime/market_data/upstox/20260717/ticks_1784267309.parquet,/Users/madhuram/tradebot-option-e2e-contract-reconstruction-v4/runtime/market_data/upstox/20260717/ticks_1784267309.parquet,685e889fdb0d47c238c09cf192e7025dfd90a1a30a1a67023ff78df05df829b0,upstox,quote,5688,696,157,True,True,True,True,True,True,True,True,True,False,True,False,False,NO_POINT_IN_TIME_INSTRUMENT_AUTHORITY
runtime/market_data/upstox/20260717/ticks_1784267321.parquet,/Users/madhuram/tradebot-option-e2e-contract-reconstruction-v4/runtime/market_data/upstox/20260717/ticks_1784267321.parquet,235cef2bac70a6f7d7936c699c9869b1913cd35342aef4efe0559fb2168fb589,upstox,quote,5623,599,156,True,True,True,True,True,True,True,True,True,False,True,False,False,NO_POINT_IN_TIME_INSTRUMENT_AUTHORITY
runtime/market_data/upstox/20260717/ticks_1784267333.parquet,/Users/madhuram/tradebot-option-e2e-contract-reconstruction-v4/runtime/market_data/upstox/20260717/ticks_1784267333.parquet,a249455a10741e8b020cc39be073d4abe9055a5fd2d2c992dc251c550de1224e,upstox,quote,5781,522,154,True,True,True,True,True,True,True,True,True,False,True,False,False,NO_POINT_IN_TIME_INSTRUMENT_AUTHORITY
runtime/market_data/upstox/20260717/ticks_1784267345.parquet,/Users/madhuram/tradebot-option-e2e-contract-reconstruction-v4/runtime/market_data/upstox/20260717/ticks_1784267345.parquet,fe6ed4902dad676cf917b58b08a7974e14a1e8f7db2ee970a9fa0ee4a18f6910,upstox,quote,5960,717,156,True,True,True,True,True,True,True,True,True,False,True,False,False,NO_POINT_IN_TIME_INSTRUMENT_AUTHORITY
runtime/market_data/upstox/20260717/ticks_1784267357.parquet,/Users/madhuram/tradebot-option-e2e-contract-reconstruction-v4/runtime/market_data/upstox/20260717/ticks_1784267357.parquet,dd6ba6e147b68ca026a33d67e11f3b6f4a579421493db0f049126f56058d9825,upstox,quote,5864,617,154,True,True,True,True,True,True,True,True,True,False,True,False,False,NO_POINT_IN_TIME_INSTRUMENT_AUTHORITY
runtime/market_data/upstox/20260717/ticks_1784267370.parquet,/Users/madhuram/tradebot-option-e2e-contract-reconstruction-v4/runtime/market_data/upstox/20260717/ticks_1784267370.parquet,e11731dbad449a7a3025113cecff0cd0f0080ed110fb3f84a96d0812765caddf,upstox,quote,5628,529,160,True,True,True,True,True,True,True,True,True,False,True,False,False,NO_POINT_IN_TIME_INSTRUMENT_AUTHORITY
runtime/market_data/upstox/20260717/ticks_1784267382.parquet,/Users/madhuram/tradebot-option-e2e-contract-reconstruction-v4/runtime/market_data/upstox/20260717/ticks_1784267382.parquet,6bdd6f642e84555fb04778c3e9401600d01eb6fb9b57b0886b0b75504a2937e6,upstox,quote,5946,607,158,True,True,True,True,True,True,True,True,True,False,True,False,False,NO_POINT_IN_TIME_INSTRUMENT_AUTHORITY
runtime/market_data/upstox/20260717/ticks_1784267394.parquet,/Users/madhuram/tradebot-option-e2e-contract-reconstruction-v4/runtime/market_data/upstox/20260717/ticks_1784267394.parquet,43c630c4cf016811c4fa29fec203cebd898e8851d0a342dc3ce064b13a9784cd,upstox,quote,5792,619,148,True,True,True,True,True,True,True,True,True,False,True,False,False,NO_POINT_IN_TIME_INSTRUMENT_AUTHORITY
runtime/market_data/upstox/20260717/ticks_1784267406.parquet,/Users/madhuram/tradebot-option-e2e-contract-reconstruction-v4/runtime/market_data/upstox/20260717/ticks_1784267406.parquet,d1471e00e075061defad9d86cd752d603a9870ef432ab13216b0afbec3f242be,upstox,quote,5902,640,153,True,True,True,True,True,True,True,True,True,False,True,False,False,NO_POINT_IN_TIME_INSTRUMENT_AUTHORITY
runtime/market_data/upstox/20260717/ticks_1784267418.parquet,/Users/madhuram/tradebot-option-e2e-contract-reconstruction-v4/runtime/market_data/upstox/20260717/ticks_1784267418.parquet,9aec3ea38a9cf75069accb4397fd1614cd34a0d7c9a756f957b122280d31dbb0,upstox,quote,5561,687,152,True,True,True,True,True,True,True,True,True,False,True,False,False,NO_POINT_IN_TIME_INSTRUMENT_AUTHORITY
runtime/market_data/upstox/20260717/ticks_1784267430.parquet,/Users/madhuram/tradebot-option-e2e-contract-reconstruction-v4/runtime/market_data/upstox/20260717/ticks_1784267430.parquet,958cdb52244cf8e368d1c00f4a7b118b7e2724844676f27230c5ae44917a827b,upstox,quote,5893,668,144,True,True,True,True,True,True,True,True,True,False,True,False,False,NO_POINT_IN_TIME_INSTRUMENT_AUTHORITY
runtime/market_data/upstox/20260717/ticks_1784267442.parquet,/Users/madhuram/tradebot-option-e2e-contract-reconstruction-v4/runtime/market_data/upstox/20260717/ticks_1784267442.parquet,802b75aa987e9d1c611eaa523701ab43cae0566471825ab0bb60f296e6be3d51,upstox,quote,5663,571,146,True,True,True,True,True,True,True,True,True,False,True,False,False,NO_POINT_IN_TIME_INSTRUMENT_AUTHORITY
runtime/market_data/upstox/20260717/ticks_1784267454.parquet,/Users/madhuram/tradebot-option-e2e-contract-reconstruction-v4/runtime/market_data/upstox/20260717/ticks_1784267454.parquet,2983c22cea1fc2d9fba003d777c757c563e48e762cc9b16082d98d91cb676332,upstox,quote,5396,572,143,True,True,True,True,True,True,True,True,True,False,True,False,False,NO_POINT_IN_TIME_INSTRUMENT_AUTHORITY
runtime/market_data/upstox/20260717/ticks_1784267466.parquet,/Users/madhuram/tradebot-option-e2e-contract-reconstruction-v4/runtime/market_data/upstox/20260717/ticks_1784267466.parquet,fb47a2dcec452b3e5678a9b8b092c7c7a50d965bc8a6fdbb878981230b62393d,upstox,quote,5458,544,142,True,True,True,True,True,True,True,True,True,False,True,False,False,NO_POINT_IN_TIME_INSTRUMENT_AUTHORITY
runtime/market_data/upstox/20260717/ticks_1784267478.parquet,/Users/madhuram/tradebot-option-e2e-contract-reconstruction-v4/runtime/market_data/upstox/20260717/ticks_1784267478.parquet,865a62a2ac61bc8b02aabbb3cb7d378784616cf734d1757a156ff5bed2eb4a7c,upstox,quote,5595,608,151,True,True,True,True,True,True,True,True,True,False,True,False,False,NO_POINT_IN_TIME_INSTRUMENT_AUTHORITY
runtime/market_data/upstox/20260717/ticks_1784267491.parquet,/Users/madhuram/tradebot-option-e2e-contract-reconstruction-v4/runtime/market_data/upstox/20260717/ticks_1784267491.parquet,4e431a22fbb05dd1926088463c51db706716d2ba90c2cbc8cdef7f73c7f4f559,upstox,quote,5527,578,150,True,True,True,True,True,True,True,True,True,False,True,False,False,NO_POINT_IN_TIME_INSTRUMENT_AUTHORITY
runtime/market_data/upstox/20260717/ticks_1784267503.parquet,/Users/madhuram/tradebot-option-e2e-contract-reconstruction-v4/runtime/market_data/upstox/20260717/ticks_1784267503.parquet,947e61c123627e0797958eaecec375d43c8b0e4c9ce0f2bedbd469d0155870dd,upstox,quote,5024,545,150,True,True,True,True,True,True,True,True,True,False,True,False,False,NO_POINT_IN_TIME_INSTRUMENT_AUTHORITY
runtime/market_data/upstox/20260717/ticks_1784267515.parquet,/Users/madhuram/tradebot-option-e2e-contract-reconstruction-v4/runtime/market_data/upstox/20260717/ticks_1784267515.parquet,c4116f3239ef9aa1ae6d7150a4cc2fcdd616e9c1cbc24e0485fdccca2ae44af3,upstox,quote,5349,564,142,True,True,True,True,True,True,True,True,True,False,True,False,False,NO_POINT_IN_TIME_INSTRUMENT_AUTHORITY
runtime/market_data/upstox/20260717/ticks_1784267527.parquet,/Users/madhuram/tradebot-option-e2e-contract-reconstruction-v4/runtime/market_data/upstox/20260717/ticks_1784267527.parquet,9f9185bb6927c1122a3ab1c7e400c1e319f5b94ec9e66e074a4fdfa30845eb6a,upstox,quote,5887,619,150,True,True,True,True,True,True,True,True,True,False,True,False,False,NO_POINT_IN_TIME_INSTRUMENT_AUTHORITY
runtime/market_data/upstox/20260717/ticks_1784267539.parquet,/Users/madhuram/tradebot-option-e2e-contract-reconstruction-v4/runtime/market_data/upstox/20260717/ticks_1784267539.parquet,d542cad6b14b3bca95f357298033f3dec577010077bb6b932212b201598da63b,upstox,quote,6046,626,160,True,True,True,True,True,True,True,True,True,False,True,False,False,NO_POINT_IN_TIME_INSTRUMENT_AUTHORITY
runtime/market_data/upstox/20260717/ticks_1784267551.parquet,/Users/madhuram/tradebot-option-e2e-contract-reconstruction-v4/runtime/market_data/upstox/20260717/ticks_1784267551.parquet,a6e1abfb96a0865caaee818cf37769d067d794c488bd297568ab0514271c98a5,upstox,quote,6218,608,158,True,True,True,True,True,True,True,True,True,False,True,False,False,NO_POINT_IN_TIME_INSTRUMENT_AUTHORITY
runtime/market_data/upstox/20260717/ticks_1784267564.parquet,/Users/madhuram/tradebot-option-e2e-contract-reconstruction-v4/runtime/market_data/upstox/20260717/ticks_1784267564.parquet,f91eb80969eec56a1e89068538d5f7765b4b0e055905fa104d4fcd24bdc5a276,upstox,quote,5799,653,147,True,True,True,True,True,True,True,True,True,False,True,False,False,NO_POINT_IN_TIME_INSTRUMENT_AUTHORITY
runtime/market_data/upstox/20260717/ticks_1784267576.parquet,/Users/madhuram/tradebot-option-e2e-contract-reconstruction-v4/runtime/market_data/upstox/20260717/ticks_1784267576.parquet,1b0b9e8677e1975e2025b829acc89cde7d4014048cef9d4b0d87ec94ef154763,upstox,quote,5816,638,148,True,True,True,True,True,True,True,True,True,False,True,False,False,NO_POINT_IN_TIME_INSTRUMENT_AUTHORITY
runtime/market_data/upstox/20260717/ticks_1784267588.parquet,/Users/madhuram/tradebot-option-e2e-contract-reconstruction-v4/runtime/market_data/upstox/20260717/ticks_1784267588.parquet,d19b2bd4ef9e9cf45ab26a8ba84ed4acbfea1f6e78a5407e6c6a117402ed2793,upstox,quote,6020,534,147,True,True,True,True,True,True,True,True,True,False,True,False,False,NO_POINT_IN_TIME_INSTRUMENT_AUTHORITY
runtime/market_data/upstox/20260717/ticks_1784267600.parquet,/Users/madhuram/tradebot-option-e2e-contract-reconstruction-v4/runtime/market_data/upstox/20260717/ticks_1784267600.parquet,ec79da4c6a2cc2c39f287a511de6652207d9f854dc55ee5a0ea8705a55d3b472,upstox,quote,6003,651,155,True,True,True,True,True,True,True,True,True,False,True,False,False,NO_POINT_IN_TIME_INSTRUMENT_AUTHORITY
runtime/market_data/upstox/20260717/ticks_1784267612.parquet,/Users/madhuram/tradebot-option-e2e-contract-reconstruction-v4/runtime/market_data/upstox/20260717/ticks_1784267612.parquet,fbb7bd70aa8efc4875ab09375fcdc85af4569bc28ab2883abfdf88a8ca16753f,upstox,quote,5626,587,153,True,True,True,True,True,True,True,True,True,False,True,False,False,NO_POINT_IN_TIME_INSTRUMENT_AUTHORITY
runtime/market_data/upstox/20260717/ticks_1784267624.parquet,/Users/madhuram/tradebot-option-e2e-contract-reconstruction-v4/runtime/market_data/upstox/20260717/ticks_1784267624.parquet,d8abf1248d99052efeebd3fb2e67a111e2e1d96c237c314271cd301fe9a11ae7,upstox,quote,5509,613,148,True,True,True,True,True,True,True,True,True,False,True,False,False,NO_POINT_IN_TIME_INSTRUMENT_AUTHORITY
runtime/market_data/upstox/20260717/ticks_1784267636.parquet,/Users/madhuram/tradebot-option-e2e-contract-reconstruction-v4/runtime/market_data/upstox/20260717/ticks_1784267636.parquet,385a20863a78eda1391af40c6e4fe0722deb5064061c2b1f8f240c36b800a0a5,upstox,quote,5292,679,145,True,True,True,True,True,True,True,True,True,False,True,False,False,NO_POINT_IN_TIME_INSTRUMENT_AUTHORITY
runtime/market_data/upstox/20260717/ticks_1784267648.parquet,/Users/madhuram/tradebot-option-e2e-contract-reconstruction-v4/runtime/market_data/upstox/20260717/ticks_1784267648.parquet,2031f7e6b93d015f4ddf5fb75b363ddf28033ec12f09155ba52101543489c523,upstox,quote,5565,605,140,True,True,True,True,True,True,True,True,True,False,True,False,False,NO_POINT_IN_TIME_INSTRUMENT_AUTHORITY
runtime/market_data/upstox/20260717/ticks_1784267660.parquet,/Users/madhuram/tradebot-option-e2e-contract-reconstruction-v4/runtime/market_data/upstox/20260717/ticks_1784267660.parquet,fc539a6363769e882683c5d660be1f903a7fd2799fa5c15f9c99d40822269c40,upstox,quote,5210,574,150,True,True,True,True,True,True,True,True,True,False,True,False,False,NO_POINT_IN_TIME_INSTRUMENT_AUTHORITY
runtime/market_data/upstox/20260717/ticks_1784267672.parquet,/Users/madhuram/tradebot-option-e2e-contract-reconstruction-v4/runtime/market_data/upstox/20260717/ticks_1784267672.parquet,8fec611caeccac1d80cd2a5a2d1bf26df6e3e4ea415e3a6fb5075cf2b7c45db8,upstox,quote,5581,661,147,True,True,True,True,True,True,True,True,True,False,True,False,False,NO_POINT_IN_TIME_INSTRUMENT_AUTHORITY
runtime/market_data/upstox/20260717/ticks_1784267685.parquet,/Users/madhuram/tradebot-option-e2e-contract-reconstruction-v4/runtime/market_data/upstox/20260717/ticks_1784267685.parquet,0039240901fc1350ffa72ad313c2bd6e6637d8438d4a1d34fc18c395e8a13ec8,upstox,quote,5612,664,159,True,True,True,True,True,True,True,True,True,False,True,False,False,NO_POINT_IN_TIME_INSTRUMENT_AUTHORITY
runtime/market_data/upstox/20260717/ticks_1784267697.parquet,/Users/madhuram/tradebot-option-e2e-contract-reconstruction-v4/runtime/market_data/upstox/20260717/ticks_1784267697.parquet,87b8586230377ca22aca5366955d289081c3ff8f6589973c06dc80c7e077a3b7,upstox,quote,5450,519,148,True,True,True,True,True,True,True,True,True,False,True,False,False,NO_POINT_IN_TIME_INSTRUMENT_AUTHORITY
runtime/market_data/upstox/20260717/ticks_1784267709.parquet,/Users/madhuram/tradebot-option-e2e-contract-reconstruction-v4/runtime/market_data/upstox/20260717/ticks_1784267709.parquet,3fe211c36215be2194efee3fee499788956a9d83e2e87cec58b178f3e8666508,upstox,quote,5681,567,152,True,True,True,True,True,True,True,True,True,False,True,False,False,NO_POINT_IN_TIME_INSTRUMENT_AUTHORITY
runtime/market_data/upstox/20260717/ticks_1784267721.parquet,/Users/madhuram/tradebot-option-e2e-contract-reconstruction-v4/runtime/market_data/upstox/20260717/ticks_1784267721.parquet,7fd9fc75d76e13b08340579bf47a6145170de2463c574e3b897394375d01b128,upstox,quote,5609,644,152,True,True,True,True,True,True,True,True,True,False,True,False,False,NO_POINT_IN_TIME_INSTRUMENT_AUTHORITY
runtime/market_data/upstox/20260717/ticks_1784267733.parquet,/Users/madhuram/tradebot-option-e2e-contract-reconstruction-v4/runtime/market_data/upstox/20260717/ticks_1784267733.parquet,1dd07324c302f918eb304528d130307688255f5ee39f9df868df02b018b7720b,upstox,quote,5753,664,158,True,True,True,True,True,True,True,True,True,False,True,False,False,NO_POINT_IN_TIME_INSTRUMENT_AUTHORITY
runtime/market_data/upstox/20260717/ticks_1784267745.parquet,/Users/madhuram/tradebot-option-e2e-contract-reconstruction-v4/runtime/market_data/upstox/20260717/ticks_1784267745.parquet,0700a9236ac4738de85fe8001f47f3e045f175b59500e74aa16af8782f02de6b,upstox,quote,5176,542,145,True,True,True,True,True,True,True,True,True,False,True,False,False,NO_POINT_IN_TIME_INSTRUMENT_AUTHORITY
runtime/market_data/upstox/20260717/ticks_1784267758.parquet,/Users/madhuram/tradebot-option-e2e-contract-reconstruction-v4/runtime/market_data/upstox/20260717/ticks_1784267758.parquet,73cd0e0ba26fa60d4911a50ecec1369f7fc3439533687a304f35d3ae5776c5d2,upstox,quote,5806,700,144,True,True,True,True,True,True,True,True,True,False,True,False,False,NO_POINT_IN_TIME_INSTRUMENT_AUTHORITY
runtime/market_data/upstox/20260717/ticks_1784267770.parquet,/Users/madhuram/tradebot-option-e2e-contract-reconstruction-v4/runtime/market_data/upstox/20260717/ticks_1784267770.parquet,7985cc662fa310cacd7468d9102bff8a239e1152dabc4f6e8ce7b1b7bed383dc,upstox,quote,5417,593,155,True,True,True,True,True,True,True,True,True,False,True,False,False,NO_POINT_IN_TIME_INSTRUMENT_AUTHORITY
runtime/market_data/upstox/20260717/ticks_1784267782.parquet,/Users/madhuram/tradebot-option-e2e-contract-reconstruction-v4/runtime/market_data/upstox/20260717/ticks_1784267782.parquet,e46655f49bb8016fa184852fed079b5208442a6221ec5bdc3e8241fc9a4658c2,upstox,quote,5649,606,144,True,True,True,True,True,True,True,True,True,False,True,False,False,NO_POINT_IN_TIME_INSTRUMENT_AUTHORITY
runtime/market_data/upstox/20260717/ticks_1784267794.parquet,/Users/madhuram/tradebot-option-e2e-contract-reconstruction-v4/runtime/market_data/upstox/20260717/ticks_1784267794.parquet,4247cb95d886b1aad8e98c533cc88f87340c013abba4664bf095dc7c60d64edc,upstox,quote,5441,626,153,True,True,True,True,True,True,True,True,True,False,True,False,False,NO_POINT_IN_TIME_INSTRUMENT_AUTHORITY
runtime/market_data/upstox/20260717/ticks_1784267806.parquet,/Users/madhuram/tradebot-option-e2e-contract-reconstruction-v4/runtime/market_data/upstox/20260717/ticks_1784267806.parquet,661b3b9d9383232f4be8feef4c9c22f077b1bf335513fbec64a81c1874f28c3b,upstox,quote,5177,609,152,True,True,True,True,True,True,True,True,True,False,True,False,False,NO_POINT_IN_TIME_INSTRUMENT_AUTHORITY
runtime/market_data/upstox/20260717/ticks_1784267819.parquet,/Users/madhuram/tradebot-option-e2e-contract-reconstruction-v4/runtime/market_data/upstox/20260717/ticks_1784267819.parquet,4189c16aff96e008c69307c8994967eb82d3e95a9db6e0dbacc39a8461ade6da,upstox,quote,5236,538,153,True,True,True,True,True,True,True,True,True,False,True,False,False,NO_POINT_IN_TIME_INSTRUMENT_AUTHORITY
runtime/market_data/upstox/20260717/ticks_1784267831.parquet,/Users/madhuram/tradebot-option-e2e-contract-reconstruction-v4/runtime/market_data/upstox/20260717/ticks_1784267831.parquet,eb58eee9eddafaf5593bc9159305110158f067941c9ba0d58bf189b4a31cb8ed,upstox,quote,5481,590,146,True,True,True,True,True,True,True,True,True,False,True,False,False,NO_POINT_IN_TIME_INSTRUMENT_AUTHORITY
runtime/market_data/upstox/20260717/ticks_1784267843.parquet,/Users/madhuram/tradebot-option-e2e-contract-reconstruction-v4/runtime/market_data/upstox/20260717/ticks_1784267843.parquet,d33ea4aec1d454c8baf1e7e5c3b0cb251d3c1c0b74b037f16e03e4059cab95ec,upstox,quote,5601,664,152,True,True,True,True,True,True,True,True,True,False,True,False,False,NO_POINT_IN_TIME_INSTRUMENT_AUTHORITY
runtime/market_data/upstox/20260717/ticks_1784267855.parquet,/Users/madhuram/tradebot-option-e2e-contract-reconstruction-v4/runtime/market_data/upstox/20260717/ticks_1784267855.parquet,81727349162b18ad987a57d80e1a54b68740832a580d48abf28d3ae4169ab804,upstox,quote,5760,574,151,True,True,True,True,True,True,True,True,True,False,True,False,False,NO_POINT_IN_TIME_INSTRUMENT_AUTHORITY
runtime/market_data/upstox/20260717/ticks_1784267867.parquet,/Users/madhuram/tradebot-option-e2e-contract-reconstruction-v4/runtime/market_data/upstox/20260717/ticks_1784267867.parquet,ff6f7b2cece29f43928d2900259f2cd57811cd0a38459fafedd8a39b84bb5ba9,upstox,quote,5267,595,148,True,True,True,True,True,True,True,True,True,False,True,False,False,NO_POINT_IN_TIME_INSTRUMENT_AUTHORITY
runtime/market_data/upstox/20260717/ticks_1784267879.parquet,/Users/madhuram/tradebot-option-e2e-contract-reconstruction-v4/runtime/market_data/upstox/20260717/ticks_1784267879.parquet,93914d14fd71daa530049a8bd79e1a0a6cc46ccb8068e3dbebe06aa569692252,upstox,quote,5308,530,142,True,True,True,True,True,True,True,True,True,False,True,False,False,NO_POINT_IN_TIME_INSTRUMENT_AUTHORITY
runtime/market_data/upstox/20260717/ticks_1784267891.parquet,/Users/madhuram/tradebot-option-e2e-contract-reconstruction-v4/runtime/market_data/upstox/20260717/ticks_1784267891.parquet,6e95885cd63cdced39bc70007a7e2f070424b30f242c9a2aa9996d936686dfaa,upstox,quote,5671,690,145,True,True,True,True,True,True,True,True,True,False,True,False,False,NO_POINT_IN_TIME_INSTRUMENT_AUTHORITY
runtime/market_data/upstox/20260717/ticks_1784267903.parquet,/Users/madhuram/tradebot-option-e2e-contract-reconstruction-v4/runtime/market_data/upstox/20260717/ticks_1784267903.parquet,1fb82e23b7c50605638d4518e554692413db4111664b04735ca460626d46b4f5,upstox,quote,5370,599,146,True,True,True,True,True,True,True,True,True,False,True,False,False,NO_POINT_IN_TIME_INSTRUMENT_AUTHORITY
runtime/market_data/upstox/20260717/ticks_1784267916.parquet,/Users/madhuram/tradebot-option-e2e-contract-reconstruction-v4/runtime/market_data/upstox/20260717/ticks_1784267916.parquet,2b6c954dfde6673c58325ccb258886f2f2c1633d43f10d8a8409b5472cf04755,upstox,quote,5618,528,143,True,True,True,True,True,True,True,True,True,False,True,False,False,NO_POINT_IN_TIME_INSTRUMENT_AUTHORITY
runtime/market_data/upstox/20260717/ticks_1784267928.parquet,/Users/madhuram/tradebot-option-e2e-contract-reconstruction-v4/runtime/market_data/upstox/20260717/ticks_1784267928.parquet,228279eae2b5cdcde0010b606242d8667bd5208f973efb022559f9a092dd68c2,upstox,quote,5437,617,144,True,True,True,True,True,True,True,True,True,False,True,False,False,NO_POINT_IN_TIME_INSTRUMENT_AUTHORITY
runtime/market_data/upstox/20260717/ticks_1784267940.parquet,/Users/madhuram/tradebot-option-e2e-contract-reconstruction-v4/runtime/market_data/upstox/20260717/ticks_1784267940.parquet,06cfd2a0ac4f2d576ced0705ed7abc9cde19222145ce5d172fc852c3d5afb2ac,upstox,quote,5412,581,151,True,True,True,True,True,True,True,True,True,False,True,False,False,NO_POINT_IN_TIME_INSTRUMENT_AUTHORITY
runtime/market_data/upstox/20260717/ticks_1784267953.parquet,/Users/madhuram/tradebot-option-e2e-contract-reconstruction-v4/runtime/market_data/upstox/20260717/ticks_1784267953.parquet,bb382080eef764b4a569fbf84aa042d0b1b63c47e9e8630acddccafbbed42162,upstox,quote,5663,616,150,True,True,True,True,True,True,True,True,True,False,True,False,False,NO_POINT_IN_TIME_INSTRUMENT_AUTHORITY
runtime/market_data/upstox/20260717/ticks_1784267965.parquet,/Users/madhuram/tradebot-option-e2e-contract-reconstruction-v4/runtime/market_data/upstox/20260717/ticks_1784267965.parquet,9d1d5bd3a7baefd639f5749194fac0300d41521a0614aa356019105642bcebb4,upstox,quote,5671,639,149,True,True,True,True,True,True,True,True,True,False,True,False,False,NO_POINT_IN_TIME_INSTRUMENT_AUTHORITY
runtime/market_data/upstox/20260717/ticks_1784267977.parquet,/Users/madhuram/tradebot-option-e2e-contract-reconstruction-v4/runtime/market_data/upstox/20260717/ticks_1784267977.parquet,c90499bf175925413fee2205e89b0af700d8d6640d5972ce779e63106bba191d,upstox,quote,5658,677,154,True,True,True,True,True,True,True,True,True,False,True,False,False,NO_POINT_IN_TIME_INSTRUMENT_AUTHORITY
runtime/market_data/upstox/20260717/ticks_1784267989.parquet,/Users/madhuram/tradebot-option-e2e-contract-reconstruction-v4/runtime/market_data/upstox/20260717/ticks_1784267989.parquet,c521ba430833761f343fe375c8ce56f9c62b3d750e38a6c2c0976e8366dd9d3b,upstox,quote,5497,509,145,True,True,True,True,True,True,True,True,True,False,True,False,False,NO_POINT_IN_TIME_INSTRUMENT_AUTHORITY
runtime/market_data/upstox/20260717/ticks_1784268002.parquet,/Users/madhuram/tradebot-option-e2e-contract-reconstruction-v4/runtime/market_data/upstox/20260717/ticks_1784268002.parquet,1b2f671623e25ee9c88f602070a4469104b3f1501a5a5055bd0b0f3a6e3c83f5,upstox,quote,5661,605,145,True,True,True,True,True,True,True,True,True,False,True,False,False,NO_POINT_IN_TIME_INSTRUMENT_AUTHORITY
runtime/market_data/upstox/20260717/ticks_1784268014.parquet,/Users/madhuram/tradebot-option-e2e-contract-reconstruction-v4/runtime/market_data/upstox/20260717/ticks_1784268014.parquet,258161d44bf2ef543e253ed3a6bb95adc48beb5d7e0c7a96cc611e786c63926d,upstox,quote,5732,599,143,True,True,True,True,True,True,True,True,True,False,True,False,False,NO_POINT_IN_TIME_INSTRUMENT_AUTHORITY
runtime/market_data/upstox/20260717/ticks_1784268026.parquet,/Users/madhuram/tradebot-option-e2e-contract-reconstruction-v4/runtime/market_data/upstox/20260717/ticks_1784268026.parquet,f5191388f847887bfdbcdd1ef083c8760741f291f185f4d6ab9c6cee9326d76f,upstox,quote,5747,551,149,True,True,True,True,True,True,True,True,True,False,True,False,False,NO_POINT_IN_TIME_INSTRUMENT_AUTHORITY
runtime/market_data/upstox/20260717/ticks_1784268038.parquet,/Users/madhuram/tradebot-option-e2e-contract-reconstruction-v4/runtime/market_data/upstox/20260717/ticks_1784268038.parquet,c173cf6ad7f9a8471b20b2e84c2d7294146ae30af52948d85817afc0faad4c7f,upstox,quote,5616,630,148,True,True,True,True,True,True,True,True,True,False,True,False,False,NO_POINT_IN_TIME_INSTRUMENT_AUTHORITY
runtime/market_data/upstox/20260717/ticks_1784268050.parquet,/Users/madhuram/tradebot-option-e2e-contract-reconstruction-v4/runtime/market_data/upstox/20260717/ticks_1784268050.parquet,a2ce7629fb5ba7ce59690f3fef10bfafaef35b4631284620152bc4f8882d1097,upstox,quote,5389,670,148,True,True,True,True,True,True,True,True,True,False,True,False,False,NO_POINT_IN_TIME_INSTRUMENT_AUTHORITY
runtime/market_data/upstox/20260717/ticks_1784268063.parquet,/Users/madhuram/tradebot-option-e2e-contract-reconstruction-v4/runtime/market_data/upstox/20260717/ticks_1784268063.parquet,040987c991e2bb1635e1390b548a80c9febea80d6e153f667d3b13e76132acd4,upstox,quote,5515,530,153,True,True,True,True,True,True,True,True,True,False,True,False,False,NO_POINT_IN_TIME_INSTRUMENT_AUTHORITY
runtime/market_data/upstox/20260717/ticks_1784268075.parquet,/Users/madhuram/tradebot-option-e2e-contract-reconstruction-v4/runtime/market_data/upstox/20260717/ticks_1784268075.parquet,28863f2f37b7bb30fe6fee6d117e40615a6569b61ab2e1b59938d7411e0cf79a,upstox,quote,5479,560,154,True,True,True,True,True,True,True,True,True,False,True,False,False,NO_POINT_IN_TIME_INSTRUMENT_AUTHORITY
runtime/market_data/upstox/20260717/ticks_1784268088.parquet,/Users/madhuram/tradebot-option-e2e-contract-reconstruction-v4/runtime/market_data/upstox/20260717/ticks_1784268088.parquet,b4db655715c13871d195eb642e56e3cb2b13a4d4b4d2192ed76baf6f5d11031b,upstox,quote,5991,670,154,True,True,True,True,True,True,True,True,True,False,True,False,False,NO_POINT_IN_TIME_INSTRUMENT_AUTHORITY
runtime/market_data/upstox/20260717/ticks_1784268100.parquet,/Users/madhuram/tradebot-option-e2e-contract-reconstruction-v4/runtime/market_data/upstox/20260717/ticks_1784268100.parquet,0589a3e3c58eb2716f7f78e04381a75bae7cd1589a13b6755a265ce578768476,upstox,quote,5561,534,152,True,True,True,True,True,True,True,True,True,False,True,False,False,NO_POINT_IN_TIME_INSTRUMENT_AUTHORITY
runtime/market_data/upstox/20260717/ticks_1784268112.parquet,/Users/madhuram/tradebot-option-e2e-contract-reconstruction-v4/runtime/market_data/upstox/20260717/ticks_1784268112.parquet,a0d06386871937f0fb95a0b26df3da5d2f8fd9ec5f78d80c7406585d37106443,upstox,quote,5308,544,145,True,True,True,True,True,True,True,True,True,False,True,False,False,NO_POINT_IN_TIME_INSTRUMENT_AUTHORITY
runtime/market_data/upstox/20260717/ticks_1784268124.parquet,/Users/madhuram/tradebot-option-e2e-contract-reconstruction-v4/runtime/market_data/upstox/20260717/ticks_1784268124.parquet,18fb61be5c518b516d551536fef129b1f87467af9de655346c5c397b1bff0cdb,upstox,quote,5661,654,142,True,True,True,True,True,True,True,True,True,False,True,False,False,NO_POINT_IN_TIME_INSTRUMENT_AUTHORITY
runtime/market_data/upstox/20260717/ticks_1784268136.parquet,/Users/madhuram/tradebot-option-e2e-contract-reconstruction-v4/runtime/market_data/upstox/20260717/ticks_1784268136.parquet,da3eb9a19846e4e0a71d6b44c0e3e4d8efe4d5cf8e95f07031c695bae6eadbd8,upstox,quote,5436,586,145,True,True,True,True,True,True,True,True,True,False,True,False,False,NO_POINT_IN_TIME_INSTRUMENT_AUTHORITY
runtime/market_data/upstox/20260717/ticks_1784268148.parquet,/Users/madhuram/tradebot-option-e2e-contract-reconstruction-v4/runtime/market_data/upstox/20260717/ticks_1784268148.parquet,8a3cebd828259b1b7717b6d1aea2d95dd01e6824d85f32694802fa3500e87909,upstox,quote,5349,594,138,True,True,True,True,True,True,True,True,True,False,True,False,False,NO_POINT_IN_TIME_INSTRUMENT_AUTHORITY
runtime/market_data/upstox/20260717/ticks_1784268160.parquet,/Users/madhuram/tradebot-option-e2e-contract-reconstruction-v4/runtime/market_data/upstox/20260717/ticks_1784268160.parquet,5b3a8036d281121bddcd4ada15f493ae2965f019a81602a36d7bfba8f10bdf4e,upstox,quote,5284,626,143,True,True,True,True,True,True,True,True,True,False,True,False,False,NO_POINT_IN_TIME_INSTRUMENT_AUTHORITY
runtime/market_data/upstox/20260717/ticks_1784268173.parquet,/Users/madhuram/tradebot-option-e2e-contract-reconstruction-v4/runtime/market_data/upstox/20260717/ticks_1784268173.parquet,72637f7ee6e6b2ec0b88fc6710c7826dee1b4f6439b16e99fbda8f6167a8da42,upstox,quote,4927,556,146,True,True,True,True,True,True,True,True,True,False,True,False,False,NO_POINT_IN_TIME_INSTRUMENT_AUTHORITY
runtime/market_data/upstox/20260717/ticks_1784268185.parquet,/Users/madhuram/tradebot-option-e2e-contract-reconstruction-v4/runtime/market_data/upstox/20260717/ticks_1784268185.parquet,2c21cdd0ccf6d44b4f83477892a19f28b9468fd371a1a66d8251060e8afe4d71,upstox,quote,5476,558,142,True,True,True,True,True,True,True,True,True,False,True,False,False,NO_POINT_IN_TIME_INSTRUMENT_AUTHORITY
runtime/market_data/upstox/20260717/ticks_1784268197.parquet,/Users/madhuram/tradebot-option-e2e-contract-reconstruction-v4/runtime/market_data/upstox/20260717/ticks_1784268197.parquet,86d1f285b23d0c7c6e500943da69f4ac9b4429e6f822816d644f24ca9b58f5a5,upstox,quote,5267,591,146,True,True,True,True,True,True,True,True,True,False,True,False,False,NO_POINT_IN_TIME_INSTRUMENT_AUTHORITY
runtime/market_data/upstox/20260717/ticks_1784268209.parquet,/Users/madhuram/tradebot-option-e2e-contract-reconstruction-v4/runtime/market_data/upstox/20260717/ticks_1784268209.parquet,e82cc174b0d0b04d6261840fae5d4b944ab97dbb60b4b941b05c443482a2c859,upstox,quote,5482,583,153,True,True,True,True,True,True,True,True,True,False,True,False,False,NO_POINT_IN_TIME_INSTRUMENT_AUTHORITY
runtime/market_data/upstox/20260717/ticks_1784268221.parquet,/Users/madhuram/tradebot-option-e2e-contract-reconstruction-v4/runtime/market_data/upstox/20260717/ticks_1784268221.parquet,ada25a1b2e06f0a9c9ab06613589db475addd5cff1afe2ecad7867407f091d4e,upstox,quote,5364,569,153,True,True,True,True,True,True,True,True,True,False,True,False,False,NO_POINT_IN_TIME_INSTRUMENT_AUTHORITY
runtime/market_data/upstox/20260717/ticks_1784268234.parquet,/Users/madhuram/tradebot-option-e2e-contract-reconstruction-v4/runtime/market_data/upstox/20260717/ticks_1784268234.parquet,1498b66167d8143d1581c1896146c953493420232db8607aeffc2a170e7969e2,upstox,quote,5607,560,143,True,True,True,True,True,True,True,True,True,False,True,False,False,NO_POINT_IN_TIME_INSTRUMENT_AUTHORITY
runtime/market_data/upstox/20260717/ticks_1784268246.parquet,/Users/madhuram/tradebot-option-e2e-contract-reconstruction-v4/runtime/market_data/upstox/20260717/ticks_1784268246.parquet,034cc7b6b4a49abb7490963ab701ec86917d81a3efcddd470cdea73aea3d65c8,upstox,quote,5737,623,148,True,True,True,True,True,True,True,True,True,False,True,False,False,NO_POINT_IN_TIME_INSTRUMENT_AUTHORITY
runtime/market_data/upstox/20260717/ticks_1784268258.parquet,/Users/madhuram/tradebot-option-e2e-contract-reconstruction-v4/runtime/market_data/upstox/20260717/ticks_1784268258.parquet,3cca780e14b35cade261dc1a354eae674767398b4e73a1f3f2f20af716b4a1be,upstox,quote,5523,626,155,True,True,True,True,True,True,True,True,True,False,True,False,False,NO_POINT_IN_TIME_INSTRUMENT_AUTHORITY
runtime/market_data/upstox/20260717/ticks_1784268270.parquet,/Users/madhuram/tradebot-option-e2e-contract-reconstruction-v4/runtime/market_data/upstox/20260717/ticks_1784268270.parquet,ecb294fb6de3564da7597ab29689343de4f85daa0ffcbbe4d54802fa9cb20561,upstox,quote,5834,622,157,True,True,True,True,True,True,True,True,True,False,True,False,False,NO_POINT_IN_TIME_INSTRUMENT_AUTHORITY
runtime/market_data/upstox/20260717/ticks_1784268283.parquet,/Users/madhuram/tradebot-option-e2e-contract-reconstruction-v4/runtime/market_data/upstox/20260717/ticks_1784268283.parquet,58d806ee75a490099cedde6b3617b0cf6ab5aba3c106658c59223826d34458c8,upstox,quote,6061,607,143,True,True,True,True,True,True,True,True,True,False,True,False,False,NO_POINT_IN_TIME_INSTRUMENT_AUTHORITY
runtime/market_data/upstox/20260717/ticks_1784268295.parquet,/Users/madhuram/tradebot-option-e2e-contract-reconstruction-v4/runtime/market_data/upstox/20260717/ticks_1784268295.parquet,3d4dd8deec4b4f6797bb02be9b41b27d9de0909864c636129e9c0bbbc97a3fdd,upstox,quote,5753,552,137,True,True,True,True,True,True,True,True,True,False,True,False,False,NO_POINT_IN_TIME_INSTRUMENT_AUTHORITY
runtime/market_data/upstox/20260717/ticks_1784268307.parquet,/Users/madhuram/tradebot-option-e2e-contract-reconstruction-v4/runtime/market_data/upstox/20260717/ticks_1784268307.parquet,4426eb07b8c1993a2806fef3cb00feaf35628b454467de3284ea00dd4b5958bf,upstox,quote,5671,576,141,True,True,True,True,True,True,True,True,True,False,True,False,False,NO_POINT_IN_TIME_INSTRUMENT_AUTHORITY
runtime/market_data/upstox/20260717/ticks_1784268320.parquet,/Users/madhuram/tradebot-option-e2e-contract-reconstruction-v4/runtime/market_data/upstox/20260717/ticks_1784268320.parquet,b4ef0f92727bebe78160476cdf78e79566d5f586f46bfe87c8e1afdc152b42a4,upstox,quote,5639,568,143,True,True,True,True,True,True,True,True,True,False,True,False,False,NO_POINT_IN_TIME_INSTRUMENT_AUTHORITY
runtime/market_data/upstox/20260717/ticks_1784268332.parquet,/Users/madhuram/tradebot-option-e2e-contract-reconstruction-v4/runtime/market_data/upstox/20260717/ticks_1784268332.parquet,7299d8f77ab6b3131ae5045013d3c1979ecb19c82f0820f44876ae7beaeb3671,upstox,quote,5924,582,151,True,True,True,True,True,True,True,True,True,False,True,False,False,NO_POINT_IN_TIME_INSTRUMENT_AUTHORITY
runtime/market_data/upstox/20260717/ticks_1784268344.parquet,/Users/madhuram/tradebot-option-e2e-contract-reconstruction-v4/runtime/market_data/upstox/20260717/ticks_1784268344.parquet,c28d58b6b2acc4108247a19d419e74dedfcea3ec6d6567ec35c8699c5a88d852,upstox,quote,5805,588,154,True,True,True,True,True,True,True,True,True,False,True,False,False,NO_POINT_IN_TIME_INSTRUMENT_AUTHORITY
runtime/market_data/upstox/20260717/ticks_1784268356.parquet,/Users/madhuram/tradebot-option-e2e-contract-reconstruction-v4/runtime/market_data/upstox/20260717/ticks_1784268356.parquet,1dea121830a7e33017772a75445c508a2941f8591c7a8464428bb9e28561afb2,upstox,quote,5528,518,144,True,True,True,True,True,True,True,True,True,False,True,False,False,NO_POINT_IN_TIME_INSTRUMENT_AUTHORITY
runtime/market_data/upstox/20260717/ticks_1784268368.parquet,/Users/madhuram/tradebot-option-e2e-contract-reconstruction-v4/runtime/market_data/upstox/20260717/ticks_1784268368.parquet,6c30ea3771016bddcc34eeac6c5b01b397c2b43c7b90a80808c6060b5954091c,upstox,quote,5896,622,141,True,True,True,True,True,True,True,True,True,False,True,False,False,NO_POINT_IN_TIME_INSTRUMENT_AUTHORITY
runtime/market_data/upstox/20260717/ticks_1784268381.parquet,/Users/madhuram/tradebot-option-e2e-contract-reconstruction-v4/runtime/market_data/upstox/20260717/ticks_1784268381.parquet,244c98afee003347a2cf7230c46738445316d6b3246dd0ab710485a5425e0bde,upstox,quote,6048,706,159,True,True,True,True,True,True,True,True,True,False,True,False,False,NO_POINT_IN_TIME_INSTRUMENT_AUTHORITY
runtime/market_data/upstox/20260717/ticks_1784268393.parquet,/Users/madhuram/tradebot-option-e2e-contract-reconstruction-v4/runtime/market_data/upstox/20260717/ticks_1784268393.parquet,09476d86de7b82c4b040abcbadd51b5677e336b25be82943f3d141013243e3b7,upstox,quote,5871,550,156,True,True,True,True,True,True,True,True,True,False,True,False,False,NO_POINT_IN_TIME_INSTRUMENT_AUTHORITY
runtime/market_data/upstox/20260717/ticks_1784268405.parquet,/Users/madhuram/tradebot-option-e2e-contract-reconstruction-v4/runtime/market_data/upstox/20260717/ticks_1784268405.parquet,19986cd2bc38ebe753fdd2a8c20f569e9aeb22b5feb744a8446e367432ea1cb1,upstox,quote,5663,610,142,True,True,True,True,True,True,True,True,True,False,True,False,False,NO_POINT_IN_TIME_INSTRUMENT_AUTHORITY
runtime/market_data/upstox/20260717/ticks_1784268417.parquet,/Users/madhuram/tradebot-option-e2e-contract-reconstruction-v4/runtime/market_data/upstox/20260717/ticks_1784268417.parquet,c1ecdd3fc736eb74e92b48c752ad3f1721c912a51d390ed3bda539990ea183b8,upstox,quote,5849,616,154,True,True,True,True,True,True,True,True,True,False,True,False,False,NO_POINT_IN_TIME_INSTRUMENT_AUTHORITY
runtime/market_data/upstox/20260717/ticks_1784268429.parquet,/Users/madhuram/tradebot-option-e2e-contract-reconstruction-v4/runtime/market_data/upstox/20260717/ticks_1784268429.parquet,f5301c94e70ad3aafa61861f2ac5c97f82c306dd6d5a2bcc177da88dc5228bb9,upstox,quote,5654,535,148,True,True,True,True,True,True,True,True,True,False,True,False,False,NO_POINT_IN_TIME_INSTRUMENT_AUTHORITY
runtime/market_data/upstox/20260717/ticks_1784268442.parquet,/Users/madhuram/tradebot-option-e2e-contract-reconstruction-v4/runtime/market_data/upstox/20260717/ticks_1784268442.parquet,a05c42a2e52c7636a621a1651fceed40510a6cc180b8e4887b75ad85c2ae93a7,upstox,quote,5769,554,152,True,True,True,True,True,True,True,True,True,False,True,False,False,NO_POINT_IN_TIME_INSTRUMENT_AUTHORITY
runtime/market_data/upstox/20260717/ticks_1784268454.parquet,/Users/madhuram/tradebot-option-e2e-contract-reconstruction-v4/runtime/market_data/upstox/20260717/ticks_1784268454.parquet,ca1f974dfb42be8c6aceaf3ebdc94f7ad466b417723f79c6b022cee80e3d9edb,upstox,quote,5991,670,147,True,True,True,True,True,True,True,True,True,False,True,False,False,NO_POINT_IN_TIME_INSTRUMENT_AUTHORITY
runtime/market_data/upstox/20260717/ticks_1784268466.parquet,/Users/madhuram/tradebot-option-e2e-contract-reconstruction-v4/runtime/market_data/upstox/20260717/ticks_1784268466.parquet,cb17d8be1c61e2163bcb87908e626fdb87c9c63e17cd2ef5cea923157daf13a1,upstox,quote,5473,520,149,True,True,True,True,True,True,True,True,True,False,True,False,False,NO_POINT_IN_TIME_INSTRUMENT_AUTHORITY
runtime/market_data/upstox/20260717/ticks_1784268478.parquet,/Users/madhuram/tradebot-option-e2e-contract-reconstruction-v4/runtime/market_data/upstox/20260717/ticks_1784268478.parquet,e8cd416bab255c12f3a91a2af34fc1550751d83f8c2c9b13d7952842694d234e,upstox,quote,5560,512,149,True,True,True,True,True,True,True,True,True,False,True,False,False,NO_POINT_IN_TIME_INSTRUMENT_AUTHORITY
runtime/market_data/upstox/20260717/ticks_1784268490.parquet,/Users/madhuram/tradebot-option-e2e-contract-reconstruction-v4/runtime/market_data/upstox/20260717/ticks_1784268490.parquet,cfa54806f1456645781090e1b4389b5bb99ebc1b92fd4afd5e268580e7ab65d7,upstox,quote,5880,684,143,True,True,True,True,True,True,True,True,True,False,True,False,False,NO_POINT_IN_TIME_INSTRUMENT_AUTHORITY
runtime/market_data/upstox/20260717/ticks_1784268503.parquet,/Users/madhuram/tradebot-option-e2e-contract-reconstruction-v4/runtime/market_data/upstox/20260717/ticks_1784268503.parquet,3c67b822ca8e0d516b14e8de2d60cb15369ae144e010072747b4fec8f88aba95,upstox,quote,5805,604,144,True,True,True,True,True,True,True,True,True,False,True,False,False,NO_POINT_IN_TIME_INSTRUMENT_AUTHORITY
runtime/market_data/upstox/20260717/ticks_1784268515.parquet,/Users/madhuram/tradebot-option-e2e-contract-reconstruction-v4/runtime/market_data/upstox/20260717/ticks_1784268515.parquet,d6d2cf0675d81784c2fa9246402eb2520c2f2b6f2d9d50e2ed95d061bcb36cf4,upstox,quote,5803,551,149,True,True,True,True,True,True,True,True,True,False,True,False,False,NO_POINT_IN_TIME_INSTRUMENT_AUTHORITY
runtime/market_data/upstox/20260717/ticks_1784268527.parquet,/Users/madhuram/tradebot-option-e2e-contract-reconstruction-v4/runtime/market_data/upstox/20260717/ticks_1784268527.parquet,aafd65ad767a9350595e63a2583adf9302b9c335301906ebd818c30917be3852,upstox,quote,5527,664,146,True,True,True,True,True,True,True,True,True,False,True,False,False,NO_POINT_IN_TIME_INSTRUMENT_AUTHORITY
runtime/market_data/upstox/20260717/ticks_1784268539.parquet,/Users/madhuram/tradebot-option-e2e-contract-reconstruction-v4/runtime/market_data/upstox/20260717/ticks_1784268539.parquet,b8d022df179dd88c4f80a739e2e70451da59208dcef0aae891746637e88e05a3,upstox,quote,5753,547,147,True,True,True,True,True,True,True,True,True,False,True,False,False,NO_POINT_IN_TIME_INSTRUMENT_AUTHORITY
runtime/market_data/upstox/20260717/ticks_1784268551.parquet,/Users/madhuram/tradebot-option-e2e-contract-reconstruction-v4/runtime/market_data/upstox/20260717/ticks_1784268551.parquet,7926ca0238aed1b59e48f27223cbbd0d6d32f9ac56d1d90367a899d4c0351e92,upstox,quote,5664,527,151,True,True,True,True,True,True,True,True,True,False,True,False,False,NO_POINT_IN_TIME_INSTRUMENT_AUTHORITY
runtime/market_data/upstox/20260717/ticks_1784268563.parquet,/Users/madhuram/tradebot-option-e2e-contract-reconstruction-v4/runtime/market_data/upstox/20260717/ticks_1784268563.parquet,8dd292eaff031fa0d5a33eb723e0ef3f4f90b334f0526250f2aed80604f8999c,upstox,quote,5524,641,153,True,True,True,True,True,True,True,True,True,False,True,False,False,NO_POINT_IN_TIME_INSTRUMENT_AUTHORITY
runtime/market_data/upstox/20260717/ticks_1784268576.parquet,/Users/madhuram/tradebot-option-e2e-contract-reconstruction-v4/runtime/market_data/upstox/20260717/ticks_1784268576.parquet,8ae1e0b2699ea4bba1cb342b14ec7361b718480791b76688c8bf49c20f28ad77,upstox,quote,5718,585,151,True,True,True,True,True,True,True,True,True,False,True,False,False,NO_POINT_IN_TIME_INSTRUMENT_AUTHORITY
runtime/market_data/upstox/20260717/ticks_1784268588.parquet,/Users/madhuram/tradebot-option-e2e-contract-reconstruction-v4/runtime/market_data/upstox/20260717/ticks_1784268588.parquet,8031d560b86ae5f182a1a634ea0f145e191e7f04b93b7f62ff85ff72ffc27709,upstox,quote,5439,514,151,True,True,True,True,True,True,True,True,True,False,True,False,False,NO_POINT_IN_TIME_INSTRUMENT_AUTHORITY
runtime/market_data/upstox/20260717/ticks_1784268600.parquet,/Users/madhuram/tradebot-option-e2e-contract-reconstruction-v4/runtime/market_data/upstox/20260717/ticks_1784268600.parquet,a7258f0124166104a5123a38d8c3ce698e55763064094da1808d449c9a1ef069,upstox,quote,5586,606,152,True,True,True,True,True,True,True,True,True,False,True,False,False,NO_POINT_IN_TIME_INSTRUMENT_AUTHORITY
runtime/market_data/upstox/20260717/ticks_1784268612.parquet,/Users/madhuram/tradebot-option-e2e-contract-reconstruction-v4/runtime/market_data/upstox/20260717/ticks_1784268612.parquet,a2d78f79e314d7465d6b7ead97dd89f7dd65858c0edc2fa9b6cd4e61158b619d,upstox,quote,5751,636,149,True,True,True,True,True,True,True,True,True,False,True,False,False,NO_POINT_IN_TIME_INSTRUMENT_AUTHORITY
runtime/market_data/upstox/20260717/ticks_1784268625.parquet,/Users/madhuram/tradebot-option-e2e-contract-reconstruction-v4/runtime/market_data/upstox/20260717/ticks_1784268625.parquet,2f1bf8e810b652d40be51493f8d8be396781b898dc2e44d59610b98559fb5082,upstox,quote,5669,598,155,True,True,True,True,True,True,True,True,True,False,True,False,False,NO_POINT_IN_TIME_INSTRUMENT_AUTHORITY
runtime/market_data/upstox/20260717/ticks_1784268637.parquet,/Users/madhuram/tradebot-option-e2e-contract-reconstruction-v4/runtime/market_data/upstox/20260717/ticks_1784268637.parquet,327f3d28f0cfa50651d081e0fe13ac6dbbb60616e26a26149b89ad4ebdb8803c,upstox,quote,5686,673,159,True,True,True,True,True,True,True,True,True,False,True,False,False,NO_POINT_IN_TIME_INSTRUMENT_AUTHORITY
runtime/market_data/upstox/20260717/ticks_1784268649.parquet,/Users/madhuram/tradebot-option-e2e-contract-reconstruction-v4/runtime/market_data/upstox/20260717/ticks_1784268649.parquet,268a29673cde6faddc31e113a0d80dcfb81579c0439c4dd13c7fd6127ca0b678,upstox,quote,5579,579,148,True,True,True,True,True,True,True,True,True,False,True,False,False,NO_POINT_IN_TIME_INSTRUMENT_AUTHORITY
runtime/market_data/upstox/20260717/ticks_1784268662.parquet,/Users/madhuram/tradebot-option-e2e-contract-reconstruction-v4/runtime/market_data/upstox/20260717/ticks_1784268662.parquet,2a1fb10e2c5116cfa85914eb088a1b10b62cbef4346f023e2e06e4486fee3bc2,upstox,quote,5627,534,143,True,True,True,True,True,True,True,True,True,False,True,False,False,NO_POINT_IN_TIME_INSTRUMENT_AUTHORITY
runtime/market_data/upstox/20260717/ticks_1784268674.parquet,/Users/madhuram/tradebot-option-e2e-contract-reconstruction-v4/runtime/market_data/upstox/20260717/ticks_1784268674.parquet,e647c89db09dec12ecaf1ca81fd1f63cc55e9ac7a731a6810fc22c4912f8a982,upstox,quote,6059,698,148,True,True,True,True,True,True,True,True,True,False,True,False,False,NO_POINT_IN_TIME_INSTRUMENT_AUTHORITY
runtime/market_data/upstox/20260717/ticks_1784268686.parquet,/Users/madhuram/tradebot-option-e2e-contract-reconstruction-v4/runtime/market_data/upstox/20260717/ticks_1784268686.parquet,c7ea0b0b0bdc32d9c527960dfc1b0f48f0d70194f98065268bac8484be151338,upstox,quote,5898,543,148,True,True,True,True,True,True,True,True,True,False,True,False,False,NO_POINT_IN_TIME_INSTRUMENT_AUTHORITY
runtime/market_data/upstox/20260717/ticks_1784268698.parquet,/Users/madhuram/tradebot-option-e2e-contract-reconstruction-v4/runtime/market_data/upstox/20260717/ticks_1784268698.parquet,9847f2c7484513fb076503c17f5f9e737bd1196771c1504bd01b863cbdbf56a0,upstox,quote,5844,586,150,True,True,True,True,True,True,True,True,True,False,True,False,False,NO_POINT_IN_TIME_INSTRUMENT_AUTHORITY
runtime/market_data/upstox/20260717/ticks_1784268711.parquet,/Users/madhuram/tradebot-option-e2e-contract-reconstruction-v4/runtime/market_data/upstox/20260717/ticks_1784268711.parquet,974fe8c7746c34f132eee1f583ee165cd6c0d9ecd05fa442aeef59ff29fefb58,upstox,quote,5605,609,148,True,True,True,True,True,True,True,True,True,False,True,False,False,NO_POINT_IN_TIME_INSTRUMENT_AUTHORITY
runtime/market_data/upstox/20260717/ticks_1784268723.parquet,/Users/madhuram/tradebot-option-e2e-contract-reconstruction-v4/runtime/market_data/upstox/20260717/ticks_1784268723.parquet,21dabd80585e5ee65bab5e90588ed770c32b45740f7e2996a574474139a58c7c,upstox,quote,6066,540,147,True,True,True,True,True,True,True,True,True,False,True,False,False,NO_POINT_IN_TIME_INSTRUMENT_AUTHORITY
runtime/market_data/upstox/20260717/ticks_1784268735.parquet,/Users/madhuram/tradebot-option-e2e-contract-reconstruction-v4/runtime/market_data/upstox/20260717/ticks_1784268735.parquet,e9aa7a9dfbc750e296bcbdf92ea00e7a1547130b3979beb83d9a6759f4eae611,upstox,quote,5960,668,146,True,True,True,True,True,True,True,True,True,False,True,False,False,NO_POINT_IN_TIME_INSTRUMENT_AUTHORITY
runtime/market_data/upstox/20260717/ticks_1784268747.parquet,/Users/madhuram/tradebot-option-e2e-contract-reconstruction-v4/runtime/market_data/upstox/20260717/ticks_1784268747.parquet,08d61401e4fbbd152c458e5eba80469132f50b699d40513c5b785e07bc9658b4,upstox,quote,5831,645,146,True,True,True,True,True,True,True,True,True,False,True,False,False,NO_POINT_IN_TIME_INSTRUMENT_AUTHORITY
runtime/market_data/upstox/20260717/ticks_1784268760.parquet,/Users/madhuram/tradebot-option-e2e-contract-reconstruction-v4/runtime/market_data/upstox/20260717/ticks_1784268760.parquet,8dada6e4d636a29cdbf3bedd6b39a2198d3462787e339ac8a575f019a1b56666,upstox,quote,5241,521,143,True,True,True,True,True,True,True,True,True,False,True,False,False,NO_POINT_IN_TIME_INSTRUMENT_AUTHORITY
runtime/market_data/upstox/20260717/ticks_1784268772.parquet,/Users/madhuram/tradebot-option-e2e-contract-reconstruction-v4/runtime/market_data/upstox/20260717/ticks_1784268772.parquet,e10714377a75c0149de76817b46358b5a5759ccc9bce359b880de646d0df89f2,upstox,quote,5427,571,140,True,True,True,True,True,True,True,True,True,False,True,False,False,NO_POINT_IN_TIME_INSTRUMENT_AUTHORITY
runtime/market_data/upstox/20260717/ticks_1784268784.parquet,/Users/madhuram/tradebot-option-e2e-contract-reconstruction-v4/runtime/market_data/upstox/20260717/ticks_1784268784.parquet,f59b1d9b93f3ccb7f684a745da1503663734bccc8945308b52e142332d4ff590,upstox,quote,5693,611,139,True,True,True,True,True,True,True,True,True,False,True,False,False,NO_POINT_IN_TIME_INSTRUMENT_AUTHORITY
runtime/market_data/upstox/20260717/ticks_1784268796.parquet,/Users/madhuram/tradebot-option-e2e-contract-reconstruction-v4/runtime/market_data/upstox/20260717/ticks_1784268796.parquet,0d76bead05b49ada3dc2249715f39f94f953c4343459ed1445064c48b8bb43ee,upstox,quote,5464,506,143,True,True,True,True,True,True,True,True,True,False,True,False,False,NO_POINT_IN_TIME_INSTRUMENT_AUTHORITY
runtime/market_data/upstox/20260717/ticks_1784268808.parquet,/Users/madhuram/tradebot-option-e2e-contract-reconstruction-v4/runtime/market_data/upstox/20260717/ticks_1784268808.parquet,503f969f5916d68a1f16c461560dce671a086dfadda982d538c066a2de4a0837,upstox,quote,5583,537,144,True,True,True,True,True,True,True,True,True,False,True,False,False,NO_POINT_IN_TIME_INSTRUMENT_AUTHORITY
runtime/market_data/upstox/20260717/ticks_1784268821.parquet,/Users/madhuram/tradebot-option-e2e-contract-reconstruction-v4/runtime/market_data/upstox/20260717/ticks_1784268821.parquet,d83447297eada7f624c6f0923caf4730b62e7a37f86b788b6d6da9f2b07740a3,upstox,quote,5579,669,148,True,True,True,True,True,True,True,True,True,False,True,False,False,NO_POINT_IN_TIME_INSTRUMENT_AUTHORITY
runtime/market_data/upstox/20260717/ticks_1784268833.parquet,/Users/madhuram/tradebot-option-e2e-contract-reconstruction-v4/runtime/market_data/upstox/20260717/ticks_1784268833.parquet,7b34f8ed7dff216e0a39bd49e1f0170055d631d69fb7cfa579a0a3b8a4ab279c,upstox,quote,5226,526,153,True,True,True,True,True,True,True,True,True,False,True,False,False,NO_POINT_IN_TIME_INSTRUMENT_AUTHORITY
runtime/market_data/upstox/20260717/ticks_1784268845.parquet,/Users/madhuram/tradebot-option-e2e-contract-reconstruction-v4/runtime/market_data/upstox/20260717/ticks_1784268845.parquet,aa285ba769faef6267281576ae856739580f5143fd7da0e89ba41d055a54a667,upstox,quote,5483,509,142,True,True,True,True,True,True,True,True,True,False,True,False,False,NO_POINT_IN_TIME_INSTRUMENT_AUTHORITY
runtime/market_data/upstox/20260717/ticks_1784268857.parquet,/Users/madhuram/tradebot-option-e2e-contract-reconstruction-v4/runtime/market_data/upstox/20260717/ticks_1784268857.parquet,90da0cb22fbc25c9cc7762120743b79eedaa1dd82b9ac4c237d2bf1fed5be302,upstox,quote,5587,741,148,True,True,True,True,True,True,True,True,True,False,True,False,False,NO_POINT_IN_TIME_INSTRUMENT_AUTHORITY
runtime/market_data/upstox/20260717/ticks_1784268869.parquet,/Users/madhuram/tradebot-option-e2e-contract-reconstruction-v4/runtime/market_data/upstox/20260717/ticks_1784268869.parquet,9eafb38a73ce9c9289b124cdedd477fe9cd02fee6683ee4779cadf744aff7173,upstox,quote,5755,578,152,True,True,True,True,True,True,True,True,True,False,True,False,False,NO_POINT_IN_TIME_INSTRUMENT_AUTHORITY
runtime/market_data/upstox/20260717/ticks_1784268881.parquet,/Users/madhuram/tradebot-option-e2e-contract-reconstruction-v4/runtime/market_data/upstox/20260717/ticks_1784268881.parquet,7d010ecc172bbd9530b871bc877dc132996546b9fa3ada66d980b9db18344f49,upstox,quote,5702,539,155,True,True,True,True,True,True,True,True,True,False,True,False,False,NO_POINT_IN_TIME_INSTRUMENT_AUTHORITY
runtime/market_data/upstox/20260717/ticks_1784268893.parquet,/Users/madhuram/tradebot-option-e2e-contract-reconstruction-v4/runtime/market_data/upstox/20260717/ticks_1784268893.parquet,0f0b1266384afc92ba83dc84ea654c63abdef21880ba9a35e8ae32b0f54c02f7,upstox,quote,5958,714,151,True,True,True,True,True,True,True,True,True,False,True,False,False,NO_POINT_IN_TIME_INSTRUMENT_AUTHORITY
runtime/market_data/upstox/20260717/ticks_1784268905.parquet,/Users/madhuram/tradebot-option-e2e-contract-reconstruction-v4/runtime/market_data/upstox/20260717/ticks_1784268905.parquet,5a7e574e1ca38598a1a63a4039ff6434e2f81da082014b03816004a8e0814ae8,upstox,quote,5795,690,155,True,True,True,True,True,True,True,True,True,False,True,False,False,NO_POINT_IN_TIME_INSTRUMENT_AUTHORITY
runtime/market_data/upstox/20260717/ticks_1784268917.parquet,/Users/madhuram/tradebot-option-e2e-contract-reconstruction-v4/runtime/market_data/upstox/20260717/ticks_1784268917.parquet,c84794a2f96a0a9b3c2ed5863992ad2f9f695197dad3ed9dc0652a33e7daf316,upstox,quote,5706,614,152,True,True,True,True,True,True,True,True,True,False,True,False,False,NO_POINT_IN_TIME_INSTRUMENT_AUTHORITY
runtime/market_data/upstox/20260717/ticks_1784268930.parquet,/Users/madhuram/tradebot-option-e2e-contract-reconstruction-v4/runtime/market_data/upstox/20260717/ticks_1784268930.parquet,c69cef55d87be724d45731481c881c276e2f2f1b6e52b9ae4aef940424e66bc3,upstox,quote,5484,553,151,True,True,True,True,True,True,True,True,True,False,True,False,False,NO_POINT_IN_TIME_INSTRUMENT_AUTHORITY
runtime/market_data/upstox/20260717/ticks_1784268942.parquet,/Users/madhuram/tradebot-option-e2e-contract-reconstruction-v4/runtime/market_data/upstox/20260717/ticks_1784268942.parquet,79c969a5c8433ffe074c356558a77d79b7f8b7845f6896ee68b00c59ef645c81,upstox,quote,6070,761,156,True,True,True,True,True,True,True,True,True,False,True,False,False,NO_POINT_IN_TIME_INSTRUMENT_AUTHORITY
runtime/market_data/upstox/20260717/ticks_1784268954.parquet,/Users/madhuram/tradebot-option-e2e-contract-reconstruction-v4/runtime/market_data/upstox/20260717/ticks_1784268954.parquet,999515222c8dd632049787b331072d4053fe19311c9843c29bc2947658edc706,upstox,quote,5595,524,151,True,True,True,True,True,True,True,True,True,False,True,False,False,NO_POINT_IN_TIME_INSTRUMENT_AUTHORITY
runtime/market_data/upstox/20260717/ticks_1784268966.parquet,/Users/madhuram/tradebot-option-e2e-contract-reconstruction-v4/runtime/market_data/upstox/20260717/ticks_1784268966.parquet,adc8c1cd62317ce1d526c5e20a302626c6354f6a87dfb148c3a7da0f360d31fb,upstox,quote,5772,554,148,True,True,True,True,True,True,True,True,True,False,True,False,False,NO_POINT_IN_TIME_INSTRUMENT_AUTHORITY
runtime/market_data/upstox/20260717/ticks_1784268978.parquet,/Users/madhuram/tradebot-option-e2e-contract-reconstruction-v4/runtime/market_data/upstox/20260717/ticks_1784268978.parquet,fbd558cadcc82f6c968a8ccfc6e90549efc007114fb2a683b9879eb6b7d204f9,upstox,quote,6136,738,152,True,True,True,True,True,True,True,True,True,False,True,False,False,NO_POINT_IN_TIME_INSTRUMENT_AUTHORITY
runtime/market_data/upstox/20260717/ticks_1784268990.parquet,/Users/madhuram/tradebot-option-e2e-contract-reconstruction-v4/runtime/market_data/upstox/20260717/ticks_1784268990.parquet,831a6ec3924609b58c5f41eda17cc445d14b4e64c7a44d63cbff6fe46a49d282,upstox,quote,5857,621,159,True,True,True,True,True,True,True,True,True,False,True,False,False,NO_POINT_IN_TIME_INSTRUMENT_AUTHORITY
runtime/market_data/upstox/20260717/ticks_1784269002.parquet,/Users/madhuram/tradebot-option-e2e-contract-reconstruction-v4/runtime/market_data/upstox/20260717/ticks_1784269002.parquet,81f74829cbb61ccb560eea3271bd3cc95e4fdcfa64f998589070eaadba5f49d0,upstox,quote,5606,553,153,True,True,True,True,True,True,True,True,True,False,True,False,False,NO_POINT_IN_TIME_INSTRUMENT_AUTHORITY
runtime/market_data/upstox/20260717/ticks_1784269015.parquet,/Users/madhuram/tradebot-option-e2e-contract-reconstruction-v4/runtime/market_data/upstox/20260717/ticks_1784269015.parquet,57ca4f3ce23d0a72e67266eb9f3db4c233242c7508f320df6575e7297c29f488,upstox,quote,5687,674,148,True,True,True,True,True,True,True,True,True,False,True,False,False,NO_POINT_IN_TIME_INSTRUMENT_AUTHORITY
runtime/market_data/upstox/20260717/ticks_1784269027.parquet,/Users/madhuram/tradebot-option-e2e-contract-reconstruction-v4/runtime/market_data/upstox/20260717/ticks_1784269027.parquet,968cb1cbdce18c2102d9c1fdf059cf5642a86d98e7513da767374a08c6c93605,upstox,quote,6091,716,148,True,True,True,True,True,True,True,True,True,False,True,False,False,NO_POINT_IN_TIME_INSTRUMENT_AUTHORITY
runtime/market_data/upstox/20260717/ticks_1784269039.parquet,/Users/madhuram/tradebot-option-e2e-contract-reconstruction-v4/runtime/market_data/upstox/20260717/ticks_1784269039.parquet,d45947f82a0cce5bfaf24e71167159b491da9f72fa65b00440e38134999ecf1e,upstox,quote,5701,616,152,True,True,True,True,True,True,True,True,True,False,True,False,False,NO_POINT_IN_TIME_INSTRUMENT_AUTHORITY
runtime/market_data/upstox/20260717/ticks_1784269051.parquet,/Users/madhuram/tradebot-option-e2e-contract-reconstruction-v4/runtime/market_data/upstox/20260717/ticks_1784269051.parquet,c1b16db3e0db07e5d1a403f7907ff001ce03335c7ed66f2cf8fc99792608e824,upstox,quote,6189,700,152,True,True,True,True,True,True,True,True,True,False,True,False,False,NO_POINT_IN_TIME_INSTRUMENT_AUTHORITY
runtime/market_data/upstox/20260717/ticks_1784269063.parquet,/Users/madhuram/tradebot-option-e2e-contract-reconstruction-v4/runtime/market_data/upstox/20260717/ticks_1784269063.parquet,dc1534addbf663b510960daed44b74abce622d7b1273616664700b3427dc2902,upstox,quote,5707,571,154,True,True,True,True,True,True,True,True,True,False,True,False,False,NO_POINT_IN_TIME_INSTRUMENT_AUTHORITY
runtime/market_data/upstox/20260717/ticks_1784269075.parquet,/Users/madhuram/tradebot-option-e2e-contract-reconstruction-v4/runtime/market_data/upstox/20260717/ticks_1784269075.parquet,96950f73dbbf0f3bbb5ae05ed661e75f08ed29a83ad7ebedc6c2e06801a0a692,upstox,quote,5414,556,146,True,True,True,True,True,True,True,True,True,False,True,False,False,NO_POINT_IN_TIME_INSTRUMENT_AUTHORITY
runtime/market_data/upstox/20260717/ticks_1784269087.parquet,/Users/madhuram/tradebot-option-e2e-contract-reconstruction-v4/runtime/market_data/upstox/20260717/ticks_1784269087.parquet,e3b3b72f5f921413f90d3f519eb14814ee3ffc3b1428dda19b361b5e1bc88b62,upstox,quote,5621,608,147,True,True,True,True,True,True,True,True,True,False,True,False,False,NO_POINT_IN_TIME_INSTRUMENT_AUTHORITY
runtime/market_data/upstox/20260717/ticks_1784269100.parquet,/Users/madhuram/tradebot-option-e2e-contract-reconstruction-v4/runtime/market_data/upstox/20260717/ticks_1784269100.parquet,f4194e4006928fb5d83cc2cd344a73d4ca277c4069fd39956ca335987e424d54,upstox,quote,5464,575,145,True,True,True,True,True,True,True,True,True,False,True,False,False,NO_POINT_IN_TIME_INSTRUMENT_AUTHORITY
runtime/market_data/upstox/20260717/ticks_1784269112.parquet,/Users/madhuram/tradebot-option-e2e-contract-reconstruction-v4/runtime/market_data/upstox/20260717/ticks_1784269112.parquet,cb130c1d40589ac9d656149158be09cdde6a6549fce299bf3708cf7e4a315e36,upstox,quote,5650,661,142,True,True,True,True,True,True,True,True,True,False,True,False,False,NO_POINT_IN_TIME_INSTRUMENT_AUTHORITY
runtime/market_data/upstox/20260717/ticks_1784269124.parquet,/Users/madhuram/tradebot-option-e2e-contract-reconstruction-v4/runtime/market_data/upstox/20260717/ticks_1784269124.parquet,7f06cb72596d9338131c7cbbbe39a44aa54dd3dba69205827e4867eb1a35aa02,upstox,quote,5606,608,144,True,True,True,True,True,True,True,True,True,False,True,False,False,NO_POINT_IN_TIME_INSTRUMENT_AUTHORITY
runtime/market_data/upstox/20260717/ticks_1784269136.parquet,/Users/madhuram/tradebot-option-e2e-contract-reconstruction-v4/runtime/market_data/upstox/20260717/ticks_1784269136.parquet,d32df2a582c71184a261c7927ae12faae57fda4f547fddaae19b6df88587f627,upstox,quote,5666,533,154,True,True,True,True,True,True,True,True,True,False,True,False,False,NO_POINT_IN_TIME_INSTRUMENT_AUTHORITY
runtime/market_data/upstox/20260717/ticks_1784269148.parquet,/Users/madhuram/tradebot-option-e2e-contract-reconstruction-v4/runtime/market_data/upstox/20260717/ticks_1784269148.parquet,4af98d9378a0bed06671ef5437bcedc1f3f14617607b0f0454d1266a69d1eb70,upstox,quote,5684,591,152,True,True,True,True,True,True,True,True,True,False,True,False,False,NO_POINT_IN_TIME_INSTRUMENT_AUTHORITY
runtime/market_data/upstox/20260717/ticks_1784269160.parquet,/Users/madhuram/tradebot-option-e2e-contract-reconstruction-v4/runtime/market_data/upstox/20260717/ticks_1784269160.parquet,0c48ea3100ee03ffd1269053b080a7e01b4b80d53e8f6ae0514d4ec59bed6d84,upstox,quote,5591,623,146,True,True,True,True,True,True,True,True,True,False,True,False,False,NO_POINT_IN_TIME_INSTRUMENT_AUTHORITY
runtime/market_data/upstox/20260717/ticks_1784269173.parquet,/Users/madhuram/tradebot-option-e2e-contract-reconstruction-v4/runtime/market_data/upstox/20260717/ticks_1784269173.parquet,c94da234528511a2d7339958a004da4ca9a10a2a453e0f28d6310fb3a17805d9,upstox,quote,5664,557,146,True,True,True,True,True,True,True,True,True,False,True,False,False,NO_POINT_IN_TIME_INSTRUMENT_AUTHORITY
runtime/market_data/upstox/20260717/ticks_1784269185.parquet,/Users/madhuram/tradebot-option-e2e-contract-reconstruction-v4/runtime/market_data/upstox/20260717/ticks_1784269185.parquet,319dfdb0c829430e3057d800ffb7e83aefcfee1d1a3cc2565ec41433a27a2043,upstox,quote,5530,522,152,True,True,True,True,True,True,True,True,True,False,True,False,False,NO_POINT_IN_TIME_INSTRUMENT_AUTHORITY
runtime/market_data/upstox/20260717/ticks_1784269197.parquet,/Users/madhuram/tradebot-option-e2e-contract-reconstruction-v4/runtime/market_data/upstox/20260717/ticks_1784269197.parquet,7dbf1eb1ae248212fa669cbce2ba7b51a8210664a0d4ba20167e6aea480b46b1,upstox,quote,5468,639,150,True,True,True,True,True,True,True,True,True,False,True,False,False,NO_POINT_IN_TIME_INSTRUMENT_AUTHORITY
runtime/market_data/upstox/20260717/ticks_1784269209.parquet,/Users/madhuram/tradebot-option-e2e-contract-reconstruction-v4/runtime/market_data/upstox/20260717/ticks_1784269209.parquet,199acf051b9cd5368c619791ea462da3e5917678713b0a68b5109f4115f3e5d6,upstox,quote,6175,689,149,True,True,True,True,True,True,True,True,True,False,True,False,False,NO_POINT_IN_TIME_INSTRUMENT_AUTHORITY
runtime/market_data/upstox/20260717/ticks_1784269221.parquet,/Users/madhuram/tradebot-option-e2e-contract-reconstruction-v4/runtime/market_data/upstox/20260717/ticks_1784269221.parquet,2346bef5b042dfc9d2d2557cc89810b3445022a57077b77e2f22a1013b919587,upstox,quote,5710,623,148,True,True,True,True,True,True,True,True,True,False,True,False,False,NO_POINT_IN_TIME_INSTRUMENT_AUTHORITY
runtime/market_data/upstox/20260717/ticks_1784269234.parquet,/Users/madhuram/tradebot-option-e2e-contract-reconstruction-v4/runtime/market_data/upstox/20260717/ticks_1784269234.parquet,d6b196396c65a7ca3553ff2217264f6e9ca1dc5cfb4dc09fc5b87497481a13d6,upstox,quote,5929,604,151,True,True,True,True,True,True,True,True,True,False,True,False,False,NO_POINT_IN_TIME_INSTRUMENT_AUTHORITY
runtime/market_data/upstox/20260717/ticks_1784269246.parquet,/Users/madhuram/tradebot-option-e2e-contract-reconstruction-v4/runtime/market_data/upstox/20260717/ticks_1784269246.parquet,17ef839eeeed71f0b4ac8ce88392322f157fcca84113376c5538a107edba5f4d,upstox,quote,5748,738,148,True,True,True,True,True,True,True,True,True,False,True,False,False,NO_POINT_IN_TIME_INSTRUMENT_AUTHORITY
runtime/market_data/upstox/20260717/ticks_1784269258.parquet,/Users/madhuram/tradebot-option-e2e-contract-reconstruction-v4/runtime/market_data/upstox/20260717/ticks_1784269258.parquet,d228d1174153a1b17d64f02d10878381d28f35608e67ebb6ca76dd2b175fce18,upstox,quote,5357,526,152,True,True,True,True,True,True,True,True,True,False,True,False,False,NO_POINT_IN_TIME_INSTRUMENT_AUTHORITY
runtime/market_data/upstox/20260717/ticks_1784269270.parquet,/Users/madhuram/tradebot-option-e2e-contract-reconstruction-v4/runtime/market_data/upstox/20260717/ticks_1784269270.parquet,31eb0baa9f539a9a4674e6e495dbadab39c33e78d6522e0833a54b17e54452e0,upstox,quote,5965,552,150,True,True,True,True,True,True,True,True,True,False,True,False,False,NO_POINT_IN_TIME_INSTRUMENT_AUTHORITY
runtime/market_data/upstox/20260717/ticks_1784269282.parquet,/Users/madhuram/tradebot-option-e2e-contract-reconstruction-v4/runtime/market_data/upstox/20260717/ticks_1784269282.parquet,8bd294ed0d459b9a4ae18fb8fc0a1f2fb6fb1103fa1f657f907aac26f3424681,upstox,quote,6102,787,151,True,True,True,True,True,True,True,True,True,False,True,False,False,NO_POINT_IN_TIME_INSTRUMENT_AUTHORITY
runtime/market_data/upstox/20260717/ticks_1784269294.parquet,/Users/madhuram/tradebot-option-e2e-contract-reconstruction-v4/runtime/market_data/upstox/20260717/ticks_1784269294.parquet,df4b6aa363e837f429e972431b600a4893ee5f1bc8f0d9f6985f08dd8345cfa1,upstox,quote,5959,533,152,True,True,True,True,True,True,True,True,True,False,True,False,False,NO_POINT_IN_TIME_INSTRUMENT_AUTHORITY
runtime/market_data/upstox/20260717/ticks_1784269306.parquet,/Users/madhuram/tradebot-option-e2e-contract-reconstruction-v4/runtime/market_data/upstox/20260717/ticks_1784269306.parquet,5edfa7ad77d82d9ba04cca24db09d5e5de4f23443e3c653d0e2b7c0d9d89a60f,upstox,quote,5732,522,154,True,True,True,True,True,True,True,True,True,False,True,False,False,NO_POINT_IN_TIME_INSTRUMENT_AUTHORITY
runtime/market_data/upstox/20260717/ticks_1784269319.parquet,/Users/madhuram/tradebot-option-e2e-contract-reconstruction-v4/runtime/market_data/upstox/20260717/ticks_1784269319.parquet,ddcb747268a478c463c4716e2b46a6a25b074ba1bd75aa506d33c0f655f810a9,upstox,quote,5900,688,152,True,True,True,True,True,True,True,True,True,False,True,False,False,NO_POINT_IN_TIME_INSTRUMENT_AUTHORITY
runtime/market_data/upstox/20260717/ticks_1784269331.parquet,/Users/madhuram/tradebot-option-e2e-contract-reconstruction-v4/runtime/market_data/upstox/20260717/ticks_1784269331.parquet,31df6c427fbd0430979e250d05c7d746b5331cdd2f1694c92c4fad6b767e8598,upstox,quote,5813,552,151,True,True,True,True,True,True,True,True,True,False,True,False,False,NO_POINT_IN_TIME_INSTRUMENT_AUTHORITY
runtime/market_data/upstox/20260717/ticks_1784269343.parquet,/Users/madhuram/tradebot-option-e2e-contract-reconstruction-v4/runtime/market_data/upstox/20260717/ticks_1784269343.parquet,7dbd27af90c662bb5e9b42da4ef62bac13fffd26ea25c80463497a838ef22ace,upstox,quote,5559,616,148,True,True,True,True,True,True,True,True,True,False,True,False,False,NO_POINT_IN_TIME_INSTRUMENT_AUTHORITY
runtime/market_data/upstox/20260717/ticks_1784269355.parquet,/Users/madhuram/tradebot-option-e2e-contract-reconstruction-v4/runtime/market_data/upstox/20260717/ticks_1784269355.parquet,e5affb51437d8ad1f73eec9416e78cb853f141d5d02afbc8246f5239eb86e113,upstox,quote,5756,646,150,True,True,True,True,True,True,True,True,True,False,True,False,False,NO_POINT_IN_TIME_INSTRUMENT_AUTHORITY
runtime/market_data/upstox/20260717/ticks_1784269367.parquet,/Users/madhuram/tradebot-option-e2e-contract-reconstruction-v4/runtime/market_data/upstox/20260717/ticks_1784269367.parquet,266283f980f566072eb38ce6935f63ca2e123981f7be681924f30fee332ccabd,upstox,quote,5645,698,153,True,True,True,True,True,True,True,True,True,False,True,False,False,NO_POINT_IN_TIME_INSTRUMENT_AUTHORITY
runtime/market_data/upstox/20260717/ticks_1784269379.parquet,/Users/madhuram/tradebot-option-e2e-contract-reconstruction-v4/runtime/market_data/upstox/20260717/ticks_1784269379.parquet,a6a43296f14006085af07ededcc0f6e724f9eaee47793a5fc1cf81f7e0bb1e5e,upstox,quote,6179,628,155,True,True,True,True,True,True,True,True,True,False,True,False,False,NO_POINT_IN_TIME_INSTRUMENT_AUTHORITY
runtime/market_data/upstox/20260717/ticks_1784269391.parquet,/Users/madhuram/tradebot-option-e2e-contract-reconstruction-v4/runtime/market_data/upstox/20260717/ticks_1784269391.parquet,c69bcb3dae2dd21ded2809c85293782ec562aa13776950d8f006d0a75cab02e7,upstox,quote,6256,701,155,True,True,True,True,True,True,True,True,True,False,True,False,False,NO_POINT_IN_TIME_INSTRUMENT_AUTHORITY
runtime/market_data/upstox/20260717/ticks_1784269403.parquet,/Users/madhuram/tradebot-option-e2e-contract-reconstruction-v4/runtime/market_data/upstox/20260717/ticks_1784269403.parquet,602890a848989832496a949e5b5bb6584d3d2e9b8a4cb30fbcbad76af05a59cf,upstox,quote,5938,628,149,True,True,True,True,True,True,True,True,True,False,True,False,False,NO_POINT_IN_TIME_INSTRUMENT_AUTHORITY
runtime/market_data/upstox/20260717/ticks_1784269415.parquet,/Users/madhuram/tradebot-option-e2e-contract-reconstruction-v4/runtime/market_data/upstox/20260717/ticks_1784269415.parquet,00b6d14b74a4e546f50955854665f4b0814bd7cc787bf0df486e9c365b884ea3,upstox,quote,6059,548,156,True,True,True,True,True,True,True,True,True,False,True,False,False,NO_POINT_IN_TIME_INSTRUMENT_AUTHORITY
runtime/market_data/upstox/20260717/ticks_1784269428.parquet,/Users/madhuram/tradebot-option-e2e-contract-reconstruction-v4/runtime/market_data/upstox/20260717/ticks_1784269428.parquet,92d3b2cab88d7fc32b0ce805ea89993319d8bbabf5f5e0748706648110aa40d8,upstox,quote,5864,584,155,True,True,True,True,True,True,True,True,True,False,True,False,False,NO_POINT_IN_TIME_INSTRUMENT_AUTHORITY
runtime/market_data/upstox/20260717/ticks_1784269440.parquet,/Users/madhuram/tradebot-option-e2e-contract-reconstruction-v4/runtime/market_data/upstox/20260717/ticks_1784269440.parquet,dbcd9ecd8ecd7f6af1e70d8122317007111c0efe98cc5a11087203aa41d42961,upstox,quote,5562,588,152,True,True,True,True,True,True,True,True,True,False,True,False,False,NO_POINT_IN_TIME_INSTRUMENT_AUTHORITY
runtime/market_data/upstox/20260717/ticks_1784269452.parquet,/Users/madhuram/tradebot-option-e2e-contract-reconstruction-v4/runtime/market_data/upstox/20260717/ticks_1784269452.parquet,8ed0b5b55600771a5542c68255c26b22a19a833a4a9e65a18f68b897a2663838,upstox,quote,5777,593,153,True,True,True,True,True,True,True,True,True,False,True,False,False,NO_POINT_IN_TIME_INSTRUMENT_AUTHORITY
runtime/market_data/upstox/20260717/ticks_1784269464.parquet,/Users/madhuram/tradebot-option-e2e-contract-reconstruction-v4/runtime/market_data/upstox/20260717/ticks_1784269464.parquet,8d9385a5ee84dbb6eb9c771fa1c1c26a79ce7badc13b2a5a095cc01bab51902e,upstox,quote,5718,686,155,True,True,True,True,True,True,True,True,True,False,True,False,False,NO_POINT_IN_TIME_INSTRUMENT_AUTHORITY
runtime/market_data/upstox/20260717/ticks_1784269476.parquet,/Users/madhuram/tradebot-option-e2e-contract-reconstruction-v4/runtime/market_data/upstox/20260717/ticks_1784269476.parquet,536d21bc2e960180e1cd29ae8a330abc10455d4e3ac924d377bfa0af424d75c6,upstox,quote,5720,566,155,True,True,True,True,True,True,True,True,True,False,True,False,False,NO_POINT_IN_TIME_INSTRUMENT_AUTHORITY
runtime/market_data/upstox/20260717/ticks_1784269488.parquet,/Users/madhuram/tradebot-option-e2e-contract-reconstruction-v4/runtime/market_data/upstox/20260717/ticks_1784269488.parquet,0d9624862e5181ddf896512135066961358faa225bf230ad0b3e2fa518b3b53f,upstox,quote,5855,616,154,True,True,True,True,True,True,True,True,True,False,True,False,False,NO_POINT_IN_TIME_INSTRUMENT_AUTHORITY
runtime/market_data/upstox/20260717/ticks_1784269500.parquet,/Users/madhuram/tradebot-option-e2e-contract-reconstruction-v4/runtime/market_data/upstox/20260717/ticks_1784269500.parquet,abb326a569a56beff8941a987787e5d15328fa9eaa649c422ed8b72cdfd6ae8b,upstox,quote,6221,668,160,True,True,True,True,True,True,True,True,True,False,True,False,False,NO_POINT_IN_TIME_INSTRUMENT_AUTHORITY
runtime/market_data/upstox/20260717/ticks_1784269512.parquet,/Users/madhuram/tradebot-option-e2e-contract-reconstruction-v4/runtime/market_data/upstox/20260717/ticks_1784269512.parquet,02ddf23231d6fb04851179097f1200fd06c74471b99e1f5194806ba4f784d34a,upstox,quote,5961,597,158,True,True,True,True,True,True,True,True,True,False,True,False,False,NO_POINT_IN_TIME_INSTRUMENT_AUTHORITY
runtime/market_data/upstox/20260717/ticks_1784269525.parquet,/Users/madhuram/tradebot-option-e2e-contract-reconstruction-v4/runtime/market_data/upstox/20260717/ticks_1784269525.parquet,9faf2a6efc8574734858859f85080c613ab310147d0e35dae00dcbf6c67cd9c2,upstox,quote,6088,610,154,True,True,True,True,True,True,True,True,True,False,True,False,False,NO_POINT_IN_TIME_INSTRUMENT_AUTHORITY
runtime/market_data/upstox/20260717/ticks_1784269537.parquet,/Users/madhuram/tradebot-option-e2e-contract-reconstruction-v4/runtime/market_data/upstox/20260717/ticks_1784269537.parquet,d3a9514b79487bbb0569f61f3005682c0038d41e80495bb12b7ec5dcace2acb2,upstox,quote,6506,696,160,True,True,True,True,True,True,True,True,True,False,True,False,False,NO_POINT_IN_TIME_INSTRUMENT_AUTHORITY
runtime/market_data/upstox/20260717/ticks_1784269550.parquet,/Users/madhuram/tradebot-option-e2e-contract-reconstruction-v4/runtime/market_data/upstox/20260717/ticks_1784269550.parquet,6cdb1c85f6d48bd46f5e7537cad8aa7332349a3354d4ea9323d8bf8877ad4a21,upstox,quote,6102,583,159,True,True,True,True,True,True,True,True,True,False,True,False,False,NO_POINT_IN_TIME_INSTRUMENT_AUTHORITY
runtime/market_data/upstox/20260717/ticks_1784269562.parquet,/Users/madhuram/tradebot-option-e2e-contract-reconstruction-v4/runtime/market_data/upstox/20260717/ticks_1784269562.parquet,049528dbf496a96dacaaff4639281780f827ab64839309749202aae0c81cd42e,upstox,quote,5936,583,156,True,True,True,True,True,True,True,True,True,False,True,False,False,NO_POINT_IN_TIME_INSTRUMENT_AUTHORITY
runtime/market_data/upstox/20260717/ticks_1784269574.parquet,/Users/madhuram/tradebot-option-e2e-contract-reconstruction-v4/runtime/market_data/upstox/20260717/ticks_1784269574.parquet,8f9a041383238bf941b933ff47314841132d8a350b08a06298b3c8310e436df6,upstox,quote,6273,680,153,True,True,True,True,True,True,True,True,True,False,True,False,False,NO_POINT_IN_TIME_INSTRUMENT_AUTHORITY
runtime/market_data/upstox/20260717/ticks_1784269586.parquet,/Users/madhuram/tradebot-option-e2e-contract-reconstruction-v4/runtime/market_data/upstox/20260717/ticks_1784269586.parquet,7ca609542471ba7b0255f15bd9af63acee475f9156474f5c11d5956cb836b1dd,upstox,quote,5733,626,156,True,True,True,True,True,True,True,True,True,False,True,False,False,NO_POINT_IN_TIME_INSTRUMENT_AUTHORITY
runtime/market_data/upstox/20260717/ticks_1784269598.parquet,/Users/madhuram/tradebot-option-e2e-contract-reconstruction-v4/runtime/market_data/upstox/20260717/ticks_1784269598.parquet,8e1dcadbf5081f659fce369ec9ca1f43416dbc0fbb44b92f4d28e0962c51a767,upstox,quote,5730,526,148,True,True,True,True,True,True,True,True,True,False,True,False,False,NO_POINT_IN_TIME_INSTRUMENT_AUTHORITY
runtime/market_data/upstox/20260717/ticks_1784269610.parquet,/Users/madhuram/tradebot-option-e2e-contract-reconstruction-v4/runtime/market_data/upstox/20260717/ticks_1784269610.parquet,e39ca5b33f95092040da35dc3cef01c2668b3651dfa35635c7e75bad800ae317,upstox,quote,5611,635,148,True,True,True,True,True,True,True,True,True,False,True,False,False,NO_POINT_IN_TIME_INSTRUMENT_AUTHORITY
runtime/market_data/upstox/20260717/ticks_1784269622.parquet,/Users/madhuram/tradebot-option-e2e-contract-reconstruction-v4/runtime/market_data/upstox/20260717/ticks_1784269622.parquet,ca9805f2deb31fe0fbff2726c0aad85dc316d27786df70d84855f68550c19e68,upstox,quote,5949,606,159,True,True,True,True,True,True,True,True,True,False,True,False,False,NO_POINT_IN_TIME_INSTRUMENT_AUTHORITY
runtime/market_data/upstox/20260717/ticks_1784269635.parquet,/Users/madhuram/tradebot-option-e2e-contract-reconstruction-v4/runtime/market_data/upstox/20260717/ticks_1784269635.parquet,edc101ed35ac631fc27d5a7437bee3dcfcf6582f2e712c613681ee6ee7245133,upstox,quote,5709,616,155,True,True,True,True,True,True,True,True,True,False,True,False,False,NO_POINT_IN_TIME_INSTRUMENT_AUTHORITY
runtime/market_data/upstox/20260717/ticks_1784269647.parquet,/Users/madhuram/tradebot-option-e2e-contract-reconstruction-v4/runtime/market_data/upstox/20260717/ticks_1784269647.parquet,e3b448c2c501805c051e7915ef55b6d3ef48d298028c8ec463a4ca6971a7bd69,upstox,quote,5727,602,155,True,True,True,True,True,True,True,True,True,False,True,False,False,NO_POINT_IN_TIME_INSTRUMENT_AUTHORITY
runtime/market_data/upstox/20260717/ticks_1784269659.parquet,/Users/madhuram/tradebot-option-e2e-contract-reconstruction-v4/runtime/market_data/upstox/20260717/ticks_1784269659.parquet,22caf987b88a2040042bc74d0924589d6d83f8c30ca430e050352404ed9c3fe0,upstox,quote,6128,729,151,True,True,True,True,True,True,True,True,True,False,True,False,False,NO_POINT_IN_TIME_INSTRUMENT_AUTHORITY
runtime/market_data/upstox/20260717/ticks_1784269671.parquet,/Users/madhuram/tradebot-option-e2e-contract-reconstruction-v4/runtime/market_data/upstox/20260717/ticks_1784269671.parquet,28b1587a442b417f0b1758b87f9bfad553ba4a21ff04fb6ae5853add85dc35a7,upstox,quote,5750,514,151,True,True,True,True,True,True,True,True,True,False,True,False,False,NO_POINT_IN_TIME_INSTRUMENT_AUTHORITY
runtime/market_data/upstox/20260717/ticks_1784269683.parquet,/Users/madhuram/tradebot-option-e2e-contract-reconstruction-v4/runtime/market_data/upstox/20260717/ticks_1784269683.parquet,cc4afb71d53c063d023cb9be445cf9cd65020b25f49ac8c6d0d1406297302aea,upstox,quote,5962,553,151,True,True,True,True,True,True,True,True,True,False,True,False,False,NO_POINT_IN_TIME_INSTRUMENT_AUTHORITY
runtime/market_data/upstox/20260717/ticks_1784269695.parquet,/Users/madhuram/tradebot-option-e2e-contract-reconstruction-v4/runtime/market_data/upstox/20260717/ticks_1784269695.parquet,0fb0f5b388980a0ff3c2e85b41d0a8cfcfa34b29c8fb62c053b9ec1da7d24be6,upstox,quote,6233,755,159,True,True,True,True,True,True,True,True,True,False,True,False,False,NO_POINT_IN_TIME_INSTRUMENT_AUTHORITY
runtime/market_data/upstox/20260717/ticks_1784269708.parquet,/Users/madhuram/tradebot-option-e2e-contract-reconstruction-v4/runtime/market_data/upstox/20260717/ticks_1784269708.parquet,3c196f3d30b8f6bcb8cff56d1f0f665af10f3e34dbd6ed96122641e2ccadb467,upstox,quote,5771,567,153,True,True,True,True,True,True,True,True,True,False,True,False,False,NO_POINT_IN_TIME_INSTRUMENT_AUTHORITY
runtime/market_data/upstox/20260717/ticks_1784269720.parquet,/Users/madhuram/tradebot-option-e2e-contract-reconstruction-v4/runtime/market_data/upstox/20260717/ticks_1784269720.parquet,39f6fc3c87fbcde4a2cdf7f906a2f14e9136859857ccf892c9ae72ee44bb7a3c,upstox,quote,5880,523,150,True,True,True,True,True,True,True,True,True,False,True,False,False,NO_POINT_IN_TIME_INSTRUMENT_AUTHORITY
runtime/market_data/upstox/20260717/ticks_1784269732.parquet,/Users/madhuram/tradebot-option-e2e-contract-reconstruction-v4/runtime/market_data/upstox/20260717/ticks_1784269732.parquet,c05d86686fd763fd1d644c0ec12df409c2152accf0b86b46aa1506c843146838,upstox,quote,5648,683,150,True,True,True,True,True,True,True,True,True,False,True,False,False,NO_POINT_IN_TIME_INSTRUMENT_AUTHORITY
runtime/market_data/upstox/20260717/ticks_1784269744.parquet,/Users/madhuram/tradebot-option-e2e-contract-reconstruction-v4/runtime/market_data/upstox/20260717/ticks_1784269744.parquet,7c5ad6c78a317801233cd26d7297e66cb2e29af73706e3295856091bbc5ba50d,upstox,quote,5696,528,143,True,True,True,True,True,True,True,True,True,False,True,False,False,NO_POINT_IN_TIME_INSTRUMENT_AUTHORITY
runtime/market_data/upstox/20260717/ticks_1784269756.parquet,/Users/madhuram/tradebot-option-e2e-contract-reconstruction-v4/runtime/market_data/upstox/20260717/ticks_1784269756.parquet,2c1def0b77efadd1062b8f24b1218d5c31ac8302b44526876d71d5cd8ecf1e70,upstox,quote,5713,514,152,True,True,True,True,True,True,True,True,True,False,True,False,False,NO_POINT_IN_TIME_INSTRUMENT_AUTHORITY
runtime/market_data/upstox/20260717/ticks_1784269768.parquet,/Users/madhuram/tradebot-option-e2e-contract-reconstruction-v4/runtime/market_data/upstox/20260717/ticks_1784269768.parquet,b913484e8daebbca2b66e44b43b3356bf40a699459d06d158d3fac8cf10e438e,upstox,quote,5788,654,153,True,True,True,True,True,True,True,True,True,False,True,False,False,NO_POINT_IN_TIME_INSTRUMENT_AUTHORITY
runtime/market_data/upstox/20260717/ticks_1784269781.parquet,/Users/madhuram/tradebot-option-e2e-contract-reconstruction-v4/runtime/market_data/upstox/20260717/ticks_1784269781.parquet,eb7fed9f578883b06e2e1cad635bd1961689299f6acb55a0801df68216904ec4,upstox,quote,5799,578,150,True,True,True,True,True,True,True,True,True,False,True,False,False,NO_POINT_IN_TIME_INSTRUMENT_AUTHORITY
runtime/market_data/upstox/20260717/ticks_1784269793.parquet,/Users/madhuram/tradebot-option-e2e-contract-reconstruction-v4/runtime/market_data/upstox/20260717/ticks_1784269793.parquet,e70af38a16ff910949ee090bd5c42beac30b7e2b25ca9dc437d158d84fa7c82a,upstox,quote,5534,518,151,True,True,True,True,True,True,True,True,True,False,True,False,False,NO_POINT_IN_TIME_INSTRUMENT_AUTHORITY
runtime/market_data/upstox/20260717/ticks_1784269805.parquet,/Users/madhuram/tradebot-option-e2e-contract-reconstruction-v4/runtime/market_data/upstox/20260717/ticks_1784269805.parquet,af61a3389c88c4aa592f15d983d4fdfd35fcc66456a35080d70df2b627f0cccc,upstox,quote,5932,610,149,True,True,True,True,True,True,True,True,True,False,True,False,False,NO_POINT_IN_TIME_INSTRUMENT_AUTHORITY
runtime/market_data/upstox/20260717/ticks_1784269817.parquet,/Users/madhuram/tradebot-option-e2e-contract-reconstruction-v4/runtime/market_data/upstox/20260717/ticks_1784269817.parquet,8312ce4dbd808afca988a8759b03648cf6df2118c8bc196d1b875e40d342c2c5,upstox,quote,5813,616,154,True,True,True,True,True,True,True,True,True,False,True,False,False,NO_POINT_IN_TIME_INSTRUMENT_AUTHORITY
runtime/market_data/upstox/20260717/ticks_1784269830.parquet,/Users/madhuram/tradebot-option-e2e-contract-reconstruction-v4/runtime/market_data/upstox/20260717/ticks_1784269830.parquet,3968ddeb736d94fe12ad09d629e3f706e21a63002168b80d3f30bae67217960f,upstox,quote,5744,562,153,True,True,True,True,True,True,True,True,True,False,True,False,False,NO_POINT_IN_TIME_INSTRUMENT_AUTHORITY
runtime/market_data/upstox/20260717/ticks_1784269842.parquet,/Users/madhuram/tradebot-option-e2e-contract-reconstruction-v4/runtime/market_data/upstox/20260717/ticks_1784269842.parquet,5db08d2fe615078959202501a78a870478849e69632da390b19e7f33cf49fac8,upstox,quote,6182,721,152,True,True,True,True,True,True,True,True,True,False,True,False,False,NO_POINT_IN_TIME_INSTRUMENT_AUTHORITY
runtime/market_data/upstox/20260717/ticks_1784269854.parquet,/Users/madhuram/tradebot-option-e2e-contract-reconstruction-v4/runtime/market_data/upstox/20260717/ticks_1784269854.parquet,9dc2b795c1836b91b7abdf4c5fc332cb0cf097b07a1331741443438616dd38d6,upstox,quote,6065,588,156,True,True,True,True,True,True,True,True,True,False,True,False,False,NO_POINT_IN_TIME_INSTRUMENT_AUTHORITY
runtime/market_data/upstox/20260717/ticks_1784269866.parquet,/Users/madhuram/tradebot-option-e2e-contract-reconstruction-v4/runtime/market_data/upstox/20260717/ticks_1784269866.parquet,bca49293751b5612178f4c94b520191261660980e44fd677fc6fa71db29e4b0b,upstox,quote,6337,569,153,True,True,True,True,True,True,True,True,True,False,True,False,False,NO_POINT_IN_TIME_INSTRUMENT_AUTHORITY
runtime/market_data/upstox/20260717/ticks_1784269878.parquet,/Users/madhuram/tradebot-option-e2e-contract-reconstruction-v4/runtime/market_data/upstox/20260717/ticks_1784269878.parquet,c8f97303f134dfef031bc87513d911cd968b4f0368b1f05e2ce38382faf5df34,upstox,quote,5810,610,154,True,True,True,True,True,True,True,True,True,False,True,False,False,NO_POINT_IN_TIME_INSTRUMENT_AUTHORITY
runtime/market_data/upstox/20260717/ticks_1784269890.parquet,/Users/madhuram/tradebot-option-e2e-contract-reconstruction-v4/runtime/market_data/upstox/20260717/ticks_1784269890.parquet,2f94202a585e0e1851cb6f8c5372b3697d83a67eac87af01c6878a65cea25ff1,upstox,quote,5915,534,148,True,True,True,True,True,True,True,True,True,False,True,False,False,NO_POINT_IN_TIME_INSTRUMENT_AUTHORITY
runtime/market_data/upstox/20260717/ticks_1784269902.parquet,/Users/madhuram/tradebot-option-e2e-contract-reconstruction-v4/runtime/market_data/upstox/20260717/ticks_1784269902.parquet,da5907c9943b83cc55f80f36ad276a5f6082c1ef1e0cc0b12e8a95fcbe8323e0,upstox,quote,5788,603,149,True,True,True,True,True,True,True,True,True,False,True,False,False,NO_POINT_IN_TIME_INSTRUMENT_AUTHORITY
runtime/market_data/upstox/20260717/ticks_1784269914.parquet,/Users/madhuram/tradebot-option-e2e-contract-reconstruction-v4/runtime/market_data/upstox/20260717/ticks_1784269914.parquet,936fc72855a09b9bd02fd4f64f231ff7d12dc1b4677b5fe65fee04325278459f,upstox,quote,5833,592,153,True,True,True,True,True,True,True,True,True,False,True,False,False,NO_POINT_IN_TIME_INSTRUMENT_AUTHORITY
runtime/market_data/upstox/20260717/ticks_1784269927.parquet,/Users/madhuram/tradebot-option-e2e-contract-reconstruction-v4/runtime/market_data/upstox/20260717/ticks_1784269927.parquet,724d843862b6b4289c9b82d995a85f748aef71370b611bb8066a8dcbb05ddbad,upstox,quote,5713,542,144,True,True,True,True,True,True,True,True,True,False,True,False,False,NO_POINT_IN_TIME_INSTRUMENT_AUTHORITY
runtime/market_data/upstox/20260717/ticks_1784269939.parquet,/Users/madhuram/tradebot-option-e2e-contract-reconstruction-v4/runtime/market_data/upstox/20260717/ticks_1784269939.parquet,99b01abf9950ce7efd7e7e026a9dd154d099e6623f55bb6c1d16bc00a1e4640a,upstox,quote,5296,636,148,True,True,True,True,True,True,True,True,True,False,True,False,False,NO_POINT_IN_TIME_INSTRUMENT_AUTHORITY
runtime/market_data/upstox/20260717/ticks_1784269951.parquet,/Users/madhuram/tradebot-option-e2e-contract-reconstruction-v4/runtime/market_data/upstox/20260717/ticks_1784269951.parquet,26650651d4700f307d7b88600ddbe0614d8b7893192fa45d6d01eca8279411da,upstox,quote,6253,644,147,True,True,True,True,True,True,True,True,True,False,True,False,False,NO_POINT_IN_TIME_INSTRUMENT_AUTHORITY
runtime/market_data/upstox/20260717/ticks_1784269963.parquet,/Users/madhuram/tradebot-option-e2e-contract-reconstruction-v4/runtime/market_data/upstox/20260717/ticks_1784269963.parquet,bb832bce368ba3379b945293b4c78b5ec1690fd332932c873ac4d08517c17201,upstox,quote,5498,549,143,True,True,True,True,True,True,True,True,True,False,True,False,False,NO_POINT_IN_TIME_INSTRUMENT_AUTHORITY
runtime/market_data/upstox/20260717/ticks_1784269975.parquet,/Users/madhuram/tradebot-option-e2e-contract-reconstruction-v4/runtime/market_data/upstox/20260717/ticks_1784269975.parquet,f81e400ebbd2f4cb25ecdd0e4dc96d037b79339c2abcc2494fc9535ba84444b3,upstox,quote,5453,558,150,True,True,True,True,True,True,True,True,True,False,True,False,False,NO_POINT_IN_TIME_INSTRUMENT_AUTHORITY
runtime/market_data/upstox/20260717/ticks_1784269987.parquet,/Users/madhuram/tradebot-option-e2e-contract-reconstruction-v4/runtime/market_data/upstox/20260717/ticks_1784269987.parquet,8ecfc6fde42934e4f6c1132fc9ca544fd2afb1fa8b02c78fe4f6339ae0e75d84,upstox,quote,5810,629,153,True,True,True,True,True,True,True,True,True,False,True,False,False,NO_POINT_IN_TIME_INSTRUMENT_AUTHORITY
runtime/market_data/upstox/20260717/ticks_1784270000.parquet,/Users/madhuram/tradebot-option-e2e-contract-reconstruction-v4/runtime/market_data/upstox/20260717/ticks_1784270000.parquet,325c5e5203f7ff63785e37fe6e4d2ec07e0f8b876ab5b77884fe5a7571405cd4,upstox,quote,5705,554,150,True,True,True,True,True,True,True,True,True,False,True,False,False,NO_POINT_IN_TIME_INSTRUMENT_AUTHORITY
runtime/market_data/upstox/20260717/ticks_1784270012.parquet,/Users/madhuram/tradebot-option-e2e-contract-reconstruction-v4/runtime/market_data/upstox/20260717/ticks_1784270012.parquet,f76768eec547c6bdedbc468d963498fbbc31d65b1ed254b4b478d9a85454a543,upstox,quote,5146,534,158,True,True,True,True,True,True,True,True,True,False,True,False,False,NO_POINT_IN_TIME_INSTRUMENT_AUTHORITY
runtime/market_data/upstox/20260717/ticks_1784270024.parquet,/Users/madhuram/tradebot-option-e2e-contract-reconstruction-v4/runtime/market_data/upstox/20260717/ticks_1784270024.parquet,97aa51a144d3b7229af80bf882537f2108a7d8804e0219d02eeb5ded75b68819,upstox,quote,6824,687,153,True,True,True,True,True,True,True,True,True,False,True,False,False,NO_POINT_IN_TIME_INSTRUMENT_AUTHORITY
runtime/market_data/upstox/20260717/ticks_1784270036.parquet,/Users/madhuram/tradebot-option-e2e-contract-reconstruction-v4/runtime/market_data/upstox/20260717/ticks_1784270036.parquet,3332f2fd72735719b4e3de6fc0f634936a36e2b39e365a3c52ac9d19fb0c7115,upstox,quote,5675,562,152,True,True,True,True,True,True,True,True,True,False,True,False,False,NO_POINT_IN_TIME_INSTRUMENT_AUTHORITY
runtime/market_data/upstox/20260717/ticks_1784270048.parquet,/Users/madhuram/tradebot-option-e2e-contract-reconstruction-v4/runtime/market_data/upstox/20260717/ticks_1784270048.parquet,9ede3279617ccd5d0c2cbcc3e152fe4121c7c2a352b9c73aebc901ba0b3d228b,upstox,quote,5819,526,147,True,True,True,True,True,True,True,True,True,False,True,False,False,NO_POINT_IN_TIME_INSTRUMENT_AUTHORITY
runtime/market_data/upstox/20260717/ticks_1784270061.parquet,/Users/madhuram/tradebot-option-e2e-contract-reconstruction-v4/runtime/market_data/upstox/20260717/ticks_1784270061.parquet,5650e5936fb562275e1996c1d1d96265ad69a40405ea2bae1cfabfd87983fd0e,upstox,quote,5693,689,153,True,True,True,True,True,True,True,True,True,False,True,False,False,NO_POINT_IN_TIME_INSTRUMENT_AUTHORITY
runtime/market_data/upstox/20260717/ticks_1784270073.parquet,/Users/madhuram/tradebot-option-e2e-contract-reconstruction-v4/runtime/market_data/upstox/20260717/ticks_1784270073.parquet,268918e73c7c324de002bc7252351fb5fffe477052a94cee56e7813d83ef7fda,upstox,quote,5914,681,144,True,True,True,True,True,True,True,True,True,False,True,False,False,NO_POINT_IN_TIME_INSTRUMENT_AUTHORITY
runtime/market_data/upstox/20260717/ticks_1784270085.parquet,/Users/madhuram/tradebot-option-e2e-contract-reconstruction-v4/runtime/market_data/upstox/20260717/ticks_1784270085.parquet,390394aa269fb3b52ad68d9c789d0d718c39bf3871dffbc5897987745d9917aa,upstox,quote,5523,505,141,True,True,True,True,True,True,True,True,True,False,True,False,False,NO_POINT_IN_TIME_INSTRUMENT_AUTHORITY
runtime/market_data/upstox/20260717/ticks_1784270097.parquet,/Users/madhuram/tradebot-option-e2e-contract-reconstruction-v4/runtime/market_data/upstox/20260717/ticks_1784270097.parquet,277c3c2391c2615a9abe6460992f791e6bd2503df5d5366576305cb7bf8260d4,upstox,quote,5554,577,138,True,True,True,True,True,True,True,True,True,False,True,False,False,NO_POINT_IN_TIME_INSTRUMENT_AUTHORITY
runtime/market_data/upstox/20260717/ticks_1784270109.parquet,/Users/madhuram/tradebot-option-e2e-contract-reconstruction-v4/runtime/market_data/upstox/20260717/ticks_1784270109.parquet,98512c0dd7fc4c90841d63c1b7bb6194341daad07c6769c63e6b7585fe85a135,upstox,quote,5975,640,154,True,True,True,True,True,True,True,True,True,False,True,False,False,NO_POINT_IN_TIME_INSTRUMENT_AUTHORITY
runtime/market_data/upstox/20260717/ticks_1784270122.parquet,/Users/madhuram/tradebot-option-e2e-contract-reconstruction-v4/runtime/market_data/upstox/20260717/ticks_1784270122.parquet,67434da4d1e64c392b94c14a8239655025510210171a3a27a0b5e0a6a91f884e,upstox,quote,5441,515,152,True,True,True,True,True,True,True,True,True,False,True,False,False,NO_POINT_IN_TIME_INSTRUMENT_AUTHORITY
runtime/market_data/upstox/20260717/ticks_1784270134.parquet,/Users/madhuram/tradebot-option-e2e-contract-reconstruction-v4/runtime/market_data/upstox/20260717/ticks_1784270134.parquet,4afeaf8771e8033a6c66044fa08ce2f82079e9c7273ed40728679cedf0daf819,upstox,quote,5789,546,146,True,True,True,True,True,True,True,True,True,False,True,False,False,NO_POINT_IN_TIME_INSTRUMENT_AUTHORITY
runtime/market_data/upstox/20260717/ticks_1784270146.parquet,/Users/madhuram/tradebot-option-e2e-contract-reconstruction-v4/runtime/market_data/upstox/20260717/ticks_1784270146.parquet,e9d23b13dd6f2f6238e1e6f520565e279dd431af233e685c82d66ed9ef6d97ec,upstox,quote,5565,665,145,True,True,True,True,True,True,True,True,True,False,True,False,False,NO_POINT_IN_TIME_INSTRUMENT_AUTHORITY
runtime/market_data/upstox/20260717/ticks_1784270158.parquet,/Users/madhuram/tradebot-option-e2e-contract-reconstruction-v4/runtime/market_data/upstox/20260717/ticks_1784270158.parquet,b8e2f226c07a36aad49c1694a96153843cd1b26f0fd1be8fb63c0471b9b7d008,upstox,quote,5336,507,144,True,True,True,True,True,True,True,True,True,False,True,False,False,NO_POINT_IN_TIME_INSTRUMENT_AUTHORITY
runtime/market_data/upstox/20260717/ticks_1784270170.parquet,/Users/madhuram/tradebot-option-e2e-contract-reconstruction-v4/runtime/market_data/upstox/20260717/ticks_1784270170.parquet,3051fe0bc9e43a3a2137c236474f8af343d695f025cd2bf9606f3789ba8e8c6d,upstox,quote,5560,553,143,True,True,True,True,True,True,True,True,True,False,True,False,False,NO_POINT_IN_TIME_INSTRUMENT_AUTHORITY
runtime/market_data/upstox/20260717/ticks_1784270183.parquet,/Users/madhuram/tradebot-option-e2e-contract-reconstruction-v4/runtime/market_data/upstox/20260717/ticks_1784270183.parquet,138ed00328ba9d74cf111e5de9b11daaa3a25d4b04c8c1d42116bbed3818d316,upstox,quote,5873,759,159,True,True,True,True,True,True,True,True,True,False,True,False,False,NO_POINT_IN_TIME_INSTRUMENT_AUTHORITY
runtime/market_data/upstox/20260717/ticks_1784270195.parquet,/Users/madhuram/tradebot-option-e2e-contract-reconstruction-v4/runtime/market_data/upstox/20260717/ticks_1784270195.parquet,ab2ea9d72611fd8a9995b8d0634781763c04da0a64930c1f20609dfaa8285b6e,upstox,quote,5841,562,147,True,True,True,True,True,True,True,True,True,False,True,False,False,NO_POINT_IN_TIME_INSTRUMENT_AUTHORITY
runtime/market_data/upstox/20260717/ticks_1784270207.parquet,/Users/madhuram/tradebot-option-e2e-contract-reconstruction-v4/runtime/market_data/upstox/20260717/ticks_1784270207.parquet,c44e0ddcb98d9d1eaa41432309de3534d0431a586c17d7ae092aa836a2290bbc,upstox,quote,5655,533,153,True,True,True,True,True,True,True,True,True,False,True,False,False,NO_POINT_IN_TIME_INSTRUMENT_AUTHORITY
runtime/market_data/upstox/20260717/ticks_1784270219.parquet,/Users/madhuram/tradebot-option-e2e-contract-reconstruction-v4/runtime/market_data/upstox/20260717/ticks_1784270219.parquet,7a0646090aed2558deb18788338bfe17eab939196bacf5291a04bf49dd60bb95,upstox,quote,5725,622,152,True,True,True,True,True,True,True,True,True,False,True,False,False,NO_POINT_IN_TIME_INSTRUMENT_AUTHORITY
runtime/market_data/upstox/20260717/ticks_1784270231.parquet,/Users/madhuram/tradebot-option-e2e-contract-reconstruction-v4/runtime/market_data/upstox/20260717/ticks_1784270231.parquet,3e3867cb40d10e852ce424586a373adf71d86e7fee33673df412a417c9c8f660,upstox,quote,5897,597,151,True,True,True,True,True,True,True,True,True,False,True,False,False,NO_POINT_IN_TIME_INSTRUMENT_AUTHORITY
runtime/market_data/upstox/20260717/ticks_1784270244.parquet,/Users/madhuram/tradebot-option-e2e-contract-reconstruction-v4/runtime/market_data/upstox/20260717/ticks_1784270244.parquet,de940e9b7f45b50bbc30c4316c3653c50d79367d8c61a634f858e1b27787dffa,upstox,quote,5435,524,151,True,True,True,True,True,True,True,True,True,False,True,False,False,NO_POINT_IN_TIME_INSTRUMENT_AUTHORITY
runtime/market_data/upstox/20260717/ticks_1784270256.parquet,/Users/madhuram/tradebot-option-e2e-contract-reconstruction-v4/runtime/market_data/upstox/20260717/ticks_1784270256.parquet,c2f6d32b45e67af70bc62438db80b2ef3d137dd1e1537e9411a6859bfe1ad9bd,upstox,quote,5996,613,150,True,True,True,True,True,True,True,True,True,False,True,False,False,NO_POINT_IN_TIME_INSTRUMENT_AUTHORITY
runtime/market_data/upstox/20260717/ticks_1784270268.parquet,/Users/madhuram/tradebot-option-e2e-contract-reconstruction-v4/runtime/market_data/upstox/20260717/ticks_1784270268.parquet,620a70e5050e2265c78c4698535ab8ac7a0e18d0c219991bf009b95b16f8b925,upstox,quote,5779,624,154,True,True,True,True,True,True,True,True,True,False,True,False,False,NO_POINT_IN_TIME_INSTRUMENT_AUTHORITY
runtime/market_data/upstox/20260717/ticks_1784270280.parquet,/Users/madhuram/tradebot-option-e2e-contract-reconstruction-v4/runtime/market_data/upstox/20260717/ticks_1784270280.parquet,b6d5a5a15fdd6a73926a87b3058de3ae0d8f5478a060f2eb33802e3af780f0aa,upstox,quote,5674,526,153,True,True,True,True,True,True,True,True,True,False,True,False,False,NO_POINT_IN_TIME_INSTRUMENT_AUTHORITY
runtime/market_data/upstox/20260717/ticks_1784270292.parquet,/Users/madhuram/tradebot-option-e2e-contract-reconstruction-v4/runtime/market_data/upstox/20260717/ticks_1784270292.parquet,99d69284f0d1e54785ae6bde0334338db573a27f462646e2b098836aa5a98797,upstox,quote,5800,622,149,True,True,True,True,True,True,True,True,True,False,True,False,False,NO_POINT_IN_TIME_INSTRUMENT_AUTHORITY
runtime/market_data/upstox/20260717/ticks_1784270304.parquet,/Users/madhuram/tradebot-option-e2e-contract-reconstruction-v4/runtime/market_data/upstox/20260717/ticks_1784270304.parquet,a6605cf9a0c158bc1a4e57d1d218e5b702b2a13e3967ae3b2b3438d6289ed825,upstox,quote,5656,685,145,True,True,True,True,True,True,True,True,True,False,True,False,False,NO_POINT_IN_TIME_INSTRUMENT_AUTHORITY
runtime/market_data/upstox/20260717/ticks_1784270316.parquet,/Users/madhuram/tradebot-option-e2e-contract-reconstruction-v4/runtime/market_data/upstox/20260717/ticks_1784270316.parquet,6ad735e29abda86dc7b40660cc00fc3aa7576d324988f1faab3e1faccbb7d13b,upstox,quote,5946,652,151,True,True,True,True,True,True,True,True,True,False,True,False,False,NO_POINT_IN_TIME_INSTRUMENT_AUTHORITY
runtime/market_data/upstox/20260717/ticks_1784270328.parquet,/Users/madhuram/tradebot-option-e2e-contract-reconstruction-v4/runtime/market_data/upstox/20260717/ticks_1784270328.parquet,bdc0993e3159e63d59f6b1921e93113d0d9c4bf8dc9e1eb2d494999d9cef51a8,upstox,quote,5958,698,147,True,True,True,True,True,True,True,True,True,False,True,False,False,NO_POINT_IN_TIME_INSTRUMENT_AUTHORITY
runtime/market_data/upstox/20260717/ticks_1784270340.parquet,/Users/madhuram/tradebot-option-e2e-contract-reconstruction-v4/runtime/market_data/upstox/20260717/ticks_1784270340.parquet,6b2c634cf8cd06789f03272ac867bb0f124932f73dda08cfe9539d3c943b8d42,upstox,quote,5745,548,153,True,True,True,True,True,True,True,True,True,False,True,False,False,NO_POINT_IN_TIME_INSTRUMENT_AUTHORITY
runtime/market_data/upstox/20260717/ticks_1784270353.parquet,/Users/madhuram/tradebot-option-e2e-contract-reconstruction-v4/runtime/market_data/upstox/20260717/ticks_1784270353.parquet,afeac8195f3afe27ec0db2e4d9a5e0b7826b8ffd8195da347fd9286551cb6d35,upstox,quote,6062,607,153,True,True,True,True,True,True,True,True,True,False,True,False,False,NO_POINT_IN_TIME_INSTRUMENT_AUTHORITY
runtime/market_data/upstox/20260717/ticks_1784270365.parquet,/Users/madhuram/tradebot-option-e2e-contract-reconstruction-v4/runtime/market_data/upstox/20260717/ticks_1784270365.parquet,e0271948dcbecf7b9c6658936d1438d423b0f6c02d56c7edec82bbf1b1f28b72,upstox,quote,5644,600,152,True,True,True,True,True,True,True,True,True,False,True,False,False,NO_POINT_IN_TIME_INSTRUMENT_AUTHORITY
runtime/market_data/upstox/20260717/ticks_1784270377.parquet,/Users/madhuram/tradebot-option-e2e-contract-reconstruction-v4/runtime/market_data/upstox/20260717/ticks_1784270377.parquet,4686a442b55f1a39d3abb310f3ebef1d3e99dbeb9ca3e6c4356c61418197e481,upstox,quote,5490,529,158,True,True,True,True,True,True,True,True,True,False,True,False,False,NO_POINT_IN_TIME_INSTRUMENT_AUTHORITY
runtime/market_data/upstox/20260717/ticks_1784270389.parquet,/Users/madhuram/tradebot-option-e2e-contract-reconstruction-v4/runtime/market_data/upstox/20260717/ticks_1784270389.parquet,f0b1f1df8fc7c27d6a84fda10ac145d4f695ecce7d42b27c484c64567c1e5a97,upstox,quote,5488,596,156,True,True,True,True,True,True,True,True,True,False,True,False,False,NO_POINT_IN_TIME_INSTRUMENT_AUTHORITY
runtime/market_data/upstox/20260717/ticks_1784270401.parquet,/Users/madhuram/tradebot-option-e2e-contract-reconstruction-v4/runtime/market_data/upstox/20260717/ticks_1784270401.parquet,4e9f8b8fef57c2c08910e9fb41a250e9e9730f9011aa99cb5b4a5b3b6fc17148,upstox,quote,5702,615,152,True,True,True,True,True,True,True,True,True,False,True,False,False,NO_POINT_IN_TIME_INSTRUMENT_AUTHORITY
runtime/market_data/upstox/20260717/ticks_1784270413.parquet,/Users/madhuram/tradebot-option-e2e-contract-reconstruction-v4/runtime/market_data/upstox/20260717/ticks_1784270413.parquet,d69ed149c5944e41bb22e7ee95c154cb2dd9bb7995f28409fdeed4ee7077092a,upstox,quote,4651,525,148,True,True,True,True,True,True,True,True,True,False,True,False,False,NO_POINT_IN_TIME_INSTRUMENT_AUTHORITY
runtime/market_data/upstox/20260717/ticks_1784270426.parquet,/Users/madhuram/tradebot-option-e2e-contract-reconstruction-v4/runtime/market_data/upstox/20260717/ticks_1784270426.parquet,c32b986fafa3c324b628f786503e7381ff6473357933876ca21d6099b3dc0e11,upstox,quote,6862,676,155,True,True,True,True,True,True,True,True,True,False,True,False,False,NO_POINT_IN_TIME_INSTRUMENT_AUTHORITY
runtime/market_data/upstox/20260717/ticks_1784270440.parquet,/Users/madhuram/tradebot-option-e2e-contract-reconstruction-v4/runtime/market_data/upstox/20260717/ticks_1784270440.parquet,179594297f8c57ede5ecfcce9ba6fddeb587f03a2e756bde4052973438789fb2,upstox,quote,1003,481,115,True,True,True,True,True,True,True,True,True,False,True,False,False,NO_POINT_IN_TIME_INSTRUMENT_AUTHORITY
runtime/market_data/upstox/20260717/ticks_1784270452.parquet,/Users/madhuram/tradebot-option-e2e-contract-reconstruction-v4/runtime/market_data/upstox/20260717/ticks_1784270452.parquet,cd6d450da62c6f805893740e541235a0120edab01b314ce922e449a89b5232e9,upstox,quote,10823,690,159,True,True,True,True,True,True,True,True,True,False,True,False,False,NO_POINT_IN_TIME_INSTRUMENT_AUTHORITY
runtime/market_data/upstox/20260717/ticks_1784270465.parquet,/Users/madhuram/tradebot-option-e2e-contract-reconstruction-v4/runtime/market_data/upstox/20260717/ticks_1784270465.parquet,478a841e830dc49770acce544dd84ab0444260984def3573f09a82c121ea1fc6,upstox,quote,6069,572,159,True,True,True,True,True,True,True,True,True,False,True,False,False,NO_POINT_IN_TIME_INSTRUMENT_AUTHORITY
runtime/market_data/upstox/20260717/ticks_1784270477.parquet,/Users/madhuram/tradebot-option-e2e-contract-reconstruction-v4/runtime/market_data/upstox/20260717/ticks_1784270477.parquet,555fbc68192a4a8f05ee74f13d0c4a9d3bbaf441982164c7ed47ecf6ccf954e2,upstox,quote,5988,753,152,True,True,True,True,True,True,True,True,True,False,True,False,False,NO_POINT_IN_TIME_INSTRUMENT_AUTHORITY
runtime/market_data/upstox/20260717/ticks_1784270489.parquet,/Users/madhuram/tradebot-option-e2e-contract-reconstruction-v4/runtime/market_data/upstox/20260717/ticks_1784270489.parquet,3f61aaffdfbae904d70783060721144a1fc2e0497cc8d4d42e83580c03a8312d,upstox,quote,5286,522,154,True,True,True,True,True,True,True,True,True,False,True,False,False,NO_POINT_IN_TIME_INSTRUMENT_AUTHORITY
runtime/market_data/upstox/20260717/ticks_1784270501.parquet,/Users/madhuram/tradebot-option-e2e-contract-reconstruction-v4/runtime/market_data/upstox/20260717/ticks_1784270501.parquet,d11460d9718f1f4965b8e8ddf2da7f84b94fdb9313072d4bc1b847aaed0c8fb1,upstox,quote,5675,536,155,True,True,True,True,True,True,True,True,True,False,True,False,False,NO_POINT_IN_TIME_INSTRUMENT_AUTHORITY
runtime/market_data/upstox/20260717/ticks_1784270513.parquet,/Users/madhuram/tradebot-option-e2e-contract-reconstruction-v4/runtime/market_data/upstox/20260717/ticks_1784270513.parquet,6cd45e01d6780c865d610b13e32819eaa57571ccfcb559464f443a1d60d0fc5b,upstox,quote,5974,720,156,True,True,True,True,True,True,True,True,True,False,True,False,False,NO_POINT_IN_TIME_INSTRUMENT_AUTHORITY
runtime/market_data/upstox/20260717/ticks_1784270525.parquet,/Users/madhuram/tradebot-option-e2e-contract-reconstruction-v4/runtime/market_data/upstox/20260717/ticks_1784270525.parquet,91a5c8982b17f238fc8541105950312137d1eecfb023ef77a1d7540767a2a367,upstox,quote,5643,527,148,True,True,True,True,True,True,True,True,True,False,True,False,False,NO_POINT_IN_TIME_INSTRUMENT_AUTHORITY
runtime/market_data/upstox/20260717/ticks_1784270538.parquet,/Users/madhuram/tradebot-option-e2e-contract-reconstruction-v4/runtime/market_data/upstox/20260717/ticks_1784270538.parquet,906950ea5f631d0ffda09503d29680a623246c52573305bbac7178d4add33040,upstox,quote,5833,622,151,True,True,True,True,True,True,True,True,True,False,True,False,False,NO_POINT_IN_TIME_INSTRUMENT_AUTHORITY
runtime/market_data/upstox/20260717/ticks_1784270550.parquet,/Users/madhuram/tradebot-option-e2e-contract-reconstruction-v4/runtime/market_data/upstox/20260717/ticks_1784270550.parquet,2578a0996747720fe854f143e1de179b14668e3c4758efa29f502823dd2b2e4d,upstox,quote,5438,689,143,True,True,True,True,True,True,True,True,True,False,True,False,False,NO_POINT_IN_TIME_INSTRUMENT_AUTHORITY
runtime/market_data/upstox/20260717/ticks_1784270562.parquet,/Users/madhuram/tradebot-option-e2e-contract-reconstruction-v4/runtime/market_data/upstox/20260717/ticks_1784270562.parquet,39178d90cef2b92113f4ba52a50daa53c845f5ce22d02ed3d07f491e56d02f55,upstox,quote,5759,533,152,True,True,True,True,True,True,True,True,True,False,True,False,False,NO_POINT_IN_TIME_INSTRUMENT_AUTHORITY
runtime/market_data/upstox/20260717/ticks_1784270574.parquet,/Users/madhuram/tradebot-option-e2e-contract-reconstruction-v4/runtime/market_data/upstox/20260717/ticks_1784270574.parquet,19ea9b7299f02351f397c9503fd99754bddf0401fd4a03df3ee87564a9d9c630,upstox,quote,5214,510,142,True,True,True,True,True,True,True,True,True,False,True,False,False,NO_POINT_IN_TIME_INSTRUMENT_AUTHORITY
runtime/market_data/upstox/20260717/ticks_1784270586.parquet,/Users/madhuram/tradebot-option-e2e-contract-reconstruction-v4/runtime/market_data/upstox/20260717/ticks_1784270586.parquet,943c902327823c8fb94676661edeaaef1b5ccd1e4e4f22f89f61c9984cfe7c6f,upstox,quote,5673,754,139,True,True,True,True,True,True,True,True,True,False,True,False,False,NO_POINT_IN_TIME_INSTRUMENT_AUTHORITY
runtime/market_data/upstox/20260717/ticks_1784270598.parquet,/Users/madhuram/tradebot-option-e2e-contract-reconstruction-v4/runtime/market_data/upstox/20260717/ticks_1784270598.parquet,1402c16ea4e3d9d56cb217380b68bdadd843044a21df772fb408faa2c8050d12,upstox,quote,5604,534,139,True,True,True,True,True,True,True,True,True,False,True,False,False,NO_POINT_IN_TIME_INSTRUMENT_AUTHORITY
runtime/market_data/upstox/20260717/ticks_1784270611.parquet,/Users/madhuram/tradebot-option-e2e-contract-reconstruction-v4/runtime/market_data/upstox/20260717/ticks_1784270611.parquet,173562df16559d743387e01a479931c8d450bc6d2f972196c0188425aedb2d90,upstox,quote,5600,531,155,True,True,True,True,True,True,True,True,True,False,True,False,False,NO_POINT_IN_TIME_INSTRUMENT_AUTHORITY
runtime/market_data/upstox/20260717/ticks_1784270623.parquet,/Users/madhuram/tradebot-option-e2e-contract-reconstruction-v4/runtime/market_data/upstox/20260717/ticks_1784270623.parquet,c2f9a3be1be4db1a8b6f172f1b19bd547beca39bc75a4412cf80641e24ad66ae,upstox,quote,5505,622,136,True,True,True,True,True,True,True,True,True,False,True,False,False,NO_POINT_IN_TIME_INSTRUMENT_AUTHORITY
runtime/market_data/upstox/20260717/ticks_1784270635.parquet,/Users/madhuram/tradebot-option-e2e-contract-reconstruction-v4/runtime/market_data/upstox/20260717/ticks_1784270635.parquet,55220d83f3ca12d440bf97778af5625257c9e13bf66f19a532dbb9029bacf939,upstox,quote,5476,566,140,True,True,True,True,True,True,True,True,True,False,True,False,False,NO_POINT_IN_TIME_INSTRUMENT_AUTHORITY
runtime/market_data/upstox/20260717/ticks_1784270647.parquet,/Users/madhuram/tradebot-option-e2e-contract-reconstruction-v4/runtime/market_data/upstox/20260717/ticks_1784270647.parquet,06b3fa5ff6087f32f8190b8c1af44d11c0b216bddc13a2f5fd5a139700b0a73d,upstox,quote,5725,543,146,True,True,True,True,True,True,True,True,True,False,True,False,False,NO_POINT_IN_TIME_INSTRUMENT_AUTHORITY
runtime/market_data/upstox/20260717/ticks_1784270659.parquet,/Users/madhuram/tradebot-option-e2e-contract-reconstruction-v4/runtime/market_data/upstox/20260717/ticks_1784270659.parquet,857887cebe6c797a1940d754fb2de172dee9129857d3310428f899e7f06f2ce6,upstox,quote,5718,667,152,True,True,True,True,True,True,True,True,True,False,True,False,False,NO_POINT_IN_TIME_INSTRUMENT_AUTHORITY
runtime/market_data/upstox/20260717/ticks_1784270672.parquet,/Users/madhuram/tradebot-option-e2e-contract-reconstruction-v4/runtime/market_data/upstox/20260717/ticks_1784270672.parquet,da91c2a09dd8d2e5fedf9959ad2116c2e00eb8179dab5e4914d073eaa53d1a32,upstox,quote,5647,663,143,True,True,True,True,True,True,True,True,True,False,True,False,False,NO_POINT_IN_TIME_INSTRUMENT_AUTHORITY
runtime/market_data/upstox/20260717/ticks_1784270684.parquet,/Users/madhuram/tradebot-option-e2e-contract-reconstruction-v4/runtime/market_data/upstox/20260717/ticks_1784270684.parquet,a167086a3443065da5ee0154d8842cbd3f970118b20c8481aafa590749ce8c07,upstox,quote,5717,615,150,True,True,True,True,True,True,True,True,True,False,True,False,False,NO_POINT_IN_TIME_INSTRUMENT_AUTHORITY
runtime/market_data/upstox/20260717/ticks_1784270696.parquet,/Users/madhuram/tradebot-option-e2e-contract-reconstruction-v4/runtime/market_data/upstox/20260717/ticks_1784270696.parquet,e3b4ee15510f9e539741a9652407e23fc9b51ff6ee56649ee181e981bce9ce66,upstox,quote,5396,595,141,True,True,True,True,True,True,True,True,True,False,True,False,False,NO_POINT_IN_TIME_INSTRUMENT_AUTHORITY
runtime/market_data/upstox/20260717/ticks_1784270708.parquet,/Users/madhuram/tradebot-option-e2e-contract-reconstruction-v4/runtime/market_data/upstox/20260717/ticks_1784270708.parquet,6f002726fb888450912003722af650fc88d135b70b27ee261f24c1d9088c019f,upstox,quote,5674,609,147,True,True,True,True,True,True,True,True,True,False,True,False,False,NO_POINT_IN_TIME_INSTRUMENT_AUTHORITY
runtime/market_data/upstox/20260717/ticks_1784270720.parquet,/Users/madhuram/tradebot-option-e2e-contract-reconstruction-v4/runtime/market_data/upstox/20260717/ticks_1784270720.parquet,0ac94d3d0bb0341a3f73954b84ce02a47b78f4a18b085442b2e434b8f796c611,upstox,quote,5697,528,151,True,True,True,True,True,True,True,True,True,False,True,False,False,NO_POINT_IN_TIME_INSTRUMENT_AUTHORITY
runtime/market_data/upstox/20260717/ticks_1784270732.parquet,/Users/madhuram/tradebot-option-e2e-contract-reconstruction-v4/runtime/market_data/upstox/20260717/ticks_1784270732.parquet,33cf668fd9c8a1d0d71e4eb115ce74b5548f38d5b14aafc94469c67cb510d62f,upstox,quote,5534,593,143,True,True,True,True,True,True,True,True,True,False,True,False,False,NO_POINT_IN_TIME_INSTRUMENT_AUTHORITY
runtime/market_data/upstox/20260717/ticks_1784270744.parquet,/Users/madhuram/tradebot-option-e2e-contract-reconstruction-v4/runtime/market_data/upstox/20260717/ticks_1784270744.parquet,af42e51c7f88dd26c23a8b2410e68f0ea2b4e28fd3fd832987ed532697b7b98d,upstox,quote,5459,574,146,True,True,True,True,True,True,True,True,True,False,True,False,False,NO_POINT_IN_TIME_INSTRUMENT_AUTHORITY
runtime/market_data/upstox/20260717/ticks_1784270757.parquet,/Users/madhuram/tradebot-option-e2e-contract-reconstruction-v4/runtime/market_data/upstox/20260717/ticks_1784270757.parquet,9e17d1983d531b8654e6d72def803998f9a0782cd1ef1bc232336636b70ae2e1,upstox,quote,5465,564,158,True,True,True,True,True,True,True,True,True,False,True,False,False,NO_POINT_IN_TIME_INSTRUMENT_AUTHORITY
runtime/market_data/upstox/20260717/ticks_1784270769.parquet,/Users/madhuram/tradebot-option-e2e-contract-reconstruction-v4/runtime/market_data/upstox/20260717/ticks_1784270769.parquet,990ec719f78054305aff9121a278fb9967bbeb19322e4f9c1e71bced852aa35f,upstox,quote,5696,608,146,True,True,True,True,True,True,True,True,True,False,True,False,False,NO_POINT_IN_TIME_INSTRUMENT_AUTHORITY
runtime/market_data/upstox/20260717/ticks_1784270781.parquet,/Users/madhuram/tradebot-option-e2e-contract-reconstruction-v4/runtime/market_data/upstox/20260717/ticks_1784270781.parquet,136480a29f881a4a4aaa8e0c3f3e59172b785cd3e41fd0fc39c660edd8edf4bd,upstox,quote,5811,599,143,True,True,True,True,True,True,True,True,True,False,True,False,False,NO_POINT_IN_TIME_INSTRUMENT_AUTHORITY
runtime/market_data/upstox/20260717/ticks_1784270793.parquet,/Users/madhuram/tradebot-option-e2e-contract-reconstruction-v4/runtime/market_data/upstox/20260717/ticks_1784270793.parquet,7e69d16fc525c426191fda4c27aed239755afaea08cd13c480e4adb22a74ca9c,upstox,quote,5981,642,144,True,True,True,True,True,True,True,True,True,False,True,False,False,NO_POINT_IN_TIME_INSTRUMENT_AUTHORITY
runtime/market_data/upstox/20260717/ticks_1784270805.parquet,/Users/madhuram/tradebot-option-e2e-contract-reconstruction-v4/runtime/market_data/upstox/20260717/ticks_1784270805.parquet,8e0e1a4a318218d2cfd17a60163bafa5fc85589ad95acb8adfc4f0d6537c6fe1,upstox,quote,5995,607,146,True,True,True,True,True,True,True,True,True,False,True,False,False,NO_POINT_IN_TIME_INSTRUMENT_AUTHORITY
runtime/market_data/upstox/20260717/ticks_1784270817.parquet,/Users/madhuram/tradebot-option-e2e-contract-reconstruction-v4/runtime/market_data/upstox/20260717/ticks_1784270817.parquet,577b13cd3196c978031e55d1d249310f24006bda137e9209c4bd29ca5df365ce,upstox,quote,5616,524,149,True,True,True,True,True,True,True,True,True,False,True,False,False,NO_POINT_IN_TIME_INSTRUMENT_AUTHORITY
runtime/market_data/upstox/20260717/ticks_1784270829.parquet,/Users/madhuram/tradebot-option-e2e-contract-reconstruction-v4/runtime/market_data/upstox/20260717/ticks_1784270829.parquet,6c5b57050e6c5f1019ab482634e6ed7e133b59894f1bccead493590095e4abb7,upstox,quote,5815,616,141,True,True,True,True,True,True,True,True,True,False,True,False,False,NO_POINT_IN_TIME_INSTRUMENT_AUTHORITY
runtime/market_data/upstox/20260717/ticks_1784270842.parquet,/Users/madhuram/tradebot-option-e2e-contract-reconstruction-v4/runtime/market_data/upstox/20260717/ticks_1784270842.parquet,d7041d143f6e494ff4a856a896d929dbba01e50b53e26f9620d64bb9a02539bb,upstox,quote,5962,608,154,True,True,True,True,True,True,True,True,True,False,True,False,False,NO_POINT_IN_TIME_INSTRUMENT_AUTHORITY
runtime/market_data/upstox/20260717/ticks_1784270854.parquet,/Users/madhuram/tradebot-option-e2e-contract-reconstruction-v4/runtime/market_data/upstox/20260717/ticks_1784270854.parquet,39329a8aa624499fe659a439a6e1d2d9682c54c866c72ac3868fbed3cf6951c7,upstox,quote,6049,533,152,True,True,True,True,True,True,True,True,True,False,True,False,False,NO_POINT_IN_TIME_INSTRUMENT_AUTHORITY
runtime/market_data/upstox/20260717/ticks_1784270866.parquet,/Users/madhuram/tradebot-option-e2e-contract-reconstruction-v4/runtime/market_data/upstox/20260717/ticks_1784270866.parquet,7e0d18827e0bacf4f60942cba85616bcbe4235f311add32558085ac4fa874d7e,upstox,quote,5574,582,148,True,True,True,True,True,True,True,True,True,False,True,False,False,NO_POINT_IN_TIME_INSTRUMENT_AUTHORITY
runtime/market_data/upstox/20260717/ticks_1784270878.parquet,/Users/madhuram/tradebot-option-e2e-contract-reconstruction-v4/runtime/market_data/upstox/20260717/ticks_1784270878.parquet,4fa85b6c3ca3c95accc09449f2ed9063d274c4defd884a2bf6cab7ab514f8eb9,upstox,quote,5549,637,149,True,True,True,True,True,True,True,True,True,False,True,False,False,NO_POINT_IN_TIME_INSTRUMENT_AUTHORITY
runtime/market_data/upstox/20260717/ticks_1784270890.parquet,/Users/madhuram/tradebot-option-e2e-contract-reconstruction-v4/runtime/market_data/upstox/20260717/ticks_1784270890.parquet,711bcc72619c2f13567daa9581e64a552502977c56063af41f5e0a48a711e983,upstox,quote,5535,526,150,True,True,True,True,True,True,True,True,True,False,True,False,False,NO_POINT_IN_TIME_INSTRUMENT_AUTHORITY
runtime/market_data/upstox/20260717/ticks_1784270903.parquet,/Users/madhuram/tradebot-option-e2e-contract-reconstruction-v4/runtime/market_data/upstox/20260717/ticks_1784270903.parquet,a81ba5205891ff65a6170f1c1d8847b9a56ae03a372cfb3ea1abbdf4f0c26924,upstox,quote,5412,627,151,True,True,True,True,True,True,True,True,True,False,True,False,False,NO_POINT_IN_TIME_INSTRUMENT_AUTHORITY
runtime/market_data/upstox/20260717/ticks_1784270915.parquet,/Users/madhuram/tradebot-option-e2e-contract-reconstruction-v4/runtime/market_data/upstox/20260717/ticks_1784270915.parquet,acd818658a98cc5839ea0188fb53c9201582980cf8b747a54539550f9cd1b7e3,upstox,quote,5727,708,152,True,True,True,True,True,True,True,True,True,False,True,False,False,NO_POINT_IN_TIME_INSTRUMENT_AUTHORITY
runtime/market_data/upstox/20260717/ticks_1784270927.parquet,/Users/madhuram/tradebot-option-e2e-contract-reconstruction-v4/runtime/market_data/upstox/20260717/ticks_1784270927.parquet,b4c2d55a848fe53456f884559bd4503c4e882666d6fc75a8fa514cf52a88b795,upstox,quote,5480,506,146,True,True,True,True,True,True,True,True,True,False,True,False,False,NO_POINT_IN_TIME_INSTRUMENT_AUTHORITY
runtime/market_data/upstox/20260717/ticks_1784270939.parquet,/Users/madhuram/tradebot-option-e2e-contract-reconstruction-v4/runtime/market_data/upstox/20260717/ticks_1784270939.parquet,7879523dcf2508f8b9144b4f1fa77389686bea6e01435f9fec5cd9822279e250,upstox,quote,5536,602,151,True,True,True,True,True,True,True,True,True,False,True,False,False,NO_POINT_IN_TIME_INSTRUMENT_AUTHORITY
runtime/market_data/upstox/20260717/ticks_1784270951.parquet,/Users/madhuram/tradebot-option-e2e-contract-reconstruction-v4/runtime/market_data/upstox/20260717/ticks_1784270951.parquet,6f7f4d904bd5cacab929587a4255c225d759b2227f708fbc27f59feaa087f59e,upstox,quote,5531,695,144,True,True,True,True,True,True,True,True,True,False,True,False,False,NO_POINT_IN_TIME_INSTRUMENT_AUTHORITY
runtime/market_data/upstox/20260717/ticks_1784270963.parquet,/Users/madhuram/tradebot-option-e2e-contract-reconstruction-v4/runtime/market_data/upstox/20260717/ticks_1784270963.parquet,59563ccc57fdf1219d4148509866d3199ce1fa0b386454771bb13314b252027b,upstox,quote,5457,505,143,True,True,True,True,True,True,True,True,True,False,True,False,False,NO_POINT_IN_TIME_INSTRUMENT_AUTHORITY
runtime/market_data/upstox/20260717/ticks_1784270976.parquet,/Users/madhuram/tradebot-option-e2e-contract-reconstruction-v4/runtime/market_data/upstox/20260717/ticks_1784270976.parquet,186c57403873bf3c13b79e3dde2dac24e08b11c30c2a2bf32056dbbcbd6c42b2,upstox,quote,5410,529,154,True,True,True,True,True,True,True,True,True,False,True,False,False,NO_POINT_IN_TIME_INSTRUMENT_AUTHORITY
runtime/market_data/upstox/20260717/ticks_1784270988.parquet,/Users/madhuram/tradebot-option-e2e-contract-reconstruction-v4/runtime/market_data/upstox/20260717/ticks_1784270988.parquet,386fa439ed1eecd3bd9840f63ac223d253d5c3b1d09c543671f569dcdd64cce5,upstox,quote,5433,757,146,True,True,True,True,True,True,True,True,True,False,True,False,False,NO_POINT_IN_TIME_INSTRUMENT_AUTHORITY
runtime/market_data/upstox/20260717/ticks_1784271000.parquet,/Users/madhuram/tradebot-option-e2e-contract-reconstruction-v4/runtime/market_data/upstox/20260717/ticks_1784271000.parquet,f501bfac86feae8e3eb10d6e510003a07d1f6b9f648e5aa3dd22708f17ec8b00,upstox,quote,5608,545,144,True,True,True,True,True,True,True,True,True,False,True,False,False,NO_POINT_IN_TIME_INSTRUMENT_AUTHORITY
runtime/market_data/upstox/20260717/ticks_1784271012.parquet,/Users/madhuram/tradebot-option-e2e-contract-reconstruction-v4/runtime/market_data/upstox/20260717/ticks_1784271012.parquet,1340fa4bdeca84044d4eba3c7f5c477bac7b2ab6c13ad56d7dbed47d9cc006c0,upstox,quote,5592,546,145,True,True,True,True,True,True,True,True,True,False,True,False,False,NO_POINT_IN_TIME_INSTRUMENT_AUTHORITY
runtime/market_data/upstox/20260717/ticks_1784271025.parquet,/Users/madhuram/tradebot-option-e2e-contract-reconstruction-v4/runtime/market_data/upstox/20260717/ticks_1784271025.parquet,c0efea9a5c36c1f4f03876685b950e423cdd20a27e436dc192b9c555edf268a0,upstox,quote,5405,728,140,True,True,True,True,True,True,True,True,True,False,True,False,False,NO_POINT_IN_TIME_INSTRUMENT_AUTHORITY
runtime/market_data/upstox/20260717/ticks_1784271037.parquet,/Users/madhuram/tradebot-option-e2e-contract-reconstruction-v4/runtime/market_data/upstox/20260717/ticks_1784271037.parquet,144350f58ccbe44e0f2296eacaeccb74a28173d61873e38d6590e62fd0da4c81,upstox,quote,5778,566,150,True,True,True,True,True,True,True,True,True,False,True,False,False,NO_POINT_IN_TIME_INSTRUMENT_AUTHORITY
runtime/market_data/upstox/20260717/ticks_1784271049.parquet,/Users/madhuram/tradebot-option-e2e-contract-reconstruction-v4/runtime/market_data/upstox/20260717/ticks_1784271049.parquet,d6fb530af6e2bc86a4763b385af05de2a73b71e46fa20df628803fdfa48bc3d0,upstox,quote,5529,515,152,True,True,True,True,True,True,True,True,True,False,True,False,False,NO_POINT_IN_TIME_INSTRUMENT_AUTHORITY
runtime/market_data/upstox/20260717/ticks_1784271061.parquet,/Users/madhuram/tradebot-option-e2e-contract-reconstruction-v4/runtime/market_data/upstox/20260717/ticks_1784271061.parquet,ea7b4fcdff508a5545f3aacc6f0d1727cd39edc81baf295ac50cb9f6bc39c44c,upstox,quote,5673,629,144,True,True,True,True,True,True,True,True,True,False,True,False,False,NO_POINT_IN_TIME_INSTRUMENT_AUTHORITY
runtime/market_data/upstox/20260717/ticks_1784271073.parquet,/Users/madhuram/tradebot-option-e2e-contract-reconstruction-v4/runtime/market_data/upstox/20260717/ticks_1784271073.parquet,3e006d111c474089e74cefdbc03c7802f56dd6adaa23c3421d35be6520902409,upstox,quote,5411,580,141,True,True,True,True,True,True,True,True,True,False,True,False,False,NO_POINT_IN_TIME_INSTRUMENT_AUTHORITY
runtime/market_data/upstox/20260717/ticks_1784271085.parquet,/Users/madhuram/tradebot-option-e2e-contract-reconstruction-v4/runtime/market_data/upstox/20260717/ticks_1784271085.parquet,7539070ae5e4f9fec87f052daa613410fce970791cdc1df4e65a8df56949cc8c,upstox,quote,5425,513,142,True,True,True,True,True,True,True,True,True,False,True,False,False,NO_POINT_IN_TIME_INSTRUMENT_AUTHORITY
runtime/market_data/upstox/20260717/ticks_1784271097.parquet,/Users/madhuram/tradebot-option-e2e-contract-reconstruction-v4/runtime/market_data/upstox/20260717/ticks_1784271097.parquet,9bfab13ab9a4df41a8a1148acd0faa53fc36eb0a995954679951a3aeea4d1992,upstox,quote,5154,603,138,True,True,True,True,True,True,True,True,True,False,True,False,False,NO_POINT_IN_TIME_INSTRUMENT_AUTHORITY
runtime/market_data/upstox/20260717/ticks_1784271110.parquet,/Users/madhuram/tradebot-option-e2e-contract-reconstruction-v4/runtime/market_data/upstox/20260717/ticks_1784271110.parquet,17725ccf9824f788d941aaed664b22d3d939a7e35ed27113ff8e6409535b671e,upstox,quote,5961,700,142,True,True,True,True,True,True,True,True,True,False,True,False,False,NO_POINT_IN_TIME_INSTRUMENT_AUTHORITY
runtime/market_data/upstox/20260717/ticks_1784271122.parquet,/Users/madhuram/tradebot-option-e2e-contract-reconstruction-v4/runtime/market_data/upstox/20260717/ticks_1784271122.parquet,bc65ad1335693cd538596a24852fc1d9a2844b350e2b2918e94ac1530cdb47a7,upstox,quote,5737,523,143,True,True,True,True,True,True,True,True,True,False,True,False,False,NO_POINT_IN_TIME_INSTRUMENT_AUTHORITY
runtime/market_data/upstox/20260717/ticks_1784271134.parquet,/Users/madhuram/tradebot-option-e2e-contract-reconstruction-v4/runtime/market_data/upstox/20260717/ticks_1784271134.parquet,d7d04de68a58bace5cbf1ae0428bde87c7b0f002bdc036b2bd968da7d46cee30,upstox,quote,5924,672,149,True,True,True,True,True,True,True,True,True,False,True,False,False,NO_POINT_IN_TIME_INSTRUMENT_AUTHORITY
runtime/market_data/upstox/20260717/ticks_1784271146.parquet,/Users/madhuram/tradebot-option-e2e-contract-reconstruction-v4/runtime/market_data/upstox/20260717/ticks_1784271146.parquet,285cec64716d6af4e79235b9737998f297092dc3b0a589f2ef72b397d9b00345,upstox,quote,5711,650,153,True,True,True,True,True,True,True,True,True,False,True,False,False,NO_POINT_IN_TIME_INSTRUMENT_AUTHORITY
runtime/market_data/upstox/20260717/ticks_1784271159.parquet,/Users/madhuram/tradebot-option-e2e-contract-reconstruction-v4/runtime/market_data/upstox/20260717/ticks_1784271159.parquet,2d090c8c783541724163aea42ec87ab6c04504356d9a55d0b78cfc84aaf1c1ca,upstox,quote,5736,549,146,True,True,True,True,True,True,True,True,True,False,True,False,False,NO_POINT_IN_TIME_INSTRUMENT_AUTHORITY
runtime/market_data/upstox/20260717/ticks_1784271171.parquet,/Users/madhuram/tradebot-option-e2e-contract-reconstruction-v4/runtime/market_data/upstox/20260717/ticks_1784271171.parquet,7c82c415c112f4ac1ef91b15a34074dde9944c072b193089ee71113f52452253,upstox,quote,5732,598,147,True,True,True,True,True,True,True,True,True,False,True,False,False,NO_POINT_IN_TIME_INSTRUMENT_AUTHORITY
runtime/market_data/upstox/20260717/ticks_1784271183.parquet,/Users/madhuram/tradebot-option-e2e-contract-reconstruction-v4/runtime/market_data/upstox/20260717/ticks_1784271183.parquet,22625051a8edfc5f61331290670c7eb11131ddaf6436bf17ba0cffa64ef5e741,upstox,quote,5411,559,141,True,True,True,True,True,True,True,True,True,False,True,False,False,NO_POINT_IN_TIME_INSTRUMENT_AUTHORITY
runtime/market_data/upstox/20260717/ticks_1784271195.parquet,/Users/madhuram/tradebot-option-e2e-contract-reconstruction-v4/runtime/market_data/upstox/20260717/ticks_1784271195.parquet,9feceafd7d39e4282e74d67028911e22a6bc99f3bf6df1fc19abe6181e8b6246,upstox,quote,5342,565,140,True,True,True,True,True,True,True,True,True,False,True,False,False,NO_POINT_IN_TIME_INSTRUMENT_AUTHORITY
runtime/market_data/upstox/20260717/ticks_1784271207.parquet,/Users/madhuram/tradebot-option-e2e-contract-reconstruction-v4/runtime/market_data/upstox/20260717/ticks_1784271207.parquet,09816420fc08899b3c9a710cd036807e95d7dac2b1601ff70c04929ff57b80b3,upstox,quote,5682,690,145,True,True,True,True,True,True,True,True,True,False,True,False,False,NO_POINT_IN_TIME_INSTRUMENT_AUTHORITY
runtime/market_data/upstox/20260717/ticks_1784271219.parquet,/Users/madhuram/tradebot-option-e2e-contract-reconstruction-v4/runtime/market_data/upstox/20260717/ticks_1784271219.parquet,25cf749df0d01c8cf58bf30379ad3049c818473bbb099986f2bf42d51facd26f,upstox,quote,5866,627,142,True,True,True,True,True,True,True,True,True,False,True,False,False,NO_POINT_IN_TIME_INSTRUMENT_AUTHORITY
runtime/market_data/upstox/20260717/ticks_1784271231.parquet,/Users/madhuram/tradebot-option-e2e-contract-reconstruction-v4/runtime/market_data/upstox/20260717/ticks_1784271231.parquet,190ca88fdbcf17179388408409fab3587a6eb0a958d702476d0f7a0af727de5b,upstox,quote,5573,604,151,True,True,True,True,True,True,True,True,True,False,True,False,False,NO_POINT_IN_TIME_INSTRUMENT_AUTHORITY
runtime/market_data/upstox/20260717/ticks_1784271243.parquet,/Users/madhuram/tradebot-option-e2e-contract-reconstruction-v4/runtime/market_data/upstox/20260717/ticks_1784271243.parquet,9e85bb5d3862d577106c5fe91e6ba4b48daae1dad18a76b5ae5ba4e01ae2205f,upstox,quote,5612,611,149,True,True,True,True,True,True,True,True,True,False,True,False,False,NO_POINT_IN_TIME_INSTRUMENT_AUTHORITY
runtime/market_data/upstox/20260717/ticks_1784271256.parquet,/Users/madhuram/tradebot-option-e2e-contract-reconstruction-v4/runtime/market_data/upstox/20260717/ticks_1784271256.parquet,5953d25fc0ced5db95efd90858718c4a993157b553e3a774482a2aa57162a7d8,upstox,quote,5376,565,144,True,True,True,True,True,True,True,True,True,False,True,False,False,NO_POINT_IN_TIME_INSTRUMENT_AUTHORITY
runtime/market_data/upstox/20260717/ticks_1784271268.parquet,/Users/madhuram/tradebot-option-e2e-contract-reconstruction-v4/runtime/market_data/upstox/20260717/ticks_1784271268.parquet,11a61ef283161c760e281a4bd5ca741cc354819964ab929b55d3cb5fe0615db3,upstox,quote,5615,638,140,True,True,True,True,True,True,True,True,True,False,True,False,False,NO_POINT_IN_TIME_INSTRUMENT_AUTHORITY
runtime/market_data/upstox/20260717/ticks_1784271280.parquet,/Users/madhuram/tradebot-option-e2e-contract-reconstruction-v4/runtime/market_data/upstox/20260717/ticks_1784271280.parquet,05b50f56ad7822acb7f55fb9ca979e4a0faf81677e8d7e8ef4ccb3089bdbcba2,upstox,quote,5593,607,136,True,True,True,True,True,True,True,True,True,False,True,False,False,NO_POINT_IN_TIME_INSTRUMENT_AUTHORITY
runtime/market_data/upstox/20260717/ticks_1784271292.parquet,/Users/madhuram/tradebot-option-e2e-contract-reconstruction-v4/runtime/market_data/upstox/20260717/ticks_1784271292.parquet,e5ee1c342186ffd1e1d7bbbb0c725e2bf4f1ccf8c33aaf1d154d57f5f3efa5a2,upstox,quote,5309,522,144,True,True,True,True,True,True,True,True,True,False,True,False,False,NO_POINT_IN_TIME_INSTRUMENT_AUTHORITY
runtime/market_data/upstox/20260717/ticks_1784271304.parquet,/Users/madhuram/tradebot-option-e2e-contract-reconstruction-v4/runtime/market_data/upstox/20260717/ticks_1784271304.parquet,3421e289ac512612e915d5da3224dd56d32f1e0f89007aac20bbc749cd2819c3,upstox,quote,5507,552,146,True,True,True,True,True,True,True,True,True,False,True,False,False,NO_POINT_IN_TIME_INSTRUMENT_AUTHORITY
runtime/market_data/upstox/20260717/ticks_1784271316.parquet,/Users/madhuram/tradebot-option-e2e-contract-reconstruction-v4/runtime/market_data/upstox/20260717/ticks_1784271316.parquet,083a262d8f1398f788a2c21446112f230bd136c5447338b17a567b05f57fb2c0,upstox,quote,6101,688,155,True,True,True,True,True,True,True,True,True,False,True,False,False,NO_POINT_IN_TIME_INSTRUMENT_AUTHORITY
runtime/market_data/upstox/20260717/ticks_1784271329.parquet,/Users/madhuram/tradebot-option-e2e-contract-reconstruction-v4/runtime/market_data/upstox/20260717/ticks_1784271329.parquet,70aaa72e7eb8c051cfacde367e3119c0625a94d75e68cd1d8890f16ac23a7798,upstox,quote,6001,549,155,True,True,True,True,True,True,True,True,True,False,True,False,False,NO_POINT_IN_TIME_INSTRUMENT_AUTHORITY
runtime/market_data/upstox/20260717/ticks_1784271341.parquet,/Users/madhuram/tradebot-option-e2e-contract-reconstruction-v4/runtime/market_data/upstox/20260717/ticks_1784271341.parquet,9e0d5f9a8f398e06ecfdbd51bf3b5cb81ca5ca39b1feb368aeacb68315e59c43,upstox,quote,6018,663,160,True,True,True,True,True,True,True,True,True,False,True,False,False,NO_POINT_IN_TIME_INSTRUMENT_AUTHORITY
runtime/market_data/upstox/20260717/ticks_1784271353.parquet,/Users/madhuram/tradebot-option-e2e-contract-reconstruction-v4/runtime/market_data/upstox/20260717/ticks_1784271353.parquet,6fb86634ad44ccafe5db9130b33efd506eff51b60f801043929d9b32fdaaeefa,upstox,quote,6113,664,159,True,True,True,True,True,True,True,True,True,False,True,False,False,NO_POINT_IN_TIME_INSTRUMENT_AUTHORITY
runtime/market_data/upstox/20260717/ticks_1784271365.parquet,/Users/madhuram/tradebot-option-e2e-contract-reconstruction-v4/runtime/market_data/upstox/20260717/ticks_1784271365.parquet,27013158b2c81fc26a77491623c164de7422a6b600697ef4afaec23461740842,upstox,quote,5938,595,150,True,True,True,True,True,True,True,True,True,False,True,False,False,NO_POINT_IN_TIME_INSTRUMENT_AUTHORITY
runtime/market_data/upstox/20260717/ticks_1784271377.parquet,/Users/madhuram/tradebot-option-e2e-contract-reconstruction-v4/runtime/market_data/upstox/20260717/ticks_1784271377.parquet,a4bba658733634a53866a28d7cecfd58e2681e1c47aef99524195271baf3aada,upstox,quote,5733,577,145,True,True,True,True,True,True,True,True,True,False,True,False,False,NO_POINT_IN_TIME_INSTRUMENT_AUTHORITY
runtime/market_data/upstox/20260717/ticks_1784271389.parquet,/Users/madhuram/tradebot-option-e2e-contract-reconstruction-v4/runtime/market_data/upstox/20260717/ticks_1784271389.parquet,4d2d5387f40c72adfa6b250b905eb9c24d238496509f2cdcde4eb111f50aac61,upstox,quote,5824,605,152,True,True,True,True,True,True,True,True,True,False,True,False,False,NO_POINT_IN_TIME_INSTRUMENT_AUTHORITY
runtime/market_data/upstox/20260717/ticks_1784271402.parquet,/Users/madhuram/tradebot-option-e2e-contract-reconstruction-v4/runtime/market_data/upstox/20260717/ticks_1784271402.parquet,e4cf51a7a547e33dc156253ef0c94a5aa72481ddaadca77685784863bfeff1b4,upstox,quote,5784,662,144,True,True,True,True,True,True,True,True,True,False,True,False,False,NO_POINT_IN_TIME_INSTRUMENT_AUTHORITY
runtime/market_data/upstox/20260717/ticks_1784271414.parquet,/Users/madhuram/tradebot-option-e2e-contract-reconstruction-v4/runtime/market_data/upstox/20260717/ticks_1784271414.parquet,823e83db188a5733ef1d76aae70f982126a25142ccfeb4e1c52b76dd132b7aee,upstox,quote,5719,516,149,True,True,True,True,True,True,True,True,True,False,True,False,False,NO_POINT_IN_TIME_INSTRUMENT_AUTHORITY
runtime/market_data/upstox/20260717/ticks_1784271426.parquet,/Users/madhuram/tradebot-option-e2e-contract-reconstruction-v4/runtime/market_data/upstox/20260717/ticks_1784271426.parquet,1c26520dac09a1a2d109aa752ab2a522c89e63c1763a43331e72bf6fdef5b38e,upstox,quote,5676,545,142,True,True,True,True,True,True,True,True,True,False,True,False,False,NO_POINT_IN_TIME_INSTRUMENT_AUTHORITY
runtime/market_data/upstox/20260717/ticks_1784271438.parquet,/Users/madhuram/tradebot-option-e2e-contract-reconstruction-v4/runtime/market_data/upstox/20260717/ticks_1784271438.parquet,c645f5d51995e71d330dd5877ad513f12fb8c7d78e92e56901a1b70d550a594d,upstox,quote,5738,649,142,True,True,True,True,True,True,True,True,True,False,True,False,False,NO_POINT_IN_TIME_INSTRUMENT_AUTHORITY
runtime/market_data/upstox/20260717/ticks_1784271450.parquet,/Users/madhuram/tradebot-option-e2e-contract-reconstruction-v4/runtime/market_data/upstox/20260717/ticks_1784271450.parquet,5fff8c334880245eb5ecf73de6d8c210b40be30cdc6283ec050ac5b75648c315,upstox,quote,5491,535,148,True,True,True,True,True,True,True,True,True,False,True,False,False,NO_POINT_IN_TIME_INSTRUMENT_AUTHORITY
runtime/market_data/upstox/20260717/ticks_1784271463.parquet,/Users/madhuram/tradebot-option-e2e-contract-reconstruction-v4/runtime/market_data/upstox/20260717/ticks_1784271463.parquet,8c001a78a1c29dcc26810f3295c03f51c0ac8028c02a4c05edf8a365b6732809,upstox,quote,5545,539,148,True,True,True,True,True,True,True,True,True,False,True,False,False,NO_POINT_IN_TIME_INSTRUMENT_AUTHORITY
runtime/market_data/upstox/20260717/ticks_1784271475.parquet,/Users/madhuram/tradebot-option-e2e-contract-reconstruction-v4/runtime/market_data/upstox/20260717/ticks_1784271475.parquet,f06c383c09f9a197be259c2b8b518ea7922107fd0e05e15bd38b5250f8b1ddd0,upstox,quote,5673,605,142,True,True,True,True,True,True,True,True,True,False,True,False,False,NO_POINT_IN_TIME_INSTRUMENT_AUTHORITY
runtime/market_data/upstox/20260717/ticks_1784271487.parquet,/Users/madhuram/tradebot-option-e2e-contract-reconstruction-v4/runtime/market_data/upstox/20260717/ticks_1784271487.parquet,58752de3dc66b182f8cd0c5224713a2267bb1492ab6d827d5a70327b7aafd77f,upstox,quote,5832,598,152,True,True,True,True,True,True,True,True,True,False,True,False,False,NO_POINT_IN_TIME_INSTRUMENT_AUTHORITY
runtime/market_data/upstox/20260717/ticks_1784271499.parquet,/Users/madhuram/tradebot-option-e2e-contract-reconstruction-v4/runtime/market_data/upstox/20260717/ticks_1784271499.parquet,148ffa3b3944475aa2ef6a8d6f577e6ff6e9425f4c0ba6b179259287a9c2330d,upstox,quote,5597,607,154,True,True,True,True,True,True,True,True,True,False,True,False,False,NO_POINT_IN_TIME_INSTRUMENT_AUTHORITY
runtime/market_data/upstox/20260717/ticks_1784271511.parquet,/Users/madhuram/tradebot-option-e2e-contract-reconstruction-v4/runtime/market_data/upstox/20260717/ticks_1784271511.parquet,a8223778b843b836b1d04782261ec188ef0104994bf4cd2261bf84f669cfda02,upstox,quote,5743,656,155,True,True,True,True,True,True,True,True,True,False,True,False,False,NO_POINT_IN_TIME_INSTRUMENT_AUTHORITY
runtime/market_data/upstox/20260717/ticks_1784271524.parquet,/Users/madhuram/tradebot-option-e2e-contract-reconstruction-v4/runtime/market_data/upstox/20260717/ticks_1784271524.parquet,b6fb56db006b9a5fd1c3d533b59c1e96cc499a024d37d3be5465031b684e6516,upstox,quote,5733,618,148,True,True,True,True,True,True,True,True,True,False,True,False,False,NO_POINT_IN_TIME_INSTRUMENT_AUTHORITY
runtime/market_data/upstox/20260717/ticks_1784271536.parquet,/Users/madhuram/tradebot-option-e2e-contract-reconstruction-v4/runtime/market_data/upstox/20260717/ticks_1784271536.parquet,557a57676115841f63bbddf8a3d4ba95ec12c2ea0799d7da37e90f60ad5becb3,upstox,quote,5295,553,151,True,True,True,True,True,True,True,True,True,False,True,False,False,NO_POINT_IN_TIME_INSTRUMENT_AUTHORITY
runtime/market_data/upstox/20260717/ticks_1784271548.parquet,/Users/madhuram/tradebot-option-e2e-contract-reconstruction-v4/runtime/market_data/upstox/20260717/ticks_1784271548.parquet,02abab1e0197aa757cd1c9a83e17db2a14d5c71fc77da46c19b713460755e4bc,upstox,quote,5592,587,153,True,True,True,True,True,True,True,True,True,False,True,False,False,NO_POINT_IN_TIME_INSTRUMENT_AUTHORITY
runtime/market_data/upstox/20260717/ticks_1784271560.parquet,/Users/madhuram/tradebot-option-e2e-contract-reconstruction-v4/runtime/market_data/upstox/20260717/ticks_1784271560.parquet,3bdca43688ab3380e62868789ef9728ea83bb8daa292f40ff7ed95102c4078f2,upstox,quote,5480,610,149,True,True,True,True,True,True,True,True,True,False,True,False,False,NO_POINT_IN_TIME_INSTRUMENT_AUTHORITY
runtime/market_data/upstox/20260717/ticks_1784271572.parquet,/Users/madhuram/tradebot-option-e2e-contract-reconstruction-v4/runtime/market_data/upstox/20260717/ticks_1784271572.parquet,35d0a71f0a224531bd2b41930ad82ef0d2109836f15f1c1e8119cfa16e0d6906,upstox,quote,5485,566,150,True,True,True,True,True,True,True,True,True,False,True,False,False,NO_POINT_IN_TIME_INSTRUMENT_AUTHORITY
runtime/market_data/upstox/20260717/ticks_1784271584.parquet,/Users/madhuram/tradebot-option-e2e-contract-reconstruction-v4/runtime/market_data/upstox/20260717/ticks_1784271584.parquet,9b371396f104b2535c4fbe7c6b9f82ee5ea381dbb007410748acf5dd99c37cab,upstox,quote,5217,559,141,True,True,True,True,True,True,True,True,True,False,True,False,False,NO_POINT_IN_TIME_INSTRUMENT_AUTHORITY
runtime/market_data/upstox/20260717/ticks_1784271597.parquet,/Users/madhuram/tradebot-option-e2e-contract-reconstruction-v4/runtime/market_data/upstox/20260717/ticks_1784271597.parquet,66c8ef3593cf3d94fb1b7d9f078ebf34709927c3622a21be873841766c19c5bf,upstox,quote,5202,559,146,True,True,True,True,True,True,True,True,True,False,True,False,False,NO_POINT_IN_TIME_INSTRUMENT_AUTHORITY
runtime/market_data/upstox/20260717/ticks_1784271609.parquet,/Users/madhuram/tradebot-option-e2e-contract-reconstruction-v4/runtime/market_data/upstox/20260717/ticks_1784271609.parquet,b734af12c3e58fea33a32131b742ef5f116c51396253b6cabb3546d88c5961e5,upstox,quote,5804,619,159,True,True,True,True,True,True,True,True,True,False,True,False,False,NO_POINT_IN_TIME_INSTRUMENT_AUTHORITY
runtime/market_data/upstox/20260717/ticks_1784271621.parquet,/Users/madhuram/tradebot-option-e2e-contract-reconstruction-v4/runtime/market_data/upstox/20260717/ticks_1784271621.parquet,5a25820a9f006d83d1e340120d38a47391970bf354e0cfce3509a0fd4388acfd,upstox,quote,5678,587,154,True,True,True,True,True,True,True,True,True,False,True,False,False,NO_POINT_IN_TIME_INSTRUMENT_AUTHORITY
runtime/market_data/upstox/20260717/ticks_1784271633.parquet,/Users/madhuram/tradebot-option-e2e-contract-reconstruction-v4/runtime/market_data/upstox/20260717/ticks_1784271633.parquet,96e217673a08a8d20dfc4cf8fc41bf47a79c36e1ae454b39177474b879724848,upstox,quote,5513,642,150,True,True,True,True,True,True,True,True,True,False,True,False,False,NO_POINT_IN_TIME_INSTRUMENT_AUTHORITY
runtime/market_data/upstox/20260717/ticks_1784271645.parquet,/Users/madhuram/tradebot-option-e2e-contract-reconstruction-v4/runtime/market_data/upstox/20260717/ticks_1784271645.parquet,106bf91229a2858769bea3af1b1beebdee428c0d1d252167f71709c9f4c5b870,upstox,quote,5674,643,144,True,True,True,True,True,True,True,True,True,False,True,False,False,NO_POINT_IN_TIME_INSTRUMENT_AUTHORITY
runtime/market_data/upstox/20260717/ticks_1784271658.parquet,/Users/madhuram/tradebot-option-e2e-contract-reconstruction-v4/runtime/market_data/upstox/20260717/ticks_1784271658.parquet,a23de41202d0873a57e11416d59c88d67a1d0054ec784b2d342e73c3e69f267d,upstox,quote,5485,660,142,True,True,True,True,True,True,True,True,True,False,True,False,False,NO_POINT_IN_TIME_INSTRUMENT_AUTHORITY
runtime/market_data/upstox/20260717/ticks_1784271670.parquet,/Users/madhuram/tradebot-option-e2e-contract-reconstruction-v4/runtime/market_data/upstox/20260717/ticks_1784271670.parquet,05871943766f7fdc227916b4e1e40d55286ddc598cdb8e0bacdb5e8d4e929338,upstox,quote,5507,530,143,True,True,True,True,True,True,True,True,True,False,True,False,False,NO_POINT_IN_TIME_INSTRUMENT_AUTHORITY
runtime/market_data/upstox/20260717/ticks_1784271682.parquet,/Users/madhuram/tradebot-option-e2e-contract-reconstruction-v4/runtime/market_data/upstox/20260717/ticks_1784271682.parquet,0387ab1949c8f436c11daa4693e84fe3e97274e9291a721a8e151b49b39f6b2c,upstox,quote,5516,611,140,True,True,True,True,True,True,True,True,True,False,True,False,False,NO_POINT_IN_TIME_INSTRUMENT_AUTHORITY
runtime/market_data/upstox/20260717/ticks_1784271694.parquet,/Users/madhuram/tradebot-option-e2e-contract-reconstruction-v4/runtime/market_data/upstox/20260717/ticks_1784271694.parquet,2cac53cb4fcb2df6f978cd0ca148fd6c28306c4ef5ba889144951a617c5fe48c,upstox,quote,5583,677,148,True,True,True,True,True,True,True,True,True,False,True,False,False,NO_POINT_IN_TIME_INSTRUMENT_AUTHORITY
runtime/market_data/upstox/20260717/ticks_1784271707.parquet,/Users/madhuram/tradebot-option-e2e-contract-reconstruction-v4/runtime/market_data/upstox/20260717/ticks_1784271707.parquet,87531e2eb87c413d729c747855a58a28743331b1ca7d4cd19292f83bf2a8a739,upstox,quote,5608,539,147,True,True,True,True,True,True,True,True,True,False,True,False,False,NO_POINT_IN_TIME_INSTRUMENT_AUTHORITY
runtime/market_data/upstox/20260717/ticks_1784271719.parquet,/Users/madhuram/tradebot-option-e2e-contract-reconstruction-v4/runtime/market_data/upstox/20260717/ticks_1784271719.parquet,232f698da07a2d64c490f7454eb81570d8d3af44991a0477c405b6e9938669b0,upstox,quote,5362,593,142,True,True,True,True,True,True,True,True,True,False,True,False,False,NO_POINT_IN_TIME_INSTRUMENT_AUTHORITY
runtime/market_data/upstox/20260717/ticks_1784271731.parquet,/Users/madhuram/tradebot-option-e2e-contract-reconstruction-v4/runtime/market_data/upstox/20260717/ticks_1784271731.parquet,df4c3f746765066f361beeb86d954da942e0ab2e3c60f1c3cb03056d3615ba6f,upstox,quote,5684,704,146,True,True,True,True,True,True,True,True,True,False,True,False,False,NO_POINT_IN_TIME_INSTRUMENT_AUTHORITY
runtime/market_data/upstox/20260717/ticks_1784271743.parquet,/Users/madhuram/tradebot-option-e2e-contract-reconstruction-v4/runtime/market_data/upstox/20260717/ticks_1784271743.parquet,126e30e196d9d3b2c844cf501d83ca775b5cb144b0d2805cbc50627b8846aa4b,upstox,quote,5465,522,147,True,True,True,True,True,True,True,True,True,False,True,False,False,NO_POINT_IN_TIME_INSTRUMENT_AUTHORITY
runtime/market_data/upstox/20260717/ticks_1784271755.parquet,/Users/madhuram/tradebot-option-e2e-contract-reconstruction-v4/runtime/market_data/upstox/20260717/ticks_1784271755.parquet,bb9f23dd8cc15c30165000675e700848e4339b7e44728620d282c2831fe3d885,upstox,quote,5680,555,140,True,True,True,True,True,True,True,True,True,False,True,False,False,NO_POINT_IN_TIME_INSTRUMENT_AUTHORITY
runtime/market_data/upstox/20260717/ticks_1784271768.parquet,/Users/madhuram/tradebot-option-e2e-contract-reconstruction-v4/runtime/market_data/upstox/20260717/ticks_1784271768.parquet,b9f34726df1677ce1b7757f2b9c8a77f75c5a857f032c3356cefd2641fbd55dd,upstox,quote,5356,641,144,True,True,True,True,True,True,True,True,True,False,True,False,False,NO_POINT_IN_TIME_INSTRUMENT_AUTHORITY
runtime/market_data/upstox/20260717/ticks_1784271780.parquet,/Users/madhuram/tradebot-option-e2e-contract-reconstruction-v4/runtime/market_data/upstox/20260717/ticks_1784271780.parquet,230713cb2ee788b729a9f3ca0275c3f7418413f064d6d8a33eec6a32618e6cc2,upstox,quote,5453,597,142,True,True,True,True,True,True,True,True,True,False,True,False,False,NO_POINT_IN_TIME_INSTRUMENT_AUTHORITY
runtime/market_data/upstox/20260717/ticks_1784271792.parquet,/Users/madhuram/tradebot-option-e2e-contract-reconstruction-v4/runtime/market_data/upstox/20260717/ticks_1784271792.parquet,45dae20d870136ceed02f823e8e2227928a1314d30e0d77438bf75d6d3d8de01,upstox,quote,5308,554,142,True,True,True,True,True,True,True,True,True,False,True,False,False,NO_POINT_IN_TIME_INSTRUMENT_AUTHORITY
runtime/market_data/upstox/20260717/ticks_1784271804.parquet,/Users/madhuram/tradebot-option-e2e-contract-reconstruction-v4/runtime/market_data/upstox/20260717/ticks_1784271804.parquet,92ba2d2cc00cab3fe923283bf539245abc65211de7566bcc6ebf74a6d59aa906,upstox,quote,5921,746,142,True,True,True,True,True,True,True,True,True,False,True,False,False,NO_POINT_IN_TIME_INSTRUMENT_AUTHORITY
runtime/market_data/upstox/20260717/ticks_1784271816.parquet,/Users/madhuram/tradebot-option-e2e-contract-reconstruction-v4/runtime/market_data/upstox/20260717/ticks_1784271816.parquet,bf13a6e850b6e7c52e999d027f8a6a7534bdb6f20f6360b263f06eb24655a513,upstox,quote,5443,519,145,True,True,True,True,True,True,True,True,True,False,True,False,False,NO_POINT_IN_TIME_INSTRUMENT_AUTHORITY
runtime/market_data/upstox/20260717/ticks_1784271828.parquet,/Users/madhuram/tradebot-option-e2e-contract-reconstruction-v4/runtime/market_data/upstox/20260717/ticks_1784271828.parquet,3628e7c37e9158e6ec1e85677b0ce8c37400c4755f6581f8c1ef4eca4c9af282,upstox,quote,5370,543,145,True,True,True,True,True,True,True,True,True,False,True,False,False,NO_POINT_IN_TIME_INSTRUMENT_AUTHORITY
runtime/market_data/upstox/20260717/ticks_1784271841.parquet,/Users/madhuram/tradebot-option-e2e-contract-reconstruction-v4/runtime/market_data/upstox/20260717/ticks_1784271841.parquet,dd405d397c4ac6902903ba1bff239c706bab90686d5666219491fc6caded3388,upstox,quote,5812,620,147,True,True,True,True,True,True,True,True,True,False,True,False,False,NO_POINT_IN_TIME_INSTRUMENT_AUTHORITY
runtime/market_data/upstox/20260717/ticks_1784271853.parquet,/Users/madhuram/tradebot-option-e2e-contract-reconstruction-v4/runtime/market_data/upstox/20260717/ticks_1784271853.parquet,0f41e315c330b54faafb08f6e6c8abd6a2611aa415646e21993d5950d14b958f,upstox,quote,5756,603,145,True,True,True,True,True,True,True,True,True,False,True,False,False,NO_POINT_IN_TIME_INSTRUMENT_AUTHORITY
runtime/market_data/upstox/20260717/ticks_1784271865.parquet,/Users/madhuram/tradebot-option-e2e-contract-reconstruction-v4/runtime/market_data/upstox/20260717/ticks_1784271865.parquet,037c434d669fcc5d0974a914fa0acf3a202130f6577e443848fb37fecba759b7,upstox,quote,5308,604,143,True,True,True,True,True,True,True,True,True,False,True,False,False,NO_POINT_IN_TIME_INSTRUMENT_AUTHORITY
runtime/market_data/upstox/20260717/ticks_1784271877.parquet,/Users/madhuram/tradebot-option-e2e-contract-reconstruction-v4/runtime/market_data/upstox/20260717/ticks_1784271877.parquet,8cd53f0a989ddfbec49f83c398dec0d3f9b482592f2d62b8169af9489cea20ed,upstox,quote,5541,592,149,True,True,True,True,True,True,True,True,True,False,True,False,False,NO_POINT_IN_TIME_INSTRUMENT_AUTHORITY
runtime/market_data/upstox/20260717/ticks_1784271889.parquet,/Users/madhuram/tradebot-option-e2e-contract-reconstruction-v4/runtime/market_data/upstox/20260717/ticks_1784271889.parquet,4edeaf05bb2a98da1878a3b318ff47b6257ac5d74e51598bc0df5a4db256eb10,upstox,quote,5391,576,138,True,True,True,True,True,True,True,True,True,False,True,False,False,NO_POINT_IN_TIME_INSTRUMENT_AUTHORITY
runtime/market_data/upstox/20260717/ticks_1784271901.parquet,/Users/madhuram/tradebot-option-e2e-contract-reconstruction-v4/runtime/market_data/upstox/20260717/ticks_1784271901.parquet,907737a5b9db06d5930470ae3a2d7a58bc57cab2927f110ca58f5c0b899a4203,upstox,quote,5614,538,140,True,True,True,True,True,True,True,True,True,False,True,False,False,NO_POINT_IN_TIME_INSTRUMENT_AUTHORITY
runtime/market_data/upstox/20260717/ticks_1784271914.parquet,/Users/madhuram/tradebot-option-e2e-contract-reconstruction-v4/runtime/market_data/upstox/20260717/ticks_1784271914.parquet,c42183e3f5d99d10f65c45fc988e5e3dcc3de2414b963eb90eaf5f6d5bfbdd6e,upstox,quote,5377,568,141,True,True,True,True,True,True,True,True,True,False,True,False,False,NO_POINT_IN_TIME_INSTRUMENT_AUTHORITY
runtime/market_data/upstox/20260717/ticks_1784271926.parquet,/Users/madhuram/tradebot-option-e2e-contract-reconstruction-v4/runtime/market_data/upstox/20260717/ticks_1784271926.parquet,45443670688a63eef66a8fe3cb6fcfb7cf8dc3345ef9009275baa9e4d95dac03,upstox,quote,5451,604,142,True,True,True,True,True,True,True,True,True,False,True,False,False,NO_POINT_IN_TIME_INSTRUMENT_AUTHORITY
runtime/market_data/upstox/20260717/ticks_1784271938.parquet,/Users/madhuram/tradebot-option-e2e-contract-reconstruction-v4/runtime/market_data/upstox/20260717/ticks_1784271938.parquet,61c6ec644275a8859a072da90897000cbce49ec9d816e29f6e8b72f9d2ace2b5,upstox,quote,5407,548,137,True,True,True,True,True,True,True,True,True,False,True,False,False,NO_POINT_IN_TIME_INSTRUMENT_AUTHORITY
runtime/market_data/upstox/20260717/ticks_1784271950.parquet,/Users/madhuram/tradebot-option-e2e-contract-reconstruction-v4/runtime/market_data/upstox/20260717/ticks_1784271950.parquet,de5cf7183ea648adc8ee5628c25273c799f91cedc979df1bf0c33d6c828db230,upstox,quote,5222,550,137,True,True,True,True,True,True,True,True,True,False,True,False,False,NO_POINT_IN_TIME_INSTRUMENT_AUTHORITY
runtime/market_data/upstox/20260717/ticks_1784271962.parquet,/Users/madhuram/tradebot-option-e2e-contract-reconstruction-v4/runtime/market_data/upstox/20260717/ticks_1784271962.parquet,dfc4cb464a30f4322ecf2dc08790c0371206cf811df8f0303dccb9a6253f9973,upstox,quote,5697,601,138,True,True,True,True,True,True,True,True,True,False,True,False,False,NO_POINT_IN_TIME_INSTRUMENT_AUTHORITY
runtime/market_data/upstox/20260717/ticks_1784271974.parquet,/Users/madhuram/tradebot-option-e2e-contract-reconstruction-v4/runtime/market_data/upstox/20260717/ticks_1784271974.parquet,c0f6ef904fe1dbd4d8501653e8fa8a44a0b6b8f4d59b04830c512938ff7dbbd0,upstox,quote,5609,622,137,True,True,True,True,True,True,True,True,True,False,True,False,False,NO_POINT_IN_TIME_INSTRUMENT_AUTHORITY
runtime/market_data/upstox/20260717/ticks_1784271987.parquet,/Users/madhuram/tradebot-option-e2e-contract-reconstruction-v4/runtime/market_data/upstox/20260717/ticks_1784271987.parquet,766ace695cefba1d1c0944054e34407ea8cb0bcb97e10f4153af6a8392f0af6a,upstox,quote,5546,608,141,True,True,True,True,True,True,True,True,True,False,True,False,False,NO_POINT_IN_TIME_INSTRUMENT_AUTHORITY
runtime/market_data/upstox/20260717/ticks_1784271999.parquet,/Users/madhuram/tradebot-option-e2e-contract-reconstruction-v4/runtime/market_data/upstox/20260717/ticks_1784271999.parquet,fa4b0326caf891822f49e5d7635ef3c9bfd58ffe406b42f3b84895ee57a38d66,upstox,quote,5725,577,141,True,True,True,True,True,True,True,True,True,False,True,False,False,NO_POINT_IN_TIME_INSTRUMENT_AUTHORITY
runtime/market_data/upstox/20260717/ticks_1784272011.parquet,/Users/madhuram/tradebot-option-e2e-contract-reconstruction-v4/runtime/market_data/upstox/20260717/ticks_1784272011.parquet,673ca98cd6f4a643b227e1c3eb3fa15de0f28b17b68a33172fa96eeb8adbd456,upstox,quote,5458,606,145,True,True,True,True,True,True,True,True,True,False,True,False,False,NO_POINT_IN_TIME_INSTRUMENT_AUTHORITY
runtime/market_data/upstox/20260717/ticks_1784272023.parquet,/Users/madhuram/tradebot-option-e2e-contract-reconstruction-v4/runtime/market_data/upstox/20260717/ticks_1784272023.parquet,479cee1541c72e0803ceea53113af0a16c992ac1b3b6d056f776c08357359744,upstox,quote,5380,550,139,True,True,True,True,True,True,True,True,True,False,True,False,False,NO_POINT_IN_TIME_INSTRUMENT_AUTHORITY
runtime/market_data/upstox/20260717/ticks_1784272035.parquet,/Users/madhuram/tradebot-option-e2e-contract-reconstruction-v4/runtime/market_data/upstox/20260717/ticks_1784272035.parquet,57175e1aa9bb78524887d70b33dccf08c8e5ff477301234debf0f45b8d392b5f,upstox,quote,5360,543,143,True,True,True,True,True,True,True,True,True,False,True,False,False,NO_POINT_IN_TIME_INSTRUMENT_AUTHORITY
runtime/market_data/upstox/20260717/ticks_1784272047.parquet,/Users/madhuram/tradebot-option-e2e-contract-reconstruction-v4/runtime/market_data/upstox/20260717/ticks_1784272047.parquet,68d9b65b12ef710728e2bf2fe59c5ccdbfc81999530a07b86c12ec9ff01d7f6d,upstox,quote,5439,627,135,True,True,True,True,True,True,True,True,True,False,True,False,False,NO_POINT_IN_TIME_INSTRUMENT_AUTHORITY
runtime/market_data/upstox/20260717/ticks_1784272060.parquet,/Users/madhuram/tradebot-option-e2e-contract-reconstruction-v4/runtime/market_data/upstox/20260717/ticks_1784272060.parquet,a0939b3a625f7b6905d3f79f64dc80d5b93e16d9e4cda455a489df7c194374b9,upstox,quote,5574,640,138,True,True,True,True,True,True,True,True,True,False,True,False,False,NO_POINT_IN_TIME_INSTRUMENT_AUTHORITY
runtime/market_data/upstox/20260717/ticks_1784272072.parquet,/Users/madhuram/tradebot-option-e2e-contract-reconstruction-v4/runtime/market_data/upstox/20260717/ticks_1784272072.parquet,d42b9969f05fd08c99713a891987248970bd3dc420bcd4b338f8b6b06a979a5f,upstox,quote,5743,515,139,True,True,True,True,True,True,True,True,True,False,True,False,False,NO_POINT_IN_TIME_INSTRUMENT_AUTHORITY
runtime/market_data/upstox/20260717/ticks_1784272084.parquet,/Users/madhuram/tradebot-option-e2e-contract-reconstruction-v4/runtime/market_data/upstox/20260717/ticks_1784272084.parquet,6d0d91132af0ed9b867a18223c548e55203ccdfa83809c1d16caa155dc7ca480,upstox,quote,5692,686,147,True,True,True,True,True,True,True,True,True,False,True,False,False,NO_POINT_IN_TIME_INSTRUMENT_AUTHORITY
runtime/market_data/upstox/20260717/ticks_1784272096.parquet,/Users/madhuram/tradebot-option-e2e-contract-reconstruction-v4/runtime/market_data/upstox/20260717/ticks_1784272096.parquet,d8ddcbaa1e3b4e93e53984137b0895128ce5df4287ac675e6f924afbe2fb312a,upstox,quote,5580,587,145,True,True,True,True,True,True,True,True,True,False,True,False,False,NO_POINT_IN_TIME_INSTRUMENT_AUTHORITY
runtime/market_data/upstox/20260717/ticks_1784272109.parquet,/Users/madhuram/tradebot-option-e2e-contract-reconstruction-v4/runtime/market_data/upstox/20260717/ticks_1784272109.parquet,e22a82f92e5aecdb4f68ab9daea03bd9c7b8919a84dba95fe924e85099958744,upstox,quote,5404,564,147,True,True,True,True,True,True,True,True,True,False,True,False,False,NO_POINT_IN_TIME_INSTRUMENT_AUTHORITY
runtime/market_data/upstox/20260717/ticks_1784272121.parquet,/Users/madhuram/tradebot-option-e2e-contract-reconstruction-v4/runtime/market_data/upstox/20260717/ticks_1784272121.parquet,0a838b0129f9f8016a2b0c096689551499d87116f93f85a9be4e2832ebf96c84,upstox,quote,5900,679,159,True,True,True,True,True,True,True,True,True,False,True,False,False,NO_POINT_IN_TIME_INSTRUMENT_AUTHORITY
runtime/market_data/upstox/20260717/ticks_1784272133.parquet,/Users/madhuram/tradebot-option-e2e-contract-reconstruction-v4/runtime/market_data/upstox/20260717/ticks_1784272133.parquet,84e2dded32db9cb40714dcdb35ae2eb3ba4559b0a6e32e7ae400709e9dfc83a3,upstox,quote,5643,559,145,True,True,True,True,True,True,True,True,True,False,True,False,False,NO_POINT_IN_TIME_INSTRUMENT_AUTHORITY
runtime/market_data/upstox/20260717/ticks_1784272145.parquet,/Users/madhuram/tradebot-option-e2e-contract-reconstruction-v4/runtime/market_data/upstox/20260717/ticks_1784272145.parquet,ec9e462d57c9a0adbea9285221a489d79e94f2cc2265ed4a25933712b66308e9,upstox,quote,5542,518,143,True,True,True,True,True,True,True,True,True,False,True,False,False,NO_POINT_IN_TIME_INSTRUMENT_AUTHORITY
runtime/market_data/upstox/20260717/ticks_1784272157.parquet,/Users/madhuram/tradebot-option-e2e-contract-reconstruction-v4/runtime/market_data/upstox/20260717/ticks_1784272157.parquet,c5e72a9c541d3f8832e168fccf0472bbe928132c1c1aea1fd191a4b17ce2825e,upstox,quote,5437,605,146,True,True,True,True,True,True,True,True,True,False,True,False,False,NO_POINT_IN_TIME_INSTRUMENT_AUTHORITY
runtime/market_data/upstox/20260717/ticks_1784272169.parquet,/Users/madhuram/tradebot-option-e2e-contract-reconstruction-v4/runtime/market_data/upstox/20260717/ticks_1784272169.parquet,ad704c67df188ffe3665c2c0d13ca43147c41b0166196ba47efc201c47b05188,upstox,quote,5494,610,149,True,True,True,True,True,True,True,True,True,False,True,False,False,NO_POINT_IN_TIME_INSTRUMENT_AUTHORITY
runtime/market_data/upstox/20260717/ticks_1784272182.parquet,/Users/madhuram/tradebot-option-e2e-contract-reconstruction-v4/runtime/market_data/upstox/20260717/ticks_1784272182.parquet,a9e36e21612a2bd02cb1fc53d1254604f23cd8a1d45db132ebf3d0f93a3577d1,upstox,quote,5426,517,140,True,True,True,True,True,True,True,True,True,False,True,False,False,NO_POINT_IN_TIME_INSTRUMENT_AUTHORITY
runtime/market_data/upstox/20260717/ticks_1784272194.parquet,/Users/madhuram/tradebot-option-e2e-contract-reconstruction-v4/runtime/market_data/upstox/20260717/ticks_1784272194.parquet,035a6ea212c08833cb36d9d9feb89891b64100553d40b97e862837527dea52bc,upstox,quote,5333,567,139,True,True,True,True,True,True,True,True,True,False,True,False,False,NO_POINT_IN_TIME_INSTRUMENT_AUTHORITY
runtime/market_data/upstox/20260717/ticks_1784272206.parquet,/Users/madhuram/tradebot-option-e2e-contract-reconstruction-v4/runtime/market_data/upstox/20260717/ticks_1784272206.parquet,2a9bbb3bb48e4f8ea90569a7dc1648bcf289b1a5ae86053c0ad081d004c4e487,upstox,quote,5627,636,148,True,True,True,True,True,True,True,True,True,False,True,False,False,NO_POINT_IN_TIME_INSTRUMENT_AUTHORITY
runtime/market_data/upstox/20260717/ticks_1784272218.parquet,/Users/madhuram/tradebot-option-e2e-contract-reconstruction-v4/runtime/market_data/upstox/20260717/ticks_1784272218.parquet,5ea10614ac315ada92ca1883080bfa628afce819d18cfa9ba1cfc9a4f8cf9b72,upstox,quote,5642,586,155,True,True,True,True,True,True,True,True,True,False,True,False,False,NO_POINT_IN_TIME_INSTRUMENT_AUTHORITY
runtime/market_data/upstox/20260717/ticks_1784272230.parquet,/Users/madhuram/tradebot-option-e2e-contract-reconstruction-v4/runtime/market_data/upstox/20260717/ticks_1784272230.parquet,3c3b406a5fe4905a0acef806a61d947d05e222b3e9b543b115ffa65cf6c04a35,upstox,quote,5215,625,157,True,True,True,True,True,True,True,True,True,False,True,False,False,NO_POINT_IN_TIME_INSTRUMENT_AUTHORITY
runtime/market_data/upstox/20260717/ticks_1784272242.parquet,/Users/madhuram/tradebot-option-e2e-contract-reconstruction-v4/runtime/market_data/upstox/20260717/ticks_1784272242.parquet,3469ea854784c61066fe0e56144c3c2bd256462311055c93b38924b97de68f54,upstox,quote,5624,662,150,True,True,True,True,True,True,True,True,True,False,True,False,False,NO_POINT_IN_TIME_INSTRUMENT_AUTHORITY
runtime/market_data/upstox/20260717/ticks_1784272254.parquet,/Users/madhuram/tradebot-option-e2e-contract-reconstruction-v4/runtime/market_data/upstox/20260717/ticks_1784272254.parquet,fff0a9717f07382d5ed7a2799afc5ea9763173841b913a97c2fef7b3f1b27a02,upstox,quote,5748,566,154,True,True,True,True,True,True,True,True,True,False,True,False,False,NO_POINT_IN_TIME_INSTRUMENT_AUTHORITY
runtime/market_data/upstox/20260717/ticks_1784272266.parquet,/Users/madhuram/tradebot-option-e2e-contract-reconstruction-v4/runtime/market_data/upstox/20260717/ticks_1784272266.parquet,b443d68345bf85b8c8924983417e311792912b6edcf8d00aad78315ae1473959,upstox,quote,6121,579,152,True,True,True,True,True,True,True,True,True,False,True,False,False,NO_POINT_IN_TIME_INSTRUMENT_AUTHORITY
runtime/market_data/upstox/20260717/ticks_1784272279.parquet,/Users/madhuram/tradebot-option-e2e-contract-reconstruction-v4/runtime/market_data/upstox/20260717/ticks_1784272279.parquet,9de42d70b3c42aad3a5ccf2f1364b5be5a3fecd4d56b0dd72174d170c57a41cd,upstox,quote,6045,581,156,True,True,True,True,True,True,True,True,True,False,True,False,False,NO_POINT_IN_TIME_INSTRUMENT_AUTHORITY
runtime/market_data/upstox/20260717/ticks_1784272291.parquet,/Users/madhuram/tradebot-option-e2e-contract-reconstruction-v4/runtime/market_data/upstox/20260717/ticks_1784272291.parquet,62f020a2ad29c007579e837957cc1eee65f179a621ade766ceb39d2cf6ffad1f,upstox,quote,6376,623,152,True,True,True,True,True,True,True,True,True,False,True,False,False,NO_POINT_IN_TIME_INSTRUMENT_AUTHORITY
runtime/market_data/upstox/20260717/ticks_1784272303.parquet,/Users/madhuram/tradebot-option-e2e-contract-reconstruction-v4/runtime/market_data/upstox/20260717/ticks_1784272303.parquet,dd7edf022b5173dddfc198a29967e5a3ad47501c779fadc8b31c7c7a3feee8d8,upstox,quote,5611,554,153,True,True,True,True,True,True,True,True,True,False,True,False,False,NO_POINT_IN_TIME_INSTRUMENT_AUTHORITY
runtime/market_data/upstox/20260717/ticks_1784272315.parquet,/Users/madhuram/tradebot-option-e2e-contract-reconstruction-v4/runtime/market_data/upstox/20260717/ticks_1784272315.parquet,3d020029ef0ea991dff2bb5cca6d7936250def3390de54d7ef1e9890e7cf34e6,upstox,quote,5742,575,152,True,True,True,True,True,True,True,True,True,False,True,False,False,NO_POINT_IN_TIME_INSTRUMENT_AUTHORITY
runtime/market_data/upstox/20260717/ticks_1784272328.parquet,/Users/madhuram/tradebot-option-e2e-contract-reconstruction-v4/runtime/market_data/upstox/20260717/ticks_1784272328.parquet,b3667fbc90c17ac9cb66d56d5a25c7b09f360d30807def568de3ea249f39e69c,upstox,quote,6144,610,158,True,True,True,True,True,True,True,True,True,False,True,False,False,NO_POINT_IN_TIME_INSTRUMENT_AUTHORITY
runtime/market_data/upstox/20260717/ticks_1784272340.parquet,/Users/madhuram/tradebot-option-e2e-contract-reconstruction-v4/runtime/market_data/upstox/20260717/ticks_1784272340.parquet,d10fda99a47387f191fde5341fa09c561c4d43e4064d48ee6e0937d02b665642,upstox,quote,5784,625,149,True,True,True,True,True,True,True,True,True,False,True,False,False,NO_POINT_IN_TIME_INSTRUMENT_AUTHORITY
runtime/market_data/upstox/20260717/ticks_1784272352.parquet,/Users/madhuram/tradebot-option-e2e-contract-reconstruction-v4/runtime/market_data/upstox/20260717/ticks_1784272352.parquet,42bba24ebef6b72757a18453829630d43a7b1358f644214e4eaa9cfd43fc6013,upstox,quote,5865,621,143,True,True,True,True,True,True,True,True,True,False,True,False,False,NO_POINT_IN_TIME_INSTRUMENT_AUTHORITY
runtime/market_data/upstox/20260717/ticks_1784272365.parquet,/Users/madhuram/tradebot-option-e2e-contract-reconstruction-v4/runtime/market_data/upstox/20260717/ticks_1784272365.parquet,269545700cd48f9cea28e7ec71320a74061c8d5da42f0e01e60fb751a6312285,upstox,quote,5568,530,141,True,True,True,True,True,True,True,True,True,False,True,False,False,NO_POINT_IN_TIME_INSTRUMENT_AUTHORITY
runtime/market_data/upstox/20260717/ticks_1784272377.parquet,/Users/madhuram/tradebot-option-e2e-contract-reconstruction-v4/runtime/market_data/upstox/20260717/ticks_1784272377.parquet,29ca87ad7c4432df3bd7bbe0becd21d450be1fb853c8d6fc1b59162daf182bc0,upstox,quote,5617,596,143,True,True,True,True,True,True,True,True,True,False,True,False,False,NO_POINT_IN_TIME_INSTRUMENT_AUTHORITY
runtime/market_data/upstox/20260717/ticks_1784272389.parquet,/Users/madhuram/tradebot-option-e2e-contract-reconstruction-v4/runtime/market_data/upstox/20260717/ticks_1784272389.parquet,c9c16abe58ab6e51cf62d19c1599a617f9e5c99bbaf63a3c558afca599dd7de0,upstox,quote,6178,575,145,True,True,True,True,True,True,True,True,True,False,True,False,False,NO_POINT_IN_TIME_INSTRUMENT_AUTHORITY
runtime/market_data/upstox/20260717/ticks_1784272401.parquet,/Users/madhuram/tradebot-option-e2e-contract-reconstruction-v4/runtime/market_data/upstox/20260717/ticks_1784272401.parquet,0e28456809133c04a3fe2871353f9aef31a9ec3cf1e3c284268b6213c6803076,upstox,quote,5516,518,143,True,True,True,True,True,True,True,True,True,False,True,False,False,NO_POINT_IN_TIME_INSTRUMENT_AUTHORITY
runtime/market_data/upstox/20260717/ticks_1784272413.parquet,/Users/madhuram/tradebot-option-e2e-contract-reconstruction-v4/runtime/market_data/upstox/20260717/ticks_1784272413.parquet,dd7f297878794a982dfc68b20f053b3f61909280c521f7b3abfb768d16c7b6bd,upstox,quote,5622,619,140,True,True,True,True,True,True,True,True,True,False,True,False,False,NO_POINT_IN_TIME_INSTRUMENT_AUTHORITY
runtime/market_data/upstox/20260717/ticks_1784272425.parquet,/Users/madhuram/tradebot-option-e2e-contract-reconstruction-v4/runtime/market_data/upstox/20260717/ticks_1784272425.parquet,ee3e4b8e7545265026539331cbe31e3726cd9ea558485945bf52c190e4c7b99a,upstox,quote,5738,583,145,True,True,True,True,True,True,True,True,True,False,True,False,False,NO_POINT_IN_TIME_INSTRUMENT_AUTHORITY
runtime/market_data/upstox/20260717/ticks_1784272437.parquet,/Users/madhuram/tradebot-option-e2e-contract-reconstruction-v4/runtime/market_data/upstox/20260717/ticks_1784272437.parquet,1fface5e94c98fe41cea3919d2f270a3d45205fe5f3409dbfb1f0a08bee3b562,upstox,quote,5627,517,142,True,True,True,True,True,True,True,True,True,False,True,False,False,NO_POINT_IN_TIME_INSTRUMENT_AUTHORITY
runtime/market_data/upstox/20260717/ticks_1784272450.parquet,/Users/madhuram/tradebot-option-e2e-contract-reconstruction-v4/runtime/market_data/upstox/20260717/ticks_1784272450.parquet,68b62902c19065959aab0e4de94906f05307a1c14710ae467c0d8165f07f7d36,upstox,quote,5514,580,138,True,True,True,True,True,True,True,True,True,False,True,False,False,NO_POINT_IN_TIME_INSTRUMENT_AUTHORITY
runtime/market_data/upstox/20260717/ticks_1784272462.parquet,/Users/madhuram/tradebot-option-e2e-contract-reconstruction-v4/runtime/market_data/upstox/20260717/ticks_1784272462.parquet,a5421495cb3ee8ce7f34f9e1d66fc19372f8afe101f7867ed434a6d7d987969e,upstox,quote,5313,692,140,True,True,True,True,True,True,True,True,True,False,True,False,False,NO_POINT_IN_TIME_INSTRUMENT_AUTHORITY
runtime/market_data/upstox/20260717/ticks_1784272474.parquet,/Users/madhuram/tradebot-option-e2e-contract-reconstruction-v4/runtime/market_data/upstox/20260717/ticks_1784272474.parquet,251003c2eb527f1b709406920d61ec5eeaa7bdc3fc060f03bfcd909b6fd5b90c,upstox,quote,5331,576,147,True,True,True,True,True,True,True,True,True,False,True,False,False,NO_POINT_IN_TIME_INSTRUMENT_AUTHORITY
runtime/market_data/upstox/20260717/ticks_1784272486.parquet,/Users/madhuram/tradebot-option-e2e-contract-reconstruction-v4/runtime/market_data/upstox/20260717/ticks_1784272486.parquet,7e76f451e38bb7daa946ef23033f04765ce181b7a167029d6507b8a9f16b8bed,upstox,quote,4952,505,141,True,True,True,True,True,True,True,True,True,False,True,False,False,NO_POINT_IN_TIME_INSTRUMENT_AUTHORITY
runtime/market_data/upstox/20260717/ticks_1784272499.parquet,/Users/madhuram/tradebot-option-e2e-contract-reconstruction-v4/runtime/market_data/upstox/20260717/ticks_1784272499.parquet,00d0bf5820b9e4647a3cf7100005c9bbb14546134ff1e69c48fcb8577cbfec88,upstox,quote,5589,686,150,True,True,True,True,True,True,True,True,True,False,True,False,False,NO_POINT_IN_TIME_INSTRUMENT_AUTHORITY
runtime/market_data/upstox/20260717/ticks_1784272511.parquet,/Users/madhuram/tradebot-option-e2e-contract-reconstruction-v4/runtime/market_data/upstox/20260717/ticks_1784272511.parquet,a148b77f5e3e9706bfcfcbdc1ab8b9724b1d4bb567aeed203a16831a0ab9f1d8,upstox,quote,5547,519,144,True,True,True,True,True,True,True,True,True,False,True,False,False,NO_POINT_IN_TIME_INSTRUMENT_AUTHORITY
runtime/market_data/upstox/20260717/ticks_1784272523.parquet,/Users/madhuram/tradebot-option-e2e-contract-reconstruction-v4/runtime/market_data/upstox/20260717/ticks_1784272523.parquet,5d2dc1682ddb0a9b42d619799d04f7f3b555fe303ca679ec32b3a06fb9655275,upstox,quote,5648,615,151,True,True,True,True,True,True,True,True,True,False,True,False,False,NO_POINT_IN_TIME_INSTRUMENT_AUTHORITY
runtime/market_data/upstox/20260717/ticks_1784272535.parquet,/Users/madhuram/tradebot-option-e2e-contract-reconstruction-v4/runtime/market_data/upstox/20260717/ticks_1784272535.parquet,82942e27708866176495dfd1d9249d8f8cc2cb7967b693ac1e7b9942a10a9368,upstox,quote,5950,764,150,True,True,True,True,True,True,True,True,True,False,True,False,False,NO_POINT_IN_TIME_INSTRUMENT_AUTHORITY
runtime/market_data/upstox/20260717/ticks_1784272547.parquet,/Users/madhuram/tradebot-option-e2e-contract-reconstruction-v4/runtime/market_data/upstox/20260717/ticks_1784272547.parquet,6b1bd808750f230e14e0ab243fb1eee43713e7db80b202d3c97c1389d5bf59a7,upstox,quote,5667,530,154,True,True,True,True,True,True,True,True,True,False,True,False,False,NO_POINT_IN_TIME_INSTRUMENT_AUTHORITY
runtime/market_data/upstox/20260717/ticks_1784272559.parquet,/Users/madhuram/tradebot-option-e2e-contract-reconstruction-v4/runtime/market_data/upstox/20260717/ticks_1784272559.parquet,f86fe6e724141de5683a3bf0c7bef0d6a51c28d4d381cc4d7655fe0075dae7e8,upstox,quote,5682,536,158,True,True,True,True,True,True,True,True,True,False,True,False,False,NO_POINT_IN_TIME_INSTRUMENT_AUTHORITY
runtime/market_data/upstox/20260717/ticks_1784272571.parquet,/Users/madhuram/tradebot-option-e2e-contract-reconstruction-v4/runtime/market_data/upstox/20260717/ticks_1784272571.parquet,15b6d2d3637eeea0acca757a8bd977cefc4c9105d0df2955d3c06764f6f22cbe,upstox,quote,5813,642,148,True,True,True,True,True,True,True,True,True,False,True,False,False,NO_POINT_IN_TIME_INSTRUMENT_AUTHORITY
runtime/market_data/upstox/20260717/ticks_1784272583.parquet,/Users/madhuram/tradebot-option-e2e-contract-reconstruction-v4/runtime/market_data/upstox/20260717/ticks_1784272583.parquet,30225ba2482b00ef514e0e919578aded5b9fbfe3aabee63f0ffbc47374b1d6bb,upstox,quote,5663,664,149,True,True,True,True,True,True,True,True,True,False,True,False,False,NO_POINT_IN_TIME_INSTRUMENT_AUTHORITY
runtime/market_data/upstox/20260717/ticks_1784272596.parquet,/Users/madhuram/tradebot-option-e2e-contract-reconstruction-v4/runtime/market_data/upstox/20260717/ticks_1784272596.parquet,2ae334225b39f1c9850fb57f13850bf754467e1a5fb1d265f56bc6cd691a1bf4,upstox,quote,5588,634,144,True,True,True,True,True,True,True,True,True,False,True,False,False,NO_POINT_IN_TIME_INSTRUMENT_AUTHORITY
runtime/market_data/upstox/20260717/ticks_1784272608.parquet,/Users/madhuram/tradebot-option-e2e-contract-reconstruction-v4/runtime/market_data/upstox/20260717/ticks_1784272608.parquet,d4233ebd5168f0facd5ffc6acbc3609d5aa1390a57c9528ab4e99fc5d995f9ca,upstox,quote,5538,596,145,True,True,True,True,True,True,True,True,True,False,True,False,False,NO_POINT_IN_TIME_INSTRUMENT_AUTHORITY
runtime/market_data/upstox/20260717/ticks_1784272620.parquet,/Users/madhuram/tradebot-option-e2e-contract-reconstruction-v4/runtime/market_data/upstox/20260717/ticks_1784272620.parquet,70c355002441ec268a1ed3609ec63ce5d746d37d950374585ce5ee613aaad638,upstox,quote,5714,596,153,True,True,True,True,True,True,True,True,True,False,True,False,False,NO_POINT_IN_TIME_INSTRUMENT_AUTHORITY
runtime/market_data/upstox/20260717/ticks_1784272632.parquet,/Users/madhuram/tradebot-option-e2e-contract-reconstruction-v4/runtime/market_data/upstox/20260717/ticks_1784272632.parquet,61bb99c754fd59d501eaee7748e52df50e441ec4d40737c8f7c1584ea1192047,upstox,quote,5806,570,149,True,True,True,True,True,True,True,True,True,False,True,False,False,NO_POINT_IN_TIME_INSTRUMENT_AUTHORITY
runtime/market_data/upstox/20260717/ticks_1784272644.parquet,/Users/madhuram/tradebot-option-e2e-contract-reconstruction-v4/runtime/market_data/upstox/20260717/ticks_1784272644.parquet,5a999227bdec1064e2913c188599812043959d33bad7b0afccf3a4c6248cd597,upstox,quote,5333,559,143,True,True,True,True,True,True,True,True,True,False,True,False,False,NO_POINT_IN_TIME_INSTRUMENT_AUTHORITY
runtime/market_data/upstox/20260717/ticks_1784272657.parquet,/Users/madhuram/tradebot-option-e2e-contract-reconstruction-v4/runtime/market_data/upstox/20260717/ticks_1784272657.parquet,9e0616ff93685daa2def8a3924b18d46369c9eeb0144a574836de5d4b2d0a07b,upstox,quote,5778,694,144,True,True,True,True,True,True,True,True,True,False,True,False,False,NO_POINT_IN_TIME_INSTRUMENT_AUTHORITY
runtime/market_data/upstox/20260717/ticks_1784272669.parquet,/Users/madhuram/tradebot-option-e2e-contract-reconstruction-v4/runtime/market_data/upstox/20260717/ticks_1784272669.parquet,4dc24693df279fb470b5c6ab798f913dd0d9cc735036a4218ac123a41c17e914,upstox,quote,5484,570,146,True,True,True,True,True,True,True,True,True,False,True,False,False,NO_POINT_IN_TIME_INSTRUMENT_AUTHORITY
runtime/market_data/upstox/20260717/ticks_1784272681.parquet,/Users/madhuram/tradebot-option-e2e-contract-reconstruction-v4/runtime/market_data/upstox/20260717/ticks_1784272681.parquet,c70d8fbd3765c7705ec5e504c19185010b63562ccc0184305397fec9c8534191,upstox,quote,5757,553,144,True,True,True,True,True,True,True,True,True,False,True,False,False,NO_POINT_IN_TIME_INSTRUMENT_AUTHORITY
runtime/market_data/upstox/20260717/ticks_1784272693.parquet,/Users/madhuram/tradebot-option-e2e-contract-reconstruction-v4/runtime/market_data/upstox/20260717/ticks_1784272693.parquet,c3b4dd11b829dcd2c7a6e5de2b60b507c64a4f59f89e34b7faa059d0827b7ad0,upstox,quote,5874,682,152,True,True,True,True,True,True,True,True,True,False,True,False,False,NO_POINT_IN_TIME_INSTRUMENT_AUTHORITY
runtime/market_data/upstox/20260717/ticks_1784272706.parquet,/Users/madhuram/tradebot-option-e2e-contract-reconstruction-v4/runtime/market_data/upstox/20260717/ticks_1784272706.parquet,ed933cdf74c8f208e8fbca38e8aed60c0104486e671a61be2ec4b9d03c1c64db,upstox,quote,5866,641,148,True,True,True,True,True,True,True,True,True,False,True,False,False,NO_POINT_IN_TIME_INSTRUMENT_AUTHORITY
runtime/market_data/upstox/20260717/ticks_1784272718.parquet,/Users/madhuram/tradebot-option-e2e-contract-reconstruction-v4/runtime/market_data/upstox/20260717/ticks_1784272718.parquet,a49331ef07fcd94a4e10ba8b264ab4d0839a5df0fc706db15532db58b8832d7a,upstox,quote,5831,544,139,True,True,True,True,True,True,True,True,True,False,True,False,False,NO_POINT_IN_TIME_INSTRUMENT_AUTHORITY
runtime/market_data/upstox/20260717/ticks_1784272730.parquet,/Users/madhuram/tradebot-option-e2e-contract-reconstruction-v4/runtime/market_data/upstox/20260717/ticks_1784272730.parquet,6a3803a1a76fe93623db2cbf464c0c5bbec21476682e25dc7c788e4b6a863e9c,upstox,quote,5581,572,142,True,True,True,True,True,True,True,True,True,False,True,False,False,NO_POINT_IN_TIME_INSTRUMENT_AUTHORITY
runtime/market_data/upstox/20260717/ticks_1784272743.parquet,/Users/madhuram/tradebot-option-e2e-contract-reconstruction-v4/runtime/market_data/upstox/20260717/ticks_1784272743.parquet,8d48ea5118d76c10e5509ebc07fb5cc79fa334afaff29e6dfa171a435f9b814b,upstox,quote,6210,624,149,True,True,True,True,True,True,True,True,True,False,True,False,False,NO_POINT_IN_TIME_INSTRUMENT_AUTHORITY
runtime/market_data/upstox/20260717/ticks_1784272755.parquet,/Users/madhuram/tradebot-option-e2e-contract-reconstruction-v4/runtime/market_data/upstox/20260717/ticks_1784272755.parquet,604311e0592e93087bb8ba1a796ce22270700b2c5a2266e17c709048de3d49c8,upstox,quote,6186,557,157,True,True,True,True,True,True,True,True,True,False,True,False,False,NO_POINT_IN_TIME_INSTRUMENT_AUTHORITY
runtime/market_data/upstox/20260717/ticks_1784272767.parquet,/Users/madhuram/tradebot-option-e2e-contract-reconstruction-v4/runtime/market_data/upstox/20260717/ticks_1784272767.parquet,7f7415841e35b953964c22bb05ebcb0fa43c12679a6de79b343756e33c07b03e,upstox,quote,6040,537,151,True,True,True,True,True,True,True,True,True,False,True,False,False,NO_POINT_IN_TIME_INSTRUMENT_AUTHORITY
runtime/market_data/upstox/20260717/ticks_1784272779.parquet,/Users/madhuram/tradebot-option-e2e-contract-reconstruction-v4/runtime/market_data/upstox/20260717/ticks_1784272779.parquet,e6776cef3b72658a2b3e91b3d2a94f590a2eeebf8e584c92ba8b36429c066fa7,upstox,quote,7283,765,156,True,True,True,True,True,True,True,True,True,False,True,False,False,NO_POINT_IN_TIME_INSTRUMENT_AUTHORITY
runtime/market_data/upstox/20260717/ticks_1784272791.parquet,/Users/madhuram/tradebot-option-e2e-contract-reconstruction-v4/runtime/market_data/upstox/20260717/ticks_1784272791.parquet,c193629a4f285b1423644f1dcf2a22d3a7d4bce75aa9c100bf450a2812f31623,upstox,quote,6378,593,160,True,True,True,True,True,True,True,True,True,False,True,False,False,NO_POINT_IN_TIME_INSTRUMENT_AUTHORITY
runtime/market_data/upstox/20260717/ticks_1784272803.parquet,/Users/madhuram/tradebot-option-e2e-contract-reconstruction-v4/runtime/market_data/upstox/20260717/ticks_1784272803.parquet,dfc14eac1b264d767522c919112bb71218211e0e6aa5ef22f995f02dba4b3583,upstox,quote,6578,555,156,True,True,True,True,True,True,True,True,True,False,True,False,False,NO_POINT_IN_TIME_INSTRUMENT_AUTHORITY
runtime/market_data/upstox/20260717/ticks_1784272815.parquet,/Users/madhuram/tradebot-option-e2e-contract-reconstruction-v4/runtime/market_data/upstox/20260717/ticks_1784272815.parquet,969c19e27aea76f346b5a31bcffae480451e0aeed43cdbe7fc734feb13b5ffc0,upstox,quote,6272,671,158,True,True,True,True,True,True,True,True,True,False,True,False,False,NO_POINT_IN_TIME_INSTRUMENT_AUTHORITY
runtime/market_data/upstox/20260717/ticks_1784272827.parquet,/Users/madhuram/tradebot-option-e2e-contract-reconstruction-v4/runtime/market_data/upstox/20260717/ticks_1784272827.parquet,a1d224df43e7d613425d230e1cb90fc18c46ac1a7a005aca89f89741ac95f333,upstox,quote,6353,704,157,True,True,True,True,True,True,True,True,True,False,True,False,False,NO_POINT_IN_TIME_INSTRUMENT_AUTHORITY
runtime/market_data/upstox/20260717/ticks_1784272839.parquet,/Users/madhuram/tradebot-option-e2e-contract-reconstruction-v4/runtime/market_data/upstox/20260717/ticks_1784272839.parquet,286f062d171b9a94e0b201150dce2f74b1250f8fdc0f9a26f3edbdebf3ee7489,upstox,quote,6266,547,155,True,True,True,True,True,True,True,True,True,False,True,False,False,NO_POINT_IN_TIME_INSTRUMENT_AUTHORITY
runtime/market_data/upstox/20260717/ticks_1784272852.parquet,/Users/madhuram/tradebot-option-e2e-contract-reconstruction-v4/runtime/market_data/upstox/20260717/ticks_1784272852.parquet,00097da10348b6507d047335baf756930e6c5365fb0d717127f7ee4b1a0be3e0,upstox,quote,5795,535,154,True,True,True,True,True,True,True,True,True,False,True,False,False,NO_POINT_IN_TIME_INSTRUMENT_AUTHORITY
runtime/market_data/upstox/20260717/ticks_1784272864.parquet,/Users/madhuram/tradebot-option-e2e-contract-reconstruction-v4/runtime/market_data/upstox/20260717/ticks_1784272864.parquet,735c099ed361a290d30878e85e1985e7d40f7bedc4f2be85c2c24425aef77f88,upstox,quote,6344,679,153,True,True,True,True,True,True,True,True,True,False,True,False,False,NO_POINT_IN_TIME_INSTRUMENT_AUTHORITY
runtime/market_data/upstox/20260717/ticks_1784272876.parquet,/Users/madhuram/tradebot-option-e2e-contract-reconstruction-v4/runtime/market_data/upstox/20260717/ticks_1784272876.parquet,ad3cd894c416eb8e9edc1ad55bc71250ea49abe3ab5958f9679aa94fb630e076,upstox,quote,6083,561,156,True,True,True,True,True,True,True,True,True,False,True,False,False,NO_POINT_IN_TIME_INSTRUMENT_AUTHORITY
runtime/market_data/upstox/20260717/ticks_1784272888.parquet,/Users/madhuram/tradebot-option-e2e-contract-reconstruction-v4/runtime/market_data/upstox/20260717/ticks_1784272888.parquet,e8af66a5725492dee233db21cc4d405fd51e9aaf43912cf38b0971294253ee1a,upstox,quote,6069,530,151,True,True,True,True,True,True,True,True,True,False,True,False,False,NO_POINT_IN_TIME_INSTRUMENT_AUTHORITY
runtime/market_data/upstox/20260717/ticks_1784272900.parquet,/Users/madhuram/tradebot-option-e2e-contract-reconstruction-v4/runtime/market_data/upstox/20260717/ticks_1784272900.parquet,42b1b10621c3cf643eb92f24a0dc750d76f431245cfb9abdcb1f7633afbf9e66,upstox,quote,6038,590,157,True,True,True,True,True,True,True,True,True,False,True,False,False,NO_POINT_IN_TIME_INSTRUMENT_AUTHORITY
runtime/market_data/upstox/20260717/ticks_1784272912.parquet,/Users/madhuram/tradebot-option-e2e-contract-reconstruction-v4/runtime/market_data/upstox/20260717/ticks_1784272912.parquet,841a61159b5c3af2c5e01ef1b01eb980c0e0d44bbebd88629a40d03d252d5546,upstox,quote,6116,675,158,True,True,True,True,True,True,True,True,True,False,True,False,False,NO_POINT_IN_TIME_INSTRUMENT_AUTHORITY
runtime/market_data/upstox/20260717/ticks_1784272924.parquet,/Users/madhuram/tradebot-option-e2e-contract-reconstruction-v4/runtime/market_data/upstox/20260717/ticks_1784272924.parquet,ca50e326252fdff1335a508346cbcec215198ab779727130e627070d36c3b371,upstox,quote,6074,537,151,True,True,True,True,True,True,True,True,True,False,True,False,False,NO_POINT_IN_TIME_INSTRUMENT_AUTHORITY
runtime/market_data/upstox/20260717/ticks_1784272937.parquet,/Users/madhuram/tradebot-option-e2e-contract-reconstruction-v4/runtime/market_data/upstox/20260717/ticks_1784272937.parquet,eb27c8cb502d583dabc49624ecdb90aaa3957525649bfd88dcbbb1812c3422fa,upstox,quote,5954,602,155,True,True,True,True,True,True,True,True,True,False,True,False,False,NO_POINT_IN_TIME_INSTRUMENT_AUTHORITY
runtime/market_data/upstox/20260717/ticks_1784272949.parquet,/Users/madhuram/tradebot-option-e2e-contract-reconstruction-v4/runtime/market_data/upstox/20260717/ticks_1784272949.parquet,b45a9b7cde6b02fc9f1761cd40808921fdff9cc53d52b88b0a88c09e591eeb19,upstox,quote,5738,705,151,True,True,True,True,True,True,True,True,True,False,True,False,False,NO_POINT_IN_TIME_INSTRUMENT_AUTHORITY
runtime/market_data/upstox/20260717/ticks_1784272961.parquet,/Users/madhuram/tradebot-option-e2e-contract-reconstruction-v4/runtime/market_data/upstox/20260717/ticks_1784272961.parquet,9901f8ff3b38cf1d37751901ad9a8ee27ba452ccadd5df39b5bac2fec34b8bba,upstox,quote,5819,570,148,True,True,True,True,True,True,True,True,True,False,True,False,False,NO_POINT_IN_TIME_INSTRUMENT_AUTHORITY
runtime/market_data/upstox/20260717/ticks_1784272973.parquet,/Users/madhuram/tradebot-option-e2e-contract-reconstruction-v4/runtime/market_data/upstox/20260717/ticks_1784272973.parquet,a9adf323f39135312a0399245d7b601f01c553a7c183748239240ba7bbf77b11,upstox,quote,5435,529,157,True,True,True,True,True,True,True,True,True,False,True,False,False,NO_POINT_IN_TIME_INSTRUMENT_AUTHORITY
runtime/market_data/upstox/20260717/ticks_1784272985.parquet,/Users/madhuram/tradebot-option-e2e-contract-reconstruction-v4/runtime/market_data/upstox/20260717/ticks_1784272985.parquet,d878495dc06365cf92d1870368581b397671ba1b667a0edd1fc3ff013616aab1,upstox,quote,5813,620,148,True,True,True,True,True,True,True,True,True,False,True,False,False,NO_POINT_IN_TIME_INSTRUMENT_AUTHORITY
runtime/market_data/upstox/20260717/ticks_1784272997.parquet,/Users/madhuram/tradebot-option-e2e-contract-reconstruction-v4/runtime/market_data/upstox/20260717/ticks_1784272997.parquet,a454d6bb021acdc08b864d3c4a28951b9156d83bb851cad4af338869186081d5,upstox,quote,5914,621,148,True,True,True,True,True,True,True,True,True,False,True,False,False,NO_POINT_IN_TIME_INSTRUMENT_AUTHORITY
runtime/market_data/upstox/20260717/ticks_1784273010.parquet,/Users/madhuram/tradebot-option-e2e-contract-reconstruction-v4/runtime/market_data/upstox/20260717/ticks_1784273010.parquet,73119e920fafbb424b81c7db42bb409ad58995456a2f6962a29a5257447ec139,upstox,quote,5863,546,151,True,True,True,True,True,True,True,True,True,False,True,False,False,NO_POINT_IN_TIME_INSTRUMENT_AUTHORITY
runtime/market_data/upstox/20260717/ticks_1784273022.parquet,/Users/madhuram/tradebot-option-e2e-contract-reconstruction-v4/runtime/market_data/upstox/20260717/ticks_1784273022.parquet,b5a3dc0baf3be7f13b1f3ff6d5a90681caf30be5a30904d5c7dde4a3fc7f583f,upstox,quote,6046,614,148,True,True,True,True,True,True,True,True,True,False,True,False,False,NO_POINT_IN_TIME_INSTRUMENT_AUTHORITY
runtime/market_data/upstox/20260717/ticks_1784273034.parquet,/Users/madhuram/tradebot-option-e2e-contract-reconstruction-v4/runtime/market_data/upstox/20260717/ticks_1784273034.parquet,c435f2d359716bb568230781f6565aca6f3e63985f4aa1330700b2f25323cd9c,upstox,quote,6001,571,149,True,True,True,True,True,True,True,True,True,False,True,False,False,NO_POINT_IN_TIME_INSTRUMENT_AUTHORITY
runtime/market_data/upstox/20260717/ticks_1784273046.parquet,/Users/madhuram/tradebot-option-e2e-contract-reconstruction-v4/runtime/market_data/upstox/20260717/ticks_1784273046.parquet,d9bbf200fd3b28e8f50cc9607686d5b105afd223bddc5b4828da811c907e2db8,upstox,quote,6337,610,151,True,True,True,True,True,True,True,True,True,False,True,False,False,NO_POINT_IN_TIME_INSTRUMENT_AUTHORITY
runtime/market_data/upstox/20260717/ticks_1784273059.parquet,/Users/madhuram/tradebot-option-e2e-contract-reconstruction-v4/runtime/market_data/upstox/20260717/ticks_1784273059.parquet,f91320e3c790ab2b948751926dcb356d88a5437f5d5211d3b6977b3fbd72aded,upstox,quote,6469,653,157,True,True,True,True,True,True,True,True,True,False,True,False,False,NO_POINT_IN_TIME_INSTRUMENT_AUTHORITY
runtime/market_data/upstox/20260717/ticks_1784273071.parquet,/Users/madhuram/tradebot-option-e2e-contract-reconstruction-v4/runtime/market_data/upstox/20260717/ticks_1784273071.parquet,6d61011060e14c88303dcfb353d56db80d66177887ef4997586350339033ee6a,upstox,quote,6042,624,149,True,True,True,True,True,True,True,True,True,False,True,False,False,NO_POINT_IN_TIME_INSTRUMENT_AUTHORITY
runtime/market_data/upstox/20260717/ticks_1784273083.parquet,/Users/madhuram/tradebot-option-e2e-contract-reconstruction-v4/runtime/market_data/upstox/20260717/ticks_1784273083.parquet,67e7bc9a9a5534a231a47c40651390d8e1fd3dae459821b5684e6c28be64105f,upstox,quote,5868,599,154,True,True,True,True,True,True,True,True,True,False,True,False,False,NO_POINT_IN_TIME_INSTRUMENT_AUTHORITY
runtime/market_data/upstox/20260717/ticks_1784273096.parquet,/Users/madhuram/tradebot-option-e2e-contract-reconstruction-v4/runtime/market_data/upstox/20260717/ticks_1784273096.parquet,e83c148d68408f5dc7a60d23ea79f5bf8a2c67c4cbfbabff96dc54354bbb8e16,upstox,quote,6206,588,155,True,True,True,True,True,True,True,True,True,False,True,False,False,NO_POINT_IN_TIME_INSTRUMENT_AUTHORITY
runtime/market_data/upstox/20260717/ticks_1784273108.parquet,/Users/madhuram/tradebot-option-e2e-contract-reconstruction-v4/runtime/market_data/upstox/20260717/ticks_1784273108.parquet,9a522bbb94da954d9acc4a22a010e8f76987b1395d6a28547039c7f5954280c7,upstox,quote,6350,614,154,True,True,True,True,True,True,True,True,True,False,True,False,False,NO_POINT_IN_TIME_INSTRUMENT_AUTHORITY
runtime/market_data/upstox/20260717/ticks_1784273120.parquet,/Users/madhuram/tradebot-option-e2e-contract-reconstruction-v4/runtime/market_data/upstox/20260717/ticks_1784273120.parquet,9b2cb6609b034b2e8888ad434466f563e735f8fb6437f7e36e7dbd257ac143db,upstox,quote,5829,540,153,True,True,True,True,True,True,True,True,True,False,True,False,False,NO_POINT_IN_TIME_INSTRUMENT_AUTHORITY
runtime/market_data/upstox/20260717/ticks_1784273132.parquet,/Users/madhuram/tradebot-option-e2e-contract-reconstruction-v4/runtime/market_data/upstox/20260717/ticks_1784273132.parquet,02b859015a05f703f7efd19d4f7de80a055244e0af9a89c2813cba1af73f442d,upstox,quote,6153,686,157,True,True,True,True,True,True,True,True,True,False,True,False,False,NO_POINT_IN_TIME_INSTRUMENT_AUTHORITY
runtime/market_data/upstox/20260717/ticks_1784273145.parquet,/Users/madhuram/tradebot-option-e2e-contract-reconstruction-v4/runtime/market_data/upstox/20260717/ticks_1784273145.parquet,81fa1b47979c13fd744afd01ed46f1fd69af4802e8560f4446ada8d2d477e19e,upstox,quote,5823,613,149,True,True,True,True,True,True,True,True,True,False,True,False,False,NO_POINT_IN_TIME_INSTRUMENT_AUTHORITY
runtime/market_data/upstox/20260717/ticks_1784273157.parquet,/Users/madhuram/tradebot-option-e2e-contract-reconstruction-v4/runtime/market_data/upstox/20260717/ticks_1784273157.parquet,843b222c8f84c7bcff8473f829ca0b709fb677caf389b9e82a87678c28afb3a4,upstox,quote,5899,537,159,True,True,True,True,True,True,True,True,True,False,True,False,False,NO_POINT_IN_TIME_INSTRUMENT_AUTHORITY
runtime/market_data/upstox/20260717/ticks_1784273169.parquet,/Users/madhuram/tradebot-option-e2e-contract-reconstruction-v4/runtime/market_data/upstox/20260717/ticks_1784273169.parquet,5fa54ffd4e6cfc962686b3512658a5f0b05706a610a9f8639d4e2d3ff9fc1f1c,upstox,quote,6173,637,155,True,True,True,True,True,True,True,True,True,False,True,False,False,NO_POINT_IN_TIME_INSTRUMENT_AUTHORITY
runtime/market_data/upstox/20260717/ticks_1784273181.parquet,/Users/madhuram/tradebot-option-e2e-contract-reconstruction-v4/runtime/market_data/upstox/20260717/ticks_1784273181.parquet,7cdc4dbe9cdc46e264ddfd0f861938d92be115eacb66a45b6f5020c6db690dd0,upstox,quote,5652,718,155,True,True,True,True,True,True,True,True,True,False,True,False,False,NO_POINT_IN_TIME_INSTRUMENT_AUTHORITY
runtime/market_data/upstox/20260717/ticks_1784273193.parquet,/Users/madhuram/tradebot-option-e2e-contract-reconstruction-v4/runtime/market_data/upstox/20260717/ticks_1784273193.parquet,ca3a48f7beb2638a257280c53d0ae6b5fdaa20f293825ff802c1d83997d533d0,upstox,quote,5689,546,154,True,True,True,True,True,True,True,True,True,False,True,False,False,NO_POINT_IN_TIME_INSTRUMENT_AUTHORITY
runtime/market_data/upstox/20260717/ticks_1784273205.parquet,/Users/madhuram/tradebot-option-e2e-contract-reconstruction-v4/runtime/market_data/upstox/20260717/ticks_1784273205.parquet,72729acff7fa8a73a63cdc78fbadd94cd037ec277968a1b7f483cfe38586d7d9,upstox,quote,5218,528,147,True,True,True,True,True,True,True,True,True,False,True,False,False,NO_POINT_IN_TIME_INSTRUMENT_AUTHORITY
runtime/market_data/upstox/20260717/ticks_1784273217.parquet,/Users/madhuram/tradebot-option-e2e-contract-reconstruction-v4/runtime/market_data/upstox/20260717/ticks_1784273217.parquet,4036bd5204854c437fc5a02de477a55bbba2e41911d3810441408f1bbd39d818,upstox,quote,5504,690,149,True,True,True,True,True,True,True,True,True,False,True,False,False,NO_POINT_IN_TIME_INSTRUMENT_AUTHORITY
runtime/market_data/upstox/20260717/ticks_1784273229.parquet,/Users/madhuram/tradebot-option-e2e-contract-reconstruction-v4/runtime/market_data/upstox/20260717/ticks_1784273229.parquet,a9c57b0aefc5a9439f8c1c50f61f8fe39e358a4b95c280ea6bea5e4193866273,upstox,quote,5834,542,155,True,True,True,True,True,True,True,True,True,False,True,False,False,NO_POINT_IN_TIME_INSTRUMENT_AUTHORITY
runtime/market_data/upstox/20260717/ticks_1784273242.parquet,/Users/madhuram/tradebot-option-e2e-contract-reconstruction-v4/runtime/market_data/upstox/20260717/ticks_1784273242.parquet,11be65093af1b3559116a8607cbd40017b17cebb20a2f9ec61d76ae9c4c95810,upstox,quote,5745,529,150,True,True,True,True,True,True,True,True,True,False,True,False,False,NO_POINT_IN_TIME_INSTRUMENT_AUTHORITY
runtime/market_data/upstox/20260717/ticks_1784273254.parquet,/Users/madhuram/tradebot-option-e2e-contract-reconstruction-v4/runtime/market_data/upstox/20260717/ticks_1784273254.parquet,1a39601ca444ec212f2c882ac404c00569edadf636763ac79e387bed229cb3e1,upstox,quote,6261,685,158,True,True,True,True,True,True,True,True,True,False,True,False,False,NO_POINT_IN_TIME_INSTRUMENT_AUTHORITY
runtime/market_data/upstox/20260717/ticks_1784273266.parquet,/Users/madhuram/tradebot-option-e2e-contract-reconstruction-v4/runtime/market_data/upstox/20260717/ticks_1784273266.parquet,a5994e033a66d4d418be76ed15cbfbb60ef4333d1ccc65a565ce2e1ba6891258,upstox,quote,6052,570,149,True,True,True,True,True,True,True,True,True,False,True,False,False,NO_POINT_IN_TIME_INSTRUMENT_AUTHORITY
runtime/market_data/upstox/20260717/ticks_1784273279.parquet,/Users/madhuram/tradebot-option-e2e-contract-reconstruction-v4/runtime/market_data/upstox/20260717/ticks_1784273279.parquet,d544efc0acfa3c67bfbb3f03b872b80db29f7ae4b7c7f4f01e3c99c47f715f11,upstox,quote,5571,533,155,True,True,True,True,True,True,True,True,True,False,True,False,False,NO_POINT_IN_TIME_INSTRUMENT_AUTHORITY
runtime/market_data/upstox/20260717/ticks_1784273291.parquet,/Users/madhuram/tradebot-option-e2e-contract-reconstruction-v4/runtime/market_data/upstox/20260717/ticks_1784273291.parquet,0353a237580e8d165371ba913ce49d7fd78dc82d1c03c6bbdfcaff24f3514083,upstox,quote,6004,713,145,True,True,True,True,True,True,True,True,True,False,True,False,False,NO_POINT_IN_TIME_INSTRUMENT_AUTHORITY
runtime/market_data/upstox/20260717/ticks_1784273303.parquet,/Users/madhuram/tradebot-option-e2e-contract-reconstruction-v4/runtime/market_data/upstox/20260717/ticks_1784273303.parquet,b0051223f515530a779c020aaadb693fac1693a2c027f10644e2684a0f66852b,upstox,quote,5710,715,148,True,True,True,True,True,True,True,True,True,False,True,False,False,NO_POINT_IN_TIME_INSTRUMENT_AUTHORITY
runtime/market_data/upstox/20260717/ticks_1784273315.parquet,/Users/madhuram/tradebot-option-e2e-contract-reconstruction-v4/runtime/market_data/upstox/20260717/ticks_1784273315.parquet,86559a062e807b56f4906e6bb70f3252d18fc3809587bd25f77a2395e1ff5577,upstox,quote,5826,544,153,True,True,True,True,True,True,True,True,True,False,True,False,False,NO_POINT_IN_TIME_INSTRUMENT_AUTHORITY
runtime/market_data/upstox/20260717/ticks_1784273327.parquet,/Users/madhuram/tradebot-option-e2e-contract-reconstruction-v4/runtime/market_data/upstox/20260717/ticks_1784273327.parquet,f42f2dab1178d3cb32f908743ec3304e001e95ecf7a7b014d722722b57be225a,upstox,quote,5454,601,155,True,True,True,True,True,True,True,True,True,False,True,False,False,NO_POINT_IN_TIME_INSTRUMENT_AUTHORITY
runtime/market_data/upstox/20260717/ticks_1784273340.parquet,/Users/madhuram/tradebot-option-e2e-contract-reconstruction-v4/runtime/market_data/upstox/20260717/ticks_1784273340.parquet,84f97457a553d8aca4c25fddc849bd5b27855ca5fd2b51b96278e54b941cac50,upstox,quote,5319,613,149,True,True,True,True,True,True,True,True,True,False,True,False,False,NO_POINT_IN_TIME_INSTRUMENT_AUTHORITY
runtime/market_data/upstox/20260717/ticks_1784273352.parquet,/Users/madhuram/tradebot-option-e2e-contract-reconstruction-v4/runtime/market_data/upstox/20260717/ticks_1784273352.parquet,a35e58c6e5046c14e16fc8b1e2cd5133529c4731a0c537cb3229344209d9d269,upstox,quote,5563,549,152,True,True,True,True,True,True,True,True,True,False,True,False,False,NO_POINT_IN_TIME_INSTRUMENT_AUTHORITY
runtime/market_data/upstox/20260717/ticks_1784273364.parquet,/Users/madhuram/tradebot-option-e2e-contract-reconstruction-v4/runtime/market_data/upstox/20260717/ticks_1784273364.parquet,cdc64d15b5d77f388d5235024f61e2c352330940d7aa3172469a28ec519c2f60,upstox,quote,5498,606,156,True,True,True,True,True,True,True,True,True,False,True,False,False,NO_POINT_IN_TIME_INSTRUMENT_AUTHORITY
runtime/market_data/upstox/20260717/ticks_1784273376.parquet,/Users/madhuram/tradebot-option-e2e-contract-reconstruction-v4/runtime/market_data/upstox/20260717/ticks_1784273376.parquet,af5f6965e5b54b2576d1864ec455ec1f9f6fefb43c19bab13ee9e2314a75687c,upstox,quote,5658,585,154,True,True,True,True,True,True,True,True,True,False,True,False,False,NO_POINT_IN_TIME_INSTRUMENT_AUTHORITY
runtime/market_data/upstox/20260717/ticks_1784273388.parquet,/Users/madhuram/tradebot-option-e2e-contract-reconstruction-v4/runtime/market_data/upstox/20260717/ticks_1784273388.parquet,691b38a6c31f36994fbf987058e76f6d357efc28ea9040379a4fb25213e462de,upstox,quote,5274,574,150,True,True,True,True,True,True,True,True,True,False,True,False,False,NO_POINT_IN_TIME_INSTRUMENT_AUTHORITY
runtime/market_data/upstox/20260717/ticks_1784273400.parquet,/Users/madhuram/tradebot-option-e2e-contract-reconstruction-v4/runtime/market_data/upstox/20260717/ticks_1784273400.parquet,fd5fad8b7283f9f3bc5723cbc5254171d510736459a8e4660f3ddb77c98814a7,upstox,quote,5579,603,145,True,True,True,True,True,True,True,True,True,False,True,False,False,NO_POINT_IN_TIME_INSTRUMENT_AUTHORITY
runtime/market_data/upstox/20260717/ticks_1784273412.parquet,/Users/madhuram/tradebot-option-e2e-contract-reconstruction-v4/runtime/market_data/upstox/20260717/ticks_1784273412.parquet,55403ef93a555e938a76c6f00762c53f3d872ab73fcc51cdd3b7807e2504af89,upstox,quote,6178,558,157,True,True,True,True,True,True,True,True,True,False,True,False,False,NO_POINT_IN_TIME_INSTRUMENT_AUTHORITY
runtime/market_data/upstox/20260717/ticks_1784273424.parquet,/Users/madhuram/tradebot-option-e2e-contract-reconstruction-v4/runtime/market_data/upstox/20260717/ticks_1784273424.parquet,d58a9fb91e373ee6ecc5827ee5f1271f73a040bcccf0e20c8ac4022203414933,upstox,quote,5707,662,152,True,True,True,True,True,True,True,True,True,False,True,False,False,NO_POINT_IN_TIME_INSTRUMENT_AUTHORITY
runtime/market_data/upstox/20260717/ticks_1784273436.parquet,/Users/madhuram/tradebot-option-e2e-contract-reconstruction-v4/runtime/market_data/upstox/20260717/ticks_1784273436.parquet,7263708afe94055dae415eaaccd3a85eda31e5222f24821aef69a3e169a86457,upstox,quote,5845,663,160,True,True,True,True,True,True,True,True,True,False,True,False,False,NO_POINT_IN_TIME_INSTRUMENT_AUTHORITY
runtime/market_data/upstox/20260717/ticks_1784273449.parquet,/Users/madhuram/tradebot-option-e2e-contract-reconstruction-v4/runtime/market_data/upstox/20260717/ticks_1784273449.parquet,95cd72063add2c0de465aa1dd3d8f66a5e52c4f418f3ef7b24acfd108f715b9b,upstox,quote,5535,589,153,True,True,True,True,True,True,True,True,True,False,True,False,False,NO_POINT_IN_TIME_INSTRUMENT_AUTHORITY
runtime/market_data/upstox/20260717/ticks_1784273461.parquet,/Users/madhuram/tradebot-option-e2e-contract-reconstruction-v4/runtime/market_data/upstox/20260717/ticks_1784273461.parquet,5919bc101a8ff37e253101354c3d94865cb204fd48b1a6b7099002e0e73ed502,upstox,quote,5485,582,143,True,True,True,True,True,True,True,True,True,False,True,False,False,NO_POINT_IN_TIME_INSTRUMENT_AUTHORITY
runtime/market_data/upstox/20260717/ticks_1784277426.parquet,/Users/madhuram/tradebot-option-e2e-contract-reconstruction-v4/runtime/market_data/upstox/20260717/ticks_1784277426.parquet,7bf694c707e957031a8933455af830793be3438b3daaabf3bd3db48e97d59805,upstox,quote,5651,862,160,True,True,True,True,True,True,True,True,True,False,True,False,False,NO_POINT_IN_TIME_INSTRUMENT_AUTHORITY
runtime/market_data/upstox/20260717/ticks_1784277438.parquet,/Users/madhuram/tradebot-option-e2e-contract-reconstruction-v4/runtime/market_data/upstox/20260717/ticks_1784277438.parquet,4aa0df6bbaf61e3e178bac87b893139e50fce5f8ba836f3156d9eba7a70b1e26,upstox,quote,5629,556,147,True,True,True,True,True,True,True,True,True,False,True,False,False,NO_POINT_IN_TIME_INSTRUMENT_AUTHORITY
runtime/market_data/upstox/20260717/ticks_1784277450.parquet,/Users/madhuram/tradebot-option-e2e-contract-reconstruction-v4/runtime/market_data/upstox/20260717/ticks_1784277450.parquet,7f956ee5b1dce8b3c16079971ba723b07c5cabe4ddbe116342b490f58ac8249a,upstox,quote,5847,600,151,True,True,True,True,True,True,True,True,True,False,True,False,False,NO_POINT_IN_TIME_INSTRUMENT_AUTHORITY
runtime/market_data/upstox/20260717/ticks_1784277463.parquet,/Users/madhuram/tradebot-option-e2e-contract-reconstruction-v4/runtime/market_data/upstox/20260717/ticks_1784277463.parquet,a023aff0bfc4845de442b24fba05b472fa1794f49162968d691627cb505a4d8d,upstox,quote,5788,562,151,True,True,True,True,True,True,True,True,True,False,True,False,False,NO_POINT_IN_TIME_INSTRUMENT_AUTHORITY
runtime/market_data/upstox/20260717/ticks_1784277475.parquet,/Users/madhuram/tradebot-option-e2e-contract-reconstruction-v4/runtime/market_data/upstox/20260717/ticks_1784277475.parquet,4d3934cf854edb8e212650094bc80c5053bfe9026a85448ac672eecb6e8735e2,upstox,quote,5797,562,151,True,True,True,True,True,True,True,True,True,False,True,False,False,NO_POINT_IN_TIME_INSTRUMENT_AUTHORITY
runtime/market_data/upstox/20260717/ticks_1784277487.parquet,/Users/madhuram/tradebot-option-e2e-contract-reconstruction-v4/runtime/market_data/upstox/20260717/ticks_1784277487.parquet,53f7f84fca9faccfaf772e6f48c521f3964ebb07d505eda9afc45a087c060d8d,upstox,quote,5618,605,147,True,True,True,True,True,True,True,True,True,False,True,False,False,NO_POINT_IN_TIME_INSTRUMENT_AUTHORITY
runtime/market_data/upstox/20260717/ticks_1784277499.parquet,/Users/madhuram/tradebot-option-e2e-contract-reconstruction-v4/runtime/market_data/upstox/20260717/ticks_1784277499.parquet,b4793f70fdf30cdf651380eea4066ea6c67dcbf396a066d4d37f9cd1d2269e9c,upstox,quote,5759,632,146,True,True,True,True,True,True,True,True,True,False,True,False,False,NO_POINT_IN_TIME_INSTRUMENT_AUTHORITY
runtime/market_data/upstox/20260717/ticks_1784277511.parquet,/Users/madhuram/tradebot-option-e2e-contract-reconstruction-v4/runtime/market_data/upstox/20260717/ticks_1784277511.parquet,228d050cf20ddbb399a4b9230272b35f5272b12fb9f0bb9781a3cc28078bf498,upstox,quote,5947,633,157,True,True,True,True,True,True,True,True,True,False,True,False,False,NO_POINT_IN_TIME_INSTRUMENT_AUTHORITY
runtime/market_data/upstox/20260717/ticks_1784277524.parquet,/Users/madhuram/tradebot-option-e2e-contract-reconstruction-v4/runtime/market_data/upstox/20260717/ticks_1784277524.parquet,2b6ec8f23c8419529af0a5ade7ffe9c6d5a8a50d5c9e074432404d7b2c7f1bf8,upstox,quote,5491,556,149,True,True,True,True,True,True,True,True,True,False,True,False,False,NO_POINT_IN_TIME_INSTRUMENT_AUTHORITY
runtime/market_data/upstox/20260717/ticks_1784277536.parquet,/Users/madhuram/tradebot-option-e2e-contract-reconstruction-v4/runtime/market_data/upstox/20260717/ticks_1784277536.parquet,6a7c54262ab2aa3d1b6577b25a6e151287cfbc3ad959330a9bd4db9a9727c3ca,upstox,quote,5390,607,142,True,True,True,True,True,True,True,True,True,False,True,False,False,NO_POINT_IN_TIME_INSTRUMENT_AUTHORITY
runtime/market_data/upstox/20260717/ticks_1784277548.parquet,/Users/madhuram/tradebot-option-e2e-contract-reconstruction-v4/runtime/market_data/upstox/20260717/ticks_1784277548.parquet,279afa291285fadc09f34f2ad7cb2977cfd52c6b748d0c5b60b86f99d8448e8b,upstox,quote,5663,555,142,True,True,True,True,True,True,True,True,True,False,True,False,False,NO_POINT_IN_TIME_INSTRUMENT_AUTHORITY
runtime/market_data/upstox/20260717/ticks_1784277560.parquet,/Users/madhuram/tradebot-option-e2e-contract-reconstruction-v4/runtime/market_data/upstox/20260717/ticks_1784277560.parquet,ce6cd8356f26b3efd1d6cea6b2db109a4baf9d173a70e929247fc9181a69587a,upstox,quote,5373,535,144,True,True,True,True,True,True,True,True,True,False,True,False,False,NO_POINT_IN_TIME_INSTRUMENT_AUTHORITY
runtime/market_data/upstox/20260717/ticks_1784277572.parquet,/Users/madhuram/tradebot-option-e2e-contract-reconstruction-v4/runtime/market_data/upstox/20260717/ticks_1784277572.parquet,2010236e7ae6e9dcd2827af8aec184a1677caa0c8722d17c0a0ddb2e38b6ca76,upstox,quote,5763,720,145,True,True,True,True,True,True,True,True,True,False,True,False,False,NO_POINT_IN_TIME_INSTRUMENT_AUTHORITY
runtime/market_data/upstox/20260717/ticks_1784277584.parquet,/Users/madhuram/tradebot-option-e2e-contract-reconstruction-v4/runtime/market_data/upstox/20260717/ticks_1784277584.parquet,f3d09cfd04284ffb4b1ac1b76638b98385d146713cdfa32110abf7173ce78939,upstox,quote,5416,559,147,True,True,True,True,True,True,True,True,True,False,True,False,False,NO_POINT_IN_TIME_INSTRUMENT_AUTHORITY
runtime/market_data/upstox/20260717/ticks_1784277596.parquet,/Users/madhuram/tradebot-option-e2e-contract-reconstruction-v4/runtime/market_data/upstox/20260717/ticks_1784277596.parquet,eed2189ce27fd60ff64126700d11267b694994972893858718d889099d5ba395,upstox,quote,5411,502,141,True,True,True,True,True,True,True,True,True,False,True,False,False,NO_POINT_IN_TIME_INSTRUMENT_AUTHORITY
runtime/market_data/upstox/20260717/ticks_1784277609.parquet,/Users/madhuram/tradebot-option-e2e-contract-reconstruction-v4/runtime/market_data/upstox/20260717/ticks_1784277609.parquet,94a35e745caa3842c9d8ebedc995e9180f9baa4b9a26e0b35940b2727c844005,upstox,quote,5971,636,148,True,True,True,True,True,True,True,True,True,False,True,False,False,NO_POINT_IN_TIME_INSTRUMENT_AUTHORITY
runtime/market_data/upstox/20260717/ticks_1784277621.parquet,/Users/madhuram/tradebot-option-e2e-contract-reconstruction-v4/runtime/market_data/upstox/20260717/ticks_1784277621.parquet,3679e94fa4678f2dbd7e3b1dca54c0882c30544d371b78185417d760bffefc63,upstox,quote,5663,636,146,True,True,True,True,True,True,True,True,True,False,True,False,False,NO_POINT_IN_TIME_INSTRUMENT_AUTHORITY
runtime/market_data/upstox/20260717/ticks_1784277633.parquet,/Users/madhuram/tradebot-option-e2e-contract-reconstruction-v4/runtime/market_data/upstox/20260717/ticks_1784277633.parquet,984f7d558b1dc2ee0dbbc1d3e6c846c2313910b461c7a1c60a5b2b4045452622,upstox,quote,6112,707,159,True,True,True,True,True,True,True,True,True,False,True,False,False,NO_POINT_IN_TIME_INSTRUMENT_AUTHORITY
runtime/market_data/upstox/20260717/ticks_1784277645.parquet,/Users/madhuram/tradebot-option-e2e-contract-reconstruction-v4/runtime/market_data/upstox/20260717/ticks_1784277645.parquet,410bd748979c93d56a6074eaff3634626c60dee61abd29a3de3140efb14e464a,upstox,quote,5659,588,145,True,True,True,True,True,True,True,True,True,False,True,False,False,NO_POINT_IN_TIME_INSTRUMENT_AUTHORITY
runtime/market_data/upstox/20260717/ticks_1784277657.parquet,/Users/madhuram/tradebot-option-e2e-contract-reconstruction-v4/runtime/market_data/upstox/20260717/ticks_1784277657.parquet,19f06caad61ab174b44aa68308ef9a207eb9b23818b3d0ba7c565600026076d5,upstox,quote,5563,620,144,True,True,True,True,True,True,True,True,True,False,True,False,False,NO_POINT_IN_TIME_INSTRUMENT_AUTHORITY
runtime/market_data/upstox/20260717/ticks_1784277670.parquet,/Users/madhuram/tradebot-option-e2e-contract-reconstruction-v4/runtime/market_data/upstox/20260717/ticks_1784277670.parquet,b45ff45c082c0be7b4abc8790c8d640426c8ff15f72cfe9fc2815f93b92d8fe0,upstox,quote,5819,530,147,True,True,True,True,True,True,True,True,True,False,True,False,False,NO_POINT_IN_TIME_INSTRUMENT_AUTHORITY
runtime/market_data/upstox/20260717/ticks_1784277682.parquet,/Users/madhuram/tradebot-option-e2e-contract-reconstruction-v4/runtime/market_data/upstox/20260717/ticks_1784277682.parquet,094158ad4668bf1e31f1d254f2b74fc112d225b4fb78faec23018aac0312f353,upstox,quote,6739,592,154,True,True,True,True,True,True,True,True,True,False,True,False,False,NO_POINT_IN_TIME_INSTRUMENT_AUTHORITY
runtime/market_data/upstox/20260717/ticks_1784277694.parquet,/Users/madhuram/tradebot-option-e2e-contract-reconstruction-v4/runtime/market_data/upstox/20260717/ticks_1784277694.parquet,b65affc34e572b6c86c610606782d2a4c61c8b94a02dd40056a36b75e6c608cc,upstox,quote,6833,728,158,True,True,True,True,True,True,True,True,True,False,True,False,False,NO_POINT_IN_TIME_INSTRUMENT_AUTHORITY
runtime/market_data/upstox/20260717/ticks_1784277707.parquet,/Users/madhuram/tradebot-option-e2e-contract-reconstruction-v4/runtime/market_data/upstox/20260717/ticks_1784277707.parquet,68980ca5a4ea4a873f1c1d70b84b0844f7971b7711e970755505af984b89e4fc,upstox,quote,5947,557,157,True,True,True,True,True,True,True,True,True,False,True,False,False,NO_POINT_IN_TIME_INSTRUMENT_AUTHORITY
runtime/market_data/upstox/20260717/ticks_1784277719.parquet,/Users/madhuram/tradebot-option-e2e-contract-reconstruction-v4/runtime/market_data/upstox/20260717/ticks_1784277719.parquet,88cd13a81e6a64b085d51c6ad52cbdc7fdcf0e5cbfd14c29a5d95b756abb55b4,upstox,quote,6130,573,149,True,True,True,True,True,True,True,True,True,False,True,False,False,NO_POINT_IN_TIME_INSTRUMENT_AUTHORITY
runtime/market_data/upstox/20260717/ticks_1784277731.parquet,/Users/madhuram/tradebot-option-e2e-contract-reconstruction-v4/runtime/market_data/upstox/20260717/ticks_1784277731.parquet,b6702ff638cb933428950059b0af74a32f4648c5d46d7148e9b3e0534d8ac6e5,upstox,quote,6367,588,157,True,True,True,True,True,True,True,True,True,False,True,False,False,NO_POINT_IN_TIME_INSTRUMENT_AUTHORITY
runtime/market_data/upstox/20260717/ticks_1784277743.parquet,/Users/madhuram/tradebot-option-e2e-contract-reconstruction-v4/runtime/market_data/upstox/20260717/ticks_1784277743.parquet,19fd73c6d01bd941620eacef1b55ab63146adf6bf5f01b6e7a95c6feed2d28da,upstox,quote,6546,726,159,True,True,True,True,True,True,True,True,True,False,True,False,False,NO_POINT_IN_TIME_INSTRUMENT_AUTHORITY
runtime/market_data/upstox/20260717/ticks_1784277755.parquet,/Users/madhuram/tradebot-option-e2e-contract-reconstruction-v4/runtime/market_data/upstox/20260717/ticks_1784277755.parquet,13530ef3b081121b8271664794f00fd7f54c9ec4a97deef7fe3be279d6de5a6b,upstox,quote,6509,677,157,True,True,True,True,True,True,True,True,True,False,True,False,False,NO_POINT_IN_TIME_INSTRUMENT_AUTHORITY
runtime/market_data/upstox/20260717/ticks_1784277767.parquet,/Users/madhuram/tradebot-option-e2e-contract-reconstruction-v4/runtime/market_data/upstox/20260717/ticks_1784277767.parquet,5d754c68633efffbe9cb0a8e2c6f8e2cb5d07581ab2cdafb0e96c870747337d4,upstox,quote,6415,672,150,True,True,True,True,True,True,True,True,True,False,True,False,False,NO_POINT_IN_TIME_INSTRUMENT_AUTHORITY
runtime/market_data/upstox/20260717/ticks_1784277779.parquet,/Users/madhuram/tradebot-option-e2e-contract-reconstruction-v4/runtime/market_data/upstox/20260717/ticks_1784277779.parquet,ac3b01bd1ece77dd6e6a7f36d98033b43bba5749a23a28884ab05c304573b8a1,upstox,quote,6145,585,153,True,True,True,True,True,True,True,True,True,False,True,False,False,NO_POINT_IN_TIME_INSTRUMENT_AUTHORITY
runtime/market_data/upstox/20260717/ticks_1784277792.parquet,/Users/madhuram/tradebot-option-e2e-contract-reconstruction-v4/runtime/market_data/upstox/20260717/ticks_1784277792.parquet,278bbcdf3c82059fa17adf3cc4b9ad35d8dc078ef5f6981a89579c12a3f701f2,upstox,quote,6574,611,160,True,True,True,True,True,True,True,True,True,False,True,False,False,NO_POINT_IN_TIME_INSTRUMENT_AUTHORITY
runtime/market_data/upstox/20260717/ticks_1784277804.parquet,/Users/madhuram/tradebot-option-e2e-contract-reconstruction-v4/runtime/market_data/upstox/20260717/ticks_1784277804.parquet,db808bb4de3cd393bce5082c53ba32b294765692a5cd72881464c736968c8905,upstox,quote,6381,599,156,True,True,True,True,True,True,True,True,True,False,True,False,False,NO_POINT_IN_TIME_INSTRUMENT_AUTHORITY
runtime/market_data/upstox/20260717/ticks_1784277816.parquet,/Users/madhuram/tradebot-option-e2e-contract-reconstruction-v4/runtime/market_data/upstox/20260717/ticks_1784277816.parquet,30cb6e565a74c15cb4bab44b4521f4b39534d2f9c17f4129e7c63c91e1820e0a,upstox,quote,6563,552,160,True,True,True,True,True,True,True,True,True,False,True,False,False,NO_POINT_IN_TIME_INSTRUMENT_AUTHORITY
runtime/market_data/upstox/20260717/ticks_1784277828.parquet,/Users/madhuram/tradebot-option-e2e-contract-reconstruction-v4/runtime/market_data/upstox/20260717/ticks_1784277828.parquet,76cb5bce29f19222413f03984f66a2defd41e806c638ef2ae537b8b7c722a6fd,upstox,quote,6279,645,157,True,True,True,True,True,True,True,True,True,False,True,False,False,NO_POINT_IN_TIME_INSTRUMENT_AUTHORITY
runtime/market_data/upstox/20260717/ticks_1784277840.parquet,/Users/madhuram/tradebot-option-e2e-contract-reconstruction-v4/runtime/market_data/upstox/20260717/ticks_1784277840.parquet,62269ba1ff8f7934d44d221de13dc7f3796897d674540a472c18b991ad9e7482,upstox,quote,6583,608,159,True,True,True,True,True,True,True,True,True,False,True,False,False,NO_POINT_IN_TIME_INSTRUMENT_AUTHORITY
runtime/market_data/upstox/20260717/ticks_1784277852.parquet,/Users/madhuram/tradebot-option-e2e-contract-reconstruction-v4/runtime/market_data/upstox/20260717/ticks_1784277852.parquet,d0bbbe6b452cf420ff33bcabf4737b3dce29aab6114faef9cae412ffbaa7b1cb,upstox,quote,6947,651,159,True,True,True,True,True,True,True,True,True,False,True,False,False,NO_POINT_IN_TIME_INSTRUMENT_AUTHORITY
runtime/market_data/upstox/20260717/ticks_1784277864.parquet,/Users/madhuram/tradebot-option-e2e-contract-reconstruction-v4/runtime/market_data/upstox/20260717/ticks_1784277864.parquet,71a790c73e550436a025f6effa4aebf30db9109e0aaeb1ff061b387387008ae0,upstox,quote,6447,627,159,True,True,True,True,True,True,True,True,True,False,True,False,False,NO_POINT_IN_TIME_INSTRUMENT_AUTHORITY
runtime/market_data/upstox/20260717/ticks_1784277877.parquet,/Users/madhuram/tradebot-option-e2e-contract-reconstruction-v4/runtime/market_data/upstox/20260717/ticks_1784277877.parquet,0592a270d79334615a58c94cd8e1d9a0b226c3b1ff7e495608c9597e3a49b085,upstox,quote,6738,660,158,True,True,True,True,True,True,True,True,True,False,True,False,False,NO_POINT_IN_TIME_INSTRUMENT_AUTHORITY
runtime/market_data/upstox/20260717/ticks_1784277889.parquet,/Users/madhuram/tradebot-option-e2e-contract-reconstruction-v4/runtime/market_data/upstox/20260717/ticks_1784277889.parquet,723731f11ff7fa353918415e4aa701ed619404641798765f7f5936053b9832e4,upstox,quote,6086,535,157,True,True,True,True,True,True,True,True,True,False,True,False,False,NO_POINT_IN_TIME_INSTRUMENT_AUTHORITY
runtime/market_data/upstox/20260717/ticks_1784277901.parquet,/Users/madhuram/tradebot-option-e2e-contract-reconstruction-v4/runtime/market_data/upstox/20260717/ticks_1784277901.parquet,032dcd8a97c242ab9ac1030cc2f4b44744eac950d2ab65c11878ce3db82b2f8c,upstox,quote,6758,545,160,True,True,True,True,True,True,True,True,True,False,True,False,False,NO_POINT_IN_TIME_INSTRUMENT_AUTHORITY
runtime/market_data/upstox/20260717/ticks_1784277913.parquet,/Users/madhuram/tradebot-option-e2e-contract-reconstruction-v4/runtime/market_data/upstox/20260717/ticks_1784277913.parquet,3adc4425deac06b73e0407b594e769ce380d8401be0bdbd33e46a07b0702dd42,upstox,quote,7039,813,160,True,True,True,True,True,True,True,True,True,False,True,False,False,NO_POINT_IN_TIME_INSTRUMENT_AUTHORITY
runtime/market_data/upstox/20260717/ticks_1784277925.parquet,/Users/madhuram/tradebot-option-e2e-contract-reconstruction-v4/runtime/market_data/upstox/20260717/ticks_1784277925.parquet,a3b37517beed658f8a743a84f677cea4d1135eb0616af006060aab5ded72b4d6,upstox,quote,7162,644,160,True,True,True,True,True,True,True,True,True,False,True,False,False,NO_POINT_IN_TIME_INSTRUMENT_AUTHORITY
runtime/market_data/upstox/20260717/ticks_1784277937.parquet,/Users/madhuram/tradebot-option-e2e-contract-reconstruction-v4/runtime/market_data/upstox/20260717/ticks_1784277937.parquet,b56003a6103591083fbf92069728f50fd9587b282dad417599beb24424ce927a,upstox,quote,7832,656,159,True,True,True,True,True,True,True,True,True,False,True,False,False,NO_POINT_IN_TIME_INSTRUMENT_AUTHORITY
runtime/market_data/upstox/20260717/ticks_1784277950.parquet,/Users/madhuram/tradebot-option-e2e-contract-reconstruction-v4/runtime/market_data/upstox/20260717/ticks_1784277950.parquet,1ed98b01743c8e74a145a3a2c154b1aa49b9084d83aa74abab5f12c4020e0c42,upstox,quote,7503,756,160,True,True,True,True,True,True,True,True,True,False,True,False,False,NO_POINT_IN_TIME_INSTRUMENT_AUTHORITY
runtime/market_data/upstox/20260717/ticks_1784277962.parquet,/Users/madhuram/tradebot-option-e2e-contract-reconstruction-v4/runtime/market_data/upstox/20260717/ticks_1784277962.parquet,26c8e0de816d3f7c140c6dead37ca7ed61c0b72da82a47c9b76910d3060ea198,upstox,quote,8284,705,160,True,True,True,True,True,True,True,True,True,False,True,False,False,NO_POINT_IN_TIME_INSTRUMENT_AUTHORITY
runtime/market_data/upstox/20260717/ticks_1784277974.parquet,/Users/madhuram/tradebot-option-e2e-contract-reconstruction-v4/runtime/market_data/upstox/20260717/ticks_1784277974.parquet,0c320f1d1293f37a25b6445bdf35d697a062bf09cf41fce7915de3e77182d233,upstox,quote,7462,661,160,True,True,True,True,True,True,True,True,True,False,True,False,False,NO_POINT_IN_TIME_INSTRUMENT_AUTHORITY
runtime/market_data/upstox/20260717/ticks_1784277986.parquet,/Users/madhuram/tradebot-option-e2e-contract-reconstruction-v4/runtime/market_data/upstox/20260717/ticks_1784277986.parquet,8ca657dadfb46af9fbd3202e6feb9e175ca6b58d801ab22538c2e348c2a857e7,upstox,quote,7392,645,160,True,True,True,True,True,True,True,True,True,False,True,False,False,NO_POINT_IN_TIME_INSTRUMENT_AUTHORITY
runtime/market_data/upstox/20260717/ticks_1784277998.parquet,/Users/madhuram/tradebot-option-e2e-contract-reconstruction-v4/runtime/market_data/upstox/20260717/ticks_1784277998.parquet,470f22bc672c6da64f0405d48ebb3d08dbe734275933718a3c7090144cc1b0f9,upstox,quote,7857,777,160,True,True,True,True,True,True,True,True,True,False,True,False,False,NO_POINT_IN_TIME_INSTRUMENT_AUTHORITY
runtime/market_data/upstox/20260717/ticks_1784278010.parquet,/Users/madhuram/tradebot-option-e2e-contract-reconstruction-v4/runtime/market_data/upstox/20260717/ticks_1784278010.parquet,f26382a12eaab7d551912a668b7267706505bbf60e938fedcf4df59115d14bf6,upstox,quote,7181,705,160,True,True,True,True,True,True,True,True,True,False,True,False,False,NO_POINT_IN_TIME_INSTRUMENT_AUTHORITY
runtime/market_data/upstox/20260717/ticks_1784278022.parquet,/Users/madhuram/tradebot-option-e2e-contract-reconstruction-v4/runtime/market_data/upstox/20260717/ticks_1784278022.parquet,75a594569ed248e11c58b6818be508c3dc148a74f02fdc297f9f858d78c8c147,upstox,quote,7391,646,160,True,True,True,True,True,True,True,True,True,False,True,False,False,NO_POINT_IN_TIME_INSTRUMENT_AUTHORITY
runtime/market_data/upstox/20260717/ticks_1784278035.parquet,/Users/madhuram/tradebot-option-e2e-contract-reconstruction-v4/runtime/market_data/upstox/20260717/ticks_1784278035.parquet,6df8a9a5c17ba75f0cc318d5702ae699ba1b84dcc9e8dd7dd6619312c5e2f9e4,upstox,quote,7096,600,160,True,True,True,True,True,True,True,True,True,False,True,False,False,NO_POINT_IN_TIME_INSTRUMENT_AUTHORITY
runtime/market_data/upstox/20260717/ticks_1784278047.parquet,/Users/madhuram/tradebot-option-e2e-contract-reconstruction-v4/runtime/market_data/upstox/20260717/ticks_1784278047.parquet,f2b4b83cfb08987dbd59463ab824e31ecff9c48afc4f6d1aa08ebf9960bf47e0,upstox,quote,7644,726,160,True,True,True,True,True,True,True,True,True,False,True,False,False,NO_POINT_IN_TIME_INSTRUMENT_AUTHORITY
runtime/market_data/upstox/20260717/ticks_1784278059.parquet,/Users/madhuram/tradebot-option-e2e-contract-reconstruction-v4/runtime/market_data/upstox/20260717/ticks_1784278059.parquet,dc10d2257c49ae86ee0d0a9c7c6654b16813ba68b5bb487d75411063be6f0464,upstox,quote,7333,632,160,True,True,True,True,True,True,True,True,True,False,True,False,False,NO_POINT_IN_TIME_INSTRUMENT_AUTHORITY
runtime/market_data/upstox/20260717/ticks_1784278071.parquet,/Users/madhuram/tradebot-option-e2e-contract-reconstruction-v4/runtime/market_data/upstox/20260717/ticks_1784278071.parquet,c313522ae536359c3a9dbc20049fa5fd912bc09e6c59e7651c5916a3345cdeb4,upstox,quote,7154,643,160,True,True,True,True,True,True,True,True,True,False,True,False,False,NO_POINT_IN_TIME_INSTRUMENT_AUTHORITY
runtime/market_data/upstox/20260717/ticks_1784278083.parquet,/Users/madhuram/tradebot-option-e2e-contract-reconstruction-v4/runtime/market_data/upstox/20260717/ticks_1784278083.parquet,e624cbf12be00f77a534f6eb1f56c5c25a5bb1b8de83e396a2a244341ce15493,upstox,quote,7494,736,160,True,True,True,True,True,True,True,True,True,False,True,False,False,NO_POINT_IN_TIME_INSTRUMENT_AUTHORITY
runtime/market_data/upstox/20260717/ticks_1784278095.parquet,/Users/madhuram/tradebot-option-e2e-contract-reconstruction-v4/runtime/market_data/upstox/20260717/ticks_1784278095.parquet,deb2cc753ec59bd235831d81a9ec9903dd4fe283c7f2ab34014786ff5b171515,upstox,quote,7385,689,160,True,True,True,True,True,True,True,True,True,False,True,False,False,NO_POINT_IN_TIME_INSTRUMENT_AUTHORITY
runtime/market_data/upstox/20260717/ticks_1784278108.parquet,/Users/madhuram/tradebot-option-e2e-contract-reconstruction-v4/runtime/market_data/upstox/20260717/ticks_1784278108.parquet,9aeb05779143ead8c21f58c7edc64a12ef27cdf0b68f7b562de82c1b0a168678,upstox,quote,6911,696,159,True,True,True,True,True,True,True,True,True,False,True,False,False,NO_POINT_IN_TIME_INSTRUMENT_AUTHORITY
runtime/market_data/upstox/20260717/ticks_1784278120.parquet,/Users/madhuram/tradebot-option-e2e-contract-reconstruction-v4/runtime/market_data/upstox/20260717/ticks_1784278120.parquet,8cd2559d138dfabba7be0a0f4f06c401424622e7ee5afe7c958463598488b20e,upstox,quote,7274,709,159,True,True,True,True,True,True,True,True,True,False,True,False,False,NO_POINT_IN_TIME_INSTRUMENT_AUTHORITY
runtime/market_data/upstox/20260717/ticks_1784278132.parquet,/Users/madhuram/tradebot-option-e2e-contract-reconstruction-v4/runtime/market_data/upstox/20260717/ticks_1784278132.parquet,885b6cf1bc02609d6a00a628097845ec86aa2e049bd5842f4ffa378ff57eed8d,upstox,quote,7082,674,160,True,True,True,True,True,True,True,True,True,False,True,False,False,NO_POINT_IN_TIME_INSTRUMENT_AUTHORITY
runtime/market_data/upstox/20260717/ticks_1784278144.parquet,/Users/madhuram/tradebot-option-e2e-contract-reconstruction-v4/runtime/market_data/upstox/20260717/ticks_1784278144.parquet,354e1f679cbaa19c2e5273581c3e58b9b235091a754e2f8dcc5e58aecdaf1a88,upstox,quote,7146,693,160,True,True,True,True,True,True,True,True,True,False,True,False,False,NO_POINT_IN_TIME_INSTRUMENT_AUTHORITY
runtime/market_data/upstox/20260717/ticks_1784278156.parquet,/Users/madhuram/tradebot-option-e2e-contract-reconstruction-v4/runtime/market_data/upstox/20260717/ticks_1784278156.parquet,4836db897e80e3614bb93f07576592cfe975c7d718ca07a03070d4051113ca12,upstox,quote,6764,605,159,True,True,True,True,True,True,True,True,True,False,True,False,False,NO_POINT_IN_TIME_INSTRUMENT_AUTHORITY
runtime/market_data/upstox/20260717/ticks_1784278168.parquet,/Users/madhuram/tradebot-option-e2e-contract-reconstruction-v4/runtime/market_data/upstox/20260717/ticks_1784278168.parquet,087e191cf58e6f2172824d48ea31655ebf5c42cd9642726918791d0523bdf493,upstox,quote,6790,723,160,True,True,True,True,True,True,True,True,True,False,True,False,False,NO_POINT_IN_TIME_INSTRUMENT_AUTHORITY
runtime/market_data/upstox/20260717/ticks_1784278181.parquet,/Users/madhuram/tradebot-option-e2e-contract-reconstruction-v4/runtime/market_data/upstox/20260717/ticks_1784278181.parquet,9a914a6d88d1f0d83ffc869ee310318bfdc7b40470e5dd68a9ec684dbae6d7f6,upstox,quote,6989,637,159,True,True,True,True,True,True,True,True,True,False,True,False,False,NO_POINT_IN_TIME_INSTRUMENT_AUTHORITY
runtime/market_data/upstox/20260717/ticks_1784278193.parquet,/Users/madhuram/tradebot-option-e2e-contract-reconstruction-v4/runtime/market_data/upstox/20260717/ticks_1784278193.parquet,29926dd1c8c0522ec0026d3669641293c1b2c1f9948d0961cb13dc25594a74e6,upstox,quote,7078,692,159,True,True,True,True,True,True,True,True,True,False,True,False,False,NO_POINT_IN_TIME_INSTRUMENT_AUTHORITY
runtime/market_data/upstox/20260717/ticks_1784278205.parquet,/Users/madhuram/tradebot-option-e2e-contract-reconstruction-v4/runtime/market_data/upstox/20260717/ticks_1784278205.parquet,4872cc1bb3e102f70efc213e28cb9263a053530f999cdd348160847525e556cc,upstox,quote,7186,735,160,True,True,True,True,True,True,True,True,True,False,True,False,False,NO_POINT_IN_TIME_INSTRUMENT_AUTHORITY
runtime/market_data/upstox/20260717/ticks_1784278217.parquet,/Users/madhuram/tradebot-option-e2e-contract-reconstruction-v4/runtime/market_data/upstox/20260717/ticks_1784278217.parquet,22082e11228c0bc779879e8efd4b7c5daa9a044fbdc40bb36178dc3cae898ed6,upstox,quote,6749,679,159,True,True,True,True,True,True,True,True,True,False,True,False,False,NO_POINT_IN_TIME_INSTRUMENT_AUTHORITY
runtime/market_data/upstox/20260717/ticks_1784278229.parquet,/Users/madhuram/tradebot-option-e2e-contract-reconstruction-v4/runtime/market_data/upstox/20260717/ticks_1784278229.parquet,e099ec0a8c5e8a72daf4b8ad09f507a1852dd094b0c5536c4f39df854be8a092,upstox,quote,6547,638,157,True,True,True,True,True,True,True,True,True,False,True,False,False,NO_POINT_IN_TIME_INSTRUMENT_AUTHORITY
runtime/market_data/upstox/20260717/ticks_1784278241.parquet,/Users/madhuram/tradebot-option-e2e-contract-reconstruction-v4/runtime/market_data/upstox/20260717/ticks_1784278241.parquet,3f58be0d4e58b083ad052d0942c14af7e7a4da12b1085ebfcb603879cb8c1f6c,upstox,quote,7001,608,159,True,True,True,True,True,True,True,True,True,False,True,False,False,NO_POINT_IN_TIME_INSTRUMENT_AUTHORITY
runtime/market_data/upstox/20260717/ticks_1784278254.parquet,/Users/madhuram/tradebot-option-e2e-contract-reconstruction-v4/runtime/market_data/upstox/20260717/ticks_1784278254.parquet,65952eec9e22385908049f077f2acb34131379162533abb470494002ab922d58,upstox,quote,6989,675,160,True,True,True,True,True,True,True,True,True,False,True,False,False,NO_POINT_IN_TIME_INSTRUMENT_AUTHORITY
runtime/market_data/upstox/20260717/ticks_1784278266.parquet,/Users/madhuram/tradebot-option-e2e-contract-reconstruction-v4/runtime/market_data/upstox/20260717/ticks_1784278266.parquet,722a85bb4b884c628ae17853e3c0bf17d199f83e2ee15f919a43f736e157e6ca,upstox,quote,6991,564,160,True,True,True,True,True,True,True,True,True,False,True,False,False,NO_POINT_IN_TIME_INSTRUMENT_AUTHORITY
runtime/market_data/upstox/20260717/ticks_1784278278.parquet,/Users/madhuram/tradebot-option-e2e-contract-reconstruction-v4/runtime/market_data/upstox/20260717/ticks_1784278278.parquet,8b22decf354a20469c93f9525dc8804ff0063b3bdc2c532feb8ca2a5b08ff8c2,upstox,quote,6833,641,160,True,True,True,True,True,True,True,True,True,False,True,False,False,NO_POINT_IN_TIME_INSTRUMENT_AUTHORITY
runtime/market_data/upstox/20260717/ticks_1784278290.parquet,/Users/madhuram/tradebot-option-e2e-contract-reconstruction-v4/runtime/market_data/upstox/20260717/ticks_1784278290.parquet,2426417c67f390cda91f06a92d08399c04655be1e464f7af68349e0f9add9225,upstox,quote,7285,755,159,True,True,True,True,True,True,True,True,True,False,True,False,False,NO_POINT_IN_TIME_INSTRUMENT_AUTHORITY
runtime/market_data/upstox/20260717/ticks_1784278302.parquet,/Users/madhuram/tradebot-option-e2e-contract-reconstruction-v4/runtime/market_data/upstox/20260717/ticks_1784278302.parquet,c9a1613afe4348f93c91f06c8402bac05e2989ea84c6acc421c245aa18c986ca,upstox,quote,6993,634,160,True,True,True,True,True,True,True,True,True,False,True,False,False,NO_POINT_IN_TIME_INSTRUMENT_AUTHORITY
runtime/market_data/upstox/20260717/ticks_1784278314.parquet,/Users/madhuram/tradebot-option-e2e-contract-reconstruction-v4/runtime/market_data/upstox/20260717/ticks_1784278314.parquet,484ae351251101c7f6b342ddb6194467fbd12a080405784176bf461b3a6bcf02,upstox,quote,6575,556,160,True,True,True,True,True,True,True,True,True,False,True,False,False,NO_POINT_IN_TIME_INSTRUMENT_AUTHORITY
runtime/market_data/upstox/20260717/ticks_1784278327.parquet,/Users/madhuram/tradebot-option-e2e-contract-reconstruction-v4/runtime/market_data/upstox/20260717/ticks_1784278327.parquet,f90b03c37ef1448b2bbe2e04d0b0152567b29ce6e009bbed2cdd071217ea00f2,upstox,quote,6962,677,160,True,True,True,True,True,True,True,True,True,False,True,False,False,NO_POINT_IN_TIME_INSTRUMENT_AUTHORITY
runtime/market_data/upstox/20260717/ticks_1784278339.parquet,/Users/madhuram/tradebot-option-e2e-contract-reconstruction-v4/runtime/market_data/upstox/20260717/ticks_1784278339.parquet,73295a0f531751cde1884998f803fe140241230f04890d48021be20f2a1f3029,upstox,quote,6588,697,160,True,True,True,True,True,True,True,True,True,False,True,False,False,NO_POINT_IN_TIME_INSTRUMENT_AUTHORITY
runtime/market_data/upstox/20260717/ticks_1784278351.parquet,/Users/madhuram/tradebot-option-e2e-contract-reconstruction-v4/runtime/market_data/upstox/20260717/ticks_1784278351.parquet,89bd24abf7a2183b0452c66b0febc9d2ef61a9cadf80eb112544c9b0497795a4,upstox,quote,6742,674,160,True,True,True,True,True,True,True,True,True,False,True,False,False,NO_POINT_IN_TIME_INSTRUMENT_AUTHORITY
runtime/market_data/upstox/20260717/ticks_1784278363.parquet,/Users/madhuram/tradebot-option-e2e-contract-reconstruction-v4/runtime/market_data/upstox/20260717/ticks_1784278363.parquet,240f226788bc8de1c4eb517b4804a20bb9ed78a108db44cc4d5c79ee7cce37e6,upstox,quote,6521,579,159,True,True,True,True,True,True,True,True,True,False,True,False,False,NO_POINT_IN_TIME_INSTRUMENT_AUTHORITY
runtime/market_data/upstox/20260717/ticks_1784278375.parquet,/Users/madhuram/tradebot-option-e2e-contract-reconstruction-v4/runtime/market_data/upstox/20260717/ticks_1784278375.parquet,161bd5b4ee6b391a19680559b3efda815e76b6d5a724727ead1a5cd38761689a,upstox,quote,6487,688,159,True,True,True,True,True,True,True,True,True,False,True,False,False,NO_POINT_IN_TIME_INSTRUMENT_AUTHORITY
runtime/market_data/upstox/20260717/ticks_1784278387.parquet,/Users/madhuram/tradebot-option-e2e-contract-reconstruction-v4/runtime/market_data/upstox/20260717/ticks_1784278387.parquet,717745c106ce90a9c2593d8fbacdb87532eae1837025e8d284ebc005fdab438b,upstox,quote,7142,641,160,True,True,True,True,True,True,True,True,True,False,True,False,False,NO_POINT_IN_TIME_INSTRUMENT_AUTHORITY
runtime/market_data/upstox/20260717/ticks_1784278400.parquet,/Users/madhuram/tradebot-option-e2e-contract-reconstruction-v4/runtime/market_data/upstox/20260717/ticks_1784278400.parquet,502d855e3fac959f73984d2d31dbe13bf088b7a1e34d5d4b7c9f66c10435ec25,upstox,quote,6508,568,160,True,True,True,True,True,True,True,True,True,False,True,False,False,NO_POINT_IN_TIME_INSTRUMENT_AUTHORITY
runtime/market_data/upstox/20260717/ticks_1784278412.parquet,/Users/madhuram/tradebot-option-e2e-contract-reconstruction-v4/runtime/market_data/upstox/20260717/ticks_1784278412.parquet,e2d28df4b11c7d9b7f7f3bce047f47e35b56afa429efba6734071f192e93b3b5,upstox,quote,6576,587,159,True,True,True,True,True,True,True,True,True,False,True,False,False,NO_POINT_IN_TIME_INSTRUMENT_AUTHORITY
runtime/market_data/upstox/20260717/ticks_1784278424.parquet,/Users/madhuram/tradebot-option-e2e-contract-reconstruction-v4/runtime/market_data/upstox/20260717/ticks_1784278424.parquet,0edeac514bca78da2f4f612a2310778ee68d8aef28187095043e5cdd0f150aae,upstox,quote,6381,688,159,True,True,True,True,True,True,True,True,True,False,True,False,False,NO_POINT_IN_TIME_INSTRUMENT_AUTHORITY
runtime/market_data/upstox/20260717/ticks_1784278436.parquet,/Users/madhuram/tradebot-option-e2e-contract-reconstruction-v4/runtime/market_data/upstox/20260717/ticks_1784278436.parquet,8e28a7cf113c30e986587c44d444cf94768c8f412bf3e8921ffa6a3e86e72963,upstox,quote,6815,641,157,True,True,True,True,True,True,True,True,True,False,True,False,False,NO_POINT_IN_TIME_INSTRUMENT_AUTHORITY
runtime/market_data/upstox/20260717/ticks_1784278448.parquet,/Users/madhuram/tradebot-option-e2e-contract-reconstruction-v4/runtime/market_data/upstox/20260717/ticks_1784278448.parquet,0c88db43f2e44aca3180dcb069f0f790761480a0119329799f71539922ae04bc,upstox,quote,6898,566,159,True,True,True,True,True,True,True,True,True,False,True,False,False,NO_POINT_IN_TIME_INSTRUMENT_AUTHORITY
runtime/market_data/upstox/20260717/ticks_1784278461.parquet,/Users/madhuram/tradebot-option-e2e-contract-reconstruction-v4/runtime/market_data/upstox/20260717/ticks_1784278461.parquet,76fbcdab711dbe2405a27eb7b3b4aa16be7efb8bf245d92b45a649236c8faa41,upstox,quote,6678,745,160,True,True,True,True,True,True,True,True,True,False,True,False,False,NO_POINT_IN_TIME_INSTRUMENT_AUTHORITY
runtime/market_data/upstox/20260717/ticks_1784278473.parquet,/Users/madhuram/tradebot-option-e2e-contract-reconstruction-v4/runtime/market_data/upstox/20260717/ticks_1784278473.parquet,fc49d7a0d2d4e5f329125a0903c36bdc6139fba42a75275c94caf8b0db5fc052,upstox,quote,6630,556,160,True,True,True,True,True,True,True,True,True,False,True,False,False,NO_POINT_IN_TIME_INSTRUMENT_AUTHORITY
runtime/market_data/upstox/20260717/ticks_1784278486.parquet,/Users/madhuram/tradebot-option-e2e-contract-reconstruction-v4/runtime/market_data/upstox/20260717/ticks_1784278486.parquet,803905880770fbbc17e61ae6b5bdec55245360392402c86359239128de60b7d3,upstox,quote,7023,637,158,True,True,True,True,True,True,True,True,True,False,True,False,False,NO_POINT_IN_TIME_INSTRUMENT_AUTHORITY
runtime/market_data/upstox/20260717/ticks_1784278498.parquet,/Users/madhuram/tradebot-option-e2e-contract-reconstruction-v4/runtime/market_data/upstox/20260717/ticks_1784278498.parquet,58015542a41df5ea3af69bdf4b917da60de4bcbdd23123b70585661b8a07fae6,upstox,quote,6414,594,158,True,True,True,True,True,True,True,True,True,False,True,False,False,NO_POINT_IN_TIME_INSTRUMENT_AUTHORITY
runtime/market_data/upstox/20260717/ticks_1784278510.parquet,/Users/madhuram/tradebot-option-e2e-contract-reconstruction-v4/runtime/market_data/upstox/20260717/ticks_1784278510.parquet,5a83005bbc2c35127428adbdf24cf7a22fcf7bba8bb348f6687884f10850e04b,upstox,quote,6645,591,157,True,True,True,True,True,True,True,True,True,False,True,False,False,NO_POINT_IN_TIME_INSTRUMENT_AUTHORITY
runtime/market_data/upstox/20260717/ticks_1784278523.parquet,/Users/madhuram/tradebot-option-e2e-contract-reconstruction-v4/runtime/market_data/upstox/20260717/ticks_1784278523.parquet,db004a8609d51a422a5eebd205558f2f7673ed7b4d1514ecf2b794b259661121,upstox,quote,6543,670,160,True,True,True,True,True,True,True,True,True,False,True,False,False,NO_POINT_IN_TIME_INSTRUMENT_AUTHORITY
runtime/market_data/upstox/20260717/ticks_1784278535.parquet,/Users/madhuram/tradebot-option-e2e-contract-reconstruction-v4/runtime/market_data/upstox/20260717/ticks_1784278535.parquet,20cf4771dec28fc94d888d4eeadea7ac4ebf355febd626a5fa8809f884039e28,upstox,quote,6931,691,157,True,True,True,True,True,True,True,True,True,False,True,False,False,NO_POINT_IN_TIME_INSTRUMENT_AUTHORITY
runtime/market_data/upstox/20260717/ticks_1784278547.parquet,/Users/madhuram/tradebot-option-e2e-contract-reconstruction-v4/runtime/market_data/upstox/20260717/ticks_1784278547.parquet,b25d06ebcf02f684a62210aa387fa5ad1fc88a0a6e951f53c3ca339f781931de,upstox,quote,6761,641,158,True,True,True,True,True,True,True,True,True,False,True,False,False,NO_POINT_IN_TIME_INSTRUMENT_AUTHORITY
runtime/market_data/upstox/20260717/ticks_1784278559.parquet,/Users/madhuram/tradebot-option-e2e-contract-reconstruction-v4/runtime/market_data/upstox/20260717/ticks_1784278559.parquet,cdf27e0ef6e744888b680b3096bb594688b2e67ac3ee9a1345f0b75ab4a5eb37,upstox,quote,6555,631,158,True,True,True,True,True,True,True,True,True,False,True,False,False,NO_POINT_IN_TIME_INSTRUMENT_AUTHORITY
runtime/market_data/upstox/20260717/ticks_1784278571.parquet,/Users/madhuram/tradebot-option-e2e-contract-reconstruction-v4/runtime/market_data/upstox/20260717/ticks_1784278571.parquet,2bf834531b5cc46f6a9c52a1fe72f19bd2be4ec64fcb119f4f802ed1233ebc48,upstox,quote,6699,579,157,True,True,True,True,True,True,True,True,True,False,True,False,False,NO_POINT_IN_TIME_INSTRUMENT_AUTHORITY
runtime/market_data/upstox/20260717/ticks_1784278583.parquet,/Users/madhuram/tradebot-option-e2e-contract-reconstruction-v4/runtime/market_data/upstox/20260717/ticks_1784278583.parquet,242becadff3173bcbecca856e612ed0eebe26f0c9efae5369b3fad8073d19b28,upstox,quote,6852,758,156,True,True,True,True,True,True,True,True,True,False,True,False,False,NO_POINT_IN_TIME_INSTRUMENT_AUTHORITY
runtime/market_data/upstox/20260717/ticks_1784278596.parquet,/Users/madhuram/tradebot-option-e2e-contract-reconstruction-v4/runtime/market_data/upstox/20260717/ticks_1784278596.parquet,9a622c11007db86066eb47ecdac75ccde468c3c3eb3e42a525baf735bb50e9d6,upstox,quote,6774,617,159,True,True,True,True,True,True,True,True,True,False,True,False,False,NO_POINT_IN_TIME_INSTRUMENT_AUTHORITY
runtime/market_data/upstox/20260717/ticks_1784278608.parquet,/Users/madhuram/tradebot-option-e2e-contract-reconstruction-v4/runtime/market_data/upstox/20260717/ticks_1784278608.parquet,1abc9f9bb7d3ada245a414cfcad23286f6d0e42dc5a59dda5348824e7da7cad9,upstox,quote,6413,556,160,True,True,True,True,True,True,True,True,True,False,True,False,False,NO_POINT_IN_TIME_INSTRUMENT_AUTHORITY
runtime/market_data/upstox/20260717/ticks_1784278620.parquet,/Users/madhuram/tradebot-option-e2e-contract-reconstruction-v4/runtime/market_data/upstox/20260717/ticks_1784278620.parquet,0f16aea4c61bb6610c87940150c3855639c2ff341106393c4ea5f93639c4fc87,upstox,quote,6209,582,160,True,True,True,True,True,True,True,True,True,False,True,False,False,NO_POINT_IN_TIME_INSTRUMENT_AUTHORITY
runtime/market_data/upstox/20260717/ticks_1784278632.parquet,/Users/madhuram/tradebot-option-e2e-contract-reconstruction-v4/runtime/market_data/upstox/20260717/ticks_1784278632.parquet,ec435771378045c3e6719adc1de92a144a44a61fd5a33f1804483ab71f175f19,upstox,quote,6837,698,159,True,True,True,True,True,True,True,True,True,False,True,False,False,NO_POINT_IN_TIME_INSTRUMENT_AUTHORITY
runtime/market_data/upstox/20260717/ticks_1784278644.parquet,/Users/madhuram/tradebot-option-e2e-contract-reconstruction-v4/runtime/market_data/upstox/20260717/ticks_1784278644.parquet,db9101ce8202c7965aa158004fdc15624b909da83a6f29b4638422247c79d9f0,upstox,quote,6233,545,159,True,True,True,True,True,True,True,True,True,False,True,False,False,NO_POINT_IN_TIME_INSTRUMENT_AUTHORITY
runtime/market_data/upstox/20260717/ticks_1784278656.parquet,/Users/madhuram/tradebot-option-e2e-contract-reconstruction-v4/runtime/market_data/upstox/20260717/ticks_1784278656.parquet,1c31f6a8382b39c3b1e344774b2693c2d78b7fab480ba9588a3a2fd43245be84,upstox,quote,6560,556,156,True,True,True,True,True,True,True,True,True,False,True,False,False,NO_POINT_IN_TIME_INSTRUMENT_AUTHORITY
runtime/market_data/upstox/20260717/ticks_1784278669.parquet,/Users/madhuram/tradebot-option-e2e-contract-reconstruction-v4/runtime/market_data/upstox/20260717/ticks_1784278669.parquet,204fc41eb9eb221b4d40f05ed35ff0c5fedace65a91539a9ec77cd7c7077dacb,upstox,quote,6472,694,159,True,True,True,True,True,True,True,True,True,False,True,False,False,NO_POINT_IN_TIME_INSTRUMENT_AUTHORITY
runtime/market_data/upstox/20260717/ticks_1784278681.parquet,/Users/madhuram/tradebot-option-e2e-contract-reconstruction-v4/runtime/market_data/upstox/20260717/ticks_1784278681.parquet,4ecec0a509e947ca3cf629c527403a7da05918f414be0c50a806271590b7e9c3,upstox,quote,6441,590,159,True,True,True,True,True,True,True,True,True,False,True,False,False,NO_POINT_IN_TIME_INSTRUMENT_AUTHORITY
runtime/market_data/upstox/20260717/ticks_1784278693.parquet,/Users/madhuram/tradebot-option-e2e-contract-reconstruction-v4/runtime/market_data/upstox/20260717/ticks_1784278693.parquet,951cb8ef99702b3a33a171974a09669e0679e22725a0d41cb9ab52749feda1c1,upstox,quote,6345,580,160,True,True,True,True,True,True,True,True,True,False,True,False,False,NO_POINT_IN_TIME_INSTRUMENT_AUTHORITY
runtime/market_data/upstox/20260717/ticks_1784278705.parquet,/Users/madhuram/tradebot-option-e2e-contract-reconstruction-v4/runtime/market_data/upstox/20260717/ticks_1784278705.parquet,da2604a739c21e4c1bb22cbaac820f31935da5a818b40420732dc127c0e322e0,upstox,quote,6346,697,160,True,True,True,True,True,True,True,True,True,False,True,False,False,NO_POINT_IN_TIME_INSTRUMENT_AUTHORITY
runtime/market_data/upstox/20260717/ticks_1784278717.parquet,/Users/madhuram/tradebot-option-e2e-contract-reconstruction-v4/runtime/market_data/upstox/20260717/ticks_1784278717.parquet,220bdf02cc42a7f68f0b6bf7422992f6ad7efb16187f6c94cb81fe41925ab932,upstox,quote,6703,682,160,True,True,True,True,True,True,True,True,True,False,True,False,False,NO_POINT_IN_TIME_INSTRUMENT_AUTHORITY
runtime/market_data/upstox/20260717/ticks_1784278730.parquet,/Users/madhuram/tradebot-option-e2e-contract-reconstruction-v4/runtime/market_data/upstox/20260717/ticks_1784278730.parquet,fafa895e0a69d50f73f5f5b672c4df2fe435f963e474da6d880d63b4406e9a71,upstox,quote,6489,633,160,True,True,True,True,True,True,True,True,True,False,True,False,False,NO_POINT_IN_TIME_INSTRUMENT_AUTHORITY
runtime/market_data/upstox/20260717/ticks_1784278742.parquet,/Users/madhuram/tradebot-option-e2e-contract-reconstruction-v4/runtime/market_data/upstox/20260717/ticks_1784278742.parquet,82237934ff092c80cde48a7e3b497622884251704246c336fe5aa2440bb82b8e,upstox,quote,6649,667,160,True,True,True,True,True,True,True,True,True,False,True,False,False,NO_POINT_IN_TIME_INSTRUMENT_AUTHORITY
runtime/market_data/upstox/20260717/ticks_1784278754.parquet,/Users/madhuram/tradebot-option-e2e-contract-reconstruction-v4/runtime/market_data/upstox/20260717/ticks_1784278754.parquet,b86a061078c0650189e11bda09735a0752f8287280197109ccb1c08f1aa74cb2,upstox,quote,6917,631,160,True,True,True,True,True,True,True,True,True,False,True,False,False,NO_POINT_IN_TIME_INSTRUMENT_AUTHORITY
runtime/market_data/upstox/20260717/ticks_1784278766.parquet,/Users/madhuram/tradebot-option-e2e-contract-reconstruction-v4/runtime/market_data/upstox/20260717/ticks_1784278766.parquet,6e6bd5c825dc90f0f6dd47f642e720265f6dff911d537565d9fbad4736b8fc05,upstox,quote,6483,622,159,True,True,True,True,True,True,True,True,True,False,True,False,False,NO_POINT_IN_TIME_INSTRUMENT_AUTHORITY
runtime/market_data/upstox/20260717/ticks_1784278778.parquet,/Users/madhuram/tradebot-option-e2e-contract-reconstruction-v4/runtime/market_data/upstox/20260717/ticks_1784278778.parquet,38bdbebadb53ef85e5d215b084b6d7021f5eb1ba3728ee68bae1fee24da7bc51,upstox,quote,6808,571,159,True,True,True,True,True,True,True,True,True,False,True,False,False,NO_POINT_IN_TIME_INSTRUMENT_AUTHORITY
runtime/market_data/upstox/20260717/ticks_1784278790.parquet,/Users/madhuram/tradebot-option-e2e-contract-reconstruction-v4/runtime/market_data/upstox/20260717/ticks_1784278790.parquet,910b460965cfd8611453d9c1fddeeee893ebfb972a697954bb2b210dc7ce23f7,upstox,quote,6700,639,160,True,True,True,True,True,True,True,True,True,False,True,False,False,NO_POINT_IN_TIME_INSTRUMENT_AUTHORITY
runtime/market_data/upstox/20260717/ticks_1784278803.parquet,/Users/madhuram/tradebot-option-e2e-contract-reconstruction-v4/runtime/market_data/upstox/20260717/ticks_1784278803.parquet,2e6f6743807c52d5d671834ecae5680e0ebf4737037eefb3f382b5a67b15d224,upstox,quote,6557,561,158,True,True,True,True,True,True,True,True,True,False,True,False,False,NO_POINT_IN_TIME_INSTRUMENT_AUTHORITY
runtime/market_data/upstox/20260717/ticks_1784278815.parquet,/Users/madhuram/tradebot-option-e2e-contract-reconstruction-v4/runtime/market_data/upstox/20260717/ticks_1784278815.parquet,ca26640d33f42f7ba3af1b549e8aa4210cbfcf55e730bff4e8716ef2a497b0eb,upstox,quote,6570,633,158,True,True,True,True,True,True,True,True,True,False,True,False,False,NO_POINT_IN_TIME_INSTRUMENT_AUTHORITY
runtime/market_data/upstox/20260717/ticks_1784278827.parquet,/Users/madhuram/tradebot-option-e2e-contract-reconstruction-v4/runtime/market_data/upstox/20260717/ticks_1784278827.parquet,fa1c7b737aafc1b3b5b4e5f36de9f37c3634e67255ec798e091e64c492688720,upstox,quote,6333,690,158,True,True,True,True,True,True,True,True,True,False,True,False,False,NO_POINT_IN_TIME_INSTRUMENT_AUTHORITY
runtime/market_data/upstox/20260717/ticks_1784278840.parquet,/Users/madhuram/tradebot-option-e2e-contract-reconstruction-v4/runtime/market_data/upstox/20260717/ticks_1784278840.parquet,d314bf199dff9ed075cbfe22c5a4433e44b0a08dfafe6c170fbfe57a1307c0fa,upstox,quote,7036,641,160,True,True,True,True,True,True,True,True,True,False,True,False,False,NO_POINT_IN_TIME_INSTRUMENT_AUTHORITY
runtime/market_data/upstox/20260717/ticks_1784278852.parquet,/Users/madhuram/tradebot-option-e2e-contract-reconstruction-v4/runtime/market_data/upstox/20260717/ticks_1784278852.parquet,53b1e9e76a50e3d87b049dba784198bffd5de1f36015da2a24e4549b4d27228c,upstox,quote,6211,583,160,True,True,True,True,True,True,True,True,True,False,True,False,False,NO_POINT_IN_TIME_INSTRUMENT_AUTHORITY
runtime/market_data/upstox/20260717/ticks_1784278864.parquet,/Users/madhuram/tradebot-option-e2e-contract-reconstruction-v4/runtime/market_data/upstox/20260717/ticks_1784278864.parquet,ceef606f9d030129cae40c794e84394cee19aafefa6bacfbfb375cf6cbb20d97,upstox,quote,6521,621,159,True,True,True,True,True,True,True,True,True,False,True,False,False,NO_POINT_IN_TIME_INSTRUMENT_AUTHORITY
runtime/market_data/upstox/20260717/ticks_1784278877.parquet,/Users/madhuram/tradebot-option-e2e-contract-reconstruction-v4/runtime/market_data/upstox/20260717/ticks_1784278877.parquet,472afe0493e2bc40959dc0035078410a64f3d184b9ae005f632016807cf120df,upstox,quote,6068,638,158,True,True,True,True,True,True,True,True,True,False,True,False,False,NO_POINT_IN_TIME_INSTRUMENT_AUTHORITY
runtime/market_data/upstox/20260717/ticks_1784278889.parquet,/Users/madhuram/tradebot-option-e2e-contract-reconstruction-v4/runtime/market_data/upstox/20260717/ticks_1784278889.parquet,af4f7d3071eab911b8c7a48d68ccabbb3295114bfe946b128f60c8bddc581496,upstox,quote,6137,554,160,True,True,True,True,True,True,True,True,True,False,True,False,False,NO_POINT_IN_TIME_INSTRUMENT_AUTHORITY
runtime/market_data/upstox/20260717/ticks_1784278901.parquet,/Users/madhuram/tradebot-option-e2e-contract-reconstruction-v4/runtime/market_data/upstox/20260717/ticks_1784278901.parquet,2e7f70a2fa0e0ebe3faf6cecce219a27fbdf05ca62573a9359abc09578aa3795,upstox,quote,6314,658,155,True,True,True,True,True,True,True,True,True,False,True,False,False,NO_POINT_IN_TIME_INSTRUMENT_AUTHORITY
runtime/market_data/upstox/20260717/ticks_1784278913.parquet,/Users/madhuram/tradebot-option-e2e-contract-reconstruction-v4/runtime/market_data/upstox/20260717/ticks_1784278913.parquet,cdb5aa5e837ae721bcfacbf68ad82ab76075380f5f642f7d12b754b4920a5fba,upstox,quote,6314,653,157,True,True,True,True,True,True,True,True,True,False,True,False,False,NO_POINT_IN_TIME_INSTRUMENT_AUTHORITY
runtime/market_data/upstox/20260717/ticks_1784278925.parquet,/Users/madhuram/tradebot-option-e2e-contract-reconstruction-v4/runtime/market_data/upstox/20260717/ticks_1784278925.parquet,42a5cda2858d778c541f96a3fa568f9ef49396e999961e6b61136636107a4cb4,upstox,quote,6125,577,159,True,True,True,True,True,True,True,True,True,False,True,False,False,NO_POINT_IN_TIME_INSTRUMENT_AUTHORITY
runtime/market_data/upstox/20260717/ticks_1784278937.parquet,/Users/madhuram/tradebot-option-e2e-contract-reconstruction-v4/runtime/market_data/upstox/20260717/ticks_1784278937.parquet,443bc4fbcdf5cefd2f9563262317f05ab0c609b23809db01c8b74e3562e1e845,upstox,quote,6257,596,159,True,True,True,True,True,True,True,True,True,False,True,False,False,NO_POINT_IN_TIME_INSTRUMENT_AUTHORITY
runtime/market_data/upstox/20260717/ticks_1784278949.parquet,/Users/madhuram/tradebot-option-e2e-contract-reconstruction-v4/runtime/market_data/upstox/20260717/ticks_1784278949.parquet,5eb2626f541b462801147654d27996e2ab885f9ed8db74723bcd16871d4c8646,upstox,quote,6158,659,157,True,True,True,True,True,True,True,True,True,False,True,False,False,NO_POINT_IN_TIME_INSTRUMENT_AUTHORITY
runtime/market_data/upstox/20260717/ticks_1784278962.parquet,/Users/madhuram/tradebot-option-e2e-contract-reconstruction-v4/runtime/market_data/upstox/20260717/ticks_1784278962.parquet,c76cdfcc386c9b631a855b11a28f016d5c5a76890a961a14ee99260e1f6b3fb5,upstox,quote,6461,664,159,True,True,True,True,True,True,True,True,True,False,True,False,False,NO_POINT_IN_TIME_INSTRUMENT_AUTHORITY
runtime/market_data/upstox/20260717/ticks_1784278974.parquet,/Users/madhuram/tradebot-option-e2e-contract-reconstruction-v4/runtime/market_data/upstox/20260717/ticks_1784278974.parquet,b2802cd6c289629b84c78d28fb62ec157fcf2fc761261e6abd1cc0d314704d67,upstox,quote,5867,527,158,True,True,True,True,True,True,True,True,True,False,True,False,False,NO_POINT_IN_TIME_INSTRUMENT_AUTHORITY
runtime/market_data/upstox/20260717/ticks_1784278986.parquet,/Users/madhuram/tradebot-option-e2e-contract-reconstruction-v4/runtime/market_data/upstox/20260717/ticks_1784278986.parquet,c8460a2a5872a8794382ce54f68ac0fdac1378d879f22708c9d3aee94baab298,upstox,quote,6129,551,157,True,True,True,True,True,True,True,True,True,False,True,False,False,NO_POINT_IN_TIME_INSTRUMENT_AUTHORITY
runtime/market_data/upstox/20260717/ticks_1784278999.parquet,/Users/madhuram/tradebot-option-e2e-contract-reconstruction-v4/runtime/market_data/upstox/20260717/ticks_1784278999.parquet,553678db3dd1b01dd075d0832f59fd6b92772bcf23afd18eb4952aa754b6d044,upstox,quote,6444,710,157,True,True,True,True,True,True,True,True,True,False,True,False,False,NO_POINT_IN_TIME_INSTRUMENT_AUTHORITY
runtime/market_data/upstox/20260717/ticks_1784279011.parquet,/Users/madhuram/tradebot-option-e2e-contract-reconstruction-v4/runtime/market_data/upstox/20260717/ticks_1784279011.parquet,3454b5aed712e69d65b4e9fac85965793085b3df92d7d9fbf4e46845a6103f28,upstox,quote,6275,553,157,True,True,True,True,True,True,True,True,True,False,True,False,False,NO_POINT_IN_TIME_INSTRUMENT_AUTHORITY
runtime/market_data/upstox/20260717/ticks_1784279023.parquet,/Users/madhuram/tradebot-option-e2e-contract-reconstruction-v4/runtime/market_data/upstox/20260717/ticks_1784279023.parquet,ed244e2556afd17e1e158846bff1a3dcab753427b4b4d2604ab807906f269dd2,upstox,quote,5895,530,157,True,True,True,True,True,True,True,True,True,False,True,False,False,NO_POINT_IN_TIME_INSTRUMENT_AUTHORITY
runtime/market_data/upstox/20260717/ticks_1784279035.parquet,/Users/madhuram/tradebot-option-e2e-contract-reconstruction-v4/runtime/market_data/upstox/20260717/ticks_1784279035.parquet,e7ef9c7d411ce01f918fb7bbea845fc3423409ec17cb953de5a5ad0f5331132a,upstox,quote,5966,591,158,True,True,True,True,True,True,True,True,True,False,True,False,False,NO_POINT_IN_TIME_INSTRUMENT_AUTHORITY
runtime/market_data/upstox/20260717/ticks_1784279047.parquet,/Users/madhuram/tradebot-option-e2e-contract-reconstruction-v4/runtime/market_data/upstox/20260717/ticks_1784279047.parquet,864e1032c65922c58d9af8c042ecdff6e75d5463897d039f4a0cf26324a101eb,upstox,quote,6131,665,154,True,True,True,True,True,True,True,True,True,False,True,False,False,NO_POINT_IN_TIME_INSTRUMENT_AUTHORITY
runtime/market_data/upstox/20260717/ticks_1784279060.parquet,/Users/madhuram/tradebot-option-e2e-contract-reconstruction-v4/runtime/market_data/upstox/20260717/ticks_1784279060.parquet,dd33aeb80e3b36bc931c4287f2bed4d25d95793d4d76fcc5c2877a94bae91d8e,upstox,quote,5919,584,152,True,True,True,True,True,True,True,True,True,False,True,False,False,NO_POINT_IN_TIME_INSTRUMENT_AUTHORITY
runtime/market_data/upstox/20260717/ticks_1784279072.parquet,/Users/madhuram/tradebot-option-e2e-contract-reconstruction-v4/runtime/market_data/upstox/20260717/ticks_1784279072.parquet,1053e1844207551fa7011035db829b2d96b577ca640f9a61021328d7b368e460,upstox,quote,6025,599,155,True,True,True,True,True,True,True,True,True,False,True,False,False,NO_POINT_IN_TIME_INSTRUMENT_AUTHORITY
runtime/market_data/upstox/20260717/ticks_1784279085.parquet,/Users/madhuram/tradebot-option-e2e-contract-reconstruction-v4/runtime/market_data/upstox/20260717/ticks_1784279085.parquet,ad41ca9f0b42eb2711d9695558a6578ce7291ea6532e4851f460b89d94dbfcce,upstox,quote,6714,663,158,True,True,True,True,True,True,True,True,True,False,True,False,False,NO_POINT_IN_TIME_INSTRUMENT_AUTHORITY
runtime/market_data/upstox/20260717/ticks_1784279097.parquet,/Users/madhuram/tradebot-option-e2e-contract-reconstruction-v4/runtime/market_data/upstox/20260717/ticks_1784279097.parquet,3fa2d0d8b7e54a44aadcdea4885cb4ee3691eb370f1d5984853ef5246859e831,upstox,quote,6125,573,154,True,True,True,True,True,True,True,True,True,False,True,False,False,NO_POINT_IN_TIME_INSTRUMENT_AUTHORITY
runtime/market_data/upstox/20260717/ticks_1784279109.parquet,/Users/madhuram/tradebot-option-e2e-contract-reconstruction-v4/runtime/market_data/upstox/20260717/ticks_1784279109.parquet,128a4ef1c69f11d00cfddb5200f66748fb8d556d522c242b46fe3360ebb8b57a,upstox,quote,6166,545,156,True,True,True,True,True,True,True,True,True,False,True,False,False,NO_POINT_IN_TIME_INSTRUMENT_AUTHORITY
runtime/market_data/upstox/20260717/ticks_1784279121.parquet,/Users/madhuram/tradebot-option-e2e-contract-reconstruction-v4/runtime/market_data/upstox/20260717/ticks_1784279121.parquet,1a13aef49379e8ba42ca202198cd0b0d498e0f7b204a5fa9269e26d9511ec566,upstox,quote,6107,619,153,True,True,True,True,True,True,True,True,True,False,True,False,False,NO_POINT_IN_TIME_INSTRUMENT_AUTHORITY
runtime/market_data/upstox/20260717/ticks_1784279133.parquet,/Users/madhuram/tradebot-option-e2e-contract-reconstruction-v4/runtime/market_data/upstox/20260717/ticks_1784279133.parquet,0f902b3f617ccf353b59a3c785ff9d26bd4c83df8f7add61c1091abd28ada85f,upstox,quote,6115,611,153,True,True,True,True,True,True,True,True,True,False,True,False,False,NO_POINT_IN_TIME_INSTRUMENT_AUTHORITY
runtime/market_data/upstox/20260717/ticks_1784279146.parquet,/Users/madhuram/tradebot-option-e2e-contract-reconstruction-v4/runtime/market_data/upstox/20260717/ticks_1784279146.parquet,b2fea14163122772be5fbbbc047d4c06db810d4d2237ff65cc13f05f4fe0d2c1,upstox,quote,5850,553,157,True,True,True,True,True,True,True,True,True,False,True,False,False,NO_POINT_IN_TIME_INSTRUMENT_AUTHORITY
runtime/market_data/upstox/20260717/ticks_1784279158.parquet,/Users/madhuram/tradebot-option-e2e-contract-reconstruction-v4/runtime/market_data/upstox/20260717/ticks_1784279158.parquet,fbbc29a01052c09b72254698e106f70161b96f3ceee75fe4aeaac94d19fd730b,upstox,quote,5747,582,153,True,True,True,True,True,True,True,True,True,False,True,False,False,NO_POINT_IN_TIME_INSTRUMENT_AUTHORITY
runtime/market_data/upstox/20260717/ticks_1784279170.parquet,/Users/madhuram/tradebot-option-e2e-contract-reconstruction-v4/runtime/market_data/upstox/20260717/ticks_1784279170.parquet,07ccbb45a5282a18555ad85f47ad42e82d735dfa331ddeb4907dab18c3a93c7f,upstox,quote,6263,578,156,True,True,True,True,True,True,True,True,True,False,True,False,False,NO_POINT_IN_TIME_INSTRUMENT_AUTHORITY
runtime/market_data/upstox/20260717/ticks_1784279182.parquet,/Users/madhuram/tradebot-option-e2e-contract-reconstruction-v4/runtime/market_data/upstox/20260717/ticks_1784279182.parquet,1c77d1baf120bf9b13bc15282ca57a90ff1791d79957eb7824d67305bf035aac,upstox,quote,6153,688,158,True,True,True,True,True,True,True,True,True,False,True,False,False,NO_POINT_IN_TIME_INSTRUMENT_AUTHORITY
runtime/market_data/upstox/20260717/ticks_1784279194.parquet,/Users/madhuram/tradebot-option-e2e-contract-reconstruction-v4/runtime/market_data/upstox/20260717/ticks_1784279194.parquet,f5cb03498f65552c651fd44d738d14b0c29b8b6159e39e952597bdeff90b1227,upstox,quote,6255,615,152,True,True,True,True,True,True,True,True,True,False,True,False,False,NO_POINT_IN_TIME_INSTRUMENT_AUTHORITY
runtime/market_data/upstox/20260717/ticks_1784279206.parquet,/Users/madhuram/tradebot-option-e2e-contract-reconstruction-v4/runtime/market_data/upstox/20260717/ticks_1784279206.parquet,549997c88d1839aa3174f195c2a621b552c1612bb0d431550cc4cc83f6cf5864,upstox,quote,5984,597,156,True,True,True,True,True,True,True,True,True,False,True,False,False,NO_POINT_IN_TIME_INSTRUMENT_AUTHORITY
runtime/market_data/upstox/20260717/ticks_1784279219.parquet,/Users/madhuram/tradebot-option-e2e-contract-reconstruction-v4/runtime/market_data/upstox/20260717/ticks_1784279219.parquet,f10f19dee3bed151957c95e5aac8e1d42036020174a06cfd1d74ad74e29605c3,upstox,quote,5801,563,155,True,True,True,True,True,True,True,True,True,False,True,False,False,NO_POINT_IN_TIME_INSTRUMENT_AUTHORITY
runtime/market_data/upstox/20260717/ticks_1784279231.parquet,/Users/madhuram/tradebot-option-e2e-contract-reconstruction-v4/runtime/market_data/upstox/20260717/ticks_1784279231.parquet,2be56d8f1723e60decee571d008c24caceeb18cc9f5e2057b68065d510556e0f,upstox,quote,6073,600,157,True,True,True,True,True,True,True,True,True,False,True,False,False,NO_POINT_IN_TIME_INSTRUMENT_AUTHORITY
runtime/market_data/upstox/20260717/ticks_1784279243.parquet,/Users/madhuram/tradebot-option-e2e-contract-reconstruction-v4/runtime/market_data/upstox/20260717/ticks_1784279243.parquet,3c27cc91afcf8ff5d974824f215d2035c7ac449d78d4fcf0ec821b3219792ebc,upstox,quote,6279,615,155,True,True,True,True,True,True,True,True,True,False,True,False,False,NO_POINT_IN_TIME_INSTRUMENT_AUTHORITY
runtime/market_data/upstox/20260717/ticks_1784279256.parquet,/Users/madhuram/tradebot-option-e2e-contract-reconstruction-v4/runtime/market_data/upstox/20260717/ticks_1784279256.parquet,ff021458786400976eb9b0dbf30f8d7740d7e38fa981c43714eb57541974c6ea,upstox,quote,6211,546,151,True,True,True,True,True,True,True,True,True,False,True,False,False,NO_POINT_IN_TIME_INSTRUMENT_AUTHORITY
runtime/market_data/upstox/20260717/ticks_1784279268.parquet,/Users/madhuram/tradebot-option-e2e-contract-reconstruction-v4/runtime/market_data/upstox/20260717/ticks_1784279268.parquet,9e64f58fb590b8b6fcd22955343d512b2d57c203412f75fca7465bafe59151d2,upstox,quote,5902,612,155,True,True,True,True,True,True,True,True,True,False,True,False,False,NO_POINT_IN_TIME_INSTRUMENT_AUTHORITY
runtime/market_data/upstox/20260717/ticks_1784279280.parquet,/Users/madhuram/tradebot-option-e2e-contract-reconstruction-v4/runtime/market_data/upstox/20260717/ticks_1784279280.parquet,48c96b21a3c6a1a3fb67b78fb13b6f8873d34e8525a0d1fb8d7ceed074963432,upstox,quote,5725,614,151,True,True,True,True,True,True,True,True,True,False,True,False,False,NO_POINT_IN_TIME_INSTRUMENT_AUTHORITY
runtime/market_data/upstox/20260717/ticks_1784279292.parquet,/Users/madhuram/tradebot-option-e2e-contract-reconstruction-v4/runtime/market_data/upstox/20260717/ticks_1784279292.parquet,9219c035375a57ebd22bfd72730e7f7f06bbf0d53f66d19b92267222514cbe46,upstox,quote,6247,561,155,True,True,True,True,True,True,True,True,True,False,True,False,False,NO_POINT_IN_TIME_INSTRUMENT_AUTHORITY
runtime/market_data/upstox/20260717/ticks_1784279304.parquet,/Users/madhuram/tradebot-option-e2e-contract-reconstruction-v4/runtime/market_data/upstox/20260717/ticks_1784279304.parquet,fe5bed21734278cbb4045c1e971e32b8e836d40f8c8e334cd6da4d80aae482a8,upstox,quote,6065,657,157,True,True,True,True,True,True,True,True,True,False,True,False,False,NO_POINT_IN_TIME_INSTRUMENT_AUTHORITY
runtime/market_data/upstox/20260717/ticks_1784279316.parquet,/Users/madhuram/tradebot-option-e2e-contract-reconstruction-v4/runtime/market_data/upstox/20260717/ticks_1784279316.parquet,2f6485eb4a52d2a968eb23bcca6bf327e8ca7c137a78bf45b85e3b024a4f314c,upstox,quote,6313,664,155,True,True,True,True,True,True,True,True,True,False,True,False,False,NO_POINT_IN_TIME_INSTRUMENT_AUTHORITY
runtime/market_data/upstox/20260717/ticks_1784279328.parquet,/Users/madhuram/tradebot-option-e2e-contract-reconstruction-v4/runtime/market_data/upstox/20260717/ticks_1784279328.parquet,ecf38d997fee5f0625cda9084fa707f4c16ec5f6428e9e117840405e9c103324,upstox,quote,5799,587,159,True,True,True,True,True,True,True,True,True,False,True,False,False,NO_POINT_IN_TIME_INSTRUMENT_AUTHORITY
runtime/market_data/upstox/20260717/ticks_1784279341.parquet,/Users/madhuram/tradebot-option-e2e-contract-reconstruction-v4/runtime/market_data/upstox/20260717/ticks_1784279341.parquet,0880d5d875439fa0897777afed311d9629fe567b888dbeaa7b6705555316c7f6,upstox,quote,5711,545,158,True,True,True,True,True,True,True,True,True,False,True,False,False,NO_POINT_IN_TIME_INSTRUMENT_AUTHORITY
runtime/market_data/upstox/20260717/ticks_1784279353.parquet,/Users/madhuram/tradebot-option-e2e-contract-reconstruction-v4/runtime/market_data/upstox/20260717/ticks_1784279353.parquet,7bbb8385d416a2ae2441857d991cdb1e7dc26419be53f38aee3ee862e79cb379,upstox,quote,5587,580,156,True,True,True,True,True,True,True,True,True,False,True,False,False,NO_POINT_IN_TIME_INSTRUMENT_AUTHORITY
runtime/market_data/upstox/20260717/ticks_1784279365.parquet,/Users/madhuram/tradebot-option-e2e-contract-reconstruction-v4/runtime/market_data/upstox/20260717/ticks_1784279365.parquet,e9749291b34bd9b95f42eaa38fc83dd4bab6f4d7b0742559bf38c38ab1f05f2c,upstox,quote,5820,668,154,True,True,True,True,True,True,True,True,True,False,True,False,False,NO_POINT_IN_TIME_INSTRUMENT_AUTHORITY
runtime/market_data/upstox/20260717/ticks_1784279377.parquet,/Users/madhuram/tradebot-option-e2e-contract-reconstruction-v4/runtime/market_data/upstox/20260717/ticks_1784279377.parquet,a3b95851b82540afeaccb857211405055ece6de60cfc00ec932ec192c72a988b,upstox,quote,5760,540,151,True,True,True,True,True,True,True,True,True,False,True,False,False,NO_POINT_IN_TIME_INSTRUMENT_AUTHORITY
runtime/market_data/upstox/20260717/ticks_1784279390.parquet,/Users/madhuram/tradebot-option-e2e-contract-reconstruction-v4/runtime/market_data/upstox/20260717/ticks_1784279390.parquet,976a7135d353760c013604819446e912e113ec07a32243439690d30ef642aeee,upstox,quote,6070,536,153,True,True,True,True,True,True,True,True,True,False,True,False,False,NO_POINT_IN_TIME_INSTRUMENT_AUTHORITY
runtime/market_data/upstox/20260717/ticks_1784279402.parquet,/Users/madhuram/tradebot-option-e2e-contract-reconstruction-v4/runtime/market_data/upstox/20260717/ticks_1784279402.parquet,6475abea0e98722a1f22a0c893da29db6963f65c532ebb8a7af383dcafc5d0f1,upstox,quote,6056,700,154,True,True,True,True,True,True,True,True,True,False,True,False,False,NO_POINT_IN_TIME_INSTRUMENT_AUTHORITY
runtime/market_data/upstox/20260717/ticks_1784279415.parquet,/Users/madhuram/tradebot-option-e2e-contract-reconstruction-v4/runtime/market_data/upstox/20260717/ticks_1784279415.parquet,003817f9c0c14c8cf8c5c9f0af82962477a27236593e6193920bbdf52cae8d10,upstox,quote,6308,619,155,True,True,True,True,True,True,True,True,True,False,True,False,False,NO_POINT_IN_TIME_INSTRUMENT_AUTHORITY
runtime/market_data/upstox/20260717/ticks_1784279427.parquet,/Users/madhuram/tradebot-option-e2e-contract-reconstruction-v4/runtime/market_data/upstox/20260717/ticks_1784279427.parquet,89e13a149a7009a68b6e0c1c10e48f64250b6b0713ed3d7408d458b19b35389c,upstox,quote,5978,593,157,True,True,True,True,True,True,True,True,True,False,True,False,False,NO_POINT_IN_TIME_INSTRUMENT_AUTHORITY
runtime/market_data/upstox/20260717/ticks_1784279439.parquet,/Users/madhuram/tradebot-option-e2e-contract-reconstruction-v4/runtime/market_data/upstox/20260717/ticks_1784279439.parquet,26e8d103c39fe541c5717ee424b4fc64a702722d7bdbb5186b51b3faa18403c6,upstox,quote,6241,676,159,True,True,True,True,True,True,True,True,True,False,True,False,False,NO_POINT_IN_TIME_INSTRUMENT_AUTHORITY
runtime/market_data/upstox/20260717/ticks_1784279451.parquet,/Users/madhuram/tradebot-option-e2e-contract-reconstruction-v4/runtime/market_data/upstox/20260717/ticks_1784279451.parquet,7f50c9f626f197653b1f05f9a3d6b04da855e03cad965896d07a0602cad4aa12,upstox,quote,5785,744,160,True,True,True,True,True,True,True,True,True,False,True,False,False,NO_POINT_IN_TIME_INSTRUMENT_AUTHORITY
runtime/market_data/upstox/20260717/ticks_1784279463.parquet,/Users/madhuram/tradebot-option-e2e-contract-reconstruction-v4/runtime/market_data/upstox/20260717/ticks_1784279463.parquet,2a396e6597e8651b524a93a5a1af5cfc8a1e496e46715c385e0a8fae5244b2c0,upstox,quote,5979,541,154,True,True,True,True,True,True,True,True,True,False,True,False,False,NO_POINT_IN_TIME_INSTRUMENT_AUTHORITY
runtime/market_data/upstox/20260717/ticks_1784279476.parquet,/Users/madhuram/tradebot-option-e2e-contract-reconstruction-v4/runtime/market_data/upstox/20260717/ticks_1784279476.parquet,8769ba46a838457eef2c34b00f61bb74d5a4040ae8583b1b379aa6a66a8b28bf,upstox,quote,5899,553,152,True,True,True,True,True,True,True,True,True,False,True,False,False,NO_POINT_IN_TIME_INSTRUMENT_AUTHORITY
runtime/market_data/upstox/20260717/ticks_1784279488.parquet,/Users/madhuram/tradebot-option-e2e-contract-reconstruction-v4/runtime/market_data/upstox/20260717/ticks_1784279488.parquet,147cdb58e6d3275d9fd9a4a7840869bb4f4ae57d28768443b7fd5d8efb10a062,upstox,quote,6256,730,156,True,True,True,True,True,True,True,True,True,False,True,False,False,NO_POINT_IN_TIME_INSTRUMENT_AUTHORITY
runtime/market_data/upstox/20260717/ticks_1784279500.parquet,/Users/madhuram/tradebot-option-e2e-contract-reconstruction-v4/runtime/market_data/upstox/20260717/ticks_1784279500.parquet,707e176c5da29bd9a4188e8d41ba27c2de01e1d8db20c0a6afedb22acd5dd2b8,upstox,quote,6407,684,159,True,True,True,True,True,True,True,True,True,False,True,False,False,NO_POINT_IN_TIME_INSTRUMENT_AUTHORITY
runtime/market_data/upstox/20260717/ticks_1784279512.parquet,/Users/madhuram/tradebot-option-e2e-contract-reconstruction-v4/runtime/market_data/upstox/20260717/ticks_1784279512.parquet,8f721af51c8c40284d445db26545b568599cd988017f648d83a4d919c79b9ba7,upstox,quote,6039,621,160,True,True,True,True,True,True,True,True,True,False,True,False,False,NO_POINT_IN_TIME_INSTRUMENT_AUTHORITY
runtime/market_data/upstox/20260717/ticks_1784279524.parquet,/Users/madhuram/tradebot-option-e2e-contract-reconstruction-v4/runtime/market_data/upstox/20260717/ticks_1784279524.parquet,013c039b9afb9497838bcd392a764a4616c9ac5e552167952a9d675d356202f3,upstox,quote,6608,722,159,True,True,True,True,True,True,True,True,True,False,True,False,False,NO_POINT_IN_TIME_INSTRUMENT_AUTHORITY
runtime/market_data/upstox/20260717/ticks_1784279536.parquet,/Users/madhuram/tradebot-option-e2e-contract-reconstruction-v4/runtime/market_data/upstox/20260717/ticks_1784279536.parquet,30a597b4ec54fd00db7b4363d158b8c8b8eda00f92e5582259c63608973d85c0,upstox,quote,6397,680,157,True,True,True,True,True,True,True,True,True,False,True,False,False,NO_POINT_IN_TIME_INSTRUMENT_AUTHORITY
runtime/market_data/upstox/20260717/ticks_1784279549.parquet,/Users/madhuram/tradebot-option-e2e-contract-reconstruction-v4/runtime/market_data/upstox/20260717/ticks_1784279549.parquet,ae2dfb1f1bcc891f5283db4f9aa31d1dce2ea126c83673d043f3fd1720c6a656,upstox,quote,6080,585,158,True,True,True,True,True,True,True,True,True,False,True,False,False,NO_POINT_IN_TIME_INSTRUMENT_AUTHORITY
runtime/market_data/upstox/20260717/ticks_1784279561.parquet,/Users/madhuram/tradebot-option-e2e-contract-reconstruction-v4/runtime/market_data/upstox/20260717/ticks_1784279561.parquet,726e8bb1ad05cebf1abdac86fe4d76613651cc81418981301c6339cadd0559fd,upstox,quote,6197,619,157,True,True,True,True,True,True,True,True,True,False,True,False,False,NO_POINT_IN_TIME_INSTRUMENT_AUTHORITY
runtime/market_data/upstox/20260717/ticks_1784279573.parquet,/Users/madhuram/tradebot-option-e2e-contract-reconstruction-v4/runtime/market_data/upstox/20260717/ticks_1784279573.parquet,cb51e4c64f74306a2459e39e7fd75c31d8aa0f6df04bc05d87d8568dd779702e,upstox,quote,6243,668,159,True,True,True,True,True,True,True,True,True,False,True,False,False,NO_POINT_IN_TIME_INSTRUMENT_AUTHORITY
runtime/market_data/upstox/20260717/ticks_1784279585.parquet,/Users/madhuram/tradebot-option-e2e-contract-reconstruction-v4/runtime/market_data/upstox/20260717/ticks_1784279585.parquet,cd07361edbd5cbab10961b109522334a97183217365d7e9680c7e8cb59e8d72d,upstox,quote,6444,616,157,True,True,True,True,True,True,True,True,True,False,True,False,False,NO_POINT_IN_TIME_INSTRUMENT_AUTHORITY
runtime/market_data/upstox/20260717/ticks_1784279597.parquet,/Users/madhuram/tradebot-option-e2e-contract-reconstruction-v4/runtime/market_data/upstox/20260717/ticks_1784279597.parquet,8ac48ae4a268bb759e7e3fd46ab0413176fa095ec59d760fb4873eb9a50ce043,upstox,quote,6381,587,160,True,True,True,True,True,True,True,True,True,False,True,False,False,NO_POINT_IN_TIME_INSTRUMENT_AUTHORITY
runtime/market_data/upstox/20260717/ticks_1784279609.parquet,/Users/madhuram/tradebot-option-e2e-contract-reconstruction-v4/runtime/market_data/upstox/20260717/ticks_1784279609.parquet,e247888b7188ffa54228f7a0cc9cb140409d0e8df86f0abc7dd0168c01a7f482,upstox,quote,6034,571,158,True,True,True,True,True,True,True,True,True,False,True,False,False,NO_POINT_IN_TIME_INSTRUMENT_AUTHORITY
runtime/market_data/upstox/20260717/ticks_1784279622.parquet,/Users/madhuram/tradebot-option-e2e-contract-reconstruction-v4/runtime/market_data/upstox/20260717/ticks_1784279622.parquet,97d8b8e8622f63dad728a5d5fd61252536776004d3ea542654678aafa7ddaa60,upstox,quote,6323,616,155,True,True,True,True,True,True,True,True,True,False,True,False,False,NO_POINT_IN_TIME_INSTRUMENT_AUTHORITY
runtime/market_data/upstox/20260717/ticks_1784279634.parquet,/Users/madhuram/tradebot-option-e2e-contract-reconstruction-v4/runtime/market_data/upstox/20260717/ticks_1784279634.parquet,95e1f339ba08b41150b23a6219a7b63f32dc59379e119e118a333a6f198cef9b,upstox,quote,6080,570,157,True,True,True,True,True,True,True,True,True,False,True,False,False,NO_POINT_IN_TIME_INSTRUMENT_AUTHORITY
runtime/market_data/upstox/20260717/ticks_1784279646.parquet,/Users/madhuram/tradebot-option-e2e-contract-reconstruction-v4/runtime/market_data/upstox/20260717/ticks_1784279646.parquet,89661fb8749d4369a7025afb8b9091d05dadf47687eb94588d6cc6c76ccf312a,upstox,quote,6074,599,160,True,True,True,True,True,True,True,True,True,False,True,False,False,NO_POINT_IN_TIME_INSTRUMENT_AUTHORITY
runtime/market_data/upstox/20260717/ticks_1784279658.parquet,/Users/madhuram/tradebot-option-e2e-contract-reconstruction-v4/runtime/market_data/upstox/20260717/ticks_1784279658.parquet,db30a7ae2d8fa21f0ab138dd4237eb7c6a11da4f96ec8af8a1c971dccdec9831,upstox,quote,6050,613,156,True,True,True,True,True,True,True,True,True,False,True,False,False,NO_POINT_IN_TIME_INSTRUMENT_AUTHORITY
runtime/market_data/upstox/20260717/ticks_1784279670.parquet,/Users/madhuram/tradebot-option-e2e-contract-reconstruction-v4/runtime/market_data/upstox/20260717/ticks_1784279670.parquet,dce37cd18498351104be4dd06d614d5c850ff3aeba6ca3c297bb4c20316ef129,upstox,quote,6263,648,157,True,True,True,True,True,True,True,True,True,False,True,False,False,NO_POINT_IN_TIME_INSTRUMENT_AUTHORITY
runtime/market_data/upstox/20260717/ticks_1784279682.parquet,/Users/madhuram/tradebot-option-e2e-contract-reconstruction-v4/runtime/market_data/upstox/20260717/ticks_1784279682.parquet,07aed00c88cdf152bb1bf43c0a10fc53b4993bc5f0604fc711dc0e4af66e7ac2,upstox,quote,6064,624,159,True,True,True,True,True,True,True,True,True,False,True,False,False,NO_POINT_IN_TIME_INSTRUMENT_AUTHORITY
runtime/market_data/upstox/20260717/ticks_1784279695.parquet,/Users/madhuram/tradebot-option-e2e-contract-reconstruction-v4/runtime/market_data/upstox/20260717/ticks_1784279695.parquet,bbb929209625d55b4bb4326bddcfeddde884291a3a20f1054bb8f0a252ae9eb8,upstox,quote,5965,525,158,True,True,True,True,True,True,True,True,True,False,True,False,False,NO_POINT_IN_TIME_INSTRUMENT_AUTHORITY
runtime/market_data/upstox/20260717/ticks_1784279707.parquet,/Users/madhuram/tradebot-option-e2e-contract-reconstruction-v4/runtime/market_data/upstox/20260717/ticks_1784279707.parquet,d26d3826958f9ea1c55dee87000c53ab66c56ce0ea450b2c0349a694b9ff2748,upstox,quote,6431,618,157,True,True,True,True,True,True,True,True,True,False,True,False,False,NO_POINT_IN_TIME_INSTRUMENT_AUTHORITY
runtime/market_data/upstox/20260717/ticks_1784279719.parquet,/Users/madhuram/tradebot-option-e2e-contract-reconstruction-v4/runtime/market_data/upstox/20260717/ticks_1784279719.parquet,bd9d4e61afd5e7d78a2e4ed8b5dff0992329de1b6c47e39302964aa74af5045f,upstox,quote,6150,643,156,True,True,True,True,True,True,True,True,True,False,True,False,False,NO_POINT_IN_TIME_INSTRUMENT_AUTHORITY
runtime/market_data/upstox/20260717/ticks_1784279731.parquet,/Users/madhuram/tradebot-option-e2e-contract-reconstruction-v4/runtime/market_data/upstox/20260717/ticks_1784279731.parquet,1ae607ff96167b551a6eb6761e0d2d417acfe32a4576fc0ce88be2d274f308db,upstox,quote,6151,564,158,True,True,True,True,True,True,True,True,True,False,True,False,False,NO_POINT_IN_TIME_INSTRUMENT_AUTHORITY
runtime/market_data/upstox/20260717/ticks_1784279743.parquet,/Users/madhuram/tradebot-option-e2e-contract-reconstruction-v4/runtime/market_data/upstox/20260717/ticks_1784279743.parquet,606c7ee8563370a0084fadd3d9c823ac5f3cfd3b0d4c7f6c6bb98af34319754e,upstox,quote,6231,561,156,True,True,True,True,True,True,True,True,True,False,True,False,False,NO_POINT_IN_TIME_INSTRUMENT_AUTHORITY
runtime/market_data/upstox/20260717/ticks_1784279755.parquet,/Users/madhuram/tradebot-option-e2e-contract-reconstruction-v4/runtime/market_data/upstox/20260717/ticks_1784279755.parquet,77b5ffb2c7d1b4bb5d81b08413a52c720dbcea4d63427d70c77e4757920ed4f7,upstox,quote,6093,698,159,True,True,True,True,True,True,True,True,True,False,True,False,False,NO_POINT_IN_TIME_INSTRUMENT_AUTHORITY
runtime/market_data/upstox/20260717/ticks_1784279768.parquet,/Users/madhuram/tradebot-option-e2e-contract-reconstruction-v4/runtime/market_data/upstox/20260717/ticks_1784279768.parquet,e23580932ca8243cc3af425b77279cb18d03ae3f0e6153178e315924bc3287a8,upstox,quote,6263,562,160,True,True,True,True,True,True,True,True,True,False,True,False,False,NO_POINT_IN_TIME_INSTRUMENT_AUTHORITY
runtime/market_data/upstox/20260717/ticks_1784279780.parquet,/Users/madhuram/tradebot-option-e2e-contract-reconstruction-v4/runtime/market_data/upstox/20260717/ticks_1784279780.parquet,c0067bbe855848eee650cda52e57cd84f600416714c6a40f37de46d98a8f8071,upstox,quote,5963,595,157,True,True,True,True,True,True,True,True,True,False,True,False,False,NO_POINT_IN_TIME_INSTRUMENT_AUTHORITY
runtime/market_data/upstox/20260717/ticks_1784279792.parquet,/Users/madhuram/tradebot-option-e2e-contract-reconstruction-v4/runtime/market_data/upstox/20260717/ticks_1784279792.parquet,28a919e103dbc5f74fc4a536e9301365cca93933b10c9ce5d8d816c6b700b4ff,upstox,quote,6510,771,160,True,True,True,True,True,True,True,True,True,False,True,False,False,NO_POINT_IN_TIME_INSTRUMENT_AUTHORITY
runtime/market_data/upstox/20260717/ticks_1784279804.parquet,/Users/madhuram/tradebot-option-e2e-contract-reconstruction-v4/runtime/market_data/upstox/20260717/ticks_1784279804.parquet,92ef0cf30f1777178926269efbe38dfd4ec063a2be864c3008c724f6a702661e,upstox,quote,5931,589,159,True,True,True,True,True,True,True,True,True,False,True,False,False,NO_POINT_IN_TIME_INSTRUMENT_AUTHORITY
runtime/market_data/upstox/20260717/ticks_1784279816.parquet,/Users/madhuram/tradebot-option-e2e-contract-reconstruction-v4/runtime/market_data/upstox/20260717/ticks_1784279816.parquet,a58f7e66b8676464564205b0241456077196efa64b5fa38acbede582f587c5f8,upstox,quote,6088,535,157,True,True,True,True,True,True,True,True,True,False,True,False,False,NO_POINT_IN_TIME_INSTRUMENT_AUTHORITY
runtime/market_data/upstox/20260717/ticks_1784279828.parquet,/Users/madhuram/tradebot-option-e2e-contract-reconstruction-v4/runtime/market_data/upstox/20260717/ticks_1784279828.parquet,98a130c8927915c48ec942cf6dcc4be752a95a7eacc51ddbb3311b2dbe7937d9,upstox,quote,6170,584,157,True,True,True,True,True,True,True,True,True,False,True,False,False,NO_POINT_IN_TIME_INSTRUMENT_AUTHORITY
runtime/market_data/upstox/20260717/ticks_1784279840.parquet,/Users/madhuram/tradebot-option-e2e-contract-reconstruction-v4/runtime/market_data/upstox/20260717/ticks_1784279840.parquet,1a1851d43cb23d1ac62d1d92362e1c2ccabe7f2304a83371ccd4f2fa5e798d10,upstox,quote,6036,665,156,True,True,True,True,True,True,True,True,True,False,True,False,False,NO_POINT_IN_TIME_INSTRUMENT_AUTHORITY
runtime/market_data/upstox/20260717/ticks_1784279853.parquet,/Users/madhuram/tradebot-option-e2e-contract-reconstruction-v4/runtime/market_data/upstox/20260717/ticks_1784279853.parquet,01dc23256f1aead6515b2c21deacf403144b08efeb7b61481acd316a6d92c5af,upstox,quote,6222,641,156,True,True,True,True,True,True,True,True,True,False,True,False,False,NO_POINT_IN_TIME_INSTRUMENT_AUTHORITY
runtime/market_data/upstox/20260717/ticks_1784279865.parquet,/Users/madhuram/tradebot-option-e2e-contract-reconstruction-v4/runtime/market_data/upstox/20260717/ticks_1784279865.parquet,9489cae6d725dada0aa9e2ec4e64ec7cb4dc556c3927f003a9f7c710554f4aeb,upstox,quote,5918,550,155,True,True,True,True,True,True,True,True,True,False,True,False,False,NO_POINT_IN_TIME_INSTRUMENT_AUTHORITY
runtime/market_data/upstox/20260717/ticks_1784279877.parquet,/Users/madhuram/tradebot-option-e2e-contract-reconstruction-v4/runtime/market_data/upstox/20260717/ticks_1784279877.parquet,9c14ed3839eb99dca6ae11cca5a9bd83354ea22f06ab70df54b3a89540b0e10e,upstox,quote,5937,675,155,True,True,True,True,True,True,True,True,True,False,True,False,False,NO_POINT_IN_TIME_INSTRUMENT_AUTHORITY
runtime/market_data/upstox/20260717/ticks_1784279889.parquet,/Users/madhuram/tradebot-option-e2e-contract-reconstruction-v4/runtime/market_data/upstox/20260717/ticks_1784279889.parquet,85d707b0151c31088bd23cf10ab3a89637cba84c6d9d2f4ee2f509532b47f46d,upstox,quote,6012,574,155,True,True,True,True,True,True,True,True,True,False,True,False,False,NO_POINT_IN_TIME_INSTRUMENT_AUTHORITY
runtime/market_data/upstox/20260717/ticks_1784279901.parquet,/Users/madhuram/tradebot-option-e2e-contract-reconstruction-v4/runtime/market_data/upstox/20260717/ticks_1784279901.parquet,76c49a470edb1b47ceeff8f9c235b4b87e6f9a72c4addfe8af0aaacd35afbcfc,upstox,quote,6161,595,155,True,True,True,True,True,True,True,True,True,False,True,False,False,NO_POINT_IN_TIME_INSTRUMENT_AUTHORITY
runtime/market_data/upstox/20260717/ticks_1784279913.parquet,/Users/madhuram/tradebot-option-e2e-contract-reconstruction-v4/runtime/market_data/upstox/20260717/ticks_1784279913.parquet,5385e20170e599744c4d956c6b493ad646ae61e8bcd4f3ee981b25fd3393739c,upstox,quote,6300,690,156,True,True,True,True,True,True,True,True,True,False,True,False,False,NO_POINT_IN_TIME_INSTRUMENT_AUTHORITY
runtime/market_data/upstox/20260717/ticks_1784279925.parquet,/Users/madhuram/tradebot-option-e2e-contract-reconstruction-v4/runtime/market_data/upstox/20260717/ticks_1784279925.parquet,3376b43e79d83b9cb111ac5d31ead1d4be246486b1a90cacfd537fe7a6486fc6,upstox,quote,6063,619,156,True,True,True,True,True,True,True,True,True,False,True,False,False,NO_POINT_IN_TIME_INSTRUMENT_AUTHORITY
runtime/market_data/upstox/20260717/ticks_1784279937.parquet,/Users/madhuram/tradebot-option-e2e-contract-reconstruction-v4/runtime/market_data/upstox/20260717/ticks_1784279937.parquet,45f56e046367378de483bfbc9cf739a39c0425cb15f98f2dfe6b4fa9e25ef9c0,upstox,quote,5948,535,156,True,True,True,True,True,True,True,True,True,False,True,False,False,NO_POINT_IN_TIME_INSTRUMENT_AUTHORITY
runtime/market_data/upstox/20260717/ticks_1784279950.parquet,/Users/madhuram/tradebot-option-e2e-contract-reconstruction-v4/runtime/market_data/upstox/20260717/ticks_1784279950.parquet,737a5117bad9139f09f127578b70c94d89f31ec21e000aa0811a525c4e2ad44a,upstox,quote,6216,696,152,True,True,True,True,True,True,True,True,True,False,True,False,False,NO_POINT_IN_TIME_INSTRUMENT_AUTHORITY
runtime/market_data/upstox/20260717/ticks_1784279962.parquet,/Users/madhuram/tradebot-option-e2e-contract-reconstruction-v4/runtime/market_data/upstox/20260717/ticks_1784279962.parquet,7266c36472a408f3878f347fb8b1973ba19c48e884366f37f93ce7301c1856b7,upstox,quote,5970,594,156,True,True,True,True,True,True,True,True,True,False,True,False,False,NO_POINT_IN_TIME_INSTRUMENT_AUTHORITY
runtime/market_data/upstox/20260717/ticks_1784279974.parquet,/Users/madhuram/tradebot-option-e2e-contract-reconstruction-v4/runtime/market_data/upstox/20260717/ticks_1784279974.parquet,1e22f18bd2c2c9c2a242cbe13a359ae26d99e3e315723ab7c7eed21c350b1fb0,upstox,quote,6263,582,151,True,True,True,True,True,True,True,True,True,False,True,False,False,NO_POINT_IN_TIME_INSTRUMENT_AUTHORITY
runtime/market_data/upstox/20260717/ticks_1784279986.parquet,/Users/madhuram/tradebot-option-e2e-contract-reconstruction-v4/runtime/market_data/upstox/20260717/ticks_1784279986.parquet,582c72128b9f042831f2e32d7ea900ca3c94abd60e957f717c90ced4e12a9c3b,upstox,quote,6153,673,157,True,True,True,True,True,True,True,True,True,False,True,False,False,NO_POINT_IN_TIME_INSTRUMENT_AUTHORITY
runtime/market_data/upstox/20260717/ticks_1784279998.parquet,/Users/madhuram/tradebot-option-e2e-contract-reconstruction-v4/runtime/market_data/upstox/20260717/ticks_1784279998.parquet,0c9f523e40890dea076973f065f638acd7bf42bcd7bf40c29251402a813b5e9c,upstox,quote,5907,578,159,True,True,True,True,True,True,True,True,True,False,True,False,False,NO_POINT_IN_TIME_INSTRUMENT_AUTHORITY
runtime/market_data/upstox/20260717/ticks_1784280011.parquet,/Users/madhuram/tradebot-option-e2e-contract-reconstruction-v4/runtime/market_data/upstox/20260717/ticks_1784280011.parquet,abd733a932432cdbda56b3f63202e6108262ef6bce0cbc1e02945fa06023be1a,upstox,quote,6173,632,159,True,True,True,True,True,True,True,True,True,False,True,False,False,NO_POINT_IN_TIME_INSTRUMENT_AUTHORITY
runtime/market_data/upstox/20260717/ticks_1784280023.parquet,/Users/madhuram/tradebot-option-e2e-contract-reconstruction-v4/runtime/market_data/upstox/20260717/ticks_1784280023.parquet,e01ed3fd8a3f0e362127c7bdfe6535af3eb0ff8f1b260156821ce7f1e774832f,upstox,quote,6238,627,154,True,True,True,True,True,True,True,True,True,False,True,False,False,NO_POINT_IN_TIME_INSTRUMENT_AUTHORITY
runtime/market_data/upstox/20260717/ticks_1784280035.parquet,/Users/madhuram/tradebot-option-e2e-contract-reconstruction-v4/runtime/market_data/upstox/20260717/ticks_1784280035.parquet,4090b2b78b2b3eaaa1d7128165a1a6df6788e7e4739914f8067fd9cd8f876790,upstox,quote,6389,659,160,True,True,True,True,True,True,True,True,True,False,True,False,False,NO_POINT_IN_TIME_INSTRUMENT_AUTHORITY
runtime/market_data/upstox/20260717/ticks_1784280047.parquet,/Users/madhuram/tradebot-option-e2e-contract-reconstruction-v4/runtime/market_data/upstox/20260717/ticks_1784280047.parquet,0365c92ecf27445f2b5d1782927d8e10e969d9d45e19477bb36811fcfe2048c9,upstox,quote,6021,553,156,True,True,True,True,True,True,True,True,True,False,True,False,False,NO_POINT_IN_TIME_INSTRUMENT_AUTHORITY
runtime/market_data/upstox/20260717/ticks_1784280059.parquet,/Users/madhuram/tradebot-option-e2e-contract-reconstruction-v4/runtime/market_data/upstox/20260717/ticks_1784280059.parquet,b4b7af61e70b2530cc4219e1a5273b566e55dfe47275c1f6319567ec567c8779,upstox,quote,6042,609,156,True,True,True,True,True,True,True,True,True,False,True,False,False,NO_POINT_IN_TIME_INSTRUMENT_AUTHORITY
runtime/market_data/upstox/20260717/ticks_1784280071.parquet,/Users/madhuram/tradebot-option-e2e-contract-reconstruction-v4/runtime/market_data/upstox/20260717/ticks_1784280071.parquet,4c9123494e09edcf180711afac812058393c7056cab59983997e1c2e6b6c6736,upstox,quote,6490,647,157,True,True,True,True,True,True,True,True,True,False,True,False,False,NO_POINT_IN_TIME_INSTRUMENT_AUTHORITY
runtime/market_data/upstox/20260717/ticks_1784280083.parquet,/Users/madhuram/tradebot-option-e2e-contract-reconstruction-v4/runtime/market_data/upstox/20260717/ticks_1784280083.parquet,2df6a9d9678ac27d50c31a3fd5680d65d1f6233db62626bf3f4b8cfa3fc12a0e,upstox,quote,6250,541,151,True,True,True,True,True,True,True,True,True,False,True,False,False,NO_POINT_IN_TIME_INSTRUMENT_AUTHORITY
runtime/market_data/upstox/20260717/ticks_1784280096.parquet,/Users/madhuram/tradebot-option-e2e-contract-reconstruction-v4/runtime/market_data/upstox/20260717/ticks_1784280096.parquet,5c55fa66419ed5b6e8f312d05f1752a82d17fe39e092babf83868494d9df5510,upstox,quote,6306,609,158,True,True,True,True,True,True,True,True,True,False,True,False,False,NO_POINT_IN_TIME_INSTRUMENT_AUTHORITY
runtime/market_data/upstox/20260717/ticks_1784280108.parquet,/Users/madhuram/tradebot-option-e2e-contract-reconstruction-v4/runtime/market_data/upstox/20260717/ticks_1784280108.parquet,82c971b26c93537a160aeaf3e172023254595b9c736adfa95b59e55bb4204f4b,upstox,quote,6355,726,151,True,True,True,True,True,True,True,True,True,False,True,False,False,NO_POINT_IN_TIME_INSTRUMENT_AUTHORITY
runtime/market_data/upstox/20260717/ticks_1784280120.parquet,/Users/madhuram/tradebot-option-e2e-contract-reconstruction-v4/runtime/market_data/upstox/20260717/ticks_1784280120.parquet,ab64194d62b9a01b786b9c61ffed4e29beb805e5efab81cf29f9fa025e52d89f,upstox,quote,6093,655,159,True,True,True,True,True,True,True,True,True,False,True,False,False,NO_POINT_IN_TIME_INSTRUMENT_AUTHORITY
runtime/market_data/upstox/20260717/ticks_1784280132.parquet,/Users/madhuram/tradebot-option-e2e-contract-reconstruction-v4/runtime/market_data/upstox/20260717/ticks_1784280132.parquet,c4fce00caf89239186885c37a1d7bbb6f35d969760dc99ff5cc26193bd071f75,upstox,quote,6505,649,157,True,True,True,True,True,True,True,True,True,False,True,False,False,NO_POINT_IN_TIME_INSTRUMENT_AUTHORITY
runtime/market_data/upstox/20260717/ticks_1784280144.parquet,/Users/madhuram/tradebot-option-e2e-contract-reconstruction-v4/runtime/market_data/upstox/20260717/ticks_1784280144.parquet,19a5bd65375fdc86b623bc5a4e6f1c88a30c79fbaf679785864fe3163b1c182d,upstox,quote,6230,679,156,True,True,True,True,True,True,True,True,True,False,True,False,False,NO_POINT_IN_TIME_INSTRUMENT_AUTHORITY
runtime/market_data/upstox/20260717/ticks_1784280157.parquet,/Users/madhuram/tradebot-option-e2e-contract-reconstruction-v4/runtime/market_data/upstox/20260717/ticks_1784280157.parquet,a79a5f085cc636b02fde8b50298935a624d372b6334e999416301c31cfea9d2a,upstox,quote,6136,593,152,True,True,True,True,True,True,True,True,True,False,True,False,False,NO_POINT_IN_TIME_INSTRUMENT_AUTHORITY
runtime/market_data/upstox/20260717/ticks_1784280169.parquet,/Users/madhuram/tradebot-option-e2e-contract-reconstruction-v4/runtime/market_data/upstox/20260717/ticks_1784280169.parquet,ef7ef4e69a1158ba0e67628dd03bddde468876623ed60b180d672b81d18fdeec,upstox,quote,5849,636,155,True,True,True,True,True,True,True,True,True,False,True,False,False,NO_POINT_IN_TIME_INSTRUMENT_AUTHORITY
runtime/market_data/upstox/20260717/ticks_1784280181.parquet,/Users/madhuram/tradebot-option-e2e-contract-reconstruction-v4/runtime/market_data/upstox/20260717/ticks_1784280181.parquet,0320672caa78007d16b678f5fb2ac987b22d67ce8f3959f5c516f76ac48c5846,upstox,quote,6098,599,154,True,True,True,True,True,True,True,True,True,False,True,False,False,NO_POINT_IN_TIME_INSTRUMENT_AUTHORITY
runtime/market_data/upstox/20260717/ticks_1784280193.parquet,/Users/madhuram/tradebot-option-e2e-contract-reconstruction-v4/runtime/market_data/upstox/20260717/ticks_1784280193.parquet,c57039de7a37f7d8cb686e7f01974fda111195bb079ead1d6408847c4f43d64a,upstox,quote,6200,669,159,True,True,True,True,True,True,True,True,True,False,True,False,False,NO_POINT_IN_TIME_INSTRUMENT_AUTHORITY
runtime/market_data/upstox/20260717/ticks_1784280205.parquet,/Users/madhuram/tradebot-option-e2e-contract-reconstruction-v4/runtime/market_data/upstox/20260717/ticks_1784280205.parquet,1050a2fd07cc6796b50f81b164c59a4c51ffafa072dbfccfead4d97a6bb83bff,upstox,quote,6025,537,158,True,True,True,True,True,True,True,True,True,False,True,False,False,NO_POINT_IN_TIME_INSTRUMENT_AUTHORITY
runtime/market_data/upstox/20260717/ticks_1784280217.parquet,/Users/madhuram/tradebot-option-e2e-contract-reconstruction-v4/runtime/market_data/upstox/20260717/ticks_1784280217.parquet,babcd9f772e710306f26281271b8af30d973e58d696f5e73c97f192777ea7014,upstox,quote,6179,553,157,True,True,True,True,True,True,True,True,True,False,True,False,False,NO_POINT_IN_TIME_INSTRUMENT_AUTHORITY
runtime/market_data/upstox/20260717/ticks_1784280230.parquet,/Users/madhuram/tradebot-option-e2e-contract-reconstruction-v4/runtime/market_data/upstox/20260717/ticks_1784280230.parquet,970204e40135581a573157f5e2ed0dea57d0e841498c3e375296719f5a0d306f,upstox,quote,6672,729,158,True,True,True,True,True,True,True,True,True,False,True,False,False,NO_POINT_IN_TIME_INSTRUMENT_AUTHORITY
runtime/market_data/upstox/20260717/ticks_1784280242.parquet,/Users/madhuram/tradebot-option-e2e-contract-reconstruction-v4/runtime/market_data/upstox/20260717/ticks_1784280242.parquet,95c40d2e13d5030362d9dbc509a894eecf88efa2a80dd98829d01330c20b4a40,upstox,quote,6361,553,158,True,True,True,True,True,True,True,True,True,False,True,False,False,NO_POINT_IN_TIME_INSTRUMENT_AUTHORITY
runtime/market_data/upstox/20260717/ticks_1784280254.parquet,/Users/madhuram/tradebot-option-e2e-contract-reconstruction-v4/runtime/market_data/upstox/20260717/ticks_1784280254.parquet,2667d3b4baeb9ecebbdbebfa1cd77d3be7416513f096a5aff36cf3c76009dbcd,upstox,quote,5946,596,157,True,True,True,True,True,True,True,True,True,False,True,False,False,NO_POINT_IN_TIME_INSTRUMENT_AUTHORITY
runtime/market_data/upstox/20260717/ticks_1784280266.parquet,/Users/madhuram/tradebot-option-e2e-contract-reconstruction-v4/runtime/market_data/upstox/20260717/ticks_1784280266.parquet,d4a5074085bb3f726e997464d58ce6bb45873e42214286fc6edc9e00a4055d55,upstox,quote,6196,693,158,True,True,True,True,True,True,True,True,True,False,True,False,False,NO_POINT_IN_TIME_INSTRUMENT_AUTHORITY
runtime/market_data/upstox/20260717/ticks_1784280278.parquet,/Users/madhuram/tradebot-option-e2e-contract-reconstruction-v4/runtime/market_data/upstox/20260717/ticks_1784280278.parquet,086f6f6a830c73f0bcdea078b57ca0598f3e909c35a510495c46d5f5920005fd,upstox,quote,6218,598,139,True,True,True,True,True,True,True,True,True,False,True,False,False,NO_POINT_IN_TIME_INSTRUMENT_AUTHORITY
runtime/market_data/upstox/20260717/ticks_1784280290.parquet,/Users/madhuram/tradebot-option-e2e-contract-reconstruction-v4/runtime/market_data/upstox/20260717/ticks_1784280290.parquet,5373fedad58b8d8a4e9257e8ccc15f24ab2142459456f226e7c79b6f266dc202,upstox,quote,5950,508,135,True,True,True,True,True,True,True,True,True,False,True,False,False,NO_POINT_IN_TIME_INSTRUMENT_AUTHORITY
runtime/market_data/upstox/20260717/ticks_1784280303.parquet,/Users/madhuram/tradebot-option-e2e-contract-reconstruction-v4/runtime/market_data/upstox/20260717/ticks_1784280303.parquet,ab36edbbfb21f32b6eabc141f79c171df5e10553a4e1f078f883e5d4bb0e10d3,upstox,quote,5995,600,153,True,True,True,True,True,True,True,True,True,False,True,False,False,NO_POINT_IN_TIME_INSTRUMENT_AUTHORITY
runtime/market_data/upstox/20260717/ticks_1784280315.parquet,/Users/madhuram/tradebot-option-e2e-contract-reconstruction-v4/runtime/market_data/upstox/20260717/ticks_1784280315.parquet,0a84d68f358c852157fa921c146ca5a7ac84f7e7dc23aa66d2514522e1a90992,upstox,quote,6043,620,142,True,True,True,True,True,True,True,True,True,False,True,False,False,NO_POINT_IN_TIME_INSTRUMENT_AUTHORITY
runtime/market_data/upstox/20260717/ticks_1784280327.parquet,/Users/madhuram/tradebot-option-e2e-contract-reconstruction-v4/runtime/market_data/upstox/20260717/ticks_1784280327.parquet,10e8b819503cc882b8c2caf5fa64af40e051e171859f87ec28151e7e1e99947f,upstox,quote,5959,541,138,True,True,True,True,True,True,True,True,True,False,True,False,False,NO_POINT_IN_TIME_INSTRUMENT_AUTHORITY
runtime/market_data/upstox/20260717/ticks_1784280339.parquet,/Users/madhuram/tradebot-option-e2e-contract-reconstruction-v4/runtime/market_data/upstox/20260717/ticks_1784280339.parquet,8b131018e622a24fa4268b2caab1f338eb700ded251739561cc55bb89cb2afef,upstox,quote,6162,669,158,True,True,True,True,True,True,True,True,True,False,True,False,False,NO_POINT_IN_TIME_INSTRUMENT_AUTHORITY
runtime/market_data/upstox/20260717/ticks_1784280351.parquet,/Users/madhuram/tradebot-option-e2e-contract-reconstruction-v4/runtime/market_data/upstox/20260717/ticks_1784280351.parquet,4d6d3672a764c5141561ab05b6ac5a3141109dfb24062dfa6fe0c54c9644d6e5,upstox,quote,6042,632,135,True,True,True,True,True,True,True,True,True,False,True,False,False,NO_POINT_IN_TIME_INSTRUMENT_AUTHORITY
runtime/market_data/upstox/20260717/ticks_1784280363.parquet,/Users/madhuram/tradebot-option-e2e-contract-reconstruction-v4/runtime/market_data/upstox/20260717/ticks_1784280363.parquet,3bdb0753da040cc5ac4ea1e2370f47b0e0ae1d53403265524b49b88146414891,upstox,quote,6991,699,146,True,True,True,True,True,True,True,True,True,False,True,False,False,NO_POINT_IN_TIME_INSTRUMENT_AUTHORITY
runtime/market_data/upstox/20260717/ticks_1784280376.parquet,/Users/madhuram/tradebot-option-e2e-contract-reconstruction-v4/runtime/market_data/upstox/20260717/ticks_1784280376.parquet,940efaedf15a01228bccbadea962a355f1ee6cbd8708672dda18d8baac230821,upstox,quote,6376,633,146,True,True,True,True,True,True,True,True,True,False,True,False,False,NO_POINT_IN_TIME_INSTRUMENT_AUTHORITY
runtime/market_data/upstox/20260717/ticks_1784280388.parquet,/Users/madhuram/tradebot-option-e2e-contract-reconstruction-v4/runtime/market_data/upstox/20260717/ticks_1784280388.parquet,7277b062dfc5bfc77278de5cf272519dbcaac68467beb45fd35d36fd7e83e14f,upstox,quote,6638,610,138,True,True,True,True,True,True,True,True,True,False,True,False,False,NO_POINT_IN_TIME_INSTRUMENT_AUTHORITY
runtime/market_data/upstox/20260717/ticks_1784280400.parquet,/Users/madhuram/tradebot-option-e2e-contract-reconstruction-v4/runtime/market_data/upstox/20260717/ticks_1784280400.parquet,03f0630a56de8f1ac4766925271fd429e2ab2af9fbd6b6a0daa692ab0cfd6cd1,upstox,quote,6529,608,141,True,True,True,True,True,True,True,True,True,False,True,False,False,NO_POINT_IN_TIME_INSTRUMENT_AUTHORITY
runtime/market_data/upstox/20260717/ticks_1784280412.parquet,/Users/madhuram/tradebot-option-e2e-contract-reconstruction-v4/runtime/market_data/upstox/20260717/ticks_1784280412.parquet,87bd1ff5b6c8809b57f5dceaf4409d322f3faafafb11b0f4da2eb3f4fb40517a,upstox,quote,6321,608,160,True,True,True,True,True,True,True,True,True,False,True,False,False,NO_POINT_IN_TIME_INSTRUMENT_AUTHORITY
runtime/market_data/upstox/20260717/ticks_1784280424.parquet,/Users/madhuram/tradebot-option-e2e-contract-reconstruction-v4/runtime/market_data/upstox/20260717/ticks_1784280424.parquet,6afb2409c787fbcddce1552d01d0bf2632e2289d4e70eb684d7b711d6a0c936e,upstox,quote,6190,589,147,True,True,True,True,True,True,True,True,True,False,True,False,False,NO_POINT_IN_TIME_INSTRUMENT_AUTHORITY
runtime/market_data/upstox/20260717/ticks_1784280436.parquet,/Users/madhuram/tradebot-option-e2e-contract-reconstruction-v4/runtime/market_data/upstox/20260717/ticks_1784280436.parquet,e279051a2e3d76e560111d3dab9cc8df6d7cc34332d28d3cc8b51a3a7e28c84f,upstox,quote,6062,537,151,True,True,True,True,True,True,True,True,True,False,True,False,False,NO_POINT_IN_TIME_INSTRUMENT_AUTHORITY
runtime/market_data/upstox/20260717/ticks_1784280448.parquet,/Users/madhuram/tradebot-option-e2e-contract-reconstruction-v4/runtime/market_data/upstox/20260717/ticks_1784280448.parquet,d172df7308a7f57b80eea00eba279628e0fea4a94ab4523b0e680a73121a09d3,upstox,quote,6213,629,151,True,True,True,True,True,True,True,True,True,False,True,False,False,NO_POINT_IN_TIME_INSTRUMENT_AUTHORITY
runtime/market_data/upstox/20260717/ticks_1784280460.parquet,/Users/madhuram/tradebot-option-e2e-contract-reconstruction-v4/runtime/market_data/upstox/20260717/ticks_1784280460.parquet,7355936af5eae67366c1bc816bc13302d28afd12110eb69662c8db6f3aefbdee,upstox,quote,6427,630,158,True,True,True,True,True,True,True,True,True,False,True,False,False,NO_POINT_IN_TIME_INSTRUMENT_AUTHORITY
runtime/market_data/upstox/20260717/ticks_1784280473.parquet,/Users/madhuram/tradebot-option-e2e-contract-reconstruction-v4/runtime/market_data/upstox/20260717/ticks_1784280473.parquet,c1bf793c8606598cd61ad11a37d4aae2fb6e81a56a9dae6de553e84bdce9f7b1,upstox,quote,6056,590,158,True,True,True,True,True,True,True,True,True,False,True,False,False,NO_POINT_IN_TIME_INSTRUMENT_AUTHORITY
runtime/market_data/upstox/20260717/ticks_1784280485.parquet,/Users/madhuram/tradebot-option-e2e-contract-reconstruction-v4/runtime/market_data/upstox/20260717/ticks_1784280485.parquet,f037f248186cf41fd1af6a47678998c117d1d5f8ee99a59bd190fccba5127b7b,upstox,quote,6228,655,153,True,True,True,True,True,True,True,True,True,False,True,False,False,NO_POINT_IN_TIME_INSTRUMENT_AUTHORITY
runtime/market_data/upstox/20260717/ticks_1784280497.parquet,/Users/madhuram/tradebot-option-e2e-contract-reconstruction-v4/runtime/market_data/upstox/20260717/ticks_1784280497.parquet,1818dcc50d8cc7e1944febfe15744eee63cd4d281ac85a94304aa8a1a2705fff,upstox,quote,6179,718,158,True,True,True,True,True,True,True,True,True,False,True,False,False,NO_POINT_IN_TIME_INSTRUMENT_AUTHORITY
runtime/market_data/upstox/20260717/ticks_1784280509.parquet,/Users/madhuram/tradebot-option-e2e-contract-reconstruction-v4/runtime/market_data/upstox/20260717/ticks_1784280509.parquet,745be765443a685751c0df21305098ab99884be7f9d92b0f90f1dc5fdbb71843,upstox,quote,6027,632,154,True,True,True,True,True,True,True,True,True,False,True,False,False,NO_POINT_IN_TIME_INSTRUMENT_AUTHORITY
runtime/market_data/upstox/20260717/ticks_1784280521.parquet,/Users/madhuram/tradebot-option-e2e-contract-reconstruction-v4/runtime/market_data/upstox/20260717/ticks_1784280521.parquet,b46781c9fb1d249f8013aa5bd2a931941686a9ac0ed56fa3c257c31f4c0a91f1,upstox,quote,6278,649,154,True,True,True,True,True,True,True,True,True,False,True,False,False,NO_POINT_IN_TIME_INSTRUMENT_AUTHORITY
runtime/market_data/upstox/20260717/ticks_1784280533.parquet,/Users/madhuram/tradebot-option-e2e-contract-reconstruction-v4/runtime/market_data/upstox/20260717/ticks_1784280533.parquet,0307c787a0b87b021f0b85badb940f7dcfd9d0d59092d170c3142c2b4001c5c9,upstox,quote,6246,718,158,True,True,True,True,True,True,True,True,True,False,True,False,False,NO_POINT_IN_TIME_INSTRUMENT_AUTHORITY
runtime/market_data/upstox/20260717/ticks_1784280546.parquet,/Users/madhuram/tradebot-option-e2e-contract-reconstruction-v4/runtime/market_data/upstox/20260717/ticks_1784280546.parquet,60ed0dd78249b678faf7291ecfffa9667bea5e2a3e0ce5e4f7a41271752fbeb7,upstox,quote,6414,560,158,True,True,True,True,True,True,True,True,True,False,True,False,False,NO_POINT_IN_TIME_INSTRUMENT_AUTHORITY
runtime/market_data/upstox/20260717/ticks_1784280558.parquet,/Users/madhuram/tradebot-option-e2e-contract-reconstruction-v4/runtime/market_data/upstox/20260717/ticks_1784280558.parquet,1be0543e60c8d943443854f64ae24f7c2283e0e9cd1d08dd87080a655b6b8f8b,upstox,quote,6162,543,155,True,True,True,True,True,True,True,True,True,False,True,False,False,NO_POINT_IN_TIME_INSTRUMENT_AUTHORITY
runtime/market_data/upstox/20260717/ticks_1784280570.parquet,/Users/madhuram/tradebot-option-e2e-contract-reconstruction-v4/runtime/market_data/upstox/20260717/ticks_1784280570.parquet,8fce45ade896d7a5d6ec88b31347277c5e560112af0c07c79d6bd8081675df8a,upstox,quote,6262,767,152,True,True,True,True,True,True,True,True,True,False,True,False,False,NO_POINT_IN_TIME_INSTRUMENT_AUTHORITY
runtime/market_data/upstox/20260717/ticks_1784280582.parquet,/Users/madhuram/tradebot-option-e2e-contract-reconstruction-v4/runtime/market_data/upstox/20260717/ticks_1784280582.parquet,d4848598411cf3e2716c79b71d04a2d1b63dc68197d4ed5372f83dfcaf484beb,upstox,quote,6153,587,159,True,True,True,True,True,True,True,True,True,False,True,False,False,NO_POINT_IN_TIME_INSTRUMENT_AUTHORITY
runtime/market_data/upstox/20260717/ticks_1784280594.parquet,/Users/madhuram/tradebot-option-e2e-contract-reconstruction-v4/runtime/market_data/upstox/20260717/ticks_1784280594.parquet,62869331285d42215b1ffd0f590ea3e8f3f4d58948b11aa887defc5921ec4600,upstox,quote,6007,535,155,True,True,True,True,True,True,True,True,True,False,True,False,False,NO_POINT_IN_TIME_INSTRUMENT_AUTHORITY
runtime/market_data/upstox/20260717/ticks_1784280606.parquet,/Users/madhuram/tradebot-option-e2e-contract-reconstruction-v4/runtime/market_data/upstox/20260717/ticks_1784280606.parquet,f9a22ec115b5b27b6cccfffd74acd6d5d78d4e94f1c0badafe9966113997a674,upstox,quote,6569,727,158,True,True,True,True,True,True,True,True,True,False,True,False,False,NO_POINT_IN_TIME_INSTRUMENT_AUTHORITY
runtime/market_data/upstox/20260717/ticks_1784280618.parquet,/Users/madhuram/tradebot-option-e2e-contract-reconstruction-v4/runtime/market_data/upstox/20260717/ticks_1784280618.parquet,c7bf3539555e675156677734ae97d3cfb16172d6f9734fc9a62e664f37bb40b3,upstox,quote,6744,625,157,True,True,True,True,True,True,True,True,True,False,True,False,False,NO_POINT_IN_TIME_INSTRUMENT_AUTHORITY
runtime/market_data/upstox/20260717/ticks_1784280630.parquet,/Users/madhuram/tradebot-option-e2e-contract-reconstruction-v4/runtime/market_data/upstox/20260717/ticks_1784280630.parquet,225d4cea974f0a3f49247903c7164836f99d96a434f52ba4b4a205ebd63641df,upstox,quote,6642,584,159,True,True,True,True,True,True,True,True,True,False,True,False,False,NO_POINT_IN_TIME_INSTRUMENT_AUTHORITY
runtime/market_data/upstox/20260717/ticks_1784280643.parquet,/Users/madhuram/tradebot-option-e2e-contract-reconstruction-v4/runtime/market_data/upstox/20260717/ticks_1784280643.parquet,d074ea2bce237d6f34bcc28016e6df731d878586351e097ba573b39346455bde,upstox,quote,6703,658,159,True,True,True,True,True,True,True,True,True,False,True,False,False,NO_POINT_IN_TIME_INSTRUMENT_AUTHORITY
runtime/market_data/upstox/20260717/ticks_1784280655.parquet,/Users/madhuram/tradebot-option-e2e-contract-reconstruction-v4/runtime/market_data/upstox/20260717/ticks_1784280655.parquet,d1e0d6c6babf301ff4550bc36ab4303c2aa254c5ff102e8c37a0abdc30cbb3fe,upstox,quote,6748,653,158,True,True,True,True,True,True,True,True,True,False,True,False,False,NO_POINT_IN_TIME_INSTRUMENT_AUTHORITY
runtime/market_data/upstox/20260717/ticks_1784280668.parquet,/Users/madhuram/tradebot-option-e2e-contract-reconstruction-v4/runtime/market_data/upstox/20260717/ticks_1784280668.parquet,2469688241303f8f7214c913faa6ddca47c59a390ead787070258f79057c1ff0,upstox,quote,6675,689,159,True,True,True,True,True,True,True,True,True,False,True,False,False,NO_POINT_IN_TIME_INSTRUMENT_AUTHORITY
runtime/market_data/upstox/20260717/ticks_1784280680.parquet,/Users/madhuram/tradebot-option-e2e-contract-reconstruction-v4/runtime/market_data/upstox/20260717/ticks_1784280680.parquet,75d96d4cf68bbf8dff2b08a4a86d3022c98691b2cc53b2195cbecf809db4cb06,upstox,quote,7022,567,159,True,True,True,True,True,True,True,True,True,False,True,False,False,NO_POINT_IN_TIME_INSTRUMENT_AUTHORITY
runtime/market_data/upstox/20260717/ticks_1784280692.parquet,/Users/madhuram/tradebot-option-e2e-contract-reconstruction-v4/runtime/market_data/upstox/20260717/ticks_1784280692.parquet,08ae413f23d1e973557e521fe0240e59a74cecd7b044cf7605dd9378b01f50de,upstox,quote,6694,622,159,True,True,True,True,True,True,True,True,True,False,True,False,False,NO_POINT_IN_TIME_INSTRUMENT_AUTHORITY
runtime/market_data/upstox/20260717/ticks_1784280704.parquet,/Users/madhuram/tradebot-option-e2e-contract-reconstruction-v4/runtime/market_data/upstox/20260717/ticks_1784280704.parquet,2a04075f2b4ca950c1224cfe70725baf89c0ecec6e5af21fd42ac11e4417046c,upstox,quote,6527,630,156,True,True,True,True,True,True,True,True,True,False,True,False,False,NO_POINT_IN_TIME_INSTRUMENT_AUTHORITY
runtime/market_data/upstox/20260717/ticks_1784280716.parquet,/Users/madhuram/tradebot-option-e2e-contract-reconstruction-v4/runtime/market_data/upstox/20260717/ticks_1784280716.parquet,22a7e683cbfa84783f6c0596bb216e2358279bfd295a213eb243264ac8759380,upstox,quote,6523,563,159,True,True,True,True,True,True,True,True,True,False,True,False,False,NO_POINT_IN_TIME_INSTRUMENT_AUTHORITY
runtime/market_data/upstox/20260717/ticks_1784280729.parquet,/Users/madhuram/tradebot-option-e2e-contract-reconstruction-v4/runtime/market_data/upstox/20260717/ticks_1784280729.parquet,86d0b3bde56ddec786db88595144f507adf544aa717873f2b085626d44bf2477,upstox,quote,6759,637,158,True,True,True,True,True,True,True,True,True,False,True,False,False,NO_POINT_IN_TIME_INSTRUMENT_AUTHORITY
runtime/market_data/upstox/20260717/ticks_1784280741.parquet,/Users/madhuram/tradebot-option-e2e-contract-reconstruction-v4/runtime/market_data/upstox/20260717/ticks_1784280741.parquet,5eaceeed919e2c3bcc009902774464766f1fbef5172b973209df1627984a3e22,upstox,quote,6554,647,156,True,True,True,True,True,True,True,True,True,False,True,False,False,NO_POINT_IN_TIME_INSTRUMENT_AUTHORITY
runtime/market_data/upstox/20260717/ticks_1784280753.parquet,/Users/madhuram/tradebot-option-e2e-contract-reconstruction-v4/runtime/market_data/upstox/20260717/ticks_1784280753.parquet,a9b2ffb0ff49edfb47239ab6cbeea50c7d1a99e9bb59ddf310db72c830ba6534,upstox,quote,6626,666,158,True,True,True,True,True,True,True,True,True,False,True,False,False,NO_POINT_IN_TIME_INSTRUMENT_AUTHORITY
runtime/market_data/upstox/20260717/ticks_1784280765.parquet,/Users/madhuram/tradebot-option-e2e-contract-reconstruction-v4/runtime/market_data/upstox/20260717/ticks_1784280765.parquet,43d3ed346d6316a8a7298ce8a9e51bf54af27090699c91a29b7817c3698c2577,upstox,quote,6297,584,159,True,True,True,True,True,True,True,True,True,False,True,False,False,NO_POINT_IN_TIME_INSTRUMENT_AUTHORITY
runtime/market_data/upstox/20260717/ticks_1784280777.parquet,/Users/madhuram/tradebot-option-e2e-contract-reconstruction-v4/runtime/market_data/upstox/20260717/ticks_1784280777.parquet,bc27397cb04da3c57399866e85dd670022b83222ae0ebba503d4b8210f2725ee,upstox,quote,6102,594,158,True,True,True,True,True,True,True,True,True,False,True,False,False,NO_POINT_IN_TIME_INSTRUMENT_AUTHORITY
runtime/market_data/upstox/20260717/ticks_1784280789.parquet,/Users/madhuram/tradebot-option-e2e-contract-reconstruction-v4/runtime/market_data/upstox/20260717/ticks_1784280789.parquet,773e673f3cabae860651bede17ecd5225be8db4addbfa0a4ab0efc4cdee7552c,upstox,quote,6540,590,158,True,True,True,True,True,True,True,True,True,False,True,False,False,NO_POINT_IN_TIME_INSTRUMENT_AUTHORITY
runtime/market_data/upstox/20260717/ticks_1784280801.parquet,/Users/madhuram/tradebot-option-e2e-contract-reconstruction-v4/runtime/market_data/upstox/20260717/ticks_1784280801.parquet,81cb357df0279bbc441dfd12c252114c6030bdcd50f0a5091fbbfd51c5b9ba46,upstox,quote,6254,600,158,True,True,True,True,True,True,True,True,True,False,True,False,False,NO_POINT_IN_TIME_INSTRUMENT_AUTHORITY
runtime/market_data/upstox/20260717/ticks_1784280814.parquet,/Users/madhuram/tradebot-option-e2e-contract-reconstruction-v4/runtime/market_data/upstox/20260717/ticks_1784280814.parquet,185750ae0d6ca5a7e448571c3edd2f2cf9cff02c3307d8d68f337207e7ca35e7,upstox,quote,6407,604,160,True,True,True,True,True,True,True,True,True,False,True,False,False,NO_POINT_IN_TIME_INSTRUMENT_AUTHORITY
runtime/market_data/upstox/20260717/ticks_1784280826.parquet,/Users/madhuram/tradebot-option-e2e-contract-reconstruction-v4/runtime/market_data/upstox/20260717/ticks_1784280826.parquet,c08b1a37e177adba094abdac0cb9c7ac1d8610e5b0c019af27b5d83aba9d5590,upstox,quote,6220,621,159,True,True,True,True,True,True,True,True,True,False,True,False,False,NO_POINT_IN_TIME_INSTRUMENT_AUTHORITY
runtime/market_data/upstox/20260717/ticks_1784280838.parquet,/Users/madhuram/tradebot-option-e2e-contract-reconstruction-v4/runtime/market_data/upstox/20260717/ticks_1784280838.parquet,709dafe243794ef667e63c44bbb98cf48ef5202855a07b5b6036a087a9e49783,upstox,quote,6396,548,160,True,True,True,True,True,True,True,True,True,False,True,False,False,NO_POINT_IN_TIME_INSTRUMENT_AUTHORITY
runtime/market_data/upstox/20260717/ticks_1784280850.parquet,/Users/madhuram/tradebot-option-e2e-contract-reconstruction-v4/runtime/market_data/upstox/20260717/ticks_1784280850.parquet,8d653eced5c468826b83ff6b3d97688c8a951c7c4e1c5b652dfddf386b121b8c,upstox,quote,6883,732,160,True,True,True,True,True,True,True,True,True,False,True,False,False,NO_POINT_IN_TIME_INSTRUMENT_AUTHORITY
runtime/market_data/upstox/20260717/ticks_1784280862.parquet,/Users/madhuram/tradebot-option-e2e-contract-reconstruction-v4/runtime/market_data/upstox/20260717/ticks_1784280862.parquet,db4b712f97155a019e0b043815a9319377d14eda3b18a2746971e58a2c6fc7c4,upstox,quote,6326,692,160,True,True,True,True,True,True,True,True,True,False,True,False,False,NO_POINT_IN_TIME_INSTRUMENT_AUTHORITY
runtime/market_data/upstox/20260717/ticks_1784280874.parquet,/Users/madhuram/tradebot-option-e2e-contract-reconstruction-v4/runtime/market_data/upstox/20260717/ticks_1784280874.parquet,92ee64375beab2ac942f950732f4b859709119f885d000496d010519c0686e56,upstox,quote,6761,604,158,True,True,True,True,True,True,True,True,True,False,True,False,False,NO_POINT_IN_TIME_INSTRUMENT_AUTHORITY
runtime/market_data/upstox/20260717/ticks_1784280887.parquet,/Users/madhuram/tradebot-option-e2e-contract-reconstruction-v4/runtime/market_data/upstox/20260717/ticks_1784280887.parquet,0f15c8410329b981de31f8bd655f1e5a072657b6daaf23e317b1aeef2245d321,upstox,quote,6133,580,158,True,True,True,True,True,True,True,True,True,False,True,False,False,NO_POINT_IN_TIME_INSTRUMENT_AUTHORITY
runtime/market_data/upstox/20260717/ticks_1784280899.parquet,/Users/madhuram/tradebot-option-e2e-contract-reconstruction-v4/runtime/market_data/upstox/20260717/ticks_1784280899.parquet,5574a3766728db60b56ef52240b7a9054d92ae75a20bb3bc1fa1974f7975f289,upstox,quote,6449,673,160,True,True,True,True,True,True,True,True,True,False,True,False,False,NO_POINT_IN_TIME_INSTRUMENT_AUTHORITY
runtime/market_data/upstox/20260717/ticks_1784280911.parquet,/Users/madhuram/tradebot-option-e2e-contract-reconstruction-v4/runtime/market_data/upstox/20260717/ticks_1784280911.parquet,17175f2540f971f5cc3cbd09e1f94845ef03749e402ce1c25ca15e78df544dec,upstox,quote,6615,571,159,True,True,True,True,True,True,True,True,True,False,True,False,False,NO_POINT_IN_TIME_INSTRUMENT_AUTHORITY
runtime/market_data/upstox/20260717/ticks_1784280923.parquet,/Users/madhuram/tradebot-option-e2e-contract-reconstruction-v4/runtime/market_data/upstox/20260717/ticks_1784280923.parquet,57e80f6ab607b64eeeb5ea6a8aad6dc44176fe8d7842dec3948d91fcf7b723bf,upstox,quote,6375,558,158,True,True,True,True,True,True,True,True,True,False,True,False,False,NO_POINT_IN_TIME_INSTRUMENT_AUTHORITY
runtime/market_data/upstox/20260717/ticks_1784280935.parquet,/Users/madhuram/tradebot-option-e2e-contract-reconstruction-v4/runtime/market_data/upstox/20260717/ticks_1784280935.parquet,805faa3145091ec9b8eb07d5210f6a3f4064bad4b3b5ba33a410897cb78139c5,upstox,quote,6802,748,160,True,True,True,True,True,True,True,True,True,False,True,False,False,NO_POINT_IN_TIME_INSTRUMENT_AUTHORITY
runtime/market_data/upstox/20260717/ticks_1784280947.parquet,/Users/madhuram/tradebot-option-e2e-contract-reconstruction-v4/runtime/market_data/upstox/20260717/ticks_1784280947.parquet,e1136c37e6e2a0b6fa5a33e10e9983629ed97c21e9a9e602db50aa27af4ba531,upstox,quote,6408,639,159,True,True,True,True,True,True,True,True,True,False,True,False,False,NO_POINT_IN_TIME_INSTRUMENT_AUTHORITY
runtime/market_data/upstox/20260717/ticks_1784280959.parquet,/Users/madhuram/tradebot-option-e2e-contract-reconstruction-v4/runtime/market_data/upstox/20260717/ticks_1784280959.parquet,c840abb032baff9133c1d12851d4ed58156ff06b4737e0969abba0c06e435886,upstox,quote,6174,542,157,True,True,True,True,True,True,True,True,True,False,True,False,False,NO_POINT_IN_TIME_INSTRUMENT_AUTHORITY
runtime/market_data/upstox/20260717/ticks_1784280972.parquet,/Users/madhuram/tradebot-option-e2e-contract-reconstruction-v4/runtime/market_data/upstox/20260717/ticks_1784280972.parquet,a1b8f9fde260f06a8beee2f2d4005e3ff3ab0ad2d23679856a7464f86c02f835,upstox,quote,6521,553,157,True,True,True,True,True,True,True,True,True,False,True,False,False,NO_POINT_IN_TIME_INSTRUMENT_AUTHORITY
runtime/market_data/upstox/20260717/ticks_1784280984.parquet,/Users/madhuram/tradebot-option-e2e-contract-reconstruction-v4/runtime/market_data/upstox/20260717/ticks_1784280984.parquet,2685847c702720953a4ecf328180799ed0b23d1c39ae50962ddc7ec2a4be3e05,upstox,quote,6423,833,156,True,True,True,True,True,True,True,True,True,False,True,False,False,NO_POINT_IN_TIME_INSTRUMENT_AUTHORITY
runtime/market_data/upstox/20260717/ticks_1784280996.parquet,/Users/madhuram/tradebot-option-e2e-contract-reconstruction-v4/runtime/market_data/upstox/20260717/ticks_1784280996.parquet,e8bc12d9da76b14ad3e54fdf4ccf3c7df5db01975b24925f68289809273238ea,upstox,quote,6436,636,159,True,True,True,True,True,True,True,True,True,False,True,False,False,NO_POINT_IN_TIME_INSTRUMENT_AUTHORITY
runtime/market_data/upstox/20260717/ticks_1784281008.parquet,/Users/madhuram/tradebot-option-e2e-contract-reconstruction-v4/runtime/market_data/upstox/20260717/ticks_1784281008.parquet,dd9d896bd6cdc16393fe06d2a621afec4b9d73d29046cf1a3d6621249c4d98ee,upstox,quote,6044,522,146,True,True,True,True,True,True,True,True,True,False,True,False,False,NO_POINT_IN_TIME_INSTRUMENT_AUTHORITY
runtime/market_data/upstox/20260717/ticks_1784281020.parquet,/Users/madhuram/tradebot-option-e2e-contract-reconstruction-v4/runtime/market_data/upstox/20260717/ticks_1784281020.parquet,9b76216dc8f65cc4fce4603aabbecc3d34905b3b8629cc97b8c1bb0dc95f0aa6,upstox,quote,6062,655,150,True,True,True,True,True,True,True,True,True,False,True,False,False,NO_POINT_IN_TIME_INSTRUMENT_AUTHORITY
runtime/market_data/upstox/20260717/ticks_1784281032.parquet,/Users/madhuram/tradebot-option-e2e-contract-reconstruction-v4/runtime/market_data/upstox/20260717/ticks_1784281032.parquet,b165f70c6724652af2b29a452ece480bbe83e1380c0cecd2a2baf8ab621a046e,upstox,quote,6304,606,154,True,True,True,True,True,True,True,True,True,False,True,False,False,NO_POINT_IN_TIME_INSTRUMENT_AUTHORITY
runtime/market_data/upstox/20260717/ticks_1784281045.parquet,/Users/madhuram/tradebot-option-e2e-contract-reconstruction-v4/runtime/market_data/upstox/20260717/ticks_1784281045.parquet,422c4fb286a04ab7d652edd941518c34274b0b2d4ebf4b4dac68bf6e9c7b35b9,upstox,quote,6432,531,149,True,True,True,True,True,True,True,True,True,False,True,False,False,NO_POINT_IN_TIME_INSTRUMENT_AUTHORITY
runtime/market_data/upstox/20260717/ticks_1784281057.parquet,/Users/madhuram/tradebot-option-e2e-contract-reconstruction-v4/runtime/market_data/upstox/20260717/ticks_1784281057.parquet,7442cfebdc54e5202115096d6e7723f623fc443875b97aef545e2262cbc7f8f9,upstox,quote,6356,593,153,True,True,True,True,True,True,True,True,True,False,True,False,False,NO_POINT_IN_TIME_INSTRUMENT_AUTHORITY
runtime/market_data/upstox/20260717/ticks_1784281069.parquet,/Users/madhuram/tradebot-option-e2e-contract-reconstruction-v4/runtime/market_data/upstox/20260717/ticks_1784281069.parquet,d5fd963ffe057868ae44d3bdfd8cb151c22f4eb38faa9a2b90f6ba827f83f319,upstox,quote,6496,665,156,True,True,True,True,True,True,True,True,True,False,True,False,False,NO_POINT_IN_TIME_INSTRUMENT_AUTHORITY
runtime/market_data/upstox/20260717/ticks_1784281082.parquet,/Users/madhuram/tradebot-option-e2e-contract-reconstruction-v4/runtime/market_data/upstox/20260717/ticks_1784281082.parquet,93f6ccb8fae16e068a4736327e2d15bc84b5ad01003b7482a076d5d82efe7ae5,upstox,quote,6478,552,159,True,True,True,True,True,True,True,True,True,False,True,False,False,NO_POINT_IN_TIME_INSTRUMENT_AUTHORITY
runtime/market_data/upstox/20260717/ticks_1784281094.parquet,/Users/madhuram/tradebot-option-e2e-contract-reconstruction-v4/runtime/market_data/upstox/20260717/ticks_1784281094.parquet,8f0042db722c7f1cfa06504c4cb1e196fc2d80347d9663c8d09446d9d52a4a5b,upstox,quote,6422,613,153,True,True,True,True,True,True,True,True,True,False,True,False,False,NO_POINT_IN_TIME_INSTRUMENT_AUTHORITY
runtime/market_data/upstox/20260717/ticks_1784281106.parquet,/Users/madhuram/tradebot-option-e2e-contract-reconstruction-v4/runtime/market_data/upstox/20260717/ticks_1784281106.parquet,d729c31e878bfcd58afcc29b52235638b3b219e7fea99179dfe48fb7576b54d1,upstox,quote,6399,728,147,True,True,True,True,True,True,True,True,True,False,True,False,False,NO_POINT_IN_TIME_INSTRUMENT_AUTHORITY
runtime/market_data/upstox/20260717/ticks_1784281118.parquet,/Users/madhuram/tradebot-option-e2e-contract-reconstruction-v4/runtime/market_data/upstox/20260717/ticks_1784281118.parquet,04837f271c8387da9c7b2bbcd0e29cee9799e3ebeadfe2860cf6306c27c93a13,upstox,quote,6145,607,151,True,True,True,True,True,True,True,True,True,False,True,False,False,NO_POINT_IN_TIME_INSTRUMENT_AUTHORITY
runtime/market_data/upstox/20260717/ticks_1784281131.parquet,/Users/madhuram/tradebot-option-e2e-contract-reconstruction-v4/runtime/market_data/upstox/20260717/ticks_1784281131.parquet,8bb576bc945db1420a499d2ff79083dcdb59d9721afaa000740acf9b80d31e1b,upstox,quote,6489,528,148,True,True,True,True,True,True,True,True,True,False,True,False,False,NO_POINT_IN_TIME_INSTRUMENT_AUTHORITY
runtime/market_data/upstox/20260717/ticks_1784281143.parquet,/Users/madhuram/tradebot-option-e2e-contract-reconstruction-v4/runtime/market_data/upstox/20260717/ticks_1784281143.parquet,cd53e61ebe7fe4734c036ad8896b7ca89342b5f9ad8ff7bd9b240f05dd3bd05e,upstox,quote,6202,633,153,True,True,True,True,True,True,True,True,True,False,True,False,False,NO_POINT_IN_TIME_INSTRUMENT_AUTHORITY
runtime/market_data/upstox/20260717/ticks_1784281155.parquet,/Users/madhuram/tradebot-option-e2e-contract-reconstruction-v4/runtime/market_data/upstox/20260717/ticks_1784281155.parquet,c6f21fa93cc137eeeb2c0fefb08c10b1b888c21c00af4ab4379c46467ed0e4d3,upstox,quote,6639,612,156,True,True,True,True,True,True,True,True,True,False,True,False,False,NO_POINT_IN_TIME_INSTRUMENT_AUTHORITY
runtime/market_data/upstox/20260717/ticks_1784281167.parquet,/Users/madhuram/tradebot-option-e2e-contract-reconstruction-v4/runtime/market_data/upstox/20260717/ticks_1784281167.parquet,b7e85dc028b2210902ff3d7ab7eac897e93c679b114edca91f958b1df75f3480,upstox,quote,6209,560,154,True,True,True,True,True,True,True,True,True,False,True,False,False,NO_POINT_IN_TIME_INSTRUMENT_AUTHORITY
runtime/market_data/upstox/20260717/ticks_1784281179.parquet,/Users/madhuram/tradebot-option-e2e-contract-reconstruction-v4/runtime/market_data/upstox/20260717/ticks_1784281179.parquet,f4f1c8418c427706139d321b5a61df1f56f6f8402fee83f27fba98e5c129d374,upstox,quote,6188,622,148,True,True,True,True,True,True,True,True,True,False,True,False,False,NO_POINT_IN_TIME_INSTRUMENT_AUTHORITY
runtime/market_data/upstox/20260717/ticks_1784281192.parquet,/Users/madhuram/tradebot-option-e2e-contract-reconstruction-v4/runtime/market_data/upstox/20260717/ticks_1784281192.parquet,6ee5ad7553664382015e44f727fbb91bc3938d580c714863dd340e4b63480ffe,upstox,quote,6514,651,150,True,True,True,True,True,True,True,True,True,False,True,False,False,NO_POINT_IN_TIME_INSTRUMENT_AUTHORITY
runtime/market_data/upstox/20260717/ticks_1784281204.parquet,/Users/madhuram/tradebot-option-e2e-contract-reconstruction-v4/runtime/market_data/upstox/20260717/ticks_1784281204.parquet,57685e44e2d7724462ba8a2fe3cd88f88d900eef53c152a5724a6ddea301fffd,upstox,quote,6787,626,153,True,True,True,True,True,True,True,True,True,False,True,False,False,NO_POINT_IN_TIME_INSTRUMENT_AUTHORITY
runtime/market_data/upstox/20260717/ticks_1784281216.parquet,/Users/madhuram/tradebot-option-e2e-contract-reconstruction-v4/runtime/market_data/upstox/20260717/ticks_1784281216.parquet,2582014d907f5b40c8fe03f75264b9ae63144eb1d759a381699eb1301ed8cf5e,upstox,quote,6688,656,152,True,True,True,True,True,True,True,True,True,False,True,False,False,NO_POINT_IN_TIME_INSTRUMENT_AUTHORITY
runtime/market_data/upstox/20260717/ticks_1784281229.parquet,/Users/madhuram/tradebot-option-e2e-contract-reconstruction-v4/runtime/market_data/upstox/20260717/ticks_1784281229.parquet,6674c543cc6a9b35b0de8fc3b20f10b532f721a75ad6ee862aae120d5ed66e76,upstox,quote,6439,653,146,True,True,True,True,True,True,True,True,True,False,True,False,False,NO_POINT_IN_TIME_INSTRUMENT_AUTHORITY
runtime/market_data/upstox/20260717/ticks_1784281241.parquet,/Users/madhuram/tradebot-option-e2e-contract-reconstruction-v4/runtime/market_data/upstox/20260717/ticks_1784281241.parquet,fb2c54dc4e5502ef4ae259b56023689f4a61015ba563babe099cf34b3b1a7c13,upstox,quote,6636,684,159,True,True,True,True,True,True,True,True,True,False,True,False,False,NO_POINT_IN_TIME_INSTRUMENT_AUTHORITY
runtime/market_data/upstox/20260717/ticks_1784281253.parquet,/Users/madhuram/tradebot-option-e2e-contract-reconstruction-v4/runtime/market_data/upstox/20260717/ticks_1784281253.parquet,66830d800b44071e294654f0225efe3afcc96a428b9ec8044a3087690cc8f449,upstox,quote,6397,588,144,True,True,True,True,True,True,True,True,True,False,True,False,False,NO_POINT_IN_TIME_INSTRUMENT_AUTHORITY
runtime/market_data/upstox/20260717/ticks_1784281265.parquet,/Users/madhuram/tradebot-option-e2e-contract-reconstruction-v4/runtime/market_data/upstox/20260717/ticks_1784281265.parquet,5caaba44b7f47b27a893b2d58edb5a0fc1f9fe060043fdac7fbee5649b3cb294,upstox,quote,6744,694,151,True,True,True,True,True,True,True,True,True,False,True,False,False,NO_POINT_IN_TIME_INSTRUMENT_AUTHORITY
runtime/market_data/upstox/20260717/ticks_1784281277.parquet,/Users/madhuram/tradebot-option-e2e-contract-reconstruction-v4/runtime/market_data/upstox/20260717/ticks_1784281277.parquet,a5d249a40a790efe66e72be9776a1b31eca9a67d77b79ff365fb1867adc580f3,upstox,quote,6156,535,149,True,True,True,True,True,True,True,True,True,False,True,False,False,NO_POINT_IN_TIME_INSTRUMENT_AUTHORITY
runtime/market_data/upstox/20260717/ticks_1784281290.parquet,/Users/madhuram/tradebot-option-e2e-contract-reconstruction-v4/runtime/market_data/upstox/20260717/ticks_1784281290.parquet,1dcd97300f19a442fc0ccbbf313bbee8e51d7aa67c841bcccd4c627c09023f26,upstox,quote,6408,635,159,True,True,True,True,True,True,True,True,True,False,True,False,False,NO_POINT_IN_TIME_INSTRUMENT_AUTHORITY
runtime/market_data/upstox/20260717/ticks_1784281302.parquet,/Users/madhuram/tradebot-option-e2e-contract-reconstruction-v4/runtime/market_data/upstox/20260717/ticks_1784281302.parquet,c2f4c728725523b51cbaf38067f6945f957b6b7576bc4a46d565082e96ad1eb2,upstox,quote,6528,630,149,True,True,True,True,True,True,True,True,True,False,True,False,False,NO_POINT_IN_TIME_INSTRUMENT_AUTHORITY
runtime/market_data/upstox/20260717/ticks_1784281314.parquet,/Users/madhuram/tradebot-option-e2e-contract-reconstruction-v4/runtime/market_data/upstox/20260717/ticks_1784281314.parquet,15caa8f9a9a0315697ae23bd10e12776fbba9a42bad906e2b60bd582a1e300d9,upstox,quote,6423,540,147,True,True,True,True,True,True,True,True,True,False,True,False,False,NO_POINT_IN_TIME_INSTRUMENT_AUTHORITY
runtime/market_data/upstox/20260717/ticks_1784281326.parquet,/Users/madhuram/tradebot-option-e2e-contract-reconstruction-v4/runtime/market_data/upstox/20260717/ticks_1784281326.parquet,5bcd0e14aff1dad366240b9b425fe8bb4e498289800d4130454140f46355b1b7,upstox,quote,6893,690,150,True,True,True,True,True,True,True,True,True,False,True,False,False,NO_POINT_IN_TIME_INSTRUMENT_AUTHORITY
runtime/market_data/upstox/20260717/ticks_1784281338.parquet,/Users/madhuram/tradebot-option-e2e-contract-reconstruction-v4/runtime/market_data/upstox/20260717/ticks_1784281338.parquet,f4dd6663abcef8151c532feda4a9ca1f59931936ee58e7ede899633b76694841,upstox,quote,6999,674,151,True,True,True,True,True,True,True,True,True,False,True,False,False,NO_POINT_IN_TIME_INSTRUMENT_AUTHORITY
runtime/market_data/upstox/20260717/ticks_1784281350.parquet,/Users/madhuram/tradebot-option-e2e-contract-reconstruction-v4/runtime/market_data/upstox/20260717/ticks_1784281350.parquet,8f01784ab0ea67c4a0dea56b2b886b70cb15166aeccb52677b7b50d2318bea68,upstox,quote,6791,569,157,True,True,True,True,True,True,True,True,True,False,True,False,False,NO_POINT_IN_TIME_INSTRUMENT_AUTHORITY
runtime/market_data/upstox/20260717/ticks_1784281363.parquet,/Users/madhuram/tradebot-option-e2e-contract-reconstruction-v4/runtime/market_data/upstox/20260717/ticks_1784281363.parquet,8914e973a8532985872a11d72caa28168dd52dd62a53e68e80e9b9d805b32f98,upstox,quote,6666,553,157,True,True,True,True,True,True,True,True,True,False,True,False,False,NO_POINT_IN_TIME_INSTRUMENT_AUTHORITY
runtime/market_data/upstox/20260717/ticks_1784281375.parquet,/Users/madhuram/tradebot-option-e2e-contract-reconstruction-v4/runtime/market_data/upstox/20260717/ticks_1784281375.parquet,080b9c847515bf5a8c2ff4b60692311279c35548cfad216d4bbb0cb58d371391,upstox,quote,6656,712,156,True,True,True,True,True,True,True,True,True,False,True,False,False,NO_POINT_IN_TIME_INSTRUMENT_AUTHORITY
runtime/market_data/upstox/20260717/ticks_1784281387.parquet,/Users/madhuram/tradebot-option-e2e-contract-reconstruction-v4/runtime/market_data/upstox/20260717/ticks_1784281387.parquet,ed34fccbb567c329308d255bddbf54abe31c6677abb6fa584e66a42437c62810,upstox,quote,6880,582,156,True,True,True,True,True,True,True,True,True,False,True,False,False,NO_POINT_IN_TIME_INSTRUMENT_AUTHORITY
runtime/market_data/upstox/20260717/ticks_1784281399.parquet,/Users/madhuram/tradebot-option-e2e-contract-reconstruction-v4/runtime/market_data/upstox/20260717/ticks_1784281399.parquet,45228b822eeb3ac5727744b221ba7130361c64a9b0cbe20fb11d4285ae0bb6a1,upstox,quote,6631,636,159,True,True,True,True,True,True,True,True,True,False,True,False,False,NO_POINT_IN_TIME_INSTRUMENT_AUTHORITY
runtime/market_data/upstox/20260717/ticks_1784281411.parquet,/Users/madhuram/tradebot-option-e2e-contract-reconstruction-v4/runtime/market_data/upstox/20260717/ticks_1784281411.parquet,fad7d7b164447cab76cae1b762445d52f5f811e7e5633da79c769acda5142cb5,upstox,quote,6829,649,151,True,True,True,True,True,True,True,True,True,False,True,False,False,NO_POINT_IN_TIME_INSTRUMENT_AUTHORITY
runtime/market_data/upstox/20260717/ticks_1784281424.parquet,/Users/madhuram/tradebot-option-e2e-contract-reconstruction-v4/runtime/market_data/upstox/20260717/ticks_1784281424.parquet,ab1f69913eef0a8d6db9eeb9d6f4de2cae624da0ce1af3bd8c5dd75a473f7490,upstox,quote,6347,614,154,True,True,True,True,True,True,True,True,True,False,True,False,False,NO_POINT_IN_TIME_INSTRUMENT_AUTHORITY
runtime/market_data/upstox/20260717/ticks_1784281436.parquet,/Users/madhuram/tradebot-option-e2e-contract-reconstruction-v4/runtime/market_data/upstox/20260717/ticks_1784281436.parquet,fbc435378195eb481c16b583e6fa26d70814211a23c99ffba813d0f0416797fc,upstox,quote,6451,535,151,True,True,True,True,True,True,True,True,True,False,True,False,False,NO_POINT_IN_TIME_INSTRUMENT_AUTHORITY
runtime/market_data/upstox/20260717/ticks_1784281448.parquet,/Users/madhuram/tradebot-option-e2e-contract-reconstruction-v4/runtime/market_data/upstox/20260717/ticks_1784281448.parquet,b0e09ee2b4cea129ab37b2977b2e819f76bd070aa2829cf0e39b7ee6b7496793,upstox,quote,6667,594,149,True,True,True,True,True,True,True,True,True,False,True,False,False,NO_POINT_IN_TIME_INSTRUMENT_AUTHORITY
runtime/market_data/upstox/20260717/ticks_1784281460.parquet,/Users/madhuram/tradebot-option-e2e-contract-reconstruction-v4/runtime/market_data/upstox/20260717/ticks_1784281460.parquet,e22ba2ac381211a275733ba5c44a54cf764f2ebab512b88906eb7c0e307028d3,upstox,quote,6744,788,150,True,True,True,True,True,True,True,True,True,False,True,False,False,NO_POINT_IN_TIME_INSTRUMENT_AUTHORITY
runtime/market_data/upstox/20260717/ticks_1784281472.parquet,/Users/madhuram/tradebot-option-e2e-contract-reconstruction-v4/runtime/market_data/upstox/20260717/ticks_1784281472.parquet,61b520bab0e02f54bfe6778653a0a79a99a818a0d437bf51b2ec49b6055a5842,upstox,quote,6629,555,146,True,True,True,True,True,True,True,True,True,False,True,False,False,NO_POINT_IN_TIME_INSTRUMENT_AUTHORITY
runtime/market_data/upstox/20260717/ticks_1784281485.parquet,/Users/madhuram/tradebot-option-e2e-contract-reconstruction-v4/runtime/market_data/upstox/20260717/ticks_1784281485.parquet,2c62ba3737aa93d523ef08d3a7fd92459ad869d9a24ed9b714a28d5a54155a72,upstox,quote,6579,562,154,True,True,True,True,True,True,True,True,True,False,True,False,False,NO_POINT_IN_TIME_INSTRUMENT_AUTHORITY
runtime/market_data/upstox/20260717/ticks_1784281497.parquet,/Users/madhuram/tradebot-option-e2e-contract-reconstruction-v4/runtime/market_data/upstox/20260717/ticks_1784281497.parquet,a2fb3205732e9c13d11e41ab1847cc7b8dc8453db9038934a09f34120dd92d0e,upstox,quote,6815,656,154,True,True,True,True,True,True,True,True,True,False,True,False,False,NO_POINT_IN_TIME_INSTRUMENT_AUTHORITY
runtime/market_data/upstox/20260717/ticks_1784281509.parquet,/Users/madhuram/tradebot-option-e2e-contract-reconstruction-v4/runtime/market_data/upstox/20260717/ticks_1784281509.parquet,c11a8e60adc4722a617fb70bf529feb1bc73a47ea94fc277f91124607126fe56,upstox,quote,7516,700,156,True,True,True,True,True,True,True,True,True,False,True,False,False,NO_POINT_IN_TIME_INSTRUMENT_AUTHORITY
runtime/market_data/upstox/20260717/ticks_1784281521.parquet,/Users/madhuram/tradebot-option-e2e-contract-reconstruction-v4/runtime/market_data/upstox/20260717/ticks_1784281521.parquet,bd109be03a1934587d8525de9b502cae35507f39b2f6136d62f693815faf830c,upstox,quote,7199,642,159,True,True,True,True,True,True,True,True,True,False,True,False,False,NO_POINT_IN_TIME_INSTRUMENT_AUTHORITY
runtime/market_data/upstox/20260717/ticks_1784281533.parquet,/Users/madhuram/tradebot-option-e2e-contract-reconstruction-v4/runtime/market_data/upstox/20260717/ticks_1784281533.parquet,4b992f822aa0eb369c4a17ea426cbde46f49c58ef8db281eed5c0dd4b5871757,upstox,quote,6821,643,158,True,True,True,True,True,True,True,True,True,False,True,False,False,NO_POINT_IN_TIME_INSTRUMENT_AUTHORITY
runtime/market_data/upstox/20260717/ticks_1784281545.parquet,/Users/madhuram/tradebot-option-e2e-contract-reconstruction-v4/runtime/market_data/upstox/20260717/ticks_1784281545.parquet,229eabbc97ef2a111b04c2ca8a5b1f9e1e35c4cd600917ea0a1a2a4ee2c8fef0,upstox,quote,6764,640,159,True,True,True,True,True,True,True,True,True,False,True,False,False,NO_POINT_IN_TIME_INSTRUMENT_AUTHORITY
runtime/market_data/upstox/20260717/ticks_1784281557.parquet,/Users/madhuram/tradebot-option-e2e-contract-reconstruction-v4/runtime/market_data/upstox/20260717/ticks_1784281557.parquet,6c7fc03970646bacb73acd5b5adb5b15d72cdf1a9ef7992a25112d6967ba2eb4,upstox,quote,6628,551,156,True,True,True,True,True,True,True,True,True,False,True,False,False,NO_POINT_IN_TIME_INSTRUMENT_AUTHORITY
runtime/market_data/upstox/20260717/ticks_1784281570.parquet,/Users/madhuram/tradebot-option-e2e-contract-reconstruction-v4/runtime/market_data/upstox/20260717/ticks_1784281570.parquet,61d19d28ea5469bf9b35d58e0b16abdd1cee46cfdc95af4c112d0eb7f378ac42,upstox,quote,7205,722,157,True,True,True,True,True,True,True,True,True,False,True,False,False,NO_POINT_IN_TIME_INSTRUMENT_AUTHORITY
runtime/market_data/upstox/20260717/ticks_1784281582.parquet,/Users/madhuram/tradebot-option-e2e-contract-reconstruction-v4/runtime/market_data/upstox/20260717/ticks_1784281582.parquet,b4c2ec9679e197a61380b8bd964c85ecd5825531e83ece54e55049a4240b71f2,upstox,quote,6453,600,158,True,True,True,True,True,True,True,True,True,False,True,False,False,NO_POINT_IN_TIME_INSTRUMENT_AUTHORITY
runtime/market_data/upstox/20260717/ticks_1784281594.parquet,/Users/madhuram/tradebot-option-e2e-contract-reconstruction-v4/runtime/market_data/upstox/20260717/ticks_1784281594.parquet,3d3f049fcb65ebfabe17d58968f3c69282c5b81c559f4d1328a59f9581e3c78a,upstox,quote,6619,615,156,True,True,True,True,True,True,True,True,True,False,True,False,False,NO_POINT_IN_TIME_INSTRUMENT_AUTHORITY
runtime/market_data/upstox/20260717/ticks_1784281606.parquet,/Users/madhuram/tradebot-option-e2e-contract-reconstruction-v4/runtime/market_data/upstox/20260717/ticks_1784281606.parquet,0e6b2f61fa0329207dc1045be4169c5a94ee5d12c43c60ef9c537e61a96685bc,upstox,quote,6353,588,152,True,True,True,True,True,True,True,True,True,False,True,False,False,NO_POINT_IN_TIME_INSTRUMENT_AUTHORITY
runtime/market_data/upstox/20260717/ticks_1784281618.parquet,/Users/madhuram/tradebot-option-e2e-contract-reconstruction-v4/runtime/market_data/upstox/20260717/ticks_1784281618.parquet,13ad475f46166eb7b0047abf43ca76800d290b8dee91bcf0f1678fc570664b16,upstox,quote,6403,588,152,True,True,True,True,True,True,True,True,True,False,True,False,False,NO_POINT_IN_TIME_INSTRUMENT_AUTHORITY
runtime/market_data/upstox/20260717/ticks_1784281631.parquet,/Users/madhuram/tradebot-option-e2e-contract-reconstruction-v4/runtime/market_data/upstox/20260717/ticks_1784281631.parquet,f6b5c823d4ccd4b4a1f7bab439f359d8d5f8007dbb4df1d61812d69c5a14d412,upstox,quote,6607,635,154,True,True,True,True,True,True,True,True,True,False,True,False,False,NO_POINT_IN_TIME_INSTRUMENT_AUTHORITY
runtime/market_data/upstox/20260717/ticks_1784281643.parquet,/Users/madhuram/tradebot-option-e2e-contract-reconstruction-v4/runtime/market_data/upstox/20260717/ticks_1784281643.parquet,a6926d5886f82a7334c4bf3d9a1a65eb9d14b669eb2dc76e183d54665461a718,upstox,quote,6457,579,154,True,True,True,True,True,True,True,True,True,False,True,False,False,NO_POINT_IN_TIME_INSTRUMENT_AUTHORITY
runtime/market_data/upstox/20260717/ticks_1784281655.parquet,/Users/madhuram/tradebot-option-e2e-contract-reconstruction-v4/runtime/market_data/upstox/20260717/ticks_1784281655.parquet,8ccbdcf6b14da06fa9e2eed1a1a208fc8c957049c6bf207260f937e336f45ba5,upstox,quote,6744,631,155,True,True,True,True,True,True,True,True,True,False,True,False,False,NO_POINT_IN_TIME_INSTRUMENT_AUTHORITY
runtime/market_data/upstox/20260717/ticks_1784281667.parquet,/Users/madhuram/tradebot-option-e2e-contract-reconstruction-v4/runtime/market_data/upstox/20260717/ticks_1784281667.parquet,aaaab56a08d2a5bdb7db542894f96815419d0c68dd446ce86f2da6beb1206a1a,upstox,quote,6660,575,153,True,True,True,True,True,True,True,True,True,False,True,False,False,NO_POINT_IN_TIME_INSTRUMENT_AUTHORITY
runtime/market_data/upstox/20260717/ticks_1784281679.parquet,/Users/madhuram/tradebot-option-e2e-contract-reconstruction-v4/runtime/market_data/upstox/20260717/ticks_1784281679.parquet,1eca9b1d51a905c16eb48e71efe4500d5ffb16f47754827984ad470cc4abb00c,upstox,quote,6423,614,153,True,True,True,True,True,True,True,True,True,False,True,False,False,NO_POINT_IN_TIME_INSTRUMENT_AUTHORITY
runtime/market_data/upstox/20260717/ticks_1784281691.parquet,/Users/madhuram/tradebot-option-e2e-contract-reconstruction-v4/runtime/market_data/upstox/20260717/ticks_1784281691.parquet,83199263061ce52065a56e5a2a3d0f07b89a86491a4d62b8c453cd55adc237eb,upstox,quote,6944,650,152,True,True,True,True,True,True,True,True,True,False,True,False,False,NO_POINT_IN_TIME_INSTRUMENT_AUTHORITY
runtime/market_data/upstox/20260717/ticks_1784281704.parquet,/Users/madhuram/tradebot-option-e2e-contract-reconstruction-v4/runtime/market_data/upstox/20260717/ticks_1784281704.parquet,4fe48c1f22c8b56b721ea5d6f7fed9c57b9ae38d9149e598c4483875ee924c06,upstox,quote,6744,653,150,True,True,True,True,True,True,True,True,True,False,True,False,False,NO_POINT_IN_TIME_INSTRUMENT_AUTHORITY
runtime/market_data/upstox/20260717/ticks_1784281716.parquet,/Users/madhuram/tradebot-option-e2e-contract-reconstruction-v4/runtime/market_data/upstox/20260717/ticks_1784281716.parquet,74ece9ac54f03bc8b7fa33e3a2468854cc16450316364c7d7a2eec971a25d8be,upstox,quote,6829,617,149,True,True,True,True,True,True,True,True,True,False,True,False,False,NO_POINT_IN_TIME_INSTRUMENT_AUTHORITY
runtime/market_data/upstox/20260717/ticks_1784281728.parquet,/Users/madhuram/tradebot-option-e2e-contract-reconstruction-v4/runtime/market_data/upstox/20260717/ticks_1784281728.parquet,8c37fa1a82d18d41650f4f6c6d0147e29d87d5aa14e47ecac96e6f51ade98d02,upstox,quote,6444,644,156,True,True,True,True,True,True,True,True,True,False,True,False,False,NO_POINT_IN_TIME_INSTRUMENT_AUTHORITY
runtime/market_data/upstox/20260717/ticks_1784281740.parquet,/Users/madhuram/tradebot-option-e2e-contract-reconstruction-v4/runtime/market_data/upstox/20260717/ticks_1784281740.parquet,74705955f491134d757caaebbdd72a1fedb21eed318140baa4956b0f5d733d04,upstox,quote,6818,639,154,True,True,True,True,True,True,True,True,True,False,True,False,False,NO_POINT_IN_TIME_INSTRUMENT_AUTHORITY
runtime/market_data/upstox/20260717/ticks_1784281752.parquet,/Users/madhuram/tradebot-option-e2e-contract-reconstruction-v4/runtime/market_data/upstox/20260717/ticks_1784281752.parquet,39fc4b1517b4b13dd3c018aa39272ac968051207a65ae7f9a06ac063d9565a6f,upstox,quote,6709,648,149,True,True,True,True,True,True,True,True,True,False,True,False,False,NO_POINT_IN_TIME_INSTRUMENT_AUTHORITY
runtime/market_data/upstox/20260717/ticks_1784281765.parquet,/Users/madhuram/tradebot-option-e2e-contract-reconstruction-v4/runtime/market_data/upstox/20260717/ticks_1784281765.parquet,0adcebb07fd84353b0b9b0cd35d8b91dc8fa3474ff599c503c8eaed2b08260d4,upstox,quote,6586,680,153,True,True,True,True,True,True,True,True,True,False,True,False,False,NO_POINT_IN_TIME_INSTRUMENT_AUTHORITY
runtime/market_data/upstox/20260717/ticks_1784281777.parquet,/Users/madhuram/tradebot-option-e2e-contract-reconstruction-v4/runtime/market_data/upstox/20260717/ticks_1784281777.parquet,13e3aab7413efa209cddc7b976b48991578d8286511222c981885e6ddc7aecef,upstox,quote,6619,553,143,True,True,True,True,True,True,True,True,True,False,True,False,False,NO_POINT_IN_TIME_INSTRUMENT_AUTHORITY
runtime/market_data/upstox/20260717/ticks_1784281789.parquet,/Users/madhuram/tradebot-option-e2e-contract-reconstruction-v4/runtime/market_data/upstox/20260717/ticks_1784281789.parquet,bf74c2f80a28ffee4608e259ee806944a60a5d04bf2b27733487c84002eebec5,upstox,quote,6431,593,143,True,True,True,True,True,True,True,True,True,False,True,False,False,NO_POINT_IN_TIME_INSTRUMENT_AUTHORITY
runtime/market_data/upstox/20260717/ticks_1784281801.parquet,/Users/madhuram/tradebot-option-e2e-contract-reconstruction-v4/runtime/market_data/upstox/20260717/ticks_1784281801.parquet,fedb5b8100ffa151ecbd6892bfbd79b77a314eb63c816ace356ec384d9d47e76,upstox,quote,6738,665,147,True,True,True,True,True,True,True,True,True,False,True,False,False,NO_POINT_IN_TIME_INSTRUMENT_AUTHORITY
runtime/market_data/upstox/20260717/ticks_1784281813.parquet,/Users/madhuram/tradebot-option-e2e-contract-reconstruction-v4/runtime/market_data/upstox/20260717/ticks_1784281813.parquet,0603c37201a387607a7190f9bfcc9b7dbdfe24ebb320f5a1028a15fe5bc47e78,upstox,quote,6987,685,151,True,True,True,True,True,True,True,True,True,False,True,False,False,NO_POINT_IN_TIME_INSTRUMENT_AUTHORITY
runtime/market_data/upstox/20260717/ticks_1784281825.parquet,/Users/madhuram/tradebot-option-e2e-contract-reconstruction-v4/runtime/market_data/upstox/20260717/ticks_1784281825.parquet,85672e938586b09d6d950e1f158bc9cfc20b818f5a163c2b129c7ce5cd192102,upstox,quote,6795,615,155,True,True,True,True,True,True,True,True,True,False,True,False,False,NO_POINT_IN_TIME_INSTRUMENT_AUTHORITY
runtime/market_data/upstox/20260717/ticks_1784281837.parquet,/Users/madhuram/tradebot-option-e2e-contract-reconstruction-v4/runtime/market_data/upstox/20260717/ticks_1784281837.parquet,327e07fcb8b9ca7326dcee04cdedd0f6e82e263f076a6cddf4013871396ecad6,upstox,quote,6950,552,148,True,True,True,True,True,True,True,True,True,False,True,False,False,NO_POINT_IN_TIME_INSTRUMENT_AUTHORITY
runtime/market_data/upstox/20260717/ticks_1784281850.parquet,/Users/madhuram/tradebot-option-e2e-contract-reconstruction-v4/runtime/market_data/upstox/20260717/ticks_1784281850.parquet,cf57352e405a48a134a17052efc123149f180135bd9eb51abde104253630add8,upstox,quote,7089,682,149,True,True,True,True,True,True,True,True,True,False,True,False,False,NO_POINT_IN_TIME_INSTRUMENT_AUTHORITY
runtime/market_data/upstox/20260717/ticks_1784281862.parquet,/Users/madhuram/tradebot-option-e2e-contract-reconstruction-v4/runtime/market_data/upstox/20260717/ticks_1784281862.parquet,106c22c288aedfb27fa75fb38302b7484d0aff55ee5dfded83bd82a35f72237b,upstox,quote,6921,581,150,True,True,True,True,True,True,True,True,True,False,True,False,False,NO_POINT_IN_TIME_INSTRUMENT_AUTHORITY
runtime/market_data/upstox/20260717/ticks_1784281874.parquet,/Users/madhuram/tradebot-option-e2e-contract-reconstruction-v4/runtime/market_data/upstox/20260717/ticks_1784281874.parquet,983be3bdd9d4ba19175c466911686a06a627b0d51fd967adf94f5899b8da1b0c,upstox,quote,6438,541,153,True,True,True,True,True,True,True,True,True,False,True,False,False,NO_POINT_IN_TIME_INSTRUMENT_AUTHORITY
runtime/market_data/upstox/20260717/ticks_1784281887.parquet,/Users/madhuram/tradebot-option-e2e-contract-reconstruction-v4/runtime/market_data/upstox/20260717/ticks_1784281887.parquet,26b996dea0dc169a7f8330ef4e0da292f93c6be1ba1244becb6a3f0dd3378b62,upstox,quote,6690,587,152,True,True,True,True,True,True,True,True,True,False,True,False,False,NO_POINT_IN_TIME_INSTRUMENT_AUTHORITY
runtime/market_data/upstox/20260717/ticks_1784281899.parquet,/Users/madhuram/tradebot-option-e2e-contract-reconstruction-v4/runtime/market_data/upstox/20260717/ticks_1784281899.parquet,9e8afe678592eddcfef7ab38ebccea9d61bdcd2c24e04455fbdff26b04a52569,upstox,quote,6979,758,146,True,True,True,True,True,True,True,True,True,False,True,False,False,NO_POINT_IN_TIME_INSTRUMENT_AUTHORITY
runtime/market_data/upstox/20260717/ticks_1784281911.parquet,/Users/madhuram/tradebot-option-e2e-contract-reconstruction-v4/runtime/market_data/upstox/20260717/ticks_1784281911.parquet,d3634b83ba951872056d115d3212c2d8100a419f13f22e98869b2bbef7e7c09d,upstox,quote,6706,544,150,True,True,True,True,True,True,True,True,True,False,True,False,False,NO_POINT_IN_TIME_INSTRUMENT_AUTHORITY
runtime/market_data/upstox/20260717/ticks_1784281923.parquet,/Users/madhuram/tradebot-option-e2e-contract-reconstruction-v4/runtime/market_data/upstox/20260717/ticks_1784281923.parquet,2f17b776d06a8451836b35a52adf6790a75f7e0c18b4c6b897822aa089adc16c,upstox,quote,6818,568,151,True,True,True,True,True,True,True,True,True,False,True,False,False,NO_POINT_IN_TIME_INSTRUMENT_AUTHORITY
runtime/market_data/upstox/20260717/ticks_1784281935.parquet,/Users/madhuram/tradebot-option-e2e-contract-reconstruction-v4/runtime/market_data/upstox/20260717/ticks_1784281935.parquet,bab39645fb01e74c15bc3d88129c395fd0ea8064cf814d37fbbc83a69135d4f8,upstox,quote,7108,773,158,True,True,True,True,True,True,True,True,True,False,True,False,False,NO_POINT_IN_TIME_INSTRUMENT_AUTHORITY
runtime/market_data/upstox/20260717/ticks_1784281947.parquet,/Users/madhuram/tradebot-option-e2e-contract-reconstruction-v4/runtime/market_data/upstox/20260717/ticks_1784281947.parquet,3cb4436f08a6b593c429e099ff2f68292cb5e88edb7e781791aadc0fa29fa5a1,upstox,quote,6863,619,155,True,True,True,True,True,True,True,True,True,False,True,False,False,NO_POINT_IN_TIME_INSTRUMENT_AUTHORITY
runtime/market_data/upstox/20260717/ticks_1784281960.parquet,/Users/madhuram/tradebot-option-e2e-contract-reconstruction-v4/runtime/market_data/upstox/20260717/ticks_1784281960.parquet,7672ad910a91ebb4155099aaf5d5b0658ec186ca1c785db2787da779d8452791,upstox,quote,6767,569,150,True,True,True,True,True,True,True,True,True,False,True,False,False,NO_POINT_IN_TIME_INSTRUMENT_AUTHORITY
runtime/market_data/upstox/20260717/ticks_1784281972.parquet,/Users/madhuram/tradebot-option-e2e-contract-reconstruction-v4/runtime/market_data/upstox/20260717/ticks_1784281972.parquet,a319f27a5758e64ff3631fcd8da7a3ed6ce3c05170348b3d2419b420b05f0f5e,upstox,quote,6823,713,155,True,True,True,True,True,True,True,True,True,False,True,False,False,NO_POINT_IN_TIME_INSTRUMENT_AUTHORITY
runtime/market_data/upstox/20260717/ticks_1784281984.parquet,/Users/madhuram/tradebot-option-e2e-contract-reconstruction-v4/runtime/market_data/upstox/20260717/ticks_1784281984.parquet,f73946a24fb43b315418b5ba6dd27edb7cb7384c816a8f9de49a54c96447ea32,upstox,quote,6892,631,152,True,True,True,True,True,True,True,True,True,False,True,False,False,NO_POINT_IN_TIME_INSTRUMENT_AUTHORITY
runtime/market_data/upstox/20260717/ticks_1784281996.parquet,/Users/madhuram/tradebot-option-e2e-contract-reconstruction-v4/runtime/market_data/upstox/20260717/ticks_1784281996.parquet,636bd6998506c24ba70e797ed0cb22bb45429322fdbd7ee2478c45a6f65af4b9,upstox,quote,6585,647,153,True,True,True,True,True,True,True,True,True,False,True,False,False,NO_POINT_IN_TIME_INSTRUMENT_AUTHORITY
runtime/market_data/upstox/20260717/ticks_1784282008.parquet,/Users/madhuram/tradebot-option-e2e-contract-reconstruction-v4/runtime/market_data/upstox/20260717/ticks_1784282008.parquet,ea4b3bc063ebcb28fffdb06efcf79c012d54ebd1cf0fd1740b8823d9ac8ab99a,upstox,quote,6684,602,153,True,True,True,True,True,True,True,True,True,False,True,False,False,NO_POINT_IN_TIME_INSTRUMENT_AUTHORITY
runtime/market_data/upstox/20260717/ticks_1784282020.parquet,/Users/madhuram/tradebot-option-e2e-contract-reconstruction-v4/runtime/market_data/upstox/20260717/ticks_1784282020.parquet,613aeb960d8f7d08c4a52af72f86cce1ebff3934255af42c9d9fea3159f28c7d,upstox,quote,6735,587,156,True,True,True,True,True,True,True,True,True,False,True,False,False,NO_POINT_IN_TIME_INSTRUMENT_AUTHORITY
runtime/market_data/upstox/20260717/ticks_1784282032.parquet,/Users/madhuram/tradebot-option-e2e-contract-reconstruction-v4/runtime/market_data/upstox/20260717/ticks_1784282032.parquet,c2ae85f74973e69ee70126f618e2b60faec6d8fd81daaed5e04d1c8e3247ad23,upstox,quote,6530,641,158,True,True,True,True,True,True,True,True,True,False,True,False,False,NO_POINT_IN_TIME_INSTRUMENT_AUTHORITY
runtime/market_data/upstox/20260717/ticks_1784282045.parquet,/Users/madhuram/tradebot-option-e2e-contract-reconstruction-v4/runtime/market_data/upstox/20260717/ticks_1784282045.parquet,d1a076ee3042489d9bf6a9d8160c75aee0339a67c05ee357dcceff8dbd99e728,upstox,quote,6733,599,153,True,True,True,True,True,True,True,True,True,False,True,False,False,NO_POINT_IN_TIME_INSTRUMENT_AUTHORITY
runtime/market_data/upstox/20260717/ticks_1784282057.parquet,/Users/madhuram/tradebot-option-e2e-contract-reconstruction-v4/runtime/market_data/upstox/20260717/ticks_1784282057.parquet,1c85599e20741eb964cbab09995f15d5f166788c4a87fb106b3b124c8872e5ab,upstox,quote,7370,694,156,True,True,True,True,True,True,True,True,True,False,True,False,False,NO_POINT_IN_TIME_INSTRUMENT_AUTHORITY
runtime/market_data/upstox/20260717/ticks_1784282069.parquet,/Users/madhuram/tradebot-option-e2e-contract-reconstruction-v4/runtime/market_data/upstox/20260717/ticks_1784282069.parquet,7d70a5bf42e6042e3aa54ac30c1f9b22aa089867b380b05f4f563321608bfc8a,upstox,quote,6757,608,158,True,True,True,True,True,True,True,True,True,False,True,False,False,NO_POINT_IN_TIME_INSTRUMENT_AUTHORITY
runtime/market_data/upstox/20260717/ticks_1784282081.parquet,/Users/madhuram/tradebot-option-e2e-contract-reconstruction-v4/runtime/market_data/upstox/20260717/ticks_1784282081.parquet,99be6239e1b98e17da41e6ab2a70a7b1395457d80e9f5aabf919010f7b651eae,upstox,quote,6807,614,159,True,True,True,True,True,True,True,True,True,False,True,False,False,NO_POINT_IN_TIME_INSTRUMENT_AUTHORITY
runtime/market_data/upstox/20260717/ticks_1784282093.parquet,/Users/madhuram/tradebot-option-e2e-contract-reconstruction-v4/runtime/market_data/upstox/20260717/ticks_1784282093.parquet,19e74de1ebf3226d0b6b8f79d57cf8f454ceb7b07f1ade965df35de5b2e2e488,upstox,quote,6568,631,157,True,True,True,True,True,True,True,True,True,False,True,False,False,NO_POINT_IN_TIME_INSTRUMENT_AUTHORITY
runtime/market_data/upstox/20260717/ticks_1784282105.parquet,/Users/madhuram/tradebot-option-e2e-contract-reconstruction-v4/runtime/market_data/upstox/20260717/ticks_1784282105.parquet,fae714de0ea46fb39b5cbb1d985c8f3bee61020bbb252e241a8f3063edd2815b,upstox,quote,7179,665,157,True,True,True,True,True,True,True,True,True,False,True,False,False,NO_POINT_IN_TIME_INSTRUMENT_AUTHORITY
runtime/market_data/upstox/20260717/ticks_1784282118.parquet,/Users/madhuram/tradebot-option-e2e-contract-reconstruction-v4/runtime/market_data/upstox/20260717/ticks_1784282118.parquet,92e95bb496e8860fc9f6a28d99bd7ac84440296a808c210b0e9e2d25229445fb,upstox,quote,6795,639,159,True,True,True,True,True,True,True,True,True,False,True,False,False,NO_POINT_IN_TIME_INSTRUMENT_AUTHORITY
runtime/market_data/upstox/20260717/ticks_1784282130.parquet,/Users/madhuram/tradebot-option-e2e-contract-reconstruction-v4/runtime/market_data/upstox/20260717/ticks_1784282130.parquet,55f2032e7f1fc96330c56213b18823c8f4f7c9a04b9d051db351bebd2eeb0da1,upstox,quote,6761,735,158,True,True,True,True,True,True,True,True,True,False,True,False,False,NO_POINT_IN_TIME_INSTRUMENT_AUTHORITY
runtime/market_data/upstox/20260717/ticks_1784282142.parquet,/Users/madhuram/tradebot-option-e2e-contract-reconstruction-v4/runtime/market_data/upstox/20260717/ticks_1784282142.parquet,c06fbbc0b70724f1f4661a1f5c0833b8ecb3ab2b05fb2015448389388737089a,upstox,quote,7262,769,160,True,True,True,True,True,True,True,True,True,False,True,False,False,NO_POINT_IN_TIME_INSTRUMENT_AUTHORITY
runtime/market_data/upstox/20260717/ticks_1784282154.parquet,/Users/madhuram/tradebot-option-e2e-contract-reconstruction-v4/runtime/market_data/upstox/20260717/ticks_1784282154.parquet,75d831ce1b02b876959463a62e6eb80f468c17d76b031a3584627bff89522cad,upstox,quote,6840,670,159,True,True,True,True,True,True,True,True,True,False,True,False,False,NO_POINT_IN_TIME_INSTRUMENT_AUTHORITY
runtime/market_data/upstox/20260717/ticks_1784282166.parquet,/Users/madhuram/tradebot-option-e2e-contract-reconstruction-v4/runtime/market_data/upstox/20260717/ticks_1784282166.parquet,fe03e000f4430ba44175a15b52303d0eb7bb27b4f4be01716e5cbb8601e2725f,upstox,quote,6940,704,156,True,True,True,True,True,True,True,True,True,False,True,False,False,NO_POINT_IN_TIME_INSTRUMENT_AUTHORITY
runtime/market_data/upstox/20260717/ticks_1784282178.parquet,/Users/madhuram/tradebot-option-e2e-contract-reconstruction-v4/runtime/market_data/upstox/20260717/ticks_1784282178.parquet,6cf9ad10e67386c6f630a0f7aae37be0acedb68db102cdf8673b06f13e7074b9,upstox,quote,7175,672,153,True,True,True,True,True,True,True,True,True,False,True,False,False,NO_POINT_IN_TIME_INSTRUMENT_AUTHORITY
runtime/market_data/upstox/20260717/ticks_1784282190.parquet,/Users/madhuram/tradebot-option-e2e-contract-reconstruction-v4/runtime/market_data/upstox/20260717/ticks_1784282190.parquet,67459ae89982b0fd974cacc802f7628d211627e351fb2fce4592f66213aafcc3,upstox,quote,6709,559,155,True,True,True,True,True,True,True,True,True,False,True,False,False,NO_POINT_IN_TIME_INSTRUMENT_AUTHORITY
runtime/market_data/upstox/20260717/ticks_1784282202.parquet,/Users/madhuram/tradebot-option-e2e-contract-reconstruction-v4/runtime/market_data/upstox/20260717/ticks_1784282202.parquet,493188ffe8dcf25a540b888462e2fcb6191dcad88b961f1a2d94409e1cc1cb28,upstox,quote,6508,644,155,True,True,True,True,True,True,True,True,True,False,True,False,False,NO_POINT_IN_TIME_INSTRUMENT_AUTHORITY
runtime/market_data/upstox/20260717/ticks_1784282215.parquet,/Users/madhuram/tradebot-option-e2e-contract-reconstruction-v4/runtime/market_data/upstox/20260717/ticks_1784282215.parquet,4d31189cae7d31d9c6a630ed0c9b38f46bc2a6901efaea29045a3a34ca5187a4,upstox,quote,6675,641,151,True,True,True,True,True,True,True,True,True,False,True,False,False,NO_POINT_IN_TIME_INSTRUMENT_AUTHORITY
runtime/market_data/upstox/20260717/ticks_1784282227.parquet,/Users/madhuram/tradebot-option-e2e-contract-reconstruction-v4/runtime/market_data/upstox/20260717/ticks_1784282227.parquet,1ca2ff41b7288d000372e8c7e237eef620a6594c0aaf7051c33244cec15dc7bf,upstox,quote,6870,562,150,True,True,True,True,True,True,True,True,True,False,True,False,False,NO_POINT_IN_TIME_INSTRUMENT_AUTHORITY
runtime/market_data/upstox/20260717/ticks_1784282239.parquet,/Users/madhuram/tradebot-option-e2e-contract-reconstruction-v4/runtime/market_data/upstox/20260717/ticks_1784282239.parquet,0291107e9efadc3e915e3cd6bde13d17185ce8504b603a3d86ce277e058c5bd2,upstox,quote,6778,641,148,True,True,True,True,True,True,True,True,True,False,True,False,False,NO_POINT_IN_TIME_INSTRUMENT_AUTHORITY
runtime/market_data/upstox/20260717/ticks_1784282251.parquet,/Users/madhuram/tradebot-option-e2e-contract-reconstruction-v4/runtime/market_data/upstox/20260717/ticks_1784282251.parquet,7caafa5f838f98dbb3177c1b02f4b72ef9922bae3b4101a490ee7d94c988e27d,upstox,quote,7174,794,148,True,True,True,True,True,True,True,True,True,False,True,False,False,NO_POINT_IN_TIME_INSTRUMENT_AUTHORITY
runtime/market_data/upstox/20260717/ticks_1784282263.parquet,/Users/madhuram/tradebot-option-e2e-contract-reconstruction-v4/runtime/market_data/upstox/20260717/ticks_1784282263.parquet,a89eacccd61138b25315a7e0ac4d9d5863b47d3759ec203e9d83e7467379a4f8,upstox,quote,6733,561,151,True,True,True,True,True,True,True,True,True,False,True,False,False,NO_POINT_IN_TIME_INSTRUMENT_AUTHORITY
runtime/market_data/upstox/20260717/ticks_1784282275.parquet,/Users/madhuram/tradebot-option-e2e-contract-reconstruction-v4/runtime/market_data/upstox/20260717/ticks_1784282275.parquet,81cb28ff7d19118e6734658be4568313d32a5b190d779eac539af30bd21e3412,upstox,quote,6676,553,155,True,True,True,True,True,True,True,True,True,False,True,False,False,NO_POINT_IN_TIME_INSTRUMENT_AUTHORITY
runtime/market_data/upstox/20260717/ticks_1784282288.parquet,/Users/madhuram/tradebot-option-e2e-contract-reconstruction-v4/runtime/market_data/upstox/20260717/ticks_1784282288.parquet,5696844f337104949f3010836e0cf0060509a30b65c7a32a3a096ba805bc7930,upstox,quote,7080,708,153,True,True,True,True,True,True,True,True,True,False,True,False,False,NO_POINT_IN_TIME_INSTRUMENT_AUTHORITY
runtime/market_data/upstox/20260717/ticks_1784282300.parquet,/Users/madhuram/tradebot-option-e2e-contract-reconstruction-v4/runtime/market_data/upstox/20260717/ticks_1784282300.parquet,492e155e8745435e6973ff7c68ffa38253f35c965d141457b0037a76f5f4d26c,upstox,quote,6811,754,156,True,True,True,True,True,True,True,True,True,False,True,False,False,NO_POINT_IN_TIME_INSTRUMENT_AUTHORITY
runtime/market_data/upstox/20260717/ticks_1784282312.parquet,/Users/madhuram/tradebot-option-e2e-contract-reconstruction-v4/runtime/market_data/upstox/20260717/ticks_1784282312.parquet,d45a71b6ea1e51fc44461513810d448dba3ceb14e9369f2edc13e2a08e1d9bcd,upstox,quote,6990,584,160,True,True,True,True,True,True,True,True,True,False,True,False,False,NO_POINT_IN_TIME_INSTRUMENT_AUTHORITY
runtime/market_data/upstox/20260717/ticks_1784282324.parquet,/Users/madhuram/tradebot-option-e2e-contract-reconstruction-v4/runtime/market_data/upstox/20260717/ticks_1784282324.parquet,f0044ca40d883f6c1247960e52627d2256ced15c196a26dc6e5f78ae788f885e,upstox,quote,6653,574,158,True,True,True,True,True,True,True,True,True,False,True,False,False,NO_POINT_IN_TIME_INSTRUMENT_AUTHORITY
runtime/market_data/upstox/20260717/ticks_1784282336.parquet,/Users/madhuram/tradebot-option-e2e-contract-reconstruction-v4/runtime/market_data/upstox/20260717/ticks_1784282336.parquet,1878694dc8b3a7bda401819f2883ef78c2b6fa3646b5befc30d0163e23fecf61,upstox,quote,7048,709,160,True,True,True,True,True,True,True,True,True,False,True,False,False,NO_POINT_IN_TIME_INSTRUMENT_AUTHORITY
runtime/market_data/upstox/20260717/ticks_1784282348.parquet,/Users/madhuram/tradebot-option-e2e-contract-reconstruction-v4/runtime/market_data/upstox/20260717/ticks_1784282348.parquet,728422b61e14611288160f19ca2c620cc8ccfab855cdce24be66729584c4be57,upstox,quote,7180,628,160,True,True,True,True,True,True,True,True,True,False,True,False,False,NO_POINT_IN_TIME_INSTRUMENT_AUTHORITY
runtime/market_data/upstox/20260717/ticks_1784282361.parquet,/Users/madhuram/tradebot-option-e2e-contract-reconstruction-v4/runtime/market_data/upstox/20260717/ticks_1784282361.parquet,7dc658e257f1191be4760b03b590fdac4a8bbc0936722b7fbd29a5a7b7bd294f,upstox,quote,6996,632,158,True,True,True,True,True,True,True,True,True,False,True,False,False,NO_POINT_IN_TIME_INSTRUMENT_AUTHORITY
runtime/market_data/upstox/20260717/ticks_1784282373.parquet,/Users/madhuram/tradebot-option-e2e-contract-reconstruction-v4/runtime/market_data/upstox/20260717/ticks_1784282373.parquet,14a34861f9c892b46f4512e5803ed5a2f5946caa72ad7907a9a4d5add41bf956,upstox,quote,7417,730,159,True,True,True,True,True,True,True,True,True,False,True,False,False,NO_POINT_IN_TIME_INSTRUMENT_AUTHORITY
runtime/market_data/upstox/20260717/ticks_1784282385.parquet,/Users/madhuram/tradebot-option-e2e-contract-reconstruction-v4/runtime/market_data/upstox/20260717/ticks_1784282385.parquet,0698cb31e2debbecb65956bd57df9caf11fe4064f4e62c01e50476a701fb2fda,upstox,quote,7048,607,158,True,True,True,True,True,True,True,True,True,False,True,False,False,NO_POINT_IN_TIME_INSTRUMENT_AUTHORITY
runtime/market_data/upstox/20260717/ticks_1784282397.parquet,/Users/madhuram/tradebot-option-e2e-contract-reconstruction-v4/runtime/market_data/upstox/20260717/ticks_1784282397.parquet,dd052a8c7e4432ad21282f7eb29018781c2910273856ae414279d9388b001bec,upstox,quote,6934,681,159,True,True,True,True,True,True,True,True,True,False,True,False,False,NO_POINT_IN_TIME_INSTRUMENT_AUTHORITY
runtime/market_data/upstox/20260717/ticks_1784282410.parquet,/Users/madhuram/tradebot-option-e2e-contract-reconstruction-v4/runtime/market_data/upstox/20260717/ticks_1784282410.parquet,23dabc22d925a4624452b83b8da722627c23f0be6a0b855bf9b730cc91150e7f,upstox,quote,2335,862,160,True,True,True,True,True,True,True,True,True,False,True,False,False,NO_POINT_IN_TIME_INSTRUMENT_AUTHORITY
runtime/market_data/upstox/20260717/ticks_1784282422.parquet,/Users/madhuram/tradebot-option-e2e-contract-reconstruction-v4/runtime/market_data/upstox/20260717/ticks_1784282422.parquet,fac93c78c02d6086ffb1b77f2e36e8ec0cc20a266c96c74c25845798312f376f,upstox,quote,135,4,0,True,True,False,False,False,False,True,True,True,False,False,False,False,NO_NIFTY_CE_PE_TOKEN_MATCH;NO_POINT_IN_TIME_INSTRUMENT_AUTHORITY;NO_POST_EXPIRY_PROOF_UNAVAILABLE_OR_FAILED
runtime/market_data/upstox/20260717/ticks_1784282434.parquet,/Users/madhuram/tradebot-option-e2e-contract-reconstruction-v4/runtime/market_data/upstox/20260717/ticks_1784282434.parquet,7d7352b36c488f717b59673da2cdb7d060eeb902d9d4931265eddf272bd40d44,upstox,quote,138,4,0,True,True,False,False,False,False,True,True,True,False,False,False,False,NO_NIFTY_CE_PE_TOKEN_MATCH;NO_POINT_IN_TIME_INSTRUMENT_AUTHORITY;NO_POST_EXPIRY_PROOF_UNAVAILABLE_OR_FAILED
runtime/market_data/upstox/20260717/ticks_1784282447.parquet,/Users/madhuram/tradebot-option-e2e-contract-reconstruction-v4/runtime/market_data/upstox/20260717/ticks_1784282447.parquet,34b77bc267a3e020b7fa00bc806aa2158bbf0e5330367a0ba3b78b4e044136cb,upstox,quote,134,4,0,True,True,False,False,False,False,True,True,True,False,False,False,False,NO_NIFTY_CE_PE_TOKEN_MATCH;NO_POINT_IN_TIME_INSTRUMENT_AUTHORITY;NO_POST_EXPIRY_PROOF_UNAVAILABLE_OR_FAILED
runtime/market_data/upstox/20260717/ticks_1784282459.parquet,/Users/madhuram/tradebot-option-e2e-contract-reconstruction-v4/runtime/market_data/upstox/20260717/ticks_1784282459.parquet,d6a904a0acb540393c89419abc44fa41efb5565b38fc833c9566e5d2b989c00a,upstox,quote,135,4,0,True,True,False,False,False,False,True,True,True,False,False,False,False,NO_NIFTY_CE_PE_TOKEN_MATCH;NO_POINT_IN_TIME_INSTRUMENT_AUTHORITY;NO_POST_EXPIRY_PROOF_UNAVAILABLE_OR_FAILED
runtime/market_data/upstox/20260717/ticks_1784282471.parquet,/Users/madhuram/tradebot-option-e2e-contract-reconstruction-v4/runtime/market_data/upstox/20260717/ticks_1784282471.parquet,7f06e2392bf69edfdee864903fafb4ec4e7ed137f76a7881d6f2200684ef7fd9,upstox,quote,135,4,0,True,True,False,False,False,False,True,True,True,False,False,False,False,NO_NIFTY_CE_PE_TOKEN_MATCH;NO_POINT_IN_TIME_INSTRUMENT_AUTHORITY;NO_POST_EXPIRY_PROOF_UNAVAILABLE_OR_FAILED
runtime/market_data/upstox/20260717/ticks_1784282483.parquet,/Users/madhuram/tradebot-option-e2e-contract-reconstruction-v4/runtime/market_data/upstox/20260717/ticks_1784282483.parquet,9babd40ec7ff6b7d074c44e736f7dcf7899dbc2ed1df5eb1545baff351736f0a,upstox,quote,135,4,0,True,True,False,False,False,False,True,True,True,False,False,False,False,NO_NIFTY_CE_PE_TOKEN_MATCH;NO_POINT_IN_TIME_INSTRUMENT_AUTHORITY;NO_POST_EXPIRY_PROOF_UNAVAILABLE_OR_FAILED
runtime/market_data/upstox/20260717/ticks_1784282496.parquet,/Users/madhuram/tradebot-option-e2e-contract-reconstruction-v4/runtime/market_data/upstox/20260717/ticks_1784282496.parquet,41dc771f65d7a6cc79468418b7b35af941dd1e0b968f08beb0719a97fe37732d,upstox,quote,134,4,0,True,True,False,False,False,False,True,True,True,False,False,False,False,NO_NIFTY_CE_PE_TOKEN_MATCH;NO_POINT_IN_TIME_INSTRUMENT_AUTHORITY;NO_POST_EXPIRY_PROOF_UNAVAILABLE_OR_FAILED
runtime/market_data/upstox/20260717/ticks_1784282508.parquet,/Users/madhuram/tradebot-option-e2e-contract-reconstruction-v4/runtime/market_data/upstox/20260717/ticks_1784282508.parquet,3b407d4ce22c40ac6680a085145f6f1011b327bd70e499bee3e7ccc64c1bc345,upstox,quote,138,4,0,True,True,False,False,False,False,True,True,True,False,False,False,False,NO_NIFTY_CE_PE_TOKEN_MATCH;NO_POINT_IN_TIME_INSTRUMENT_AUTHORITY;NO_POST_EXPIRY_PROOF_UNAVAILABLE_OR_FAILED
runtime/market_data/upstox/20260717/ticks_1784282520.parquet,/Users/madhuram/tradebot-option-e2e-contract-reconstruction-v4/runtime/market_data/upstox/20260717/ticks_1784282520.parquet,6bdfeb5bc40ff92329d6969a467ff7ffa749f1fe3762cc55de715f813373035b,upstox,quote,135,4,0,True,True,False,False,False,False,True,True,True,False,False,False,False,NO_NIFTY_CE_PE_TOKEN_MATCH;NO_POINT_IN_TIME_INSTRUMENT_AUTHORITY;NO_POST_EXPIRY_PROOF_UNAVAILABLE_OR_FAILED
runtime/market_data/upstox/20260717/ticks_1784282532.parquet,/Users/madhuram/tradebot-option-e2e-contract-reconstruction-v4/runtime/market_data/upstox/20260717/ticks_1784282532.parquet,a5e8809b3d3023dae9b3670ff99e46e0630ee48dcb34634b82d5659ce9aa6a72,upstox,quote,133,4,0,True,True,False,False,False,False,True,True,True,False,False,False,False,NO_NIFTY_CE_PE_TOKEN_MATCH;NO_POINT_IN_TIME_INSTRUMENT_AUTHORITY;NO_POST_EXPIRY_PROOF_UNAVAILABLE_OR_FAILED
runtime/market_data/upstox/20260717/ticks_1784282545.parquet,/Users/madhuram/tradebot-option-e2e-contract-reconstruction-v4/runtime/market_data/upstox/20260717/ticks_1784282545.parquet,df37159a89b9839a8fb7fcfcb8bd513e0f96373e16ca97a0ddc7c03bb518f51d,upstox,quote,133,4,0,True,True,False,False,False,False,True,True,True,False,False,False,False,NO_NIFTY_CE_PE_TOKEN_MATCH;NO_POINT_IN_TIME_INSTRUMENT_AUTHORITY;NO_POST_EXPIRY_PROOF_UNAVAILABLE_OR_FAILED
runtime/market_data/upstox/20260717/ticks_1784282557.parquet,/Users/madhuram/tradebot-option-e2e-contract-reconstruction-v4/runtime/market_data/upstox/20260717/ticks_1784282557.parquet,61bd72c623508e346b3a9fa9317bec09183f56d75342e92420ab1bcadd92868b,upstox,quote,135,4,0,True,True,False,False,False,False,True,True,True,False,False,False,False,NO_NIFTY_CE_PE_TOKEN_MATCH;NO_POINT_IN_TIME_INSTRUMENT_AUTHORITY;NO_POST_EXPIRY_PROOF_UNAVAILABLE_OR_FAILED
runtime/market_data/upstox/20260717/ticks_1784282569.parquet,/Users/madhuram/tradebot-option-e2e-contract-reconstruction-v4/runtime/market_data/upstox/20260717/ticks_1784282569.parquet,62e3cab425e4d72d34affb0f70699da2ba78530fbc284b4e34d31475b3466277,upstox,quote,138,4,0,True,True,False,False,False,False,True,True,True,False,False,False,False,NO_NIFTY_CE_PE_TOKEN_MATCH;NO_POINT_IN_TIME_INSTRUMENT_AUTHORITY;NO_POST_EXPIRY_PROOF_UNAVAILABLE_OR_FAILED
runtime/market_data/upstox/20260717/ticks_1784282582.parquet,/Users/madhuram/tradebot-option-e2e-contract-reconstruction-v4/runtime/market_data/upstox/20260717/ticks_1784282582.parquet,ebdddd81afb4b44f7e986443ed2b03ba85fc03192b0f86c52c77c20a73d8b285,upstox,quote,134,4,0,True,True,False,False,False,False,True,True,True,False,False,False,False,NO_NIFTY_CE_PE_TOKEN_MATCH;NO_POINT_IN_TIME_INSTRUMENT_AUTHORITY;NO_POST_EXPIRY_PROOF_UNAVAILABLE_OR_FAILED
runtime/market_data/upstox/20260717/ticks_1784282594.parquet,/Users/madhuram/tradebot-option-e2e-contract-reconstruction-v4/runtime/market_data/upstox/20260717/ticks_1784282594.parquet,1184a2258c1aed9ceff89be0513b4938931c15148096649c0a37bc9dd7d18254,upstox,quote,135,4,0,True,True,False,False,False,False,True,True,True,False,False,False,False,NO_NIFTY_CE_PE_TOKEN_MATCH;NO_POINT_IN_TIME_INSTRUMENT_AUTHORITY;NO_POST_EXPIRY_PROOF_UNAVAILABLE_OR_FAILED
runtime/market_data/upstox/20260717/ticks_1784282606.parquet,/Users/madhuram/tradebot-option-e2e-contract-reconstruction-v4/runtime/market_data/upstox/20260717/ticks_1784282606.parquet,cbe2e8706141594e81cf07e6844d7011e78af78f905de8f661fc9501cca6b6b2,upstox,quote,134,4,0,True,True,False,False,False,False,True,True,True,False,False,False,False,NO_NIFTY_CE_PE_TOKEN_MATCH;NO_POINT_IN_TIME_INSTRUMENT_AUTHORITY;NO_POST_EXPIRY_PROOF_UNAVAILABLE_OR_FAILED
runtime/market_data/upstox/20260717/ticks_1784282618.parquet,/Users/madhuram/tradebot-option-e2e-contract-reconstruction-v4/runtime/market_data/upstox/20260717/ticks_1784282618.parquet,59cd93d2988bb25c3ca34349dc37760b5687249cf8a0b48cf25a5f73b6c2362e,upstox,quote,133,4,0,True,True,False,False,False,False,True,True,True,False,False,False,False,NO_NIFTY_CE_PE_TOKEN_MATCH;NO_POINT_IN_TIME_INSTRUMENT_AUTHORITY;NO_POST_EXPIRY_PROOF_UNAVAILABLE_OR_FAILED
runtime/market_data/upstox/20260717/ticks_1784282630.parquet,/Users/madhuram/tradebot-option-e2e-contract-reconstruction-v4/runtime/market_data/upstox/20260717/ticks_1784282630.parquet,20b2219a3394ebb721e08ca439256be9d14111857e5153ba8597524cf3b75223,upstox,quote,135,4,0,True,True,False,False,False,False,True,True,True,False,False,False,False,NO_NIFTY_CE_PE_TOKEN_MATCH;NO_POINT_IN_TIME_INSTRUMENT_AUTHORITY;NO_POST_EXPIRY_PROOF_UNAVAILABLE_OR_FAILED
runtime/market_data/upstox/20260717/ticks_1784282643.parquet,/Users/madhuram/tradebot-option-e2e-contract-reconstruction-v4/runtime/market_data/upstox/20260717/ticks_1784282643.parquet,947219b7f059762bb78f2fa223be156f8c33edfc729279b51b764b419c80cffa,upstox,quote,134,4,0,True,True,False,False,False,False,True,True,True,False,False,False,False,NO_NIFTY_CE_PE_TOKEN_MATCH;NO_POINT_IN_TIME_INSTRUMENT_AUTHORITY;NO_POST_EXPIRY_PROOF_UNAVAILABLE_OR_FAILED
runtime/market_data/upstox/20260717/ticks_1784282655.parquet,/Users/madhuram/tradebot-option-e2e-contract-reconstruction-v4/runtime/market_data/upstox/20260717/ticks_1784282655.parquet,9420f00c20b3995d9738b352d827989fa21b8434ff6235277fbc41aed9c57270,upstox,quote,135,4,0,True,True,False,False,False,False,True,True,True,False,False,False,False,NO_NIFTY_CE_PE_TOKEN_MATCH;NO_POINT_IN_TIME_INSTRUMENT_AUTHORITY;NO_POST_EXPIRY_PROOF_UNAVAILABLE_OR_FAILED
runtime/market_data/upstox/20260717/ticks_1784282667.parquet,/Users/madhuram/tradebot-option-e2e-contract-reconstruction-v4/runtime/market_data/upstox/20260717/ticks_1784282667.parquet,c3b9b983b524e04aad04bf7e23b688c304acffd4313304e0a06fdbedb784f18d,upstox,quote,134,4,0,True,True,False,False,False,False,True,True,True,False,False,False,False,NO_NIFTY_CE_PE_TOKEN_MATCH;NO_POINT_IN_TIME_INSTRUMENT_AUTHORITY;NO_POST_EXPIRY_PROOF_UNAVAILABLE_OR_FAILED
runtime/market_data/upstox/20260717/ticks_1784282679.parquet,/Users/madhuram/tradebot-option-e2e-contract-reconstruction-v4/runtime/market_data/upstox/20260717/ticks_1784282679.parquet,caad8afc165b0d12d0c8d60ab248910fdebb771068c784f8c4e04d19af0b0621,upstox,quote,133,4,0,True,True,False,False,False,False,True,True,True,False,False,False,False,NO_NIFTY_CE_PE_TOKEN_MATCH;NO_POINT_IN_TIME_INSTRUMENT_AUTHORITY;NO_POST_EXPIRY_PROOF_UNAVAILABLE_OR_FAILED
runtime/market_data/upstox/20260717/ticks_1784282691.parquet,/Users/madhuram/tradebot-option-e2e-contract-reconstruction-v4/runtime/market_data/upstox/20260717/ticks_1784282691.parquet,149fddaa4de7e030c5c27e044cee10d58cc998ffa3c7fc7fabaa08d63221038d,upstox,quote,135,4,0,True,True,False,False,False,False,True,True,True,False,False,False,False,NO_NIFTY_CE_PE_TOKEN_MATCH;NO_POINT_IN_TIME_INSTRUMENT_AUTHORITY;NO_POST_EXPIRY_PROOF_UNAVAILABLE_OR_FAILED
runtime/market_data/upstox/20260717/ticks_1784282703.parquet,/Users/madhuram/tradebot-option-e2e-contract-reconstruction-v4/runtime/market_data/upstox/20260717/ticks_1784282703.parquet,f9df07a7e36df8abe65adc1d66a3abd9857bde9af892fd936d760ad1ffcb3011,upstox,quote,133,4,0,True,True,False,False,False,False,True,True,True,False,False,False,False,NO_NIFTY_CE_PE_TOKEN_MATCH;NO_POINT_IN_TIME_INSTRUMENT_AUTHORITY;NO_POST_EXPIRY_PROOF_UNAVAILABLE_OR_FAILED
runtime/market_data/upstox/20260717/ticks_1784282716.parquet,/Users/madhuram/tradebot-option-e2e-contract-reconstruction-v4/runtime/market_data/upstox/20260717/ticks_1784282716.parquet,68f06cb748bd581874b9506e563fa07fee01667265204e142c07923161ecd5c4,upstox,quote,133,4,0,True,True,False,False,False,False,True,True,True,False,False,False,False,NO_NIFTY_CE_PE_TOKEN_MATCH;NO_POINT_IN_TIME_INSTRUMENT_AUTHORITY;NO_POST_EXPIRY_PROOF_UNAVAILABLE_OR_FAILED
runtime/market_data/upstox/20260717/ticks_1784282729.parquet,/Users/madhuram/tradebot-option-e2e-contract-reconstruction-v4/runtime/market_data/upstox/20260717/ticks_1784282729.parquet,0df96e12f650df7822e9cc409390f8f1b606607f173457efd16ef74ce794c8fe,upstox,quote,143,4,0,True,True,False,False,False,False,True,True,True,False,False,False,False,NO_NIFTY_CE_PE_TOKEN_MATCH;NO_POINT_IN_TIME_INSTRUMENT_AUTHORITY;NO_POST_EXPIRY_PROOF_UNAVAILABLE_OR_FAILED
runtime/market_data/upstox/20260717/ticks_1784282741.parquet,/Users/madhuram/tradebot-option-e2e-contract-reconstruction-v4/runtime/market_data/upstox/20260717/ticks_1784282741.parquet,81b09ee4376cff1b6ef61679ee1f1e9bafcae3acfd821855aea60862efeba7ff,upstox,quote,134,4,0,True,True,False,False,False,False,True,True,True,False,False,False,False,NO_NIFTY_CE_PE_TOKEN_MATCH;NO_POINT_IN_TIME_INSTRUMENT_AUTHORITY;NO_POST_EXPIRY_PROOF_UNAVAILABLE_OR_FAILED
runtime/strategy_validation/resolved_option_ticks_20260702.parquet,/Users/madhuram/tradebot-option-e2e-contract-reconstruction-v4/runtime/strategy_validation/resolved_option_ticks_20260702.parquet,7ef6dfae7de94a1f52fac97b007259ada769347ff72299e238b6cac43ab54508,unknown,depth,876127,62,0,True,True,True,False,False,False,False,True,False,True,False,False,False,NO_NIFTY_CE_PE_TOKEN_MATCH;NO_POINT_IN_TIME_INSTRUMENT_AUTHORITY;NO_POST_EXPIRY_PROOF_UNAVAILABLE_OR_FAILED
