session_id,session_date,instrument,event_type,event_timestamp,causal_trigger_timestamp,direction,event_parameters,source_provenance,feature_availability_mask,eligibility_flags,semantic_hash,close,ts,minute_index,gap_pct,opening_range_width,prior_session_return,prior_session_range,rolling_range_5,rolling_range_15,realized_vol_15,atr_14,vwap_distance,dist_session_high,dist_session_low,body_range_ratio,upper_wick_ratio,lower_wick_ratio,compression_duration,prior_failed_breaks,ret_1,range,body,volume,entry_timestamp,entry_price,horizon_min,mfe_points,mae_points,gross_points,net_points,target_10_before_stop_10,target_20_before_stop_20,path_efficiency
BANKNIFTY:2024-07-01,2024-07-01,BANKNIFTY,compression_expansion_up,2024-07-01T09:57:00+05:30,2024-07-01T09:57:00+05:30,UP,{},"{'source_path': '/Users/madhuram/tradebot-structural-edge-discovery-v3/runtime/upstox_candidate_replay.zip!upstox_candidate_replay/20240701/underlying/BANKNIFTY_20240701.parquet', 'source_hash': '4357f109ed631802b3774c34db9c318f71742f8e99de307408af71bf00810707'}",{'completed_bar_only': True},"{'buy_ce_allowed': True, 'buy_pe_allowed': False, 'research_only': True}",66b78985bbfe4bf89d05e2f57b153dd79f3ebc9ca67cfedb04493cd97e63e0d0,52522.7,2024-07-01 09:56:00+05:30,41,0.0,251.5,0.0,0.0,32.51999999999971,36.91333333333314,0.0005051121625594108,35.985714285713975,149.13809523809323,8.80000000000291,356.6499999999942,0.4213675213674219,0.15042735042740019,0.428205128205178,21,3,0.0004771642159220324,58.5,24.64999999999418,0.0,2024-07-01T09:57:00+05:30,52522.7,30,22.5,149.34999999999854,-66.54999999999563,-68.04999999999563,False,False,-2.9577777777775838
BANKNIFTY:2024-07-01,2024-07-01,BANKNIFTY,compression_expansion_up,2024-07-01T10:23:00+05:30,2024-07-01T10:23:00+05:30,UP,{},"{'source_path': '/Users/madhuram/tradebot-structural-edge-discovery-v3/runtime/upstox_candidate_replay.zip!upstox_candidate_replay/20240701/underlying/BANKNIFTY_20240701.parquet', 'source_hash': '4357f109ed631802b3774c34db9c318f71742f8e99de307408af71bf00810707'}",{'completed_bar_only': True},"{'buy_ce_allowed': True, 'buy_pe_allowed': False, 'research_only': True}",44808f87a4fd8274c58eddfbbd798d5d2c03337310c2f1cad0dd3e9c08e26944,52471.45,2024-07-01 10:22:00+05:30,67,0.0,251.5,0.0,0.0,27.82999999999738,33.51000000000058,0.0005369043823732161,34.17500000000031,64.29338235293835,73.75,305.3999999999942,0.9014675052411452,0.0,0.09853249475885485,7,4,0.0008192109253555291,47.69999999999709,43.0,0.0,2024-07-01T10:23:00+05:30,52471.25,30,11.849999999998545,132.4499999999971,-55.150000000001455,-56.650000000001455,False,False,-4.654008438819259
BANKNIFTY:2024-07-01,2024-07-01,BANKNIFTY,compression_expansion_up,2024-07-01T11:08:00+05:30,2024-07-01T11:08:00+05:30,UP,{},"{'source_path': '/Users/madhuram/tradebot-structural-edge-discovery-v3/runtime/upstox_candidate_replay.zip!upstox_candidate_replay/20240701/underlying/BANKNIFTY_20240701.parquet', 'source_hash': '4357f109ed631802b3774c34db9c318f71742f8e99de307408af71bf00810707'}",{'completed_bar_only': True},"{'buy_ce_allowed': True, 'buy_pe_allowed': False, 'research_only': True}",2fe9b378c213749a27b5448ef9fb43707395c8a0f9b0e47d315e8e220b22d37f,52413.65,2024-07-01 11:07:00+05:30,112,0.0,251.5,0.0,0.0,16.88000000000029,18.549999999999514,0.0002580779765953914,18.199999999999687,1.214159292037948,131.54999999999563,247.59999999999854,0.743884892086289,0.16546762589928057,0.09064748201443036,16,4,0.0004953452814306925,34.75,25.849999999998545,0.0,2024-07-01T11:08:00+05:30,52416.5,30,183.34999999999854,21.05000000000291,121.5,120.0,True,True,0.6626670302699808
BANKNIFTY:2024-07-01,2024-07-01,BANKNIFTY,compression_expansion_up,2024-07-01T11:09:00+05:30,2024-07-01T11:09:00+05:30,UP,{},"{'source_path': '/Users/madhuram/tradebot-structural-edge-discovery-v3/runtime/upstox_candidate_replay.zip!upstox_candidate_replay/20240701/underlying/BANKNIFTY_20240701.parquet', 'source_hash': '4357f109ed631802b3774c34db9c318f71742f8e99de307408af71bf00810707'}",{'completed_bar_only': True},"{'buy_ce_allowed': True, 'buy_pe_allowed': False, 'research_only': True}",d6ba96939c5fdd6db22e7367eebcb1ba3075cb63aa50700a4b4c3d978cb7448d,52421.15,2024-07-01 11:08:00+05:30,113,0.0,251.5,0.0,0.0,19.18999999999942,18.766666666666183,0.00024021775180441737,18.914285714285402,8.637719298247248,124.04999999999563,255.09999999999854,0.17415730337086,0.6292134831459725,0.1966292134831675,0,4,0.00014309249594335327,26.69999999999709,4.650000000001455,0.0,2024-07-01T11:09:00+05:30,52420.25,30,179.59999999999854,24.80000000000291,130.3000000000029,128.8000000000029,True,True,0.7255011135857682
BANKNIFTY:2024-07-01,2024-07-01,BANKNIFTY,compression_expansion_up,2024-07-01T11:18:00+05:30,2024-07-01T11:18:00+05:30,UP,{},"{'source_path': '/Users/madhuram/tradebot-structural-edge-discovery-v3/runtime/upstox_candidate_replay.zip!upstox_candidate_replay/20240701/underlying/BANKNIFTY_20240701.parquet', 'source_hash': '4357f109ed631802b3774c34db9c318f71742f8e99de307408af71bf00810707'}",{'completed_bar_only': True},"{'buy_ce_allowed': True, 'buy_pe_allowed': False, 'research_only': True}",26acc59a406d86c43888e648585fc8a7e34b0b839f2658c4177907604906fd59,52481.75,2024-07-01 11:17:00+05:30,122,0.0,251.5,0.0,0.0,30.439999999997962,20.833333333333332,0.00040271007672024834,21.23928571428561,68.90284552845696,63.44999999999709,315.6999999999971,0.7848170398689456,0.2151829601310544,0.0,0,4,0.0013833435891565937,91.54999999999563,71.84999999999854,0.0,2024-07-01T11:18:00+05:30,52480.8,30,126.75,20.450000000004366,97.79999999999563,96.29999999999563,True,True,0.7715976331360602
BANKNIFTY:2024-07-01,2024-07-01,BANKNIFTY,compression_expansion_up,2024-07-01T11:48:00+05:30,2024-07-01T11:48:00+05:30,UP,{},"{'source_path': '/Users/madhuram/tradebot-structural-edge-discovery-v3/runtime/upstox_candidate_replay.zip!upstox_candidate_replay/20240701/underlying/BANKNIFTY_20240701.parquet', 'source_hash': '4357f109ed631802b3774c34db9c318f71742f8e99de307408af71bf00810707'}",{'completed_bar_only': True},"{'buy_ce_allowed': True, 'buy_pe_allowed': False, 'research_only': True}",9cfa5b95450e253fb1c7b190f87c9006331efb9a3dbddf0d176caab4cf479740,52597.4,2024-07-01 11:47:00+05:30,152,0.0,251.5,0.0,0.0,19.56000000000058,18.783333333334305,0.0001695536015634673,18.882142857143794,158.19607843137055,5.599999999998545,431.34999999999854,0.5343709468222306,0.1452658884565012,0.3203631647212682,0,6,0.00029192471575378853,38.55000000000291,20.599999999998545,0.0,2024-07-01T11:48:00+05:30,52597.0,30,10.55000000000291,73.44999999999709,-29.80000000000291,-31.30000000000291,False,False,-2.82464454976253
BANKNIFTY:2024-07-01,2024-07-01,BANKNIFTY,compression_expansion_up,2024-07-01T12:26:00+05:30,2024-07-01T12:26:00+05:30,UP,{},"{'source_path': '/Users/madhuram/tradebot-structural-edge-discovery-v3/runtime/upstox_candidate_replay.zip!upstox_candidate_replay/20240701/underlying/BANKNIFTY_20240701.parquet', 'source_hash': '4357f109ed631802b3774c34db9c318f71742f8e99de307408af71bf00810707'}",{'completed_bar_only': True},"{'buy_ce_allowed': True, 'buy_pe_allowed': False, 'research_only': True}",28369701e1316e3e1c687f72268a1d1ebb9640ad3df47c336b23094b360807e2,52599.4,2024-07-01 12:25:00+05:30,190,0.0,251.5,0.0,0.0,16.969999999999708,16.626666666666765,0.0001786649431281678,15.935714285714182,136.75340314135974,17.5,433.34999999999854,0.38488576449921563,0.6151142355007844,0.0,0,8,0.00018825050627979678,28.450000000004366,10.950000000004366,0.0,2024-07-01T12:26:00+05:30,52593.5,30,5.30000000000291,68.69999999999709,-29.599999999998545,-31.099999999998545,False,False,-5.584905660374017
BANKNIFTY:2024-07-01,2024-07-01,BANKNIFTY,compression_expansion_up,2024-07-01T13:01:00+05:30,2024-07-01T13:01:00+05:30,UP,{},"{'source_path': '/Users/madhuram/tradebot-structural-edge-discovery-v3/runtime/upstox_candidate_replay.zip!upstox_candidate_replay/20240701/underlying/BANKNIFTY_20240701.parquet', 'source_hash': '4357f109ed631802b3774c34db9c318f71742f8e99de307408af71bf00810707'}",{'completed_bar_only': True},"{'buy_ce_allowed': True, 'buy_pe_allowed': False, 'research_only': True}",839828927f1e170dd34af1d422209301acb77d82342ff82ed514528cd5e00214,52561.35,2024-07-01 13:00:00+05:30,225,0.0,251.5,0.0,0.0,13.970000000001164,12.716666666666667,9.931557993481943e-05,12.660714285714286,83.29889380530221,55.55000000000291,395.29999999999563,0.0359116022100136,0.30110497237583495,0.6629834254141515,0,8,-7.610096695809254e-06,18.10000000000582,0.6500000000014552,0.0,2024-07-01T13:01:00+05:30,52559.85,30,45.25,27.75,17.200000000004366,15.700000000004366,True,True,0.38011049723766555
BANKNIFTY:2024-07-02,2024-07-02,BANKNIFTY,compression_expansion_up,2024-07-02T09:38:00+05:30,2024-07-02T09:38:00+05:30,UP,{},"{'source_path': '/Users/madhuram/tradebot-structural-edge-discovery-v3/runtime/upstox_candidate_replay.zip!upstox_candidate_replay/20240702/underlying/BANKNIFTY_20240702.parquet', 'source_hash': '4357f109ed631802b3774c34db9c318f71742f8e99de307408af71bf00810707'}",{'completed_bar_only': True},"{'buy_ce_allowed': True, 'buy_pe_allowed': False, 'research_only': True}",ca2dc4e06aade79731c306a0a93d05952906f5697ffda5ae1bcdec2452e90657,52412.5,2024-07-02 09:37:00+05:30,22,-0.0021391260142284447,390.1999999999971,0.0,490.09999999999854,47.869999999999706,52.94333333333246,0.0006077877708949322,54.84285714285631,-114.44130434781982,415.9499999999971,61.400000000001455,0.04503311258280073,0.18675496688739796,0.7682119205298014,5,0,2.2895825900093314e-05,75.5,3.400000000001455,0.0,2024-07-02T09:38:00+05:30,52415.05,30,6.19999999999709,294.8000000000029,-99.05000000000291,-100.55000000000291,False,False,-15.975806451620873
BANKNIFTY:2024-07-02,2024-07-02,BANKNIFTY,compression_expansion_up,2024-07-02T10:02:00+05:30,2024-07-02T10:02:00+05:30,UP,{},"{'source_path': '/Users/madhuram/tradebot-structural-edge-discovery-v3/runtime/upstox_candidate_replay.zip!upstox_candidate_replay/20240702/underlying/BANKNIFTY_20240702.parquet', 'source_hash': '4357f109ed631802b3774c34db9c318f71742f8e99de307408af71bf00810707'}",{'completed_bar_only': True},"{'buy_ce_allowed': True, 'buy_pe_allowed': False, 'research_only': True}",32c5d8cc405503bfcdab9d9c5bf3053a599b8a2b4ed73751d325948bb421ce77,52289.05,2024-07-02 10:01:00+05:30,46,-0.005689104166012089,390.1999999999971,0.0,490.09999999999854,41.46000000000204,42.03333333333382,0.000513358469864563,40.960714285714594,-106.93404255319183,539.3999999999942,168.8000000000029,0.9405099150141074,0.056657223796029325,0.0028328611898633016,12,0,0.0012686029856689984,70.60000000000582,66.40000000000146,0.0,2024-07-02T10:02:00+05:30,52284.05,30,106.29999999999563,52.05000000000291,16.94999999999709,15.44999999999709,True,True,0.15945437441202057
BANKNIFTY:2024-07-02,2024-07-02,BANKNIFTY,compression_expansion_up,2024-07-02T12:25:00+05:30,2024-07-02T12:25:00+05:30,UP,{},"{'source_path': '/Users/madhuram/tradebot-structural-edge-discovery-v3/runtime/upstox_candidate_replay.zip!upstox_candidate_replay/20240702/underlying/BANKNIFTY_20240702.parquet', 'source_hash': '4357f109ed631802b3774c34db9c318f71742f8e99de307408af71bf00810707'}",{'completed_bar_only': True},"{'buy_ce_allowed': True, 'buy_pe_allowed': False, 'research_only': True}",126c6f5cc3f626f5ce40c689dd3a230b574121d56f0fc877316ad7423529e166,52155.6,2024-07-02 12:24:00+05:30,189,-0.0072846427507237245,390.1999999999971,0.0,490.09999999999854,25.570000000001166,23.380000000000777,0.00022624480820387512,23.200000000000728,-144.17263157894922,672.8499999999985,98.29999999999563,0.46657381615596993,0.325905292479217,0.20752089136481303,0,0,0.00023876578227421952,35.900000000001455,16.75,0.0,2024-07-02T12:25:00+05:30,52156.15,30,30.19999999999709,137.09999999999854,-97.75,-99.25,False,False,-3.2367549668877293
BANKNIFTY:2024-07-02,2024-07-02,BANKNIFTY,compression_expansion_up,2024-07-02T13:02:00+05:30,2024-07-02T13:02:00+05:30,UP,{},"{'source_path': '/Users/madhuram/tradebot-structural-edge-discovery-v3/runtime/upstox_candidate_replay.zip!upstox_candidate_replay/20240702/underlying/BANKNIFTY_20240702.parquet', 'source_hash': '4357f109ed631802b3774c34db9c318f71742f8e99de307408af71bf00810707'}",{'completed_bar_only': True},"{'buy_ce_allowed': True, 'buy_pe_allowed': False, 'research_only': True}",9a904cd9f2552021ac0247a33bc6fd0f65e50c958761f5c6862a60a3fa3dd9f3,52029.7,2024-07-02 13:01:00+05:30,226,-0.009748398035469319,390.1999999999971,0.0,490.09999999999854,27.800000000001454,24.776666666666763,0.00024571118345208406,24.192857142857456,-236.8870044052892,798.75,33.049999999995634,0.5172413793103257,0.15581098339733318,0.3269476372923412,0,0,0.00032492001968731365,39.150000000001455,20.25,0.0,2024-07-02T13:02:00+05:30,52032.25,30,180.4499999999971,20.19999999999709,82.59999999999854,81.09999999999854,True,True,0.4577445275699633
BANKNIFTY:2024-07-02,2024-07-02,BANKNIFTY,compression_expansion_up,2024-07-02T14:08:00+05:30,2024-07-02T14:08:00+05:30,UP,{},"{'source_path': '/Users/madhuram/tradebot-structural-edge-discovery-v3/runtime/upstox_candidate_replay.zip!upstox_candidate_replay/20240702/underlying/BANKNIFTY_20240702.parquet', 'source_hash': '4357f109ed631802b3774c34db9c318f71742f8e99de307408af71bf00810707'}",{'completed_bar_only': True},"{'buy_ce_allowed': True, 'buy_pe_allowed': False, 'research_only': True}",647fbafac081d9bdcd49241eb71e5e6c905c8fd8a37065ec9ff0ae73bd568158,52172.25,2024-07-02 14:07:00+05:30,292,-0.007048548735802174,390.1999999999971,0.0,490.09999999999854,26.88000000000029,27.340000000000874,0.00033963666468615636,27.817857142857974,-68.89761092150002,656.1999999999971,175.59999999999854,0.4729729729729575,0.26013513513519215,0.26689189189185036,9,0,0.0003786970902641684,44.400000000001455,21.0,0.0,2024-07-02T14:08:00+05:30,52174.35,30,43.599999999998545,55.299999999995634,33.849999999998545,32.349999999998545,False,False,0.7763761467889834
BANKNIFTY:2024-07-02,2024-07-02,BANKNIFTY,compression_expansion_up,2024-07-02T14:31:00+05:30,2024-07-02T14:31:00+05:30,UP,{},"{'source_path': '/Users/madhuram/tradebot-structural-edge-discovery-v3/runtime/upstox_candidate_replay.zip!upstox_candidate_replay/20240702/underlying/BANKNIFTY_20240702.parquet', 'source_hash': '4357f109ed631802b3774c34db9c318f71742f8e99de307408af71bf00810707'}",{'completed_bar_only': True},"{'buy_ce_allowed': True, 'buy_pe_allowed': False, 'research_only': True}",5df08e6838e4854c477e60f3ee9794a151aff7b4739106478f99a68358193f46,52161.1,2024-07-02 14:30:00+05:30,315,-0.006930501728341468,390.1999999999971,0.0,490.09999999999854,28.259999999999128,25.02333333333178,0.00020809777747126691,24.796428571427118,-73.31281645569834,667.3499999999985,164.4499999999971,0.07917570498918808,0.45553145336227036,0.46529284164854157,0,0,0.00010353614274194456,46.099999999998545,3.650000000001455,0.0,2024-07-02T14:31:00+05:30,52159.7,30,67.40000000000146,15.39999999999418,-7.599999999998545,-9.099999999998545,True,True,-0.11275964391688992
BANKNIFTY:2024-07-02,2024-07-02,BANKNIFTY,compression_expansion_up,2024-07-02T14:42:00+05:30,2024-07-02T14:42:00+05:30,UP,{},"{'source_path': '/Users/madhuram/tradebot-structural-edge-discovery-v3/runtime/upstox_candidate_replay.zip!upstox_candidate_replay/20240702/underlying/BANKNIFTY_20240702.parquet', 'source_hash': '4357f109ed631802b3774c34db9c318f71742f8e99de307408af71bf00810707'}",{'completed_bar_only': True},"{'buy_ce_allowed': True, 'buy_pe_allowed': False, 'research_only': True}",1105e4f3e59d9801f74f346089340f82a8472e76dced040756dac00e9d18955d,52219.25,2024-07-02 14:41:00+05:30,326,-0.006598256521859081,390.1999999999971,0.0,490.09999999999854,32.130000000000294,27.05999999999961,0.0002774820269596995,27.278571428571013,-13.57186544342403,609.1999999999971,222.59999999999854,0.727049180327845,0.12868852459014007,0.14426229508201494,0,0,0.0006476901128571466,61.0,44.349999999998545,0.0,2024-07-02T14:42:00+05:30,52212.05,30,13.89999999999418,70.65000000000146,-56.150000000001455,-57.650000000001455,False,False,-4.039568345325537
BANKNIFTY:2024-07-02,2024-07-02,BANKNIFTY,compression_expansion_up,2024-07-02T15:21:00+05:30,2024-07-02T15:21:00+05:30,UP,{},"{'source_path': '/Users/madhuram/tradebot-structural-edge-discovery-v3/runtime/upstox_candidate_replay.zip!upstox_candidate_replay/20240702/underlying/BANKNIFTY_20240702.parquet', 'source_hash': '4357f109ed631802b3774c34db9c318f71742f8e99de307408af71bf00810707'}",{'completed_bar_only': True},"{'buy_ce_allowed': True, 'buy_pe_allowed': False, 'research_only': True}",71da0b9ffe5809e7522274499623847e86a4fc7f58dd4adafa3ada2f767610c7,52190.35,2024-07-02 15:20:00+05:30,365,-0.0067153515373242195,390.1999999999971,0.0,490.09999999999854,18.9,20.073333333334208,0.00019310821008976334,19.735714285715012,-36.605464480875526,638.0999999999985,193.6999999999971,0.682464454976226,0.2780410742496842,0.03949447077408981,13,0,0.00042650585319381484,31.650000000001455,21.599999999998545,0.0,2024-07-02T15:21:00+05:30,52190.35,30,10.349999999998545,59.150000000001455,-42.25,-43.75,False,False,-4.082125603865308
BANKNIFTY:2024-07-03,2024-07-03,BANKNIFTY,compression_expansion_up,2024-07-03T09:37:00+05:30,2024-07-03T09:37:00+05:30,UP,{},"{'source_path': '/Users/madhuram/tradebot-structural-edge-discovery-v3/runtime/upstox_candidate_replay.zip!upstox_candidate_replay/20240703/underlying/BANKNIFTY_20240703.parquet', 'source_hash': '4357f109ed631802b3774c34db9c318f71742f8e99de307408af71bf00810707'}",{'completed_bar_only': True},"{'buy_ce_allowed': True, 'buy_pe_allowed': False, 'research_only': True}",c51d8ee45f7528007112dcf4f5b653dbaa6b1ca0fad6ec27456113744e45e492,53008.85,2024-07-03 09:36:00+05:30,21,0.015083003982887257,471.5,0.0,831.7999999999956,56.869999999999706,66.4866666666659,0.0007513357180817874,62.78214285714213,192.87272727272648,5.150000000001455,526.1999999999971,0.7918890074706445,0.054962646744947864,0.15314834578440759,17,1,0.0014111872959139404,93.69999999999709,74.19999999999709,0.0,2024-07-03T09:37:00+05:30,53017.35,30,184.15000000000146,63.400000000001455,59.55000000000291,58.05000000000291,True,True,0.3233776812381344
BANKNIFTY:2024-07-03,2024-07-03,BANKNIFTY,compression_expansion_up,2024-07-03T09:41:00+05:30,2024-07-03T09:41:00+05:30,UP,{},"{'source_path': '/Users/madhuram/tradebot-structural-edge-discovery-v3/runtime/upstox_candidate_replay.zip!upstox_candidate_replay/20240703/underlying/BANKNIFTY_20240703.parquet', 'source_hash': '4357f109ed631802b3774c34db9c318f71742f8e99de307408af71bf00810707'}",{'completed_bar_only': True},"{'buy_ce_allowed': True, 'buy_pe_allowed': False, 'research_only': True}",5675db3d08659c94cf332c5adf527e12b58ae3fb10951de62a19245f0f600507,53026.25,2024-07-03 09:40:00+05:30,25,0.015741704875153677,471.5,0.0,831.7999999999956,59.859999999999125,58.09999999999952,0.0007622766777594086,56.42857142857091,183.93076923077024,18.150000000001455,543.5999999999985,0.670767428236684,0.2126537785588959,0.11657879320442015,0,2,0.0011025556068444686,85.34999999999854,57.25,0.0,2024-07-03T09:41:00+05:30,53031.95,30,169.5500000000029,58.349999999998545,46.450000000004366,44.950000000004366,True,True,0.2739604836331676
BANKNIFTY:2024-07-03,2024-07-03,BANKNIFTY,compression_expansion_up,2024-07-03T10:13:00+05:30,2024-07-03T10:13:00+05:30,UP,{},"{'source_path': '/Users/madhuram/tradebot-structural-edge-discovery-v3/runtime/upstox_candidate_replay.zip!upstox_candidate_replay/20240703/underlying/BANKNIFTY_20240703.parquet', 'source_hash': '4357f109ed631802b3774c34db9c318f71742f8e99de307408af71bf00810707'}",{'completed_bar_only': True},"{'buy_ce_allowed': True, 'buy_pe_allowed': False, 'research_only': True}",255a43f8762d410f4910798677b0ff0a2689e2a9354131b288018421eb3bf17e,53103.3,2024-07-03 10:12:00+05:30,57,0.017774377206456256,471.5,0.0,831.7999999999956,36.65999999999767,42.31333333333314,0.0005480256912719207,42.3500000000001,115.83448275862611,98.19999999999709,620.6500000000015,0.4597887896020295,0.331437855402041,0.20877335499592942,5,4,0.0004691173810815741,61.549999999995634,28.30000000000291,0.0,2024-07-03T10:13:00+05:30,53103.35,30,153.34999999999854,94.69999999999709,62.0,60.5,True,True,0.4043038800130459
BANKNIFTY:2024-07-03,2024-07-03,BANKNIFTY,compression_expansion_up,2024-07-03T12:02:00+05:30,2024-07-03T12:02:00+05:30,UP,{},"{'source_path': '/Users/madhuram/tradebot-structural-edge-discovery-v3/runtime/upstox_candidate_replay.zip!upstox_candidate_replay/20240703/underlying/BANKNIFTY_20240703.parquet', 'source_hash': '4357f109ed631802b3774c34db9c318f71742f8e99de307408af71bf00810707'}",{'completed_bar_only': True},"{'buy_ce_allowed': True, 'buy_pe_allowed': False, 'research_only': True}",7a3607b8fed450fafbaa09e765d06e7b7e0a43a85e3bf3b2cfb67d478f9e15f5,53075.55,2024-07-03 12:01:00+05:30,166,0.01748481728001601,471.5,0.0,831.7999999999956,21.770000000001165,19.653333333334498,0.0002203123956497896,19.66785714285808,15.242514970064803,181.14999999999418,592.9000000000015,0.5269360269359985,0.3316498316497339,0.1414141414142676,0,4,0.0003524521338904574,29.700000000004366,15.650000000001455,0.0,2024-07-03T12:02:00+05:30,53078.0,30,66.80000000000291,33.400000000001455,44.650000000001455,43.150000000001455,True,True,0.6684131736526873
BANKNIFTY:2024-07-03,2024-07-03,BANKNIFTY,compression_expansion_up,2024-07-03T12:24:00+05:30,2024-07-03T12:24:00+05:30,UP,{},"{'source_path': '/Users/madhuram/tradebot-structural-edge-discovery-v3/runtime/upstox_candidate_replay.zip!upstox_candidate_replay/20240703/underlying/BANKNIFTY_20240703.parquet', 'source_hash': '4357f109ed631802b3774c34db9c318f71742f8e99de307408af71bf00810707'}",{'completed_bar_only': True},"{'buy_ce_allowed': True, 'buy_pe_allowed': False, 'research_only': True}",caa3d56d9d65e2cfc5e1880e1a58f27e1155713efcf43ac8bd1dc35cece819b1,53111.6,2024-07-03 12:23:00+05:30,188,0.018017914363131132,471.5,0.0,831.7999999999956,18.870000000001163,17.45,0.00022346619162929543,17.15357142857153,48.955555555548926,145.09999999999854,628.9499999999971,0.8060708263069235,0.10961214165260845,0.08431703204046803,0,4,0.0004464294123518453,29.650000000001455,23.900000000001455,0.0,2024-07-03T12:24:00+05:30,53111.8,30,33.0,23.55000000000291,4.649999999994179,3.1499999999941792,True,True,0.1409090909089145
BANKNIFTY:2024-07-03,2024-07-03,BANKNIFTY,compression_expansion_up,2024-07-03T13:31:00+05:30,2024-07-03T13:31:00+05:30,UP,{},"{'source_path': '/Users/madhuram/tradebot-structural-edge-discovery-v3/runtime/upstox_candidate_replay.zip!upstox_candidate_replay/20240703/underlying/BANKNIFTY_20240703.parquet', 'source_hash': '4357f109ed631802b3774c34db9c318f71742f8e99de307408af71bf00810707'}",{'completed_bar_only': True},"{'buy_ce_allowed': True, 'buy_pe_allowed': False, 'research_only': True}",585c9c186306db20e6adf17151e22788813ba5a044868c6217f658fbd9f1a537,53130.9,2024-07-03 13:30:00+05:30,255,0.01851745317662583,471.5,0.0,831.7999999999956,16.290000000000873,17.210000000000097,0.00016172869468343717,16.64642857142826,56.7265625,125.79999999999563,648.25,0.6225045372050687,0.01814882032667685,0.35934664246825443,13,4,0.0003115918767715442,27.55000000000291,17.150000000001455,0.0,2024-07-03T13:31:00+05:30,53130.65,30,60.650000000001455,33.25,-21.450000000004366,-22.950000000004366,True,True,-0.3536685902721163
BANKNIFTY:2024-07-03,2024-07-03,BANKNIFTY,compression_expansion_up,2024-07-03T13:45:00+05:30,2024-07-03T13:45:00+05:30,UP,{},"{'source_path': '/Users/madhuram/tradebot-structural-edge-discovery-v3/runtime/upstox_candidate_replay.zip!upstox_candidate_replay/20240703/underlying/BANKNIFTY_20240703.parquet', 'source_hash': '4357f109ed631802b3774c34db9c318f71742f8e99de307408af71bf00810707'}",{'completed_bar_only': True},"{'buy_ce_allowed': True, 'buy_pe_allowed': False, 'research_only': True}",13ff07654099e90fceab734d617c4b50cf7d7ef0e12e1841c5bd159c0f8359c9,53151.9,2024-07-03 13:44:00+05:30,269,0.018865500372976254,471.5,0.0,831.7999999999956,18.429999999998834,18.51999999999971,0.00024566319860213487,17.87499999999948,75.18240740741021,104.79999999999563,669.25,0.6329113924050924,0.175632911392275,0.19145569620263256,5,4,0.0003820701804575499,31.599999999998545,20.0,0.0,2024-07-03T13:45:00+05:30,53150.05,30,41.25,72.05000000000291,-59.650000000001455,-61.150000000001455,False,False,-1.4460606060606414
BANKNIFTY:2024-07-03,2024-07-03,BANKNIFTY,compression_expansion_up,2024-07-03T13:46:00+05:30,2024-07-03T13:46:00+05:30,UP,{},"{'source_path': '/Users/madhuram/tradebot-structural-edge-discovery-v3/runtime/upstox_candidate_replay.zip!upstox_candidate_replay/20240703/underlying/BANKNIFTY_20240703.parquet', 'source_hash': '4357f109ed631802b3774c34db9c318f71742f8e99de307408af71bf00810707'}",{'completed_bar_only': True},"{'buy_ce_allowed': True, 'buy_pe_allowed': False, 'research_only': True}",0bbecf268c4d97e8e36d9d4661b05b00504c43537e77290dd75662851c1a1733,53182.65,2024-07-03 13:45:00+05:30,270,0.019213547569326674,471.5,0.0,831.7999999999956,23.639999999999418,19.433333333332847,0.0002741994194676097,19.460714285713557,105.54151291512972,74.04999999999563,700.0,0.790303030302995,0.20969696969700496,0.0,0,4,0.0005785305887466841,41.25,32.599999999998545,0.0,2024-07-03T13:46:00+05:30,53185.4,30,0.0,114.65000000000146,-82.45000000000437,-83.95000000000437,False,False,0.0
BANKNIFTY:2024-07-04,2024-07-04,BANKNIFTY,compression_expansion_up,2024-07-04T11:10:00+05:30,2024-07-04T11:10:00+05:30,UP,{},"{'source_path': '/Users/madhuram/tradebot-structural-edge-discovery-v3/runtime/upstox_candidate_replay.zip!upstox_candidate_replay/20240704/underlying/BANKNIFTY_20240704.parquet', 'source_hash': '4357f109ed631802b3774c34db9c318f71742f8e99de307408af71bf00810707'}",{'completed_bar_only': True},"{'buy_ce_allowed': True, 'buy_pe_allowed': False, 'research_only': True}",16e1ceed0f5a6709dcf7fce6c6782a80afb593bcd2cbd8ac86091f9dd2e538df,52876.55,2024-07-04 11:09:00+05:30,114,-0.003479308436780992,313.1999999999971,0.0,774.0499999999956,23.08000000000029,23.910000000001066,0.0003811352196766167,24.550000000000832,-185.05043478260632,481.1499999999942,60.650000000001455,0.5094086021505952,0.4569892473117743,0.033602150537630465,7,0,0.00039352388339963795,37.200000000004366,18.950000000004366,0.0,2024-07-04T11:10:00+05:30,52874.95,30,72.90000000000146,11.94999999999709,35.80000000000291,34.30000000000291,True,True,0.4910836762688916
BANKNIFTY:2024-07-04,2024-07-04,BANKNIFTY,compression_expansion_up,2024-07-04T12:00:00+05:30,2024-07-04T12:00:00+05:30,UP,{},"{'source_path': '/Users/madhuram/tradebot-structural-edge-discovery-v3/runtime/upstox_candidate_replay.zip!upstox_candidate_replay/20240704/underlying/BANKNIFTY_20240704.parquet', 'source_hash': '4357f109ed631802b3774c34db9c318f71742f8e99de307408af71bf00810707'}",{'completed_bar_only': True},"{'buy_ce_allowed': True, 'buy_pe_allowed': False, 'research_only': True}",5acaa46e61e18532c412fbe1b21fd1a19fa11cebf54f56cd4ce073d05774f318,52895.15,2024-07-04 11:59:00+05:30,164,-0.002899580805076772,313.1999999999971,0.0,774.0499999999956,15.0,12.839999999999902,0.00016674049757917396,12.550000000000312,-119.00969696968968,462.54999999999563,79.25,0.3333333333334522,0.2990196078430446,0.3676470588235032,0,0,6.617301596745229e-05,20.400000000001455,6.80000000000291,0.0,2024-07-04T12:00:00+05:30,52898.45,30,83.25,10.0,73.35000000000582,71.85000000000582,True,True,0.881081081081151
BANKNIFTY:2024-07-04,2024-07-04,BANKNIFTY,compression_expansion_up,2024-07-04T12:10:00+05:30,2024-07-04T12:10:00+05:30,UP,{},"{'source_path': '/Users/madhuram/tradebot-structural-edge-discovery-v3/runtime/upstox_candidate_replay.zip!upstox_candidate_replay/20240704/underlying/BANKNIFTY_20240704.parquet', 'source_hash': '4357f109ed631802b3774c34db9c318f71742f8e99de307408af71bf00810707'}",{'completed_bar_only': True},"{'buy_ce_allowed': True, 'buy_pe_allowed': False, 'research_only': True}",4727a0313f9cd74315fc294b3897fce0139b8cd6714234115213316405e10ce9,52941.25,2024-07-04 12:09:00+05:30,174,-0.0022123914660321753,313.1999999999971,0.0,774.0499999999956,13.889999999999418,13.71999999999971,0.00017509866911297954,13.799999999999793,-66.83457142857515,416.4499999999971,125.34999999999854,0.7393258426964984,0.1303370786517508,0.1303370786517508,0,0,0.00036468799808031527,22.25,16.44999999999709,0.0,2024-07-04T12:10:00+05:30,52942.2,30,39.5,20.44999999999709,16.85000000000582,15.35000000000582,True,True,0.42658227848116004
BANKNIFTY:2024-07-04,2024-07-04,BANKNIFTY,compression_expansion_up,2024-07-04T13:03:00+05:30,2024-07-04T13:03:00+05:30,UP,{},"{'source_path': '/Users/madhuram/tradebot-structural-edge-discovery-v3/runtime/upstox_candidate_replay.zip!upstox_candidate_replay/20240704/underlying/BANKNIFTY_20240704.parquet', 'source_hash': '4357f109ed631802b3774c34db9c318f71742f8e99de307408af71bf00810707'}",{'completed_bar_only': True},"{'buy_ce_allowed': True, 'buy_pe_allowed': False, 'research_only': True}",af2b3ee92cbb7cc9ca0180af48ee65c02d4f73be0509575a013e40a34ab816a2,53008.5,2024-07-04 13:02:00+05:30,227,-0.000978467124730077,313.1999999999971,0.0,774.0499999999956,13.510000000000582,13.206666666666084,0.00015036034354669122,13.11428571428509,9.507236842109705,349.1999999999971,192.59999999999854,0.9170854271356114,0.0,0.08291457286438866,0,0,0.0003425151938041271,19.900000000001455,18.25,0.0,2024-07-04T13:03:00+05:30,53007.15,30,21.049999999995634,81.40000000000146,-73.70000000000437,-75.20000000000437,False,False,-3.5011876484569906
BANKNIFTY:2024-07-04,2024-07-04,BANKNIFTY,compression_expansion_up,2024-07-04T14:07:00+05:30,2024-07-04T14:07:00+05:30,UP,{},"{'source_path': '/Users/madhuram/tradebot-structural-edge-discovery-v3/runtime/upstox_candidate_replay.zip!upstox_candidate_replay/20240704/underlying/BANKNIFTY_20240704.parquet', 'source_hash': '4357f109ed631802b3774c34db9c318f71742f8e99de307408af71bf00810707'}",{'completed_bar_only': True},"{'buy_ce_allowed': True, 'buy_pe_allowed': False, 'research_only': True}",77bc01ae0cff92f636845b55c61d848656ebbb1f5a83bbaac5702548b2e76756,52969.95,2024-07-04 14:06:00+05:30,291,-0.0016590579378852478,313.1999999999971,0.0,774.0499999999956,15.410000000000583,13.816666666666181,0.00018280946113408426,13.253571428571117,-23.583732876715658,387.75,154.04999999999563,0.6294820717128276,0.3326693227093181,0.03784860557785439,0,0,0.0003068718522030167,25.10000000000582,15.799999999995634,0.0,2024-07-04T14:07:00+05:30,52974.45,30,212.5,3.75,182.3000000000029,180.8000000000029,True,True,0.8578823529411902
BANKNIFTY:2024-07-04,2024-07-04,BANKNIFTY,compression_expansion_up,2024-07-04T14:31:00+05:30,2024-07-04T14:31:00+05:30,UP,{},"{'source_path': '/Users/madhuram/tradebot-structural-edge-discovery-v3/runtime/upstox_candidate_replay.zip!upstox_candidate_replay/20240704/underlying/BANKNIFTY_20240704.parquet', 'source_hash': '4357f109ed631802b3774c34db9c318f71742f8e99de307408af71bf00810707'}",{'completed_bar_only': True},"{'buy_ce_allowed': True, 'buy_pe_allowed': False, 'research_only': True}",d83263d073dddfff41a70569edef0b2c255dea86548fd3c24a5d4a11c3cf01af,53096.65,2024-07-04 14:30:00+05:30,315,0.0005580467609250105,313.1999999999971,0.0,774.0499999999956,18.100000000001454,22.35666666666657,0.00025480227227456806,20.39642857142878,99.89778481012763,261.04999999999563,280.75,0.7094017094017803,0.29059829059821973,0.0,5,0,0.0004644633705155332,35.099999999998545,24.900000000001455,0.0,2024-07-04T14:31:00+05:30,53097.1,30,90.95000000000437,0.0,33.599999999998545,32.099999999998545,True,True,0.3694337548103016
BANKNIFTY:2024-07-04,2024-07-04,BANKNIFTY,compression_expansion_up,2024-07-04T14:32:00+05:30,2024-07-04T14:32:00+05:30,UP,{},"{'source_path': '/Users/madhuram/tradebot-structural-edge-discovery-v3/runtime/upstox_candidate_replay.zip!upstox_candidate_replay/20240704/underlying/BANKNIFTY_20240704.parquet', 'source_hash': '4357f109ed631802b3774c34db9c318f71742f8e99de307408af71bf00810707'}",{'completed_bar_only': True},"{'buy_ce_allowed': True, 'buy_pe_allowed': False, 'research_only': True}",b9d8868f933edebe44f8a5912bd51b65a82215f46b14cccc02e62c08c634111f,53134.75,2024-07-04 14:31:00+05:30,316,0.0010359685646226084,313.1999999999971,0.0,774.0499999999956,24.240000000000872,21.82333333333372,0.00028857528975268735,21.121428571428883,137.56246056782402,222.9499999999971,318.84999999999854,0.9007177033492544,0.0992822966507456,0.0,0,0,0.0007175593940482727,41.80000000000291,37.650000000001455,0.0,2024-07-04T14:32:00+05:30,53137.2,30,50.85000000000582,35.25,1.5500000000029104,0.05000000000291038,True,True,0.030481809242924936
BANKNIFTY:2024-07-05,2024-07-05,BANKNIFTY,compression_expansion_up,2024-07-05T10:47:00+05:30,2024-07-05T10:47:00+05:30,UP,{},"{'source_path': '/Users/madhuram/tradebot-structural-edge-discovery-v3/runtime/upstox_candidate_replay.zip!upstox_candidate_replay/20240705/underlying/BANKNIFTY_20240705.parquet', 'source_hash': '4357f109ed631802b3774c34db9c318f71742f8e99de307408af71bf00810707'}",{'completed_bar_only': True},"{'buy_ce_allowed': True, 'buy_pe_allowed': False, 'research_only': True}",8463fac433a2d345b938e89229db1f878230f76f849bf688706953938e2a66ec,52565.45,2024-07-05 10:46:00+05:30,91,-0.010522052417171034,311.34999999999854,0.0,541.7999999999956,27.98000000000029,29.163333333333625,0.0002770641065901633,29.071428571428573,118.03423913042934,252.40000000000146,275.3999999999942,0.7304900181487431,0.26950998185125685,0.0,6,0,0.0007148581991665015,55.10000000000582,40.25,0.0,2024-07-05T10:47:00+05:30,52570.75,30,92.80000000000291,30.94999999999709,-3.5500000000029104,-5.05000000000291,True,True,-0.038254310344857746
BANKNIFTY:2024-07-05,2024-07-05,BANKNIFTY,compression_expansion_up,2024-07-05T11:26:00+05:30,2024-07-05T11:26:00+05:30,UP,{},"{'source_path': '/Users/madhuram/tradebot-structural-edge-discovery-v3/runtime/upstox_candidate_replay.zip!upstox_candidate_replay/20240705/underlying/BANKNIFTY_20240705.parquet', 'source_hash': '4357f109ed631802b3774c34db9c318f71742f8e99de307408af71bf00810707'}",{'completed_bar_only': True},"{'buy_ce_allowed': True, 'buy_pe_allowed': False, 'research_only': True}",92b2b786acf4dfc5a93ea7abd18b209b2f391c31ac2354d0f2b6d28b6e3e3607,52640.3,2024-07-05 11:25:00+05:30,130,-0.008950950149527896,311.34999999999854,0.0,541.7999999999956,25.36999999999971,22.800000000000484,0.000324061651709195,21.76785714285766,151.80877862595662,177.54999999999563,350.25,0.8180645161291449,0.06580645161279057,0.11612903225806452,0,0,0.0006929150623007363,38.75,31.700000000004366,0.0,2024-07-05T11:26:00+05:30,52640.9,30,19.69999999999709,53.599999999998545,-33.75,-35.25,False,False,-1.7131979695434003
BANKNIFTY:2024-07-05,2024-07-05,BANKNIFTY,compression_expansion_up,2024-07-05T11:56:00+05:30,2024-07-05T11:56:00+05:30,UP,{},"{'source_path': '/Users/madhuram/tradebot-structural-edge-discovery-v3/runtime/upstox_candidate_replay.zip!upstox_candidate_replay/20240705/underlying/BANKNIFTY_20240705.parquet', 'source_hash': '4357f109ed631802b3774c34db9c318f71742f8e99de307408af71bf00810707'}",{'completed_bar_only': True},"{'buy_ce_allowed': True, 'buy_pe_allowed': False, 'research_only': True}",766fa06900fb725075d5979d069afefdceb9c925d07bd31b80b390be071e7983,52616.35,2024-07-05 11:55:00+05:30,160,-0.00925895401134999,311.34999999999854,0.0,541.7999999999956,23.31000000000058,20.153333333332558,0.00029344521233356363,19.410714285713766,102.27732919254777,201.5,326.29999999999563,0.7172619047618926,0.13541666666675914,0.14732142857134833,0,0,0.00043921986186434836,33.599999999998545,24.099999999998545,0.0,2024-07-05T11:56:00+05:30,52617.05,30,2.1499999999941792,71.65000000000146,-12.950000000004366,-14.450000000004366,False,False,-6.023255813971826
BANKNIFTY:2024-07-05,2024-07-05,BANKNIFTY,compression_expansion_up,2024-07-05T12:44:00+05:30,2024-07-05T12:44:00+05:30,UP,{},"{'source_path': '/Users/madhuram/tradebot-structural-edge-discovery-v3/runtime/upstox_candidate_replay.zip!upstox_candidate_replay/20240705/underlying/BANKNIFTY_20240705.parquet', 'source_hash': '4357f109ed631802b3774c34db9c318f71742f8e99de307408af71bf00810707'}",{'completed_bar_only': True},"{'buy_ce_allowed': True, 'buy_pe_allowed': False, 'research_only': True}",b269c542e496311d24551dc869ee9244d22329e59de8b8eae17a6f0c4252754f,52593.05,2024-07-05 12:43:00+05:30,208,-0.009414368804012528,311.34999999999854,0.0,541.7999999999956,14.340000000000874,16.260000000000097,0.00017157811569385025,16.425000000000313,63.33564593301708,224.79999999999563,303.0,0.3884120171674584,0.05793991416302044,0.5536480686695212,5,0,0.0001102928941902892,23.30000000000291,9.05000000000291,0.0,2024-07-05T12:44:00+05:30,52594.05,30,22.349999999998545,108.60000000000582,-93.5,-95.0,False,False,-4.183445190156872
BANKNIFTY:2024-07-05,2024-07-05,BANKNIFTY,compression_expansion_up,2024-07-05T13:26:00+05:30,2024-07-05T13:26:00+05:30,UP,{},"{'source_path': '/Users/madhuram/tradebot-structural-edge-discovery-v3/runtime/upstox_candidate_replay.zip!upstox_candidate_replay/20240705/underlying/BANKNIFTY_20240705.parquet', 'source_hash': '4357f109ed631802b3774c34db9c318f71742f8e99de307408af71bf00810707'}",{'completed_bar_only': True},"{'buy_ce_allowed': True, 'buy_pe_allowed': False, 'research_only': True}",8db362cabbd477a61837a971b881ff52392206e875f119ca52ecdf83bea29969,52525.65,2024-07-05 13:25:00+05:30,250,-0.010810276214472387,311.34999999999854,0.0,541.7999999999956,19.399999999998546,18.11999999999971,0.0001738539739681684,17.85357142857122,-8.61494023904379,292.1999999999971,235.59999999999854,0.5844155844154898,0.3858998144712345,0.029684601113275724,0,0,0.00025136896107502693,26.950000000004366,15.75,0.0,2024-07-05T13:26:00+05:30,52526.3,30,54.89999999999418,60.60000000000582,-30.900000000001455,-32.400000000001455,False,False,-0.562841530054731
BANKNIFTY:2024-07-05,2024-07-05,BANKNIFTY,compression_expansion_up,2024-07-05T13:38:00+05:30,2024-07-05T13:38:00+05:30,UP,{},"{'source_path': '/Users/madhuram/tradebot-structural-edge-discovery-v3/runtime/upstox_candidate_replay.zip!upstox_candidate_replay/20240705/underlying/BANKNIFTY_20240705.parquet', 'source_hash': '4357f109ed631802b3774c34db9c318f71742f8e99de307408af71bf00810707'}",{'completed_bar_only': True},"{'buy_ce_allowed': True, 'buy_pe_allowed': False, 'research_only': True}",ffa5d793282980d84c094d39685ce99932be00d598bb77b79897178f8a31d9a9,52577.5,2024-07-05 13:37:00+05:30,262,-0.009682812536793275,311.34999999999854,0.0,541.7999999999956,17.619999999998253,18.626666666666278,0.00020099411324158087,18.871428571428364,42.67547528517025,240.34999999999854,287.4499999999971,0.2667814113597647,0.1273666092942391,0.6058519793459962,5,0,0.0001483744438337542,29.049999999995634,7.75,0.0,2024-07-05T13:38:00+05:30,52576.6,30,0.0,110.90000000000146,-67.44999999999709,-68.94999999999709,False,False,0.0
BANKNIFTY:2024-07-05,2024-07-05,BANKNIFTY,compression_expansion_up,2024-07-05T14:04:00+05:30,2024-07-05T14:04:00+05:30,UP,{},"{'source_path': '/Users/madhuram/tradebot-structural-edge-discovery-v3/runtime/upstox_candidate_replay.zip!upstox_candidate_replay/20240705/underlying/BANKNIFTY_20240705.parquet', 'source_hash': '4357f109ed631802b3774c34db9c318f71742f8e99de307408af71bf00810707'}",{'completed_bar_only': True},"{'buy_ce_allowed': True, 'buy_pe_allowed': False, 'research_only': True}",992e7f1cddd689292cd0208476f0b32c02cb2aedce732e2eb9e76a4c86afb54f,52511.75,2024-07-05 14:03:00+05:30,288,-0.011110744813620042,311.34999999999854,0.0,541.7999999999956,16.06999999999971,15.75666666666657,0.00015867560602949966,15.810714285714182,-20.429411764707766,306.09999999999854,221.6999999999971,0.6300884955753243,0.32566371681405626,0.04424778761061947,0,0,0.00034099232576778604,28.25,17.80000000000291,0.0,2024-07-05T14:04:00+05:30,52504.2,30,29.5,72.75,-15.599999999998545,-17.099999999998545,False,False,-0.5288135593219846
BANKNIFTY:2024-07-08,2024-07-08,BANKNIFTY,compression_expansion_up,2024-07-08T10:02:00+05:30,2024-07-08T10:02:00+05:30,UP,{},"{'source_path': '/Users/madhuram/tradebot-structural-edge-discovery-v3/runtime/upstox_candidate_replay.zip!upstox_candidate_replay/20240708/underlying/BANKNIFTY_20240708.parquet', 'source_hash': '4357f109ed631802b3774c34db9c318f71742f8e99de307408af71bf00810707'}",{'completed_bar_only': True},"{'buy_ce_allowed': True, 'buy_pe_allowed': False, 'research_only': True}",2823a97807d906d8aec5ab71d2307193fd1dbb0e2c07613f83775df436ccefd3,52502.55,2024-07-08 10:01:00+05:30,46,-0.0033885488518167455,335.3500000000058,0.0,527.7999999999956,33.05,31.536666666667347,0.0003856975383638173,29.975000000000623,-9.034042553190375,208.25,181.35000000000582,0.7380216383307905,0.08578052550225478,0.1761978361669547,0,5,0.0009093534725579389,64.69999999999709,47.75,0.0,2024-07-08T10:02:00+05:30,52503.8,30,184.1999999999971,0.4500000000043656,121.34999999999854,119.84999999999854,True,True,0.6587947882736181
BANKNIFTY:2024-07-08,2024-07-08,BANKNIFTY,compression_expansion_up,2024-07-08T10:24:00+05:30,2024-07-08T10:24:00+05:30,UP,{},"{'source_path': '/Users/madhuram/tradebot-structural-edge-discovery-v3/runtime/upstox_candidate_replay.zip!upstox_candidate_replay/20240708/underlying/BANKNIFTY_20240708.parquet', 'source_hash': '4357f109ed631802b3774c34db9c318f71742f8e99de307408af71bf00810707'}",{'completed_bar_only': True},"{'buy_ce_allowed': True, 'buy_pe_allowed': False, 'research_only': True}",6b2f60388f54556a1e37a0e5e88a26251f0eed1b3d75c74dff16ea15472eb7e0,52601.15,2024-07-08 10:23:00+05:30,68,-0.0011713150362461957,335.3500000000058,0.0,527.7999999999956,25.839999999999417,27.01333333333411,0.0002644232069500497,26.6214285714294,67.91376811594819,109.65000000000146,279.95000000000437,0.5853899308983337,0.13326752221124988,0.2813425468904164,16,5,0.0005582840990796534,50.650000000001455,29.650000000001455,0.0,2024-07-08T10:24:00+05:30,52600.25,30,87.75,138.90000000000146,-83.94999999999709,-85.44999999999709,False,False,-0.9566951566951235
BANKNIFTY:2024-07-08,2024-07-08,BANKNIFTY,compression_expansion_up,2024-07-08T10:58:00+05:30,2024-07-08T10:58:00+05:30,UP,{},"{'source_path': '/Users/madhuram/tradebot-structural-edge-discovery-v3/runtime/upstox_candidate_replay.zip!upstox_candidate_replay/20240708/underlying/BANKNIFTY_20240708.parquet', 'source_hash': '4357f109ed631802b3774c34db9c318f71742f8e99de307408af71bf00810707'}",{'completed_bar_only': True},"{'buy_ce_allowed': True, 'buy_pe_allowed': False, 'research_only': True}",761f71b68ad2bbc840556205467d6d7502bacc7ecd8d3122bc010cfa37397be8,52504.4,2024-07-08 10:57:00+05:30,102,-0.0029202128316470582,335.3500000000058,0.0,527.7999999999956,28.88000000000029,24.816666666667153,0.0003097408994445756,23.93928571428634,-38.47184466019098,206.40000000000146,183.20000000000437,0.6340533672174152,0.2808132147394166,0.08513341804316821,0,5,0.0005040212127189747,39.349999999998545,24.950000000004366,0.0,2024-07-08T10:58:00+05:30,52504.05,30,19.14999999999418,115.30000000000291,-76.35000000000582,-77.85000000000582,False,False,-3.9869451697143097
BANKNIFTY:2024-07-08,2024-07-08,BANKNIFTY,compression_expansion_up,2024-07-08T11:53:00+05:30,2024-07-08T11:53:00+05:30,UP,{},"{'source_path': '/Users/madhuram/tradebot-structural-edge-discovery-v3/runtime/upstox_candidate_replay.zip!upstox_candidate_replay/20240708/underlying/BANKNIFTY_20240708.parquet', 'source_hash': '4357f109ed631802b3774c34db9c318f71742f8e99de307408af71bf00810707'}",{'completed_bar_only': True},"{'buy_ce_allowed': True, 'buy_pe_allowed': False, 'research_only': True}",d3aa4e63cc81a41eee1cc80d73ebb548866da281ffaba5b73370b238f32ad0ae,52404.35,2024-07-08 11:52:00+05:30,157,-0.00511084744120388,335.3500000000058,0.0,527.7999999999956,25.469999999999708,30.726666666666762,0.00045372422175884856,31.71785714285735,-97.04113924050762,306.45000000000437,103.59999999999854,0.9095022624434329,0.09049773755656705,0.0,6,5,0.0008049699974408409,44.19999999999709,40.19999999999709,0.0,2024-07-08T11:53:00+05:30,52403.55,30,36.14999999999418,156.85000000000582,-62.150000000001455,-63.650000000001455,False,False,-1.7192254495162231
BANKNIFTY:2024-07-08,2024-07-08,BANKNIFTY,compression_expansion_up,2024-07-08T12:56:00+05:30,2024-07-08T12:56:00+05:30,UP,{},"{'source_path': '/Users/madhuram/tradebot-structural-edge-discovery-v3/runtime/upstox_candidate_replay.zip!upstox_candidate_replay/20240708/underlying/BANKNIFTY_20240708.parquet', 'source_hash': '4357f109ed631802b3774c34db9c318f71742f8e99de307408af71bf00810707'}",{'completed_bar_only': True},"{'buy_ce_allowed': True, 'buy_pe_allowed': False, 'research_only': True}",12ec5738eb1b907b8edc91bcbc927f1392d1b8f589391d7bbc52a38e3cc9d489,52409.25,2024-07-08 12:55:00+05:30,220,-0.00480400660040295,335.3500000000058,0.0,527.7999999999956,25.38999999999796,21.923333333333723,0.00025856024357939766,22.403571428572054,-51.65656108596886,301.5500000000029,162.5500000000029,0.6685912240183636,0.16859122401853163,0.16281755196310477,0,5,0.0005918487158314001,43.30000000000291,28.94999999999709,0.0,2024-07-08T12:56:00+05:30,52412.55,30,34.599999999998545,42.700000000004366,-21.85000000000582,-23.35000000000582,False,False,-0.6315028901736052
BANKNIFTY:2024-07-08,2024-07-08,BANKNIFTY,compression_expansion_up,2024-07-08T13:50:00+05:30,2024-07-08T13:50:00+05:30,UP,{},"{'source_path': '/Users/madhuram/tradebot-structural-edge-discovery-v3/runtime/upstox_candidate_replay.zip!upstox_candidate_replay/20240708/underlying/BANKNIFTY_20240708.parquet', 'source_hash': '4357f109ed631802b3774c34db9c318f71742f8e99de307408af71bf00810707'}",{'completed_bar_only': True},"{'buy_ce_allowed': True, 'buy_pe_allowed': False, 'research_only': True}",09d2444833aa77849116521ab0a5033097b83dd82bc83f3f7eb8e58c974d07cc,52404.5,2024-07-08 13:49:00+05:30,274,-0.004978801382778779,335.3500000000058,0.0,527.7999999999956,20.330000000003203,19.18000000000126,0.00024264214552975196,19.12500000000104,-42.754000000000815,306.3000000000029,157.8000000000029,0.80871670702177,0.10411622276035369,0.0871670702178763,0,5,0.0006530418958836659,41.30000000000291,33.400000000001455,0.0,2024-07-08T13:50:00+05:30,52405.7,30,112.55000000000291,10.5,26.650000000001455,25.150000000001455,True,True,0.23678365171035776
BANKNIFTY:2024-07-08,2024-07-08,BANKNIFTY,compression_expansion_up,2024-07-08T14:16:00+05:30,2024-07-08T14:16:00+05:30,UP,{},"{'source_path': '/Users/madhuram/tradebot-structural-edge-discovery-v3/runtime/upstox_candidate_replay.zip!upstox_candidate_replay/20240708/underlying/BANKNIFTY_20240708.parquet', 'source_hash': '4357f109ed631802b3774c34db9c318f71742f8e99de307408af71bf00810707'}",{'completed_bar_only': True},"{'buy_ce_allowed': True, 'buy_pe_allowed': False, 'research_only': True}",e05a65c67cd0c59a0d992db71ec48f7ccc2e27f2d7236d53fb08f2716999e582,52463.4,2024-07-08 14:15:00+05:30,300,-0.003737188444925002,335.3500000000058,0.0,527.7999999999956,23.230000000001745,27.516666666666183,0.0003008674693719262,27.235714285713975,15.359468438538897,247.40000000000146,216.70000000000437,0.6745932415519755,0.0,0.3254067584480245,15,5,0.0006208177056066244,39.950000000004366,26.950000000004366,0.0,2024-07-08T14:16:00+05:30,52462.85,30,46.099999999998545,114.09999999999854,-95.04999999999563,-96.54999999999563,False,False,-2.0618221258134195
BANKNIFTY:2024-07-08,2024-07-08,BANKNIFTY,compression_expansion_up,2024-07-08T14:23:00+05:30,2024-07-08T14:23:00+05:30,UP,{},"{'source_path': '/Users/madhuram/tradebot-structural-edge-discovery-v3/runtime/upstox_candidate_replay.zip!upstox_candidate_replay/20240708/underlying/BANKNIFTY_20240708.parquet', 'source_hash': '4357f109ed631802b3774c34db9c318f71742f8e99de307408af71bf00810707'}",{'completed_bar_only': True},"{'buy_ce_allowed': True, 'buy_pe_allowed': False, 'research_only': True}",622ebd967055f22f4ebf1b7a5582cb0394797583b40d5c92f82e3746de04336d,52459.65,2024-07-08 14:22:00+05:30,307,-0.0039651816393281485,335.3500000000058,0.0,527.7999999999956,28.920000000001163,26.76000000000058,0.0003423536622236006,27.107142857143376,11.588798701304768,251.15000000000146,212.95000000000437,0.6542750929368487,0.13011152416356173,0.21561338289958953,0,5,0.0008470817176298162,53.80000000000291,35.200000000004366,0.0,2024-07-08T14:23:00+05:30,52458.3,30,50.64999999999418,109.55000000000291,-82.95000000000437,-84.45000000000437,False,False,-1.6377097729519032
BANKNIFTY:2024-07-09,2024-07-09,BANKNIFTY,compression_expansion_up,2024-07-09T09:31:00+05:30,2024-07-09T09:31:00+05:30,UP,{},"{'source_path': '/Users/madhuram/tradebot-structural-edge-discovery-v3/runtime/upstox_candidate_replay.zip!upstox_candidate_replay/20240709/underlying/BANKNIFTY_20240709.parquet', 'source_hash': '4357f109ed631802b3774c34db9c318f71742f8e99de307408af71bf00810707'}",{'completed_bar_only': True},"{'buy_ce_allowed': True, 'buy_pe_allowed': False, 'research_only': True}",4f0935806c5e1fd32f36f4a7151063205de5e4c6cdde03c0bf573c873da8267a,52506.8,2024-07-09 09:30:00+05:30,15,0.0005993895565183774,293.3500000000058,0.0,464.1000000000058,42.43000000000029,41.950000000000486,0.0003828452541633779,40.86428571428665,-29.487499999995634,79.5,213.85000000000582,0.07658959537576782,0.07297687861265674,0.8504335260115754,0,2,6.571009278455442e-05,69.19999999999709,5.30000000000291,0.0,2024-07-09T09:31:00+05:30,52506.25,30,61.900000000001455,83.75,-12.05000000000291,-13.55000000000291,False,False,-0.19466882067855618
BANKNIFTY:2024-07-09,2024-07-09,BANKNIFTY,compression_expansion_up,2024-07-09T10:52:00+05:30,2024-07-09T10:52:00+05:30,UP,{},"{'source_path': '/Users/madhuram/tradebot-structural-edge-discovery-v3/runtime/upstox_candidate_replay.zip!upstox_candidate_replay/20240709/underlying/BANKNIFTY_20240709.parquet', 'source_hash': '4357f109ed631802b3774c34db9c318f71742f8e99de307408af71bf00810707'}",{'completed_bar_only': True},"{'buy_ce_allowed': True, 'buy_pe_allowed': False, 'research_only': True}",7711183dd9c78dec476910e38ea4aac7941c739ff817c9fefcf06e60d21210bd,52556.85,2024-07-09 10:51:00+05:30,96,0.001401752047120131,293.3500000000058,0.0,464.1000000000058,21.109999999999125,17.59666666666599,0.00014728004983791178,17.36428571428457,46.77268041236675,29.450000000004366,263.90000000000146,0.5331991951710574,0.4668008048289426,0.0,0,2,0.00014938438409872745,24.849999999998545,13.25,0.0,2024-07-09T10:52:00+05:30,52557.5,30,17.05000000000291,60.599999999998545,-28.55000000000291,-30.05000000000291,False,False,-1.6744868035189464
BANKNIFTY:2024-07-09,2024-07-09,BANKNIFTY,compression_expansion_up,2024-07-09T11:01:00+05:30,2024-07-09T11:01:00+05:30,UP,{},"{'source_path': '/Users/madhuram/tradebot-structural-edge-discovery-v3/runtime/upstox_candidate_replay.zip!upstox_candidate_replay/20240709/underlying/BANKNIFTY_20240709.parquet', 'source_hash': '4357f109ed631802b3774c34db9c318f71742f8e99de307408af71bf00810707'}",{'completed_bar_only': True},"{'buy_ce_allowed': True, 'buy_pe_allowed': False, 'research_only': True}",068cac4f177eb18c2411b3002b7ae2be7884e11f5ab2a92be648c2d2721c2099,52557.15,2024-07-09 11:00:00+05:30,105,0.0013245651566941522,293.3500000000058,0.0,464.1000000000058,21.390000000000875,19.006666666667538,0.000159491691208469,19.485714285715012,43.086320754715416,29.150000000001455,264.20000000000437,0.5837479270314326,0.3764510779435488,0.03980099502501849,0,2,0.00034260165990507296,30.150000000001455,17.599999999998545,0.0,2024-07-09T11:01:00+05:30,52559.8,30,6.549999999995634,62.900000000001455,-32.700000000004366,-34.200000000004366,False,False,-4.992366412217734
BANKNIFTY:2024-07-09,2024-07-09,BANKNIFTY,compression_expansion_up,2024-07-09T13:04:00+05:30,2024-07-09T13:04:00+05:30,UP,{},"{'source_path': '/Users/madhuram/tradebot-structural-edge-discovery-v3/runtime/upstox_candidate_replay.zip!upstox_candidate_replay/20240709/underlying/BANKNIFTY_20240709.parquet', 'source_hash': '4357f109ed631802b3774c34db9c318f71742f8e99de307408af71bf00810707'}",{'completed_bar_only': True},"{'buy_ce_allowed': True, 'buy_pe_allowed': False, 'research_only': True}",f3d0d85c56420286453f5ad1a5973921b6584adb0f5f9b345fcc708cf313ec8f,52554.0,2024-07-09 13:03:00+05:30,228,0.0013245651566941522,293.3500000000058,0.0,464.1000000000058,16.939999999997962,16.126666666666278,0.0001858274923158096,16.214285714285193,20.55480349345453,72.59999999999854,261.0500000000029,0.47689768976894953,0.4323432343234466,0.09075907590760383,0,5,0.00032358147591216024,30.299999999995634,14.44999999999709,0.0,2024-07-09T13:04:00+05:30,52555.6,30,27.80000000000291,19.650000000001455,-5.5,-7.0,True,True,-0.19784172661868432
BANKNIFTY:2024-07-09,2024-07-09,BANKNIFTY,compression_expansion_up,2024-07-09T13:26:00+05:30,2024-07-09T13:26:00+05:30,UP,{},"{'source_path': '/Users/madhuram/tradebot-structural-edge-discovery-v3/runtime/upstox_candidate_replay.zip!upstox_candidate_replay/20240709/underlying/BANKNIFTY_20240709.parquet', 'source_hash': '4357f109ed631802b3774c34db9c318f71742f8e99de307408af71bf00810707'}",{'completed_bar_only': True},"{'buy_ce_allowed': True, 'buy_pe_allowed': False, 'research_only': True}",e13350982408c16f1e149521d54433009f22baef46e96871407778ecda17f6f7,52558.1,2024-07-09 13:25:00+05:30,250,0.001641889039556741,293.3500000000058,0.0,464.1000000000058,12.40000000000291,13.076666666668704,0.00010120562450205042,13.167857142859118,22.344223107567814,68.5,265.15000000000146,0.0810234541578295,0.0554371002133334,0.8635394456288371,6,5,3.044342754932039e-05,23.450000000004366,1.9000000000014552,0.0,2024-07-09T13:26:00+05:30,52555.2,30,39.0,21.099999999998545,27.400000000001455,25.900000000001455,True,True,0.7025641025641399
BANKNIFTY:2024-07-09,2024-07-09,BANKNIFTY,compression_expansion_up,2024-07-09T13:27:00+05:30,2024-07-09T13:27:00+05:30,UP,{},"{'source_path': '/Users/madhuram/tradebot-structural-edge-discovery-v3/runtime/upstox_candidate_replay.zip!upstox_candidate_replay/20240709/underlying/BANKNIFTY_20240709.parquet', 'source_hash': '4357f109ed631802b3774c34db9c318f71742f8e99de307408af71bf00810707'}",{'completed_bar_only': True},"{'buy_ce_allowed': True, 'buy_pe_allowed': False, 'research_only': True}",1e881d9e28d830efaeeb542278c3a90a82aaafb80ae25a097809c83b5249c343,52573.55,2024-07-09 13:26:00+05:30,251,0.0016228305480935157,293.3500000000058,0.0,464.1000000000058,15.280000000001746,13.76333333333508,0.00012646031933417228,14.007142857144832,37.64424603174848,53.049999999995634,280.6000000000058,0.830316742081766,0.11538461538442545,0.05429864253380853,0,5,0.0002939603981118033,22.099999999998545,18.35000000000582,0.0,2024-07-09T13:27:00+05:30,52575.35,30,18.849999999998545,41.25,2.849999999998545,1.3499999999985448,False,False,0.15119363395218913
BANKNIFTY:2024-07-09,2024-07-09,BANKNIFTY,compression_expansion_up,2024-07-09T13:44:00+05:30,2024-07-09T13:44:00+05:30,UP,{},"{'source_path': '/Users/madhuram/tradebot-structural-edge-discovery-v3/runtime/upstox_candidate_replay.zip!upstox_candidate_replay/20240709/underlying/BANKNIFTY_20240709.parquet', 'source_hash': '4357f109ed631802b3774c34db9c318f71742f8e99de307408af71bf00810707'}",{'completed_bar_only': True},"{'buy_ce_allowed': True, 'buy_pe_allowed': False, 'research_only': True}",8435f61bc91301b0c0053f782815cfa855a80cd9c110c9a82a833d973f9293ba,52564.0,2024-07-09 13:43:00+05:30,268,0.0013626821396206024,293.3500000000058,0.0,464.1000000000058,12.649999999998546,12.616666666666182,0.00017182045789715665,12.753571428571117,26.986988847580506,62.599999999998545,271.0500000000029,1.0,0.0,0.0,0,5,0.00040728856204297337,22.44999999999709,22.44999999999709,0.0,2024-07-09T13:44:00+05:30,52552.05,30,43.44999999999709,6.450000000004366,29.099999999998545,27.599999999998545,True,True,0.6697353279631875
BANKNIFTY:2024-07-09,2024-07-09,BANKNIFTY,compression_expansion_up,2024-07-09T13:53:00+05:30,2024-07-09T13:53:00+05:30,UP,{},"{'source_path': '/Users/madhuram/tradebot-structural-edge-discovery-v3/runtime/upstox_candidate_replay.zip!upstox_candidate_replay/20240709/underlying/BANKNIFTY_20240709.parquet', 'source_hash': '4357f109ed631802b3774c34db9c318f71742f8e99de307408af71bf00810707'}",{'completed_bar_only': True},"{'buy_ce_allowed': True, 'buy_pe_allowed': False, 'research_only': True}",271dea983c4abb96c7cb18793ae78333ad6878450b56054cfc81eac14a29c75b,52571.75,2024-07-09 13:52:00+05:30,277,0.0016657121538857724,293.3500000000058,0.0,464.1000000000058,12.249999999998545,12.80666666666463,0.00015596931684195415,12.949999999998129,33.99856115107832,54.849999999998545,278.8000000000029,0.6729411764707252,0.2823529411764706,0.04470588235280422,4,5,0.0001816895031030441,21.25,14.30000000000291,0.0,2024-07-09T13:53:00+05:30,52567.4,30,28.099999999998545,37.55000000000291,-17.400000000001455,-18.900000000001455,False,False,-0.6192170818506176
BANKNIFTY:2024-07-10,2024-07-10,BANKNIFTY,compression_expansion_up,2024-07-10T09:55:00+05:30,2024-07-10T09:55:00+05:30,UP,{},"{'source_path': '/Users/madhuram/tradebot-structural-edge-discovery-v3/runtime/upstox_candidate_replay.zip!upstox_candidate_replay/20240710/underlying/BANKNIFTY_20240710.parquet', 'source_hash': '4357f109ed631802b3774c34db9c318f71742f8e99de307408af71bf00810707'}",{'completed_bar_only': True},"{'buy_ce_allowed': True, 'buy_pe_allowed': False, 'research_only': True}",1cde65e761e6bd60b0e3f47d204924161d4405816987f0f609e4c8d8d4a3ed87,52359.2,2024-07-10 09:54:00+05:30,39,-0.0038984109334480803,353.6000000000058,0.0,333.65000000000146,38.11000000000058,38.649999999999515,0.000628227231943899,38.79642857142763,63.76249999999709,169.60000000000582,184.0,0.5562091503267403,0.34575163398698516,0.09803921568627451,5,0,0.0008334034207768681,76.5,42.549999999995634,0.0,2024-07-10T09:55:00+05:30,52357.1,30,29.30000000000291,190.15000000000146,-162.79999999999563,-164.29999999999563,False,False,-5.556313993173361
BANKNIFTY:2024-07-10,2024-07-10,BANKNIFTY,compression_expansion_up,2024-07-10T12:55:00+05:30,2024-07-10T12:55:00+05:30,UP,{},"{'source_path': '/Users/madhuram/tradebot-structural-edge-discovery-v3/runtime/upstox_candidate_replay.zip!upstox_candidate_replay/20240710/underlying/BANKNIFTY_20240710.parquet', 'source_hash': '4357f109ed631802b3774c34db9c318f71742f8e99de307408af71bf00810707'}",{'completed_bar_only': True},"{'buy_ce_allowed': True, 'buy_pe_allowed': False, 'research_only': True}",5bf633e2fce3a25b52a482bee002cbf0bd4528a119d8e020f726abafde794c0f,52161.25,2024-07-10 12:54:00+05:30,219,-0.007162794594203588,353.6000000000058,0.0,333.65000000000146,17.58000000000029,18.336666666666375,0.0002170585428640862,18.33571428571408,-31.463863636367023,367.5500000000029,83.34999999999854,0.5631578947369442,0.21228070175448807,0.22456140350856768,5,0,0.00034520287860839716,28.5,16.05000000000291,0.0,2024-07-10T12:55:00+05:30,52159.25,30,3.0500000000029104,62.05000000000291,-40.400000000001455,-41.900000000001455,False,False,-13.2459016393321
BANKNIFTY:2024-07-10,2024-07-10,BANKNIFTY,compression_expansion_up,2024-07-10T13:32:00+05:30,2024-07-10T13:32:00+05:30,UP,{},"{'source_path': '/Users/madhuram/tradebot-structural-edge-discovery-v3/runtime/upstox_candidate_replay.zip!upstox_candidate_replay/20240710/underlying/BANKNIFTY_20240710.parquet', 'source_hash': '4357f109ed631802b3774c34db9c318f71742f8e99de307408af71bf00810707'}",{'completed_bar_only': True},"{'buy_ce_allowed': True, 'buy_pe_allowed': False, 'research_only': True}",b4490822c87c7ffa14386f3b34bbd8c11b31f6c98057e6faff41ebd882a5e842,52147.85,2024-07-10 13:31:00+05:30,256,-0.007705430548309915,353.6000000000058,0.0,333.65000000000146,18.650000000001455,18.766666666667636,0.00023368203579958514,19.22857142857226,-35.2198443579764,380.95000000000437,69.94999999999709,0.8874643874644658,0.0,0.11253561253553429,7,0,0.0005141876458742978,35.099999999998545,31.150000000001455,0.0,2024-07-10T13:32:00+05:30,52147.25,30,0.0,54.349999999998545,-38.099999999998545,-39.599999999998545,False,False,0.0
BANKNIFTY:2024-07-10,2024-07-10,BANKNIFTY,compression_expansion_up,2024-07-10T14:20:00+05:30,2024-07-10T14:20:00+05:30,UP,{},"{'source_path': '/Users/madhuram/tradebot-structural-edge-discovery-v3/runtime/upstox_candidate_replay.zip!upstox_candidate_replay/20240710/underlying/BANKNIFTY_20240710.parquet', 'source_hash': '4357f109ed631802b3774c34db9c318f71742f8e99de307408af71bf00810707'}",{'completed_bar_only': True},"{'buy_ce_allowed': True, 'buy_pe_allowed': False, 'research_only': True}",37f83047af6a21332c7ebe5bf6136214af31be1eff680d5a7c5c0ad083fe9c3a,52141.25,2024-07-10 14:19:00+05:30,304,-0.0075359758117644025,353.6000000000058,0.0,333.65000000000146,19.979999999998835,20.840000000000387,0.00015831371965356313,20.81428571428582,-30.998688524588943,387.5500000000029,65.84999999999854,0.45693430656938555,0.2875912408758699,0.25547445255474455,6,0,0.00032422466659065563,34.25,15.650000000001455,0.0,2024-07-10T14:20:00+05:30,52142.05,30,93.89999999999418,18.650000000001455,5.94999999999709,4.44999999999709,True,True,0.06336528221509541
BANKNIFTY:2024-07-10,2024-07-10,BANKNIFTY,compression_expansion_up,2024-07-10T14:21:00+05:30,2024-07-10T14:21:00+05:30,UP,{},"{'source_path': '/Users/madhuram/tradebot-structural-edge-discovery-v3/runtime/upstox_candidate_replay.zip!upstox_candidate_replay/20240710/underlying/BANKNIFTY_20240710.parquet', 'source_hash': '4357f109ed631802b3774c34db9c318f71742f8e99de307408af71bf00810707'}",{'completed_bar_only': True},"{'buy_ce_allowed': True, 'buy_pe_allowed': False, 'research_only': True}",66ae7afb40c753cf74f9b1de6a0b03453b448204340700c539dc282e8a643916,52145.6,2024-07-10 14:20:00+05:30,305,-0.007222770147025756,353.6000000000058,0.0,333.65000000000146,24.079999999998837,21.683333333333334,0.0001526681977826912,21.132142857142753,-26.561601307192177,383.20000000000437,70.19999999999709,0.10487444608554762,0.5553914327918381,0.3397341211226143,0,0,8.342722892140664e-05,33.849999999998545,3.5499999999956344,0.0,2024-07-10T14:21:00+05:30,52147.1,30,88.84999999999854,23.69999999999709,2.349999999998545,0.8499999999985448,True,True,0.02644907146875164
BANKNIFTY:2024-07-10,2024-07-10,BANKNIFTY,compression_expansion_up,2024-07-10T14:31:00+05:30,2024-07-10T14:31:00+05:30,UP,{},"{'source_path': '/Users/madhuram/tradebot-structural-edge-discovery-v3/runtime/upstox_candidate_replay.zip!upstox_candidate_replay/20240710/underlying/BANKNIFTY_20240710.parquet', 'source_hash': '4357f109ed631802b3774c34db9c318f71742f8e99de307408af71bf00810707'}",{'completed_bar_only': True},"{'buy_ce_allowed': True, 'buy_pe_allowed': False, 'research_only': True}",8e6a9a58f682765992011fa1ff5520c6f66712c33f087413d8ea45820c899420,52171.65,2024-07-10 14:30:00+05:30,315,-0.007209442246398638,353.6000000000058,0.0,333.65000000000146,22.879999999998837,22.249999999999513,0.00020545188439274027,22.63571428571387,0.4749999999985448,357.15000000000146,96.25,0.6538461538461222,0.26583710407237193,0.08031674208150588,0,0,0.0006051004888751876,44.200000000004366,28.900000000001455,0.0,2024-07-10T14:31:00+05:30,52178.35,30,57.599999999998545,78.25,-10.099999999998545,-11.599999999998545,False,False,-0.1753472222222014
BANKNIFTY:2024-07-11,2024-07-11,BANKNIFTY,compression_expansion_up,2024-07-11T09:48:00+05:30,2024-07-11T09:48:00+05:30,UP,{},"{'source_path': '/Users/madhuram/tradebot-structural-edge-discovery-v3/runtime/upstox_candidate_replay.zip!upstox_candidate_replay/20240711/underlying/BANKNIFTY_20240711.parquet', 'source_hash': '4357f109ed631802b3774c34db9c318f71742f8e99de307408af71bf00810707'}",{'completed_bar_only': True},"{'buy_ce_allowed': True, 'buy_pe_allowed': False, 'research_only': True}",6e8f4aff6946e78bf689d300e47cff070a0f4f6e5e4fc7b67914d13eb2a2667b,52180.7,2024-07-11 09:47:00+05:30,32,-0.001630685615686783,230.60000000000582,0.0,453.40000000000146,28.77999999999738,33.60666666666511,0.0005271948791541241,32.499999999998444,-15.06363636363676,219.60000000000582,70.69999999999709,0.931861804222591,0.042226487524077295,0.02591170825333172,6,0,0.0009236072281135765,52.099999999998545,48.549999999995634,0.0,2024-07-11T09:48:00+05:30,52180.7,30,125.0,202.9499999999971,-187.1999999999971,-188.6999999999971,False,False,-1.4975999999999767
BANKNIFTY:2024-07-11,2024-07-11,BANKNIFTY,compression_expansion_up,2024-07-11T10:04:00+05:30,2024-07-11T10:04:00+05:30,UP,{},"{'source_path': '/Users/madhuram/tradebot-structural-edge-discovery-v3/runtime/upstox_candidate_replay.zip!upstox_candidate_replay/20240711/underlying/BANKNIFTY_20240711.parquet', 'source_hash': '4357f109ed631802b3774c34db9c318f71742f8e99de307408af71bf00810707'}",{'completed_bar_only': True},"{'buy_ce_allowed': True, 'buy_pe_allowed': False, 'research_only': True}",f5dd5b04757c5b839fb3fb40243737f0e76b942708538956fabf7989078c9dbe,52259.1,2024-07-11 10:03:00+05:30,48,-8.330572434817236e-05,230.60000000000582,0.0,453.40000000000146,30.280000000000292,27.16999999999971,0.00040127849488929933,27.371428571428364,54.513265306122776,141.20000000000437,149.09999999999854,0.8337850045167601,0.09936766034327271,0.06684733513996724,0,0,0.0008512936503453084,55.349999999998545,46.150000000001455,0.0,2024-07-11T10:04:00+05:30,52258.1,30,47.599999999998545,433.90000000000146,-345.59999999999854,-347.09999999999854,False,False,-7.260504201680864
BANKNIFTY:2024-07-11,2024-07-11,BANKNIFTY,compression_expansion_up,2024-07-11T11:42:00+05:30,2024-07-11T11:42:00+05:30,UP,{},"{'source_path': '/Users/madhuram/tradebot-structural-edge-discovery-v3/runtime/upstox_candidate_replay.zip!upstox_candidate_replay/20240711/underlying/BANKNIFTY_20240711.parquet', 'source_hash': '4357f109ed631802b3774c34db9c318f71742f8e99de307408af71bf00810707'}",{'completed_bar_only': True},"{'buy_ce_allowed': True, 'buy_pe_allowed': False, 'research_only': True}",6195947dc22a364601f16dff8641ec697d38dcc568e6c1fe77a8ae02d281970a,51927.25,2024-07-11 11:41:00+05:30,146,-0.006539978129853515,230.60000000000582,0.0,453.40000000000146,25.06999999999971,20.970000000000194,0.0003400179281288438,21.007142857143272,-79.15272108843783,473.0500000000029,177.8000000000029,0.9130434782608415,0.0,0.08695652173915851,0,0,0.001064156901452673,56.349999999998545,51.44999999999709,0.0,2024-07-11T11:42:00+05:30,51926.05,30,2.2999999999956344,157.70000000000437,-23.950000000004366,-25.450000000004366,False,False,-10.413043478282532
BANKNIFTY:2024-07-11,2024-07-11,BANKNIFTY,compression_expansion_up,2024-07-11T11:58:00+05:30,2024-07-11T11:58:00+05:30,UP,{},"{'source_path': '/Users/madhuram/tradebot-structural-edge-discovery-v3/runtime/upstox_candidate_replay.zip!upstox_candidate_replay/20240711/underlying/BANKNIFTY_20240711.parquet', 'source_hash': '4357f109ed631802b3774c34db9c318f71742f8e99de307408af71bf00810707'}",{'completed_bar_only': True},"{'buy_ce_allowed': True, 'buy_pe_allowed': False, 'research_only': True}",07e201355c7dc443f73f0dd5b01d43ffb2b40f02ce5e722d0bbaa3a038a1a49a,51896.1,2024-07-11 11:57:00+05:30,162,-0.00653327537042324,230.60000000000582,0.0,453.40000000000146,15.4,17.446666666666957,0.0001837156908482693,17.31428571428582,-98.05153374232759,504.20000000000437,146.65000000000146,0.791666666666414,0.15674603174617782,0.051587301587408145,11,0,0.0003701069262040946,25.200000000004366,19.94999999999709,0.0,2024-07-11T11:58:00+05:30,51898.1,30,49.599999999998545,129.75,26.700000000004366,25.200000000004366,False,False,0.538306451613007
BANKNIFTY:2024-07-11,2024-07-11,BANKNIFTY,compression_expansion_up,2024-07-11T12:00:00+05:30,2024-07-11T12:00:00+05:30,UP,{},"{'source_path': '/Users/madhuram/tradebot-structural-edge-discovery-v3/runtime/upstox_candidate_replay.zip!upstox_candidate_replay/20240711/underlying/BANKNIFTY_20240711.parquet', 'source_hash': '4357f109ed631802b3774c34db9c318f71742f8e99de307408af71bf00810707'}",{'completed_bar_only': True},"{'buy_ce_allowed': True, 'buy_pe_allowed': False, 'research_only': True}",16015c3049f854a89b0feca0b8c73878ff994af63b4259b84473ad68a43e917c,51903.35,2024-07-11 11:59:00+05:30,164,-0.006103341229822383,230.60000000000582,0.0,453.40000000000146,17.88000000000029,17.279999999999806,0.00017557347249087937,17.164285714285402,-89.68212121212855,496.95000000000437,153.90000000000146,0.1958762886597938,0.7257731958762287,0.07835051546397753,0,0,5.9729962765153743e-05,24.25,4.75,0.0,2024-07-11T12:00:00+05:30,51900.6,30,47.150000000001455,132.25,31.30000000000291,29.80000000000291,False,False,0.6638388123012078
BANKNIFTY:2024-07-11,2024-07-11,BANKNIFTY,compression_expansion_up,2024-07-11T12:12:00+05:30,2024-07-11T12:12:00+05:30,UP,{},"{'source_path': '/Users/madhuram/tradebot-structural-edge-discovery-v3/runtime/upstox_candidate_replay.zip!upstox_candidate_replay/20240711/underlying/BANKNIFTY_20240711.parquet', 'source_hash': '4357f109ed631802b3774c34db9c318f71742f8e99de307408af71bf00810707'}",{'completed_bar_only': True},"{'buy_ce_allowed': True, 'buy_pe_allowed': False, 'research_only': True}",22c0732ba014e5ea9e1316d2813332d0d08eb3aa168919ef63133087fab1944b,51890.9,2024-07-11 12:11:00+05:30,176,-0.00731845576083025,230.60000000000582,0.0,453.40000000000146,30.219999999995345,28.829999999998837,0.0005279231760881677,29.089285714284156,-91.56864406778914,509.40000000000146,141.45000000000437,0.8210603829161234,0.12223858615605811,0.05670103092781848,0,0,0.0011025634842163345,67.89999999999418,55.75,0.0,2024-07-11T12:12:00+05:30,51896.2,30,64.60000000000582,32.69999999999709,35.450000000004366,33.950000000004366,True,True,0.5487616099071388
BANKNIFTY:2024-07-11,2024-07-11,BANKNIFTY,compression_expansion_up,2024-07-11T12:23:00+05:30,2024-07-11T12:23:00+05:30,UP,{},"{'source_path': '/Users/madhuram/tradebot-structural-edge-discovery-v3/runtime/upstox_candidate_replay.zip!upstox_candidate_replay/20240711/underlying/BANKNIFTY_20240711.parquet', 'source_hash': '4357f109ed631802b3774c34db9c318f71742f8e99de307408af71bf00810707'}",{'completed_bar_only': True},"{'buy_ce_allowed': True, 'buy_pe_allowed': False, 'research_only': True}",cced1c106b2f48092f91efe983cf841138d1d4ff9f3a6bb18ed410086e21d850,51929.15,2024-07-11 12:22:00+05:30,187,-0.005840976074978982,230.60000000000582,0.0,453.40000000000146,25.05999999999913,23.333333333331392,0.0003301163921246248,24.007142857141194,-47.94627659574326,471.15000000000146,179.70000000000437,0.4440052700922223,0.48880105401836776,0.0671936758894099,0,0,0.00030435331181677405,37.94999999999709,16.849999999998545,0.0,2024-07-11T12:23:00+05:30,51927.2,30,38.5,33.94999999999709,4.900000000001455,3.400000000001455,True,True,0.12727272727276506
BANKNIFTY:2024-07-11,2024-07-11,BANKNIFTY,compression_expansion_up,2024-07-11T13:12:00+05:30,2024-07-11T13:12:00+05:30,UP,{},"{'source_path': '/Users/madhuram/tradebot-structural-edge-discovery-v3/runtime/upstox_candidate_replay.zip!upstox_candidate_replay/20240711/underlying/BANKNIFTY_20240711.parquet', 'source_hash': '4357f109ed631802b3774c34db9c318f71742f8e99de307408af71bf00810707'}",{'completed_bar_only': True},"{'buy_ce_allowed': True, 'buy_pe_allowed': False, 'research_only': True}",49cd4920199a6fea943a930cf7c891e39c04bd94bb956400b6db42f3c9cbba7d,51954.9,2024-07-11 13:11:00+05:30,236,-0.005282731968140938,230.60000000000582,0.0,453.40000000000146,17.879999999998837,17.81666666666521,0.0002082230732385574,17.035714285712725,-12.732067510551133,445.40000000000146,205.45000000000437,0.5274509803923281,0.1941176470587094,0.27843137254896255,0,0,0.0002541310738770619,25.5,13.450000000004366,0.0,2024-07-11T13:12:00+05:30,51953.25,30,8.5,75.30000000000291,-40.30000000000291,-41.80000000000291,False,False,-4.741176470588577
BANKNIFTY:2024-07-12,2024-07-12,BANKNIFTY,compression_expansion_up,2024-07-12T09:26:00+05:30,2024-07-12T09:26:00+05:30,UP,{},"{'source_path': '/Users/madhuram/tradebot-structural-edge-discovery-v3/runtime/upstox_candidate_replay.zip!upstox_candidate_replay/20240712/underlying/BANKNIFTY_20240712.parquet', 'source_hash': '4357f109ed631802b3774c34db9c318f71742f8e99de307408af71bf00810707'}",{'completed_bar_only': True},"{'buy_ce_allowed': True, 'buy_pe_allowed': False, 'research_only': True}",1e4d488bc2e1355b35cc2e7c94bc847f2bf302196e30426728f35ac2ecc24230,52335.75,2024-07-12 09:25:00+05:30,10,-0.001276152767435258,168.14999999999418,0.0,650.8500000000058,36.21000000000058,48.954545454546114,0.0007138198751029061,48.954545454546114,74.30909090908972,26.19999999999709,141.9499999999971,0.8946882217089935,0.021247113163999173,0.08406466512700735,6,0,0.0016210200560562438,108.25,96.84999999999854,0.0,2024-07-12T09:26:00+05:30,52330.9,30,179.84999999999854,159.75,-133.3000000000029,-134.8000000000029,True,True,-0.7411731998888184
BANKNIFTY:2024-07-12,2024-07-12,BANKNIFTY,compression_expansion_up,2024-07-12T10:18:00+05:30,2024-07-12T10:18:00+05:30,UP,{},"{'source_path': '/Users/madhuram/tradebot-structural-edge-discovery-v3/runtime/upstox_candidate_replay.zip!upstox_candidate_replay/20240712/underlying/BANKNIFTY_20240712.parquet', 'source_hash': '4357f109ed631802b3774c34db9c318f71742f8e99de307408af71bf00810707'}",{'completed_bar_only': True},"{'buy_ce_allowed': True, 'buy_pe_allowed': False, 'research_only': True}",d2c0d9c710742ff0fc055bfbb05b93a4a0989b97b64d1d57cbd2eaaf54968548,52301.0,2024-07-12 10:17:00+05:30,62,-0.0009281980053780597,288.4499999999971,0.0,650.8500000000058,28.609999999999125,32.583333333333336,0.000499100082593546,32.47142857142847,-42.138888888890506,209.75,129.84999999999854,0.7996357012750509,0.1684881602914345,0.03187613843351464,6,3,0.0008056044042259458,54.900000000001455,43.900000000001455,0.0,2024-07-12T10:18:00+05:30,52301.5,30,51.150000000001455,59.0,-1.9499999999970896,-3.4499999999970896,False,False,-0.03812316715536724
BANKNIFTY:2024-07-12,2024-07-12,BANKNIFTY,compression_expansion_up,2024-07-12T10:54:00+05:30,2024-07-12T10:54:00+05:30,UP,{},"{'source_path': '/Users/madhuram/tradebot-structural-edge-discovery-v3/runtime/upstox_candidate_replay.zip!upstox_candidate_replay/20240712/underlying/BANKNIFTY_20240712.parquet', 'source_hash': '4357f109ed631802b3774c34db9c318f71742f8e99de307408af71bf00810707'}",{'completed_bar_only': True},"{'buy_ce_allowed': True, 'buy_pe_allowed': False, 'research_only': True}",9c1d1ebc98d107c79eacf31aeca47d1d2ebc4ec3b5fbd6b6e8b5fc5a9d4358b1,52447.6,2024-07-12 10:53:00+05:30,98,-0.0004827394363706406,288.4499999999971,0.0,650.8500000000058,52.49999999999709,34.099999999998545,0.0008927042666581394,35.03928571428436,119.6636363636353,63.150000000001455,276.4499999999971,0.9946460440214071,0.0,0.005353955978592879,0,3,0.00323172078850531,168.09999999999854,167.1999999999971,0.0,2024-07-12T10:54:00+05:30,52437.15,30,357.40000000000146,0.0,123.34999999999854,121.84999999999854,True,True,0.3451315053161669
BANKNIFTY:2024-07-12,2024-07-12,BANKNIFTY,compression_expansion_up,2024-07-12T12:29:00+05:30,2024-07-12T12:29:00+05:30,UP,{},"{'source_path': '/Users/madhuram/tradebot-structural-edge-discovery-v3/runtime/upstox_candidate_replay.zip!upstox_candidate_replay/20240712/underlying/BANKNIFTY_20240712.parquet', 'source_hash': '4357f109ed631802b3774c34db9c318f71742f8e99de307408af71bf00810707'}",{'completed_bar_only': True},"{'buy_ce_allowed': True, 'buy_pe_allowed': False, 'research_only': True}",1a34293cde317f35b9bb5d90a5a64d4079b431081ab645091aaed62c3677c270,52513.1,2024-07-12 12:28:00+05:30,193,0.0037061005837801184,288.4499999999971,0.0,650.8500000000058,21.180000000001748,21.516666666667152,0.00018280753048862067,21.68571428571522,73.29278350515233,281.45000000000437,341.9499999999971,0.39080459770107495,0.025862068965556893,0.5833333333333682,9,6,0.00020665780990336557,34.80000000000291,13.599999999998545,0.0,2024-07-12T12:29:00+05:30,52506.85,30,53.75,62.19999999999709,31.950000000004366,30.450000000004366,False,False,0.594418604651244
BANKNIFTY:2024-07-12,2024-07-12,BANKNIFTY,compression_expansion_up,2024-07-12T13:18:00+05:30,2024-07-12T13:18:00+05:30,UP,{},"{'source_path': '/Users/madhuram/tradebot-structural-edge-discovery-v3/runtime/upstox_candidate_replay.zip!upstox_candidate_replay/20240712/underlying/BANKNIFTY_20240712.parquet', 'source_hash': '4357f109ed631802b3774c34db9c318f71742f8e99de307408af71bf00810707'}",{'completed_bar_only': True},"{'buy_ce_allowed': True, 'buy_pe_allowed': False, 'research_only': True}",577c9aa512302c20a4e8617675aa6b11ba6b6ccdb0c24e6a25dbce46988555f4,52598.9,2024-07-12 13:17:00+05:30,242,0.004988944788947219,288.4499999999971,0.0,650.8500000000058,21.1,21.676666666666765,0.00022993802766139212,21.774999999999896,142.7248971193403,195.65000000000146,427.75,0.8477690288714999,0.11811023622047695,0.034120734908023205,7,6,0.0006182656601936287,38.099999999998545,32.30000000000291,0.0,2024-07-12T13:18:00+05:30,52598.75,30,38.599999999998545,61.75,-32.349999999998545,-33.849999999998545,False,False,-0.838082901554398
BANKNIFTY:2024-07-12,2024-07-12,BANKNIFTY,compression_expansion_up,2024-07-12T13:32:00+05:30,2024-07-12T13:32:00+05:30,UP,{},"{'source_path': '/Users/madhuram/tradebot-structural-edge-discovery-v3/runtime/upstox_candidate_replay.zip!upstox_candidate_replay/20240712/underlying/BANKNIFTY_20240712.parquet', 'source_hash': '4357f109ed631802b3774c34db9c318f71742f8e99de307408af71bf00810707'}",{'completed_bar_only': True},"{'buy_ce_allowed': True, 'buy_pe_allowed': False, 'research_only': True}",5d398dac735eecef2d763768cbd8f46a27466b3421506d6217d1b79f3abe56ef,52578.5,2024-07-12 13:31:00+05:30,256,0.004590326284062975,288.4499999999971,0.0,650.8500000000058,23.359999999999125,23.25666666666657,0.00032366118802523556,22.196428571428573,114.96848249027244,216.0500000000029,407.34999999999854,0.8333333333334259,0.15776081424930732,0.00890585241726676,0,6,0.0006308836081594382,39.299999999995634,32.75,0.0,2024-07-12T13:32:00+05:30,52579.2,30,37.5,47.19999999999709,-10.69999999999709,-12.19999999999709,False,False,-0.2853333333332557
BANKNIFTY:2024-07-12,2024-07-12,BANKNIFTY,compression_expansion_up,2024-07-12T15:16:00+05:30,2024-07-12T15:16:00+05:30,UP,{},"{'source_path': '/Users/madhuram/tradebot-structural-edge-discovery-v3/runtime/upstox_candidate_replay.zip!upstox_candidate_replay/20240712/underlying/BANKNIFTY_20240712.parquet', 'source_hash': '4357f109ed631802b3774c34db9c318f71742f8e99de307408af71bf00810707'}",{'completed_bar_only': True},"{'buy_ce_allowed': True, 'buy_pe_allowed': False, 'research_only': True}",5ebe085a0f27478158a9e86522300b78951b8c8b2e40a710bab6011a3f733643,52246.25,2024-07-12 15:15:00+05:30,360,-0.0015466780357380407,288.4499999999971,0.0,650.8500000000058,30.48999999999942,31.91333333333411,0.00035903401655452066,30.164285714286443,-221.896952908588,548.3000000000029,75.09999999999854,0.37818821459983376,0.06860158311348381,0.5532102022866824,9,6,0.00034081042037437115,56.849999999998545,21.5,0.0,2024-07-12T15:16:00+05:30,52244.45,30,106.20000000000437,15.099999999998545,104.25,102.75,True,True,0.9816384180790557
BANKNIFTY:2024-07-15,2024-07-15,BANKNIFTY,compression_expansion_up,2024-07-15T09:29:00+05:30,2024-07-15T09:29:00+05:30,UP,{},"{'source_path': '/Users/madhuram/tradebot-structural-edge-discovery-v3/runtime/upstox_candidate_replay.zip!upstox_candidate_replay/20240715/underlying/BANKNIFTY_20240715.parquet', 'source_hash': '4357f109ed631802b3774c34db9c318f71742f8e99de307408af71bf00810707'}",{'completed_bar_only': True},"{'buy_ce_allowed': True, 'buy_pe_allowed': False, 'research_only': True}",6675009bd6da0cda85a2783c4afa8c0a56674be67f5b410b52705d2393028f8b,52404.75,2024-07-15 09:28:00+05:30,13,-0.0007192155679127501,150.14999999999418,0.0,623.4000000000015,58.45,59.3500000000001,0.0009047041534942604,59.3500000000001,79.81071428571158,4.69999999999709,145.4499999999971,0.9177277179235889,0.0460333006855745,0.036238981390836617,5,1,0.0017711007587155603,102.09999999999854,93.69999999999709,0.0,2024-07-15T09:29:00+05:30,52403.2,30,41.700000000004366,183.25,-171.09999999999854,-172.59999999999854,False,False,-4.10311750599474
BANKNIFTY:2024-07-15,2024-07-15,BANKNIFTY,compression_expansion_up,2024-07-15T09:50:00+05:30,2024-07-15T09:50:00+05:30,UP,{},"{'source_path': '/Users/madhuram/tradebot-structural-edge-discovery-v3/runtime/upstox_candidate_replay.zip!upstox_candidate_replay/20240715/underlying/BANKNIFTY_20240715.parquet', 'source_hash': '4357f109ed631802b3774c34db9c318f71742f8e99de307408af71bf00810707'}",{'completed_bar_only': True},"{'buy_ce_allowed': True, 'buy_pe_allowed': False, 'research_only': True}",0bd121132796688c380455b2bc73ff863d1508a59f5144ec3ee587f4145740fa,52269.7,2024-07-15 09:49:00+05:30,34,-0.002071684683669262,185.59999999999854,0.0,623.4000000000015,28.750000000001457,33.62000000000068,0.00034956640346448854,33.39285714285818,-53.518571428568976,175.20000000000437,49.75,0.600407747196643,0.2589194699287179,0.14067278287463905,18,1,0.0005436311883508793,49.05000000000291,29.44999999999709,0.0,2024-07-15T09:50:00+05:30,52267.85,30,90.30000000000291,100.59999999999854,41.55000000000291,40.05000000000291,False,False,0.4601328903654659
BANKNIFTY:2024-07-15,2024-07-15,BANKNIFTY,compression_expansion_up,2024-07-15T10:10:00+05:30,2024-07-15T10:10:00+05:30,UP,{},"{'source_path': '/Users/madhuram/tradebot-structural-edge-discovery-v3/runtime/upstox_candidate_replay.zip!upstox_candidate_replay/20240715/underlying/BANKNIFTY_20240715.parquet', 'source_hash': '4357f109ed631802b3774c34db9c318f71742f8e99de307408af71bf00810707'}",{'completed_bar_only': True},"{'buy_ce_allowed': True, 'buy_pe_allowed': False, 'research_only': True}",fb7b60e67565b4a7daeeed49d526c3797cb7f7730e614eefd6f00c273bd75b5d,52247.8,2024-07-15 10:09:00+05:30,54,-0.002673418824154126,185.59999999999854,0.0,623.4000000000015,25.170000000001163,28.57666666666822,0.00038497490607113094,29.025000000001455,-45.52818181817565,197.09999999999854,80.55000000000291,0.9677819083022869,0.0,0.03221809169771308,4,1,0.000724957599078424,40.35000000000582,39.05000000000291,0.0,2024-07-15T10:10:00+05:30,52249.95,30,108.20000000000437,21.14999999999418,84.10000000000582,82.60000000000582,True,True,0.7772643253234974
BANKNIFTY:2024-07-15,2024-07-15,BANKNIFTY,compression_expansion_up,2024-07-15T10:11:00+05:30,2024-07-15T10:11:00+05:30,UP,{},"{'source_path': '/Users/madhuram/tradebot-structural-edge-discovery-v3/runtime/upstox_candidate_replay.zip!upstox_candidate_replay/20240715/underlying/BANKNIFTY_20240715.parquet', 'source_hash': '4357f109ed631802b3774c34db9c318f71742f8e99de307408af71bf00810707'}",{'completed_bar_only': True},"{'buy_ce_allowed': True, 'buy_pe_allowed': False, 'research_only': True}",41ea056e6fbe27302a6a532d66db582793591efa4fbab055e8d573ff08972e27,52310.65,2024-07-15 10:10:00+05:30,55,-0.0018863887737422325,185.59999999999854,0.0,623.4000000000015,39.34000000000087,32.73666666666831,0.000489156564819502,33.18928571428738,17.01249999999709,134.25,143.40000000000146,0.7166469893742767,0.27449822904366944,0.008854781582053852,0,1,0.0012029214627218288,84.70000000000437,60.700000000004366,0.0,2024-07-15T10:11:00+05:30,52315.9,30,176.79999999999563,87.09999999999854,165.9499999999971,164.4499999999971,True,True,0.9386312217194638
BANKNIFTY:2024-07-15,2024-07-15,BANKNIFTY,compression_expansion_up,2024-07-15T11:04:00+05:30,2024-07-15T11:04:00+05:30,UP,{},"{'source_path': '/Users/madhuram/tradebot-structural-edge-discovery-v3/runtime/upstox_candidate_replay.zip!upstox_candidate_replay/20240715/underlying/BANKNIFTY_20240715.parquet', 'source_hash': '4357f109ed631802b3774c34db9c318f71742f8e99de307408af71bf00810707'}",{'completed_bar_only': True},"{'buy_ce_allowed': True, 'buy_pe_allowed': False, 'research_only': True}",11b1b576dc6f945847206f7730b3c42c4fed698e7db2e596d12244b3cfb1d654,52442.3,2024-07-15 11:03:00+05:30,108,0.001299936770158627,185.59999999999854,0.0,623.4000000000015,22.07000000000262,25.07000000000068,0.0002565580873318632,25.300000000000832,118.5362385321132,74.09999999999854,275.0500000000029,0.519308943089444,0.4491869918698493,0.03150406504070676,17,2,0.000493165790510508,49.200000000004366,25.55000000000291,0.0,2024-07-15T11:04:00+05:30,52441.85,30,23.55000000000291,74.34999999999854,-59.299999999995634,-60.799999999995634,False,False,-2.518046709129015
BANKNIFTY:2024-07-15,2024-07-15,BANKNIFTY,compression_expansion_up,2024-07-15T11:36:00+05:30,2024-07-15T11:36:00+05:30,UP,{},"{'source_path': '/Users/madhuram/tradebot-structural-edge-discovery-v3/runtime/upstox_candidate_replay.zip!upstox_candidate_replay/20240715/underlying/BANKNIFTY_20240715.parquet', 'source_hash': '4357f109ed631802b3774c34db9c318f71742f8e99de307408af71bf00810707'}",{'completed_bar_only': True},"{'buy_ce_allowed': True, 'buy_pe_allowed': False, 'research_only': True}",77c92de3acae1059f73e74713e0e0985d9a7a0300a43d971a171d6f033d4db1e,52406.85,2024-07-15 11:35:00+05:30,140,0.0006485356847448813,185.59999999999854,0.0,623.4000000000015,20.370000000001163,18.95,0.00018525370467756074,18.832142857142962,62.4996453900676,109.55000000000291,239.59999999999854,0.8521126760561919,0.09507042253536012,0.052816901408448,0,2,0.0004638949421131855,28.400000000001455,24.19999999999709,0.0,2024-07-15T11:36:00+05:30,52408.45,30,37.450000000004366,254.4499999999971,-84.44999999999709,-85.94999999999709,False,False,-2.2550066755670826
BANKNIFTY:2024-07-15,2024-07-15,BANKNIFTY,compression_expansion_up,2024-07-15T11:49:00+05:30,2024-07-15T11:49:00+05:30,UP,{},"{'source_path': '/Users/madhuram/tradebot-structural-edge-discovery-v3/runtime/upstox_candidate_replay.zip!upstox_candidate_replay/20240715/underlying/BANKNIFTY_20240715.parquet', 'source_hash': '4357f109ed631802b3774c34db9c318f71742f8e99de307408af71bf00810707'}",{'completed_bar_only': True},"{'buy_ce_allowed': True, 'buy_pe_allowed': False, 'research_only': True}",74e67b60a63ddb92933d4bfaac63befd22de0cfab8bf8253b5f9fa5f2f043b14,52437.3,2024-07-15 11:48:00+05:30,153,0.0008968704093894283,185.59999999999854,0.0,623.4000000000015,18.64999999999709,20.32333333333275,0.0003098235058441882,19.132142857142235,87.35746753247076,79.09999999999854,270.0500000000029,0.9663573085847532,0.013921113689061834,0.019721577726185,8,2,0.0007605331938864701,43.099999999998545,41.650000000001455,0.0,2024-07-15T11:49:00+05:30,52435.85,30,10.05000000000291,281.84999999999854,-113.04999999999563,-114.54999999999563,False,False,-11.24875621890178
BANKNIFTY:2024-07-15,2024-07-15,BANKNIFTY,compression_expansion_up,2024-07-15T12:37:00+05:30,2024-07-15T12:37:00+05:30,UP,{},"{'source_path': '/Users/madhuram/tradebot-structural-edge-discovery-v3/runtime/upstox_candidate_replay.zip!upstox_candidate_replay/20240715/underlying/BANKNIFTY_20240715.parquet', 'source_hash': '4357f109ed631802b3774c34db9c318f71742f8e99de307408af71bf00810707'}",{'completed_bar_only': True},"{'buy_ce_allowed': True, 'buy_pe_allowed': False, 'research_only': True}",ce3ae993099f4fa0fe143337f94690239160d3e9610f7cc4b1e4243a87fdf038,52299.5,2024-07-15 12:36:00+05:30,201,-0.0012875200339262328,185.59999999999854,0.0,623.4000000000015,20.400000000001455,22.47666666666725,0.0002692981815759121,20.932142857143585,-46.36683168316813,216.90000000000146,145.5,0.547368421052544,0.3353383458647054,0.11729323308275053,9,2,0.0002543692217067406,33.25,18.19999999999709,0.0,2024-07-15T12:37:00+05:30,52295.85,30,65.84999999999854,32.150000000001455,35.950000000004366,34.450000000004366,True,True,0.5459377372817792
BANKNIFTY:2024-07-16,2024-07-16,BANKNIFTY,compression_expansion_up,2024-07-16T09:31:00+05:30,2024-07-16T09:31:00+05:30,UP,{},"{'source_path': '/Users/madhuram/tradebot-structural-edge-discovery-v3/runtime/upstox_candidate_replay.zip!upstox_candidate_replay/20240716/underlying/BANKNIFTY_20240716.parquet', 'source_hash': '4357f109ed631802b3774c34db9c318f71742f8e99de307408af71bf00810707'}",{'completed_bar_only': True},"{'buy_ce_allowed': True, 'buy_pe_allowed': False, 'research_only': True}",7c4627c13be2f1d55b533d735ccff5f5310463cffb23c3ce6e46cced76b43814,52536.1,2024-07-16 09:30:00+05:30,15,0.0005658824336373682,152.8000000000029,0.0,508.25,53.34000000000087,40.75333333333353,0.000379074074412626,40.27142857142878,-33.134375000001455,82.95000000000437,71.0,0.2623732856291041,0.15324985092425483,0.5843768634466411,0,2,0.00044560649138203345,83.84999999999854,22.0,0.0,2024-07-16T09:31:00+05:30,52535.85,30,45.80000000000291,178.34999999999854,-61.75,-63.25,False,False,-1.3482532751090845
BANKNIFTY:2024-07-16,2024-07-16,BANKNIFTY,compression_expansion_up,2024-07-16T12:39:00+05:30,2024-07-16T12:39:00+05:30,UP,{},"{'source_path': '/Users/madhuram/tradebot-structural-edge-discovery-v3/runtime/upstox_candidate_replay.zip!upstox_candidate_replay/20240716/underlying/BANKNIFTY_20240716.parquet', 'source_hash': '4357f109ed631802b3774c34db9c318f71742f8e99de307408af71bf00810707'}",{'completed_bar_only': True},"{'buy_ce_allowed': True, 'buy_pe_allowed': False, 'research_only': True}",499b60d976ea83224bca3bd1188d94c8f534b7044c562c426084d7549b985a09,52490.1,2024-07-16 12:38:00+05:30,203,-0.000307710481590748,152.8000000000029,0.0,508.25,16.210000000002037,15.086666666666861,0.00014553089137386702,15.017857142857663,7.684068627451779,128.95000000000437,132.59999999999854,0.882828282828224,0.01616161616167496,0.10101010101010101,0,2,0.00042216248204862694,24.75,21.849999999998545,0.0,2024-07-16T12:39:00+05:30,52491.4,30,22.44999999999709,39.599999999998545,-32.80000000000291,-34.30000000000291,False,False,-1.4610244988867334
BANKNIFTY:2024-07-16,2024-07-16,BANKNIFTY,compression_expansion_up,2024-07-16T12:47:00+05:30,2024-07-16T12:47:00+05:30,UP,{},"{'source_path': '/Users/madhuram/tradebot-structural-edge-discovery-v3/runtime/upstox_candidate_replay.zip!upstox_candidate_replay/20240716/underlying/BANKNIFTY_20240716.parquet', 'source_hash': '4357f109ed631802b3774c34db9c318f71742f8e99de307408af71bf00810707'}",{'completed_bar_only': True},"{'buy_ce_allowed': True, 'buy_pe_allowed': False, 'research_only': True}",31fa537f1009836c9a6561bfefc96af7c681fd96def7a00b9d1c7020d479dad0,52493.35,2024-07-16 12:46:00+05:30,211,3.9059225217314755e-05,152.8000000000029,0.0,508.25,15.7,15.303333333333528,0.00017010330475918914,15.117857142857247,10.994103773584357,125.70000000000437,135.84999999999854,0.28991596638666894,0.5924369747899635,0.11764705882336757,0,2,0.000187678032143479,23.799999999995634,6.900000000001455,0.0,2024-07-16T12:47:00+05:30,52494.55,30,19.299999999995634,66.30000000000291,-42.85000000000582,-44.35000000000582,False,False,-2.220207253886814
BANKNIFTY:2024-07-16,2024-07-16,BANKNIFTY,compression_expansion_up,2024-07-16T13:37:00+05:30,2024-07-16T13:37:00+05:30,UP,{},"{'source_path': '/Users/madhuram/tradebot-structural-edge-discovery-v3/runtime/upstox_candidate_replay.zip!upstox_candidate_replay/20240716/underlying/BANKNIFTY_20240716.parquet', 'source_hash': '4357f109ed631802b3774c34db9c318f71742f8e99de307408af71bf00810707'}",{'completed_bar_only': True},"{'buy_ce_allowed': True, 'buy_pe_allowed': False, 'research_only': True}",cb793013206c549e47613944a9647c32826c7084e33701d3ebd712ad5d46b577,52418.9,2024-07-16 13:36:00+05:30,261,-0.0016614460677840343,152.8000000000029,0.0,508.25,19.97000000000262,20.373333333333235,0.0003138654618417197,19.28928571428592,-57.68530534351157,200.15000000000146,61.400000000001455,0.7011308562197514,0.29886914378024865,0.0,7,2,0.0004867025236003908,30.950000000004366,21.700000000004366,0.0,2024-07-16T13:37:00+05:30,52425.0,30,11.69999999999709,49.5,-11.25,-12.75,False,False,-0.9615384615387007
BANKNIFTY:2024-07-16,2024-07-16,BANKNIFTY,compression_expansion_up,2024-07-16T13:55:00+05:30,2024-07-16T13:55:00+05:30,UP,{},"{'source_path': '/Users/madhuram/tradebot-structural-edge-discovery-v3/runtime/upstox_candidate_replay.zip!upstox_candidate_replay/20240716/underlying/BANKNIFTY_20240716.parquet', 'source_hash': '4357f109ed631802b3774c34db9c318f71742f8e99de307408af71bf00810707'}",{'completed_bar_only': True},"{'buy_ce_allowed': True, 'buy_pe_allowed': False, 'research_only': True}",e525bcbd9410d0e59e4e2862664c0a9fa4ff4b7bd6861236d10f5441b15af092,52424.1,2024-07-16 13:54:00+05:30,279,-0.0015242624475082119,152.8000000000029,0.0,508.25,13.490000000000872,15.450000000000484,0.0001525079708823625,15.72857142857226,-47.86714285714697,194.95000000000437,66.59999999999854,0.772549019607729,0.13725490196078433,0.09019607843148668,12,2,0.0003826040162926425,25.5,19.69999999999709,0.0,2024-07-16T13:55:00+05:30,52423.4,30,13.299999999995634,34.30000000000291,-14.450000000004366,-15.950000000004366,False,False,-1.0864661654142187
BANKNIFTY:2024-07-16,2024-07-16,BANKNIFTY,compression_expansion_up,2024-07-16T14:03:00+05:30,2024-07-16T14:03:00+05:30,UP,{},"{'source_path': '/Users/madhuram/tradebot-structural-edge-discovery-v3/runtime/upstox_candidate_replay.zip!upstox_candidate_replay/20240716/underlying/BANKNIFTY_20240716.parquet', 'source_hash': '4357f109ed631802b3774c34db9c318f71742f8e99de307408af71bf00810707'}",{'completed_bar_only': True},"{'buy_ce_allowed': True, 'buy_pe_allowed': False, 'research_only': True}",7553fad10969dc7183a23245c10a86072d82e73cf6e3aabfb8406ff5da884bb2,52418.35,2024-07-16 14:02:00+05:30,287,-0.0014747239179642227,152.8000000000029,0.0,508.25,13.829999999998837,13.54333333333343,0.00015010259350581775,13.171428571428676,-51.95364583333139,200.70000000000437,60.849999999998545,0.4789029535864953,0.26371308016880873,0.25738396624469595,0,2,0.00017458766781408563,23.69999999999709,11.349999999998545,0.0,2024-07-16T14:03:00+05:30,52415.9,30,20.799999999995634,62.05000000000291,-50.099999999998545,-51.599999999998545,False,False,-2.408653846154282
BANKNIFTY:2024-07-16,2024-07-16,BANKNIFTY,compression_expansion_up,2024-07-16T15:01:00+05:30,2024-07-16T15:01:00+05:30,UP,{},"{'source_path': '/Users/madhuram/tradebot-structural-edge-discovery-v3/runtime/upstox_candidate_replay.zip!upstox_candidate_replay/20240716/underlying/BANKNIFTY_20240716.parquet', 'source_hash': '4357f109ed631802b3774c34db9c318f71742f8e99de307408af71bf00810707'}",{'completed_bar_only': True},"{'buy_ce_allowed': True, 'buy_pe_allowed': False, 'research_only': True}",f445e9f9bbf63deaf4bef1ae637bcf07fd19de6337782f31ca95a75a27d733b4,52424.95,2024-07-16 15:00:00+05:30,345,-0.0017729077592580445,152.8000000000029,0.0,508.25,21.159999999997673,20.33666666666686,0.00022306779939725078,19.81428571428582,-33.17384393064276,194.10000000000582,93.34999999999854,1.0,0.0,0.0,0,2,0.0006823925541905584,33.599999999998545,33.599999999998545,0.0,2024-07-16T15:01:00+05:30,52422.6,30,34.099999999998545,56.75,-22.650000000001455,-24.150000000001455,False,False,-0.6642228739003643
BANKNIFTY:2024-07-18,2024-07-18,BANKNIFTY,compression_expansion_up,2024-07-18T09:37:00+05:30,2024-07-18T09:37:00+05:30,UP,{},"{'source_path': '/Users/madhuram/tradebot-structural-edge-discovery-v3/runtime/upstox_candidate_replay.zip!upstox_candidate_replay/20240718/underlying/BANKNIFTY_20240718.parquet', 'source_hash': '4357f109ed631802b3774c34db9c318f71742f8e99de307408af71bf00810707'}",{'completed_bar_only': True},"{'buy_ce_allowed': True, 'buy_pe_allowed': False, 'research_only': True}",8174f27991dd2ab1b08639480ba38be90dd6c49cfc24cd34cc72cc28ba199469,52354.25,2024-07-18 09:36:00+05:30,21,-0.0016774825166816798,215.79999999999563,0.0,287.45000000000437,36.740000000000876,33.383333333333816,0.00038656633229976423,33.37500000000052,56.33863636363094,30.19999999999709,185.59999999999854,0.8146718146717127,0.09266409266414365,0.09266409266414365,0,3,0.0008066975008624855,51.80000000000291,42.19999999999709,0.0,2024-07-18T09:37:00+05:30,52357.75,30,263.34999999999854,43.099999999998545,200.6999999999971,199.1999999999971,True,True,0.7621036643250358
BANKNIFTY:2024-07-18,2024-07-18,BANKNIFTY,compression_expansion_up,2024-07-18T12:01:00+05:30,2024-07-18T12:01:00+05:30,UP,{},"{'source_path': '/Users/madhuram/tradebot-structural-edge-discovery-v3/runtime/upstox_candidate_replay.zip!upstox_candidate_replay/20240718/underlying/BANKNIFTY_20240718.parquet', 'source_hash': '4357f109ed631802b3774c34db9c318f71742f8e99de307408af71bf00810707'}",{'completed_bar_only': True},"{'buy_ce_allowed': True, 'buy_pe_allowed': False, 'research_only': True}",5a6e252614d33038a40b5b257bd0a45fa2bc075145701046576ccda099499413,52311.0,2024-07-18 12:00:00+05:30,165,-0.002291032720450986,215.79999999999563,0.0,287.45000000000437,24.35,22.520000000000678,0.0002679797294510661,22.760714285714908,-95.09789156626357,357.8000000000029,142.34999999999854,0.856749311294657,0.08953168044076418,0.05371900826457877,0,7,0.0005671238405282608,36.30000000000291,31.099999999998545,0.0,2024-07-18T12:01:00+05:30,52306.8,30,182.34999999999854,43.5,99.64999999999418,98.14999999999418,True,True,0.5464765560734575
BANKNIFTY:2024-07-18,2024-07-18,BANKNIFTY,compression_expansion_up,2024-07-18T12:13:00+05:30,2024-07-18T12:13:00+05:30,UP,{},"{'source_path': '/Users/madhuram/tradebot-structural-edge-discovery-v3/runtime/upstox_candidate_replay.zip!upstox_candidate_replay/20240718/underlying/BANKNIFTY_20240718.parquet', 'source_hash': '4357f109ed631802b3774c34db9c318f71742f8e99de307408af71bf00810707'}",{'completed_bar_only': True},"{'buy_ce_allowed': True, 'buy_pe_allowed': False, 'research_only': True}",478eee9448b0dce21078c908373dcb5520ca047c549b9845f1bf0cd74f6b2ae1,52413.75,2024-07-18 12:12:00+05:30,177,-0.0015381694066501695,215.79999999999563,0.0,287.45000000000437,40.43000000000029,29.71333333333314,0.0005136068294171377,29.84642857142847,14.101966292138968,255.0500000000029,245.09999999999854,0.9540171803941111,0.04598281960588893,0.0,0,7,0.0018224945716993624,98.95000000000437,94.40000000000146,0.0,2024-07-18T12:13:00+05:30,52415.0,30,74.15000000000146,55.099999999998545,-18.5,-20.0,True,True,-0.24949426837491082
BANKNIFTY:2024-07-18,2024-07-18,BANKNIFTY,compression_expansion_up,2024-07-18T12:45:00+05:30,2024-07-18T12:45:00+05:30,UP,{},"{'source_path': '/Users/madhuram/tradebot-structural-edge-discovery-v3/runtime/upstox_candidate_replay.zip!upstox_candidate_replay/20240718/underlying/BANKNIFTY_20240718.parquet', 'source_hash': '4357f109ed631802b3774c34db9c318f71742f8e99de307408af71bf00810707'}",{'completed_bar_only': True},"{'buy_ce_allowed': True, 'buy_pe_allowed': False, 'research_only': True}",4a24c9075362c050868604458003b1063e02eef503d3d7e0c9a909664e603664,52433.1,2024-07-18 12:44:00+05:30,209,-5.43893648753204e-05,215.79999999999563,0.0,287.45000000000437,21.299999999998544,24.089999999999417,0.000353894790570381,24.617857142856728,33.079523809516104,235.70000000000437,264.4499999999971,0.7929515418501949,0.20704845814980516,0.0,9,7,0.000698519939308806,45.400000000001455,36.0,0.0,2024-07-18T12:45:00+05:30,52436.05,30,154.04999999999563,83.35000000000582,99.39999999999418,97.89999999999418,True,True,0.6452450503083219
BANKNIFTY:2024-07-18,2024-07-18,BANKNIFTY,compression_expansion_up,2024-07-18T13:21:00+05:30,2024-07-18T13:21:00+05:30,UP,{},"{'source_path': '/Users/madhuram/tradebot-structural-edge-discovery-v3/runtime/upstox_candidate_replay.zip!upstox_candidate_replay/20240718/underlying/BANKNIFTY_20240718.parquet', 'source_hash': '4357f109ed631802b3774c34db9c318f71742f8e99de307408af71bf00810707'}",{'completed_bar_only': True},"{'buy_ce_allowed': True, 'buy_pe_allowed': False, 'research_only': True}",0863d3cd40b4b8541f3403c38db646b562d5bf37af52a931a7440e44eb846c56,52584.7,2024-07-18 13:20:00+05:30,245,0.002190841785154431,215.79999999999563,0.0,287.45000000000437,34.93000000000175,42.24333333333489,0.0006123501664992494,43.625000000001556,178.11747967478732,84.10000000000582,416.04999999999563,0.9681660899653577,0.03183391003464236,0.0,4,7,0.0013281932097430893,72.25,69.94999999999709,0.0,2024-07-18T13:21:00+05:30,52582.05,30,41.25,56.25,-34.950000000004366,-36.450000000004366,False,False,-0.8472727272728331
BANKNIFTY:2024-07-18,2024-07-18,BANKNIFTY,compression_expansion_up,2024-07-18T14:03:00+05:30,2024-07-18T14:03:00+05:30,UP,{},"{'source_path': '/Users/madhuram/tradebot-structural-edge-discovery-v3/runtime/upstox_candidate_replay.zip!upstox_candidate_replay/20240718/underlying/BANKNIFTY_20240718.parquet', 'source_hash': '4357f109ed631802b3774c34db9c318f71742f8e99de307408af71bf00810707'}",{'completed_bar_only': True},"{'buy_ce_allowed': True, 'buy_pe_allowed': False, 'research_only': True}",dfb975d076357c3f63388b28e113679f8d2722ed7efd312b3bda920e9c4178f5,52672.8,2024-07-18 14:02:00+05:30,287,0.004504775290816173,215.79999999999563,0.0,287.45000000000437,31.089999999997964,31.149999999999515,0.000365339374491657,31.80357142857091,241.24201388889196,24.299999999995634,504.15000000000146,0.602291325695643,0.397708674304357,0.0,7,7,0.000680129946615482,61.099999999998545,36.80000000000291,0.0,2024-07-18T14:03:00+05:30,52671.65,30,111.09999999999854,21.450000000004366,14.150000000001455,12.650000000001455,True,True,0.12736273627364214
BANKNIFTY:2024-07-18,2024-07-18,BANKNIFTY,compression_expansion_up,2024-07-18T14:14:00+05:30,2024-07-18T14:14:00+05:30,UP,{},"{'source_path': '/Users/madhuram/tradebot-structural-edge-discovery-v3/runtime/upstox_candidate_replay.zip!upstox_candidate_replay/20240718/underlying/BANKNIFTY_20240718.parquet', 'source_hash': '4357f109ed631802b3774c34db9c318f71742f8e99de307408af71bf00810707'}",{'completed_bar_only': True},"{'buy_ce_allowed': True, 'buy_pe_allowed': False, 'research_only': True}",12888ad0e7975e08369b3573bbc9b11ecc29b2ac0b7f201b4345ca6da3d03e27,52751.7,2024-07-18 14:13:00+05:30,298,0.005447524281988902,215.79999999999563,0.0,287.45000000000437,34.76999999999971,32.18999999999893,0.0004529251280368717,32.74285714285621,310.59749163879314,0.20000000000436557,583.0499999999956,0.8947368421052219,0.0026990553306932455,0.10256410256408494,0,9,0.0011700501328049118,74.09999999999854,66.29999999999563,0.0,2024-07-18T14:14:00+05:30,52751.7,30,31.05000000000291,101.5,-12.89999999999418,-14.39999999999418,False,False,-0.4154589371978412
BANKNIFTY:2024-07-18,2024-07-18,BANKNIFTY,compression_expansion_up,2024-07-18T14:26:00+05:30,2024-07-18T14:26:00+05:30,UP,{},"{'source_path': '/Users/madhuram/tradebot-structural-edge-discovery-v3/runtime/upstox_candidate_replay.zip!upstox_candidate_replay/20240718/underlying/BANKNIFTY_20240718.parquet', 'source_hash': '4357f109ed631802b3774c34db9c318f71742f8e99de307408af71bf00810707'}",{'completed_bar_only': True},"{'buy_ce_allowed': True, 'buy_pe_allowed': False, 'research_only': True}",a785d5459b138cd11ad0d59ddaa26c8a15252b0d554963423daefddf4187bca8,52748.95,2024-07-18 14:25:00+05:30,310,0.005957066752926319,215.79999999999563,0.0,287.45000000000437,29.8,33.89666666666696,0.0005066686983955609,34.92500000000031,296.6231511254009,17.400000000001455,580.2999999999956,0.6887850467289448,0.1336448598131113,0.17757009345794392,5,11,0.0006914868389849005,53.5,36.849999999998545,0.0,2024-07-18T14:26:00+05:30,52751.85,30,30.900000000001455,101.65000000000146,-84.90000000000146,-86.40000000000146,False,False,-2.747572815533898
BANKNIFTY:2024-07-19,2024-07-19,BANKNIFTY,compression_expansion_up,2024-07-19T09:26:00+05:30,2024-07-19T09:26:00+05:30,UP,{},"{'source_path': '/Users/madhuram/tradebot-structural-edge-discovery-v3/runtime/upstox_candidate_replay.zip!upstox_candidate_replay/20240719/underlying/BANKNIFTY_20240719.parquet', 'source_hash': '4357f109ed631802b3774c34db9c318f71742f8e99de307408af71bf00810707'}",{'completed_bar_only': True},"{'buy_ce_allowed': True, 'buy_pe_allowed': False, 'research_only': True}",b21244c36f254d41f23d3135ae9e85a06c3d2a8f3d4f4cb4a9c4d56fd64e0da9,52459.7,2024-07-19 09:25:00+05:30,10,-0.0032487145459647922,246.8000000000029,0.0,614.0999999999985,37.410000000002036,47.895454545455735,0.0006505104244667896,47.895454545455735,56.94090909091028,127.05000000000291,119.75,0.8511655708307932,0.05200239091459349,0.09683203825461331,6,0,0.001389660392197234,83.65000000000146,71.19999999999709,0.0,2024-07-19T09:26:00+05:30,52464.55,30,98.34999999999854,59.950000000004366,3.6999999999970896,2.1999999999970896,True,True,0.03762074224704773
BANKNIFTY:2024-07-19,2024-07-19,BANKNIFTY,compression_expansion_up,2024-07-19T10:03:00+05:30,2024-07-19T10:03:00+05:30,UP,{},"{'source_path': '/Users/madhuram/tradebot-structural-edge-discovery-v3/runtime/upstox_candidate_replay.zip!upstox_candidate_replay/20240719/underlying/BANKNIFTY_20240719.parquet', 'source_hash': '4357f109ed631802b3774c34db9c318f71742f8e99de307408af71bf00810707'}",{'completed_bar_only': True},"{'buy_ce_allowed': True, 'buy_pe_allowed': False, 'research_only': True}",e27abe35e1c62ea6ad7174e2942d2a20df837c3d05b6543fd35a4d6516a23ff4,52406.8,2024-07-19 10:02:00+05:30,47,-0.003679656768313883,246.8000000000029,0.0,614.0999999999985,33.20000000000145,32.95666666666657,0.0004557049318152782,33.36785714285725,-56.04166666666424,179.9499999999971,66.85000000000582,0.7590361445783328,0.07136237256715909,0.16960148285450816,0,0,0.0008030211163043699,53.950000000004366,40.950000000004366,0.0,2024-07-19T10:03:00+05:30,52405.15,30,70.29999999999563,87.65000000000146,2.349999999998545,0.8499999999985448,False,False,0.03342816500709375
BANKNIFTY:2024-07-19,2024-07-19,BANKNIFTY,compression_expansion_up,2024-07-19T10:09:00+05:30,2024-07-19T10:09:00+05:30,UP,{},"{'source_path': '/Users/madhuram/tradebot-structural-edge-discovery-v3/runtime/upstox_candidate_replay.zip!upstox_candidate_replay/20240719/underlying/BANKNIFTY_20240719.parquet', 'source_hash': '4357f109ed631802b3774c34db9c318f71742f8e99de307408af71bf00810707'}",{'completed_bar_only': True},"{'buy_ce_allowed': True, 'buy_pe_allowed': False, 'research_only': True}",9d28fe5c63e1a9bf39a37d0ca3adfbc7c9d637ba19e774773a35645d0a1372c9,52396.55,2024-07-19 10:08:00+05:30,53,-0.0035217397508525814,246.8000000000029,0.0,614.0999999999985,25.73999999999942,30.273333333333238,0.00042479759730038074,30.139285714285506,-58.281481481477385,190.1999999999971,56.60000000000582,0.46376811594210104,0.536231884057899,0.0,4,0,0.00040763567489965347,48.299999999995634,22.400000000001455,0.0,2024-07-19T10:09:00+05:30,52396.2,30,79.25,78.69999999999709,-8.19999999999709,-9.69999999999709,True,True,-0.1034700315457046
BANKNIFTY:2024-07-19,2024-07-19,BANKNIFTY,compression_expansion_up,2024-07-19T10:28:00+05:30,2024-07-19T10:28:00+05:30,UP,{},"{'source_path': '/Users/madhuram/tradebot-structural-edge-discovery-v3/runtime/upstox_candidate_replay.zip!upstox_candidate_replay/20240719/underlying/BANKNIFTY_20240719.parquet', 'source_hash': '4357f109ed631802b3774c34db9c318f71742f8e99de307408af71bf00810707'}",{'completed_bar_only': True},"{'buy_ce_allowed': True, 'buy_pe_allowed': False, 'research_only': True}",44e4a855b992436b9e23a2addbc629bc8f5d013a4cda8279088d832faff1bd32,52454.05,2024-07-19 10:27:00+05:30,72,-0.002904341291019211,246.8000000000029,0.0,614.0999999999985,28.4,26.99999999999903,0.0003584195396519508,26.539285714284883,15.296575342465076,132.6999999999971,136.5500000000029,0.9743326488706389,0.0,0.025667351129361148,0,0,0.0008452625704187255,48.700000000004366,47.450000000004366,0.0,2024-07-19T10:28:00+05:30,52454.65,30,20.799999999995634,244.34999999999854,-217.90000000000146,-219.40000000000146,False,False,-10.475961538463807
BANKNIFTY:2024-07-19,2024-07-19,BANKNIFTY,compression_expansion_up,2024-07-19T11:20:00+05:30,2024-07-19T11:20:00+05:30,UP,{},"{'source_path': '/Users/madhuram/tradebot-structural-edge-discovery-v3/runtime/upstox_candidate_replay.zip!upstox_candidate_replay/20240719/underlying/BANKNIFTY_20240719.parquet', 'source_hash': '4357f109ed631802b3774c34db9c318f71742f8e99de307408af71bf00810707'}",{'completed_bar_only': True},"{'buy_ce_allowed': True, 'buy_pe_allowed': False, 'research_only': True}",5d881dd0e9565a6a6c75cf54a4ca3e26d6d301b0ca1e4a6a3298ce2c096e514c,52314.1,2024-07-19 11:19:00+05:30,124,-0.005209358961552969,246.8000000000029,0.0,614.0999999999985,26.160000000000583,27.66333333333411,0.00035157239932511006,27.971428571429506,-81.22000000000116,272.65000000000146,167.79999999999563,0.7126865671642669,0.0,0.2873134328357331,14,0,0.0005776156713634961,40.19999999999709,28.650000000001455,0.0,2024-07-19T11:20:00+05:30,52312.0,30,85.75,34.30000000000291,-2.400000000001455,-3.900000000001455,True,True,-0.027988338192436794
BANKNIFTY:2024-07-19,2024-07-19,BANKNIFTY,compression_expansion_up,2024-07-19T11:42:00+05:30,2024-07-19T11:42:00+05:30,UP,{},"{'source_path': '/Users/madhuram/tradebot-structural-edge-discovery-v3/runtime/upstox_candidate_replay.zip!upstox_candidate_replay/20240719/underlying/BANKNIFTY_20240719.parquet', 'source_hash': '4357f109ed631802b3774c34db9c318f71742f8e99de307408af71bf00810707'}",{'completed_bar_only': True},"{'buy_ce_allowed': True, 'buy_pe_allowed': False, 'research_only': True}",3ccdc570793255ae7afadea153f56725c7d42fa6e2a5268938d56577ae355bec,52315.15,2024-07-19 11:41:00+05:30,146,-0.0051056664621355625,246.8000000000029,0.0,614.0999999999985,23.899999999998546,25.146666666665986,0.00038759852291341267,25.046428571427636,-71.26666666666279,271.59999999999854,168.84999999999854,0.6258064516129033,0.14709677419347328,0.2270967741936235,6,0,0.0004264445330479649,38.75,24.25,0.0,2024-07-19T11:42:00+05:30,52313.65,30,67.34999999999854,35.950000000004366,49.150000000001455,47.650000000001455,True,True,0.7297698589458429
BANKNIFTY:2024-07-19,2024-07-19,BANKNIFTY,compression_expansion_up,2024-07-19T12:17:00+05:30,2024-07-19T12:17:00+05:30,UP,{},"{'source_path': '/Users/madhuram/tradebot-structural-edge-discovery-v3/runtime/upstox_candidate_replay.zip!upstox_candidate_replay/20240719/underlying/BANKNIFTY_20240719.parquet', 'source_hash': '4357f109ed631802b3774c34db9c318f71742f8e99de307408af71bf00810707'}",{'completed_bar_only': True},"{'buy_ce_allowed': True, 'buy_pe_allowed': False, 'research_only': True}",c44a2fb3d42cf88b42c8d713e43f4e9f37345b3d7ff5f88c8d97db5b1745d6f0,52367.1,2024-07-19 12:16:00+05:30,181,-0.004130576444679073,246.8000000000029,0.0,614.0999999999985,19.640000000000875,18.326666666666764,0.00020504247714874554,18.285714285714807,-9.469780219777022,219.65000000000146,220.79999999999563,0.834448160534979,0.1655518394650209,0.0,0,0,0.0004155096871067965,29.900000000001455,24.94999999999709,0.0,2024-07-19T12:17:00+05:30,52367.5,30,8.599999999998545,167.3000000000029,-108.30000000000291,-109.80000000000291,False,False,-12.593023255816423
BANKNIFTY:2024-07-19,2024-07-19,BANKNIFTY,compression_expansion_up,2024-07-19T13:15:00+05:30,2024-07-19T13:15:00+05:30,UP,{},"{'source_path': '/Users/madhuram/tradebot-structural-edge-discovery-v3/runtime/upstox_candidate_replay.zip!upstox_candidate_replay/20240719/underlying/BANKNIFTY_20240719.parquet', 'source_hash': '4357f109ed631802b3774c34db9c318f71742f8e99de307408af71bf00810707'}",{'completed_bar_only': True},"{'buy_ce_allowed': True, 'buy_pe_allowed': False, 'research_only': True}",92b100dc0272565689461925950b2070025bfd71657100dc2bbab55abc5ac50f,52255.4,2024-07-19 13:14:00+05:30,239,-0.006300508473770106,246.8000000000029,0.0,614.0999999999985,19.110000000000582,20.323333333334208,0.00022842919375336813,19.285714285715326,-93.85791666666773,331.34999999999854,109.09999999999854,0.7811158798284745,0.18741058655210815,0.03147353361941735,5,0,0.00039628829111681974,34.94999999999709,27.30000000000291,0.0,2024-07-19T13:15:00+05:30,52250.0,30,111.69999999999709,32.75,76.15000000000146,74.65000000000146,True,True,0.681736794986602
BANKNIFTY:2024-07-22,2024-07-22,BANKNIFTY,compression_expansion_up,2024-07-22T09:33:00+05:30,2024-07-22T09:33:00+05:30,UP,{},"{'source_path': '/Users/madhuram/tradebot-structural-edge-discovery-v3/runtime/upstox_candidate_replay.zip!upstox_candidate_replay/20240722/underlying/BANKNIFTY_20240722.parquet', 'source_hash': '4357f109ed631802b3774c34db9c318f71742f8e99de307408af71bf00810707'}",{'completed_bar_only': True},"{'buy_ce_allowed': True, 'buy_pe_allowed': False, 'research_only': True}",c4e8a7fac76736f18360c8d482b09ac5a94e0f8cdb690719adb6b007f83642e7,52127.3,2024-07-22 09:32:00+05:30,17,-0.0030609147893789716,354.75,0.0,440.4499999999971,44.67000000000117,50.31333333333508,0.0005475837978736501,49.08571428571616,123.19999999999709,102.0,252.75,0.8503311258278724,0.04039735099331966,0.10927152317880795,13,0,0.0012706211829742742,75.5,64.20000000000437,0.0,2024-07-22T09:33:00+05:30,52130.0,30,215.8000000000029,20.44999999999709,187.9499999999971,186.4499999999971,True,True,0.8709453197404752
BANKNIFTY:2024-07-22,2024-07-22,BANKNIFTY,compression_expansion_up,2024-07-22T10:34:00+05:30,2024-07-22T10:34:00+05:30,UP,{},"{'source_path': '/Users/madhuram/tradebot-structural-edge-discovery-v3/runtime/upstox_candidate_replay.zip!upstox_candidate_replay/20240722/underlying/BANKNIFTY_20240722.parquet', 'source_hash': '4357f109ed631802b3774c34db9c318f71742f8e99de307408af71bf00810707'}",{'completed_bar_only': True},"{'buy_ce_allowed': True, 'buy_pe_allowed': False, 'research_only': True}",cec725d063d755d770cfe365ef8ca2e5f6aa166e9717ea42bd6b6cd23c0c4ada,52418.1,2024-07-22 10:33:00+05:30,78,0.0031269776985023427,354.75,0.0,440.4499999999971,27.490000000000872,26.286666666667347,0.00031541185562779445,26.514285714286547,171.18734177215083,7.900000000001455,543.5499999999956,0.8261997405965277,0.17380025940347238,0.0,0,8,0.0005860187755071244,38.55000000000291,31.849999999998545,0.0,2024-07-22T10:34:00+05:30,52419.15,30,7.849999999998545,151.59999999999854,-123.09999999999854,-124.59999999999854,False,False,-15.681528662423103
BANKNIFTY:2024-07-22,2024-07-22,BANKNIFTY,compression_expansion_up,2024-07-22T11:17:00+05:30,2024-07-22T11:17:00+05:30,UP,{},"{'source_path': '/Users/madhuram/tradebot-structural-edge-discovery-v3/runtime/upstox_candidate_replay.zip!upstox_candidate_replay/20240722/underlying/BANKNIFTY_20240722.parquet', 'source_hash': '4357f109ed631802b3774c34db9c318f71742f8e99de307408af71bf00810707'}",{'completed_bar_only': True},"{'buy_ce_allowed': True, 'buy_pe_allowed': False, 'research_only': True}",ae6a7880dbf8294e4106841704c548005c9c39c9bd4748565fa26daed8700576,52324.1,2024-07-22 11:16:00+05:30,121,0.0011144525539059813,354.75,0.0,440.4499999999971,28.06000000000058,27.473333333334207,0.0003368371964613711,27.30000000000135,38.90778688524006,102.90000000000146,449.54999999999563,0.8615847542627552,0.0,0.13841524573724487,0,9,0.0007889776475460408,49.849999999998545,42.94999999999709,0.0,2024-07-22T11:17:00+05:30,52324.8,30,6.25,70.70000000000437,-39.35000000000582,-40.85000000000582,False,False,-6.296000000000931
BANKNIFTY:2024-07-22,2024-07-22,BANKNIFTY,compression_expansion_up,2024-07-22T11:27:00+05:30,2024-07-22T11:27:00+05:30,UP,{},"{'source_path': '/Users/madhuram/tradebot-structural-edge-discovery-v3/runtime/upstox_candidate_replay.zip!upstox_candidate_replay/20240722/underlying/BANKNIFTY_20240722.parquet', 'source_hash': '4357f109ed631802b3774c34db9c318f71742f8e99de307408af71bf00810707'}",{'completed_bar_only': True},"{'buy_ce_allowed': True, 'buy_pe_allowed': False, 'research_only': True}",80671b749adaaf73415661a08e4425c70f3df1a7ea1ca0ab71dd011b44ab0264,52314.45,2024-07-22 11:26:00+05:30,131,0.0014361501983323425,354.75,0.0,440.4499999999971,25.7,27.043333333333916,0.00040228533637490715,28.132142857143272,28.54810606060346,112.55000000000291,439.8999999999942,0.42912873862161893,0.3966189856957387,0.17425227568264232,4,9,0.0002858535932466211,38.44999999999709,16.5,0.0,2024-07-22T11:27:00+05:30,52314.85,30,14.599999999998545,60.75,-36.0,-37.5,False,False,-2.46575342465778
BANKNIFTY:2024-07-22,2024-07-22,BANKNIFTY,compression_expansion_up,2024-07-22T11:56:00+05:30,2024-07-22T11:56:00+05:30,UP,{},"{'source_path': '/Users/madhuram/tradebot-structural-edge-discovery-v3/runtime/upstox_candidate_replay.zip!upstox_candidate_replay/20240722/underlying/BANKNIFTY_20240722.parquet', 'source_hash': '4357f109ed631802b3774c34db9c318f71742f8e99de307408af71bf00810707'}",{'completed_bar_only': True},"{'buy_ce_allowed': True, 'buy_pe_allowed': False, 'research_only': True}",cf4b71780106f1d9f5a0c0ff24fb6ce501acdf86084d493ff1aedc5416d5cae3,52278.55,2024-07-22 11:55:00+05:30,160,0.000773606240168383,354.75,0.0,440.4499999999971,19.73999999999942,20.32000000000068,0.00020852690535041457,19.921428571429196,-8.28726708074828,148.4499999999971,404.0,0.5296167247387475,0.16550522648081106,0.30487804878044145,4,9,0.0003004045894934304,28.700000000004366,15.200000000004366,0.0,2024-07-22T11:56:00+05:30,52278.3,30,25.299999999995634,88.35000000000582,-79.65000000000146,-81.15000000000146,False,False,-3.1482213438741184
BANKNIFTY:2024-07-22,2024-07-22,BANKNIFTY,compression_expansion_up,2024-07-22T12:43:00+05:30,2024-07-22T12:43:00+05:30,UP,{},"{'source_path': '/Users/madhuram/tradebot-structural-edge-discovery-v3/runtime/upstox_candidate_replay.zip!upstox_candidate_replay/20240722/underlying/BANKNIFTY_20240722.parquet', 'source_hash': '4357f109ed631802b3774c34db9c318f71742f8e99de307408af71bf00810707'}",{'completed_bar_only': True},"{'buy_ce_allowed': True, 'buy_pe_allowed': False, 'research_only': True}",f8d723ab985b13cae611a7506a5af9fdfb0277161bb3238ea804ca11022afb5d,52219.7,2024-07-22 12:42:00+05:30,207,-0.0006855223613372213,354.75,0.0,440.4499999999971,22.1,22.20666666666657,0.0002736492111695711,22.092857142856833,-55.38509615384828,207.3000000000029,345.1499999999942,0.8645418326693404,0.0,0.13545816733065957,8,9,0.0006323450227740945,37.64999999999418,32.549999999995634,0.0,2024-07-22T12:43:00+05:30,52218.7,30,49.950000000004366,24.299999999995634,28.0,26.5,True,True,0.5605605605605116
BANKNIFTY:2024-07-22,2024-07-22,BANKNIFTY,compression_expansion_up,2024-07-22T12:44:00+05:30,2024-07-22T12:44:00+05:30,UP,{},"{'source_path': '/Users/madhuram/tradebot-structural-edge-discovery-v3/runtime/upstox_candidate_replay.zip!upstox_candidate_replay/20240722/underlying/BANKNIFTY_20240722.parquet', 'source_hash': '4357f109ed631802b3774c34db9c318f71742f8e99de307408af71bf00810707'}",{'completed_bar_only': True},"{'buy_ce_allowed': True, 'buy_pe_allowed': False, 'research_only': True}",aea15e4d1e915e4803537dbb6fb708d7cd80ac0735636edeee7f89fd3a7f4a79,52252.75,2024-07-22 12:43:00+05:30,208,-8.138184457216607e-05,354.75,0.0,440.4499999999971,27.590000000000874,23.289999999999903,0.00031134376159258463,23.67499999999979,-22.228229665066465,174.25,378.1999999999971,0.8501872659176138,0.019975031211057485,0.12983770287132862,0,9,0.0006329029082894344,40.05000000000291,34.05000000000291,0.0,2024-07-22T12:44:00+05:30,52255.9,30,12.75,61.5,-14.0,-15.5,False,False,-1.0980392156862746
BANKNIFTY:2024-07-22,2024-07-22,BANKNIFTY,compression_expansion_up,2024-07-22T13:11:00+05:30,2024-07-22T13:11:00+05:30,UP,{},"{'source_path': '/Users/madhuram/tradebot-structural-edge-discovery-v3/runtime/upstox_candidate_replay.zip!upstox_candidate_replay/20240722/underlying/BANKNIFTY_20240722.parquet', 'source_hash': '4357f109ed631802b3774c34db9c318f71742f8e99de307408af71bf00810707'}",{'completed_bar_only': True},"{'buy_ce_allowed': True, 'buy_pe_allowed': False, 'research_only': True}",ebb9c62f59b028dd8c6b934200869d9df867d019e39b51b3174dacf963a696e8,52247.1,2024-07-22 13:10:00+05:30,235,5.1701407140047925e-05,354.75,0.0,440.4499999999971,14.45,16.886666666666375,0.0001842471508806362,17.23928571428561,-23.152118644065922,179.90000000000146,372.54999999999563,0.8900414937758666,0.04564315352691333,0.06431535269722008,9,9,0.0004135910618374705,24.099999999998545,21.44999999999709,0.0,2024-07-22T13:11:00+05:30,52247.25,30,77.59999999999854,14.69999999999709,37.349999999998545,35.849999999998545,True,True,0.481314432989681
BANKNIFTY:2024-07-23,2024-07-23,BANKNIFTY,compression_expansion_up,2024-07-23T10:00:00+05:30,2024-07-23T10:00:00+05:30,UP,{},"{'source_path': '/Users/madhuram/tradebot-structural-edge-discovery-v3/runtime/upstox_candidate_replay.zip!upstox_candidate_replay/20240723/underlying/BANKNIFTY_20240723.parquet', 'source_hash': '4357f109ed631802b3774c34db9c318f71742f8e99de307408af71bf00810707'}",{'completed_bar_only': True},"{'buy_ce_allowed': True, 'buy_pe_allowed': False, 'research_only': True}",3337e1e2c20bdb103460b8ffde99897c9a057edbc53c77b2fb7150bef5fbcbc4,52232.75,2024-07-23 09:59:00+05:30,44,-0.001835516333324332,271.90000000000146,0.0,552.4499999999971,34.78000000000029,41.91333333333265,0.0004223799043668282,41.39285714285662,-66.5933333333378,314.8000000000029,144.1999999999971,0.0027118644067401984,0.0,0.9972881355932598,11,0,-3.445995035855631e-05,73.75,0.19999999999708962,0.0,2024-07-23T10:00:00+05:30,52234.3,30,23.349999999998545,109.85000000000582,-55.200000000004366,-56.700000000004366,False,False,-2.364025695931812
BANKNIFTY:2024-07-23,2024-07-23,BANKNIFTY,compression_expansion_up,2024-07-23T10:34:00+05:30,2024-07-23T10:34:00+05:30,UP,{},"{'source_path': '/Users/madhuram/tradebot-structural-edge-discovery-v3/runtime/upstox_candidate_replay.zip!upstox_candidate_replay/20240723/underlying/BANKNIFTY_20240723.parquet', 'source_hash': '4357f109ed631802b3774c34db9c318f71742f8e99de307408af71bf00810707'}",{'completed_bar_only': True},"{'buy_ce_allowed': True, 'buy_pe_allowed': False, 'research_only': True}",7361ef82ff7a56e59a62cf4753f61769a01dffc7b501c348926a1c6a394b7873,52335.2,2024-07-23 10:33:00+05:30,78,-0.002527298647393586,271.90000000000146,0.0,552.4499999999971,46.56999999999971,38.01666666666618,0.000742187929938299,38.710714285714076,77.14303797468165,212.35000000000582,246.64999999999418,0.9935599284436389,0.0,0.006440071556361039,0,0,0.0027014495863524335,139.75,138.84999999999854,0.0,2024-07-23T10:34:00+05:30,52331.75,30,64.19999999999709,177.4499999999971,1.5,0.0,False,False,0.023364485981309472
BANKNIFTY:2024-07-23,2024-07-23,BANKNIFTY,compression_expansion_up,2024-07-23T12:09:00+05:30,2024-07-23T12:09:00+05:30,UP,{},"{'source_path': '/Users/madhuram/tradebot-structural-edge-discovery-v3/runtime/upstox_candidate_replay.zip!upstox_candidate_replay/20240723/underlying/BANKNIFTY_20240723.parquet', 'source_hash': '4357f109ed631802b3774c34db9c318f71742f8e99de307408af71bf00810707'}",{'completed_bar_only': True},"{'buy_ce_allowed': True, 'buy_pe_allowed': False, 'research_only': True}",517e4669618310577574b48693c6ddad97527a6145457da8ca97111ba61bcdac,52247.65,2024-07-23 12:08:00+05:30,173,-0.0030996434072380515,271.90000000000146,0.0,552.4499999999971,51.26999999999971,53.74999999999952,0.0008422060080083006,54.4392857142853,18.06494252873381,299.90000000000146,446.5500000000029,0.9824667472793575,0.017533252720642573,0.0,6,0,0.0019685492377026215,82.69999999999709,81.25,0.0,2024-07-23T12:09:00+05:30,52244.1,30,0.0,689.25,-408.59999999999854,-410.09999999999854,False,False,0.0
BANKNIFTY:2024-07-23,2024-07-23,BANKNIFTY,compression_expansion_up,2024-07-23T12:35:00+05:30,2024-07-23T12:35:00+05:30,UP,{},"{'source_path': '/Users/madhuram/tradebot-structural-edge-discovery-v3/runtime/upstox_candidate_replay.zip!upstox_candidate_replay/20240723/underlying/BANKNIFTY_20240723.parquet', 'source_hash': '4357f109ed631802b3774c34db9c318f71742f8e99de307408af71bf00810707'}",{'completed_bar_only': True},"{'buy_ce_allowed': True, 'buy_pe_allowed': False, 'research_only': True}",87c80028a83149db2ca36ce38aece7800fb21f0c286a402f5865f5a235e0cb0b,51954.85,2024-07-23 12:34:00+05:30,199,-0.011653283290590531,271.90000000000146,0.0,552.4499999999971,143.32000000000116,142.23666666666685,0.0022114820635997265,139.2892857142859,-232.95799999999872,592.7000000000044,400.0,0.9150998255475543,0.01337468501649276,0.07152548943595291,0,0,0.00468163073903427,257.95000000000437,236.04999999999563,0.0,2024-07-23T12:35:00+05:30,51943.3,30,118.54999999999563,332.5500000000029,-276.3000000000029,-277.8000000000029,False,False,-2.3306621678617723
BANKNIFTY:2024-07-23,2024-07-23,BANKNIFTY,compression_expansion_up,2024-07-23T13:29:00+05:30,2024-07-23T13:29:00+05:30,UP,{},"{'source_path': '/Users/madhuram/tradebot-structural-edge-discovery-v3/runtime/upstox_candidate_replay.zip!upstox_candidate_replay/20240723/underlying/BANKNIFTY_20240723.parquet', 'source_hash': '4357f109ed631802b3774c34db9c318f71742f8e99de307408af71bf00810707'}",{'completed_bar_only': True},"{'buy_ce_allowed': True, 'buy_pe_allowed': False, 'research_only': True}",df9f46e23b98d4582bf1747c1e5359ca51912599b3007e0e2271dbd922a8d461,51665.6,2024-07-23 13:28:00+05:30,253,-0.014231223460975396,271.90000000000146,0.0,552.4499999999971,56.12000000000262,58.40333333333353,0.0007755421101035406,58.40000000000042,-413.08307086614514,881.9500000000044,322.9499999999971,0.8328236493373318,0.15749235474009632,0.009683995922571959,11,0,0.0014906365153608547,98.10000000000582,81.69999999999709,0.0,2024-07-23T13:29:00+05:30,51664.25,30,114.15000000000146,135.75,85.59999999999854,84.09999999999854,False,False,0.749890494962746
BANKNIFTY:2024-07-23,2024-07-23,BANKNIFTY,compression_expansion_up,2024-07-23T13:54:00+05:30,2024-07-23T13:54:00+05:30,UP,{},"{'source_path': '/Users/madhuram/tradebot-structural-edge-discovery-v3/runtime/upstox_candidate_replay.zip!upstox_candidate_replay/20240723/underlying/BANKNIFTY_20240723.parquet', 'source_hash': '4357f109ed631802b3774c34db9c318f71742f8e99de307408af71bf00810707'}",{'completed_bar_only': True},"{'buy_ce_allowed': True, 'buy_pe_allowed': False, 'research_only': True}",230fa07d6a9ffefb248764a12c50dae6361579cfebf9e1b961b5c770cfb253f4,51736.65,2024-07-23 13:53:00+05:30,278,-0.01277981830203751,271.90000000000146,0.0,552.4499999999971,52.90999999999913,54.20333333333304,0.0007382447892573256,53.59642857142847,-302.140860215055,810.9000000000015,394.0,0.7049105094080309,0.175309775126196,0.11977971546577314,5,0,0.0014478769149770532,108.94999999999709,76.80000000000291,0.0,2024-07-23T13:54:00+05:30,51738.8,30,179.0,52.35000000000582,21.69999999999709,20.19999999999709,True,True,0.12122905027931336
BANKNIFTY:2024-07-24,2024-07-24,BANKNIFTY,compression_expansion_up,2024-07-24T09:34:00+05:30,2024-07-24T09:34:00+05:30,UP,{},"{'source_path': '/Users/madhuram/tradebot-structural-edge-discovery-v3/runtime/upstox_candidate_replay.zip!upstox_candidate_replay/20240724/underlying/BANKNIFTY_20240724.parquet', 'source_hash': '4357f109ed631802b3774c34db9c318f71742f8e99de307408af71bf00810707'}",{'completed_bar_only': True},"{'buy_ce_allowed': True, 'buy_pe_allowed': False, 'research_only': True}",81cafe7477f56816c77cc9e34dc9b952dbc95ad48564a462b4235be179fb8b04,51797.2,2024-07-24 09:33:00+05:30,18,-0.0010790779631412962,304.54999999999563,0.0,1204.9000000000015,61.839999999997964,61.15999999999961,0.0009844534810842037,62.81785714285642,87.00263157894369,33.900000000001455,270.6499999999942,0.8193079880392803,0.16018795386587525,0.020504058094844464,0,2,0.0018626368206355881,117.04999999999563,95.89999999999418,0.0,2024-07-24T09:34:00+05:30,51792.3,30,152.34999999999854,322.5,-101.40000000000146,-102.90000000000146,False,False,-0.6655726944535768
BANKNIFTY:2024-07-24,2024-07-24,BANKNIFTY,compression_expansion_up,2024-07-24T09:54:00+05:30,2024-07-24T09:54:00+05:30,UP,{},"{'source_path': '/Users/madhuram/tradebot-structural-edge-discovery-v3/runtime/upstox_candidate_replay.zip!upstox_candidate_replay/20240724/underlying/BANKNIFTY_20240724.parquet', 'source_hash': '4357f109ed631802b3774c34db9c318f71742f8e99de307408af71bf00810707'}",{'completed_bar_only': True},"{'buy_ce_allowed': True, 'buy_pe_allowed': False, 'research_only': True}",2e2640562e0978c46c9a21110a90e70e3cf1b5a6a1456232c8886ba90f0f3422,51834.5,2024-07-24 09:53:00+05:30,38,-0.0027938168929316732,304.54999999999563,0.0,1204.9000000000015,88.66999999999825,71.13666666666492,0.001337244345968616,68.5821428571414,152.94615384615463,103.15000000000146,364.6999999999971,0.9126233552631569,0.08737664473684315,0.0,0,3,0.004182600845431761,243.1999999999971,221.9499999999971,0.0,2024-07-24T09:54:00+05:30,51834.55,30,110.09999999999854,196.0,-112.90000000000146,-114.40000000000146,False,False,-1.025431425976412
BANKNIFTY:2024-07-24,2024-07-24,BANKNIFTY,compression_expansion_up,2024-07-24T10:17:00+05:30,2024-07-24T10:17:00+05:30,UP,{},"{'source_path': '/Users/madhuram/tradebot-structural-edge-discovery-v3/runtime/upstox_candidate_replay.zip!upstox_candidate_replay/20240724/underlying/BANKNIFTY_20240724.parquet', 'source_hash': '4357f109ed631802b3774c34db9c318f71742f8e99de307408af71bf00810707'}",{'completed_bar_only': True},"{'buy_ce_allowed': True, 'buy_pe_allowed': False, 'research_only': True}",5c4f07cb5323f052d4ae0db862d93957e5f1630458fe7609f705f2fd043d97ae,51780.55,2024-07-24 10:16:00+05:30,61,-0.0013032015866407706,304.54999999999563,0.0,1204.9000000000015,47.619999999999706,57.00333333333304,0.0008785516515896052,57.56785714285694,70.53064516129234,164.09999999999854,310.75,1.0,0.0,0.0,8,4,0.0016539301151656804,90.85000000000582,90.85000000000582,0.0,2024-07-24T10:17:00+05:30,51790.0,30,41.400000000001455,428.65000000000146,-346.34999999999854,-347.84999999999854,False,False,-8.365942028985177
BANKNIFTY:2024-07-24,2024-07-24,BANKNIFTY,compression_expansion_up,2024-07-24T10:55:00+05:30,2024-07-24T10:55:00+05:30,UP,{},"{'source_path': '/Users/madhuram/tradebot-structural-edge-discovery-v3/runtime/upstox_candidate_replay.zip!upstox_candidate_replay/20240724/underlying/BANKNIFTY_20240724.parquet', 'source_hash': '4357f109ed631802b3774c34db9c318f71742f8e99de307408af71bf00810707'}",{'completed_bar_only': True},"{'buy_ce_allowed': True, 'buy_pe_allowed': False, 'research_only': True}",494c7b015fbe76b13fd4cc98e969ebec77d49515fbec417fedcc06a2e3012a4c,51530.4,2024-07-24 10:54:00+05:30,99,-0.006085149588028018,304.54999999999563,0.0,1204.9000000000015,55.759999999997675,55.333333333332845,0.0006936950867578711,56.28214285714213,-112.60900000000402,414.25,169.0500000000029,0.8954314720812626,0.0,0.1045685279187374,0,4,0.0018645072859657663,98.5,88.20000000000437,0.0,2024-07-24T10:55:00+05:30,51527.65,30,0.0,416.0,-403.3000000000029,-404.8000000000029,False,False,0.0
BANKNIFTY:2024-07-24,2024-07-24,BANKNIFTY,compression_expansion_up,2024-07-24T11:52:00+05:30,2024-07-24T11:52:00+05:30,UP,{},"{'source_path': '/Users/madhuram/tradebot-structural-edge-discovery-v3/runtime/upstox_candidate_replay.zip!upstox_candidate_replay/20240724/underlying/BANKNIFTY_20240724.parquet', 'source_hash': '4357f109ed631802b3774c34db9c318f71742f8e99de307408af71bf00810707'}",{'completed_bar_only': True},"{'buy_ce_allowed': True, 'buy_pe_allowed': False, 'research_only': True}",76816dc56dacf6cd552789a3db53bfceedf45e9b530e181c7150722809293a32,51143.65,2024-07-24 11:51:00+05:30,156,-0.01310929987451009,304.54999999999563,0.0,1204.9000000000015,44.93000000000029,46.31999999999971,0.0007319692503889452,47.42857142857143,-333.36560509553965,801.0,134.5500000000029,0.9009009009008827,0.08593208593204386,0.013167013167073409,9,4,0.001262746149847782,72.15000000000146,65.0,0.0,2024-07-24T11:52:00+05:30,51141.0,30,30.0,356.75,-287.8000000000029,-289.3000000000029,False,False,-9.59333333333343
BANKNIFTY:2024-07-24,2024-07-24,BANKNIFTY,compression_expansion_up,2024-07-24T12:49:00+05:30,2024-07-24T12:49:00+05:30,UP,{},"{'source_path': '/Users/madhuram/tradebot-structural-edge-discovery-v3/runtime/upstox_candidate_replay.zip!upstox_candidate_replay/20240724/underlying/BANKNIFTY_20240724.parquet', 'source_hash': '4357f109ed631802b3774c34db9c318f71742f8e99de307408af71bf00810707'}",{'completed_bar_only': True},"{'buy_ce_allowed': True, 'buy_pe_allowed': False, 'research_only': True}",61ca33d423c6f4f8b09dbd872bfc5746e297ba5edadf009ac2f9255c1b1bbfbe,50956.65,2024-07-24 12:48:00+05:30,213,-0.01640256466980899,304.54999999999563,0.0,1204.9000000000015,36.439999999999415,38.50333333333304,0.0004823704092044704,39.307142857142544,-387.54883177570446,988.0,172.40000000000146,0.8088480801336092,0.04507512520863145,0.14607679465775938,5,4,0.0009408991578068182,59.900000000001455,48.450000000004366,0.0,2024-07-24T12:49:00+05:30,50950.65,30,169.90000000000146,69.95000000000437,95.75,94.25,True,True,0.5635668040023495
BANKNIFTY:2024-07-24,2024-07-24,BANKNIFTY,compression_expansion_up,2024-07-24T13:01:00+05:30,2024-07-24T13:01:00+05:30,UP,{},"{'source_path': '/Users/madhuram/tradebot-structural-edge-discovery-v3/runtime/upstox_candidate_replay.zip!upstox_candidate_replay/20240724/underlying/BANKNIFTY_20240724.parquet', 'source_hash': '4357f109ed631802b3774c34db9c318f71742f8e99de307408af71bf00810707'}",{'completed_bar_only': True},"{'buy_ce_allowed': True, 'buy_pe_allowed': False, 'research_only': True}",ad32f9d11eb3b64be860a1b2890a25fde1d9eb8fe592d222e86a85ee3fd8f2cf,50946.8,2024-07-24 13:00:00+05:30,225,-0.016082802086281826,304.54999999999563,0.0,1204.9000000000015,30.30999999999767,32.9633333333312,0.0004272934133910135,33.296428571426596,-375.2575221238876,997.8499999999985,162.5500000000029,0.47470398277727216,0.32723358449941964,0.1980624327233082,8,4,0.0004909488666935413,46.44999999999709,22.05000000000291,0.0,2024-07-24T13:01:00+05:30,50949.45,30,251.75,58.5,209.40000000000146,207.90000000000146,True,True,0.8317775571003037
BANKNIFTY:2024-07-24,2024-07-24,BANKNIFTY,compression_expansion_up,2024-07-24T13:23:00+05:30,2024-07-24T13:23:00+05:30,UP,{},"{'source_path': '/Users/madhuram/tradebot-structural-edge-discovery-v3/runtime/upstox_candidate_replay.zip!upstox_candidate_replay/20240724/underlying/BANKNIFTY_20240724.parquet', 'source_hash': '4357f109ed631802b3774c34db9c318f71742f8e99de307408af71bf00810707'}",{'completed_bar_only': True},"{'buy_ce_allowed': True, 'buy_pe_allowed': False, 'research_only': True}",278b7e39a1341fd5056a825ebf02651cfaea0fc102a3b0d4e5ad5784a39467ea,51160.9,2024-07-24 13:22:00+05:30,247,-0.01292188615485982,304.54999999999563,0.0,1204.9000000000015,48.21999999999971,48.11999999999826,0.0007579600260591196,49.28928571428384,-133.42298387096525,783.75,376.65000000000146,0.7801075268817518,0.0,0.21989247311824828,0,4,0.0014828183924291416,93.0,72.55000000000291,0.0,2024-07-24T13:23:00+05:30,51165.2,30,350.3500000000058,60.799999999995634,209.45000000000437,207.95000000000437,True,True,0.5978307406878861
BANKNIFTY:2024-07-25,2024-07-25,BANKNIFTY,compression_expansion_up,2024-07-25T09:39:00+05:30,2024-07-25T09:39:00+05:30,UP,{},"{'source_path': '/Users/madhuram/tradebot-structural-edge-discovery-v3/runtime/upstox_candidate_replay.zip!upstox_candidate_replay/20240725/underlying/BANKNIFTY_20240725.parquet', 'source_hash': '4357f109ed631802b3774c34db9c318f71742f8e99de307408af71bf00810707'}",{'completed_bar_only': True},"{'buy_ce_allowed': True, 'buy_pe_allowed': False, 'research_only': True}",5a7c7966db76d842dc3bbb801b3e32ee9f107fffde6cdf9263b5e1418771abff,50808.75,2024-07-25 09:38:00+05:30,23,-0.013190808821742308,303.84999999999854,0.0,1160.4000000000015,46.17000000000117,43.19666666666744,0.0005425300084141036,40.97857142857226,23.075000000004366,197.34999999999854,106.5,0.845983787767173,0.1400147383935181,0.014001473839308916,0,0,0.001083663768687071,67.84999999999854,57.400000000001455,0.0,2024-07-25T09:39:00+05:30,50807.75,30,74.90000000000146,235.75,-157.15000000000146,-158.65000000000146,False,False,-2.098130841121474
BANKNIFTY:2024-07-25,2024-07-25,BANKNIFTY,compression_expansion_up,2024-07-25T10:01:00+05:30,2024-07-25T10:01:00+05:30,UP,{},"{'source_path': '/Users/madhuram/tradebot-structural-edge-discovery-v3/runtime/upstox_candidate_replay.zip!upstox_candidate_replay/20240725/underlying/BANKNIFTY_20240725.parquet', 'source_hash': '4357f109ed631802b3774c34db9c318f71742f8e99de307408af71bf00810707'}",{'completed_bar_only': True},"{'buy_ce_allowed': True, 'buy_pe_allowed': False, 'research_only': True}",c8acf6c3ca210103d70fef81495680f82e174e545f22e4c82bb0feb199c89d4d,50632.25,2024-07-25 10:00:00+05:30,45,-0.015525060884021351,303.84999999999854,0.0,1160.4000000000015,49.95,48.016666666666666,0.0006993511714192447,42.289285714285406,-118.49673913043807,373.84999999999854,60.25,0.010111761575275349,0.3587014369345198,0.6311868014902049,0,0,6.814303321434068e-05,93.94999999999709,0.9499999999970896,0.0,2024-07-25T10:01:00+05:30,50631.0,30,76.75,71.09999999999854,11.849999999998545,10.349999999998545,True,True,0.15439739413678885
BANKNIFTY:2024-07-25,2024-07-25,BANKNIFTY,compression_expansion_up,2024-07-25T10:16:00+05:30,2024-07-25T10:16:00+05:30,UP,{},"{'source_path': '/Users/madhuram/tradebot-structural-edge-discovery-v3/runtime/upstox_candidate_replay.zip!upstox_candidate_replay/20240725/underlying/BANKNIFTY_20240725.parquet', 'source_hash': '4357f109ed631802b3774c34db9c318f71742f8e99de307408af71bf00810707'}",{'completed_bar_only': True},"{'buy_ce_allowed': True, 'buy_pe_allowed': False, 'research_only': True}",ebf7dd8f8d15cf953cc4aa0a3b2354d57acddcf4f7d17d899a5547b47037e7b0,50665.6,2024-07-25 10:15:00+05:30,60,-0.015393813891764923,303.84999999999854,0.0,1160.4000000000015,30.109999999997672,31.106666666667056,0.00034407083105868295,31.496428571428883,-60.698360655740544,340.5,93.59999999999854,0.5055045871558832,0.3155963302753095,0.17889908256880735,11,0,0.0005835763255623849,54.5,27.549999999995634,0.0,2024-07-25T10:16:00+05:30,50669.45,30,45.450000000004366,109.54999999999563,45.450000000004366,43.950000000004366,False,False,1.0
BANKNIFTY:2024-07-25,2024-07-25,BANKNIFTY,compression_expansion_up,2024-07-25T10:17:00+05:30,2024-07-25T10:17:00+05:30,UP,{},"{'source_path': '/Users/madhuram/tradebot-structural-edge-discovery-v3/runtime/upstox_candidate_replay.zip!upstox_candidate_replay/20240725/underlying/BANKNIFTY_20240725.parquet', 'source_hash': '4357f109ed631802b3774c34db9c318f71742f8e99de307408af71bf00810707'}",{'completed_bar_only': True},"{'buy_ce_allowed': True, 'buy_pe_allowed': False, 'research_only': True}",609f9b7941bbb85a2c9babf37167488ecce519b4789b3eb6a94b73360bcac82c,50677.5,2024-07-25 10:16:00+05:30,61,-0.014783272327786989,303.84999999999854,0.0,1160.4000000000015,30.869999999998253,32.51333333333363,0.0003473695490302479,32.47857142857174,-48.01129032258177,328.59999999999854,105.5,0.1721925133690462,0.6470588235294118,0.18074866310154203,12,0,0.0002348733657551172,46.75,8.05000000000291,0.0,2024-07-25T10:17:00+05:30,50675.8,30,55.89999999999418,115.90000000000146,31.349999999998545,29.849999999998545,False,False,0.5608228980322327
BANKNIFTY:2024-07-25,2024-07-25,BANKNIFTY,compression_expansion_up,2024-07-25T12:31:00+05:30,2024-07-25T12:31:00+05:30,UP,{},"{'source_path': '/Users/madhuram/tradebot-structural-edge-discovery-v3/runtime/upstox_candidate_replay.zip!upstox_candidate_replay/20240725/underlying/BANKNIFTY_20240725.parquet', 'source_hash': '4357f109ed631802b3774c34db9c318f71742f8e99de307408af71bf00810707'}",{'completed_bar_only': True},"{'buy_ce_allowed': True, 'buy_pe_allowed': False, 'research_only': True}",755d13bccf7ac5278a480ba932c1f0ffa2d31ab643fd6567ea0b7e1b9b0d27d9,50851.4,2024-07-25 12:30:00+05:30,195,-0.011876394499292781,303.84999999999854,0.0,1160.4000000000015,22.379999999998837,19.646666666665986,0.00022611416478752574,19.48214285714234,105.40561224489647,154.6999999999971,291.5,0.9433139534884591,0.0,0.056686046511540904,0,0,0.0005460056489450249,34.400000000001455,32.450000000004366,0.0,2024-07-25T12:31:00+05:30,50849.05,30,27.94999999999709,70.15000000000146,25.299999999995634,23.799999999995634,False,False,0.9051878354203317
BANKNIFTY:2024-07-25,2024-07-25,BANKNIFTY,compression_expansion_up,2024-07-25T14:57:00+05:30,2024-07-25T14:57:00+05:30,UP,{},"{'source_path': '/Users/madhuram/tradebot-structural-edge-discovery-v3/runtime/upstox_candidate_replay.zip!upstox_candidate_replay/20240725/underlying/BANKNIFTY_20240725.parquet', 'source_hash': '4357f109ed631802b3774c34db9c318f71742f8e99de307408af71bf00810707'}",{'completed_bar_only': True},"{'buy_ce_allowed': True, 'buy_pe_allowed': False, 'research_only': True}",b328bdb98751f6f5ab4b7c1fa80770a6802fcbe7db7642e2430ff326b8cde021,50884.0,2024-07-25 14:56:00+05:30,341,-0.011242520136691256,303.84999999999854,0.0,1160.4000000000015,24.469999999996798,23.20999999999864,0.0002800816612151711,22.889285714284465,91.81959064327384,122.09999999999854,324.09999999999854,0.8890410958903312,0.0,0.11095890410966877,0,0,0.0005977944530968227,36.5,32.44999999999709,0.0,2024-07-25T14:57:00+05:30,50884.6,30,43.75,43.150000000001455,0.3000000000029104,-1.1999999999970896,True,True,0.00685714285720938
BANKNIFTY:2024-07-26,2024-07-26,BANKNIFTY,compression_expansion_up,2024-07-26T11:01:00+05:30,2024-07-26T11:01:00+05:30,UP,{},"{'source_path': '/Users/madhuram/tradebot-structural-edge-discovery-v3/runtime/upstox_candidate_replay.zip!upstox_candidate_replay/20240726/underlying/BANKNIFTY_20240726.parquet', 'source_hash': '4357f109ed631802b3774c34db9c318f71742f8e99de307408af71bf00810707'}",{'completed_bar_only': True},"{'buy_ce_allowed': True, 'buy_pe_allowed': False, 'research_only': True}",8f0b0ffa13d008b6881a0600f88ccd4194ff2e1369fbbe69bccd7384d87f9459,50774.6,2024-07-26 11:00:00+05:30,105,-0.0028917267922467025,438.09999999999854,0.0,446.1999999999971,26.63000000000029,22.239999999998933,0.0002497280668433181,22.203571428570285,27.038207547171623,101.80000000000291,336.29999999999563,0.7418335089567808,0.02634351949420604,0.23182297154901316,0,1,0.00073022840085879,47.44999999999709,35.19999999999709,0.0,2024-07-26T11:01:00+05:30,50772.9,30,177.54999999999563,21.650000000001455,100.90000000000146,99.40000000000146,True,True,0.5682906223599208
BANKNIFTY:2024-07-26,2024-07-26,BANKNIFTY,compression_expansion_up,2024-07-26T11:58:00+05:30,2024-07-26T11:58:00+05:30,UP,{},"{'source_path': '/Users/madhuram/tradebot-structural-edge-discovery-v3/runtime/upstox_candidate_replay.zip!upstox_candidate_replay/20240726/underlying/BANKNIFTY_20240726.parquet', 'source_hash': '4357f109ed631802b3774c34db9c318f71742f8e99de307408af71bf00810707'}",{'completed_bar_only': True},"{'buy_ce_allowed': True, 'buy_pe_allowed': False, 'research_only': True}",0f2af3ca20f7cff32cccc6ebf0ac54cb39a547a816060309a17e0d6aea626813,50945.45,2024-07-26 11:57:00+05:30,162,0.000605267993212266,438.09999999999854,0.0,446.1999999999971,21.26999999999971,17.53666666666589,0.00022801820666407713,17.3535714285707,148.9978527607309,15.0,507.1499999999942,0.6142076502731922,0.32786885245901637,0.05792349726779137,0,3,0.000591177316860314,45.75,28.099999999998545,0.0,2024-07-26T11:58:00+05:30,50946.5,30,40.75,83.5,-28.900000000001455,-30.400000000001455,False,False,-0.7092024539877658
BANKNIFTY:2024-07-26,2024-07-26,BANKNIFTY,compression_expansion_up,2024-07-26T12:32:00+05:30,2024-07-26T12:32:00+05:30,UP,{},"{'source_path': '/Users/madhuram/tradebot-structural-edge-discovery-v3/runtime/upstox_candidate_replay.zip!upstox_candidate_replay/20240726/underlying/BANKNIFTY_20240726.parquet', 'source_hash': '4357f109ed631802b3774c34db9c318f71742f8e99de307408af71bf00810707'}",{'completed_bar_only': True},"{'buy_ce_allowed': True, 'buy_pe_allowed': False, 'research_only': True}",1e8b7f0dd1fab74b7ff40dc851040e3d616d0cded65252fb10422cb934ba89b8,50950.5,2024-07-26 12:31:00+05:30,196,0.000563999720947816,438.09999999999854,0.0,446.1999999999971,20.36999999999971,18.156666666666084,0.00021241755802779678,18.442857142856415,133.02639593907952,36.75,512.1999999999971,0.7548179871519637,0.1477516059957347,0.0974304068523016,0,4,0.0007463785907193543,46.700000000004366,35.25,0.0,2024-07-26T12:32:00+05:30,50950.5,30,148.3000000000029,3.0,132.34999999999854,130.84999999999854,True,True,0.8924477410653806
BANKNIFTY:2024-07-26,2024-07-26,BANKNIFTY,compression_expansion_up,2024-07-26T12:41:00+05:30,2024-07-26T12:41:00+05:30,UP,{},"{'source_path': '/Users/madhuram/tradebot-structural-edge-discovery-v3/runtime/upstox_candidate_replay.zip!upstox_candidate_replay/20240726/underlying/BANKNIFTY_20240726.parquet', 'source_hash': '4357f109ed631802b3774c34db9c318f71742f8e99de307408af71bf00810707'}",{'completed_bar_only': True},"{'buy_ce_allowed': True, 'buy_pe_allowed': False, 'research_only': True}",a8a700a82506f5f71fedd556891c6a81d0bd5d1f4053ca2edbd71284fb41f2d8,51022.4,2024-07-26 12:40:00+05:30,205,0.001955330043007435,438.09999999999854,0.0,446.1999999999971,27.670000000001163,24.06333333333411,0.00029266224347500287,24.39285714285766,197.72524271845032,3.150000000001455,584.0999999999985,0.707887049659093,0.06134371957158906,0.23076923076931796,0,6,0.0007021452695414876,51.35000000000582,36.349999999998545,0.0,2024-07-26T12:41:00+05:30,51020.7,30,133.90000000000146,13.799999999995634,133.90000000000146,132.40000000000146,True,True,1.0
BANKNIFTY:2024-07-26,2024-07-26,BANKNIFTY,compression_expansion_up,2024-07-26T12:55:00+05:30,2024-07-26T12:55:00+05:30,UP,{},"{'source_path': '/Users/madhuram/tradebot-structural-edge-discovery-v3/runtime/upstox_candidate_replay.zip!upstox_candidate_replay/20240726/underlying/BANKNIFTY_20240726.parquet', 'source_hash': '4357f109ed631802b3774c34db9c318f71742f8e99de307408af71bf00810707'}",{'completed_bar_only': True},"{'buy_ce_allowed': True, 'buy_pe_allowed': False, 'research_only': True}",97b19fed8ca1c13591521994a646c48fc2d79ffdd3f6be402a75136d2d7c8b18,51066.05,2024-07-26 12:54:00+05:30,219,0.0028317895396720457,438.09999999999854,0.0,446.1999999999971,23.250000000001457,24.80666666666754,0.0003274679065269804,22.910714285714807,227.34522727272997,15.599999999998545,627.75,0.8251748251748311,0.0,0.1748251748251689,7,7,0.0007407661442437874,42.900000000001455,35.400000000001455,0.0,2024-07-26T12:55:00+05:30,51066.5,30,155.09999999999854,22.099999999998545,131.0500000000029,129.5500000000029,True,True,0.8449387491940951
BANKNIFTY:2024-07-26,2024-07-26,BANKNIFTY,compression_expansion_up,2024-07-26T13:10:00+05:30,2024-07-26T13:10:00+05:30,UP,{},"{'source_path': '/Users/madhuram/tradebot-structural-edge-discovery-v3/runtime/upstox_candidate_replay.zip!upstox_candidate_replay/20240726/underlying/BANKNIFTY_20240726.parquet', 'source_hash': '4357f109ed631802b3774c34db9c318f71742f8e99de307408af71bf00810707'}",{'completed_bar_only': True},"{'buy_ce_allowed': True, 'buy_pe_allowed': False, 'research_only': True}",0ee23b4f5a55b556490c97797e4993c0878c266fb0b8e511d35dd96f6cf71b48,51121.1,2024-07-26 13:09:00+05:30,234,0.003839914476418507,438.09999999999854,0.0,446.1999999999971,25.350000000001454,23.253333333334012,0.00029838534855534054,23.92857142857195,267.4212765957418,1.3000000000029104,682.7999999999956,0.8867497168742959,0.029445073612748982,0.0838052095129551,0,9,0.0007458449973571923,44.150000000001455,39.150000000001455,0.0,2024-07-26T13:10:00+05:30,51119.95,30,157.25,16.94999999999709,136.90000000000146,135.40000000000146,True,True,0.8705882352941269
BANKNIFTY:2024-07-26,2024-07-26,BANKNIFTY,compression_expansion_up,2024-07-26T13:38:00+05:30,2024-07-26T13:38:00+05:30,UP,{},"{'source_path': '/Users/madhuram/tradebot-structural-edge-discovery-v3/runtime/upstox_candidate_replay.zip!upstox_candidate_replay/20240726/underlying/BANKNIFTY_20240726.parquet', 'source_hash': '4357f109ed631802b3774c34db9c318f71742f8e99de307408af71bf00810707'}",{'completed_bar_only': True},"{'buy_ce_allowed': True, 'buy_pe_allowed': False, 'research_only': True}",e4736638132451e90bc8ca8c8faf24a64e564bfe7051825ae1fda56475031586,51248.25,2024-07-26 13:37:00+05:30,262,0.006373982909039786,438.09999999999854,0.0,446.1999999999971,22.61000000000204,25.59666666666696,0.00034365090649145875,25.282142857143167,359.07927756653953,4.05000000000291,809.9499999999971,0.8798586572436915,0.09540636042408701,0.024734982332221492,13,13,0.0006931867552513182,42.450000000004366,37.349999999998545,0.0,2024-07-26T13:38:00+05:30,51251.35,30,70.84999999999854,72.40000000000146,-29.75,-31.25,False,False,-0.4199011997177221
BANKNIFTY:2024-07-26,2024-07-26,BANKNIFTY,compression_expansion_up,2024-07-26T15:13:00+05:30,2024-07-26T15:13:00+05:30,UP,{},"{'source_path': '/Users/madhuram/tradebot-structural-edge-discovery-v3/runtime/upstox_candidate_replay.zip!upstox_candidate_replay/20240726/underlying/BANKNIFTY_20240726.parquet', 'source_hash': '4357f109ed631802b3774c34db9c318f71742f8e99de307408af71bf00810707'}",{'completed_bar_only': True},"{'buy_ce_allowed': True, 'buy_pe_allowed': False, 'research_only': True}",7dae8753d6e6c8f75dbe17d7adad5697ad6192612157c4a2067c3afa2e6591af,51305.8,2024-07-26 15:12:00+05:30,357,0.007839989152339804,438.09999999999854,0.0,446.1999999999971,31.35,33.613333333332655,0.0004798079379718992,33.77499999999937,322.5594972067047,39.64999999999418,867.5,0.4092741935484578,0.5907258064515423,0.0,7,16,0.0003343819733996334,49.599999999998545,20.30000000000291,0.0,2024-07-26T15:13:00+05:30,51306.3,30,92.29999999999563,41.400000000001455,46.44999999999709,44.94999999999709,True,True,0.5032502708558969
BANKNIFTY:2024-07-29,2024-07-29,BANKNIFTY,compression_expansion_up,2024-07-29T10:03:00+05:30,2024-07-29T10:03:00+05:30,UP,{},"{'source_path': '/Users/madhuram/tradebot-structural-edge-discovery-v3/runtime/upstox_candidate_replay.zip!upstox_candidate_replay/20240729/underlying/BANKNIFTY_20240729.parquet', 'source_hash': '4357f109ed631802b3774c34db9c318f71742f8e99de307408af71bf00810707'}",{'completed_bar_only': True},"{'buy_ce_allowed': True, 'buy_pe_allowed': False, 'research_only': True}",665144fb5974e35acda676fac8e337b8fb9f587d6dcbf4661fbaf4eaf83059e0,51820.5,2024-07-29 10:02:00+05:30,47,0.008131989036614369,415.5,0.0,960.2999999999956,36.99999999999854,47.04999999999903,0.0007104293393515692,49.428571428570386,-6.771874999998545,133.90000000000146,386.59999999999854,0.7547027840482115,0.0,0.24529721595178855,6,6,0.0009406665404718684,66.44999999999709,50.150000000001455,0.0,2024-07-29T10:03:00+05:30,51819.2,30,79.40000000000146,49.19999999999709,25.75,24.25,True,True,0.32430730478588826
BANKNIFTY:2024-07-29,2024-07-29,BANKNIFTY,compression_expansion_up,2024-07-29T10:48:00+05:30,2024-07-29T10:48:00+05:30,UP,{},"{'source_path': '/Users/madhuram/tradebot-structural-edge-discovery-v3/runtime/upstox_candidate_replay.zip!upstox_candidate_replay/20240729/underlying/BANKNIFTY_20240729.parquet', 'source_hash': '4357f109ed631802b3774c34db9c318f71742f8e99de307408af71bf00810707'}",{'completed_bar_only': True},"{'buy_ce_allowed': True, 'buy_pe_allowed': False, 'research_only': True}",440c1c56fb3f5de377684db2e13643b03e3ec13a5fdad8d8865445b7f2bf7630,51951.45,2024-07-29 10:47:00+05:30,92,0.010499924541528878,415.5,0.0,960.2999999999956,28.219999999999708,25.016666666666183,0.00042038402586366396,23.442857142856933,112.00215053762804,9.900000000001455,517.5499999999956,0.8457711442786244,0.14072494669511953,0.013503909026255995,0,7,0.0011678359479561085,70.34999999999854,59.5,0.0,2024-07-29T10:48:00+05:30,51965.75,30,218.59999999999854,25.80000000000291,187.59999999999854,186.09999999999854,True,True,0.85818847209515
BANKNIFTY:2024-07-29,2024-07-29,BANKNIFTY,compression_expansion_up,2024-07-29T11:18:00+05:30,2024-07-29T11:18:00+05:30,UP,{},"{'source_path': '/Users/madhuram/tradebot-structural-edge-discovery-v3/runtime/upstox_candidate_replay.zip!upstox_candidate_replay/20240729/underlying/BANKNIFTY_20240729.parquet', 'source_hash': '4357f109ed631802b3774c34db9c318f71742f8e99de307408af71bf00810707'}",{'completed_bar_only': True},"{'buy_ce_allowed': True, 'buy_pe_allowed': False, 'research_only': True}",0315e8c4f39ada01cf45fbcdaaea5991a55c9918dffc9cd071ce245ff88840fb,52169.35,2024-07-29 11:17:00+05:30,122,0.015458763162634883,415.5,0.0,960.2999999999956,24.11000000000204,25.776666666667733,0.00026294588644523384,25.09285714285839,267.994308943089,15.0,735.4499999999971,0.5229885057471264,0.3448275862068966,0.13218390804597702,11,12,0.0005283668764790583,43.5,22.75,0.0,2024-07-29T11:18:00+05:30,52168.0,30,172.25,65.84999999999854,131.0500000000029,129.5500000000029,True,True,0.7608127721335437
BANKNIFTY:2024-07-29,2024-07-29,BANKNIFTY,compression_expansion_up,2024-07-29T11:42:00+05:30,2024-07-29T11:42:00+05:30,UP,{},"{'source_path': '/Users/madhuram/tradebot-structural-edge-discovery-v3/runtime/upstox_candidate_replay.zip!upstox_candidate_replay/20240729/underlying/BANKNIFTY_20240729.parquet', 'source_hash': '4357f109ed631802b3774c34db9c318f71742f8e99de307408af71bf00810707'}",{'completed_bar_only': True},"{'buy_ce_allowed': True, 'buy_pe_allowed': False, 'research_only': True}",5760d3afb5f67cf1b6d01fd67d90c4c69b58cb0e99f7b553108e7599c714d345,52191.5,2024-07-29 11:41:00+05:30,146,0.015790780435322383,415.5,0.0,960.2999999999956,23.539999999997963,26.386666666665892,0.00033464268477011736,24.60357142857018,249.42380952381063,4.099999999998545,757.5999999999985,0.7271540469974339,0.09660574412526139,0.17624020887730468,8,14,0.0006710572987067565,38.299999999995634,27.849999999998545,0.0,2024-07-29T11:42:00+05:30,52187.6,30,152.65000000000146,450.59999999999854,-261.84999999999854,-263.34999999999854,False,False,-1.7153619390762924
BANKNIFTY:2024-07-29,2024-07-29,BANKNIFTY,compression_expansion_up,2024-07-29T11:43:00+05:30,2024-07-29T11:43:00+05:30,UP,{},"{'source_path': '/Users/madhuram/tradebot-structural-edge-discovery-v3/runtime/upstox_candidate_replay.zip!upstox_candidate_replay/20240729/underlying/BANKNIFTY_20240729.parquet', 'source_hash': '4357f109ed631802b3774c34db9c318f71742f8e99de307408af71bf00810707'}",{'completed_bar_only': True},"{'buy_ce_allowed': True, 'buy_pe_allowed': False, 'research_only': True}",fb3b69e352b901a93f0eb0b3b9cff891d75178a4d61568b2b83b6b2ff45ff9cd,52217.25,2024-07-29 11:42:00+05:30,147,0.01625716246939061,415.5,0.0,960.2999999999956,29.55999999999767,26.053333333332073,0.00024441323998533246,26.53214285714161,273.3145270270252,7.349999999998545,783.3499999999985,0.6396979503776135,0.15857605177990886,0.20172599784247763,0,14,0.0004933753580564915,46.349999999998545,29.650000000001455,0.0,2024-07-29T11:43:00+05:30,52219.9,30,120.34999999999854,482.90000000000146,-344.20000000000437,-345.70000000000437,False,False,-2.859991690901608
BANKNIFTY:2024-07-29,2024-07-29,BANKNIFTY,compression_expansion_up,2024-07-29T12:03:00+05:30,2024-07-29T12:03:00+05:30,UP,{},"{'source_path': '/Users/madhuram/tradebot-structural-edge-discovery-v3/runtime/upstox_candidate_replay.zip!upstox_candidate_replay/20240729/underlying/BANKNIFTY_20240729.parquet', 'source_hash': '4357f109ed631802b3774c34db9c318f71742f8e99de307408af71bf00810707'}",{'completed_bar_only': True},"{'buy_ce_allowed': True, 'buy_pe_allowed': False, 'research_only': True}",af2ecc56a815e33fa26e00fcaa71e2d8c0914e598908f5eb6d06e184142bbfe8,52283.05,2024-07-29 12:02:00+05:30,167,0.01771570169075658,415.5,0.0,960.2999999999956,28.26000000000058,27.210000000000097,0.0003126612200319735,26.52142857142878,299.48958333333576,57.19999999999709,849.1500000000015,0.5275994865212952,0.3260590500641345,0.14634146341457036,0,15,0.00043819238942099936,38.94999999999709,20.55000000000291,0.0,2024-07-29T12:03:00+05:30,52284.45,30,23.950000000004366,1097.5,-759.2999999999956,-760.7999999999956,False,False,-31.703549060536837
BANKNIFTY:2024-07-29,2024-07-29,BANKNIFTY,compression_expansion_up,2024-07-29T13:37:00+05:30,2024-07-29T13:37:00+05:30,UP,{},"{'source_path': '/Users/madhuram/tradebot-structural-edge-discovery-v3/runtime/upstox_candidate_replay.zip!upstox_candidate_replay/20240729/underlying/BANKNIFTY_20240729.parquet', 'source_hash': '4357f109ed631802b3774c34db9c318f71742f8e99de307408af71bf00810707'}",{'completed_bar_only': True},"{'buy_ce_allowed': True, 'buy_pe_allowed': False, 'research_only': True}",86f3186785ea77bfa393728e65cc4d3c81729f72a487536344389cd3cc2f1011,51705.35,2024-07-29 13:36:00+05:30,261,0.005927628023815696,415.5,0.0,960.2999999999956,31.85,29.636666666665892,0.0004467352231079827,27.910714285713766,-171.55553435114416,634.9000000000015,518.4000000000015,0.8310344827585705,0.15344827586209406,0.015517241379335434,0,15,0.0009553585256310004,58.0,48.19999999999709,0.0,2024-07-29T13:37:00+05:30,51702.8,30,14.849999999998545,333.8500000000058,-273.3000000000029,-274.8000000000029,False,False,-18.404040404042405
BANKNIFTY:2024-07-29,2024-07-29,BANKNIFTY,compression_expansion_up,2024-07-29T14:30:00+05:30,2024-07-29T14:30:00+05:30,UP,{},"{'source_path': '/Users/madhuram/tradebot-structural-edge-discovery-v3/runtime/upstox_candidate_replay.zip!upstox_candidate_replay/20240729/underlying/BANKNIFTY_20240729.parquet', 'source_hash': '4357f109ed631802b3774c34db9c318f71742f8e99de307408af71bf00810707'}",{'completed_bar_only': True},"{'buy_ce_allowed': True, 'buy_pe_allowed': False, 'research_only': True}",0233f516dc2c47f0fa93463a0172dff04d792c58103b796b6a96818c4753ac7c,51453.05,2024-07-29 14:29:00+05:30,314,0.0008091095413586012,415.5,0.0,960.2999999999956,44.439999999999415,42.60666666666705,0.0006504762242200831,42.339285714286234,-358.6355555555492,887.1999999999971,266.1000000000058,0.9230164964650222,0.0,0.0769835035349779,0,15,0.001123643601652402,63.650000000001455,58.75,0.0,2024-07-29T14:30:00+05:30,51452.5,30,137.84999999999854,25.900000000001455,114.0,112.5,True,True,0.826985854189345
BANKNIFTY:2024-07-30,2024-07-30,BANKNIFTY,compression_expansion_up,2024-07-30T09:45:00+05:30,2024-07-30T09:45:00+05:30,UP,{},"{'source_path': '/Users/madhuram/tradebot-structural-edge-discovery-v3/runtime/upstox_candidate_replay.zip!upstox_candidate_replay/20240730/underlying/BANKNIFTY_20240730.parquet', 'source_hash': '4357f109ed631802b3774c34db9c318f71742f8e99de307408af71bf00810707'}",{'completed_bar_only': True},"{'buy_ce_allowed': True, 'buy_pe_allowed': False, 'research_only': True}",d7517eea1832a778d13f79364a067e3a874dea306af2737e2f39d74853ac2bbe,51588.25,2024-07-30 09:44:00+05:30,29,0.002623098837118851,241.84999999999854,0.0,1153.300000000003,40.79999999999855,39.529999999998836,0.0006137052166939048,40.18928571428478,150.23166666666657,11.400000000001455,328.1999999999971,0.8445767195767165,0.15079365079367293,0.00462962962961047,0,2,0.0016396848387885132,75.59999999999854,63.849999999998545,0.0,2024-07-30T09:45:00+05:30,51584.05,30,17.5,278.90000000000146,-129.60000000000582,-131.10000000000582,False,False,-7.405714285714619
BANKNIFTY:2024-07-30,2024-07-30,BANKNIFTY,compression_expansion_up,2024-07-30T10:27:00+05:30,2024-07-30T10:27:00+05:30,UP,{},"{'source_path': '/Users/madhuram/tradebot-structural-edge-discovery-v3/runtime/upstox_candidate_replay.zip!upstox_candidate_replay/20240730/underlying/BANKNIFTY_20240730.parquet', 'source_hash': '4357f109ed631802b3774c34db9c318f71742f8e99de307408af71bf00810707'}",{'completed_bar_only': True},"{'buy_ce_allowed': True, 'buy_pe_allowed': False, 'research_only': True}",2257d9220b21b8ef7143f511594a08010e5dfb46a84ef3df8e5fe52c00422a6b,51591.6,2024-07-30 10:26:00+05:30,71,0.0030356336690692282,241.84999999999854,0.0,1153.300000000003,40.12000000000262,36.97666666666773,0.0004388970305628062,36.73571428571553,140.96180555555475,9.950000000004366,331.54999999999563,0.71706936866717,0.08885424785665216,0.1940763834761778,0,3,0.0009904822513535638,64.15000000000146,46.0,0.0,2024-07-30T10:27:00+05:30,51598.75,30,94.0,82.19999999999709,83.90000000000146,82.40000000000146,True,True,0.8925531914893772
BANKNIFTY:2024-07-30,2024-07-30,BANKNIFTY,compression_expansion_up,2024-07-30T10:47:00+05:30,2024-07-30T10:47:00+05:30,UP,{},"{'source_path': '/Users/madhuram/tradebot-structural-edge-discovery-v3/runtime/upstox_candidate_replay.zip!upstox_candidate_replay/20240730/underlying/BANKNIFTY_20240730.parquet', 'source_hash': '4357f109ed631802b3774c34db9c318f71742f8e99de307408af71bf00810707'}",{'completed_bar_only': True},"{'buy_ce_allowed': True, 'buy_pe_allowed': False, 'research_only': True}",6112c22d0965ebd24b374c6242a0a9cae3676b021e33e2434411db7792ac9142,51619.95,2024-07-30 10:46:00+05:30,91,0.0038801625231564647,241.84999999999854,0.0,1153.300000000003,50.69000000000087,45.770000000000195,0.0006179009978174401,42.26071428571491,132.73260869565274,72.5,359.8999999999942,0.42455418381339466,0.4060356652949963,0.16941015089160902,0,8,0.0004137709162650438,72.90000000000146,30.94999999999709,0.0,2024-07-30T10:47:00+05:30,51619.0,30,84.0,23.0,58.44999999999709,56.94999999999709,True,True,0.6958333333332987
BANKNIFTY:2024-07-30,2024-07-30,BANKNIFTY,compression_expansion_up,2024-07-30T11:23:00+05:30,2024-07-30T11:23:00+05:30,UP,{},"{'source_path': '/Users/madhuram/tradebot-structural-edge-discovery-v3/runtime/upstox_candidate_replay.zip!upstox_candidate_replay/20240730/underlying/BANKNIFTY_20240730.parquet', 'source_hash': '4357f109ed631802b3774c34db9c318f71742f8e99de307408af71bf00810707'}",{'completed_bar_only': True},"{'buy_ce_allowed': True, 'buy_pe_allowed': False, 'research_only': True}",2f814981eb226ca88fce96e216c1238cd1d35b0e5f1d21de7bc34d9c866ab632,51690.0,2024-07-30 11:22:00+05:30,127,0.005366844653392961,241.84999999999854,0.0,1153.300000000003,23.23999999999942,24.15333333333304,0.00027069716125118425,24.567857142856933,152.8585937500029,13.0,429.9499999999971,0.6730506155949818,0.1778385772913675,0.14911080711365066,11,10,0.00048679130975903817,36.55000000000291,24.599999999998545,0.0,2024-07-30T11:23:00+05:30,51687.6,30,97.0,36.94999999999709,31.5,30.0,True,True,0.3247422680412371
BANKNIFTY:2024-07-30,2024-07-30,BANKNIFTY,compression_expansion_up,2024-07-30T12:32:00+05:30,2024-07-30T12:32:00+05:30,UP,{},"{'source_path': '/Users/madhuram/tradebot-structural-edge-discovery-v3/runtime/upstox_candidate_replay.zip!upstox_candidate_replay/20240730/underlying/BANKNIFTY_20240730.parquet', 'source_hash': '4357f109ed631802b3774c34db9c318f71742f8e99de307408af71bf00810707'}",{'completed_bar_only': True},"{'buy_ce_allowed': True, 'buy_pe_allowed': False, 'research_only': True}",30edff53fb4f69e678213eb9ba2b78863aad3f62b2b8fb3c5ff7c57695628715,51735.5,2024-07-30 12:31:00+05:30,196,0.006246400049815527,241.84999999999854,0.0,1153.300000000003,23.860000000000582,23.689999999999902,0.0003113990242521295,23.524999999999896,137.2875634517768,49.099999999998545,475.4499999999971,0.7155172413792923,0.24856321839082562,0.03591954022988205,0,14,0.00048442819584826324,34.80000000000291,24.900000000001455,0.0,2024-07-30T12:32:00+05:30,51734.45,30,16.85000000000582,58.299999999995634,-4.149999999994179,-5.649999999994179,False,False,-0.2462908011865131
BANKNIFTY:2024-07-30,2024-07-30,BANKNIFTY,compression_expansion_up,2024-07-30T12:43:00+05:30,2024-07-30T12:43:00+05:30,UP,{},"{'source_path': '/Users/madhuram/tradebot-structural-edge-discovery-v3/runtime/upstox_candidate_replay.zip!upstox_candidate_replay/20240730/underlying/BANKNIFTY_20240730.parquet', 'source_hash': '4357f109ed631802b3774c34db9c318f71742f8e99de307408af71bf00810707'}",{'completed_bar_only': True},"{'buy_ce_allowed': True, 'buy_pe_allowed': False, 'research_only': True}",48f6755d688690acca54aed9535cc773b04396d589fc97ad183e8d1ddf6c9f83,51726.75,2024-07-30 12:42:00+05:30,207,0.006372884786026745,241.84999999999854,0.0,1153.300000000003,24.85,22.400000000001455,0.0002244652818256894,22.464285714287275,121.78149038461561,57.849999999998545,466.6999999999971,0.2394540942928228,0.08684863523572574,0.6736972704714514,0,14,0.00015564969730497147,40.30000000000291,9.650000000001455,0.0,2024-07-30T12:43:00+05:30,51719.6,30,238.15000000000146,43.44999999999709,124.59999999999854,123.09999999999854,True,True,0.5231996640772529
BANKNIFTY:2024-07-30,2024-07-30,BANKNIFTY,compression_expansion_up,2024-07-30T13:45:00+05:30,2024-07-30T13:45:00+05:30,UP,{},"{'source_path': '/Users/madhuram/tradebot-structural-edge-discovery-v3/runtime/upstox_candidate_replay.zip!upstox_candidate_replay/20240730/underlying/BANKNIFTY_20240730.parquet', 'source_hash': '4357f109ed631802b3774c34db9c318f71742f8e99de307408af71bf00810707'}",{'completed_bar_only': True},"{'buy_ce_allowed': True, 'buy_pe_allowed': False, 'research_only': True}",6b4453189badcd472142961b4e26e04d262792d6c3366d2982da08badec71066,51814.05,2024-07-30 13:44:00+05:30,269,0.00700725438610144,241.84999999999854,0.0,1153.300000000003,34.08999999999942,29.410000000000096,0.00043551291344054964,29.871428571428364,180.8900000000067,143.6999999999971,554.0,0.9326086956522582,0.04275362318836362,0.02463768115937811,0,15,0.0013489421529928602,69.0,64.35000000000582,0.0,2024-07-30T13:45:00+05:30,51809.25,30,57.25,41.150000000001455,17.099999999998545,15.599999999998545,True,True,0.2986899563318523
BANKNIFTY:2024-07-30,2024-07-30,BANKNIFTY,compression_expansion_up,2024-07-30T13:54:00+05:30,2024-07-30T13:54:00+05:30,UP,{},"{'source_path': '/Users/madhuram/tradebot-structural-edge-discovery-v3/runtime/upstox_candidate_replay.zip!upstox_candidate_replay/20240730/underlying/BANKNIFTY_20240730.parquet', 'source_hash': '4357f109ed631802b3774c34db9c318f71742f8e99de307408af71bf00810707'}",{'completed_bar_only': True},"{'buy_ce_allowed': True, 'buy_pe_allowed': False, 'research_only': True}",1ba5e5a479de9159096b5d122cc7598e2fc6e853991a175a95ce6e33f42f2697,51849.1,2024-07-30 13:53:00+05:30,278,0.00816702212120749,241.84999999999854,0.0,1153.300000000003,33.92000000000117,31.66333333333314,0.00043480284093530314,32.70357142857132,210.10143369175785,108.65000000000146,589.0499999999956,0.6292490118576385,0.20553359683794467,0.16521739130441684,0,15,0.0008541671291395492,63.25,39.799999999995634,0.0,2024-07-30T13:54:00+05:30,51841.9,30,50.94999999999709,73.80000000000291,32.0,30.5,False,False,0.6280667320903205
BANKNIFTY:2024-07-31,2024-07-31,BANKNIFTY,compression_expansion_up,2024-07-31T10:02:00+05:30,2024-07-31T10:02:00+05:30,UP,{},"{'source_path': '/Users/madhuram/tradebot-structural-edge-discovery-v3/runtime/upstox_candidate_replay.zip!upstox_candidate_replay/20240731/underlying/BANKNIFTY_20240731.parquet', 'source_hash': '4357f109ed631802b3774c34db9c318f71742f8e99de307408af71bf00810707'}",{'completed_bar_only': True},"{'buy_ce_allowed': True, 'buy_pe_allowed': False, 'research_only': True}",2e5e19850d0fea245163e49266068d457e6af80a1dc285fa89702d7181e1e07f,51557.05,2024-07-31 10:01:00+05:30,46,0.0016236875597337153,143.14999999999418,0.0,697.6999999999971,33.63000000000174,30.0933333333344,0.0004520661175092135,30.59285714285839,68.66595744681399,30.89999999999418,164.20000000000437,0.820779220779246,0.1419913419912916,0.037229437229462425,0,0,0.0009221590947698921,57.75,47.400000000001455,0.0,2024-07-31T10:02:00+05:30,51556.3,30,105.54999999999563,35.55000000000291,32.5,31.0,True,True,0.3079109426812065
BANKNIFTY:2024-07-31,2024-07-31,BANKNIFTY,compression_expansion_up,2024-07-31T10:14:00+05:30,2024-07-31T10:14:00+05:30,UP,{},"{'source_path': '/Users/madhuram/tradebot-structural-edge-discovery-v3/runtime/upstox_candidate_replay.zip!upstox_candidate_replay/20240731/underlying/BANKNIFTY_20240731.parquet', 'source_hash': '4357f109ed631802b3774c34db9c318f71742f8e99de307408af71bf00810707'}",{'completed_bar_only': True},"{'buy_ce_allowed': True, 'buy_pe_allowed': False, 'research_only': True}",2b05a27d081dd44b6a4fdcab4c57e74fa2af174e14c3f8969cd86b20ef4367b5,51615.1,2024-07-31 10:13:00+05:30,58,0.002784575551543273,143.14999999999418,0.0,697.6999999999971,25.45000000000291,26.566666666668123,0.00041093439168699095,27.007142857144313,113.9389830508444,0.6500000000014552,222.25,0.8961802154749734,0.012732615083279494,0.0910871694417471,4,0,0.0009220915090981663,51.05000000000291,45.75,0.0,2024-07-31T10:14:00+05:30,51617.35,30,44.5,87.15000000000146,-25.25,-26.75,False,False,-0.5674157303370787
BANKNIFTY:2024-07-31,2024-07-31,BANKNIFTY,compression_expansion_up,2024-07-31T12:49:00+05:30,2024-07-31T12:49:00+05:30,UP,{},"{'source_path': '/Users/madhuram/tradebot-structural-edge-discovery-v3/runtime/upstox_candidate_replay.zip!upstox_candidate_replay/20240731/underlying/BANKNIFTY_20240731.parquet', 'source_hash': '4357f109ed631802b3774c34db9c318f71742f8e99de307408af71bf00810707'}",{'completed_bar_only': True},"{'buy_ce_allowed': True, 'buy_pe_allowed': False, 'research_only': True}",cd1ed06fb7f8945f7fca125a18bed74ea46e8f702666dcac4690b13994d38b6d,51548.8,2024-07-31 12:48:00+05:30,213,0.0008779580038560432,143.14999999999418,0.0,697.6999999999971,27.970000000001164,20.000000000000487,0.00038069039715614157,19.403571428572054,30.98855140186788,113.04999999999563,155.95000000000437,0.9022118742723945,0.06693830034924217,0.030849825378363335,0,2,0.0014512152713694881,85.90000000000146,77.5,0.0,2024-07-31T12:49:00+05:30,51559.8,30,20.0,99.5,-65.0,-66.5,False,False,-3.25
BANKNIFTY:2024-07-31,2024-07-31,BANKNIFTY,compression_expansion_up,2024-07-31T14:25:00+05:30,2024-07-31T14:25:00+05:30,UP,{},"{'source_path': '/Users/madhuram/tradebot-structural-edge-discovery-v3/runtime/upstox_candidate_replay.zip!upstox_candidate_replay/20240731/underlying/BANKNIFTY_20240731.parquet', 'source_hash': '4357f109ed631802b3774c34db9c318f71742f8e99de307408af71bf00810707'}",{'completed_bar_only': True},"{'buy_ce_allowed': True, 'buy_pe_allowed': False, 'research_only': True}",0adff133397e2232e4cbb007a414c639a1904bc1f0e055a7bf4e49fa55d2ee80,51390.9,2024-07-31 14:24:00+05:30,309,-0.0010140755238337198,143.14999999999418,0.0,697.6999999999971,26.710000000002037,26.923333333335663,0.0004023081802268515,26.025000000002496,-111.4156451612871,270.9499999999971,55.200000000004366,0.43002544529262604,0.48600508905845113,0.0839694656489228,10,2,0.00039029916771871065,39.30000000000291,16.900000000001455,0.0,2024-07-31T14:25:00+05:30,51390.55,30,129.59999999999854,16.700000000004366,74.04999999999563,72.54999999999563,True,True,0.5713734567900962
BANKNIFTY:2024-07-31,2024-07-31,BANKNIFTY,compression_expansion_up,2024-07-31T14:26:00+05:30,2024-07-31T14:26:00+05:30,UP,{},"{'source_path': '/Users/madhuram/tradebot-structural-edge-discovery-v3/runtime/upstox_candidate_replay.zip!upstox_candidate_replay/20240731/underlying/BANKNIFTY_20240731.parquet', 'source_hash': '4357f109ed631802b3774c34db9c318f71742f8e99de307408af71bf00810707'}",{'completed_bar_only': True},"{'buy_ce_allowed': True, 'buy_pe_allowed': False, 'research_only': True}",5081b173eb6d24e8b9f68e0ea424b86bfc8b9d956794292c4198cff4065a8a70,51408.8,2024-07-31 14:25:00+05:30,310,-0.0006922548158864419,143.14999999999418,0.0,697.6999999999971,32.060000000002034,27.910000000002523,0.00038091970188572425,25.525000000002496,-93.21495176848839,253.04999999999563,73.10000000000582,0.33609576427254184,0.3563535911601751,0.3075506445672831,0,2,0.00034831069313834284,54.30000000000291,18.25,0.0,2024-07-31T14:26:00+05:30,51415.6,30,104.55000000000291,20.599999999998545,52.349999999998545,50.849999999998545,True,True,0.5007173601147498
BANKNIFTY:2024-07-31,2024-07-31,BANKNIFTY,compression_expansion_up,2024-07-31T15:01:00+05:30,2024-07-31T15:01:00+05:30,UP,{},"{'source_path': '/Users/madhuram/tradebot-structural-edge-discovery-v3/runtime/upstox_candidate_replay.zip!upstox_candidate_replay/20240731/underlying/BANKNIFTY_20240731.parquet', 'source_hash': '4357f109ed631802b3774c34db9c318f71742f8e99de307408af71bf00810707'}",{'completed_bar_only': True},"{'buy_ce_allowed': True, 'buy_pe_allowed': False, 'research_only': True}",76594deb1af16f22ed7e7282e3fe4ae2a535cbe68b67f9d1c326505116d61ee3,51533.3,2024-07-31 15:00:00+05:30,345,0.0009732402678403036,143.14999999999418,0.0,697.6999999999971,34.07000000000262,35.69666666666841,0.0004967824276300131,36.01071428571595,35.19869942196965,128.54999999999563,197.60000000000582,0.9217110573043067,0.07828894269569335,0.0,6,2,0.001022714359667276,61.950000000004366,57.10000000000582,0.0,2024-07-31T15:01:00+05:30,51533.6,30,129.5,64.54999999999563,87.20000000000437,85.70000000000437,True,True,0.673359073359107
BANKNIFTY:2024-08-01,2024-08-01,BANKNIFTY,compression_expansion_up,2024-08-01T09:50:00+05:30,2024-08-01T09:50:00+05:30,UP,{},"{'source_path': '/Users/madhuram/tradebot-structural-edge-discovery-v3/runtime/upstox_candidate_replay.zip!upstox_candidate_replay/20240801/underlying/BANKNIFTY_20240801.parquet', 'source_hash': '4357f109ed631802b3774c34db9c318f71742f8e99de307408af71bf00810707'}",{'completed_bar_only': True},"{'buy_ce_allowed': True, 'buy_pe_allowed': False, 'research_only': True}",c514e0beb1839f2e34fd3b2f0317011d9682d1f1a6b465944f9896919e3efca6,51786.85,2024-08-01 09:49:00+05:30,34,0.003073373523850738,224.70000000000437,0.0,327.40000000000146,24.220000000001164,21.929999999999804,0.00019666055284666537,22.421428571428674,-24.177142857144645,90.30000000000291,134.40000000000146,0.2096317280453497,0.7903682719546503,0.0,0,2,0.00010718155009614705,35.30000000000291,7.400000000001455,0.0,2024-08-01T09:50:00+05:30,51784.35,30,3.599999999998545,138.29999999999563,-33.849999999998545,-35.349999999998545,False,False,-9.402777777781175
BANKNIFTY:2024-08-01,2024-08-01,BANKNIFTY,compression_expansion_up,2024-08-01T11:12:00+05:30,2024-08-01T11:12:00+05:30,UP,{},"{'source_path': '/Users/madhuram/tradebot-structural-edge-discovery-v3/runtime/upstox_candidate_replay.zip!upstox_candidate_replay/20240801/underlying/BANKNIFTY_20240801.parquet', 'source_hash': '4357f109ed631802b3774c34db9c318f71742f8e99de307408af71bf00810707'}",{'completed_bar_only': True},"{'buy_ce_allowed': True, 'buy_pe_allowed': False, 'research_only': True}",e8837b351599d5b85e1df6710ef04cc487a6720c13024d0a56321d79df8e1e8f,51756.4,2024-08-01 11:11:00+05:30,116,0.0022888060626722983,224.70000000000437,0.0,327.40000000000146,21.05999999999913,19.543333333331976,0.00020781415350945828,19.139285714284465,11.248290598290623,120.75,110.34999999999854,0.5885328836426141,0.41146711635738586,0.0,0,2,0.0003372700837571685,29.650000000001455,17.450000000004366,0.0,2024-08-01T11:12:00+05:30,51756.75,30,22.5,52.55000000000291,-50.25,-51.75,False,False,-2.2333333333333334
BANKNIFTY:2024-08-01,2024-08-01,BANKNIFTY,compression_expansion_up,2024-08-01T12:49:00+05:30,2024-08-01T12:49:00+05:30,UP,{},"{'source_path': '/Users/madhuram/tradebot-structural-edge-discovery-v3/runtime/upstox_candidate_replay.zip!upstox_candidate_replay/20240801/underlying/BANKNIFTY_20240801.parquet', 'source_hash': '4357f109ed631802b3774c34db9c318f71742f8e99de307408af71bf00810707'}",{'completed_bar_only': True},"{'buy_ce_allowed': True, 'buy_pe_allowed': False, 'research_only': True}",4caa1bdbaee790c040cf8c3d3fc3667147231ebb3e16a5ba2e2b9c9b5d5f857e,51638.6,2024-08-01 12:48:00+05:30,213,-0.00029348634658900004,224.70000000000437,0.0,327.40000000000146,23.779999999998836,20.803333333333043,0.0002601794236514551,21.39642857142826,-87.13668224299181,238.5500000000029,57.75,0.6663296258847125,0.3336703741152876,0.0,0,2,0.0006578864501551873,49.44999999999709,32.94999999999709,0.0,2024-08-01T12:49:00+05:30,51639.8,30,78.19999999999709,20.60000000000582,63.599999999998545,62.099999999998545,True,True,0.8132992327365846
BANKNIFTY:2024-08-01,2024-08-01,BANKNIFTY,compression_expansion_up,2024-08-01T13:06:00+05:30,2024-08-01T13:06:00+05:30,UP,{},"{'source_path': '/Users/madhuram/tradebot-structural-edge-discovery-v3/runtime/upstox_candidate_replay.zip!upstox_candidate_replay/20240801/underlying/BANKNIFTY_20240801.parquet', 'source_hash': '4357f109ed631802b3774c34db9c318f71742f8e99de307408af71bf00810707'}",{'completed_bar_only': True},"{'buy_ce_allowed': True, 'buy_pe_allowed': False, 'research_only': True}",8ac9ea1a8cdd93ba42c116b62e50176241149459ac72541bd1da4723dd854793,51691.05,2024-08-01 13:05:00+05:30,230,0.0009860366363945187,224.70000000000437,0.0,327.40000000000146,15.609999999999127,13.973333333333722,0.00018482980980587697,13.046428571428676,-29.02229437229107,186.09999999999854,110.20000000000437,0.8835616438358235,0.0,0.11643835616417648,0,2,0.0003657676330479642,21.900000000001455,19.35000000000582,0.0,2024-08-01T13:06:00+05:30,51691.35,30,29.950000000004366,31.25,-3.5499999999956344,-5.049999999995634,False,False,-0.11853088480785032
BANKNIFTY:2024-08-01,2024-08-01,BANKNIFTY,compression_expansion_up,2024-08-01T14:41:00+05:30,2024-08-01T14:41:00+05:30,UP,{},"{'source_path': '/Users/madhuram/tradebot-structural-edge-discovery-v3/runtime/upstox_candidate_replay.zip!upstox_candidate_replay/20240801/underlying/BANKNIFTY_20240801.parquet', 'source_hash': '4357f109ed631802b3774c34db9c318f71742f8e99de307408af71bf00810707'}",{'completed_bar_only': True},"{'buy_ce_allowed': True, 'buy_pe_allowed': False, 'research_only': True}",28f6d5c04d0918addd99782efa1878ada89b355580bbfa5e8e825d488ab6e821,51557.3,2024-08-01 14:40:00+05:30,325,-0.0017570436723182198,224.70000000000437,0.0,327.40000000000146,25.18000000000029,25.316666666666183,0.0002267016214297171,24.649999999999896,-136.09647239263722,319.84999999999854,99.5,0.7064935064936199,0.05844155844155844,0.23506493506482168,9,2,0.0005346426093664203,38.5,27.200000000004366,0.0,2024-08-01T14:41:00+05:30,51550.95,30,44.85000000000582,94.75,-4.44999999999709,-5.94999999999709,False,False,-0.09921962095867362
BANKNIFTY:2024-08-01,2024-08-01,BANKNIFTY,compression_expansion_up,2024-08-01T14:42:00+05:30,2024-08-01T14:42:00+05:30,UP,{},"{'source_path': '/Users/madhuram/tradebot-structural-edge-discovery-v3/runtime/upstox_candidate_replay.zip!upstox_candidate_replay/20240801/underlying/BANKNIFTY_20240801.parquet', 'source_hash': '4357f109ed631802b3774c34db9c318f71742f8e99de307408af71bf00810707'}",{'completed_bar_only': True},"{'buy_ce_allowed': True, 'buy_pe_allowed': False, 'research_only': True}",750ef3b58929bfcc719238303de476899c0b998ccc5f87547677b4473f52bebf,51590.5,2024-08-01 14:41:00+05:30,326,-0.0013531367200819403,224.70000000000437,0.0,327.40000000000146,30.820000000001166,25.916666666666668,0.0002668667909555608,25.703571428571326,-102.58180428134801,286.65000000000146,132.6999999999971,0.9060710194731177,0.009163802978269001,0.08476517754861321,0,2,0.0006439437286280825,43.650000000001455,39.55000000000291,0.0,2024-08-01T14:42:00+05:30,51591.65,30,4.150000000001455,135.45000000000437,-36.05000000000291,-37.55000000000291,False,False,-8.686746987949462
BANKNIFTY:2024-08-01,2024-08-01,BANKNIFTY,compression_expansion_up,2024-08-01T15:21:00+05:30,2024-08-01T15:21:00+05:30,UP,{},"{'source_path': '/Users/madhuram/tradebot-structural-edge-discovery-v3/runtime/upstox_candidate_replay.zip!upstox_candidate_replay/20240801/underlying/BANKNIFTY_20240801.parquet', 'source_hash': '4357f109ed631802b3774c34db9c318f71742f8e99de307408af71bf00810707'}",{'completed_bar_only': True},"{'buy_ce_allowed': True, 'buy_pe_allowed': False, 'research_only': True}",f64ef41f06f7f08e7d0c2f9b1d8bb0ff7bd045f4c3d2e173b9525d8f3b54de2e,51606.25,2024-08-01 15:20:00+05:30,365,-0.0006547748194526801,224.70000000000437,0.0,327.40000000000146,20.69999999999709,22.359999999998642,0.0003033288419554438,21.367857142855687,-71.09808743168833,270.90000000000146,150.0500000000029,0.5780780780781538,0.3438438438438015,0.07807807807804461,11,2,0.0003944876410026943,33.299999999995634,19.25,0.0,2024-08-01T15:21:00+05:30,51608.45,30,30.700000000004366,25.299999999995634,-2.0,-3.5,True,True,-0.06514657980455099
BANKNIFTY:2024-08-01,2024-08-01,BANKNIFTY,compression_expansion_up,2024-08-01T15:27:00+05:30,2024-08-01T15:27:00+05:30,UP,{},"{'source_path': '/Users/madhuram/tradebot-structural-edge-discovery-v3/runtime/upstox_candidate_replay.zip!upstox_candidate_replay/20240801/underlying/BANKNIFTY_20240801.parquet', 'source_hash': '4357f109ed631802b3774c34db9c318f71742f8e99de307408af71bf00810707'}",{'completed_bar_only': True},"{'buy_ce_allowed': True, 'buy_pe_allowed': False, 'research_only': True}",d98f0087c9004d5accf6936cb5b3cc009d982cbd07df4b50284a27e5d3cb4fae,51631.05,2024-08-01 15:26:00+05:30,371,-0.00011138920745125995,224.70000000000437,0.0,327.40000000000146,17.98000000000029,18.54666666666599,0.0001741423677003906,18.59285714285631,-45.360483870965254,246.09999999999854,174.85000000000582,0.544217687074803,0.2755102040815695,0.1802721088436275,17,2,0.00034002731843418843,29.400000000001455,16.0,0.0,2024-08-01T15:27:00+05:30,51637.25,30,0.0,54.099999999998545,-30.80000000000291,-32.30000000000291,False,False,0.0
BANKNIFTY:2024-08-02,2024-08-02,BANKNIFTY,compression_expansion_up,2024-08-02T10:32:00+05:30,2024-08-02T10:32:00+05:30,UP,{},"{'source_path': '/Users/madhuram/tradebot-structural-edge-discovery-v3/runtime/upstox_candidate_replay.zip!upstox_candidate_replay/20240802/underlying/BANKNIFTY_20240802.parquet', 'source_hash': '4357f109ed631802b3774c34db9c318f71742f8e99de307408af71bf00810707'}",{'completed_bar_only': True},"{'buy_ce_allowed': True, 'buy_pe_allowed': False, 'research_only': True}",577395440a74e20772548366a738582584752e68f9ee7a07474497b2e319b377,51329.9,2024-08-02 10:31:00+05:30,76,-0.005909145077795452,259.20000000000437,0.0,420.95000000000437,24.38000000000029,22.993333333332462,0.00024316027730209776,23.442857142856415,66.14675324675773,46.900000000001455,242.0500000000029,0.6297117516629221,0.18625277161863352,0.18403547671844434,0,4,0.0005584659243196288,45.10000000000582,28.400000000001455,0.0,2024-08-02T10:32:00+05:30,51329.6,30,205.3000000000029,0.0,108.20000000000437,106.70000000000437,True,True,0.5270336093521814
BANKNIFTY:2024-08-02,2024-08-02,BANKNIFTY,compression_expansion_up,2024-08-02T10:49:00+05:30,2024-08-02T10:49:00+05:30,UP,{},"{'source_path': '/Users/madhuram/tradebot-structural-edge-discovery-v3/runtime/upstox_candidate_replay.zip!upstox_candidate_replay/20240802/underlying/BANKNIFTY_20240802.parquet', 'source_hash': '4357f109ed631802b3774c34db9c318f71742f8e99de307408af71bf00810707'}",{'completed_bar_only': True},"{'buy_ce_allowed': True, 'buy_pe_allowed': False, 'research_only': True}",65a38913c8272b8b49a668c7015bac07e1a6a2125231d0b7db251b5ed216d3c8,51524.8,2024-08-02 10:48:00+05:30,93,-0.0033891112448152156,259.20000000000437,0.0,420.95000000000437,35.689999999997966,29.119999999999223,0.0005244948042053104,27.639285714284988,231.81276595745294,10.099999999998545,436.95000000000437,0.8966346153846154,0.09711538461537063,0.006250000000013993,0,5,0.0018315944204423396,104.0,93.25,0.0,2024-08-02T10:49:00+05:30,51524.65,30,5.150000000001455,109.15000000000146,-58.80000000000291,-60.30000000000291,False,False,-11.417475728152679
BANKNIFTY:2024-08-02,2024-08-02,BANKNIFTY,compression_expansion_up,2024-08-02T11:49:00+05:30,2024-08-02T11:49:00+05:30,UP,{},"{'source_path': '/Users/madhuram/tradebot-structural-edge-discovery-v3/runtime/upstox_candidate_replay.zip!upstox_candidate_replay/20240802/underlying/BANKNIFTY_20240802.parquet', 'source_hash': '4357f109ed631802b3774c34db9c318f71742f8e99de307408af71bf00810707'}",{'completed_bar_only': True},"{'buy_ce_allowed': True, 'buy_pe_allowed': False, 'research_only': True}",52d09c5a016ad024c7f92fb8dfe7b5b72522e9911ce57adc9893a508d32d8b78,51542.4,2024-08-02 11:48:00+05:30,153,-0.0014610576778676732,259.20000000000437,0.0,420.95000000000437,22.95,22.629999999999807,0.00019267390687295157,21.514285714285506,179.30746753246785,25.94999999999709,454.5500000000029,0.2744860943167822,0.627569528415913,0.09794437726730479,0,6,0.0002513125989118681,41.349999999998545,11.349999999998545,0.0,2024-08-02T11:49:00+05:30,51540.95,30,2.8500000000058208,96.54999999999563,-94.54999999999563,-96.04999999999563,False,False,-33.17543859642194
BANKNIFTY:2024-08-02,2024-08-02,BANKNIFTY,compression_expansion_up,2024-08-02T12:59:00+05:30,2024-08-02T12:59:00+05:30,UP,{},"{'source_path': '/Users/madhuram/tradebot-structural-edge-discovery-v3/runtime/upstox_candidate_replay.zip!upstox_candidate_replay/20240802/underlying/BANKNIFTY_20240802.parquet', 'source_hash': '4357f109ed631802b3774c34db9c318f71742f8e99de307408af71bf00810707'}",{'completed_bar_only': True},"{'buy_ce_allowed': True, 'buy_pe_allowed': False, 'research_only': True}",15fc162ae33b2ea76b59c205abd566f93d28ace68aff12bad546296a31e10b65,51446.15,2024-08-02 12:58:00+05:30,223,-0.0035877298283449877,259.20000000000437,0.0,420.95000000000437,23.31000000000058,24.113333333333625,0.0003210330145952929,24.72857142857174,55.40892857142899,122.19999999999709,358.3000000000029,0.6698113207545726,0.25336927223719624,0.07681940700823109,4,6,0.0004890997841349165,37.10000000000582,24.849999999998545,0.0,2024-08-02T12:59:00+05:30,51447.9,30,66.54999999999563,23.25,59.19999999999709,57.69999999999709,True,True,0.8895567242674827
BANKNIFTY:2024-08-02,2024-08-02,BANKNIFTY,compression_expansion_up,2024-08-02T13:17:00+05:30,2024-08-02T13:17:00+05:30,UP,{},"{'source_path': '/Users/madhuram/tradebot-structural-edge-discovery-v3/runtime/upstox_candidate_replay.zip!upstox_candidate_replay/20240802/underlying/BANKNIFTY_20240802.parquet', 'source_hash': '4357f109ed631802b3774c34db9c318f71742f8e99de307408af71bf00810707'}",{'completed_bar_only': True},"{'buy_ce_allowed': True, 'buy_pe_allowed': False, 'research_only': True}",b7ccbabbd6d84e14d4f31bea30363e9cdf0449d8a31140792486f02303f60609,51467.7,2024-08-02 13:16:00+05:30,241,-0.0031653020116671183,259.20000000000437,0.0,420.95000000000437,19.359999999999125,17.643333333332944,0.00024188590091101179,17.517857142856624,72.77045454545441,100.65000000000146,379.84999999999854,0.8994515539305248,0.029250457038499194,0.07129798903097599,0,6,0.0004888948934296256,27.349999999998545,24.599999999998545,0.0,2024-08-02T13:17:00+05:30,51468.65,30,140.04999999999563,35.80000000000291,67.44999999999709,65.94999999999709,True,True,0.481613709389498
BANKNIFTY:2024-08-02,2024-08-02,BANKNIFTY,compression_expansion_up,2024-08-02T13:31:00+05:30,2024-08-02T13:31:00+05:30,UP,{},"{'source_path': '/Users/madhuram/tradebot-structural-edge-discovery-v3/runtime/upstox_candidate_replay.zip!upstox_candidate_replay/20240802/underlying/BANKNIFTY_20240802.parquet', 'source_hash': '4357f109ed631802b3774c34db9c318f71742f8e99de307408af71bf00810707'}",{'completed_bar_only': True},"{'buy_ce_allowed': True, 'buy_pe_allowed': False, 'research_only': True}",474547d70f5f3994b33cbcee34ec3ebc94d669cf0702650dd522a65eb62ccf5e,51529.3,2024-08-02 13:30:00+05:30,255,-0.0019280535669475426,259.20000000000437,0.0,420.95000000000437,22.2,20.256666666667538,0.00027477327677821224,19.75000000000104,130.01992187500582,39.049999999995634,441.45000000000437,0.5812743823147798,0.2756827048113743,0.1430429128738459,0,6,0.00043100854057032123,38.450000000004366,22.35000000000582,0.0,2024-08-02T13:31:00+05:30,51528.1,30,80.59999999999854,28.549999999995634,31.599999999998545,30.099999999998545,True,True,0.392059553349865
BANKNIFTY:2024-08-02,2024-08-02,BANKNIFTY,compression_expansion_up,2024-08-02T14:01:00+05:30,2024-08-02T14:01:00+05:30,UP,{},"{'source_path': '/Users/madhuram/tradebot-structural-edge-discovery-v3/runtime/upstox_candidate_replay.zip!upstox_candidate_replay/20240802/underlying/BANKNIFTY_20240802.parquet', 'source_hash': '4357f109ed631802b3774c34db9c318f71742f8e99de307408af71bf00810707'}",{'completed_bar_only': True},"{'buy_ce_allowed': True, 'buy_pe_allowed': False, 'research_only': True}",c5a41849abc727eb0b66f68f1d0e6bc372cfe8e85841455d843ecfe525eeaa9b,51572.7,2024-08-02 14:00:00+05:30,285,-0.0012207776353537203,259.20000000000437,0.0,420.95000000000437,20.400000000001455,19.523333333333238,0.00025802850658899253,19.660714285714285,157.6994755244741,36.0,484.84999999999854,0.8757485029939738,0.019461077844354097,0.10479041916167207,0,6,0.0005936894305820228,33.400000000001455,29.25,0.0,2024-08-02T14:01:00+05:30,51570.5,30,15.55000000000291,131.9499999999971,-56.25,-57.75,False,False,-3.6173633440507698
BANKNIFTY:2024-08-05,2024-08-05,BANKNIFTY,compression_expansion_up,2024-08-05T09:33:00+05:30,2024-08-05T09:33:00+05:30,UP,{},"{'source_path': '/Users/madhuram/tradebot-structural-edge-discovery-v3/runtime/upstox_candidate_replay.zip!upstox_candidate_replay/20240805/underlying/BANKNIFTY_20240805.parquet', 'source_hash': '4357f109ed631802b3774c34db9c318f71742f8e99de307408af71bf00810707'}",{'completed_bar_only': True},"{'buy_ce_allowed': True, 'buy_pe_allowed': False, 'research_only': True}",e2360b6b9a4f78a443c8f391b4badfcee41bd3313c41e2aaf08d0179010f9719,50445.25,2024-08-05 09:32:00+05:30,17,-0.018210770826536056,386.45000000000437,0.0,520.8499999999985,63.02000000000116,60.75666666666657,0.0006855335140332772,58.839285714285715,-41.7277777777781,302.3000000000029,98.55000000000291,0.3795881826320483,0.5698299015219245,0.05058191584602716,0,0,0.0008690226174048465,111.70000000000437,42.400000000001455,0.0,2024-08-05T09:33:00+05:30,50447.45,30,66.85000000000582,69.29999999999563,-21.5,-23.0,False,False,-0.32161555721762347
BANKNIFTY:2024-08-05,2024-08-05,BANKNIFTY,compression_expansion_up,2024-08-05T09:52:00+05:30,2024-08-05T09:52:00+05:30,UP,{},"{'source_path': '/Users/madhuram/tradebot-structural-edge-discovery-v3/runtime/upstox_candidate_replay.zip!upstox_candidate_replay/20240805/underlying/BANKNIFTY_20240805.parquet', 'source_hash': '4357f109ed631802b3774c34db9c318f71742f8e99de307408af71bf00810707'}",{'completed_bar_only': True},"{'buy_ce_allowed': True, 'buy_pe_allowed': False, 'research_only': True}",3aeb564f0f8cc23bb50dbe7ef0a19c44120113d9490f9cfc9ddfedc56d2c080f,50474.5,2024-08-05 09:51:00+05:30,36,-0.01829160802723148,386.45000000000437,0.0,520.8499999999985,44.179999999998834,41.06333333333266,0.0005792362557928277,41.23928571428509,12.059459459458594,273.0500000000029,127.80000000000291,0.9034564958283862,0.07568533969008862,0.020858164481525263,0,0,0.0015139429582802233,83.90000000000146,75.80000000000291,0.0,2024-08-05T09:52:00+05:30,50469.0,30,38.44999999999709,116.44999999999709,-37.75,-39.25,False,False,-0.9817945383615828
BANKNIFTY:2024-08-05,2024-08-05,BANKNIFTY,compression_expansion_up,2024-08-05T10:23:00+05:30,2024-08-05T10:23:00+05:30,UP,{},"{'source_path': '/Users/madhuram/tradebot-structural-edge-discovery-v3/runtime/upstox_candidate_replay.zip!upstox_candidate_replay/20240805/underlying/BANKNIFTY_20240805.parquet', 'source_hash': '4357f109ed631802b3774c34db9c318f71742f8e99de307408af71bf00810707'}",{'completed_bar_only': True},"{'buy_ce_allowed': True, 'buy_pe_allowed': False, 'research_only': True}",4db0b0976dbf56dc5a43239677e87b981335d0aab22d491924888045b249c5dc,50431.25,2024-08-05 10:22:00+05:30,67,-0.018349070615677546,386.45000000000437,0.0,520.8499999999985,28.58000000000029,29.696666666666957,0.00043450073322456363,30.14642857142878,-12.674999999995634,316.3000000000029,84.55000000000291,0.76180257510732,0.22317596566527426,0.015021459227405826,12,0,0.0007441398983007996,46.599999999998545,35.5,0.0,2024-08-05T10:23:00+05:30,50430.2,30,0.75,393.09999999999854,-361.84999999999854,-363.34999999999854,False,False,-482.4666666666647
BANKNIFTY:2024-08-05,2024-08-05,BANKNIFTY,compression_expansion_up,2024-08-05T12:07:00+05:30,2024-08-05T12:07:00+05:30,UP,{},"{'source_path': '/Users/madhuram/tradebot-structural-edge-discovery-v3/runtime/upstox_candidate_replay.zip!upstox_candidate_replay/20240805/underlying/BANKNIFTY_20240805.parquet', 'source_hash': '4357f109ed631802b3774c34db9c318f71742f8e99de307408af71bf00810707'}",{'completed_bar_only': True},"{'buy_ce_allowed': True, 'buy_pe_allowed': False, 'research_only': True}",33b5e2149c8fc7c3468e5ecf3896acaecdc81a58951dc6af45e3174c2e9ebe18,49929.55,2024-08-05 12:06:00+05:30,171,-0.028021290375990434,386.45000000000437,0.0,520.8499999999985,29.829999999998837,29.979999999999805,0.0003070108894526474,30.51071428571387,-266.95116279069043,818.0,210.45000000000437,0.7200474495850536,0.16370106761554287,0.11625148279940346,15,0,0.0005811559191231108,42.14999999999418,30.35000000000582,0.0,2024-08-05T12:07:00+05:30,49927.65,30,119.90000000000146,76.95000000000437,-68.75,-70.25,True,True,-0.573394495412837
BANKNIFTY:2024-08-05,2024-08-05,BANKNIFTY,compression_expansion_up,2024-08-05T12:14:00+05:30,2024-08-05T12:14:00+05:30,UP,{},"{'source_path': '/Users/madhuram/tradebot-structural-edge-discovery-v3/runtime/upstox_candidate_replay.zip!upstox_candidate_replay/20240805/underlying/BANKNIFTY_20240805.parquet', 'source_hash': '4357f109ed631802b3774c34db9c318f71742f8e99de307408af71bf00810707'}",{'completed_bar_only': True},"{'buy_ce_allowed': True, 'buy_pe_allowed': False, 'research_only': True}",b606b126c0fee341653a82be1a1dc579af42eec8cd86bc2d44796ae34cf2ff6f,49981.35,2024-08-05 12:13:00+05:30,178,-0.027259667593534914,386.45000000000437,0.0,520.8499999999985,28.399999999998546,29.319999999999222,0.0003939855949440332,29.192857142856415,-205.54357541898935,766.2000000000044,262.25,0.8723404255318522,0.12765957446814785,0.0,22,0,0.0008630658863695295,49.349999999998545,43.049999999995634,0.0,2024-08-05T12:14:00+05:30,49976.75,30,70.80000000000291,126.05000000000291,-120.34999999999854,-121.84999999999854,False,False,-1.6998587570620565
BANKNIFTY:2024-08-05,2024-08-05,BANKNIFTY,compression_expansion_up,2024-08-05T13:15:00+05:30,2024-08-05T13:15:00+05:30,UP,{},"{'source_path': '/Users/madhuram/tradebot-structural-edge-discovery-v3/runtime/upstox_candidate_replay.zip!upstox_candidate_replay/20240805/underlying/BANKNIFTY_20240805.parquet', 'source_hash': '4357f109ed631802b3774c34db9c318f71742f8e99de307408af71bf00810707'}",{'completed_bar_only': True},"{'buy_ce_allowed': True, 'buy_pe_allowed': False, 'research_only': True}",557f76acf94de87190153f33c8a9e499b7415478cebecb944229e9e8c5710bb2,50012.4,2024-08-05 13:14:00+05:30,239,-0.027170064913246073,386.45000000000437,0.0,520.8499999999985,36.35,32.82333333333324,0.0005302952322637001,33.3999999999999,-104.01312499999767,735.1500000000015,293.3000000000029,0.896774193548387,0.1032258064516129,0.0,0,0,0.0014296870306962361,77.5,69.5,0.0,2024-08-05T13:15:00+05:30,50015.65,30,148.29999999999563,73.45000000000437,33.049999999995634,31.549999999995634,True,True,0.22285906945378697
BANKNIFTY:2024-08-05,2024-08-05,BANKNIFTY,compression_expansion_up,2024-08-05T14:32:00+05:30,2024-08-05T14:32:00+05:30,UP,{},"{'source_path': '/Users/madhuram/tradebot-structural-edge-discovery-v3/runtime/upstox_candidate_replay.zip!upstox_candidate_replay/20240805/underlying/BANKNIFTY_20240805.parquet', 'source_hash': '4357f109ed631802b3774c34db9c318f71742f8e99de307408af71bf00810707'}",{'completed_bar_only': True},"{'buy_ce_allowed': True, 'buy_pe_allowed': False, 'research_only': True}",5ab309f93936671f0c48729c3e2471ffd9638dc1f68d642402042de3138425a1,50097.45,2024-08-05 14:31:00+05:30,316,-0.025155952491100548,386.45000000000437,0.0,520.8499999999985,43.61999999999826,42.733333333333334,0.000635868585812941,42.142857142857146,-7.015457413253898,650.1000000000058,378.34999999999854,0.7328080229225985,0.26719197707740144,0.0,0,0,0.0010740612704496222,69.79999999999563,51.14999999999418,0.0,2024-08-05T14:32:00+05:30,50100.1,30,121.15000000000146,39.349999999998545,26.900000000001455,25.400000000001455,True,True,0.22203879488238656
BANKNIFTY:2024-08-05,2024-08-05,BANKNIFTY,compression_expansion_up,2024-08-05T14:44:00+05:30,2024-08-05T14:44:00+05:30,UP,{},"{'source_path': '/Users/madhuram/tradebot-structural-edge-discovery-v3/runtime/upstox_candidate_replay.zip!upstox_candidate_replay/20240805/underlying/BANKNIFTY_20240805.parquet', 'source_hash': '4357f109ed631802b3774c34db9c318f71742f8e99de307408af71bf00810707'}",{'completed_bar_only': True},"{'buy_ce_allowed': True, 'buy_pe_allowed': False, 'research_only': True}",83ced363aeb059fd9d4fbb027494bc04f8cf61514bdbcc9315df0340c1e3bb1a,50182.9,2024-08-05 14:43:00+05:30,328,-0.023584983759514254,386.45000000000437,0.0,520.8499999999985,33.810000000000585,36.80000000000049,0.0005195722788935372,35.13214285714327,78.24376899695926,564.6500000000015,463.8000000000029,0.8150036416606435,0.18499635833935646,0.0,10,0,0.0010782214233919785,68.65000000000146,55.950000000004366,0.0,2024-08-05T14:44:00+05:30,50185.65,30,35.599999999998545,117.70000000000437,-104.65000000000146,-106.15000000000146,False,False,-2.939606741573195
BANKNIFTY:2024-08-06,2024-08-06,BANKNIFTY,compression_expansion_up,2024-08-06T09:46:00+05:30,2024-08-06T09:46:00+05:30,UP,{},"{'source_path': '/Users/madhuram/tradebot-structural-edge-discovery-v3/runtime/upstox_candidate_replay.zip!upstox_candidate_replay/20240806/underlying/BANKNIFTY_20240806.parquet', 'source_hash': '4357f109ed631802b3774c34db9c318f71742f8e99de307408af71bf00810707'}",{'completed_bar_only': True},"{'buy_ce_allowed': True, 'buy_pe_allowed': False, 'research_only': True}",90e2161826d4b96274ee27b57fc77c0f1143587555cdb6f6508a9bbe26b910f6,50445.25,2024-08-06 09:45:00+05:30,30,0.006801382451654089,292.8500000000058,0.0,1028.4500000000044,39.07000000000407,41.26333333333459,0.000499551708254775,40.56785714285849,-52.52580645161652,243.5500000000029,67.09999999999854,0.691218130311599,0.2485835694051199,0.06019830028328116,16,1,0.000931579041356434,70.60000000000582,48.80000000000291,0.0,2024-08-06T09:46:00+05:30,50445.0,30,39.0,207.0500000000029,-164.8000000000029,-166.3000000000029,False,False,-4.2256410256411
BANKNIFTY:2024-08-06,2024-08-06,BANKNIFTY,compression_expansion_up,2024-08-06T11:16:00+05:30,2024-08-06T11:16:00+05:30,UP,{},"{'source_path': '/Users/madhuram/tradebot-structural-edge-discovery-v3/runtime/upstox_candidate_replay.zip!upstox_candidate_replay/20240806/underlying/BANKNIFTY_20240806.parquet', 'source_hash': '4357f109ed631802b3774c34db9c318f71742f8e99de307408af71bf00810707'}",{'completed_bar_only': True},"{'buy_ce_allowed': True, 'buy_pe_allowed': False, 'research_only': True}",cab3f1fca1fc3bc40f565af851a6fe280f065140398bb36336f49e4ff63a187e,50226.35,2024-08-06 11:15:00+05:30,120,0.0018459325555378267,292.8500000000058,0.0,1028.4500000000044,34.96000000000204,29.646666666665986,0.0005546968727120242,28.017857142856624,-49.883057851242484,462.45000000000437,318.75,0.9993589743589371,0.0006410256410629536,0.0,0,1,0.0015713629080582603,78.0,77.94999999999709,0.0,2024-08-06T11:16:00+05:30,50226.15,30,29.099999999998545,146.5500000000029,-58.55000000000291,-60.05000000000291,False,False,-2.0120274914091354
BANKNIFTY:2024-08-06,2024-08-06,BANKNIFTY,compression_expansion_up,2024-08-06T14:39:00+05:30,2024-08-06T14:39:00+05:30,UP,{},"{'source_path': '/Users/madhuram/tradebot-structural-edge-discovery-v3/runtime/upstox_candidate_replay.zip!upstox_candidate_replay/20240806/underlying/BANKNIFTY_20240806.parquet', 'source_hash': '4357f109ed631802b3774c34db9c318f71742f8e99de307408af71bf00810707'}",{'completed_bar_only': True},"{'buy_ce_allowed': True, 'buy_pe_allowed': False, 'research_only': True}",34b42fe8cbef1aeb1eef0b026bd9f528ab75e7eadebeb1372cb4e270d1356f35,49811.75,2024-08-06 14:38:00+05:30,323,-0.0054908502477225216,292.8500000000058,0.0,1028.4500000000044,35.05999999999913,35.61333333333314,0.0004999430829541297,35.59285714285683,-322.8646604938258,877.0500000000029,152.6999999999971,0.4935483870967507,0.44032258064520824,0.06612903225804105,10,1,0.000588560828163498,62.0,30.599999999998545,0.0,2024-08-06T14:39:00+05:30,49808.25,30,42.69999999999709,102.0,-21.05000000000291,-22.55000000000291,False,False,-0.49297423887597996
BANKNIFTY:2024-08-06,2024-08-06,BANKNIFTY,compression_expansion_up,2024-08-06T14:56:00+05:30,2024-08-06T14:56:00+05:30,UP,{},"{'source_path': '/Users/madhuram/tradebot-structural-edge-discovery-v3/runtime/upstox_candidate_replay.zip!upstox_candidate_replay/20240806/underlying/BANKNIFTY_20240806.parquet', 'source_hash': '4357f109ed631802b3774c34db9c318f71742f8e99de307408af71bf00810707'}",{'completed_bar_only': True},"{'buy_ce_allowed': True, 'buy_pe_allowed': False, 'research_only': True}",ce2dd4164063aa18bc5b75ffc960ebdb17d0ec3ba001e2d835b35d66fe200a12,49845.55,2024-08-06 14:55:00+05:30,340,-0.005269098609557296,292.8500000000058,0.0,1028.4500000000044,34.03999999999942,36.42333333333372,0.0005950880008953259,37.50714285714327,-270.40821114369464,843.25,186.5,0.8817204301076175,0.0893300248138038,0.02894954507857873,6,1,0.0011388091912145626,60.44999999999709,53.30000000000291,0.0,2024-08-06T14:56:00+05:30,49844.4,30,0.9499999999970896,142.70000000000437,-75.90000000000146,-77.40000000000146,False,False,-79.89473684235156
BANKNIFTY:2024-08-07,2024-08-07,BANKNIFTY,compression_expansion_up,2024-08-07T10:27:00+05:30,2024-08-07T10:27:00+05:30,UP,{},"{'source_path': '/Users/madhuram/tradebot-structural-edge-discovery-v3/runtime/upstox_candidate_replay.zip!upstox_candidate_replay/20240807/underlying/BANKNIFTY_20240807.parquet', 'source_hash': '4357f109ed631802b3774c34db9c318f71742f8e99de307408af71bf00810707'}",{'completed_bar_only': True},"{'buy_ce_allowed': True, 'buy_pe_allowed': False, 'research_only': True}",15b699c6857a6aebb83bd775f7223996a09cae73f2719be2bc73f4b7177e3acb,49896.7,2024-08-07 10:26:00+05:30,71,0.0010206910962785546,195.54999999999563,0.0,1029.75,46.22999999999738,42.52333333333275,0.0006692474884403323,43.72142857142795,-113.55069444444234,395.75,114.5,1.0,0.0,0.0,0,1,0.0015124038188447653,75.69999999999709,75.69999999999709,0.0,2024-08-07T10:27:00+05:30,49897.85,30,261.34999999999854,53.900000000001455,144.45000000000437,142.95000000000437,True,True,0.5527070977616422
BANKNIFTY:2024-08-07,2024-08-07,BANKNIFTY,compression_expansion_up,2024-08-07T10:52:00+05:30,2024-08-07T10:52:00+05:30,UP,{},"{'source_path': '/Users/madhuram/tradebot-structural-edge-discovery-v3/runtime/upstox_candidate_replay.zip!upstox_candidate_replay/20240807/underlying/BANKNIFTY_20240807.parquet', 'source_hash': '4357f109ed631802b3774c34db9c318f71742f8e99de307408af71bf00810707'}",{'completed_bar_only': True},"{'buy_ce_allowed': True, 'buy_pe_allowed': False, 'research_only': True}",c31b3060f30066be6bc8d1f9a3918c25848704f99ca6c892a77a26c3de2e6392,50051.35,2024-08-07 10:51:00+05:30,96,0.004531828282787751,195.54999999999563,0.0,1029.75,32.04000000000087,42.773333333333234,0.000590372166676251,41.25714285714275,41.92577319587144,241.09999999999854,269.15000000000146,0.9004048582995716,0.09959514170042842,0.0,11,1,0.0009819558119883443,61.75,55.599999999998545,0.0,2024-08-07T10:52:00+05:30,50043.5,30,18.650000000001455,210.0,-138.0500000000029,-139.5500000000029,False,False,-7.402144772117541
BANKNIFTY:2024-08-07,2024-08-07,BANKNIFTY,compression_expansion_up,2024-08-07T11:29:00+05:30,2024-08-07T11:29:00+05:30,UP,{},"{'source_path': '/Users/madhuram/tradebot-structural-edge-discovery-v3/runtime/upstox_candidate_replay.zip!upstox_candidate_replay/20240807/underlying/BANKNIFTY_20240807.parquet', 'source_hash': '4357f109ed631802b3774c34db9c318f71742f8e99de307408af71bf00810707'}",{'completed_bar_only': True},"{'buy_ce_allowed': True, 'buy_pe_allowed': False, 'research_only': True}",d9e5736590d9b22514428d7cdd1968aa18ca155a34e95036a9c185ccd2186cfd,49925.55,2024-08-07 11:28:00+05:30,133,0.002660226400536897,195.54999999999563,0.0,1029.75,28.76000000000058,31.976666666667732,0.00034212262995115693,30.528571428572572,-63.60335820895125,366.8999999999942,143.35000000000582,0.4962162162163106,0.13837837837825254,0.36540540540543687,18,1,0.00033160351840355595,46.25,22.950000000004366,0.0,2024-08-07T11:29:00+05:30,49913.0,30,64.05000000000291,54.75,1.3499999999985448,-0.1500000000014552,True,True,0.021077283372341663
BANKNIFTY:2024-08-07,2024-08-07,BANKNIFTY,compression_expansion_up,2024-08-07T11:37:00+05:30,2024-08-07T11:37:00+05:30,UP,{},"{'source_path': '/Users/madhuram/tradebot-structural-edge-discovery-v3/runtime/upstox_candidate_replay.zip!upstox_candidate_replay/20240807/underlying/BANKNIFTY_20240807.parquet', 'source_hash': '4357f109ed631802b3774c34db9c318f71742f8e99de307408af71bf00810707'}",{'completed_bar_only': True},"{'buy_ce_allowed': True, 'buy_pe_allowed': False, 'research_only': True}",6fd23471309903f0c5c7f183664f79b33e08b477861a9f135619ff3533ee57cc,49962.2,2024-08-07 11:36:00+05:30,141,0.0030399717099791226,195.54999999999563,0.0,1029.75,31.06000000000058,29.746666666667444,0.0003896755098469408,29.93571428571522,-22.71161971831316,330.25,180.0,0.7300448430492752,0.2663677130045887,0.0035874439461361365,0,1,0.0008263063904032641,55.75,40.69999999999709,0.0,2024-08-07T11:37:00+05:30,49962.15,30,6.75,103.90000000000146,-16.30000000000291,-17.80000000000291,False,False,-2.414814814815246
BANKNIFTY:2024-08-07,2024-08-07,BANKNIFTY,compression_expansion_up,2024-08-07T12:08:00+05:30,2024-08-07T12:08:00+05:30,UP,{},"{'source_path': '/Users/madhuram/tradebot-structural-edge-discovery-v3/runtime/upstox_candidate_replay.zip!upstox_candidate_replay/20240807/underlying/BANKNIFTY_20240807.parquet', 'source_hash': '4357f109ed631802b3774c34db9c318f71742f8e99de307408af71bf00810707'}",{'completed_bar_only': True},"{'buy_ce_allowed': True, 'buy_pe_allowed': False, 'research_only': True}",7e491d10e1e95d08e0978db7417ea9e7af30497880850844a515cf7bd4fd4e7c,49945.85,2024-08-07 12:07:00+05:30,172,0.0033433661106445516,195.54999999999563,0.0,1029.75,21.270000000001165,21.520000000001648,0.00021169673369786805,21.37500000000156,-27.95462427745224,346.59999999999854,163.65000000000146,0.27366863905323086,0.6819526627219209,0.04437869822484825,15,1,0.0002343085844056514,33.80000000000291,9.25,0.0,2024-08-07T12:08:00+05:30,49947.7,30,150.95000000000437,71.19999999999709,46.400000000001455,44.900000000001455,True,True,0.30738655183835784
BANKNIFTY:2024-08-07,2024-08-07,BANKNIFTY,compression_expansion_up,2024-08-07T12:22:00+05:30,2024-08-07T12:22:00+05:30,UP,{},"{'source_path': '/Users/madhuram/tradebot-structural-edge-discovery-v3/runtime/upstox_candidate_replay.zip!upstox_candidate_replay/20240807/underlying/BANKNIFTY_20240807.parquet', 'source_hash': '4357f109ed631802b3774c34db9c318f71742f8e99de307408af71bf00810707'}",{'completed_bar_only': True},"{'buy_ce_allowed': True, 'buy_pe_allowed': False, 'research_only': True}",dc5fec09b1eb345d55084da822bb47c1f49e0b78e5a3867de4bc1868a937c1fb,49997.4,2024-08-07 12:21:00+05:30,186,0.00398431189748088,195.54999999999563,0.0,1029.75,25.61999999999971,28.616666666667637,0.0003851207082347537,28.2464285714294,27.01577540107246,295.04999999999563,215.20000000000437,0.5820745216515731,0.4058408862034414,0.012084592144985442,4,1,0.0005313097535863953,49.650000000001455,28.900000000001455,0.0,2024-08-07T12:22:00+05:30,49998.25,30,100.40000000000146,36.44999999999709,-32.400000000001455,-33.900000000001455,True,True,-0.32270916334662336
BANKNIFTY:2024-08-07,2024-08-07,BANKNIFTY,compression_expansion_up,2024-08-07T14:18:00+05:30,2024-08-07T14:18:00+05:30,UP,{},"{'source_path': '/Users/madhuram/tradebot-structural-edge-discovery-v3/runtime/upstox_candidate_replay.zip!upstox_candidate_replay/20240807/underlying/BANKNIFTY_20240807.parquet', 'source_hash': '4357f109ed631802b3774c34db9c318f71742f8e99de307408af71bf00810707'}",{'completed_bar_only': True},"{'buy_ce_allowed': True, 'buy_pe_allowed': False, 'research_only': True}",3a7abb0756304ea85614cf9bc9f944ca646c54a7c0b8a0a3009122cffd4ee641,50037.4,2024-08-07 14:17:00+05:30,302,0.004558952947747878,195.54999999999563,0.0,1029.75,35.77000000000116,32.5100000000001,0.000407216865316468,32.25714285714327,76.56650165016617,255.04999999999563,255.20000000000437,0.7712918660287639,0.10717703349279512,0.12153110047844105,0,1,0.0009772237842464726,52.25,40.30000000000291,0.0,2024-08-07T14:18:00+05:30,50040.1,30,118.45000000000437,59.150000000001455,-31.349999999998545,-32.849999999998545,True,True,-0.2646686365554866
BANKNIFTY:2024-08-07,2024-08-07,BANKNIFTY,compression_expansion_up,2024-08-07T15:27:00+05:30,2024-08-07T15:27:00+05:30,UP,{},"{'source_path': '/Users/madhuram/tradebot-structural-edge-discovery-v3/runtime/upstox_candidate_replay.zip!upstox_candidate_replay/20240807/underlying/BANKNIFTY_20240807.parquet', 'source_hash': '4357f109ed631802b3774c34db9c318f71742f8e99de307408af71bf00810707'}",{'completed_bar_only': True},"{'buy_ce_allowed': True, 'buy_pe_allowed': False, 'research_only': True}",1caf37ffca08b4cbe23ff87a065fac6c7074e11ec93a314f1c6256ee5b4fb849,50193.6,2024-08-07 15:26:00+05:30,371,0.007936476043897755,195.54999999999563,0.0,1029.75,23.199999999998546,26.323333333333235,0.0004000441765073494,25.167857142857038,211.2657258064428,98.84999999999854,411.40000000000146,0.5737373737374032,0.31212121212130034,0.11414141414129655,7,1,0.0005352150577822012,49.5,28.400000000001455,0.0,2024-08-07T15:27:00+05:30,50193.8,30,60.69999999999709,3.1000000000058208,32.64999999999418,31.14999999999418,True,True,0.5378912685337025
BANKNIFTY:2024-08-08,2024-08-08,BANKNIFTY,compression_expansion_up,2024-08-08T09:32:00+05:30,2024-08-08T09:32:00+05:30,UP,{},"{'source_path': '/Users/madhuram/tradebot-structural-edge-discovery-v3/runtime/upstox_candidate_replay.zip!upstox_candidate_replay/20240808/underlying/BANKNIFTY_20240808.parquet', 'source_hash': '4357f109ed631802b3774c34db9c318f71742f8e99de307408af71bf00810707'}",{'completed_bar_only': True},"{'buy_ce_allowed': True, 'buy_pe_allowed': False, 'research_only': True}",59315f48e04829dc895328a7c6a957552141b0c75d45a353a41805af898a50d5,50149.9,2024-08-08 09:31:00+05:30,16,-0.0028938935560844643,228.95000000000437,0.0,510.25,39.12999999999738,39.14333333333295,0.0005379119796848162,38.63571428571387,40.582352941179124,35.650000000001455,193.3000000000029,0.7889908256881331,0.043577981651327535,0.16743119266053935,12,1,0.0012318270570714773,87.19999999999709,68.80000000000291,0.0,2024-08-08T09:32:00+05:30,50143.95,30,38.200000000004366,130.25,-78.19999999999709,-79.69999999999709,False,False,-2.0471204188478573
BANKNIFTY:2024-08-08,2024-08-08,BANKNIFTY,compression_expansion_up,2024-08-08T10:28:00+05:30,2024-08-08T10:28:00+05:30,UP,{},"{'source_path': '/Users/madhuram/tradebot-structural-edge-discovery-v3/runtime/upstox_candidate_replay.zip!upstox_candidate_replay/20240808/underlying/BANKNIFTY_20240808.parquet', 'source_hash': '4357f109ed631802b3774c34db9c318f71742f8e99de307408af71bf00810707'}",{'completed_bar_only': True},"{'buy_ce_allowed': True, 'buy_pe_allowed': False, 'research_only': True}",964de3ce80d85184bba5eb2befc6d7951f27622279994828332a768e9fbc7493,50063.8,2024-08-08 10:27:00+05:30,72,-0.00528307296255257,228.95000000000437,0.0,510.25,45.91000000000058,44.316666666667636,0.000650211625059496,44.221428571429506,11.962328767127474,121.75,234.20000000000437,0.9716177861873238,0.0,0.028382213812676218,0,1,0.002055599256221452,105.70000000000437,102.70000000000437,0.0,2024-08-08T10:28:00+05:30,50060.45,30,73.95000000000437,121.89999999999418,-53.849999999998545,-55.349999999998545,False,False,-0.7281947261662659
BANKNIFTY:2024-08-08,2024-08-08,BANKNIFTY,compression_expansion_up,2024-08-08T10:50:00+05:30,2024-08-08T10:50:00+05:30,UP,{},"{'source_path': '/Users/madhuram/tradebot-structural-edge-discovery-v3/runtime/upstox_candidate_replay.zip!upstox_candidate_replay/20240808/underlying/BANKNIFTY_20240808.parquet', 'source_hash': '4357f109ed631802b3774c34db9c318f71742f8e99de307408af71bf00810707'}",{'completed_bar_only': True},"{'buy_ce_allowed': True, 'buy_pe_allowed': False, 'research_only': True}",bd276c74a7130af1bf10cb9f3417dd6cf20ddda12b93c95e1224ee7dbb6b98ab,50077.4,2024-08-08 10:49:00+05:30,94,-0.00316864918782821,228.95000000000437,0.0,510.25,30.119999999998253,34.156666666666084,0.00042818322485258144,34.3535714285707,23.36789473684621,108.15000000000146,247.8000000000029,0.18634686346861784,0.040590405904007525,0.7730627306273746,12,1,0.0002366896998036161,54.19999999999709,10.099999999998545,0.0,2024-08-08T10:50:00+05:30,50076.5,30,217.8000000000029,99.59999999999854,182.65000000000146,181.15000000000146,True,True,0.8386134067952205
BANKNIFTY:2024-08-08,2024-08-08,BANKNIFTY,compression_expansion_up,2024-08-08T10:52:00+05:30,2024-08-08T10:52:00+05:30,UP,{},"{'source_path': '/Users/madhuram/tradebot-structural-edge-discovery-v3/runtime/upstox_candidate_replay.zip!upstox_candidate_replay/20240808/underlying/BANKNIFTY_20240808.parquet', 'source_hash': '4357f109ed631802b3774c34db9c318f71742f8e99de307408af71bf00810707'}",{'completed_bar_only': True},"{'buy_ce_allowed': True, 'buy_pe_allowed': False, 'research_only': True}",84cc89ae9e4ae0f1bcedaa0594640e99c16a4075274f90e0a4fd56607be3564f,50102.6,2024-08-08 10:51:00+05:30,96,-0.003152721325118509,228.95000000000437,0.0,510.25,37.279999999998836,35.57999999999981,0.00042408831806927836,33.70357142857132,47.9082474226816,82.95000000000437,273.0,0.5203619909502034,0.4796380090497966,0.0,0,1,0.0006620803703656364,66.30000000000291,34.5,0.0,2024-08-08T10:52:00+05:30,50098.6,30,195.70000000000437,121.69999999999709,112.45000000000437,110.95000000000437,True,True,0.5746039856923958
BANKNIFTY:2024-08-08,2024-08-08,BANKNIFTY,compression_expansion_up,2024-08-08T11:10:00+05:30,2024-08-08T11:10:00+05:30,UP,{},"{'source_path': '/Users/madhuram/tradebot-structural-edge-discovery-v3/runtime/upstox_candidate_replay.zip!upstox_candidate_replay/20240808/underlying/BANKNIFTY_20240808.parquet', 'source_hash': '4357f109ed631802b3774c34db9c318f71742f8e99de307408af71bf00810707'}",{'completed_bar_only': True},"{'buy_ce_allowed': True, 'buy_pe_allowed': False, 'research_only': True}",d806cb4302df4d04c9397e5ab26de91fcd28761d172cc0f0dbef132175b831d8,50183.9,2024-08-08 11:09:00+05:30,114,-0.00213433360311145,228.95000000000437,0.0,510.25,39.36999999999826,32.13333333333237,0.0004795370554408159,32.485714285713456,127.83000000000175,2.5499999999956344,354.3000000000029,0.8707070707070903,0.03434343434337555,0.09494949494953414,0,2,0.0013258854949724785,74.25,64.65000000000146,0.0,2024-08-08T11:10:00+05:30,50186.7,30,107.60000000000582,35.94999999999709,26.55000000000291,25.05000000000291,True,True,0.24674721189592447
BANKNIFTY:2024-08-08,2024-08-08,BANKNIFTY,compression_expansion_up,2024-08-08T11:36:00+05:30,2024-08-08T11:36:00+05:30,UP,{},"{'source_path': '/Users/madhuram/tradebot-structural-edge-discovery-v3/runtime/upstox_candidate_replay.zip!upstox_candidate_replay/20240808/underlying/BANKNIFTY_20240808.parquet', 'source_hash': '4357f109ed631802b3774c34db9c318f71742f8e99de307408af71bf00810707'}",{'completed_bar_only': True},"{'buy_ce_allowed': True, 'buy_pe_allowed': False, 'research_only': True}",106e1e308819b5759aaa628d0951902e50399dd5163a6202f97931eb8244b11f,50225.3,2024-08-08 11:35:00+05:30,140,-0.0007048079249079754,228.95000000000437,0.0,510.25,33.45,33.89000000000039,0.00043747933673318046,31.010714285714908,142.3000000000029,69.0,395.70000000000437,0.6702544031310391,0.10273972602738556,0.22700587084157534,10,6,0.000687376969484399,51.10000000000582,34.25,0.0,2024-08-08T11:36:00+05:30,50225.25,30,85.15000000000146,44.94999999999709,57.69999999999709,56.19999999999709,True,True,0.677627715795609
BANKNIFTY:2024-08-08,2024-08-08,BANKNIFTY,compression_expansion_up,2024-08-08T12:04:00+05:30,2024-08-08T12:04:00+05:30,UP,{},"{'source_path': '/Users/madhuram/tradebot-structural-edge-discovery-v3/runtime/upstox_candidate_replay.zip!upstox_candidate_replay/20240808/underlying/BANKNIFTY_20240808.parquet', 'source_hash': '4357f109ed631802b3774c34db9c318f71742f8e99de307408af71bf00810707'}",{'completed_bar_only': True},"{'buy_ce_allowed': True, 'buy_pe_allowed': False, 'research_only': True}",51026a1bec7e37d7603e6871e605c06b8dfabcf59a2982ae85434b819af4f821,50275.6,2024-08-08 12:03:00+05:30,168,0.0009656266767808596,228.95000000000437,0.0,510.25,31.76999999999971,31.066666666667153,0.00033100786491277267,31.01785714285766,166.81390532544174,34.80000000000291,446.0,0.010779436152595395,0.2238805970149416,0.765339966832463,0,7,9.150404805957635e-05,60.299999999995634,0.6500000000014552,0.0,2024-08-08T12:04:00+05:30,50268.25,30,172.5,42.349999999998545,113.0,111.5,True,True,0.6550724637681159
BANKNIFTY:2024-08-08,2024-08-08,BANKNIFTY,compression_expansion_up,2024-08-08T12:14:00+05:30,2024-08-08T12:14:00+05:30,UP,{},"{'source_path': '/Users/madhuram/tradebot-structural-edge-discovery-v3/runtime/upstox_candidate_replay.zip!upstox_candidate_replay/20240808/underlying/BANKNIFTY_20240808.parquet', 'source_hash': '4357f109ed631802b3774c34db9c318f71742f8e99de307408af71bf00810707'}",{'completed_bar_only': True},"{'buy_ce_allowed': True, 'buy_pe_allowed': False, 'research_only': True}",2bd19bc2d510c2812232edb128e67b7883475d729b7e36a20c0751b99003e136,50361.45,2024-08-08 12:13:00+05:30,178,0.0011955851946534727,228.95000000000437,0.0,510.25,33.830000000001746,32.453333333334015,0.0005491198658732443,33.35357142857226,243.20614525138808,0.6000000000058208,531.8499999999985,0.9920582395763627,0.007941760423637294,0.0,0,7,0.0014705443698732612,75.55000000000291,74.94999999999709,0.0,2024-08-08T12:14:00+05:30,50365.45,30,75.30000000000291,15.049999999995634,2.900000000001455,1.4000000000014552,True,True,0.03851261620187706
BANKNIFTY:2024-08-09,2024-08-09,BANKNIFTY,compression_expansion_up,2024-08-09T11:40:00+05:30,2024-08-09T11:40:00+05:30,UP,{},"{'source_path': '/Users/madhuram/tradebot-structural-edge-discovery-v3/runtime/upstox_candidate_replay.zip!upstox_candidate_replay/20240809/underlying/BANKNIFTY_20240809.parquet', 'source_hash': '4357f109ed631802b3774c34db9c318f71742f8e99de307408af71bf00810707'}",{'completed_bar_only': True},"{'buy_ce_allowed': True, 'buy_pe_allowed': False, 'research_only': True}",d3cf4764c60897b4ac1c0269a878811157a3f1469184197c028d1f0384af13a8,50521.2,2024-08-09 11:39:00+05:30,144,0.007815891014569138,240.0500000000029,0.0,611.1500000000015,16.06999999999971,17.93666666666589,0.00023707578995652007,17.299999999999272,-14.085517241386697,186.5500000000029,134.75,0.7775628626692331,0.06382978723410244,0.15860735009666443,4,5,0.0003702786990742446,25.849999999998545,20.099999999998545,0.0,2024-08-09T11:40:00+05:30,50522.1,30,86.0,15.94999999999709,44.05000000000291,42.55000000000291,True,True,0.5122093023256152
BANKNIFTY:2024-08-09,2024-08-09,BANKNIFTY,compression_expansion_up,2024-08-09T12:00:00+05:30,2024-08-09T12:00:00+05:30,UP,{},"{'source_path': '/Users/madhuram/tradebot-structural-edge-discovery-v3/runtime/upstox_candidate_replay.zip!upstox_candidate_replay/20240809/underlying/BANKNIFTY_20240809.parquet', 'source_hash': '4357f109ed631802b3774c34db9c318f71742f8e99de307408af71bf00810707'}",{'completed_bar_only': True},"{'buy_ce_allowed': True, 'buy_pe_allowed': False, 'research_only': True}",86a919fd91a325e6843d484274f790018eb27c38874557b38ff0fba19c71be0c,50592.6,2024-08-09 11:59:00+05:30,164,0.009178907371763297,240.0500000000029,0.0,611.1500000000015,13.960000000000582,13.37333333333275,0.0001626558300490376,13.485714285713454,54.98848484847986,115.15000000000146,206.15000000000146,0.8285714285713246,0.15357142857153253,0.017857142857142856,0,5,0.00043701367397996904,28.0,23.19999999999709,0.0,2024-08-09T12:00:00+05:30,50590.1,30,18.0,58.94999999999709,-46.599999999998545,-48.099999999998545,False,False,-2.588888888888808
BANKNIFTY:2024-08-09,2024-08-09,BANKNIFTY,compression_expansion_up,2024-08-09T12:18:00+05:30,2024-08-09T12:18:00+05:30,UP,{},"{'source_path': '/Users/madhuram/tradebot-structural-edge-discovery-v3/runtime/upstox_candidate_replay.zip!upstox_candidate_replay/20240809/underlying/BANKNIFTY_20240809.parquet', 'source_hash': '4357f109ed631802b3774c34db9c318f71742f8e99de307408af71bf00810707'}",{'completed_bar_only': True},"{'buy_ce_allowed': True, 'buy_pe_allowed': False, 'research_only': True}",86929ab07879641c0157b7f8d28ae8bdfedf0135026fa74c3fb2508661b32378,50561.95,2024-08-09 12:17:00+05:30,182,0.008743859691136132,240.0500000000029,0.0,611.1500000000015,14.170000000001163,14.916666666666181,0.00017625292644162042,14.996428571427844,21.78333333333285,145.8000000000029,175.5,0.6768867924526222,0.25707547169826617,0.06603773584911164,7,5,0.00027795417811615764,21.200000000004366,14.349999999998545,0.0,2024-08-09T12:18:00+05:30,50561.25,30,3.4499999999970896,60.5,-38.94999999999709,-40.44999999999709,False,False,-11.289855072472449
BANKNIFTY:2024-08-09,2024-08-09,BANKNIFTY,compression_expansion_up,2024-08-09T13:22:00+05:30,2024-08-09T13:22:00+05:30,UP,{},"{'source_path': '/Users/madhuram/tradebot-structural-edge-discovery-v3/runtime/upstox_candidate_replay.zip!upstox_candidate_replay/20240809/underlying/BANKNIFTY_20240809.parquet', 'source_hash': '4357f109ed631802b3774c34db9c318f71742f8e99de307408af71bf00810707'}",{'completed_bar_only': True},"{'buy_ce_allowed': True, 'buy_pe_allowed': False, 'research_only': True}",c3eb43cbce40fd0990cab767a20f7c1973202ceceb267e0efc223009e1c43506,50516.25,2024-08-09 13:21:00+05:30,246,0.007704135647068625,240.0500000000029,0.0,611.1500000000015,17.83000000000029,16.539999999999417,0.00021136395132552986,16.1035714285707,-17.116194331982115,191.5,129.8000000000029,0.6928213689483144,0.19866444073447972,0.10851419031720587,0,5,0.00039805014837757113,29.94999999999709,20.75,0.0,2024-08-09T13:22:00+05:30,50510.9,30,121.44999999999709,0.0,16.0,14.5,True,True,0.13174145738987553
BANKNIFTY:2024-08-09,2024-08-09,BANKNIFTY,compression_expansion_up,2024-08-09T15:00:00+05:30,2024-08-09T15:00:00+05:30,UP,{},"{'source_path': '/Users/madhuram/tradebot-structural-edge-discovery-v3/runtime/upstox_candidate_replay.zip!upstox_candidate_replay/20240809/underlying/BANKNIFTY_20240809.parquet', 'source_hash': '4357f109ed631802b3774c34db9c318f71742f8e99de307408af71bf00810707'}",{'completed_bar_only': True},"{'buy_ce_allowed': True, 'buy_pe_allowed': False, 'research_only': True}",846ada4710352832b4c4e72659bb5c29ffde738b34f451d35c0ec017404c8ca2,50548.4,2024-08-09 14:59:00+05:30,344,0.00817610251160219,240.0500000000029,0.0,611.1500000000015,19.63000000000029,18.79333333333343,0.0002697459882004804,18.607142857142858,9.47724637680949,159.34999999999854,161.95000000000437,0.8441558441558087,0.0404040404040807,0.1154401154401106,0,5,0.0005879011138449908,34.650000000001455,29.25,0.0,2024-08-09T15:00:00+05:30,50542.9,30,0.0,99.75,-61.099999999998545,-62.599999999998545,False,False,0.0
BANKNIFTY:2024-08-12,2024-08-12,BANKNIFTY,compression_expansion_up,2024-08-12T10:10:00+05:30,2024-08-12T10:10:00+05:30,UP,{},"{'source_path': '/Users/madhuram/tradebot-structural-edge-discovery-v3/runtime/upstox_candidate_replay.zip!upstox_candidate_replay/20240812/underlying/BANKNIFTY_20240812.parquet', 'source_hash': '4357f109ed631802b3774c34db9c318f71742f8e99de307408af71bf00810707'}",{'completed_bar_only': True},"{'buy_ce_allowed': True, 'buy_pe_allowed': False, 'research_only': True}",92545353a6d773da595cafdd08a025a2fda11b4211b665d766c62f0e8ef9b6e1,50261.35,2024-08-12 10:09:00+05:30,54,-0.0052494166214358436,258.95000000000437,0.0,321.3000000000029,33.98999999999796,30.976666666665793,0.00046722175133034747,31.399999999998858,4.6645454545432585,198.8000000000029,112.09999999999854,0.6629464285713923,0.22470238095236902,0.11235119047623865,0,0,0.0010147300160923134,67.19999999999709,44.549999999995634,0.0,2024-08-12T10:10:00+05:30,50261.8,30,323.4499999999971,32.80000000000291,303.29999999999563,301.79999999999563,True,True,0.9377028907095327
BANKNIFTY:2024-08-12,2024-08-12,BANKNIFTY,compression_expansion_up,2024-08-12T10:36:00+05:30,2024-08-12T10:36:00+05:30,UP,{},"{'source_path': '/Users/madhuram/tradebot-structural-edge-discovery-v3/runtime/upstox_candidate_replay.zip!upstox_candidate_replay/20240812/underlying/BANKNIFTY_20240812.parquet', 'source_hash': '4357f109ed631802b3774c34db9c318f71742f8e99de307408af71bf00810707'}",{'completed_bar_only': True},"{'buy_ce_allowed': True, 'buy_pe_allowed': False, 'research_only': True}",5a472986da095a5dfaade43ace49b4d2e1307d129b7dadb209356e8355438fed,50523.85,2024-08-12 10:35:00+05:30,80,-0.0004387719930747607,258.95000000000437,0.0,321.3000000000029,40.38999999999942,34.850000000000485,0.0004957219982098764,35.55714285714358,221.54814814814745,14.25,374.59999999999854,0.8183556405353661,0.1816443594646339,0.0,0,2,0.0012564295403627579,78.44999999999709,64.19999999999709,0.0,2024-08-12T10:36:00+05:30,50523.0,30,218.90000000000146,14.75,156.5,155.0,True,True,0.7149383280036499
BANKNIFTY:2024-08-12,2024-08-12,BANKNIFTY,compression_expansion_up,2024-08-12T10:44:00+05:30,2024-08-12T10:44:00+05:30,UP,{},"{'source_path': '/Users/madhuram/tradebot-structural-edge-discovery-v3/runtime/upstox_candidate_replay.zip!upstox_candidate_replay/20240812/underlying/BANKNIFTY_20240812.parquet', 'source_hash': '4357f109ed631802b3774c34db9c318f71742f8e99de307408af71bf00810707'}",{'completed_bar_only': True},"{'buy_ce_allowed': True, 'buy_pe_allowed': False, 'research_only': True}",116478e95bcd1752d49c3de765538e0ad645f1a17aaaa36181a27985bcc1ee1a,50626.0,2024-08-12 10:43:00+05:30,88,0.0019571409894258056,258.95000000000437,0.0,321.3000000000029,38.48000000000029,34.42999999999981,0.0004116886149943843,34.92142857142816,300.7814606741522,8.900000000001455,476.75,0.7121568627451209,0.13960784313727773,0.14823529411760142,0,4,0.0009213237009533248,63.75,45.400000000001455,0.0,2024-08-12T10:44:00+05:30,50619.4,30,122.5,67.0,102.19999999999709,100.69999999999709,True,True,0.8342857142856905
BANKNIFTY:2024-08-12,2024-08-12,BANKNIFTY,compression_expansion_up,2024-08-12T10:56:00+05:30,2024-08-12T10:56:00+05:30,UP,{},"{'source_path': '/Users/madhuram/tradebot-structural-edge-discovery-v3/runtime/upstox_candidate_replay.zip!upstox_candidate_replay/20240812/underlying/BANKNIFTY_20240812.parquet', 'source_hash': '4357f109ed631802b3774c34db9c318f71742f8e99de307408af71bf00810707'}",{'completed_bar_only': True},"{'buy_ce_allowed': True, 'buy_pe_allowed': False, 'research_only': True}",255a0e0b679e8b6aa6f1d2136a435b0e1d012aba2f9aabe140f1c5ce7cccef94,50659.45,2024-08-12 10:55:00+05:30,100,0.0024087889100626076,258.95000000000437,0.0,321.3000000000029,33.85,34.86000000000058,0.0005253795885048115,35.846428571429506,302.1797029702939,6.05000000000291,510.1999999999971,0.7822749476621702,0.08443824145153925,0.13328681088629052,5,4,0.0010927957489652584,71.65000000000146,56.049999999995634,0.0,2024-08-12T10:56:00+05:30,50658.05,30,134.84999999999854,19.700000000004366,-19.700000000004366,-21.200000000004366,True,True,-0.14608824619951485
BANKNIFTY:2024-08-12,2024-08-12,BANKNIFTY,compression_expansion_up,2024-08-12T10:59:00+05:30,2024-08-12T10:59:00+05:30,UP,{},"{'source_path': '/Users/madhuram/tradebot-structural-edge-discovery-v3/runtime/upstox_candidate_replay.zip!upstox_candidate_replay/20240812/underlying/BANKNIFTY_20240812.parquet', 'source_hash': '4357f109ed631802b3774c34db9c318f71742f8e99de307408af71bf00810707'}",{'completed_bar_only': True},"{'buy_ce_allowed': True, 'buy_pe_allowed': False, 'research_only': True}",adcb8ca18e3211830b90ef7d58bb2fd6ed651920bc5ab009f2b539fa029944a8,50717.05,2024-08-12 10:58:00+05:30,103,0.0038102841023893467,258.95000000000437,0.0,321.3000000000029,38.05999999999767,33.976666666666766,0.0005117474670509791,33.80357142857143,350.2322115384668,0.2999999999956344,567.8000000000029,0.8984293193717582,0.0062827225129975794,0.0952879581152442,0,4,0.0008070857790105634,47.75,42.900000000001455,0.0,2024-08-12T10:59:00+05:30,50705.35,30,87.55000000000291,73.54999999999563,-9.44999999999709,-10.94999999999709,True,True,-0.10793832095941491
BANKNIFTY:2024-08-12,2024-08-12,BANKNIFTY,compression_expansion_up,2024-08-12T11:53:00+05:30,2024-08-12T11:53:00+05:30,UP,{},"{'source_path': '/Users/madhuram/tradebot-structural-edge-discovery-v3/runtime/upstox_candidate_replay.zip!upstox_candidate_replay/20240812/underlying/BANKNIFTY_20240812.parquet', 'source_hash': '4357f109ed631802b3774c34db9c318f71742f8e99de307408af71bf00810707'}",{'completed_bar_only': True},"{'buy_ce_allowed': True, 'buy_pe_allowed': False, 'research_only': True}",62285b2f5120071eabc1b42f5b06da6dbb6f4cb66c0ba86ea49473ce0b428f81,50711.2,2024-08-12 11:52:00+05:30,157,0.003823160029951388,258.95000000000437,0.0,321.3000000000029,21.329999999998837,22.330000000000776,0.00027883980543686555,21.89285714285766,233.00981012658303,81.70000000000437,561.9499999999971,0.9157232704401052,0.08427672955989486,0.0,20,5,0.0006965835831231892,39.75,36.39999999999418,0.0,2024-08-12T11:53:00+05:30,50713.05,30,27.25,98.45000000000437,-95.55000000000291,-97.05000000000291,False,False,-3.5064220183487307
BANKNIFTY:2024-08-12,2024-08-12,BANKNIFTY,compression_expansion_up,2024-08-12T12:48:00+05:30,2024-08-12T12:48:00+05:30,UP,{},"{'source_path': '/Users/madhuram/tradebot-structural-edge-discovery-v3/runtime/upstox_candidate_replay.zip!upstox_candidate_replay/20240812/underlying/BANKNIFTY_20240812.parquet', 'source_hash': '4357f109ed631802b3774c34db9c318f71742f8e99de307408af71bf00810707'}",{'completed_bar_only': True},"{'buy_ce_allowed': True, 'buy_pe_allowed': False, 'research_only': True}",2d91160bd17945a664ff0cc9c6d9dc4b137d1a78567fe97e2ecdb8bab17bd38f,50756.25,2024-08-12 12:47:00+05:30,212,0.00479083550903491,258.95000000000437,0.0,321.3000000000029,22.920000000001163,22.61999999999971,0.00026134105892140313,21.789285714285402,225.2962441314521,36.650000000001455,607.0,0.8358974358973986,0.0,0.1641025641026014,0,5,0.0006525619958539508,39.0,32.599999999998545,0.0,2024-08-12T12:48:00+05:30,50750.4,30,54.44999999999709,56.0,-35.05000000000291,-36.55000000000291,False,False,-0.6437098255280952
BANKNIFTY:2024-08-12,2024-08-12,BANKNIFTY,compression_expansion_up,2024-08-12T13:01:00+05:30,2024-08-12T13:01:00+05:30,UP,{},"{'source_path': '/Users/madhuram/tradebot-structural-edge-discovery-v3/runtime/upstox_candidate_replay.zip!upstox_candidate_replay/20240812/underlying/BANKNIFTY_20240812.parquet', 'source_hash': '4357f109ed631802b3774c34db9c318f71742f8e99de307408af71bf00810707'}",{'completed_bar_only': True},"{'buy_ce_allowed': True, 'buy_pe_allowed': False, 'research_only': True}",b068f9ac489502f7cc497d1399eb36f1665d0db532ca4d9b2630994553831f27,50775.6,2024-08-12 13:00:00+05:30,225,0.00526823528479565,258.95000000000437,0.0,321.3000000000029,21.219999999999708,22.910000000001066,0.00032678529567535584,23.317857142857974,231.78340707963798,17.30000000000291,626.3499999999985,0.7867231638417345,0.05084745762719877,0.16242937853106676,6,5,0.0006503411334854992,35.400000000001455,27.849999999998545,0.0,2024-08-12T13:01:00+05:30,50773.45,30,31.400000000001455,99.94999999999709,-24.94999999999709,-26.44999999999709,False,False,-0.794585987261017
BANKNIFTY:2024-08-13,2024-08-13,BANKNIFTY,compression_expansion_up,2024-08-13T10:06:00+05:30,2024-08-13T10:06:00+05:30,UP,{},"{'source_path': '/Users/madhuram/tradebot-structural-edge-discovery-v3/runtime/upstox_candidate_replay.zip!upstox_candidate_replay/20240813/underlying/BANKNIFTY_20240813.parquet', 'source_hash': '4357f109ed631802b3774c34db9c318f71742f8e99de307408af71bf00810707'}",{'completed_bar_only': True},"{'buy_ce_allowed': True, 'buy_pe_allowed': False, 'research_only': True}",d101b89fcc194658f91bfd2ce5e9159fc81da503be3cb91e1fd8c833c5903c4e,50419.7,2024-08-13 10:05:00+05:30,50,-0.0038830690085026446,172.25,0.0,681.4499999999971,26.639999999999418,29.520000000001165,0.00036610636031549434,30.18571428571522,-7.354901960781717,139.5500000000029,111.09999999999854,0.8514739229024234,0.14852607709757656,0.0,5,2,0.0006340826887487605,44.099999999998545,37.549999999995634,0.0,2024-08-13T10:06:00+05:30,50413.65,30,0.4000000000014552,183.90000000000146,-112.80000000000291,-114.30000000000291,False,False,-281.99999999898137
BANKNIFTY:2024-08-13,2024-08-13,BANKNIFTY,compression_expansion_up,2024-08-13T10:34:00+05:30,2024-08-13T10:34:00+05:30,UP,{},"{'source_path': '/Users/madhuram/tradebot-structural-edge-discovery-v3/runtime/upstox_candidate_replay.zip!upstox_candidate_replay/20240813/underlying/BANKNIFTY_20240813.parquet', 'source_hash': '4357f109ed631802b3774c34db9c318f71742f8e99de307408af71bf00810707'}",{'completed_bar_only': True},"{'buy_ce_allowed': True, 'buy_pe_allowed': False, 'research_only': True}",680f590a2722a91ed21fd4780788e6f5916425c6be2793d7a84866d0ef3be4cf,50271.7,2024-08-13 10:33:00+05:30,78,-0.006676743402094452,172.25,0.0,681.4499999999971,26.439999999997962,25.21333333333217,0.0003229422869236882,24.403571428569972,-109.80126582278899,287.5500000000029,41.94999999999709,0.8237650200267275,0.1508678237650706,0.02536715620820196,0,2,0.0005622623446439601,37.44999999999709,30.849999999998545,0.0,2024-08-13T10:34:00+05:30,50275.35,30,45.599999999998545,48.75,15.55000000000291,14.05000000000291,False,False,0.34100877192989926
BANKNIFTY:2024-08-13,2024-08-13,BANKNIFTY,compression_expansion_up,2024-08-13T10:49:00+05:30,2024-08-13T10:49:00+05:30,UP,{},"{'source_path': '/Users/madhuram/tradebot-structural-edge-discovery-v3/runtime/upstox_candidate_replay.zip!upstox_candidate_replay/20240813/underlying/BANKNIFTY_20240813.parquet', 'source_hash': '4357f109ed631802b3774c34db9c318f71742f8e99de307408af71bf00810707'}",{'completed_bar_only': True},"{'buy_ce_allowed': True, 'buy_pe_allowed': False, 'research_only': True}",d1dca2ada6213e070681c09ad15ceffdc030b1e58ac99dca0a6cd6b1bb3315c1,50266.45,2024-08-13 10:48:00+05:30,93,-0.006373255065635646,172.25,0.0,681.4499999999971,25.81999999999971,25.110000000000095,0.0002993148751104267,24.567857142856933,-97.86542553191975,292.8000000000029,39.849999999998545,0.2572145545796832,0.0,0.7427854454203169,0,2,0.00016315729258375988,39.849999999998545,10.25,0.0,2024-08-13T10:49:00+05:30,50262.3,30,55.19999999999709,11.150000000001455,51.049999999995634,49.549999999995634,True,True,0.9248188405796798
BANKNIFTY:2024-08-13,2024-08-13,BANKNIFTY,compression_expansion_up,2024-08-13T11:15:00+05:30,2024-08-13T11:15:00+05:30,UP,{},"{'source_path': '/Users/madhuram/tradebot-structural-edge-discovery-v3/runtime/upstox_candidate_replay.zip!upstox_candidate_replay/20240813/underlying/BANKNIFTY_20240813.parquet', 'source_hash': '4357f109ed631802b3774c34db9c318f71742f8e99de307408af71bf00810707'}",{'completed_bar_only': True},"{'buy_ce_allowed': True, 'buy_pe_allowed': False, 'research_only': True}",0e04c3b75f0196a5aeebb5b72b4a8f235707f1002e4dbe24161a93399f79ac5b,50299.85,2024-08-13 11:14:00+05:30,119,-0.006041098449836994,172.25,0.0,681.4499999999971,20.579999999998837,19.45333333333401,0.00025516670207548616,19.671428571429196,-46.863333333334594,259.40000000000146,73.25,0.8050974512743543,0.1949025487256457,0.0,0,2,0.0005092069996071036,33.349999999998545,26.849999999998545,0.0,2024-08-13T11:15:00+05:30,50298.35,30,43.599999999998545,33.69999999999709,17.25,15.75,True,True,0.3956422018348756
BANKNIFTY:2024-08-13,2024-08-13,BANKNIFTY,compression_expansion_up,2024-08-13T11:45:00+05:30,2024-08-13T11:45:00+05:30,UP,{},"{'source_path': '/Users/madhuram/tradebot-structural-edge-discovery-v3/runtime/upstox_candidate_replay.zip!upstox_candidate_replay/20240813/underlying/BANKNIFTY_20240813.parquet', 'source_hash': '4357f109ed631802b3774c34db9c318f71742f8e99de307408af71bf00810707'}",{'completed_bar_only': True},"{'buy_ce_allowed': True, 'buy_pe_allowed': False, 'research_only': True}",63839e5234baaef697b1d03af49682a1b9e47763c7be3642da09ea1c76dde440,50320.65,2024-08-13 11:44:00+05:30,149,-0.005383705147735609,172.25,0.0,681.4499999999971,19.58000000000029,17.916666666666668,0.00019915283418813818,18.100000000000104,-17.71333333333314,238.59999999999854,94.05000000000291,0.5658153241651513,0.34577603143405267,0.08840864440079596,0,2,0.00029519458988813696,25.44999999999709,14.400000000001455,0.0,2024-08-13T11:45:00+05:30,50320.1,30,23.900000000001455,119.15000000000146,-60.25,-61.75,False,False,-2.5209205020918968
BANKNIFTY:2024-08-13,2024-08-13,BANKNIFTY,compression_expansion_up,2024-08-13T11:51:00+05:30,2024-08-13T11:51:00+05:30,UP,{},"{'source_path': '/Users/madhuram/tradebot-structural-edge-discovery-v3/runtime/upstox_candidate_replay.zip!upstox_candidate_replay/20240813/underlying/BANKNIFTY_20240813.parquet', 'source_hash': '4357f109ed631802b3774c34db9c318f71742f8e99de307408af71bf00810707'}",{'completed_bar_only': True},"{'buy_ce_allowed': True, 'buy_pe_allowed': False, 'research_only': True}",1379ad50caeb886652394b93f241c6c6ccc1e5867efeb9655a88406f68c8c2c7,50320.5,2024-08-13 11:50:00+05:30,155,-0.00517116445607877,172.25,0.0,681.4499999999971,14.739999999999418,16.860000000000095,0.00016146618072009465,16.464285714285715,-17.049038461540476,238.75,93.90000000000146,0.12962962962962962,0.8703703703703703,0.0,6,2,5.664016503148517e-05,27.0,3.5,0.0,2024-08-13T11:51:00+05:30,50319.0,30,16.099999999998545,118.05000000000291,-75.0,-76.5,False,False,-4.658385093168123
BANKNIFTY:2024-08-13,2024-08-13,BANKNIFTY,compression_expansion_up,2024-08-13T13:39:00+05:30,2024-08-13T13:39:00+05:30,UP,{},"{'source_path': '/Users/madhuram/tradebot-structural-edge-discovery-v3/runtime/upstox_candidate_replay.zip!upstox_candidate_replay/20240813/underlying/BANKNIFTY_20240813.parquet', 'source_hash': '4357f109ed631802b3774c34db9c318f71742f8e99de307408af71bf00810707'}",{'completed_bar_only': True},"{'buy_ce_allowed': True, 'buy_pe_allowed': False, 'research_only': True}",3a21840e4b713dcfcaeb5b67254d25021844e4ca8ae058d418397ac0d187f279,50105.35,2024-08-13 13:38:00+05:30,263,-0.01002598927806364,172.25,0.0,681.4499999999971,22.88000000000029,21.380000000000777,0.00026352740729393697,21.328571428572364,-157.55738636363822,453.90000000000146,112.69999999999709,0.8897637795276312,0.0,0.11023622047236876,0,2,0.0006380633230416155,38.099999999998545,33.900000000001455,0.0,2024-08-13T13:39:00+05:30,50098.6,30,30.650000000001455,214.84999999999854,-210.65000000000146,-212.15000000000146,False,False,-6.872756933115545
BANKNIFTY:2024-08-13,2024-08-13,BANKNIFTY,compression_expansion_up,2024-08-13T14:01:00+05:30,2024-08-13T14:01:00+05:30,UP,{},"{'source_path': '/Users/madhuram/tradebot-structural-edge-discovery-v3/runtime/upstox_candidate_replay.zip!upstox_candidate_replay/20240813/underlying/BANKNIFTY_20240813.parquet', 'source_hash': '4357f109ed631802b3774c34db9c318f71742f8e99de307408af71bf00810707'}",{'completed_bar_only': True},"{'buy_ce_allowed': True, 'buy_pe_allowed': False, 'research_only': True}",719c566c6c55b31aa2832d658dbda9192bb98b88ce419dffec6c835b77a62f3e,50031.1,2024-08-13 14:00:00+05:30,285,-0.011358569986684077,172.25,0.0,681.4499999999971,29.340000000000874,25.499999999999513,0.00029638431613492896,25.485714285713453,-215.81083916084026,528.1500000000015,42.19999999999709,0.5548717948717053,0.13435897435903407,0.3107692307692606,0,2,0.0004869342638742502,48.75,27.049999999995634,0.0,2024-08-13T14:01:00+05:30,50028.1,30,33.30000000000291,150.79999999999563,-132.84999999999854,-134.34999999999854,False,False,-3.989489489489097
BANKNIFTY:2024-08-14,2024-08-14,BANKNIFTY,compression_expansion_up,2024-08-14T10:35:00+05:30,2024-08-14T10:35:00+05:30,UP,{},"{'source_path': '/Users/madhuram/tradebot-structural-edge-discovery-v3/runtime/upstox_candidate_replay.zip!upstox_candidate_replay/20240814/underlying/BANKNIFTY_20240814.parquet', 'source_hash': '4357f109ed631802b3774c34db9c318f71742f8e99de307408af71bf00810707'}",{'completed_bar_only': True},"{'buy_ce_allowed': True, 'buy_pe_allowed': False, 'research_only': True}",78cff5b5c882efb4a5f4d453f5060dec3ead84ad20d4997a8ff156a1b71d67de,49804.8,2024-08-14 10:34:00+05:30,79,-0.0015044018799005893,275.75,0.0,774.1500000000015,27.789999999997963,24.76999999999874,0.00036612700312612143,23.67857142856987,41.25687499999913,154.4499999999971,150.15000000000146,0.5310274669380478,0.3102746693794415,0.15869786368251076,0,0,0.0004529726960915692,49.150000000001455,26.10000000000582,0.0,2024-08-14T10:35:00+05:30,49804.65,30,25.799999999995634,89.65000000000146,-70.05000000000291,-71.55000000000291,False,False,-2.71511627907034
BANKNIFTY:2024-08-14,2024-08-14,BANKNIFTY,compression_expansion_up,2024-08-14T10:52:00+05:30,2024-08-14T10:52:00+05:30,UP,{},"{'source_path': '/Users/madhuram/tradebot-structural-edge-discovery-v3/runtime/upstox_candidate_replay.zip!upstox_candidate_replay/20240814/underlying/BANKNIFTY_20240814.parquet', 'source_hash': '4357f109ed631802b3774c34db9c318f71742f8e99de307408af71bf00810707'}",{'completed_bar_only': True},"{'buy_ce_allowed': True, 'buy_pe_allowed': False, 'research_only': True}",eefcfa2b9c72f6c66d6efd138994e2bd2c1c0ee12de0a984cb82a194a1c39b6f,49776.3,2024-08-14 10:51:00+05:30,96,-0.0018514172468642376,275.75,0.0,774.1500000000015,18.780000000000292,18.903333333333528,0.000265416206852926,18.97857142857174,8.487113402065006,182.9499999999971,121.65000000000146,0.5518518518519058,0.40555555555544776,0.042592592592646486,4,0,0.0003225466109997299,27.0,14.900000000001455,0.0,2024-08-14T10:52:00+05:30,49775.7,30,6.400000000001455,94.69999999999709,-80.04999999999563,-81.54999999999563,False,False,-12.507812499996474
BANKNIFTY:2024-08-14,2024-08-14,BANKNIFTY,compression_expansion_up,2024-08-14T12:07:00+05:30,2024-08-14T12:07:00+05:30,UP,{},"{'source_path': '/Users/madhuram/tradebot-structural-edge-discovery-v3/runtime/upstox_candidate_replay.zip!upstox_candidate_replay/20240814/underlying/BANKNIFTY_20240814.parquet', 'source_hash': '4357f109ed631802b3774c34db9c318f71742f8e99de307408af71bf00810707'}",{'completed_bar_only': True},"{'buy_ce_allowed': True, 'buy_pe_allowed': False, 'research_only': True}",87c6fc59aa2c22e36cdf4402a61266b68db12591dadc2aabc5c0ba068c21f0a1,49771.5,2024-08-14 12:06:00+05:30,171,-0.002508339401087495,275.75,0.0,774.1500000000015,21.23999999999942,16.893333333332944,0.00026401054651838346,16.867857142856728,20.87994186046126,187.75,116.84999999999854,0.926486486486455,0.06378378378372086,0.00972972972982412,0,0,0.0008365188749626107,46.25,42.849999999998545,0.0,2024-08-14T12:07:00+05:30,49772.1,30,7.200000000004366,69.5,-47.849999999998545,-49.349999999998545,False,False,-6.645833333329102
BANKNIFTY:2024-08-14,2024-08-14,BANKNIFTY,compression_expansion_up,2024-08-14T12:25:00+05:30,2024-08-14T12:25:00+05:30,UP,{},"{'source_path': '/Users/madhuram/tradebot-structural-edge-discovery-v3/runtime/upstox_candidate_replay.zip!upstox_candidate_replay/20240814/underlying/BANKNIFTY_20240814.parquet', 'source_hash': '4357f109ed631802b3774c34db9c318f71742f8e99de307408af71bf00810707'}",{'completed_bar_only': True},"{'buy_ce_allowed': True, 'buy_pe_allowed': False, 'research_only': True}",0188ee963b1ff6bb6ddd859a0430ddb39f37596fd9ca883548680c2eb99ab8b5,49724.8,2024-08-14 12:24:00+05:30,189,-0.0028403107492522835,275.75,0.0,774.1500000000015,17.150000000001455,16.446666666666957,0.00020797590253633213,15.79285714285704,-25.169736842100974,234.4499999999971,70.15000000000146,0.5324947589099064,0.36687631027244716,0.10062893081764651,0,0,0.00024038050524177734,23.85000000000582,12.700000000004366,0.0,2024-08-14T12:25:00+05:30,49724.8,30,49.849999999998545,22.200000000004366,35.25,33.75,True,True,0.7071213640922974
BANKNIFTY:2024-08-14,2024-08-14,BANKNIFTY,compression_expansion_up,2024-08-14T13:30:00+05:30,2024-08-14T13:30:00+05:30,UP,{},"{'source_path': '/Users/madhuram/tradebot-structural-edge-discovery-v3/runtime/upstox_candidate_replay.zip!upstox_candidate_replay/20240814/underlying/BANKNIFTY_20240814.parquet', 'source_hash': '4357f109ed631802b3774c34db9c318f71742f8e99de307408af71bf00810707'}",{'completed_bar_only': True},"{'buy_ce_allowed': True, 'buy_pe_allowed': False, 'research_only': True}",02fd251eae39e67757e3e49fb0c87d5a2d79c63ba43532818f99033d0c992dac,49738.35,2024-08-14 13:29:00+05:30,254,-0.0026196651402001967,275.75,0.0,774.1500000000015,15.449999999998544,14.546666666666473,0.00017488490181739172,14.446428571428052,-7.393333333340706,220.90000000000146,83.69999999999709,0.6354166666666666,0.30624999999993935,0.058333333333393966,0,0,0.00031977507142144646,24.0,15.25,0.0,2024-08-14T13:30:00+05:30,49737.8,30,19.599999999998545,34.30000000000291,-30.200000000004366,-31.700000000004366,False,False,-1.5408163265309494
BANKNIFTY:2024-08-16,2024-08-16,BANKNIFTY,compression_expansion_up,2024-08-16T11:46:00+05:30,2024-08-16T11:46:00+05:30,UP,{},"{'source_path': '/Users/madhuram/tradebot-structural-edge-discovery-v3/runtime/upstox_candidate_replay.zip!upstox_candidate_replay/20240816/underlying/BANKNIFTY_20240816.parquet', 'source_hash': '4357f109ed631802b3774c34db9c318f71742f8e99de307408af71bf00810707'}",{'completed_bar_only': True},"{'buy_ce_allowed': True, 'buy_pe_allowed': False, 'research_only': True}",91ca603dc1ab61286eaf9bfe51aeadf273e49a291bd75239f95a7c85a50066ef,50236.65,2024-08-16 11:45:00+05:30,150,0.00874535644790368,235.95000000000437,0.0,304.59999999999854,34.6,30.15333333333304,0.0003898763505178984,28.65714285714265,221.1274834437063,53.650000000001455,430.59999999999854,0.7587628865979982,0.13951890034366263,0.10171821305833924,0,2,0.0010601104547416362,72.75,55.200000000004366,0.0,2024-08-16T11:46:00+05:30,50228.1,30,187.5500000000029,22.94999999999709,168.5,167.0,True,True,0.8984270861103566
BANKNIFTY:2024-08-16,2024-08-16,BANKNIFTY,compression_expansion_up,2024-08-16T12:00:00+05:30,2024-08-16T12:00:00+05:30,UP,{},"{'source_path': '/Users/madhuram/tradebot-structural-edge-discovery-v3/runtime/upstox_candidate_replay.zip!upstox_candidate_replay/20240816/underlying/BANKNIFTY_20240816.parquet', 'source_hash': '4357f109ed631802b3774c34db9c318f71742f8e99de307408af71bf00810707'}",{'completed_bar_only': True},"{'buy_ce_allowed': True, 'buy_pe_allowed': False, 'research_only': True}",d4e5ad2d1a6e48ec89c2b527fc385538a29941a75d62b71c1391a8263cf6d869,50275.45,2024-08-16 11:59:00+05:30,164,0.01010625894537092,235.95000000000437,0.0,304.59999999999854,30.93000000000029,32.73666666666637,0.00043783997154558344,29.878571428571117,241.04909090908768,14.85000000000582,469.3999999999942,0.470062555853387,0.19302949061668404,0.33690795352992897,10,2,0.0005980646984597993,55.94999999999709,26.299999999995634,0.0,2024-08-16T12:00:00+05:30,50279.9,30,135.75,15.30000000000291,82.25,80.75,True,True,0.6058931860036832
BANKNIFTY:2024-08-16,2024-08-16,BANKNIFTY,compression_expansion_up,2024-08-16T12:31:00+05:30,2024-08-16T12:31:00+05:30,UP,{},"{'source_path': '/Users/madhuram/tradebot-structural-edge-discovery-v3/runtime/upstox_candidate_replay.zip!upstox_candidate_replay/20240816/underlying/BANKNIFTY_20240816.parquet', 'source_hash': '4357f109ed631802b3774c34db9c318f71742f8e99de307408af71bf00810707'}",{'completed_bar_only': True},"{'buy_ce_allowed': True, 'buy_pe_allowed': False, 'research_only': True}",c1d862a3ee3ade40af781872d1118c6d4e284b3ea7fc5f66ed4d45dbf215e5fe,50362.15,2024-08-16 12:30:00+05:30,195,0.011897343325346126,235.95000000000437,0.0,304.59999999999854,24.949999999998546,26.35666666666657,0.0003344755331201788,26.24999999999948,278.7209183673476,53.5,556.0999999999985,0.5340782122905353,0.4659217877094647,0.0,4,5,0.0003843647949657303,44.75,23.900000000001455,0.0,2024-08-16T12:31:00+05:30,50361.85,30,50.80000000000291,33.799999999995634,39.950000000004366,38.450000000004366,True,True,0.7864173228346866
BANKNIFTY:2024-08-16,2024-08-16,BANKNIFTY,compression_expansion_up,2024-08-16T13:01:00+05:30,2024-08-16T13:01:00+05:30,UP,{},"{'source_path': '/Users/madhuram/tradebot-structural-edge-discovery-v3/runtime/upstox_candidate_replay.zip!upstox_candidate_replay/20240816/underlying/BANKNIFTY_20240816.parquet', 'source_hash': '4357f109ed631802b3774c34db9c318f71742f8e99de307408af71bf00810707'}",{'completed_bar_only': True},"{'buy_ce_allowed': True, 'buy_pe_allowed': False, 'research_only': True}",ee1c88f5c8c936d4ae1def2c734068ee2272697cb6ff13cc1ab56ed58daa3b12,50382.7,2024-08-16 13:00:00+05:30,225,0.012403912644935023,235.95000000000437,0.0,304.59999999999854,25.400000000001455,23.183333333333334,0.00025711735711133287,21.432142857143067,261.3831858407066,32.950000000004366,576.6499999999942,0.5347222222222222,0.2361111111111111,0.22916666666666666,0,5,0.00037427639070486407,36.0,19.25,0.0,2024-08-16T13:01:00+05:30,50384.25,30,58.150000000001455,23.25,6.25,4.75,True,True,0.10748065348237049
BANKNIFTY:2024-08-16,2024-08-16,BANKNIFTY,compression_expansion_up,2024-08-16T13:19:00+05:30,2024-08-16T13:19:00+05:30,UP,{},"{'source_path': '/Users/madhuram/tradebot-structural-edge-discovery-v3/runtime/upstox_candidate_replay.zip!upstox_candidate_replay/20240816/underlying/BANKNIFTY_20240816.parquet', 'source_hash': '4357f109ed631802b3774c34db9c318f71742f8e99de307408af71bf00810707'}",{'completed_bar_only': True},"{'buy_ce_allowed': True, 'buy_pe_allowed': False, 'research_only': True}",44006fc6da4c6366cff19dc8a1797d7235f500dd18768d879ca459b7809b0c3b,50415.7,2024-08-16 13:18:00+05:30,243,0.012899425888104407,235.95000000000437,0.0,304.59999999999854,15.739999999997963,18.099999999999515,0.0002459540757004288,18.035714285713766,273.6290983606523,26.700000000004366,609.6499999999942,0.9154228855722678,0.0,0.08457711442773223,12,6,0.0005328559790509502,30.14999999999418,27.599999999998545,0.0,2024-08-16T13:19:00+05:30,50414.25,30,183.0500000000029,53.25,151.84999999999854,150.34999999999854,True,True,0.829554766457231
BANKNIFTY:2024-08-16,2024-08-16,BANKNIFTY,compression_expansion_up,2024-08-16T13:48:00+05:30,2024-08-16T13:48:00+05:30,UP,{},"{'source_path': '/Users/madhuram/tradebot-structural-edge-discovery-v3/runtime/upstox_candidate_replay.zip!upstox_candidate_replay/20240816/underlying/BANKNIFTY_20240816.parquet', 'source_hash': '4357f109ed631802b3774c34db9c318f71742f8e99de307408af71bf00810707'}",{'completed_bar_only': True},"{'buy_ce_allowed': True, 'buy_pe_allowed': False, 'research_only': True}",3ed6bf3fd00089f1551d47b790438ebe610c94e00bba3a21a6fdc98a3d8a88a5,50550.7,2024-08-16 13:47:00+05:30,272,0.015042294517794165,235.95000000000437,0.0,304.59999999999854,29.729999999998835,25.35666666666754,0.0002948475980244755,26.05357142857195,377.06538461538,5.55000000000291,744.6499999999942,0.8974358974358765,0.08894230769235226,0.013621794871771233,0,9,0.0010733417167525516,62.400000000001455,56.0,0.0,2024-08-16T13:48:00+05:30,50542.35,30,61.05000000000291,27.299999999995634,26.400000000001455,24.900000000001455,True,True,0.4324324324324357
BANKNIFTY:2024-08-16,2024-08-16,BANKNIFTY,compression_expansion_up,2024-08-16T15:04:00+05:30,2024-08-16T15:04:00+05:30,UP,{},"{'source_path': '/Users/madhuram/tradebot-structural-edge-discovery-v3/runtime/upstox_candidate_replay.zip!upstox_candidate_replay/20240816/underlying/BANKNIFTY_20240816.parquet', 'source_hash': '4357f109ed631802b3774c34db9c318f71742f8e99de307408af71bf00810707'}",{'completed_bar_only': True},"{'buy_ce_allowed': True, 'buy_pe_allowed': False, 'research_only': True}",a40f61c16c6890083329a8438582123dbf546bc84966269bfedf076dfe30e649,50520.4,2024-08-16 15:03:00+05:30,348,0.01472769888876384,235.95000000000437,0.0,304.59999999999854,27.530000000001746,29.696666666666957,0.00034252510655419927,30.360714285715012,270.53997134671226,83.0,714.3499999999985,0.7601102941176,0.0965073529411739,0.14338235294122614,6,12,0.0008092385926576906,54.400000000001455,41.349999999998545,0.0,2024-08-16T15:04:00+05:30,50521.55,30,42.94999999999709,36.75,-10.60000000000582,-12.10000000000582,True,True,-0.24679860302692758
BANKNIFTY:2024-08-16,2024-08-16,BANKNIFTY,compression_expansion_up,2024-08-16T15:05:00+05:30,2024-08-16T15:05:00+05:30,UP,{},"{'source_path': '/Users/madhuram/tradebot-structural-edge-discovery-v3/runtime/upstox_candidate_replay.zip!upstox_candidate_replay/20240816/underlying/BANKNIFTY_20240816.parquet', 'source_hash': '4357f109ed631802b3774c34db9c318f71742f8e99de307408af71bf00810707'}",{'completed_bar_only': True},"{'buy_ce_allowed': True, 'buy_pe_allowed': False, 'research_only': True}",6cc3de64d48b8364ecdeeacab1e4d9897e7c3571662cdd802c8b8ffdf910a5ec,50552.25,2024-08-16 15:04:00+05:30,349,0.015582032066642037,235.95000000000437,0.0,304.59999999999854,32.53000000000175,31.410000000000583,0.0003655418783583787,31.33214285714348,301.5260000000053,51.150000000001455,746.1999999999971,0.6659436008676368,0.265726681127991,0.06832971800437211,0,12,0.0006304383971622585,46.099999999998545,30.69999999999709,0.0,2024-08-16T15:05:00+05:30,50553.4,30,0.0,68.59999999999854,-42.450000000004366,-43.950000000004366,False,False,0.0
BANKNIFTY:2024-08-19,2024-08-19,BANKNIFTY,compression_expansion_up,2024-08-19T11:16:00+05:30,2024-08-19T11:16:00+05:30,UP,{},"{'source_path': '/Users/madhuram/tradebot-structural-edge-discovery-v3/runtime/upstox_candidate_replay.zip!upstox_candidate_replay/20240819/underlying/BANKNIFTY_20240819.parquet', 'source_hash': '4357f109ed631802b3774c34db9c318f71742f8e99de307408af71bf00810707'}",{'completed_bar_only': True},"{'buy_ce_allowed': True, 'buy_pe_allowed': False, 'research_only': True}",0be0c9fe257a17fcff4099c41285046505eb1f16bf7d4874457c334db6b876af,50447.15,2024-08-19 11:15:00+05:30,120,-0.001725368459710106,171.59999999999854,0.0,797.3499999999985,19.859999999997672,22.82999999999932,0.00029015148629346285,22.824999999999168,-44.836776859505335,281.09999999999854,85.30000000000291,0.6748554913294661,0.17630057803464744,0.14884393063588647,7,1,0.00046307497649911156,34.599999999998545,23.349999999998545,0.0,2024-08-19T11:16:00+05:30,50446.75,30,139.15000000000146,0.0,81.34999999999854,79.84999999999854,True,True,0.5846209126841372
BANKNIFTY:2024-08-19,2024-08-19,BANKNIFTY,compression_expansion_up,2024-08-19T11:17:00+05:30,2024-08-19T11:17:00+05:30,UP,{},"{'source_path': '/Users/madhuram/tradebot-structural-edge-discovery-v3/runtime/upstox_candidate_replay.zip!upstox_candidate_replay/20240819/underlying/BANKNIFTY_20240819.parquet', 'source_hash': '4357f109ed631802b3774c34db9c318f71742f8e99de307408af71bf00810707'}",{'completed_bar_only': True},"{'buy_ce_allowed': True, 'buy_pe_allowed': False, 'research_only': True}",94a966069cd85e7f03817203134cf0544b1c7e979b82ad8763b699630d1fd61f,50488.45,2024-08-19 11:16:00+05:30,121,-0.0012710115331427561,171.59999999999854,0.0,797.3499999999985,25.399999999998546,24.68999999999942,0.0003471224813024344,25.07142857142805,-3.507786885245878,239.8000000000029,126.59999999999854,0.8208661417321792,0.17913385826782086,0.0,0,1,0.0008186785576587141,50.80000000000291,41.69999999999709,0.0,2024-08-19T11:17:00+05:30,50489.6,30,96.30000000000291,7.400000000001455,30.05000000000291,28.55000000000291,True,True,0.3120456905503842
BANKNIFTY:2024-08-19,2024-08-19,BANKNIFTY,compression_expansion_up,2024-08-19T13:16:00+05:30,2024-08-19T13:16:00+05:30,UP,{},"{'source_path': '/Users/madhuram/tradebot-structural-edge-discovery-v3/runtime/upstox_candidate_replay.zip!upstox_candidate_replay/20240819/underlying/BANKNIFTY_20240819.parquet', 'source_hash': '4357f109ed631802b3774c34db9c318f71742f8e99de307408af71bf00810707'}",{'completed_bar_only': True},"{'buy_ce_allowed': True, 'buy_pe_allowed': False, 'research_only': True}",8f767b1af42e44c1424f46002a3064197a100007a6e306c9a621630561edec63,50466.25,2024-08-19 13:15:00+05:30,240,-0.0020243135399354005,171.59999999999854,0.0,797.3499999999985,23.68999999999942,19.043333333332946,0.0003231116041098094,19.40714285714265,-10.955394190874358,262.0,125.59999999999854,0.9599666388658166,0.0,0.04003336113418342,0,1,0.001140674982021972,59.94999999999709,57.55000000000291,0.0,2024-08-19T13:16:00+05:30,50466.6,30,4.30000000000291,167.9499999999971,-157.09999999999854,-158.59999999999854,False,False,-36.534883720905164
BANKNIFTY:2024-08-19,2024-08-19,BANKNIFTY,compression_expansion_up,2024-08-19T15:10:00+05:30,2024-08-19T15:10:00+05:30,UP,{},"{'source_path': '/Users/madhuram/tradebot-structural-edge-discovery-v3/runtime/upstox_candidate_replay.zip!upstox_candidate_replay/20240819/underlying/BANKNIFTY_20240819.parquet', 'source_hash': '4357f109ed631802b3774c34db9c318f71742f8e99de307408af71bf00810707'}",{'completed_bar_only': True},"{'buy_ce_allowed': True, 'buy_pe_allowed': False, 'research_only': True}",71462e7fdad1c16cec9f5edced78965b66744da70bfa5fc35abe46fa1a22d475,50345.0,2024-08-19 15:09:00+05:30,354,-0.0037971964494826495,171.59999999999854,0.0,797.3499999999985,19.539999999997963,21.976666666664823,0.0003073876923474093,21.90714285714109,-93.86084507042688,383.25,61.44999999999709,0.8379254457050167,0.11345218800648833,0.048622366288495,4,1,0.000616130699208961,30.849999999998545,25.849999999998545,0.0,2024-08-19T15:10:00+05:30,50340.95,30,91.35000000000582,15.799999999995634,77.90000000000146,76.40000000000146,True,True,0.8527640941433661
BANKNIFTY:2024-08-19,2024-08-19,BANKNIFTY,compression_expansion_up,2024-08-19T15:11:00+05:30,2024-08-19T15:11:00+05:30,UP,{},"{'source_path': '/Users/madhuram/tradebot-structural-edge-discovery-v3/runtime/upstox_candidate_replay.zip!upstox_candidate_replay/20240819/underlying/BANKNIFTY_20240819.parquet', 'source_hash': '4357f109ed631802b3774c34db9c318f71742f8e99de307408af71bf00810707'}",{'completed_bar_only': True},"{'buy_ce_allowed': True, 'buy_pe_allowed': False, 'research_only': True}",2eaad8ec75733120092b9a35355c7a75311bf5d81b9c5dcc8f4531129bf00f7a,50352.4,2024-08-19 15:10:00+05:30,355,-0.0033656068634622793,171.59999999999854,0.0,797.3499999999985,22.479999999997382,22.676666666664822,0.00031033017043876455,22.871428571426804,-86.21797752808925,375.84999999999854,68.84999999999854,0.34230194319896445,0.18535127055299339,0.4723467862480421,5,1,0.00014698579799388156,33.44999999999709,11.450000000004366,0.0,2024-08-19T15:11:00+05:30,50350.05,30,82.25,12.30000000000291,68.79999999999563,67.29999999999563,True,True,0.8364741641336855
BANKNIFTY:2024-08-20,2024-08-20,BANKNIFTY,compression_expansion_up,2024-08-20T09:32:00+05:30,2024-08-20T09:32:00+05:30,UP,{},"{'source_path': '/Users/madhuram/tradebot-structural-edge-discovery-v3/runtime/upstox_candidate_replay.zip!upstox_candidate_replay/20240820/underlying/BANKNIFTY_20240820.parquet', 'source_hash': '4357f109ed631802b3774c34db9c318f71742f8e99de307408af71bf00810707'}",{'completed_bar_only': True},"{'buy_ce_allowed': True, 'buy_pe_allowed': False, 'research_only': True}",d10048d5e435ced4e929962c354c0a44c466d17c82c4ddd15a3433c440b468d1,50479.45,2024-08-20 09:31:00+05:30,16,0.0006763343471736968,105.40000000000146,0.0,444.6999999999971,27.710000000000583,31.300000000000484,0.000331156606646685,30.264285714286547,31.650000000001455,24.55000000000291,80.84999999999854,0.5935050391937097,0.40089585666295346,0.005599104143336884,12,1,0.0005520142076762546,44.650000000001455,26.5,0.0,2024-08-20T09:32:00+05:30,50481.25,30,277.75,8.05000000000291,244.75,243.25,True,True,0.8811881188118812
BANKNIFTY:2024-08-20,2024-08-20,BANKNIFTY,compression_expansion_up,2024-08-20T09:36:00+05:30,2024-08-20T09:36:00+05:30,UP,{},"{'source_path': '/Users/madhuram/tradebot-structural-edge-discovery-v3/runtime/upstox_candidate_replay.zip!upstox_candidate_replay/20240820/underlying/BANKNIFTY_20240820.parquet', 'source_hash': '4357f109ed631802b3774c34db9c318f71742f8e99de307408af71bf00810707'}",{'completed_bar_only': True},"{'buy_ce_allowed': True, 'buy_pe_allowed': False, 'research_only': True}",de31f9b9e14f7a0699d3b5195dbe51b4d16fe86ee064c87845fa60e66a22c604,50541.55,2024-08-20 09:35:00+05:30,20,0.0018733073047085438,105.40000000000146,0.0,444.6999999999971,33.16000000000058,30.640000000000875,0.00030538015785545186,30.796428571429715,80.90000000000873,8.14999999999418,142.95000000000437,0.6055734190783177,0.1747052518755669,0.2197213290461153,0,2,0.0005216251742050648,46.64999999999418,28.25,0.0,2024-08-20T09:36:00+05:30,50539.25,30,238.8000000000029,0.19999999999708962,200.3000000000029,198.8000000000029,True,True,0.8387772194304878
BANKNIFTY:2024-08-20,2024-08-20,BANKNIFTY,compression_expansion_up,2024-08-20T09:58:00+05:30,2024-08-20T09:58:00+05:30,UP,{},"{'source_path': '/Users/madhuram/tradebot-structural-edge-discovery-v3/runtime/upstox_candidate_replay.zip!upstox_candidate_replay/20240820/underlying/BANKNIFTY_20240820.parquet', 'source_hash': '4357f109ed631802b3774c34db9c318f71742f8e99de307408af71bf00810707'}",{'completed_bar_only': True},"{'buy_ce_allowed': True, 'buy_pe_allowed': False, 'research_only': True}",438892c6fc019d9c951fcca8d465fa867303343d26e3918fec62a8e92da29e34,50706.95,2024-08-20 09:57:00+05:30,42,0.004577653000812254,105.40000000000146,0.0,444.6999999999971,38.86000000000204,33.85,0.0004885541475395049,33.97857142857174,153.04767441860895,19.950000000004366,308.34999999999854,0.7417475728154774,0.2582524271845225,0.0,0,5,0.0011599622493987383,77.25,57.299999999995634,0.0,2024-08-20T09:58:00+05:30,50709.0,30,98.09999999999854,7.25,72.09999999999854,70.59999999999854,True,True,0.7349643221202815
BANKNIFTY:2024-08-20,2024-08-20,BANKNIFTY,compression_expansion_up,2024-08-20T10:15:00+05:30,2024-08-20T10:15:00+05:30,UP,{},"{'source_path': '/Users/madhuram/tradebot-structural-edge-discovery-v3/runtime/upstox_candidate_replay.zip!upstox_candidate_replay/20240820/underlying/BANKNIFTY_20240820.parquet', 'source_hash': '4357f109ed631802b3774c34db9c318f71742f8e99de307408af71bf00810707'}",{'completed_bar_only': True},"{'buy_ce_allowed': True, 'buy_pe_allowed': False, 'research_only': True}",d5ece0569f9de4a84ffa0e59f3908697ab1475d97f4f62ad1b55cf90d9e2b22c,50785.0,2024-08-20 10:14:00+05:30,59,0.006905155512273713,105.40000000000146,0.0,444.6999999999971,25.460000000000583,28.346666666666472,0.0002772625740831101,28.26071428571387,176.72416666666686,22.099999999998545,386.40000000000146,0.39344262295081966,0.4830601092895857,0.12349726775959464,6,6,0.000382148541532068,45.75,18.0,0.0,2024-08-20T10:15:00+05:30,50788.95,30,68.65000000000146,67.69999999999709,-14.69999999999709,-16.19999999999709,True,True,-0.21412964311721452
BANKNIFTY:2024-08-20,2024-08-20,BANKNIFTY,compression_expansion_up,2024-08-20T10:24:00+05:30,2024-08-20T10:24:00+05:30,UP,{},"{'source_path': '/Users/madhuram/tradebot-structural-edge-discovery-v3/runtime/upstox_candidate_replay.zip!upstox_candidate_replay/20240820/underlying/BANKNIFTY_20240820.parquet', 'source_hash': '4357f109ed631802b3774c34db9c318f71742f8e99de307408af71bf00810707'}",{'completed_bar_only': True},"{'buy_ce_allowed': True, 'buy_pe_allowed': False, 'research_only': True}",b060a890e32293f6173c8b049fe13a8234aa974215ba37116f0cf7bca07beecb,50760.25,2024-08-20 10:23:00+05:30,68,0.0067068169940409485,105.40000000000146,0.0,444.6999999999971,25.900000000001455,26.18000000000029,0.00025267818189062815,25.878571428572155,131.78260869565565,46.849999999998545,361.65000000000146,0.08333333333333333,0.0,0.9166666666666666,5,6,0.0001645258601155053,39.0,3.25,0.0,2024-08-20T10:24:00+05:30,50756.9,30,100.69999999999709,28.849999999998545,-2.2000000000043656,-3.7000000000043656,True,True,-0.0218470705064988
BANKNIFTY:2024-08-20,2024-08-20,BANKNIFTY,compression_expansion_up,2024-08-20T10:34:00+05:30,2024-08-20T10:34:00+05:30,UP,{},"{'source_path': '/Users/madhuram/tradebot-structural-edge-discovery-v3/runtime/upstox_candidate_replay.zip!upstox_candidate_replay/20240820/underlying/BANKNIFTY_20240820.parquet', 'source_hash': '4357f109ed631802b3774c34db9c318f71742f8e99de307408af71bf00810707'}",{'completed_bar_only': True},"{'buy_ce_allowed': True, 'buy_pe_allowed': False, 'research_only': True}",fb39f61fe80db7b4f05c2eea082ceafd3bff9928715a6b038f1de53021d81e99,50835.0,2024-08-20 10:33:00+05:30,78,0.007491245833651588,105.40000000000146,0.0,444.6999999999971,24.930000000001748,24.29000000000136,0.00025736081336318566,24.91428571428696,187.30632911392604,12.30000000000291,436.40000000000146,0.7372962607861173,0.23585810162996293,0.026845637583919772,0,6,0.0006446564866713356,52.150000000001455,38.44999999999709,0.0,2024-08-20T10:34:00+05:30,50836.1,30,21.5,108.04999999999563,-89.90000000000146,-91.40000000000146,False,False,-4.181395348837277
BANKNIFTY:2024-08-20,2024-08-20,BANKNIFTY,compression_expansion_up,2024-08-20T13:56:00+05:30,2024-08-20T13:56:00+05:30,UP,{},"{'source_path': '/Users/madhuram/tradebot-structural-edge-discovery-v3/runtime/upstox_candidate_replay.zip!upstox_candidate_replay/20240820/underlying/BANKNIFTY_20240820.parquet', 'source_hash': '4357f109ed631802b3774c34db9c318f71742f8e99de307408af71bf00810707'}",{'completed_bar_only': True},"{'buy_ce_allowed': True, 'buy_pe_allowed': False, 'research_only': True}",b409c100ab7238e4a4153710b637d42eab66a0a8dbe40e9d0468f533098e1ea0,50956.6,2024-08-20 13:55:00+05:30,280,0.010372112810982487,105.40000000000146,0.0,444.6999999999971,18.420000000001163,16.97666666666628,0.00012251134433535695,17.36428571428561,117.08042704626132,69.0,558.0,0.6004056795129721,0.3752535496957182,0.02434077079130975,0,16,0.00029543663276832,24.650000000001455,14.799999999995634,0.0,2024-08-20T13:56:00+05:30,50960.95,30,5.350000000005821,107.14999999999418,-78.25,-79.75,False,False,-14.626168224283152
BANKNIFTY:2024-08-21,2024-08-21,BANKNIFTY,compression_expansion_up,2024-08-21T09:35:00+05:30,2024-08-21T09:35:00+05:30,UP,{},"{'source_path': '/Users/madhuram/tradebot-structural-edge-discovery-v3/runtime/upstox_candidate_replay.zip!upstox_candidate_replay/20240821/underlying/BANKNIFTY_20240821.parquet', 'source_hash': '4357f109ed631802b3774c34db9c318f71742f8e99de307408af71bf00810707'}",{'completed_bar_only': True},"{'buy_ce_allowed': True, 'buy_pe_allowed': False, 'research_only': True}",283993d1ec7bc751e04cf83824206543db11b6ed8b1f02263e6ed405ad6d4d80,50536.9,2024-08-21 09:34:00+05:30,19,-0.0047220869455491124,211.9499999999971,0.0,627.0,41.43000000000175,37.05666666666754,0.0004589109707126696,37.03928571428644,-83.5824999999968,227.54999999999563,67.45000000000437,0.8890612878200005,0.11093871217999955,0.0,0,2,0.001161886555100411,64.45000000000437,57.30000000000291,0.0,2024-08-21T09:35:00+05:30,50540.05,30,26.299999999995634,118.40000000000146,-61.05000000000291,-62.55000000000291,False,False,-2.321292775665895
BANKNIFTY:2024-08-21,2024-08-21,BANKNIFTY,compression_expansion_up,2024-08-21T10:07:00+05:30,2024-08-21T10:07:00+05:30,UP,{},"{'source_path': '/Users/madhuram/tradebot-structural-edge-discovery-v3/runtime/upstox_candidate_replay.zip!upstox_candidate_replay/20240821/underlying/BANKNIFTY_20240821.parquet', 'source_hash': '4357f109ed631802b3774c34db9c318f71742f8e99de307408af71bf00810707'}",{'completed_bar_only': True},"{'buy_ce_allowed': True, 'buy_pe_allowed': False, 'research_only': True}",40505172fc34e1f893b81bf51913df866aa2ab546f4c7b6a8677e05e5d31134f,50515.1,2024-08-21 10:06:00+05:30,51,-0.004745746671372266,211.9499999999971,0.0,627.0,28.870000000001163,31.853333333333044,0.0004077925094870544,30.807142857142544,-25.394230769234127,249.34999999999854,93.44999999999709,0.766179540709728,0.04697286012525953,0.1868475991650124,9,2,0.0007151488737890954,47.900000000001455,36.69999999999709,0.0,2024-08-21T10:07:00+05:30,50514.1,30,99.70000000000437,40.299999999995634,24.25,22.75,True,True,0.24322968906719095
BANKNIFTY:2024-08-21,2024-08-21,BANKNIFTY,compression_expansion_up,2024-08-21T11:24:00+05:30,2024-08-21T11:24:00+05:30,UP,{},"{'source_path': '/Users/madhuram/tradebot-structural-edge-discovery-v3/runtime/upstox_candidate_replay.zip!upstox_candidate_replay/20240821/underlying/BANKNIFTY_20240821.parquet', 'source_hash': '4357f109ed631802b3774c34db9c318f71742f8e99de307408af71bf00810707'}",{'completed_bar_only': True},"{'buy_ce_allowed': True, 'buy_pe_allowed': False, 'research_only': True}",4a8e2b436c429dc91145cbd05f017f227091f8b1cd8768695538cde28c9ec29e,50527.75,2024-08-21 11:23:00+05:30,128,-0.004272552154908054,211.9499999999971,0.0,627.0,27.039999999999417,27.710000000000097,0.0003688931839067019,27.671428571428674,3.318217054264096,236.6999999999971,183.90000000000146,0.6491677336748113,0.01536491677333193,0.3354673495518568,9,2,0.000527711277576115,39.049999999995634,25.349999999998545,0.0,2024-08-21T11:24:00+05:30,50527.7,30,162.95000000000437,86.59999999999854,-15.349999999998545,-16.849999999998545,True,True,-0.094200675053686
BANKNIFTY:2024-08-21,2024-08-21,BANKNIFTY,compression_expansion_up,2024-08-21T11:25:00+05:30,2024-08-21T11:25:00+05:30,UP,{},"{'source_path': '/Users/madhuram/tradebot-structural-edge-discovery-v3/runtime/upstox_candidate_replay.zip!upstox_candidate_replay/20240821/underlying/BANKNIFTY_20240821.parquet', 'source_hash': '4357f109ed631802b3774c34db9c318f71742f8e99de307408af71bf00810707'}",{'completed_bar_only': True},"{'buy_ce_allowed': True, 'buy_pe_allowed': False, 'research_only': True}",22d7275341b65fdd83c4ce9e49af19a450fb5be487e17840879d5a46490c572d,50566.05,2024-08-21 11:24:00+05:30,129,-0.003773726268802117,211.9499999999971,0.0,627.0,31.889999999999418,28.53666666666686,0.0003650026910140637,26.28928571428592,41.29807692307804,198.39999999999418,222.20000000000437,0.9434194341944514,0.056580565805548634,0.0,0,2,0.0007579993172068811,40.650000000001455,38.35000000000582,0.0,2024-08-21T11:25:00+05:30,50569.65,30,121.0,128.5500000000029,-56.099999999998545,-57.599999999998545,False,False,-0.46363636363635163
BANKNIFTY:2024-08-21,2024-08-21,BANKNIFTY,compression_expansion_up,2024-08-21T14:01:00+05:30,2024-08-21T14:01:00+05:30,UP,{},"{'source_path': '/Users/madhuram/tradebot-structural-edge-discovery-v3/runtime/upstox_candidate_replay.zip!upstox_candidate_replay/20240821/underlying/BANKNIFTY_20240821.parquet', 'source_hash': '4357f109ed631802b3774c34db9c318f71742f8e99de307408af71bf00810707'}",{'completed_bar_only': True},"{'buy_ce_allowed': True, 'buy_pe_allowed': False, 'research_only': True}",77f5e7751c7d9e5c578137b9c477f74188625792a28a666a989fd75f9ad057a8,50442.85,2024-08-21 14:00:00+05:30,285,-0.005475254884254592,211.9499999999971,0.0,627.0,24.109999999999125,22.399999999999515,0.0002264234438860365,22.817857142856933,-68.53653846154339,321.59999999999854,109.5,0.04496124030998727,0.12868217054268077,0.8263565891473319,0,2,4.460692378760456e-05,32.25,1.4499999999970896,0.0,2024-08-21T14:01:00+05:30,50446.7,30,62.25,33.349999999998545,-24.299999999995634,-25.799999999995634,True,True,-0.3903614457830624
BANKNIFTY:2024-08-21,2024-08-21,BANKNIFTY,compression_expansion_up,2024-08-21T15:02:00+05:30,2024-08-21T15:02:00+05:30,UP,{},"{'source_path': '/Users/madhuram/tradebot-structural-edge-discovery-v3/runtime/upstox_candidate_replay.zip!upstox_candidate_replay/20240821/underlying/BANKNIFTY_20240821.parquet', 'source_hash': '4357f109ed631802b3774c34db9c318f71742f8e99de307408af71bf00810707'}",{'completed_bar_only': True},"{'buy_ce_allowed': True, 'buy_pe_allowed': False, 'research_only': True}",e9d4e916ac5264b06808f5a8b1ea8b0a0fea31d2118a291a894855ef47afa573,50707.45,2024-08-21 15:01:00+05:30,346,-0.001131723551876935,211.9499999999971,0.0,627.0,35.73999999999796,36.82999999999981,0.00042428785677223776,36.253571428571114,198.84625360229984,57.0,374.09999999999854,0.8543417366946314,0.097105508870291,0.04855275443507756,5,2,0.0008971221033515775,53.55000000000291,45.75,0.0,2024-08-21T15:02:00+05:30,50708.35,30,64.09999999999854,98.0,29.349999999998545,27.849999999998545,False,False,0.457878315132593
BANKNIFTY:2024-08-22,2024-08-22,BANKNIFTY,compression_expansion_up,2024-08-22T09:38:00+05:30,2024-08-22T09:38:00+05:30,UP,{},"{'source_path': '/Users/madhuram/tradebot-structural-edge-discovery-v3/runtime/upstox_candidate_replay.zip!upstox_candidate_replay/20240822/underlying/BANKNIFTY_20240822.parquet', 'source_hash': '4357f109ed631802b3774c34db9c318f71742f8e99de307408af71bf00810707'}",{'completed_bar_only': True},"{'buy_ce_allowed': True, 'buy_pe_allowed': False, 'research_only': True}",329ee5ae6caaf8c4330f7c8b5fb71925185c8d711e989e4f7364f6ca4042f24e,51010.25,2024-08-22 09:37:00+05:30,22,0.004505525477110824,132.3000000000029,0.0,439.09999999999854,36.69000000000087,37.57666666666628,0.0005762554174937712,38.29999999999927,131.39782608695532,1.0500000000029104,215.8000000000029,0.8116343490303953,0.01939058171750475,0.1689750692520999,7,1,0.0009536582901064072,54.150000000001455,43.94999999999709,0.0,2024-08-22T09:38:00+05:30,51011.7,30,0.9000000000014552,173.25,-107.84999999999854,-109.34999999999854,False,False,-119.83333333313796
BANKNIFTY:2024-08-22,2024-08-22,BANKNIFTY,compression_expansion_up,2024-08-22T10:23:00+05:30,2024-08-22T10:23:00+05:30,UP,{},"{'source_path': '/Users/madhuram/tradebot-structural-edge-discovery-v3/runtime/upstox_candidate_replay.zip!upstox_candidate_replay/20240822/underlying/BANKNIFTY_20240822.parquet', 'source_hash': '4357f109ed631802b3774c34db9c318f71742f8e99de307408af71bf00810707'}",{'completed_bar_only': True},"{'buy_ce_allowed': True, 'buy_pe_allowed': False, 'research_only': True}",8372bb84b3c9fc6a82252af8359fe501c9155f645b0688b2da1047c9b872b694,50904.15,2024-08-22 10:22:00+05:30,67,0.0028627627976829852,132.3000000000029,0.0,439.09999999999854,16.35,16.20333333333353,0.00021080394854837425,16.721428571428987,6.590441176471359,108.44999999999709,109.70000000000437,0.7984934086629771,0.12806026365352477,0.07344632768349815,0,2,0.000391083685030269,26.55000000000291,21.200000000004366,0.0,2024-08-22T10:23:00+05:30,50905.65,30,77.75,9.900000000001455,18.94999999999709,17.44999999999709,True,True,0.24372990353694005
BANKNIFTY:2024-08-22,2024-08-22,BANKNIFTY,compression_expansion_up,2024-08-22T11:29:00+05:30,2024-08-22T11:29:00+05:30,UP,{},"{'source_path': '/Users/madhuram/tradebot-structural-edge-discovery-v3/runtime/upstox_candidate_replay.zip!upstox_candidate_replay/20240822/underlying/BANKNIFTY_20240822.parquet', 'source_hash': '4357f109ed631802b3774c34db9c318f71742f8e99de307408af71bf00810707'}",{'completed_bar_only': True},"{'buy_ce_allowed': True, 'buy_pe_allowed': False, 'research_only': True}",1aecc49715172c89e6390c72255053c81e0014bd5ba656633a715c4aa854823b,50929.7,2024-08-22 11:28:00+05:30,133,0.0034875447645440053,132.3000000000029,0.0,439.09999999999854,13.85,13.72666666666628,0.00016649150850668685,13.810714285714182,19.402985074622848,82.90000000000146,135.25,0.5543278084712644,0.1307550644568221,0.31491712707191355,0,2,0.0002671060823589144,27.150000000001455,15.049999999995634,0.0,2024-08-22T11:29:00+05:30,50931.1,30,111.34999999999854,2.5499999999956344,61.700000000004366,60.200000000004366,True,True,0.5541086663673568
BANKNIFTY:2024-08-22,2024-08-22,BANKNIFTY,compression_expansion_up,2024-08-22T11:39:00+05:30,2024-08-22T11:39:00+05:30,UP,{},"{'source_path': '/Users/madhuram/tradebot-structural-edge-discovery-v3/runtime/upstox_candidate_replay.zip!upstox_candidate_replay/20240822/underlying/BANKNIFTY_20240822.parquet', 'source_hash': '4357f109ed631802b3774c34db9c318f71742f8e99de307408af71bf00810707'}",{'completed_bar_only': True},"{'buy_ce_allowed': True, 'buy_pe_allowed': False, 'research_only': True}",d524bb2dcfdffe63a055089b0b3cb03ee4cc6a6e9b1f14a1c33e0bfe3d98fd91,50963.5,2024-08-22 11:38:00+05:30,143,0.00405615548201836,132.3000000000029,0.0,439.09999999999854,13.519999999999708,12.906666666666085,0.00014724529613929218,13.232142857142337,50.91736111111095,49.099999999998545,169.0500000000029,0.8264462809915865,0.11983471074384017,0.05371900826457338,0,2,0.0003709912336145038,24.200000000004366,20.0,0.0,2024-08-22T11:39:00+05:30,50963.2,30,79.25,6.149999999994179,47.75,46.25,True,True,0.6025236593059937
BANKNIFTY:2024-08-22,2024-08-22,BANKNIFTY,compression_expansion_up,2024-08-22T12:55:00+05:30,2024-08-22T12:55:00+05:30,UP,{},"{'source_path': '/Users/madhuram/tradebot-structural-edge-discovery-v3/runtime/upstox_candidate_replay.zip!upstox_candidate_replay/20240822/underlying/BANKNIFTY_20240822.parquet', 'source_hash': '4357f109ed631802b3774c34db9c318f71742f8e99de307408af71bf00810707'}",{'completed_bar_only': True},"{'buy_ce_allowed': True, 'buy_pe_allowed': False, 'research_only': True}",c71c8c6199df94087cc33a220c83752d91f95e00e54da20c889ad35eb83f1c32,51056.95,2024-08-22 12:54:00+05:30,219,0.005969919803223273,132.3000000000029,0.0,439.09999999999854,12.149999999998546,14.460000000000097,0.00019559259271083486,14.492857142857247,113.67386363635887,3.75,262.5,0.6770186335404756,0.1552795031056275,0.16770186335389692,5,3,0.00035169184349226335,24.14999999999418,16.349999999998545,0.0,2024-08-22T12:55:00+05:30,51059.25,30,6.75,96.34999999999854,-44.55000000000291,-46.05000000000291,False,False,-6.600000000000431
BANKNIFTY:2024-08-22,2024-08-22,BANKNIFTY,compression_expansion_up,2024-08-22T13:46:00+05:30,2024-08-22T13:46:00+05:30,UP,{},"{'source_path': '/Users/madhuram/tradebot-structural-edge-discovery-v3/runtime/upstox_candidate_replay.zip!upstox_candidate_replay/20240822/underlying/BANKNIFTY_20240822.parquet', 'source_hash': '4357f109ed631802b3774c34db9c318f71742f8e99de307408af71bf00810707'}",{'completed_bar_only': True},"{'buy_ce_allowed': True, 'buy_pe_allowed': False, 'research_only': True}",d89334238eb31082ef5d20fc2fd8120d1c4752d426bcc4ed1ad8cc3769f00915,51077.05,2024-08-22 13:45:00+05:30,270,0.0063798713776935965,132.3000000000029,0.0,439.09999999999854,14.930000000000291,13.790000000000873,0.00011715854228915662,13.975000000000623,119.04059040590073,1.3999999999941792,282.6000000000058,0.716247139588215,0.06407322654436029,0.21967963386742473,0,4,0.00032020712602864876,21.849999999998545,15.650000000001455,0.0,2024-08-22T13:46:00+05:30,51074.05,30,5.94999999999709,99.60000000000582,-75.60000000000582,-77.10000000000582,False,False,-12.70588235294837
BANKNIFTY:2024-08-23,2024-08-23,BANKNIFTY,compression_expansion_up,2024-08-23T09:56:00+05:30,2024-08-23T09:56:00+05:30,UP,{},"{'source_path': '/Users/madhuram/tradebot-structural-edge-discovery-v3/runtime/upstox_candidate_replay.zip!upstox_candidate_replay/20240823/underlying/BANKNIFTY_20240823.parquet', 'source_hash': '4357f109ed631802b3774c34db9c318f71742f8e99de307408af71bf00810707'}",{'completed_bar_only': True},"{'buy_ce_allowed': True, 'buy_pe_allowed': False, 'research_only': True}",2534e1827b8e5f30cab0f9df3de2005f336c8cd69fcd03732bfd2901117ce7e3,51040.3,2024-08-23 09:55:00+05:30,40,0.001088265281589811,259.40000000000146,0.0,285.5500000000029,30.709999999999127,30.266666666665696,0.00038169523158737713,29.799999999999272,93.98536585366674,77.54999999999563,183.60000000000582,0.6680497925311504,0.2147302904563819,0.1172199170124677,0,0,0.0006459853334863652,48.200000000004366,32.200000000004366,0.0,2024-08-23T09:56:00+05:30,51040.9,30,57.599999999998545,115.25,-75.90000000000146,-77.40000000000146,False,False,-1.3177083333333919
BANKNIFTY:2024-08-23,2024-08-23,BANKNIFTY,compression_expansion_up,2024-08-23T13:11:00+05:30,2024-08-23T13:11:00+05:30,UP,{},"{'source_path': '/Users/madhuram/tradebot-structural-edge-discovery-v3/runtime/upstox_candidate_replay.zip!upstox_candidate_replay/20240823/underlying/BANKNIFTY_20240823.parquet', 'source_hash': '4357f109ed631802b3774c34db9c318f71742f8e99de307408af71bf00810707'}",{'completed_bar_only': True},"{'buy_ce_allowed': True, 'buy_pe_allowed': False, 'research_only': True}",7e677cd4e02ff4c944d1ffe478014ec4f259980a7d890873aa94ab58e49fefea,51013.8,2024-08-23 13:10:00+05:30,235,0.0010401814233410823,259.40000000000146,0.0,285.5500000000029,13.659999999999126,13.053333333333041,0.00011541432063229998,13.27142857142826,21.93495762711973,104.04999999999563,157.10000000000582,0.36794582392792763,0.26636568848739184,0.36568848758468053,0,0,0.0001421386076885245,22.14999999999418,8.150000000001455,0.0,2024-08-23T13:11:00+05:30,51012.85,30,18.30000000000291,63.900000000001455,-23.25,-24.75,False,False,-1.2704918032784864
BANKNIFTY:2024-08-23,2024-08-23,BANKNIFTY,compression_expansion_up,2024-08-23T13:56:00+05:30,2024-08-23T13:56:00+05:30,UP,{},"{'source_path': '/Users/madhuram/tradebot-structural-edge-discovery-v3/runtime/upstox_candidate_replay.zip!upstox_candidate_replay/20240823/underlying/BANKNIFTY_20240823.parquet', 'source_hash': '4357f109ed631802b3774c34db9c318f71742f8e99de307408af71bf00810707'}",{'completed_bar_only': True},"{'buy_ce_allowed': True, 'buy_pe_allowed': False, 'research_only': True}",b2e427dd2e7ba528083f630f410626a95bf8f1a26a042e71936bf6a0473c5a15,50972.3,2024-08-23 13:55:00+05:30,280,2.1588671050446734e-05,259.40000000000146,0.0,285.5500000000029,20.530000000001746,19.389999999999418,0.0002170618593871123,18.092857142856833,-18.904982206404384,145.54999999999563,115.60000000000582,0.6142384105960341,0.21523178807943907,0.17052980132452686,0,0,0.0003728904702933189,30.200000000004366,18.55000000000291,0.0,2024-08-23T13:56:00+05:30,50966.8,30,49.099999999998545,36.25,32.849999999998545,31.349999999998545,True,True,0.669042769857424
BANKNIFTY:2024-08-26,2024-08-26,BANKNIFTY,compression_expansion_up,2024-08-26T09:34:00+05:30,2024-08-26T09:34:00+05:30,UP,{},"{'source_path': '/Users/madhuram/tradebot-structural-edge-discovery-v3/runtime/upstox_candidate_replay.zip!upstox_candidate_replay/20240826/underlying/BANKNIFTY_20240826.parquet', 'source_hash': '4357f109ed631802b3774c34db9c318f71742f8e99de307408af71bf00810707'}",{'completed_bar_only': True},"{'buy_ce_allowed': True, 'buy_pe_allowed': False, 'research_only': True}",56c51e16c6eed21c5ffd442ef02cb9b1f037106394e6f9e1de8bb7530e7552f7,51217.55,2024-08-26 09:33:00+05:30,18,0.004442582466908774,139.75,0.0,261.15000000000146,30.090000000000874,30.76333333333411,0.0003478146263039813,31.32142857142961,69.8131578947432,10.75,156.0,0.5912698412698819,0.21329365079364462,0.1954365079364734,14,5,0.0005792384528375827,50.400000000001455,29.80000000000291,0.0,2024-08-26T09:34:00+05:30,51224.65,30,68.65000000000146,28.700000000004366,24.650000000001455,23.150000000001455,True,True,0.3590677348871221
BANKNIFTY:2024-08-26,2024-08-26,BANKNIFTY,compression_expansion_up,2024-08-26T10:35:00+05:30,2024-08-26T10:35:00+05:30,UP,{},"{'source_path': '/Users/madhuram/tradebot-structural-edge-discovery-v3/runtime/upstox_candidate_replay.zip!upstox_candidate_replay/20240826/underlying/BANKNIFTY_20240826.parquet', 'source_hash': '4357f109ed631802b3774c34db9c318f71742f8e99de307408af71bf00810707'}",{'completed_bar_only': True},"{'buy_ce_allowed': True, 'buy_pe_allowed': False, 'research_only': True}",e04966c8ff08347866043e3621b0b9473213423398e88ad909de648d832cc5a8,51222.2,2024-08-26 10:34:00+05:30,79,0.005018509125052613,139.75,0.0,261.15000000000146,19.229999999998835,16.793333333332946,0.0001624732828176688,16.4785714285707,-6.506874999999127,95.65000000000146,160.64999999999418,0.21564482029597462,0.16913319238904798,0.6152219873149773,0,12,0.0001122686168213427,23.64999999999418,5.099999999998545,0.0,2024-08-26T10:35:00+05:30,51218.8,30,38.099999999998545,70.30000000000291,-48.400000000001455,-49.900000000001455,False,False,-1.270341207349168
BANKNIFTY:2024-08-26,2024-08-26,BANKNIFTY,compression_expansion_up,2024-08-26T11:16:00+05:30,2024-08-26T11:16:00+05:30,UP,{},"{'source_path': '/Users/madhuram/tradebot-structural-edge-discovery-v3/runtime/upstox_candidate_replay.zip!upstox_candidate_replay/20240826/underlying/BANKNIFTY_20240826.parquet', 'source_hash': '4357f109ed631802b3774c34db9c318f71742f8e99de307408af71bf00810707'}",{'completed_bar_only': True},"{'buy_ce_allowed': True, 'buy_pe_allowed': False, 'research_only': True}",9b139e497f4ed322648aeabfcd6342af3334a9778e05c92a834e1b549a488566,51222.8,2024-08-26 11:15:00+05:30,120,0.004786961098950565,139.75,0.0,261.15000000000146,13.200000000001456,14.25666666666657,0.0001812036771365057,14.321428571428571,3.2223140495843836,95.04999999999563,161.25,0.8009153318075669,0.0,0.19908466819243303,12,12,0.0003632514520295338,21.85000000000582,17.5,0.0,2024-08-26T11:16:00+05:30,51221.3,30,28.049999999995634,18.700000000004366,0.9499999999970896,-0.5500000000029104,True,True,0.03386809269152362
BANKNIFTY:2024-08-26,2024-08-26,BANKNIFTY,compression_expansion_up,2024-08-26T11:38:00+05:30,2024-08-26T11:38:00+05:30,UP,{},"{'source_path': '/Users/madhuram/tradebot-structural-edge-discovery-v3/runtime/upstox_candidate_replay.zip!upstox_candidate_replay/20240826/underlying/BANKNIFTY_20240826.parquet', 'source_hash': '4357f109ed631802b3774c34db9c318f71742f8e99de307408af71bf00810707'}",{'completed_bar_only': True},"{'buy_ce_allowed': True, 'buy_pe_allowed': False, 'research_only': True}",53761dea06db3b0d699599136fc1584a0da8b43cade79a7f75c552373521de31,51232.55,2024-08-26 11:37:00+05:30,142,0.0051313397309922125,139.75,0.0,261.15000000000146,15.659999999999126,14.35666666666754,0.00013313827238567615,14.242857142857767,13.041258741264755,85.29999999999563,171.0,0.33219178082210044,0.33219178082185125,0.3356164383560483,0,12,0.00016984275879305955,29.19999999999709,9.700000000004366,0.0,2024-08-26T11:38:00+05:30,51234.75,30,14.599999999998545,46.650000000001455,-19.75,-21.25,False,False,-1.352739726027532
BANKNIFTY:2024-08-26,2024-08-26,BANKNIFTY,compression_expansion_up,2024-08-26T12:43:00+05:30,2024-08-26T12:43:00+05:30,UP,{},"{'source_path': '/Users/madhuram/tradebot-structural-edge-discovery-v3/runtime/upstox_candidate_replay.zip!upstox_candidate_replay/20240826/underlying/BANKNIFTY_20240826.parquet', 'source_hash': '4357f109ed631802b3774c34db9c318f71742f8e99de307408af71bf00810707'}",{'completed_bar_only': True},"{'buy_ce_allowed': True, 'buy_pe_allowed': False, 'research_only': True}",3d7c5f464e0556c62e89e576be0dcbe2910af2d0a440809ffb2143feffb79083,51261.4,2024-08-26 12:42:00+05:30,207,0.005565982847785655,139.75,0.0,261.15000000000146,19.140000000000875,17.270000000000678,0.00018749811218873085,17.453571428572364,42.799038461540476,56.44999999999709,199.84999999999854,0.45874125874129945,0.5174825174825175,0.023776223776183072,0,12,0.00036981057697293984,35.75,16.400000000001455,0.0,2024-08-26T12:43:00+05:30,51258.85,30,6.849999999998545,59.349999999998545,-46.549999999995634,-48.049999999995634,False,False,-6.795620437957011
BANKNIFTY:2024-08-27,2024-08-27,BANKNIFTY,compression_expansion_up,2024-08-27T09:54:00+05:30,2024-08-27T09:54:00+05:30,UP,{},"{'source_path': '/Users/madhuram/tradebot-structural-edge-discovery-v3/runtime/upstox_candidate_replay.zip!upstox_candidate_replay/20240827/underlying/BANKNIFTY_20240827.parquet', 'source_hash': '4357f109ed631802b3774c34db9c318f71742f8e99de307408af71bf00810707'}",{'completed_bar_only': True},"{'buy_ce_allowed': True, 'buy_pe_allowed': False, 'research_only': True}",8043927e97157e2c4a1d618d974415fb6de9d211d20bfc42b0d0ddf0ad44d010,51119.15,2024-08-27 09:53:00+05:30,38,-0.001958433136219522,246.75,0.0,256.29999999999563,35.2,31.11666666666715,0.00042303239949709057,30.107142857143376,66.91153846153611,130.34999999999854,181.0500000000029,0.7810320781032395,0.1757322175732086,0.04323570432355189,0,1,0.0011211882049042554,71.69999999999709,56.0,0.0,2024-08-27T09:54:00+05:30,51117.4,30,148.6999999999971,1.0500000000029104,52.849999999998545,51.349999999998545,True,True,0.35541358439811416
BANKNIFTY:2024-08-27,2024-08-27,BANKNIFTY,compression_expansion_up,2024-08-27T10:48:00+05:30,2024-08-27T10:48:00+05:30,UP,{},"{'source_path': '/Users/madhuram/tradebot-structural-edge-discovery-v3/runtime/upstox_candidate_replay.zip!upstox_candidate_replay/20240827/underlying/BANKNIFTY_20240827.parquet', 'source_hash': '4357f109ed631802b3774c34db9c318f71742f8e99de307408af71bf00810707'}",{'completed_bar_only': True},"{'buy_ce_allowed': True, 'buy_pe_allowed': False, 'research_only': True}",b07c89d1375fdb2a64dd61b1e7ea445c45f398331fdb472d0075936d58a5b209,51119.45,2024-08-27 10:47:00+05:30,92,-0.0014150754397435168,246.75,0.0,256.29999999999563,35.58999999999942,34.636666666667345,0.0005825663853393785,34.17857142857195,12.843548387092596,146.65000000000146,181.34999999999854,0.5846153846153846,0.08000000000002985,0.3353846153845855,0,2,0.0005499952535996666,48.75,28.5,0.0,2024-08-27T10:48:00+05:30,51118.95,30,151.3000000000029,8.14999999999418,106.85000000000582,105.35000000000582,True,True,0.7062128222075595
BANKNIFTY:2024-08-27,2024-08-27,BANKNIFTY,compression_expansion_up,2024-08-27T11:09:00+05:30,2024-08-27T11:09:00+05:30,UP,{},"{'source_path': '/Users/madhuram/tradebot-structural-edge-discovery-v3/runtime/upstox_candidate_replay.zip!upstox_candidate_replay/20240827/underlying/BANKNIFTY_20240827.parquet', 'source_hash': '4357f109ed631802b3774c34db9c318f71742f8e99de307408af71bf00810707'}",{'completed_bar_only': True},"{'buy_ce_allowed': True, 'buy_pe_allowed': False, 'research_only': True}",22e83bc46d7df5b3341bfcc78bd9181d070bba74bb805d239f5ead7402708322,51255.1,2024-08-27 11:08:00+05:30,113,0.0009772620440217461,246.75,0.0,256.29999999999563,31.58000000000029,33.82999999999883,0.0004688804886396987,32.59642857142743,135.68377192982007,15.150000000001455,317.0,0.7034540859309355,0.2552653748947233,0.04128053917434119,4,3,0.0007438936290684595,59.349999999998545,41.75,0.0,2024-08-27T11:09:00+05:30,51253.35,30,151.34999999999854,57.150000000001455,121.34999999999854,119.84999999999854,True,True,0.8017839444995025
BANKNIFTY:2024-08-27,2024-08-27,BANKNIFTY,compression_expansion_up,2024-08-27T11:20:00+05:30,2024-08-27T11:20:00+05:30,UP,{},"{'source_path': '/Users/madhuram/tradebot-structural-edge-discovery-v3/runtime/upstox_candidate_replay.zip!upstox_candidate_replay/20240827/underlying/BANKNIFTY_20240827.parquet', 'source_hash': '4357f109ed631802b3774c34db9c318f71742f8e99de307408af71bf00810707'}",{'completed_bar_only': True},"{'buy_ce_allowed': True, 'buy_pe_allowed': False, 'research_only': True}",8e670c8daef49b72e896f5f401680c3e1bb727ec9c92adaf604fe8fa5a36f6c1,51270.95,2024-08-27 11:19:00+05:30,124,0.0013114856630771549,246.75,0.0,256.29999999999563,27.320000000001166,30.000000000000487,0.00039066850035440417,30.21785714285787,142.4331999999995,2.650000000001455,332.84999999999854,0.8231707317073658,0.05386178861791894,0.12296747967471529,7,3,0.0008813917986638664,49.19999999999709,40.5,0.0,2024-08-27T11:20:00+05:30,51271.4,30,133.29999999999563,21.349999999998545,35.75,34.25,True,True,0.2681920480120118
BANKNIFTY:2024-08-27,2024-08-27,BANKNIFTY,compression_expansion_up,2024-08-27T11:21:00+05:30,2024-08-27T11:21:00+05:30,UP,{},"{'source_path': '/Users/madhuram/tradebot-structural-edge-discovery-v3/runtime/upstox_candidate_replay.zip!upstox_candidate_replay/20240827/underlying/BANKNIFTY_20240827.parquet', 'source_hash': '4357f109ed631802b3774c34db9c318f71742f8e99de307408af71bf00810707'}",{'completed_bar_only': True},"{'buy_ce_allowed': True, 'buy_pe_allowed': False, 'research_only': True}",31a540d80f0681bd0b308c3eaeda8b1ac25087af5d51ec2f3246da1577b2b554,51314.9,2024-08-27 11:20:00+05:30,125,0.00211186327713105,246.75,0.0,256.29999999999563,31.040000000000873,31.29666666666744,0.00043253572054682485,32.03214285714369,184.9039682539733,2.900000000001455,376.8000000000029,0.9374999999999706,0.06250000000002941,0.0,8,3,0.0008572105646571515,46.400000000001455,43.5,0.0,2024-08-27T11:21:00+05:30,51311.9,30,92.79999999999563,61.849999999998545,16.150000000001455,14.650000000001455,True,True,0.17403017241381696
BANKNIFTY:2024-08-27,2024-08-27,BANKNIFTY,compression_expansion_up,2024-08-27T11:38:00+05:30,2024-08-27T11:38:00+05:30,UP,{},"{'source_path': '/Users/madhuram/tradebot-structural-edge-discovery-v3/runtime/upstox_candidate_replay.zip!upstox_candidate_replay/20240827/underlying/BANKNIFTY_20240827.parquet', 'source_hash': '4357f109ed631802b3774c34db9c318f71742f8e99de307408af71bf00810707'}",{'completed_bar_only': True},"{'buy_ce_allowed': True, 'buy_pe_allowed': False, 'research_only': True}",9d5b9ae21312d4db89cb6b8f45639ed6f58a55d161854e12a29c49f1c9b1d48f,51366.15,2024-08-27 11:37:00+05:30,142,0.0036696189753016566,246.75,0.0,256.29999999999563,26.480000000001745,31.766666666666666,0.0003375143502520146,31.91785714285756,212.7486013985981,36.69999999999709,428.0500000000029,0.26449912126542224,0.644991212653711,0.09050966608086684,5,7,0.000278470980110912,56.900000000001455,15.05000000000291,0.0,2024-08-27T11:38:00+05:30,51365.55,30,39.14999999999418,97.45000000000437,-63.05000000000291,-64.55000000000291,False,False,-1.610472541507338
BANKNIFTY:2024-08-27,2024-08-27,BANKNIFTY,compression_expansion_up,2024-08-27T12:06:00+05:30,2024-08-27T12:06:00+05:30,UP,{},"{'source_path': '/Users/madhuram/tradebot-structural-edge-discovery-v3/runtime/upstox_candidate_replay.zip!upstox_candidate_replay/20240827/underlying/BANKNIFTY_20240827.parquet', 'source_hash': '4357f109ed631802b3774c34db9c318f71742f8e99de307408af71bf00810707'}",{'completed_bar_only': True},"{'buy_ce_allowed': True, 'buy_pe_allowed': False, 'research_only': True}",34b449d84c18fbaf2b31320f7fe2469cb9ff279689c2c6c65062d22a64b50926,51321.95,2024-08-27 12:05:00+05:30,170,0.00244510963414238,246.75,0.0,256.29999999999563,26.200000000001456,23.540000000000873,0.0002784263425322697,23.2714285714293,139.82046783625265,82.75,383.84999999999854,0.7212055974165091,0.2787944025834908,0.0,0,8,0.0006121985433962251,46.450000000004366,33.5,0.0,2024-08-27T12:06:00+05:30,51325.3,30,18.94999999999709,63.200000000004366,-25.80000000000291,-27.30000000000291,False,False,-1.3614775725597295
BANKNIFTY:2024-08-27,2024-08-27,BANKNIFTY,compression_expansion_up,2024-08-27T12:22:00+05:30,2024-08-27T12:22:00+05:30,UP,{},"{'source_path': '/Users/madhuram/tradebot-structural-edge-discovery-v3/runtime/upstox_candidate_replay.zip!upstox_candidate_replay/20240827/underlying/BANKNIFTY_20240827.parquet', 'source_hash': '4357f109ed631802b3774c34db9c318f71742f8e99de307408af71bf00810707'}",{'completed_bar_only': True},"{'buy_ce_allowed': True, 'buy_pe_allowed': False, 'research_only': True}",22c215683d96d89e761dda926f4ce654d116429dfdc9a5c174c16d2e98a4177d,51306.3,2024-08-27 12:21:00+05:30,186,0.002371814980840749,246.75,0.0,256.29999999999563,20.279999999998836,19.429999999998834,0.00026303605522434253,18.964285714284674,114.57566844920802,98.39999999999418,368.20000000000437,0.7116968698519557,0.15321252059289628,0.13509060955514798,0,8,0.0005128705148207402,30.349999999998545,21.60000000000582,0.0,2024-08-27T12:22:00+05:30,51309.15,30,66.69999999999709,19.400000000001455,49.69999999999709,48.19999999999709,True,True,0.745127436281848
NIFTY:2024-05-30,2024-05-30,NIFTY,compression_expansion_up,2024-05-30T10:23:00+05:30,2024-05-30T10:23:00+05:30,UP,{},"{'source_path': '/Users/madhuram/tradebot-structural-edge-discovery-v3/runtime/upstox_candidate_replay.zip!upstox_candidate_replay/20240530/underlying/NIFTY_20240530.parquet', 'source_hash': '4357f109ed631802b3774c34db9c318f71742f8e99de307408af71bf00810707'}",{'completed_bar_only': True},"{'buy_ce_allowed': True, 'buy_pe_allowed': False, 'research_only': True}",8a3f0ee74659b335c19719b4246465bb4d9f5f4ed38027703d99b04413cb2622,22593.25,2024-05-30 10:22:00+05:30,67,0.0,88.5,0.0,0.0,10.260000000000582,9.92333333333348,0.00028303084906399997,9.825000000000207,-14.295588235294417,112.5,39.25,0.8923512747874618,0.09348441926353084,0.014164305949007331,0,0,0.0006843005075782838,17.650000000001455,15.75,0.0,2024-05-30T10:23:00+05:30,22593.1,30,24.75,23.049999999999272,8.200000000000728,6.700000000000728,True,True,0.3313131313131607
NIFTY:2024-05-30,2024-05-30,NIFTY,compression_expansion_up,2024-05-30T10:37:00+05:30,2024-05-30T10:37:00+05:30,UP,{},"{'source_path': '/Users/madhuram/tradebot-structural-edge-discovery-v3/runtime/upstox_candidate_replay.zip!upstox_candidate_replay/20240530/underlying/NIFTY_20240530.parquet', 'source_hash': '4357f109ed631802b3774c34db9c318f71742f8e99de307408af71bf00810707'}",{'completed_bar_only': True},"{'buy_ce_allowed': True, 'buy_pe_allowed': False, 'research_only': True}",fe87867fdfe10720d8e4ec9c24d9f67b2f2324ac58b0e3aa794f47a5fd280543,22617.65,2024-05-30 10:36:00+05:30,81,0.0,88.5,0.0,0.0,13.559999999999855,11.409999999999854,0.00040067531087088835,10.964285714285454,14.030487804877339,88.09999999999854,63.650000000001455,0.8703703703703703,0.0074074074072996154,0.12222222222233002,0,0,0.0010423075050567387,27.0,23.5,0.0,2024-05-30T10:37:00+05:30,22617.75,30,0.0,43.150000000001455,-28.450000000000728,-29.950000000000728,False,False,0.0
NIFTY:2024-05-30,2024-05-30,NIFTY,compression_expansion_up,2024-05-30T12:01:00+05:30,2024-05-30T12:01:00+05:30,UP,{},"{'source_path': '/Users/madhuram/tradebot-structural-edge-discovery-v3/runtime/upstox_candidate_replay.zip!upstox_candidate_replay/20240530/underlying/NIFTY_20240530.parquet', 'source_hash': '4357f109ed631802b3774c34db9c318f71742f8e99de307408af71bf00810707'}",{'completed_bar_only': True},"{'buy_ce_allowed': True, 'buy_pe_allowed': False, 'research_only': True}",ad037cbb655d10fd01230d562ca5287b3a39f8d1dc62e5469863807cdba4447d,22565.45,2024-05-30 12:00:00+05:30,165,0.0,88.5,0.0,0.0,7.069999999999709,7.923333333332751,0.000284679352073612,7.532142857142389,-20.622289156624902,140.29999999999927,24.549999999999272,0.8447653429604302,0.1552346570395699,0.0,4,0,0.0005054524575409669,13.849999999998545,11.700000000000728,0.0,2024-05-30T12:01:00+05:30,22564.7,30,22.200000000000728,13.450000000000728,2.599999999998545,1.0999999999985448,True,True,0.11711711711704773
NIFTY:2024-05-30,2024-05-30,NIFTY,compression_expansion_up,2024-05-30T12:04:00+05:30,2024-05-30T12:04:00+05:30,UP,{},"{'source_path': '/Users/madhuram/tradebot-structural-edge-discovery-v3/runtime/upstox_candidate_replay.zip!upstox_candidate_replay/20240530/underlying/NIFTY_20240530.parquet', 'source_hash': '4357f109ed631802b3774c34db9c318f71742f8e99de307408af71bf00810707'}",{'completed_bar_only': True},"{'buy_ce_allowed': True, 'buy_pe_allowed': False, 'research_only': True}",d77b7f1bc0cd1f193a994c140fe440bb234e6e1d9d688a44b281814069cb66e9,22563.75,2024-05-30 12:03:00+05:30,168,0.0,88.5,0.0,0.0,7.85,7.23999999999966,0.0002492399798060735,7.38571428571387,-21.86183431952668,142.0,22.849999999998545,0.6622222222222869,0.25333333333320396,0.08444444444450912,0,0,0.000303676480367443,11.25,7.450000000000728,0.0,2024-05-30T12:04:00+05:30,22563.7,30,23.200000000000728,12.450000000000728,5.0,3.5,True,True,0.2155172413793036
NIFTY:2024-05-30,2024-05-30,NIFTY,compression_expansion_up,2024-05-30T12:49:00+05:30,2024-05-30T12:49:00+05:30,UP,{},"{'source_path': '/Users/madhuram/tradebot-structural-edge-discovery-v3/runtime/upstox_candidate_replay.zip!upstox_candidate_replay/20240530/underlying/NIFTY_20240530.parquet', 'source_hash': '4357f109ed631802b3774c34db9c318f71742f8e99de307408af71bf00810707'}",{'completed_bar_only': True},"{'buy_ce_allowed': True, 'buy_pe_allowed': False, 'research_only': True}",b7f37a89cc2c46e2ed42da9a8c8dda57b25f3a32a5190127b8fdd34b73e83480,22582.6,2024-05-30 12:48:00+05:30,213,0.0,88.5,0.0,0.0,7.989999999999418,8.193333333333431,0.00018966610619184594,8.26071428571439,0.6724299065390369,123.15000000000146,41.69999999999709,0.4337349397588355,0.5662650602411645,0.0,6,0,0.0002524704454551774,12.450000000000728,5.399999999997817,0.0,2024-05-30T12:49:00+05:30,22581.9,30,20.349999999998545,29.55000000000291,-28.80000000000291,-30.30000000000291,False,False,-1.4152334152336594
NIFTY:2024-05-30,2024-05-30,NIFTY,compression_expansion_up,2024-05-30T13:49:00+05:30,2024-05-30T13:49:00+05:30,UP,{},"{'source_path': '/Users/madhuram/tradebot-structural-edge-discovery-v3/runtime/upstox_candidate_replay.zip!upstox_candidate_replay/20240530/underlying/NIFTY_20240530.parquet', 'source_hash': '4357f109ed631802b3774c34db9c318f71742f8e99de307408af71bf00810707'}",{'completed_bar_only': True},"{'buy_ce_allowed': True, 'buy_pe_allowed': False, 'research_only': True}",eb4539c5fe7bec3f160bfa27673249247c7a9796598179e39e96be3947661eec,22549.65,2024-05-30 13:48:00+05:30,273,0.0,88.5,0.0,0.0,8.53000000000029,9.756666666666812,0.00022363570692323303,9.61428571428587,-27.719343065691646,156.09999999999854,31.100000000002183,0.6058394160585744,0.3284671532846541,0.0656934306567715,4,0,0.0003016477508390736,13.700000000000728,8.30000000000291,0.0,2024-05-30T13:49:00+05:30,22551.05,30,14.5,30.049999999999272,-15.299999999999272,-16.799999999999272,False,False,-1.0551724137930534
NIFTY:2024-05-30,2024-05-30,NIFTY,compression_expansion_up,2024-05-30T15:28:00+05:30,2024-05-30T15:28:00+05:30,UP,{},"{'source_path': '/Users/madhuram/tradebot-structural-edge-discovery-v3/runtime/upstox_candidate_replay.zip!upstox_candidate_replay/20240530/underlying/NIFTY_20240530.parquet', 'source_hash': '4357f109ed631802b3774c34db9c318f71742f8e99de307408af71bf00810707'}",{'completed_bar_only': True},"{'buy_ce_allowed': True, 'buy_pe_allowed': False, 'research_only': True}",162aa1b542cdbb0cff88b30eb1e14e71d994dd266b0036863a26a47b9ed6bdbd,22538.6,2024-05-30 15:27:00+05:30,372,0.0,88.5,0.0,0.0,12.519999999999708,12.916666666666666,0.00037932419111543,13.357142857142858,-19.39048257372633,167.15000000000146,121.59999999999854,0.8661971830984845,0.0,0.1338028169015155,16,0,0.0008126001873864919,21.299999999999272,18.44999999999709,0.0,2024-05-30T15:28:00+05:30,22536.5,30,24.400000000001455,3.150000000001455,20.599999999998545,19.099999999998545,True,True,0.8442622950818572
NIFTY:2024-05-30,2024-05-30,NIFTY,compression_expansion_up,2024-05-30T15:29:00+05:30,2024-05-30T15:29:00+05:30,UP,{},"{'source_path': '/Users/madhuram/tradebot-structural-edge-discovery-v3/runtime/upstox_candidate_replay.zip!upstox_candidate_replay/20240530/underlying/NIFTY_20240530.parquet', 'source_hash': '4357f109ed631802b3774c34db9c318f71742f8e99de307408af71bf00810707'}",{'completed_bar_only': True},"{'buy_ce_allowed': True, 'buy_pe_allowed': False, 'research_only': True}",8dafcc9df5862b608d1ffdc64028f366294663b86e8d646d5600ac6e12ebc061,22555.95,2024-05-30 15:28:00+05:30,373,0.0,88.5,0.0,0.0,15.6,14.166666666666666,0.0004120841248519905,13.246428571428623,-2.0350267379690195,149.79999999999927,138.95000000000073,0.7627450980392442,0.11372549019599283,0.12352941176476295,0,0,0.0007697904927548294,25.5,19.450000000000728,0.0,2024-05-30T15:29:00+05:30,22555.95,30,4.950000000000728,7.5,1.1499999999978172,-0.3500000000021828,False,False,0.2323232323227572
NIFTY:2024-05-31,2024-05-31,NIFTY,compression_expansion_up,2024-05-31T09:33:00+05:30,2024-05-31T09:33:00+05:30,UP,{},"{'source_path': '/Users/madhuram/tradebot-structural-edge-discovery-v3/runtime/upstox_candidate_replay.zip!upstox_candidate_replay/20240531/underlying/NIFTY_20240531.parquet', 'source_hash': '4357f109ed631802b3774c34db9c318f71742f8e99de307408af71bf00810707'}",{'completed_bar_only': True},"{'buy_ce_allowed': True, 'buy_pe_allowed': False, 'research_only': True}",02107284f2174822f41246c53067232b294bf8df24ce7d013b86ded845b42aa6,22641.8,2024-05-31 09:32:00+05:30,17,0.0030921528033302156,89.54999999999927,0.0,288.75,16.61999999999971,15.940000000000145,0.0003645836534601357,16.235714285714494,26.430555555554747,5.850000000002183,84.09999999999854,0.6443965517241491,0.2521551724138793,0.10344827586197164,0,3,0.0006187079610038282,23.200000000000728,14.950000000000728,0.0,2024-05-31T09:33:00+05:30,22641.85,30,11.900000000001455,82.79999999999927,-78.14999999999782,-79.64999999999782,False,False,-6.567226890755316
NIFTY:2024-05-31,2024-05-31,NIFTY,compression_expansion_up,2024-05-31T10:19:00+05:30,2024-05-31T10:19:00+05:30,UP,{},"{'source_path': '/Users/madhuram/tradebot-structural-edge-discovery-v3/runtime/upstox_candidate_replay.zip!upstox_candidate_replay/20240531/underlying/NIFTY_20240531.parquet', 'source_hash': '4357f109ed631802b3774c34db9c318f71742f8e99de307408af71bf00810707'}",{'completed_bar_only': True},"{'buy_ce_allowed': True, 'buy_pe_allowed': False, 'research_only': True}",895f64f91d8eb29ad30ca0afe9be7d48a725aff2b59925ebd35422cab7604a04,22569.25,2024-05-31 10:18:00+05:30,63,-0.0005231168900257247,89.54999999999927,0.0,288.75,12.889999999999418,12.790000000000145,0.00034796658092834385,13.175000000000052,-28.849218750001455,84.5,39.70000000000073,0.958000000000029,0.008000000000029104,0.03399999999994179,0,3,0.0010800668887418485,25.0,23.950000000000728,0.0,2024-05-31T10:19:00+05:30,22568.3,30,19.0,52.04999999999927,-43.5,-45.0,False,False,-2.289473684210526
NIFTY:2024-05-31,2024-05-31,NIFTY,compression_expansion_up,2024-05-31T10:43:00+05:30,2024-05-31T10:43:00+05:30,UP,{},"{'source_path': '/Users/madhuram/tradebot-structural-edge-discovery-v3/runtime/upstox_candidate_replay.zip!upstox_candidate_replay/20240531/underlying/NIFTY_20240531.parquet', 'source_hash': '4357f109ed631802b3774c34db9c318f71742f8e99de307408af71bf00810707'}",{'completed_bar_only': True},"{'buy_ce_allowed': True, 'buy_pe_allowed': False, 'research_only': True}",218dd104c3aa91e923844e0a2f560e097001d42c5448f677a1fde5a0c40fe25f,22540.5,2024-05-31 10:42:00+05:30,87,-0.001447437835537273,89.54999999999927,0.0,288.75,9.86999999999971,9.17333333333348,0.00023995674233829117,8.878571428571377,-40.367613636364695,113.25,24.25,0.9469026548671731,0.014749262536872523,0.03834808259595441,0,3,0.0006881243063263653,16.950000000000728,16.049999999999272,0.0,2024-05-31T10:43:00+05:30,22540.2,30,13.799999999999272,44.35000000000218,-11.200000000000728,-12.700000000000728,False,False,-0.8115942028986463
NIFTY:2024-05-31,2024-05-31,NIFTY,compression_expansion_up,2024-05-31T11:13:00+05:30,2024-05-31T11:13:00+05:30,UP,{},"{'source_path': '/Users/madhuram/tradebot-structural-edge-discovery-v3/runtime/upstox_candidate_replay.zip!upstox_candidate_replay/20240531/underlying/NIFTY_20240531.parquet', 'source_hash': '4357f109ed631802b3774c34db9c318f71742f8e99de307408af71bf00810707'}",{'completed_bar_only': True},"{'buy_ce_allowed': True, 'buy_pe_allowed': False, 'research_only': True}",c5665e96fb7fa73050a8d0dee030437e12c9d89778629dff4760ba6516b7e2df,22528.05,2024-05-31 11:12:00+05:30,117,-0.00170456308656685,89.54999999999927,0.0,288.75,7.71000000000131,9.030000000000534,0.0002856542790506658,9.14642857142904,-37.73262711864663,125.70000000000073,32.20000000000073,0.7203065134096338,0.2567049808430219,0.022988505747344328,4,3,0.00038633441906621435,13.05000000000291,9.399999999997817,0.0,2024-05-31T11:13:00+05:30,22528.3,30,32.25,22.049999999999272,29.400000000001455,27.900000000001455,True,True,0.9116279069767893
NIFTY:2024-05-31,2024-05-31,NIFTY,compression_expansion_up,2024-05-31T12:00:00+05:30,2024-05-31T12:00:00+05:30,UP,{},"{'source_path': '/Users/madhuram/tradebot-structural-edge-discovery-v3/runtime/upstox_candidate_replay.zip!upstox_candidate_replay/20240531/underlying/NIFTY_20240531.parquet', 'source_hash': '4357f109ed631802b3774c34db9c318f71742f8e99de307408af71bf00810707'}",{'completed_bar_only': True},"{'buy_ce_allowed': True, 'buy_pe_allowed': False, 'research_only': True}",ee576ef025387e731fb087fee1a75bba0fb57a1457ebf25c76a13b1524fa5733,22526.7,2024-05-31 11:59:00+05:30,164,-0.0016092494159266606,89.54999999999927,0.0,288.75,6.359999999999855,7.9933333333336725,0.00022529061338302125,7.953571428571585,-28.756969696969463,127.04999999999927,30.850000000002183,0.49166666666678793,0.30833333333339397,0.1999999999998181,5,3,0.0004196782466776572,12.0,5.900000000001455,0.0,2024-05-31T12:00:00+05:30,22527.35,30,3.9500000000007276,26.799999999999272,1.1000000000021828,-0.3999999999978172,False,False,0.27848101265872915
NIFTY:2024-05-31,2024-05-31,NIFTY,compression_expansion_up,2024-05-31T13:20:00+05:30,2024-05-31T13:20:00+05:30,UP,{},"{'source_path': '/Users/madhuram/tradebot-structural-edge-discovery-v3/runtime/upstox_candidate_replay.zip!upstox_candidate_replay/20240531/underlying/NIFTY_20240531.parquet', 'source_hash': '4357f109ed631802b3774c34db9c318f71742f8e99de307408af71bf00810707'}",{'completed_bar_only': True},"{'buy_ce_allowed': True, 'buy_pe_allowed': False, 'research_only': True}",c6ab373e65271bc77327075011684d4f8be355726cd79159e7492ab8fce3796b,22554.3,2024-05-31 13:19:00+05:30,244,-0.0006915782613899191,89.54999999999927,0.0,288.75,8.379999999999564,8.739999999999661,0.0002777816504935044,8.939285714285559,8.435714285715221,99.45000000000073,58.45000000000073,0.9660377358490017,0.015094339622696422,0.018867924528301886,7,3,0.0005434288363304063,13.25,12.799999999999272,0.0,2024-05-31T13:20:00+05:30,22555.1,30,50.150000000001455,15.149999999997817,50.150000000001455,48.650000000001455,True,True,1.0
NIFTY:2024-05-31,2024-05-31,NIFTY,compression_expansion_up,2024-05-31T13:43:00+05:30,2024-05-31T13:43:00+05:30,UP,{},"{'source_path': '/Users/madhuram/tradebot-structural-edge-discovery-v3/runtime/upstox_candidate_replay.zip!upstox_candidate_replay/20240531/underlying/NIFTY_20240531.parquet', 'source_hash': '4357f109ed631802b3774c34db9c318f71742f8e99de307408af71bf00810707'}",{'completed_bar_only': True},"{'buy_ce_allowed': True, 'buy_pe_allowed': False, 'research_only': True}",e375d737b37f9a31fee3bd4197236d5b7dfe77ca3e153ffa48a30ee8c49edbed,22560.05,2024-05-31 13:42:00+05:30,267,-1.3299581949775123e-05,89.54999999999927,0.0,288.75,7.039999999999418,6.539999999999176,0.00013115607927041795,6.446428571427792,13.519029850747756,93.70000000000073,64.20000000000073,0.35135135135135137,0.27567567567559703,0.37297297297305165,0,3,0.00027046260189456106,9.25,3.25,0.0,2024-05-31T13:43:00+05:30,22561.2,30,70.20000000000073,4.299999999999272,44.0,42.5,True,True,0.6267806267806203
NIFTY:2024-05-31,2024-05-31,NIFTY,compression_expansion_up,2024-05-31T14:03:00+05:30,2024-05-31T14:03:00+05:30,UP,{},"{'source_path': '/Users/madhuram/tradebot-structural-edge-discovery-v3/runtime/upstox_candidate_replay.zip!upstox_candidate_replay/20240531/underlying/NIFTY_20240531.parquet', 'source_hash': '4357f109ed631802b3774c34db9c318f71742f8e99de307408af71bf00810707'}",{'completed_bar_only': True},"{'buy_ce_allowed': True, 'buy_pe_allowed': False, 'research_only': True}",0537c9c37b91b8caa14ba99ef74289e135474161ae2ef8f987f4ea47def4aaf0,22626.05,2024-05-31 14:02:00+05:30,287,0.0024249571088482444,89.54999999999927,0.0,288.75,9.53000000000029,9.900000000000485,0.0002348487265352493,9.828571428572104,75.99861111111022,27.700000000000728,130.20000000000073,0.9437086092716142,0.04635761589409239,0.009933774834293488,9,3,0.0005837388918248365,15.099999999998545,14.25,0.0,2024-05-31T14:03:00+05:30,22624.9,30,6.5,149.10000000000218,-140.25,-141.75,False,False,-21.576923076923077
NIFTY:2024-06-03,2024-06-03,NIFTY,compression_expansion_up,2024-06-03T10:14:00+05:30,2024-06-03T10:14:00+05:30,UP,{},"{'source_path': '/Users/madhuram/tradebot-structural-edge-discovery-v3/runtime/upstox_candidate_replay.zip!upstox_candidate_replay/20240603/underlying/NIFTY_20240603.parquet', 'source_hash': '4357f109ed631802b3774c34db9c318f71742f8e99de307408af71bf00810707'}",{'completed_bar_only': True},"{'buy_ce_allowed': True, 'buy_pe_allowed': False, 'research_only': True}",7f54d63080d44fe5584a367346523e7a6984424846d30c89ec26ba946bad5d1c,23203.5,2024-06-03 10:13:00+05:30,58,0.027857537211009125,256.0,0.0,188.65000000000146,14.789999999999418,15.529999999999564,0.0004718176201515329,15.685714285713923,62.99322033898352,135.20000000000073,141.20000000000073,1.0,0.0,0.0,6,0,0.001063469499134051,24.849999999998545,24.849999999998545,0.0,2024-06-03T10:14:00+05:30,23201.5,30,6.0,65.65000000000146,-55.29999999999927,-56.79999999999927,False,False,-9.216666666666546
NIFTY:2024-06-03,2024-06-03,NIFTY,compression_expansion_up,2024-06-03T10:23:00+05:30,2024-06-03T10:23:00+05:30,UP,{},"{'source_path': '/Users/madhuram/tradebot-structural-edge-discovery-v3/runtime/upstox_candidate_replay.zip!upstox_candidate_replay/20240603/underlying/NIFTY_20240603.parquet', 'source_hash': '4357f109ed631802b3774c34db9c318f71742f8e99de307408af71bf00810707'}",{'completed_bar_only': True},"{'buy_ce_allowed': True, 'buy_pe_allowed': False, 'research_only': True}",1335638ed88b27a24ef82faa94bb82ae67a740fb4eb0d2c613b964a3bdd1cc3b,23196.65,2024-06-03 10:22:00+05:30,67,0.028192342059692822,256.0,0.0,188.65000000000146,12.539999999999418,12.373333333333237,0.00040704525493572317,12.607142857142858,49.56029411764757,142.04999999999927,134.35000000000218,0.4026974951830611,0.07321772639683098,0.5240847784201079,0,0,0.0006988647761367872,25.950000000000728,10.450000000000728,0.0,2024-06-03T10:23:00+05:30,23196.7,30,10.799999999999272,62.25,-32.35000000000218,-33.85000000000218,False,False,-2.9953703703707744
NIFTY:2024-06-03,2024-06-03,NIFTY,compression_expansion_up,2024-06-03T11:02:00+05:30,2024-06-03T11:02:00+05:30,UP,{},"{'source_path': '/Users/madhuram/tradebot-structural-edge-discovery-v3/runtime/upstox_candidate_replay.zip!upstox_candidate_replay/20240603/underlying/NIFTY_20240603.parquet', 'source_hash': '4357f109ed631802b3774c34db9c318f71742f8e99de307408af71bf00810707'}",{'completed_bar_only': True},"{'buy_ce_allowed': True, 'buy_pe_allowed': False, 'research_only': True}",667e622408f5390814fd592ff4bfdb5fd59b208c6dd239887e594ca181afbd7d,23145.45,2024-06-03 11:01:00+05:30,106,0.02635645851856608,256.0,0.0,188.65000000000146,8.709999999999855,8.713333333332896,0.0002586601222143596,8.914285714285402,-7.116355140187807,193.25,83.15000000000146,0.05078125000010214,0.914062499999849,0.03515625000004885,4,0,3.672562930456813e-05,12.80000000000291,0.6500000000014552,0.0,2024-06-03T11:02:00+05:30,23146.25,30,48.0,6.400000000001455,47.599999999998545,46.099999999998545,True,True,0.9916666666666364
NIFTY:2024-06-03,2024-06-03,NIFTY,compression_expansion_up,2024-06-03T11:04:00+05:30,2024-06-03T11:04:00+05:30,UP,{},"{'source_path': '/Users/madhuram/tradebot-structural-edge-discovery-v3/runtime/upstox_candidate_replay.zip!upstox_candidate_replay/20240603/underlying/NIFTY_20240603.parquet', 'source_hash': '4357f109ed631802b3774c34db9c318f71742f8e99de307408af71bf00810707'}",{'completed_bar_only': True},"{'buy_ce_allowed': True, 'buy_pe_allowed': False, 'research_only': True}",1614599ba2263a517af2ba79c5cbe7bbe68eab1ba2df3a6d64897c7883052700,23154.65,2024-06-03 11:03:00+05:30,108,0.02645401754732164,256.0,0.0,188.65000000000146,9.070000000001164,9.143333333333187,0.0002764268338267052,9.274999999999636,2.1243119266073336,184.04999999999927,92.35000000000218,0.5168918918918886,0.0,0.48310810810811144,6,0,0.0003715536776254247,14.80000000000291,7.650000000001455,0.0,2024-06-03T11:04:00+05:30,23154.25,30,40.0,9.299999999999272,30.099999999998545,28.599999999998545,True,True,0.7524999999999636
NIFTY:2024-06-03,2024-06-03,NIFTY,compression_expansion_up,2024-06-03T11:13:00+05:30,2024-06-03T11:13:00+05:30,UP,{},"{'source_path': '/Users/madhuram/tradebot-structural-edge-discovery-v3/runtime/upstox_candidate_replay.zip!upstox_candidate_replay/20240603/underlying/NIFTY_20240603.parquet', 'source_hash': '4357f109ed631802b3774c34db9c318f71742f8e99de307408af71bf00810707'}",{'completed_bar_only': True},"{'buy_ce_allowed': True, 'buy_pe_allowed': False, 'research_only': True}",c9b269ceea29adc332e7a0405bcd0d7daa5cb7de210ac85f6512bc496ba75d3a,23165.8,2024-06-03 11:12:00+05:30,117,0.026997243957437623,256.0,0.0,188.65000000000146,8.710000000000582,8.476666666667006,0.00018445282970441527,8.514285714286286,12.933474576271692,172.90000000000146,103.5,0.4517241379309843,0.13103448275872104,0.41724137931029465,0,0,0.0003173787537593675,14.5,6.549999999999272,0.0,2024-06-03T11:13:00+05:30,23165.75,30,37.54999999999927,2.599999999998545,36.70000000000073,35.20000000000073,True,True,0.9773635153129544
NIFTY:2024-06-03,2024-06-03,NIFTY,compression_expansion_up,2024-06-03T11:54:00+05:30,2024-06-03T11:54:00+05:30,UP,{},"{'source_path': '/Users/madhuram/tradebot-structural-edge-discovery-v3/runtime/upstox_candidate_replay.zip!upstox_candidate_replay/20240603/underlying/NIFTY_20240603.parquet', 'source_hash': '4357f109ed631802b3774c34db9c318f71742f8e99de307408af71bf00810707'}",{'completed_bar_only': True},"{'buy_ce_allowed': True, 'buy_pe_allowed': False, 'research_only': True}",7d4be3ad5ebdfda645cce2c6390841860b9506dc04042133aebc994372df7d97,23211.85,2024-06-03 11:53:00+05:30,158,0.028826475746603693,256.0,0.0,188.65000000000146,7.119999999999709,6.8866666666658904,0.00021524748074778767,7.035714285713506,49.53710691823653,126.85000000000218,149.54999999999927,0.9190283400809621,0.08097165991903787,0.0,0,0,0.0004935259736900122,12.349999999998545,11.349999999998545,0.0,2024-06-03T11:54:00+05:30,23212.1,30,36.35000000000218,7.5,13.650000000001455,12.150000000001455,True,True,0.37551581843192944
NIFTY:2024-06-03,2024-06-03,NIFTY,compression_expansion_up,2024-06-03T14:40:00+05:30,2024-06-03T14:40:00+05:30,UP,{},"{'source_path': '/Users/madhuram/tradebot-structural-edge-discovery-v3/runtime/upstox_candidate_replay.zip!upstox_candidate_replay/20240603/underlying/NIFTY_20240603.parquet', 'source_hash': '4357f109ed631802b3774c34db9c318f71742f8e99de307408af71bf00810707'}",{'completed_bar_only': True},"{'buy_ce_allowed': True, 'buy_pe_allowed': False, 'research_only': True}",b74e1a023764bcdb797735a732b18c35c1a07a04e1e8342ff534873e9977fbe5,23256.15,2024-06-03 14:39:00+05:30,324,0.03073109405798997,256.0,0.0,188.65000000000146,8.680000000000291,9.189999999999904,0.0002610170896267945,9.521428571428519,60.714307692309376,82.54999999999927,193.85000000000218,0.9694656488551251,0.030534351144874936,0.0,5,0,0.0005420858689830776,13.099999999998545,12.700000000000728,0.0,2024-06-03T14:40:00+05:30,23255.9,30,9.799999999999272,31.75,-9.80000000000291,-11.30000000000291,False,False,-1.0000000000003713
NIFTY:2024-06-03,2024-06-03,NIFTY,compression_expansion_up,2024-06-03T15:16:00+05:30,2024-06-03T15:16:00+05:30,UP,{},"{'source_path': '/Users/madhuram/tradebot-structural-edge-discovery-v3/runtime/upstox_candidate_replay.zip!upstox_candidate_replay/20240603/underlying/NIFTY_20240603.parquet', 'source_hash': '4357f109ed631802b3774c34db9c318f71742f8e99de307408af71bf00810707'}",{'completed_bar_only': True},"{'buy_ce_allowed': True, 'buy_pe_allowed': False, 'research_only': True}",9ae7dee5a4d6272a85e260a41babee710fdd4f6bd49e2c91fa53b50bff75b7ba,23282.45,2024-06-03 15:15:00+05:30,360,0.03169116359097037,256.0,0.0,188.65000000000146,10.239999999998691,10.043333333332946,0.0002673632133129242,9.324999999999429,81.81080332410056,56.25,220.15000000000146,0.9278074866312772,0.0614973262031014,0.01069518716562143,0,0,0.0007629584735673323,18.69999999999709,17.350000000002183,0.0,2024-06-03T15:16:00+05:30,23282.55,30,25.700000000000728,9.099999999998545,23.400000000001455,21.900000000001455,True,True,0.9105058365759063
NIFTY:2024-06-04,2024-06-04,NIFTY,compression_expansion_up,2024-06-04T09:34:00+05:30,2024-06-04T09:34:00+05:30,UP,{},"{'source_path': '/Users/madhuram/tradebot-structural-edge-discovery-v3/runtime/upstox_candidate_replay.zip!upstox_candidate_replay/20240604/underlying/NIFTY_20240604.parquet', 'source_hash': '4357f109ed631802b3774c34db9c318f71742f8e99de307408af71bf00810707'}",{'completed_bar_only': True},"{'buy_ce_allowed': True, 'buy_pe_allowed': False, 'research_only': True}",95a6ef4b3a1f893ab4fa2ffd525c7d83527a6c84e8122b15f3ba06129b8a1356,22614.45,2024-06-04 09:33:00+05:30,18,-0.03680390629860615,700.0999999999985,0.0,276.40000000000146,92.43999999999942,82.03666666666638,0.00327523184956189,83.73571428571397,-48.97631578947039,565.0499999999993,224.60000000000218,0.9937238493723892,0.0,0.006276150627610741,0,0,0.007479991357246529,167.29999999999927,166.25,0.0,2024-06-04T09:34:00+05:30,22618.95,30,261.84999999999854,73.90000000000146,137.59999999999854,136.09999999999854,True,True,0.5254916937177747
NIFTY:2024-06-04,2024-06-04,NIFTY,compression_expansion_up,2024-06-04T09:57:00+05:30,2024-06-04T09:57:00+05:30,UP,{},"{'source_path': '/Users/madhuram/tradebot-structural-edge-discovery-v3/runtime/upstox_candidate_replay.zip!upstox_candidate_replay/20240604/underlying/NIFTY_20240604.parquet', 'source_hash': '4357f109ed631802b3774c34db9c318f71742f8e99de307408af71bf00810707'}",{'completed_bar_only': True},"{'buy_ce_allowed': True, 'buy_pe_allowed': False, 'research_only': True}",407db1923e3dd58bc8d00887ec325546775908a34459fa14ca3a6345628037f9,22860.15,2024-06-04 09:56:00+05:30,41,-0.021258519820045986,700.0999999999985,0.0,276.40000000000146,41.10999999999986,44.11333333333314,0.0011893660358163758,44.87499999999974,189.0059523809541,319.34999999999854,470.3000000000029,0.6944055944056148,0.2888111888111583,0.01678321678322696,4,0,0.0021414825108609925,71.5,49.650000000001455,0.0,2024-06-04T09:57:00+05:30,22858.85,30,0.0,216.39999999999782,-104.19999999999709,-105.69999999999709,False,False,0.0
NIFTY:2024-06-04,2024-06-04,NIFTY,compression_expansion_up,2024-06-04T12:31:00+05:30,2024-06-04T12:31:00+05:30,UP,{},"{'source_path': '/Users/madhuram/tradebot-structural-edge-discovery-v3/runtime/upstox_candidate_replay.zip!upstox_candidate_replay/20240604/underlying/NIFTY_20240604.parquet', 'source_hash': '4357f109ed631802b3774c34db9c318f71742f8e99de307408af71bf00810707'}",{'completed_bar_only': True},"{'buy_ce_allowed': True, 'buy_pe_allowed': False, 'research_only': True}",c090d17426b17111350e4d662e051a255638bef26c1cf5369ef0f220fb799e08,21450.1,2024-06-04 12:30:00+05:30,195,-0.0862290530958833,700.0999999999985,0.0,276.40000000000146,67.90999999999913,62.70666666666584,0.0025775168423288284,61.582142857141925,-899.375510204085,1729.4000000000015,168.64999999999782,0.8601789709172254,0.1398210290827746,0.0,0,0,0.007325972922076929,178.79999999999927,153.79999999999927,0.0,2024-06-04T12:31:00+05:30,21451.95,30,553.5999999999985,26.150000000001455,390.75,389.25,True,True,0.7058345375722562
NIFTY:2024-06-04,2024-06-04,NIFTY,compression_expansion_up,2024-06-04T13:35:00+05:30,2024-06-04T13:35:00+05:30,UP,{},"{'source_path': '/Users/madhuram/tradebot-structural-edge-discovery-v3/runtime/upstox_candidate_replay.zip!upstox_candidate_replay/20240604/underlying/NIFTY_20240604.parquet', 'source_hash': '4357f109ed631802b3774c34db9c318f71742f8e99de307408af71bf00810707'}",{'completed_bar_only': True},"{'buy_ce_allowed': True, 'buy_pe_allowed': False, 'research_only': True}",bf1d283f99cddb4d80e08c0a8a016c692caa35c1bfcd9786cf8cae03c6fde4ef,22062.8,2024-06-04 13:34:00+05:30,259,-0.05668295006210857,700.0999999999985,0.0,276.40000000000146,56.439999999999415,56.24333333333319,0.0018444346255056365,55.800000000000054,-163.62192307692385,1116.7000000000007,781.3499999999985,0.9629171817058086,0.0,0.03708281829419136,0,0,0.003529647217218823,80.89999999999782,77.89999999999782,0.0,2024-06-04T13:35:00+05:30,22061.55,30,210.15000000000146,92.95000000000073,-25.5,-27.0,True,True,-0.121341898643825
NIFTY:2024-06-04,2024-06-04,NIFTY,compression_expansion_up,2024-06-04T14:33:00+05:30,2024-06-04T14:33:00+05:30,UP,{},"{'source_path': '/Users/madhuram/tradebot-structural-edge-discovery-v3/runtime/upstox_candidate_replay.zip!upstox_candidate_replay/20240604/underlying/NIFTY_20240604.parquet', 'source_hash': '4357f109ed631802b3774c34db9c318f71742f8e99de307408af71bf00810707'}",{'completed_bar_only': True},"{'buy_ce_allowed': True, 'buy_pe_allowed': False, 'research_only': True}",ea15c1124b78bba78f0d855b797de4f79a82cdb6f22e8c73e7da0e7857a33de8,22065.6,2024-06-04 14:32:00+05:30,317,-0.05581407323022658,700.0999999999985,0.0,276.40000000000146,56.85,52.423333333333964,0.001937928704840957,51.767857142857665,-130.4345911949713,1113.9000000000015,784.1499999999978,0.5880350194552287,0.2378404669260788,0.17412451361869244,0,0,0.002879250985694526,102.79999999999927,60.44999999999709,0.0,2024-06-04T14:33:00+05:30,22062.45,30,17.0,306.8500000000022,-299.5,-301.0,False,False,-17.61764705882353
NIFTY:2024-06-05,2024-06-05,NIFTY,compression_expansion_up,2024-06-05T09:28:00+05:30,2024-06-05T09:28:00+05:30,UP,{},"{'source_path': '/Users/madhuram/tradebot-structural-edge-discovery-v3/runtime/upstox_candidate_replay.zip!upstox_candidate_replay/20240605/underlying/NIFTY_20240605.parquet', 'source_hash': '4357f109ed631802b3774c34db9c318f71742f8e99de307408af71bf00810707'}",{'completed_bar_only': True},"{'buy_ce_allowed': True, 'buy_pe_allowed': False, 'research_only': True}",5af05e4d91c0b40bce0d217e4044f7216bdf54f2c567488330d7bf9bc3236f02,21963.5,2024-06-05 09:27:00+05:30,12,-0.005987329773668056,339.6499999999978,0.0,1898.0499999999993,64.0800000000003,62.98846153846143,0.0025377123663564804,62.98846153846143,22.757692307692196,168.09999999999854,171.54999999999927,0.9097190234914542,0.03592814371258729,0.05435283279595852,0,0,0.004401559409619393,108.55000000000291,98.75,0.0,2024-06-05T09:28:00+05:30,21959.4,30,95.54999999999927,138.5,-110.40000000000146,-111.90000000000146,False,False,-1.1554160125588937
NIFTY:2024-06-05,2024-06-05,NIFTY,compression_expansion_up,2024-06-05T09:56:00+05:30,2024-06-05T09:56:00+05:30,UP,{},"{'source_path': '/Users/madhuram/tradebot-structural-edge-discovery-v3/runtime/upstox_candidate_replay.zip!upstox_candidate_replay/20240605/underlying/NIFTY_20240605.parquet', 'source_hash': '4357f109ed631802b3774c34db9c318f71742f8e99de307408af71bf00810707'}",{'completed_bar_only': True},"{'buy_ce_allowed': True, 'buy_pe_allowed': False, 'research_only': True}",abcc875817a46e0229ee121e9c22372df28291042ebbca48373d1d89e4185d57,21885.3,2024-06-05 09:55:00+05:30,40,-0.006687442746443275,339.6499999999978,0.0,1898.0499999999993,32.409999999999854,29.343333333333188,0.0008626039027510909,29.02142857142826,-57.74390243902599,246.29999999999927,93.34999999999854,0.8254879448908915,0.1745120551091085,0.0,0,0,0.0016224367673005613,43.55000000000291,35.95000000000073,0.0,2024-06-05T09:56:00+05:30,21882.1,30,195.20000000000073,43.0,108.45000000000073,106.95000000000073,True,True,0.5555840163934442
NIFTY:2024-06-05,2024-06-05,NIFTY,compression_expansion_up,2024-06-05T11:18:00+05:30,2024-06-05T11:18:00+05:30,UP,{},"{'source_path': '/Users/madhuram/tradebot-structural-edge-discovery-v3/runtime/upstox_candidate_replay.zip!upstox_candidate_replay/20240605/underlying/NIFTY_20240605.parquet', 'source_hash': '4357f109ed631802b3774c34db9c318f71742f8e99de307408af71bf00810707'}",{'completed_bar_only': True},"{'buy_ce_allowed': True, 'buy_pe_allowed': False, 'research_only': True}",7b0578dd514fbbf8f12d271e180f7d4daa3b22cb0b34e39f74977c3aa26dba1c,22349.55,2024-06-05 11:17:00+05:30,122,0.014920589458753604,339.6499999999978,0.0,1898.0499999999993,28.040000000000145,26.253333333333043,0.0007671219059578457,26.414285714285402,313.2829268292662,13.950000000000728,557.5999999999985,0.6319796954313933,0.3540609137055891,0.013959390863017514,0,6,0.0011063904124775092,39.400000000001455,24.899999999997817,0.0,2024-06-05T11:18:00+05:30,22349.25,30,95.75,74.25,-47.04999999999927,-48.54999999999927,True,True,-0.49138381201043624
NIFTY:2024-06-05,2024-06-05,NIFTY,compression_expansion_up,2024-06-05T13:20:00+05:30,2024-06-05T13:20:00+05:30,UP,{},"{'source_path': '/Users/madhuram/tradebot-structural-edge-discovery-v3/runtime/upstox_candidate_replay.zip!upstox_candidate_replay/20240605/underlying/NIFTY_20240605.parquet', 'source_hash': '4357f109ed631802b3774c34db9c318f71742f8e99de307408af71bf00810707'}",{'completed_bar_only': True},"{'buy_ce_allowed': True, 'buy_pe_allowed': False, 'research_only': True}",65f1cef6fe2ea0492e62f41e9d1aff38b2965408495a2dbe3f533094ffcfd4f5,22399.4,2024-06-05 13:19:00+05:30,244,0.017105032857574743,339.6499999999978,0.0,1898.0499999999993,18.509999999999856,18.76999999999971,0.000648620560271237,18.73214285714234,213.8151020408186,45.599999999998545,607.4500000000007,0.9112627986348597,0.08020477815694892,0.008532423208191338,5,8,0.001159856883940602,29.299999999999272,26.700000000000728,0.0,2024-06-05T13:20:00+05:30,22397.85,30,46.05000000000291,20.049999999999272,30.450000000000728,28.950000000000728,True,True,0.6612377850162606
NIFTY:2024-06-05,2024-06-05,NIFTY,compression_expansion_up,2024-06-05T13:34:00+05:30,2024-06-05T13:34:00+05:30,UP,{},"{'source_path': '/Users/madhuram/tradebot-structural-edge-discovery-v3/runtime/upstox_candidate_replay.zip!upstox_candidate_replay/20240605/underlying/NIFTY_20240605.parquet', 'source_hash': '4357f109ed631802b3774c34db9c318f71742f8e99de307408af71bf00810707'}",{'completed_bar_only': True},"{'buy_ce_allowed': True, 'buy_pe_allowed': False, 'research_only': True}",9804242ffafa772cfecf4f31ccb8e85ad077c10f0eab7525a698d573120e722c,22413.2,2024-06-05 13:33:00+05:30,258,0.01762557139902124,339.6499999999978,0.0,1898.0499999999993,19.179999999999563,17.91333333333314,0.0006385590179426449,17.099999999999845,216.1326254826272,31.799999999999272,621.25,0.9587458745874577,0.0330033003300338,0.00825082508250845,0,8,0.0013559488626337934,30.299999999999272,29.049999999999272,0.0,2024-06-05T13:34:00+05:30,22414.15,30,115.25,14.55000000000291,107.44999999999709,105.94999999999709,True,True,0.9323210412147253
NIFTY:2024-06-06,2024-06-06,NIFTY,compression_expansion_up,2024-06-06T10:37:00+05:30,2024-06-06T10:37:00+05:30,UP,{},"{'source_path': '/Users/madhuram/tradebot-structural-edge-discovery-v3/runtime/upstox_candidate_replay.zip!upstox_candidate_replay/20240606/underlying/NIFTY_20240606.parquet', 'source_hash': '4357f109ed631802b3774c34db9c318f71742f8e99de307408af71bf00810707'}",{'completed_bar_only': True},"{'buy_ce_allowed': True, 'buy_pe_allowed': False, 'research_only': True}",1354026251394fe1ac5a2019f04590d17b00f027f3b3330efaf3cbeb2b562c08,22872.1,2024-06-06 10:36:00+05:30,81,0.01201213839542823,156.90000000000146,0.0,878.4500000000007,13.840000000000874,15.313333333333867,0.000468787633201128,15.400000000000675,102.72195121951154,2.650000000001455,229.5,0.8929712460063175,0.08466453674126252,0.02236421725241993,6,5,0.0012563803987146738,31.299999999999272,27.94999999999709,0.0,2024-06-06T10:37:00+05:30,22872.3,30,34.650000000001455,30.549999999999272,26.850000000002183,25.350000000002183,True,True,0.7748917748918054
NIFTY:2024-06-06,2024-06-06,NIFTY,compression_expansion_up,2024-06-06T11:10:00+05:30,2024-06-06T11:10:00+05:30,UP,{},"{'source_path': '/Users/madhuram/tradebot-structural-edge-discovery-v3/runtime/upstox_candidate_replay.zip!upstox_candidate_replay/20240606/underlying/NIFTY_20240606.parquet', 'source_hash': '4357f109ed631802b3774c34db9c318f71742f8e99de307408af71bf00810707'}",{'completed_bar_only': True},"{'buy_ce_allowed': True, 'buy_pe_allowed': False, 'research_only': True}",32419d512fbbf23d0f75c6f31c112bdfeb9324a07f2fddb6759fd447a1d2e748,22909.1,2024-06-06 11:09:00+05:30,114,0.014220528950516103,156.90000000000146,0.0,878.4500000000007,10.040000000000873,11.676666666667007,0.00033077643486474693,10.832142857143221,109.02086956521453,0.5500000000029104,266.5,0.8628571428570597,0.031428571428737735,0.10571428571420256,10,7,0.000666117756515483,17.5,15.099999999998545,0.0,2024-06-06T11:10:00+05:30,22909.8,30,0.3500000000021828,121.95000000000073,-114.39999999999782,-115.89999999999782,False,False,-326.8571428550982
NIFTY:2024-06-06,2024-06-06,NIFTY,compression_expansion_up,2024-06-06T12:21:00+05:30,2024-06-06T12:21:00+05:30,UP,{},"{'source_path': '/Users/madhuram/tradebot-structural-edge-discovery-v3/runtime/upstox_candidate_replay.zip!upstox_candidate_replay/20240606/underlying/NIFTY_20240606.parquet', 'source_hash': '4357f109ed631802b3774c34db9c318f71742f8e99de307408af71bf00810707'}",{'completed_bar_only': True},"{'buy_ce_allowed': True, 'buy_pe_allowed': False, 'research_only': True}",13d246209876c91f96a8383f9554aa991c2d898cc24e4c488fe765c3319057b0,22766.6,2024-06-06 12:20:00+05:30,185,0.007604217427900654,156.90000000000146,0.0,878.4500000000007,22.220000000000436,23.22666666666628,0.0005817125831986531,22.353571428570962,-36.03924731182997,143.5500000000029,124.0,0.6601503759397621,0.01954887218049489,0.320300751879743,17,8,0.0009716634790828405,33.25,21.94999999999709,0.0,2024-06-06T12:21:00+05:30,22765.8,30,39.650000000001455,65.54999999999927,-5.149999999997817,-6.649999999997817,False,False,-0.12988650693562745
NIFTY:2024-06-06,2024-06-06,NIFTY,compression_expansion_up,2024-06-06T13:27:00+05:30,2024-06-06T13:27:00+05:30,UP,{},"{'source_path': '/Users/madhuram/tradebot-structural-edge-discovery-v3/runtime/upstox_candidate_replay.zip!upstox_candidate_replay/20240606/underlying/NIFTY_20240606.parquet', 'source_hash': '4357f109ed631802b3774c34db9c318f71742f8e99de307408af71bf00810707'}",{'completed_bar_only': True},"{'buy_ce_allowed': True, 'buy_pe_allowed': False, 'research_only': True}",f97f4cfb3baddb3e78230297161f881cca64922a999ca59bc4b5070218bd142a,22746.25,2024-06-06 13:26:00+05:30,251,0.006230895317414675,156.90000000000146,0.0,878.4500000000007,23.589999999999417,23.183333333333334,0.0007166798422820443,23.16428571428566,-39.16468253968196,163.90000000000146,103.65000000000146,0.9408369408369581,0.03751803751801888,0.021645021645023008,0,8,0.0014617147410849185,34.64999999999782,32.599999999998545,0.0,2024-06-06T13:27:00+05:30,22741.35,30,107.0,16.299999999999272,16.5,15.0,True,True,0.1542056074766355
NIFTY:2024-06-06,2024-06-06,NIFTY,compression_expansion_up,2024-06-06T14:34:00+05:30,2024-06-06T14:34:00+05:30,UP,{},"{'source_path': '/Users/madhuram/tradebot-structural-edge-discovery-v3/runtime/upstox_candidate_replay.zip!upstox_candidate_replay/20240606/underlying/NIFTY_20240606.parquet', 'source_hash': '4357f109ed631802b3774c34db9c318f71742f8e99de307408af71bf00810707'}",{'completed_bar_only': True},"{'buy_ce_allowed': True, 'buy_pe_allowed': False, 'research_only': True}",2fbf03e96edf518b910423831c69c0d98a7c944cb92ed2d536e86918640c86e2,22727.1,2024-06-06 14:33:00+05:30,318,0.005810038541620584,156.90000000000146,0.0,878.4500000000007,18.590000000000146,19.376666666666765,0.0006128945397168819,18.532142857142908,-54.76661442006298,183.0500000000029,84.5,0.6690962099124658,0.0,0.33090379008753423,6,8,0.0009909886102374976,34.29999999999927,22.94999999999709,0.0,2024-06-06T14:34:00+05:30,22726.15,30,93.75,56.650000000001455,91.69999999999709,90.19999999999709,True,True,0.9781333333333023
NIFTY:2024-06-07,2024-06-07,NIFTY,compression_expansion_up,2024-06-07T09:43:00+05:30,2024-06-07T09:43:00+05:30,UP,{},"{'source_path': '/Users/madhuram/tradebot-structural-edge-discovery-v3/runtime/upstox_candidate_replay.zip!upstox_candidate_replay/20240607/underlying/NIFTY_20240607.parquet', 'source_hash': '4357f109ed631802b3774c34db9c318f71742f8e99de307408af71bf00810707'}",{'completed_bar_only': True},"{'buy_ce_allowed': True, 'buy_pe_allowed': False, 'research_only': True}",723866558bc2102fe91eb4220815bf08959cf155fbb3615779ed41d8e9bb96d2,22946.35,2024-06-07 09:42:00+05:30,27,0.0036391009691869665,154.29999999999927,0.0,267.5500000000029,14.259999999999128,15.256666666666327,0.00043333590650501913,15.096428571428207,43.61428571428405,2.5,157.29999999999927,0.6461187214611519,0.11415525114156388,0.23972602739728416,16,5,0.0006563081901156398,21.899999999997817,14.149999999997817,0.0,2024-06-07T09:43:00+05:30,22945.05,30,59.79999999999927,40.70000000000073,42.150000000001455,40.650000000001455,True,True,0.7048494983277921
NIFTY:2024-06-07,2024-06-07,NIFTY,compression_expansion_up,2024-06-07T10:39:00+05:30,2024-06-07T10:39:00+05:30,UP,{},"{'source_path': '/Users/madhuram/tradebot-structural-edge-discovery-v3/runtime/upstox_candidate_replay.zip!upstox_candidate_replay/20240607/underlying/NIFTY_20240607.parquet', 'source_hash': '4357f109ed631802b3774c34db9c318f71742f8e99de307408af71bf00810707'}",{'completed_bar_only': True},"{'buy_ce_allowed': True, 'buy_pe_allowed': False, 'research_only': True}",275a4b9fb57b01702b968f8370f6561e60a0097ec3583e26e1c652dd3bafc9fa,23016.2,2024-06-07 10:38:00+05:30,83,0.006363503077808551,154.29999999999927,0.0,267.5500000000029,13.169999999999709,13.586666666666618,0.0004191524627001976,12.892857142857142,73.95714285714348,0.4500000000007276,227.15000000000146,0.9374999999999706,0.019396551724168685,0.04310344827586072,14,10,0.0009197631664206174,23.200000000000728,21.75,0.0,2024-06-07T10:39:00+05:30,23016.95,30,65.39999999999782,0.0,57.79999999999927,56.29999999999927,True,True,0.883792048929682
NIFTY:2024-06-07,2024-06-07,NIFTY,compression_expansion_up,2024-06-07T10:40:00+05:30,2024-06-07T10:40:00+05:30,UP,{},"{'source_path': '/Users/madhuram/tradebot-structural-edge-discovery-v3/runtime/upstox_candidate_replay.zip!upstox_candidate_replay/20240607/underlying/NIFTY_20240607.parquet', 'source_hash': '4357f109ed631802b3774c34db9c318f71742f8e99de307408af71bf00810707'}",{'completed_bar_only': True},"{'buy_ce_allowed': True, 'buy_pe_allowed': False, 'research_only': True}",a924b8af8f36acf496fd00fed78a869c67ea12a020805ec6f3d14bd818788753,23041.75,2024-06-07 10:39:00+05:30,84,0.007348226731527195,154.29999999999927,0.0,267.5500000000029,16.129999999999562,13.739999999999903,0.00045877724800724446,14.203571428571324,98.33647058823772,0.7999999999992724,252.70000000000073,0.9687500000000266,0.031249999999973355,0.0,0,10,0.0011100876773750823,25.599999999998545,24.799999999999272,0.0,2024-06-07T10:40:00+05:30,23041.65,30,40.69999999999709,19.200000000000728,36.44999999999709,34.94999999999709,True,True,0.8955773955773881
NIFTY:2024-06-07,2024-06-07,NIFTY,compression_expansion_up,2024-06-07T11:19:00+05:30,2024-06-07T11:19:00+05:30,UP,{},"{'source_path': '/Users/madhuram/tradebot-structural-edge-discovery-v3/runtime/upstox_candidate_replay.zip!upstox_candidate_replay/20240607/underlying/NIFTY_20240607.parquet', 'source_hash': '4357f109ed631802b3774c34db9c318f71742f8e99de307408af71bf00810707'}",{'completed_bar_only': True},"{'buy_ce_allowed': True, 'buy_pe_allowed': False, 'research_only': True}",4ea858282b6762be546ba317dfcf6759c1646cf474f2ba947b185eec0573718b,23073.65,2024-06-07 11:18:00+05:30,123,0.009357062985113134,154.29999999999927,0.0,267.5500000000029,10.61999999999971,10.26333333333314,0.00030459389927130806,10.121428571428364,95.82338709677424,9.25,284.6000000000022,0.7322033898307058,0.15593220338978117,0.11186440677951304,0,15,0.00045744067363040486,14.75,10.80000000000291,0.0,2024-06-07T11:19:00+05:30,23073.2,30,108.45000000000073,35.29999999999927,95.04999999999927,93.54999999999927,True,True,0.8764407561087934
NIFTY:2024-06-07,2024-06-07,NIFTY,compression_expansion_up,2024-06-07T11:47:00+05:30,2024-06-07T11:47:00+05:30,UP,{},"{'source_path': '/Users/madhuram/tradebot-structural-edge-discovery-v3/runtime/upstox_candidate_replay.zip!upstox_candidate_replay/20240607/underlying/NIFTY_20240607.parquet', 'source_hash': '4357f109ed631802b3774c34db9c318f71742f8e99de307408af71bf00810707'}",{'completed_bar_only': True},"{'buy_ce_allowed': True, 'buy_pe_allowed': False, 'research_only': True}",00796e88cab710b80ee6dc97895cb96dfc66ea731a33dc775df003ce3fd67d62,23160.4,2024-06-07 11:46:00+05:30,151,0.012344058068059691,154.29999999999927,0.0,267.5500000000029,13.36999999999971,14.386666666666619,0.0004462475912491181,14.649999999999896,162.13651315789684,2.399999999997817,371.3500000000022,0.9242902208202599,0.07570977917974013,0.0,6,18,0.0012169157777561779,31.700000000000728,29.30000000000291,0.0,2024-06-07T11:47:00+05:30,23161.8,30,68.35000000000218,19.25,-17.049999999999272,-18.549999999999272,True,True,-0.24945135332843787
NIFTY:2024-06-07,2024-06-07,NIFTY,compression_expansion_up,2024-06-07T12:39:00+05:30,2024-06-07T12:39:00+05:30,UP,{},"{'source_path': '/Users/madhuram/tradebot-structural-edge-discovery-v3/runtime/upstox_candidate_replay.zip!upstox_candidate_replay/20240607/underlying/NIFTY_20240607.parquet', 'source_hash': '4357f109ed631802b3774c34db9c318f71742f8e99de307408af71bf00810707'}",{'completed_bar_only': True},"{'buy_ce_allowed': True, 'buy_pe_allowed': False, 'research_only': True}",65d7a0e1430b0d11288d3ae56025869c92c959a2b419bc65ca523add52278843,23202.05,2024-06-07 12:38:00+05:30,203,0.01489120991901195,154.29999999999927,0.0,267.5500000000029,12.319999999999709,11.646666666666473,0.0003369299205457145,11.446428571428312,153.9463235294097,28.100000000002183,413.0,0.7544378698225827,0.14792899408285934,0.09763313609455801,0,19,0.0005541372707984493,16.899999999997817,12.75,0.0,2024-06-07T12:39:00+05:30,23201.95,30,48.04999999999927,30.150000000001455,-9.650000000001455,-11.150000000001455,True,True,-0.2008324661810947
NIFTY:2024-06-07,2024-06-07,NIFTY,compression_expansion_up,2024-06-07T12:48:00+05:30,2024-06-07T12:48:00+05:30,UP,{},"{'source_path': '/Users/madhuram/tradebot-structural-edge-discovery-v3/runtime/upstox_candidate_replay.zip!upstox_candidate_replay/20240607/underlying/NIFTY_20240607.parquet', 'source_hash': '4357f109ed631802b3774c34db9c318f71742f8e99de307408af71bf00810707'}",{'completed_bar_only': True},"{'buy_ce_allowed': True, 'buy_pe_allowed': False, 'research_only': True}",1ccd567a9861a4d4f60b227844273a209aaa2d625dee6635ad0b87385badbbd6,23243.05,2024-06-07 12:47:00+05:30,212,0.016460202940603755,154.29999999999927,0.0,267.5500000000029,9.959999999999855,10.67333333333348,0.00031139145356950373,10.871428571428623,187.67934272300408,2.7000000000007276,454.0,0.8689320388349069,0.13106796116509312,0.0,5,19,0.0007793342935076275,20.599999999998545,17.899999999997817,0.0,2024-06-07T12:48:00+05:30,23243.35,30,6.650000000001455,71.54999999999927,-62.099999999998545,-63.599999999998545,False,False,-9.338345864659392
NIFTY:2024-06-07,2024-06-07,NIFTY,compression_expansion_up,2024-06-07T13:12:00+05:30,2024-06-07T13:12:00+05:30,UP,{},"{'source_path': '/Users/madhuram/tradebot-structural-edge-discovery-v3/runtime/upstox_candidate_replay.zip!upstox_candidate_replay/20240607/underlying/NIFTY_20240607.parquet', 'source_hash': '4357f109ed631802b3774c34db9c318f71742f8e99de307408af71bf00810707'}",{'completed_bar_only': True},"{'buy_ce_allowed': True, 'buy_pe_allowed': False, 'research_only': True}",92dae61b758e77cf9d7d854c8865525243434d524d1d0b0299ce45cdbcea2fcd,23196.05,2024-06-07 13:11:00+05:30,236,0.01474021895877506,154.29999999999927,0.0,267.5500000000029,11.440000000000145,12.620000000000436,0.00039286056693860346,12.292857142857558,125.35886075949384,53.95000000000073,407.0,0.5483870967742756,0.07795698924735704,0.3736559139783674,4,20,0.00043345122056415164,18.599999999998545,10.200000000000728,0.0,2024-06-07T13:12:00+05:30,23197.15,30,23.75,45.30000000000291,16.25,14.75,False,False,0.6842105263157895
NIFTY:2024-06-10,2024-06-10,NIFTY,compression_expansion_up,2024-06-10T09:25:00+05:30,2024-06-10T09:25:00+05:30,UP,{},"{'source_path': '/Users/madhuram/tradebot-structural-edge-discovery-v3/runtime/upstox_candidate_replay.zip!upstox_candidate_replay/20240610/underlying/NIFTY_20240610.parquet', 'source_hash': '4357f109ed631802b3774c34db9c318f71742f8e99de307408af71bf00810707'}",{'completed_bar_only': True},"{'buy_ce_allowed': True, 'buy_pe_allowed': False, 'research_only': True}",d2b9679e12c62a185ed8fa262f0d50bd5e21899465da5b2ddc252dd3be8957e2,23383.7,2024-06-10 09:24:00+05:30,9,0.0034400441769570447,98.15000000000146,0.0,531.1500000000015,24.859999999999125,28.154999999999564,0.0006821184050679833,28.154999999999564,2.775000000001455,28.200000000000728,69.95000000000073,0.8410513141427177,0.06508135168957441,0.09386733416770793,5,1,0.001481855831702461,39.95000000000073,33.60000000000218,0.0,2024-06-10T09:25:00+05:30,23385.15,30,23.94999999999709,143.8000000000029,-102.95000000000073,-104.45000000000073,False,False,-4.298538622129989
NIFTY:2024-06-10,2024-06-10,NIFTY,compression_expansion_up,2024-06-10T10:20:00+05:30,2024-06-10T10:20:00+05:30,UP,{},"{'source_path': '/Users/madhuram/tradebot-structural-edge-discovery-v3/runtime/upstox_candidate_replay.zip!upstox_candidate_replay/20240610/underlying/NIFTY_20240610.parquet', 'source_hash': '4357f109ed631802b3774c34db9c318f71742f8e99de307408af71bf00810707'}",{'completed_bar_only': True},"{'buy_ce_allowed': True, 'buy_pe_allowed': False, 'research_only': True}",a3f11af4d73498ad6b3b129382a233b73cc42a782264dc814eb6c7fd09c90563,23339.35,2024-06-10 10:19:00+05:30,64,0.0018843964667030018,98.15000000000146,0.0,531.1500000000015,12.629999999999564,14.283333333333333,0.00047346086374384043,14.75,17.545384615383227,72.55000000000291,106.29999999999927,1.0,0.0,0.0,9,1,0.0010358049684324744,25.44999999999709,25.44999999999709,0.0,2024-06-10T10:20:00+05:30,23339.05,30,23.799999999999272,36.04999999999927,-2.4500000000007276,-3.9500000000007276,False,False,-0.10294117647062195
NIFTY:2024-06-10,2024-06-10,NIFTY,compression_expansion_up,2024-06-10T11:11:00+05:30,2024-06-10T11:11:00+05:30,UP,{},"{'source_path': '/Users/madhuram/tradebot-structural-edge-discovery-v3/runtime/upstox_candidate_replay.zip!upstox_candidate_replay/20240610/underlying/NIFTY_20240610.parquet', 'source_hash': '4357f109ed631802b3774c34db9c318f71742f8e99de307408af71bf00810707'}",{'completed_bar_only': True},"{'buy_ce_allowed': True, 'buy_pe_allowed': False, 'research_only': True}",053acd826b0cb3ed3197150a679facfadfe8b721c4b896f3982f16b66da21fbf,23339.05,2024-06-10 11:10:00+05:30,115,0.0025204071327737353,98.15000000000146,0.0,531.1500000000015,8.869999999998981,7.933333333332606,0.0002599772194891205,7.939285714285039,8.213362068967399,72.85000000000218,106.0,0.799227799227642,0.07722007722007287,0.12355212355228516,0,1,0.0004479480123111834,12.950000000000728,10.349999999998545,0.0,2024-06-10T11:11:00+05:30,23338.0,30,32.849999999998545,19.299999999999272,5.900000000001455,4.400000000001455,True,True,0.17960426179609487
NIFTY:2024-06-10,2024-06-10,NIFTY,compression_expansion_up,2024-06-10T12:53:00+05:30,2024-06-10T12:53:00+05:30,UP,{},"{'source_path': '/Users/madhuram/tradebot-structural-edge-discovery-v3/runtime/upstox_candidate_replay.zip!upstox_candidate_replay/20240610/underlying/NIFTY_20240610.parquet', 'source_hash': '4357f109ed631802b3774c34db9c318f71742f8e99de307408af71bf00810707'}",{'completed_bar_only': True},"{'buy_ce_allowed': True, 'buy_pe_allowed': False, 'research_only': True}",550ecca813d5e9873f7803013577978256d9eb400a6687a3e49eddd7cc76c4a5,23337.1,2024-06-10 12:52:00+05:30,217,0.002365701835621293,98.15000000000146,0.0,531.1500000000015,8.840000000000146,8.306666666666327,0.00023619263481378574,7.967857142856831,4.243348623851489,74.80000000000291,104.04999999999927,0.8,0.09666666666671517,0.10333333333328483,0,1,0.0005101778334162255,15.0,12.0,0.0,2024-06-10T12:53:00+05:30,23337.0,30,11.049999999999272,12.849999999998545,-2.150000000001455,-3.650000000001455,False,False,-0.19457013574675083
NIFTY:2024-06-11,2024-06-11,NIFTY,compression_expansion_up,2024-06-11T10:11:00+05:30,2024-06-11T10:11:00+05:30,UP,{},"{'source_path': '/Users/madhuram/tradebot-structural-edge-discovery-v3/runtime/upstox_candidate_replay.zip!upstox_candidate_replay/20240611/underlying/NIFTY_20240611.parquet', 'source_hash': '4357f109ed631802b3774c34db9c318f71742f8e99de307408af71bf00810707'}",{'completed_bar_only': True},"{'buy_ce_allowed': True, 'buy_pe_allowed': False, 'research_only': True}",e5540046a689b49117cbbc336b44b5cc44d8637ae88b211cc7e1adc87cc72c43,23318.85,2024-06-11 10:10:00+05:30,55,0.003066567101868131,60.20000000000073,0.0,184.75,8.450000000001456,9.48333333333382,0.00029307182297878093,9.632142857143533,52.38303571428696,0.3500000000021828,112.19999999999709,0.9006849315065651,0.02397260273987195,0.0753424657535629,9,5,0.0006093204575050581,14.600000000002183,13.149999999997817,0.0,2024-06-11T10:11:00+05:30,23318.45,30,29.549999999999272,18.150000000001455,17.149999999997817,15.649999999997817,True,True,0.5803722504229523
NIFTY:2024-06-11,2024-06-11,NIFTY,compression_expansion_up,2024-06-11T10:31:00+05:30,2024-06-11T10:31:00+05:30,UP,{},"{'source_path': '/Users/madhuram/tradebot-structural-edge-discovery-v3/runtime/upstox_candidate_replay.zip!upstox_candidate_replay/20240611/underlying/NIFTY_20240611.parquet', 'source_hash': '4357f109ed631802b3774c34db9c318f71742f8e99de307408af71bf00810707'}",{'completed_bar_only': True},"{'buy_ce_allowed': True, 'buy_pe_allowed': False, 'research_only': True}",9bcd1878e331711c69140fdcfc1110062d33dddc011a0947b0db5ba692be8dd3,23316.0,2024-06-11 10:30:00+05:30,75,0.0031096066401399645,60.20000000000073,0.0,184.75,8.950000000000728,7.670000000000437,0.0002614832522266214,7.546428571428935,36.34605263157937,10.25,109.34999999999854,0.5923566878980153,0.0,0.4076433121019846,0,9,0.0003646894776359044,15.700000000000728,9.299999999999272,0.0,2024-06-11T10:31:00+05:30,23315.65,30,32.349999999998545,11.200000000000728,-10.700000000000728,-12.200000000000728,True,True,-0.33075734157654435
NIFTY:2024-06-11,2024-06-11,NIFTY,compression_expansion_up,2024-06-11T10:40:00+05:30,2024-06-11T10:40:00+05:30,UP,{},"{'source_path': '/Users/madhuram/tradebot-structural-edge-discovery-v3/runtime/upstox_candidate_replay.zip!upstox_candidate_replay/20240611/underlying/NIFTY_20240611.parquet', 'source_hash': '4357f109ed631802b3774c34db9c318f71742f8e99de307408af71bf00810707'}",{'completed_bar_only': True},"{'buy_ce_allowed': True, 'buy_pe_allowed': False, 'research_only': True}",5136d051650bc9a4e9203a3b897233d66473fd3806ae7ac0b322e0d31e17410f,23344.6,2024-06-11 10:39:00+05:30,84,0.003944573682613439,60.20000000000073,0.0,184.75,8.190000000000145,7.326666666666521,0.0002786025782382897,7.517857142856883,59.89941176470529,0.1500000000014552,137.9499999999971,0.8980582524272479,0.0072815533981294076,0.0946601941746227,0,14,0.0007673610069147685,20.599999999998545,18.5,0.0,2024-06-11T10:40:00+05:30,23343.45,30,4.549999999999272,45.54999999999927,-17.350000000002183,-18.850000000002183,False,False,-3.8131868131879028
NIFTY:2024-06-11,2024-06-11,NIFTY,compression_expansion_up,2024-06-11T11:53:00+05:30,2024-06-11T11:53:00+05:30,UP,{},"{'source_path': '/Users/madhuram/tradebot-structural-edge-discovery-v3/runtime/upstox_candidate_replay.zip!upstox_candidate_replay/20240611/underlying/NIFTY_20240611.parquet', 'source_hash': '4357f109ed631802b3774c34db9c318f71742f8e99de307408af71bf00810707'}",{'completed_bar_only': True},"{'buy_ce_allowed': True, 'buy_pe_allowed': False, 'research_only': True}",adaa4f0a6011955be787120365f966b28174cd172284b73c492715a39e498d85,23334.5,2024-06-11 11:52:00+05:30,157,0.004149011489404647,60.20000000000073,0.0,184.75,5.260000000000582,5.293333333333188,0.00016171738451599402,5.414285714285662,32.64050632911676,13.5,127.84999999999854,0.4294117647060536,0.11176470588243854,0.4588235294115079,6,15,0.0001607320810519397,8.5,3.650000000001455,0.0,2024-06-11T11:53:00+05:30,23334.9,30,1.8999999999978172,19.900000000001455,-8.0,-9.5,False,False,-4.2105263157943105
NIFTY:2024-06-11,2024-06-11,NIFTY,compression_expansion_up,2024-06-11T12:18:00+05:30,2024-06-11T12:18:00+05:30,UP,{},"{'source_path': '/Users/madhuram/tradebot-structural-edge-discovery-v3/runtime/upstox_candidate_replay.zip!upstox_candidate_replay/20240611/underlying/NIFTY_20240611.parquet', 'source_hash': '4357f109ed631802b3774c34db9c318f71742f8e99de307408af71bf00810707'}",{'completed_bar_only': True},"{'buy_ce_allowed': True, 'buy_pe_allowed': False, 'research_only': True}",06c69712911fb00b78d864a2dfc4200ad1aed9471d5ebf68040034734831ed66,23332.75,2024-06-11 12:17:00+05:30,182,0.004054324505206739,60.20000000000073,0.0,184.75,5.380000000000291,5.166666666666667,0.0001145551000799665,5.278571428571532,27.546721311475267,15.25,126.09999999999854,0.5093167701862007,0.43478260869569146,0.05590062111810786,0,15,0.00016931861047297936,8.049999999999272,4.099999999998545,0.0,2024-06-11T12:18:00+05:30,23331.7,30,11.25,20.650000000001455,0.3999999999978172,-1.1000000000021828,False,False,0.03555555555536153
NIFTY:2024-06-11,2024-06-11,NIFTY,compression_expansion_up,2024-06-11T13:34:00+05:30,2024-06-11T13:34:00+05:30,UP,{},"{'source_path': '/Users/madhuram/tradebot-structural-edge-discovery-v3/runtime/upstox_candidate_replay.zip!upstox_candidate_replay/20240611/underlying/NIFTY_20240611.parquet', 'source_hash': '4357f109ed631802b3774c34db9c318f71742f8e99de307408af71bf00810707'}",{'completed_bar_only': True},"{'buy_ce_allowed': True, 'buy_pe_allowed': False, 'research_only': True}",de118479fe0601180e394f11d678b97e45be395c640481de3f4bc0ce236364e7,23357.95,2024-06-11 13:33:00+05:30,258,0.004837644101753982,60.20000000000073,0.0,184.75,7.620000000000436,8.226666666667006,0.0003000576592341894,7.785714285714805,43.39092664092823,3.5499999999992724,151.29999999999927,0.9024390243902078,0.09756097560979217,0.0,8,17,0.0004732962406144292,12.30000000000291,11.100000000002183,0.0,2024-06-11T13:34:00+05:30,23356.95,30,32.5,26.450000000000728,-16.75,-18.25,True,True,-0.5153846153846153
NIFTY:2024-06-11,2024-06-11,NIFTY,compression_expansion_up,2024-06-11T13:35:00+05:30,2024-06-11T13:35:00+05:30,UP,{},"{'source_path': '/Users/madhuram/tradebot-structural-edge-discovery-v3/runtime/upstox_candidate_replay.zip!upstox_candidate_replay/20240611/underlying/NIFTY_20240611.parquet', 'source_hash': '4357f109ed631802b3774c34db9c318f71742f8e99de307408af71bf00810707'}",{'completed_bar_only': True},"{'buy_ce_allowed': True, 'buy_pe_allowed': False, 'research_only': True}",1a462d9b4a65571a0b0c995a218c1e617571976b6002756f37f119d43f6ae4cf,23371.6,2024-06-11 13:34:00+05:30,259,0.005272343438299594,60.20000000000073,0.0,184.75,10.900000000001455,8.74000000000063,0.00030863480281964135,8.982142857143376,56.821538461535965,2.3000000000029104,164.9499999999971,0.6628959276016457,0.10407239819016666,0.23303167420818763,0,17,0.0005843834754333255,22.100000000002183,14.649999999997817,0.0,2024-06-11T13:35:00+05:30,23371.1,30,18.350000000002183,40.599999999998545,-30.649999999997817,-32.14999999999782,False,False,-1.6702997275201183
NIFTY:2024-06-11,2024-06-11,NIFTY,compression_expansion_up,2024-06-11T14:57:00+05:30,2024-06-11T14:57:00+05:30,UP,{},"{'source_path': '/Users/madhuram/tradebot-structural-edge-discovery-v3/runtime/upstox_candidate_replay.zip!upstox_candidate_replay/20240611/underlying/NIFTY_20240611.parquet', 'source_hash': '4357f109ed631802b3774c34db9c318f71742f8e99de307408af71bf00810707'}",{'completed_bar_only': True},"{'buy_ce_allowed': True, 'buy_pe_allowed': False, 'research_only': True}",5ac141cca611d2f905d1b6f0456c7569287fb90736587d0747649aa1ab70446a,23332.65,2024-06-11 14:56:00+05:30,341,0.0037939352986620218,60.20000000000073,0.0,184.75,7.5,7.099999999999757,0.0002243185845261127,7.017857142856883,10.368713450294308,56.79999999999927,126.0,0.961722488038489,0.0,0.03827751196151094,0,20,0.0004394916475147781,10.450000000000728,10.05000000000291,0.0,2024-06-11T14:57:00+05:30,23331.75,30,4.450000000000728,99.75,-72.15000000000146,-73.65000000000146,False,False,-16.21348314606509
NIFTY:2024-06-12,2024-06-12,NIFTY,compression_expansion_up,2024-06-12T09:38:00+05:30,2024-06-12T09:38:00+05:30,UP,{},"{'source_path': '/Users/madhuram/tradebot-structural-edge-discovery-v3/runtime/upstox_candidate_replay.zip!upstox_candidate_replay/20240612/underlying/NIFTY_20240612.parquet', 'source_hash': '4357f109ed631802b3774c34db9c318f71742f8e99de307408af71bf00810707'}",{'completed_bar_only': True},"{'buy_ce_allowed': True, 'buy_pe_allowed': False, 'research_only': True}",70bbdc7c313eb0d58cbdc243c6d91bc2b9daef2ce3acd241172d01daf03b9b12,23359.0,2024-06-12 09:37:00+05:30,22,0.003651909998366452,61.849999999998545,0.0,182.79999999999927,9.669999999999709,9.263333333332897,0.000254880276927391,9.346428571428207,19.817391304350167,2.349999999998545,63.04999999999927,0.8477508650518605,0.11764705882357385,0.034602076124565735,0,3,0.0005075565968437612,14.450000000000728,12.25,0.0,2024-06-12T09:38:00+05:30,23358.95,30,61.39999999999782,6.450000000000728,45.79999999999927,44.29999999999927,True,True,0.7459283387622296
NIFTY:2024-06-12,2024-06-12,NIFTY,compression_expansion_up,2024-06-12T10:14:00+05:30,2024-06-12T10:14:00+05:30,UP,{},"{'source_path': '/Users/madhuram/tradebot-structural-edge-discovery-v3/runtime/upstox_candidate_replay.zip!upstox_candidate_replay/20240612/underlying/NIFTY_20240612.parquet', 'source_hash': '4357f109ed631802b3774c34db9c318f71742f8e99de307408af71bf00810707'}",{'completed_bar_only': True},"{'buy_ce_allowed': True, 'buy_pe_allowed': False, 'research_only': True}",3ca7bb9662865570380bdfef3b6e1a5fa4c3df49d6c18c8fc05b050b938f5f30,23416.1,2024-06-12 10:13:00+05:30,58,0.006003404723624202,61.849999999998545,0.0,182.79999999999927,9.390000000000146,9.723333333332752,0.0003701823956855655,9.832142857142442,46.606779661015025,4.25,120.14999999999782,0.849275362318714,0.04637681159437162,0.10434782608691434,4,8,0.0006388574920461743,17.25,14.649999999997817,0.0,2024-06-12T10:14:00+05:30,23416.7,30,21.450000000000728,32.95000000000073,19.450000000000728,17.950000000000728,False,False,0.9067599067599099
NIFTY:2024-06-12,2024-06-12,NIFTY,compression_expansion_up,2024-06-12T10:36:00+05:30,2024-06-12T10:36:00+05:30,UP,{},"{'source_path': '/Users/madhuram/tradebot-structural-edge-discovery-v3/runtime/upstox_candidate_replay.zip!upstox_candidate_replay/20240612/underlying/NIFTY_20240612.parquet', 'source_hash': '4357f109ed631802b3774c34db9c318f71742f8e99de307408af71bf00810707'}",{'completed_bar_only': True},"{'buy_ce_allowed': True, 'buy_pe_allowed': False, 'research_only': True}",faef959871196131ace782d031f99847a08c31242bbdf2317fbb9cfb79bab2e4,23409.3,2024-06-12 10:35:00+05:30,80,0.0060678881255965345,61.849999999998545,0.0,182.79999999999927,7.269999999999709,7.543333333333673,0.0002228623034542123,7.532142857143169,31.479629629629926,11.049999999999272,113.34999999999854,0.5545851528382656,0.08296943231446875,0.3624454148472656,11,8,0.00027774454338791443,11.450000000000728,6.349999999998545,0.0,2024-06-12T10:36:00+05:30,23409.35,30,32.60000000000218,6.299999999999272,8.30000000000291,6.80000000000291,True,True,0.2546012269939373
NIFTY:2024-06-12,2024-06-12,NIFTY,compression_expansion_up,2024-06-12T10:51:00+05:30,2024-06-12T10:51:00+05:30,UP,{},"{'source_path': '/Users/madhuram/tradebot-structural-edge-discovery-v3/runtime/upstox_candidate_replay.zip!upstox_candidate_replay/20240612/underlying/NIFTY_20240612.parquet', 'source_hash': '4357f109ed631802b3774c34db9c318f71742f8e99de307408af71bf00810707'}",{'completed_bar_only': True},"{'buy_ce_allowed': True, 'buy_pe_allowed': False, 'research_only': True}",7ba0a76707f17f9ee5c0645f349e5cca9cdf03e8bd530f8a4e836404ed05aa1c,23426.75,2024-06-12 10:50:00+05:30,95,0.006841688949264522,61.849999999998545,0.0,182.79999999999927,8.029999999999564,7.746666666666715,0.0002330814407007091,7.824999999999948,41.8786458333343,14.099999999998545,130.79999999999927,0.5272727272726612,0.06818181818181818,0.4045454545455207,0,12,0.00022842357843666505,11.0,5.799999999999272,0.0,2024-06-12T10:51:00+05:30,23427.3,30,14.650000000001455,30.5,-11.399999999997817,-12.899999999997817,False,False,-0.7781569965868044
NIFTY:2024-06-12,2024-06-12,NIFTY,compression_expansion_up,2024-06-12T10:56:00+05:30,2024-06-12T10:56:00+05:30,UP,{},"{'source_path': '/Users/madhuram/tradebot-structural-edge-discovery-v3/runtime/upstox_candidate_replay.zip!upstox_candidate_replay/20240612/underlying/NIFTY_20240612.parquet', 'source_hash': '4357f109ed631802b3774c34db9c318f71742f8e99de307408af71bf00810707'}",{'completed_bar_only': True},"{'buy_ce_allowed': True, 'buy_pe_allowed': False, 'research_only': True}",0a4a531d8ce82271bbfbf7efdadd8d3433f274964f303a5c265f41d93863aca9,23438.8,2024-06-12 10:55:00+05:30,100,0.007121117024477962,61.849999999998545,0.0,182.79999999999927,6.529999999999563,7.866666666666424,0.00026182057720884627,7.092857142856831,51.65643564356287,2.0499999999992724,142.84999999999854,0.7827586206895548,0.0,0.21724137931044518,5,12,0.0004951509356645456,14.5,11.349999999998545,0.0,2024-06-12T10:56:00+05:30,23439.2,30,2.75,42.400000000001455,-31.200000000000728,-32.70000000000073,False,False,-11.34545454545481
NIFTY:2024-06-12,2024-06-12,NIFTY,compression_expansion_up,2024-06-12T11:21:00+05:30,2024-06-12T11:21:00+05:30,UP,{},"{'source_path': '/Users/madhuram/tradebot-structural-edge-discovery-v3/runtime/upstox_candidate_replay.zip!upstox_candidate_replay/20240612/underlying/NIFTY_20240612.parquet', 'source_hash': '4357f109ed631802b3774c34db9c318f71742f8e99de307408af71bf00810707'}",{'completed_bar_only': True},"{'buy_ce_allowed': True, 'buy_pe_allowed': False, 'research_only': True}",729e522d70114b3adbb06c069c36e4b2e97eabd8eae03a74f7b1cbba7bc187e3,23410.25,2024-06-12 11:20:00+05:30,125,0.006054991445202099,61.849999999998545,0.0,182.79999999999927,7.9,8.276666666667248,0.00028504351264946364,8.442857142857715,17.303174603177467,31.700000000000728,114.29999999999927,0.5467625899278956,0.032374100719473414,0.42086330935263094,5,13,0.00030124085595129024,13.900000000001455,7.599999999998545,0.0,2024-06-12T11:21:00+05:30,23410.35,30,11.0,45.349999999998545,-4.049999999999272,-5.549999999999272,False,False,-0.36818181818175205
NIFTY:2024-06-12,2024-06-12,NIFTY,compression_expansion_up,2024-06-12T11:53:00+05:30,2024-06-12T11:53:00+05:30,UP,{},"{'source_path': '/Users/madhuram/tradebot-structural-edge-discovery-v3/runtime/upstox_candidate_replay.zip!upstox_candidate_replay/20240612/underlying/NIFTY_20240612.parquet', 'source_hash': '4357f109ed631802b3774c34db9c318f71742f8e99de307408af71bf00810707'}",{'completed_bar_only': True},"{'buy_ce_allowed': True, 'buy_pe_allowed': False, 'research_only': True}",5733cd5fccfb93c31cfbb54b5cca2429b1ba16d1192d980e2abbc590572220bb,23415.45,2024-06-12 11:52:00+05:30,157,0.0061818088024142275,61.849999999998545,0.0,182.79999999999927,7.330000000000291,7.016666666666909,0.00016987523699243812,6.957142857142961,21.209493670885422,26.5,119.5,0.8454935622318414,0.06437768240342544,0.09012875536473315,0,13,0.0003909203932275229,11.650000000001455,9.850000000002183,0.0,2024-06-12T11:53:00+05:30,23415.3,30,21.549999999999272,13.599999999998545,-1.8999999999978172,-3.399999999997817,True,True,-0.08816705336417083
NIFTY:2024-06-12,2024-06-12,NIFTY,compression_expansion_up,2024-06-12T12:31:00+05:30,2024-06-12T12:31:00+05:30,UP,{},"{'source_path': '/Users/madhuram/tradebot-structural-edge-discovery-v3/runtime/upstox_candidate_replay.zip!upstox_candidate_replay/20240612/underlying/NIFTY_20240612.parquet', 'source_hash': '4357f109ed631802b3774c34db9c318f71742f8e99de307408af71bf00810707'}",{'completed_bar_only': True},"{'buy_ce_allowed': True, 'buy_pe_allowed': False, 'research_only': True}",64427a94114805185d1e6791b4fa0d5e02efdd26ee4241ff5ab1e70a9b7b9b2a,23422.35,2024-06-12 12:30:00+05:30,195,0.006575157554445517,61.849999999998545,0.0,182.79999999999927,6.45,6.223333333333236,0.00014838946124404067,6.171428571428415,23.54974489795859,19.600000000002183,126.39999999999782,0.8172043010748566,0.11290322580672922,0.06989247311841416,0,13,0.00034807937063829897,9.30000000000291,7.599999999998545,0.0,2024-06-12T12:31:00+05:30,23422.25,30,1.5499999999992724,38.20000000000073,-20.349999999998545,-21.849999999998545,False,False,-13.12903225806974
NIFTY:2024-06-13,2024-06-13,NIFTY,compression_expansion_up,2024-06-13T09:53:00+05:30,2024-06-13T09:53:00+05:30,UP,{},"{'source_path': '/Users/madhuram/tradebot-structural-edge-discovery-v3/runtime/upstox_candidate_replay.zip!upstox_candidate_replay/20240613/underlying/NIFTY_20240613.parquet', 'source_hash': '4357f109ed631802b3774c34db9c318f71742f8e99de307408af71bf00810707'}",{'completed_bar_only': True},"{'buy_ce_allowed': True, 'buy_pe_allowed': False, 'research_only': True}",926543f27da6c172ca67d3883362fec9e9f956aab1e7bbbec04eafb0e9f5166d,23390.9,2024-06-13 09:52:00+05:30,37,0.00267500128708957,71.95000000000073,0.0,146.0,14.4900000000016,14.05000000000097,0.0003728373139080519,13.796428571429455,-19.415789473681798,90.14999999999782,26.850000000002183,0.8309278350516064,0.1690721649483936,0.0,0,0,0.000847200174574736,24.25,20.150000000001455,0.0,2024-06-13T09:53:00+05:30,23391.05,30,23.049999999999272,25.299999999999272,-3.9500000000007276,-5.450000000000728,False,False,-0.17136659436012375
NIFTY:2024-06-13,2024-06-13,NIFTY,compression_expansion_up,2024-06-13T10:10:00+05:30,2024-06-13T10:10:00+05:30,UP,{},"{'source_path': '/Users/madhuram/tradebot-structural-edge-discovery-v3/runtime/upstox_candidate_replay.zip!upstox_candidate_replay/20240613/underlying/NIFTY_20240613.parquet', 'source_hash': '4357f109ed631802b3774c34db9c318f71742f8e99de307408af71bf00810707'}",{'completed_bar_only': True},"{'buy_ce_allowed': True, 'buy_pe_allowed': False, 'research_only': True}",82b7c5dc4d7d5010676d28768347450846590d25769f8a043fc2e7fe644c049b,23400.55,2024-06-13 10:09:00+05:30,54,0.003050402430025164,71.95000000000073,0.0,146.0,13.979999999999563,14.463333333332896,0.0004677889768645451,14.774999999999636,-3.4936363636370515,80.5,36.5,0.9836448598129832,0.016355140187016774,0.0,9,0,0.0008810968372472416,21.400000000001455,21.049999999999272,0.0,2024-06-13T10:10:00+05:30,23400.25,30,11.299999999999272,28.099999999998545,-13.450000000000728,-14.950000000000728,False,False,-1.1902654867258047
NIFTY:2024-06-13,2024-06-13,NIFTY,compression_expansion_up,2024-06-13T10:55:00+05:30,2024-06-13T10:55:00+05:30,UP,{},"{'source_path': '/Users/madhuram/tradebot-structural-edge-discovery-v3/runtime/upstox_candidate_replay.zip!upstox_candidate_replay/20240613/underlying/NIFTY_20240613.parquet', 'source_hash': '4357f109ed631802b3774c34db9c318f71742f8e99de307408af71bf00810707'}",{'completed_bar_only': True},"{'buy_ce_allowed': True, 'buy_pe_allowed': False, 'research_only': True}",936a82f5964c6f974b0cd375ad2e5ed090527867497b4af8944fbcf2f8f2f231,23383.95,2024-06-13 10:54:00+05:30,99,0.002936709512450322,71.95000000000073,0.0,146.0,7.9,7.4,0.00021703281329904715,7.535714285714286,-13.576000000000931,97.09999999999854,19.900000000001455,0.5201465201466247,0.16849816849809723,0.31135531135527816,0,0,0.00031655654919138243,13.650000000001455,7.100000000002183,0.0,2024-06-13T10:55:00+05:30,23383.55,30,10.5,29.649999999997817,-22.349999999998545,-23.849999999998545,False,False,-2.12857142857129
NIFTY:2024-06-13,2024-06-13,NIFTY,compression_expansion_up,2024-06-13T11:31:00+05:30,2024-06-13T11:31:00+05:30,UP,{},"{'source_path': '/Users/madhuram/tradebot-structural-edge-discovery-v3/runtime/upstox_candidate_replay.zip!upstox_candidate_replay/20240613/underlying/NIFTY_20240613.parquet', 'source_hash': '4357f109ed631802b3774c34db9c318f71742f8e99de307408af71bf00810707'}",{'completed_bar_only': True},"{'buy_ce_allowed': True, 'buy_pe_allowed': False, 'research_only': True}",584cfe79f3e04b5ff4641a4b94809952451746375fda1e11ce1b48c17df3c98a,23382.4,2024-06-13 11:30:00+05:30,135,0.0028251617442638078,71.95000000000073,0.0,146.0,6.549999999999272,7.123333333332994,0.00019345210086491784,7.299999999999533,-8.788970588233497,98.64999999999782,28.5,0.7912621359225273,0.10679611650472064,0.1019417475727521,4,0,0.0003443946034864531,10.299999999999272,8.150000000001455,0.0,2024-06-13T11:31:00+05:30,23381.7,30,32.54999999999927,12.900000000001455,14.799999999999272,13.299999999999272,True,True,0.454685099846378
NIFTY:2024-06-13,2024-06-13,NIFTY,compression_expansion_up,2024-06-13T13:05:00+05:30,2024-06-13T13:05:00+05:30,UP,{},"{'source_path': '/Users/madhuram/tradebot-structural-edge-discovery-v3/runtime/upstox_candidate_replay.zip!upstox_candidate_replay/20240613/underlying/NIFTY_20240613.parquet', 'source_hash': '4357f109ed631802b3774c34db9c318f71742f8e99de307408af71bf00810707'}",{'completed_bar_only': True},"{'buy_ce_allowed': True, 'buy_pe_allowed': False, 'research_only': True}",bee2b0aad6d3e0f01506c234a3d1c1b5377c4837dfc9fd68f15faaba6851949c,23407.35,2024-06-13 13:04:00+05:30,229,0.004114396526574016,71.95000000000073,0.0,146.0,5.659999999999127,4.856666666665842,0.00011139291059617863,4.782142857142129,14.514999999999418,73.70000000000073,53.44999999999709,0.4178082191780242,0.18493150684963253,0.3972602739723433,0,0,0.00012177145420744218,7.299999999999272,3.0499999999992724,0.0,2024-06-13T13:05:00+05:30,23406.6,30,14.5,3.6999999999970896,1.6500000000014552,0.1500000000014552,True,False,0.11379310344837622
NIFTY:2024-06-13,2024-06-13,NIFTY,compression_expansion_up,2024-06-13T13:11:00+05:30,2024-06-13T13:11:00+05:30,UP,{},"{'source_path': '/Users/madhuram/tradebot-structural-edge-discovery-v3/runtime/upstox_candidate_replay.zip!upstox_candidate_replay/20240613/underlying/NIFTY_20240613.parquet', 'source_hash': '4357f109ed631802b3774c34db9c318f71742f8e99de307408af71bf00810707'}",{'completed_bar_only': True},"{'buy_ce_allowed': True, 'buy_pe_allowed': False, 'research_only': True}",f9861db433efc63ba30b0452d66704f2f792113a4c35443e5ab4632563f66da6,23419.75,2024-06-13 13:10:00+05:30,235,0.004283863328242116,71.95000000000073,0.0,146.0,6.130000000000291,5.493333333332703,0.00017157623634793108,5.474999999999325,26.499576271187834,61.29999999999927,65.84999999999854,0.8127208480566624,0.09540636042394014,0.09187279151939738,0,0,0.0005147878689490959,14.149999999997817,11.5,0.0,2024-06-13T13:11:00+05:30,23417.35,30,3.150000000001455,14.44999999999709,0.5,-1.0,False,False,0.1587301587300854
NIFTY:2024-06-13,2024-06-13,NIFTY,compression_expansion_up,2024-06-13T13:39:00+05:30,2024-06-13T13:39:00+05:30,UP,{},"{'source_path': '/Users/madhuram/tradebot-structural-edge-discovery-v3/runtime/upstox_candidate_replay.zip!upstox_candidate_replay/20240613/underlying/NIFTY_20240613.parquet', 'source_hash': '4357f109ed631802b3774c34db9c318f71742f8e99de307408af71bf00810707'}",{'completed_bar_only': True},"{'buy_ce_allowed': True, 'buy_pe_allowed': False, 'research_only': True}",ba792a1377883eea834feec08fbd9d981c76af97fd39047e647d0c775285328f,23410.05,2024-06-13 13:38:00+05:30,263,0.004228089444148859,71.95000000000073,0.0,146.0,3.790000000000873,4.320000000000194,9.626644532671661e-05,4.314285714286078,15.01912878787698,71.0,56.14999999999782,0.38271604938243325,0.48148148148153136,0.13580246913603536,6,0,0.00011321206114289772,8.100000000002183,3.099999999998545,0.0,2024-06-13T13:39:00+05:30,23409.45,30,8.399999999997817,25.350000000002183,-19.400000000001455,-20.900000000001455,False,False,-2.309523809524583
NIFTY:2024-06-13,2024-06-13,NIFTY,compression_expansion_up,2024-06-13T14:28:00+05:30,2024-06-13T14:28:00+05:30,UP,{},"{'source_path': '/Users/madhuram/tradebot-structural-edge-discovery-v3/runtime/upstox_candidate_replay.zip!upstox_candidate_replay/20240613/underlying/NIFTY_20240613.parquet', 'source_hash': '4357f109ed631802b3774c34db9c318f71742f8e99de307408af71bf00810707'}",{'completed_bar_only': True},"{'buy_ce_allowed': True, 'buy_pe_allowed': False, 'research_only': True}",2c0a3263ad50279f212aeec54c7932d9e4757f703c86d5a8d2a18fbbcf1189bf,23389.25,2024-06-13 14:27:00+05:30,312,0.003121192359835939,71.95000000000073,0.0,146.0,6.490000000000873,7.406666666667297,0.00018232239255437936,7.521428571429299,-5.505910543128266,91.79999999999927,35.349999999998545,0.6585365853655796,0.1341463414635012,0.20731707317091927,7,0,0.00028226056499147667,12.30000000000291,8.099999999998545,0.0,2024-06-13T14:28:00+05:30,23389.6,30,18.200000000000728,8.94999999999709,10.150000000001455,8.650000000001455,True,False,0.5576923076923653
NIFTY:2024-06-14,2024-06-14,NIFTY,compression_expansion_up,2024-06-14T09:48:00+05:30,2024-06-14T09:48:00+05:30,UP,{},"{'source_path': '/Users/madhuram/tradebot-structural-edge-discovery-v3/runtime/upstox_candidate_replay.zip!upstox_candidate_replay/20240614/underlying/NIFTY_20240614.parquet', 'source_hash': '4357f109ed631802b3774c34db9c318f71742f8e99de307408af71bf00810707'}",{'completed_bar_only': True},"{'buy_ce_allowed': True, 'buy_pe_allowed': False, 'research_only': True}",bf4eec37a5e3cb462f60c0f7897f66768718651810418a7986f7196bf9081178,23374.2,2024-06-14 09:47:00+05:30,32,-0.001978687442172508,132.04999999999927,0.0,127.14999999999782,12.140000000000146,10.873333333333964,0.00037095376401210264,10.317857142857715,6.9560606060586,95.25,39.95000000000073,0.9116379310345168,0.07543103448275626,0.012931034482726853,0,0,0.0009463816958648064,23.200000000000728,21.150000000001455,0.0,2024-06-14T09:48:00+05:30,23376.0,30,71.59999999999854,8.099999999998545,63.5,62.0,True,True,0.8868715083799062
NIFTY:2024-06-14,2024-06-14,NIFTY,compression_expansion_up,2024-06-14T10:01:00+05:30,2024-06-14T10:01:00+05:30,UP,{},"{'source_path': '/Users/madhuram/tradebot-structural-edge-discovery-v3/runtime/upstox_candidate_replay.zip!upstox_candidate_replay/20240614/underlying/NIFTY_20240614.parquet', 'source_hash': '4357f109ed631802b3774c34db9c318f71742f8e99de307408af71bf00810707'}",{'completed_bar_only': True},"{'buy_ce_allowed': True, 'buy_pe_allowed': False, 'research_only': True}",f94c2534e29958ee437820de05f24c8bbba09d75b9e129801ddc45d2163a06f5,23420.85,2024-06-14 10:00:00+05:30,45,0.000324795346879387,132.04999999999927,0.0,127.14999999999782,9.170000000000437,9.766666666666909,0.0002825293041586925,9.542857142857558,47.828260869562655,48.60000000000218,86.59999999999854,0.8996763754043471,0.1003236245956529,0.0,9,0,0.0006023903361209726,15.450000000000728,13.899999999997817,0.0,2024-06-14T10:01:00+05:30,23420.9,30,34.14999999999782,8.950000000000728,15.049999999999272,13.549999999999272,True,True,0.4407027818448092
NIFTY:2024-06-14,2024-06-14,NIFTY,compression_expansion_up,2024-06-14T11:44:00+05:30,2024-06-14T11:44:00+05:30,UP,{},"{'source_path': '/Users/madhuram/tradebot-structural-edge-discovery-v3/runtime/upstox_candidate_replay.zip!upstox_candidate_replay/20240614/underlying/NIFTY_20240614.parquet', 'source_hash': '4357f109ed631802b3774c34db9c318f71742f8e99de307408af71bf00810707'}",{'completed_bar_only': True},"{'buy_ce_allowed': True, 'buy_pe_allowed': False, 'research_only': True}",e1fa98a7c909a987eed7cc26a92da8cd225424f2df654f929d37f0e033c1cd57,23444.0,2024-06-14 11:43:00+05:30,148,0.001743638177983701,132.04999999999927,0.0,127.14999999999782,5.139999999999418,4.963333333332897,8.601733333746601e-05,5.028571428570753,23.875503355706314,25.450000000000728,109.75,0.43502824858747774,0.43502824858747774,0.12994350282504455,0,0,0.00015571439846251423,8.849999999998545,3.849999999998545,0.0,2024-06-14T11:44:00+05:30,23443.7,30,6.450000000000728,15.700000000000728,-4.600000000002183,-6.100000000002183,False,False,-0.7131782945739014
NIFTY:2024-06-14,2024-06-14,NIFTY,compression_expansion_up,2024-06-14T13:48:00+05:30,2024-06-14T13:48:00+05:30,UP,{},"{'source_path': '/Users/madhuram/tradebot-structural-edge-discovery-v3/runtime/upstox_candidate_replay.zip!upstox_candidate_replay/20240614/underlying/NIFTY_20240614.parquet', 'source_hash': '4357f109ed631802b3774c34db9c318f71742f8e99de307408af71bf00810707'}",{'completed_bar_only': True},"{'buy_ce_allowed': True, 'buy_pe_allowed': False, 'research_only': True}",fb382cda4961feab292d7206bef8389749e58d6186fd0b14b5bae7b4c9434c7e,23448.95,2024-06-14 13:47:00+05:30,272,0.001950908892768451,132.04999999999927,0.0,127.14999999999782,4.700000000000728,5.2700000000009215,0.000112578525629544,5.178571428572208,18.024542124541767,20.5,114.70000000000073,0.5096774193549326,0.3806451612904165,0.10967741935465095,6,0,0.00016847941991904314,7.75,3.9500000000007276,0.0,2024-06-14T13:48:00+05:30,23445.55,30,6.650000000001455,21.399999999997817,4.400000000001455,2.900000000001455,False,False,0.6616541353384199
NIFTY:2024-06-14,2024-06-14,NIFTY,compression_expansion_up,2024-06-14T14:34:00+05:30,2024-06-14T14:34:00+05:30,UP,{},"{'source_path': '/Users/madhuram/tradebot-structural-edge-discovery-v3/runtime/upstox_candidate_replay.zip!upstox_candidate_replay/20240614/underlying/NIFTY_20240614.parquet', 'source_hash': '4357f109ed631802b3774c34db9c318f71742f8e99de307408af71bf00810707'}",{'completed_bar_only': True},"{'buy_ce_allowed': True, 'buy_pe_allowed': False, 'research_only': True}",d7d11060adde5ee83b59b69180145421a2ca8f96aeddafdaefa6c1362119eed0,23462.4,2024-06-14 14:33:00+05:30,318,0.002519300749807184,132.04999999999927,0.0,127.14999999999782,5.320000000000436,4.713333333333382,0.0001135994245987811,4.689285714285559,29.593887147337227,7.049999999999272,128.15000000000146,0.4659090909093775,0.04545454545430117,0.48863636363632135,0,0,0.0002536615728296887,8.799999999999272,4.100000000002183,0.0,2024-06-14T14:34:00+05:30,23461.2,30,29.200000000000728,18.600000000002183,22.899999999997817,21.399999999997817,True,True,0.7842465753423714
NIFTY:2024-06-14,2024-06-14,NIFTY,compression_expansion_up,2024-06-14T15:01:00+05:30,2024-06-14T15:01:00+05:30,UP,{},"{'source_path': '/Users/madhuram/tradebot-structural-edge-discovery-v3/runtime/upstox_candidate_replay.zip!upstox_candidate_replay/20240614/underlying/NIFTY_20240614.parquet', 'source_hash': '4357f109ed631802b3774c34db9c318f71742f8e99de307408af71bf00810707'}",{'completed_bar_only': True},"{'buy_ce_allowed': True, 'buy_pe_allowed': False, 'research_only': True}",63fbc5897a13401873c1fbc1128ed12fce63c04cf15dee62b47a36646faac60b,23481.55,2024-06-14 15:00:00+05:30,345,0.0028483697196717626,132.04999999999927,0.0,127.14999999999782,7.619999999998981,6.593333333332946,0.0002041073960756495,6.721428571428207,46.69927745664609,0.25,147.29999999999927,0.920118343195342,0.014792899408285935,0.065088757396372,0,0,0.0006839828684663818,16.899999999997817,15.549999999999272,0.0,2024-06-14T15:01:00+05:30,23481.7,30,8.700000000000728,37.10000000000218,-27.549999999999272,-29.049999999999272,False,False,-3.1666666666663184
NIFTY:2024-06-18,2024-06-18,NIFTY,compression_expansion_up,2024-06-18T09:46:00+05:30,2024-06-18T09:46:00+05:30,UP,{},"{'source_path': '/Users/madhuram/tradebot-structural-edge-discovery-v3/runtime/upstox_candidate_replay.zip!upstox_candidate_replay/20240618/underlying/NIFTY_20240618.parquet', 'source_hash': '4357f109ed631802b3774c34db9c318f71742f8e99de307408af71bf00810707'}",{'completed_bar_only': True},"{'buy_ce_allowed': True, 'buy_pe_allowed': False, 'research_only': True}",34c99c4cef774e243685fdeb2225a0e3357c49ec973efd9dbac2ec35e8bb0a71,23565.8,2024-06-18 09:45:00+05:30,30,0.0042551105028320905,74.14999999999782,0.0,156.15000000000146,9.059999999999127,8.86999999999971,0.0002874006748950029,8.507142857142494,32.759677419355285,8.049999999999272,66.09999999999854,0.9330708661418315,0.04330708661412586,0.02362204724404261,0,0,0.0005137197128264326,12.69999999999709,11.849999999998545,0.0,2024-06-18T09:46:00+05:30,23565.45,30,13.599999999998545,25.049999999999272,-12.049999999999272,-13.549999999999272,False,False,-0.8860294117647471
NIFTY:2024-06-18,2024-06-18,NIFTY,compression_expansion_up,2024-06-18T10:05:00+05:30,2024-06-18T10:05:00+05:30,UP,{},"{'source_path': '/Users/madhuram/tradebot-structural-edge-discovery-v3/runtime/upstox_candidate_replay.zip!upstox_candidate_replay/20240618/underlying/NIFTY_20240618.parquet', 'source_hash': '4357f109ed631802b3774c34db9c318f71742f8e99de307408af71bf00810707'}",{'completed_bar_only': True},"{'buy_ce_allowed': True, 'buy_pe_allowed': False, 'research_only': True}",b694e7c8d7592811c41ff75d537a695abb8d2f9358a6c6970065c185b4dc3d1d,23571.55,2024-06-18 10:04:00+05:30,49,0.004621783351773473,74.14999999999782,0.0,156.15000000000146,8.259999999999854,8.076666666666764,0.00021764214584314736,7.917857142857299,27.492999999998574,4.299999999999272,71.84999999999854,0.5678233438486325,0.27129337539430076,0.16088328075706665,0,1,0.00039257627650957083,15.849999999998545,9.0,0.0,2024-06-18T10:05:00+05:30,23573.25,30,5.799999999999272,60.400000000001455,-34.400000000001455,-35.900000000001455,False,False,-5.931034482759616
NIFTY:2024-06-18,2024-06-18,NIFTY,compression_expansion_up,2024-06-18T11:17:00+05:30,2024-06-18T11:17:00+05:30,UP,{},"{'source_path': '/Users/madhuram/tradebot-structural-edge-discovery-v3/runtime/upstox_candidate_replay.zip!upstox_candidate_replay/20240618/underlying/NIFTY_20240618.parquet', 'source_hash': '4357f109ed631802b3774c34db9c318f71742f8e99de307408af71bf00810707'}",{'completed_bar_only': True},"{'buy_ce_allowed': True, 'buy_pe_allowed': False, 'research_only': True}",498d6d7d7b817ade365416157d6e43b40c2e2bfddb3424f2503e3cb8e322ebbc,23549.35,2024-06-18 11:16:00+05:30,121,0.003869251283887926,74.14999999999782,0.0,156.15000000000146,5.079999999999563,5.199999999999515,0.00015817033243157571,5.228571428570961,6.836065573766973,29.700000000000728,49.64999999999782,0.5056818181815292,0.1590909090910876,0.3352272727273831,4,2,0.00023997927258667673,8.799999999999272,4.44999999999709,0.0,2024-06-18T11:17:00+05:30,23550.05,30,7.299999999999272,13.25,-12.149999999997817,-13.649999999997817,False,False,-1.6643835616437026
NIFTY:2024-06-18,2024-06-18,NIFTY,compression_expansion_up,2024-06-18T12:55:00+05:30,2024-06-18T12:55:00+05:30,UP,{},"{'source_path': '/Users/madhuram/tradebot-structural-edge-discovery-v3/runtime/upstox_candidate_replay.zip!upstox_candidate_replay/20240618/underlying/NIFTY_20240618.parquet', 'source_hash': '4357f109ed631802b3774c34db9c318f71742f8e99de307408af71bf00810707'}",{'completed_bar_only': True},"{'buy_ce_allowed': True, 'buy_pe_allowed': False, 'research_only': True}",4fbfb9614d46cc539145cb433cbca18774a3cb0a31d3f0a04411e5893a58f388,23529.5,2024-06-18 12:54:00+05:30,219,0.003016523728210146,74.14999999999782,0.0,156.15000000000146,3.7700000000004366,3.889999999999903,0.00011583769691040487,3.9964285714286234,-10.569090909091756,49.54999999999927,29.799999999999272,0.7603305785122476,0.09917355371877966,0.14049586776897272,4,2,0.00022317395878723723,6.049999999999272,4.599999999998545,0.0,2024-06-18T12:55:00+05:30,23529.8,30,7.799999999999272,8.200000000000728,-1.5999999999985448,-3.099999999998545,False,False,-0.2051282051280377
NIFTY:2024-06-18,2024-06-18,NIFTY,compression_expansion_up,2024-06-18T12:56:00+05:30,2024-06-18T12:56:00+05:30,UP,{},"{'source_path': '/Users/madhuram/tradebot-structural-edge-discovery-v3/runtime/upstox_candidate_replay.zip!upstox_candidate_replay/20240618/underlying/NIFTY_20240618.parquet', 'source_hash': '4357f109ed631802b3774c34db9c318f71742f8e99de307408af71bf00810707'}",{'completed_bar_only': True},"{'buy_ce_allowed': True, 'buy_pe_allowed': False, 'research_only': True}",ab97e76856d06efadfee7aeea7aa6ea3308bf94df994996c92c8e1414836717b,23534.2,2024-06-18 12:55:00+05:30,220,0.003225441979351109,74.14999999999782,0.0,156.15000000000146,4.509999999999854,4.166666666666667,0.00012720754661283898,4.307142857142805,-5.842533936651307,44.849999999998545,34.5,0.6717557251911365,0.274809160305263,0.05343511450360056,0,2,0.00019974925094023988,6.549999999999272,4.400000000001455,0.0,2024-06-18T12:56:00+05:30,23534.5,30,3.099999999998545,12.900000000001455,-5.5,-7.0,False,False,-1.7741935483879296
NIFTY:2024-06-18,2024-06-18,NIFTY,compression_expansion_up,2024-06-18T13:45:00+05:30,2024-06-18T13:45:00+05:30,UP,{},"{'source_path': '/Users/madhuram/tradebot-structural-edge-discovery-v3/runtime/upstox_candidate_replay.zip!upstox_candidate_replay/20240618/underlying/NIFTY_20240618.parquet', 'source_hash': '4357f109ed631802b3774c34db9c318f71742f8e99de307408af71bf00810707'}",{'completed_bar_only': True},"{'buy_ce_allowed': True, 'buy_pe_allowed': False, 'research_only': True}",59e4207272fe3081de98fbc3517a6f4d84c17e946fca15671d4893ca4d8d4338,23538.1,2024-06-18 13:44:00+05:30,269,0.0033704056638163937,74.14999999999782,0.0,156.15000000000146,4.000000000000727,3.8966666666672003,0.00010518363120510771,3.9357142857147016,-0.3848148148172186,40.95000000000073,38.39999999999782,0.7259259259256026,0.2148148148149226,0.059259259259474846,0,2,0.00017846595761850104,6.75,4.899999999997817,0.0,2024-06-18T13:45:00+05:30,23538.5,30,11.599999999998545,7.799999999999272,1.9000000000014552,0.4000000000014552,True,False,0.16379310344842185
NIFTY:2024-06-18,2024-06-18,NIFTY,compression_expansion_up,2024-06-18T14:35:00+05:30,2024-06-18T14:35:00+05:30,UP,{},"{'source_path': '/Users/madhuram/tradebot-structural-edge-discovery-v3/runtime/upstox_candidate_replay.zip!upstox_candidate_replay/20240618/underlying/NIFTY_20240618.parquet', 'source_hash': '4357f109ed631802b3774c34db9c318f71742f8e99de307408af71bf00810707'}",{'completed_bar_only': True},"{'buy_ce_allowed': True, 'buy_pe_allowed': False, 'research_only': True}",a6f5e224be9af6eb1f553ae2a25ece78298061175511b172279d03591649308d,23540.25,2024-06-18 14:34:00+05:30,319,0.0034940511593895785,74.14999999999782,0.0,156.15000000000146,4.119999999999709,4.669999999999951,0.00014273493958180542,4.592857142857091,1.6043750000026193,38.79999999999927,40.54999999999927,0.5928571428573507,0.05714285714306503,0.34999999999958425,8,2,0.00018269923245073372,7.0,4.150000000001455,0.0,2024-06-18T14:35:00+05:30,23539.4,30,17.44999999999709,11.450000000000728,9.649999999997817,8.149999999997817,True,False,0.5530085959885058
NIFTY:2024-06-18,2024-06-18,NIFTY,compression_expansion_up,2024-06-18T15:22:00+05:30,2024-06-18T15:22:00+05:30,UP,{},"{'source_path': '/Users/madhuram/tradebot-structural-edge-discovery-v3/runtime/upstox_candidate_replay.zip!upstox_candidate_replay/20240618/underlying/NIFTY_20240618.parquet', 'source_hash': '4357f109ed631802b3774c34db9c318f71742f8e99de307408af71bf00810707'}",{'completed_bar_only': True},"{'buy_ce_allowed': True, 'buy_pe_allowed': False, 'research_only': True}",72533f7695242f8125a5aadc14773b1d045dd7d6b2735c56837c2d332fc5168c,23565.7,2024-06-18 15:21:00+05:30,366,0.00455143332843015,74.14999999999782,0.0,156.15000000000146,4.769999999999709,5.160000000000339,0.00013844596302144295,5.182142857143065,26.289237057222635,13.349999999998545,66.0,0.6233766233764699,0.2012987012985878,0.17532467532494223,6,2,0.00015278773963278702,7.700000000000728,4.799999999999272,0.0,2024-06-18T15:22:00+05:30,23565.65,30,6.44999999999709,7.600000000002183,-3.350000000002183,-4.850000000002183,False,False,-0.5193798449618131
NIFTY:2024-06-19,2024-06-19,NIFTY,compression_expansion_up,2024-06-19T09:45:00+05:30,2024-06-19T09:45:00+05:30,UP,{},"{'source_path': '/Users/madhuram/tradebot-structural-edge-discovery-v3/runtime/upstox_candidate_replay.zip!upstox_candidate_replay/20240619/underlying/NIFTY_20240619.parquet', 'source_hash': '4357f109ed631802b3774c34db9c318f71742f8e99de307408af71bf00810707'}",{'completed_bar_only': True},"{'buy_ce_allowed': True, 'buy_pe_allowed': False, 'research_only': True}",58c7d2dc6b2f002543f02e4a937bb130d0d32af9739f44112bc1a32a5781c0fe,23580.3,2024-06-19 09:44:00+05:30,29,-0.00011246779813506395,76.54999999999927,0.0,79.34999999999854,15.45,18.570000000000437,0.0006981148362678475,17.84285714285761,0.8783333333303744,50.54999999999927,48.20000000000073,0.770522388059641,0.10820895522393784,0.1212686567164212,6,0,0.0008531336745867257,26.799999999999272,20.649999999997817,0.0,2024-06-19T09:45:00+05:30,23579.65,30,16.049999999999272,69.5,-68.20000000000073,-69.70000000000073,False,False,-4.249221183800861
NIFTY:2024-06-19,2024-06-19,NIFTY,compression_expansion_up,2024-06-19T09:55:00+05:30,2024-06-19T09:55:00+05:30,UP,{},"{'source_path': '/Users/madhuram/tradebot-structural-edge-discovery-v3/runtime/upstox_candidate_replay.zip!upstox_candidate_replay/20240619/underlying/NIFTY_20240619.parquet', 'source_hash': '4357f109ed631802b3774c34db9c318f71742f8e99de307408af71bf00810707'}",{'completed_bar_only': True},"{'buy_ce_allowed': True, 'buy_pe_allowed': False, 'research_only': True}",91fdcec118b2b745779d9cd5a46c24cfab3b213ffac50ee3aeb0168b2b80a007,23588.6,2024-06-19 09:54:00+05:30,39,0.00032254915691601343,76.54999999999927,0.0,79.34999999999854,10.659999999999126,12.923333333333236,0.0004344307474389535,12.710714285714078,10.777499999996508,42.25,56.5,0.7807933194154222,0.13569937369521481,0.08350730688936296,6,0,0.0007955078203722987,23.94999999999709,18.69999999999709,0.0,2024-06-19T09:55:00+05:30,23590.4,30,5.299999999999272,135.75,-129.8000000000029,-131.3000000000029,False,False,-24.49056603773976
NIFTY:2024-06-19,2024-06-19,NIFTY,compression_expansion_up,2024-06-19T10:56:00+05:30,2024-06-19T10:56:00+05:30,UP,{},"{'source_path': '/Users/madhuram/tradebot-structural-edge-discovery-v3/runtime/upstox_candidate_replay.zip!upstox_candidate_replay/20240619/underlying/NIFTY_20240619.parquet', 'source_hash': '4357f109ed631802b3774c34db9c318f71742f8e99de307408af71bf00810707'}",{'completed_bar_only': True},"{'buy_ce_allowed': True, 'buy_pe_allowed': False, 'research_only': True}",c255f82096b8fa12832c1ba87c5622019f2b102b006183801f5b04d5068209b3,23452.2,2024-06-19 10:55:00+05:30,100,-0.00488067803228038,76.54999999999927,0.0,79.34999999999854,10.36999999999971,11.583333333333819,0.0003407749104621858,10.921428571429194,-77.67277227722661,178.64999999999782,39.29999999999927,0.293413173652769,0.17065868263463596,0.5359281437125951,20,0,0.0002580381000718557,16.700000000000728,4.900000000001455,0.0,2024-06-19T10:56:00+05:30,23452.85,30,67.85000000000218,3.649999999997817,49.95000000000073,48.45000000000073,True,True,0.7361827560795744
NIFTY:2024-06-19,2024-06-19,NIFTY,compression_expansion_up,2024-06-19T11:42:00+05:30,2024-06-19T11:42:00+05:30,UP,{},"{'source_path': '/Users/madhuram/tradebot-structural-edge-discovery-v3/runtime/upstox_candidate_replay.zip!upstox_candidate_replay/20240619/underlying/NIFTY_20240619.parquet', 'source_hash': '4357f109ed631802b3774c34db9c318f71742f8e99de307408af71bf00810707'}",{'completed_bar_only': True},"{'buy_ce_allowed': True, 'buy_pe_allowed': False, 'research_only': True}",1a5e39b9e2242f681f6cd6dda1ee7050ab61520d07fef9fd01dd7903fbb9261b,23524.05,2024-06-19 11:41:00+05:30,146,-0.0024615593554109744,76.54999999999927,0.0,79.34999999999854,8.580000000000291,6.893333333333673,0.0002501149196730014,7.014285714286026,3.3054421768683824,106.79999999999927,111.14999999999782,0.9404761904761905,0.05952380952380952,0.0,0,0,0.0008424008424008367,21.0,19.75,0.0,2024-06-19T11:42:00+05:30,23522.5,30,30.900000000001455,0.9500000000007276,24.200000000000728,22.700000000000728,True,True,0.7831715210355854
NIFTY:2024-06-19,2024-06-19,NIFTY,compression_expansion_up,2024-06-19T12:32:00+05:30,2024-06-19T12:32:00+05:30,UP,{},"{'source_path': '/Users/madhuram/tradebot-structural-edge-discovery-v3/runtime/upstox_candidate_replay.zip!upstox_candidate_replay/20240619/underlying/NIFTY_20240619.parquet', 'source_hash': '4357f109ed631802b3774c34db9c318f71742f8e99de307408af71bf00810707'}",{'completed_bar_only': True},"{'buy_ce_allowed': True, 'buy_pe_allowed': False, 'research_only': True}",27796dfb0d799242492e6d4390164d98da13561c99642fda5e80c013da0d5d84,23562.2,2024-06-19 12:31:00+05:30,196,-0.00041591864970734065,76.54999999999927,0.0,79.34999999999854,6.610000000000582,7.343333333333673,0.00022701522666700446,6.996428571428884,35.185786802030634,68.64999999999782,149.29999999999927,0.8326180257510314,0.16738197424896858,0.0,10,0,0.0003757427287414128,11.650000000001455,9.700000000000728,0.0,2024-06-19T12:32:00+05:30,23560.3,30,10.150000000001455,21.25,-5.599999999998545,-7.099999999998545,False,False,-0.551724137930812
NIFTY:2024-06-19,2024-06-19,NIFTY,compression_expansion_up,2024-06-19T13:44:00+05:30,2024-06-19T13:44:00+05:30,UP,{},"{'source_path': '/Users/madhuram/tradebot-structural-edge-discovery-v3/runtime/upstox_candidate_replay.zip!upstox_candidate_replay/20240619/underlying/NIFTY_20240619.parquet', 'source_hash': '4357f109ed631802b3774c34db9c318f71742f8e99de307408af71bf00810707'}",{'completed_bar_only': True},"{'buy_ce_allowed': True, 'buy_pe_allowed': False, 'research_only': True}",58add56ed6bb8d8b11bb5851ac3eaa9f086e981c794669357f63495f4e052f31,23547.45,2024-06-19 13:43:00+05:30,268,-0.0010610169635392132,76.54999999999927,0.0,79.34999999999854,8.209999999999855,8.15333333333377,0.0002533654051470785,8.332142857143221,15.406691449814389,83.39999999999782,134.54999999999927,0.6721854304635754,0.21192052980134204,0.11589403973508258,0,0,0.00042698004027630354,15.100000000002183,10.150000000001455,0.0,2024-06-19T13:44:00+05:30,23548.35,30,23.150000000001455,32.54999999999927,12.30000000000291,10.80000000000291,False,False,0.5313174946005242
NIFTY:2024-06-19,2024-06-19,NIFTY,compression_expansion_up,2024-06-19T14:22:00+05:30,2024-06-19T14:22:00+05:30,UP,{},"{'source_path': '/Users/madhuram/tradebot-structural-edge-discovery-v3/runtime/upstox_candidate_replay.zip!upstox_candidate_replay/20240619/underlying/NIFTY_20240619.parquet', 'source_hash': '4357f109ed631802b3774c34db9c318f71742f8e99de307408af71bf00810707'}",{'completed_bar_only': True},"{'buy_ce_allowed': True, 'buy_pe_allowed': False, 'research_only': True}",809d569ad01f3390213887370a5fe0377af1d37ceca6a9ecf120a07d58e69e5d,23578.3,2024-06-19 14:21:00+05:30,306,0.0002694983087390528,76.54999999999927,0.0,79.34999999999854,10.190000000000145,10.553333333334013,0.0002763498299897193,10.25000000000052,44.29885993485368,52.54999999999927,165.39999999999782,0.5848484848483526,0.3303030303030744,0.08484848484857305,10,0,0.0003648752423661694,16.5,9.649999999997817,0.0,2024-06-19T14:22:00+05:30,23578.7,30,85.29999999999927,3.5499999999992724,16.649999999997817,15.149999999997817,True,True,0.19519343493549776
NIFTY:2024-06-19,2024-06-19,NIFTY,compression_expansion_up,2024-06-19T14:32:00+05:30,2024-06-19T14:32:00+05:30,UP,{},"{'source_path': '/Users/madhuram/tradebot-structural-edge-discovery-v3/runtime/upstox_candidate_replay.zip!upstox_candidate_replay/20240619/underlying/NIFTY_20240619.parquet', 'source_hash': '4357f109ed631802b3774c34db9c318f71742f8e99de307408af71bf00810707'}",{'completed_bar_only': True},"{'buy_ce_allowed': True, 'buy_pe_allowed': False, 'research_only': True}",26a03f3ed1a6744696497676761f6ace4d2290562dd2fa8029e703548e09facd,23607.05,2024-06-19 14:31:00+05:30,316,0.00085305763868562,76.54999999999927,0.0,79.34999999999854,11.78000000000029,10.826666666667006,0.00034369590278501236,11.089285714286234,71.31829652996748,23.799999999999272,194.14999999999782,0.9554263565890896,0.007751937984524544,0.036821705426385826,0,0,0.0010940895838855713,25.799999999999272,24.649999999997817,0.0,2024-06-19T14:32:00+05:30,23606.0,30,58.0,100.0,-68.75,-70.25,False,False,-1.1853448275862069
NIFTY:2024-06-20,2024-06-20,NIFTY,compression_expansion_up,2024-06-20T09:27:00+05:30,2024-06-20T09:27:00+05:30,UP,{},"{'source_path': '/Users/madhuram/tradebot-structural-edge-discovery-v3/runtime/upstox_candidate_replay.zip!upstox_candidate_replay/20240620/underlying/NIFTY_20240620.parquet', 'source_hash': '4357f109ed631802b3774c34db9c318f71742f8e99de307408af71bf00810707'}",{'completed_bar_only': True},"{'buy_ce_allowed': True, 'buy_pe_allowed': False, 'research_only': True}",26058a0be67a32c1aca5c18daf8b00d62f62018ecb5275050f12b4feb09a37b0,23525.2,2024-06-20 09:26:00+05:30,11,-0.0015220182472132997,125.95000000000073,0.0,251.09999999999854,27.06000000000058,29.15833333333315,0.0007316128991176212,29.15833333333315,20.63333333333503,62.5,63.45000000000073,0.8345626975764294,0.16543730242357058,0.0,7,0,0.0016413579629277475,47.45000000000073,39.60000000000218,0.0,2024-06-20T09:27:00+05:30,23524.55,30,30.75,81.95000000000073,-66.84999999999854,-68.34999999999854,False,False,-2.173983739837351
NIFTY:2024-06-20,2024-06-20,NIFTY,compression_expansion_up,2024-06-20T09:59:00+05:30,2024-06-20T09:59:00+05:30,UP,{},"{'source_path': '/Users/madhuram/tradebot-structural-edge-discovery-v3/runtime/upstox_candidate_replay.zip!upstox_candidate_replay/20240620/underlying/NIFTY_20240620.parquet', 'source_hash': '4357f109ed631802b3774c34db9c318f71742f8e99de307408af71bf00810707'}",{'completed_bar_only': True},"{'buy_ce_allowed': True, 'buy_pe_allowed': False, 'research_only': True}",db523e456d3e62eddadc397cf4c0fbe6954929464fb27e3266beb5adb3079a5a,23490.05,2024-06-20 09:58:00+05:30,43,-0.002652903313578335,125.95000000000073,0.0,251.09999999999854,20.970000000000436,19.10666666666681,0.0005147159028910204,19.11428571428587,-5.46931818181838,97.65000000000146,47.45000000000073,0.9627906976743961,0.0,0.03720930232560395,0,0,0.0013790780852342976,32.25,31.049999999999272,0.0,2024-06-20T09:59:00+05:30,23490.3,30,44.60000000000218,17.549999999999272,34.10000000000218,32.60000000000218,True,True,0.7645739910314017
NIFTY:2024-06-20,2024-06-20,NIFTY,compression_expansion_up,2024-06-20T10:21:00+05:30,2024-06-20T10:21:00+05:30,UP,{},"{'source_path': '/Users/madhuram/tradebot-structural-edge-discovery-v3/runtime/upstox_candidate_replay.zip!upstox_candidate_replay/20240620/underlying/NIFTY_20240620.parquet', 'source_hash': '4357f109ed631802b3774c34db9c318f71742f8e99de307408af71bf00810707'}",{'completed_bar_only': True},"{'buy_ce_allowed': True, 'buy_pe_allowed': False, 'research_only': True}",9ce73ddebfc0612f17fb1c20544175fa7de4ff6200d29ae5452976dfc8532462,23514.85,2024-06-20 10:20:00+05:30,65,-0.0010649876282875555,125.95000000000073,0.0,251.09999999999854,13.269999999999708,12.356666666666326,0.00036886257348597536,12.724999999999843,19.69242424242475,72.85000000000218,72.25,0.9319899244333177,0.0,0.0680100755666823,0,0,0.0008299514584799716,19.849999999998545,18.5,0.0,2024-06-20T10:21:00+05:30,23514.2,30,25.200000000000728,13.75,5.549999999999272,4.049999999999272,True,True,0.22023809523806
NIFTY:2024-06-20,2024-06-20,NIFTY,compression_expansion_up,2024-06-20T10:31:00+05:30,2024-06-20T10:31:00+05:30,UP,{},"{'source_path': '/Users/madhuram/tradebot-structural-edge-discovery-v3/runtime/upstox_candidate_replay.zip!upstox_candidate_replay/20240620/underlying/NIFTY_20240620.parquet', 'source_hash': '4357f109ed631802b3774c34db9c318f71742f8e99de307408af71bf00810707'}",{'completed_bar_only': True},"{'buy_ce_allowed': True, 'buy_pe_allowed': False, 'research_only': True}",537bb876a1dbc28529d3a4f8bc252eddd53be6f8d516a74eec651d9b6a2d4b69,23535.65,2024-06-20 10:30:00+05:30,75,0.00013392059996419504,125.95000000000073,0.0,251.09999999999854,12.470000000001164,13.280000000000534,0.00033378951613149916,13.414285714286182,37.23947368421432,52.04999999999927,93.05000000000291,0.5495049504951378,0.16584158415833783,0.2846534653465244,4,0,0.0004782268623215735,20.200000000000728,11.100000000002183,0.0,2024-06-20T10:31:00+05:30,23537.25,30,10.700000000000728,36.79999999999927,7.900000000001455,6.400000000001455,False,False,0.7383177570094316
NIFTY:2024-06-20,2024-06-20,NIFTY,compression_expansion_up,2024-06-20T10:53:00+05:30,2024-06-20T10:53:00+05:30,UP,{},"{'source_path': '/Users/madhuram/tradebot-structural-edge-discovery-v3/runtime/upstox_candidate_replay.zip!upstox_candidate_replay/20240620/underlying/NIFTY_20240620.parquet', 'source_hash': '4357f109ed631802b3774c34db9c318f71742f8e99de307408af71bf00810707'}",{'completed_bar_only': True},"{'buy_ce_allowed': True, 'buy_pe_allowed': False, 'research_only': True}",1ecb114e29989a2117685c93b962c4841668907d617fe807fc96559625cdba6b,23530.7,2024-06-20 10:52:00+05:30,97,-4.4640199988219676e-05,125.95000000000073,0.0,251.09999999999854,9.970000000000436,9.580000000000048,0.00023317641487816018,9.692857142857195,27.074489795919362,57.0,88.10000000000218,0.6923076923078046,0.10367892976583257,0.20401337792636282,0,0,0.0004655661731098881,14.950000000000728,10.350000000002183,0.0,2024-06-20T10:53:00+05:30,23530.3,30,33.10000000000218,11.599999999998545,17.25,15.75,True,True,0.5211480362537421
NIFTY:2024-06-20,2024-06-20,NIFTY,compression_expansion_up,2024-06-20T11:55:00+05:30,2024-06-20T11:55:00+05:30,UP,{},"{'source_path': '/Users/madhuram/tradebot-structural-edge-discovery-v3/runtime/upstox_candidate_replay.zip!upstox_candidate_replay/20240620/underlying/NIFTY_20240620.parquet', 'source_hash': '4357f109ed631802b3774c34db9c318f71742f8e99de307408af71bf00810707'}",{'completed_bar_only': True},"{'buy_ce_allowed': True, 'buy_pe_allowed': False, 'research_only': True}",b656fdeaa00d498fcf99f5ca706778e464c9ddba05f2cebcdfad104203abb430,23562.55,2024-06-20 11:54:00+05:30,159,0.0014433664662816452,125.95000000000073,0.0,251.09999999999854,7.839999999999418,7.549999999999515,0.00017967480837544888,7.564285714285298,43.17343749999782,25.150000000001455,119.95000000000073,0.6288209606989134,0.20087336244540235,0.1703056768556843,0,0,0.000331143399951106,11.44999999999709,7.200000000000728,0.0,2024-06-20T11:55:00+05:30,23562.6,30,6.700000000000728,17.44999999999709,-1.5,-3.0,False,False,-0.22388059701490107
NIFTY:2024-06-20,2024-06-20,NIFTY,compression_expansion_up,2024-06-20T14:42:00+05:30,2024-06-20T14:42:00+05:30,UP,{},"{'source_path': '/Users/madhuram/tradebot-structural-edge-discovery-v3/runtime/upstox_candidate_replay.zip!upstox_candidate_replay/20240620/underlying/NIFTY_20240620.parquet', 'source_hash': '4357f109ed631802b3774c34db9c318f71742f8e99de307408af71bf00810707'}",{'completed_bar_only': True},"{'buy_ce_allowed': True, 'buy_pe_allowed': False, 'research_only': True}",cc8e68a9954f1343dc1e77b102a4803f475ff9967294f1939ea070dbcd271a58,23589.3,2024-06-20 14:41:00+05:30,326,0.0022723987517748556,125.95000000000073,0.0,251.09999999999854,8.350000000000728,10.376666666666763,0.0003495319138871638,10.528571428571533,45.24464831804289,34.70000000000073,146.70000000000073,0.8678678678678358,0.0960960960962188,0.03603603603594549,4,2,0.0006362861251447693,16.650000000001455,14.450000000000728,0.0,2024-06-20T14:42:00+05:30,23588.9,30,0.049999999999272404,52.55000000000291,-24.850000000002183,-26.350000000002183,False,False,-497.00000000727596
NIFTY:2024-06-20,2024-06-20,NIFTY,compression_expansion_up,2024-06-20T14:58:00+05:30,2024-06-20T14:58:00+05:30,UP,{},"{'source_path': '/Users/madhuram/tradebot-structural-edge-discovery-v3/runtime/upstox_candidate_replay.zip!upstox_candidate_replay/20240620/underlying/NIFTY_20240620.parquet', 'source_hash': '4357f109ed631802b3774c34db9c318f71742f8e99de307408af71bf00810707'}",{'completed_bar_only': True},"{'buy_ce_allowed': True, 'buy_pe_allowed': False, 'research_only': True}",206b1ffc642c3a28292efa70db7889367a2be5c93aaaf62547769e96aa848f67,23552.95,2024-06-20 14:57:00+05:30,342,0.0008099007712125669,125.95000000000073,0.0,251.09999999999854,11.570000000001892,10.646666666667443,0.00035718443356267315,10.225000000000623,7.962973760935711,71.04999999999927,110.35000000000218,0.7530120481926721,0.0,0.24698795180732794,0,2,0.0005862573627339884,16.600000000002183,12.5,0.0,2024-06-20T14:58:00+05:30,23553.0,30,34.79999999999927,3.599999999998545,28.700000000000728,27.200000000000728,True,True,0.8247126436781991
NIFTY:2024-06-21,2024-06-21,NIFTY,compression_expansion_up,2024-06-21T09:33:00+05:30,2024-06-21T09:33:00+05:30,UP,{},"{'source_path': '/Users/madhuram/tradebot-structural-edge-discovery-v3/runtime/upstox_candidate_replay.zip!upstox_candidate_replay/20240621/underlying/NIFTY_20240621.parquet', 'source_hash': '4357f109ed631802b3774c34db9c318f71742f8e99de307408af71bf00810707'}",{'completed_bar_only': True},"{'buy_ce_allowed': True, 'buy_pe_allowed': False, 'research_only': True}",3c118fa0fa4dd6ef98702ecfcf4eaaa3b6de3891b43b13ba31da4806f5c51fca,23639.3,2024-06-21 09:32:00+05:30,17,0.0015182905236193532,73.0,0.0,181.40000000000146,16.879999999999562,18.043333333332946,0.00047988956585124607,18.29285714285678,26.255555555555475,27.799999999999272,45.20000000000073,0.9068901303538125,0.029795158286752915,0.06331471135943463,13,0,0.0010120514579468054,26.849999999998545,24.349999999998545,0.0,2024-06-21T09:33:00+05:30,23638.9,30,10.149999999997817,71.85000000000218,-31.150000000001455,-32.650000000001455,False,False,-3.068965517242183
NIFTY:2024-06-21,2024-06-21,NIFTY,compression_expansion_up,2024-06-21T11:22:00+05:30,2024-06-21T11:22:00+05:30,UP,{},"{'source_path': '/Users/madhuram/tradebot-structural-edge-discovery-v3/runtime/upstox_candidate_replay.zip!upstox_candidate_replay/20240621/underlying/NIFTY_20240621.parquet', 'source_hash': '4357f109ed631802b3774c34db9c318f71742f8e99de307408af71bf00810707'}",{'completed_bar_only': True},"{'buy_ce_allowed': True, 'buy_pe_allowed': False, 'research_only': True}",c02736eabeabb89385e5c1fb7f40f78886fc03d9da431e6b033b31c635e2b2f6,23525.35,2024-06-21 11:21:00+05:30,126,-0.0027842394657992954,73.0,0.0,181.40000000000146,9.059999999999855,9.199999999999758,0.0002538800038932471,9.157142857142649,-51.84566929134235,141.75,33.849999999998545,0.8404255319148771,0.03546099290780508,0.12411347517731777,13,0,0.0005465178096757395,14.099999999998545,11.849999999998545,0.0,2024-06-21T11:22:00+05:30,23524.7,30,37.20000000000073,17.700000000000728,22.549999999999272,21.049999999999272,True,True,0.6061827956988933
NIFTY:2024-06-21,2024-06-21,NIFTY,compression_expansion_up,2024-06-21T11:34:00+05:30,2024-06-21T11:34:00+05:30,UP,{},"{'source_path': '/Users/madhuram/tradebot-structural-edge-discovery-v3/runtime/upstox_candidate_replay.zip!upstox_candidate_replay/20240621/underlying/NIFTY_20240621.parquet', 'source_hash': '4357f109ed631802b3774c34db9c318f71742f8e99de307408af71bf00810707'}",{'completed_bar_only': True},"{'buy_ce_allowed': True, 'buy_pe_allowed': False, 'research_only': True}",64cb7a70d74a1d9d6a5edce7513de0bfc3d97db3abc8ea8f67c319affd37d6f1,23534.7,2024-06-21 11:33:00+05:30,138,-0.0027354675635041974,73.0,0.0,181.40000000000146,12.41000000000131,10.640000000000388,0.0003291674415214739,10.485714285714753,-37.88309352517899,132.39999999999782,43.20000000000073,0.699825479930131,0.03315881326354902,0.26701570680632,0,0,0.0008037149490980333,28.650000000001455,20.049999999999272,0.0,2024-06-21T11:34:00+05:30,23534.4,30,27.5,9.80000000000291,9.44999999999709,7.94999999999709,True,True,0.3436363636362578
NIFTY:2024-06-21,2024-06-21,NIFTY,compression_expansion_up,2024-06-21T13:52:00+05:30,2024-06-21T13:52:00+05:30,UP,{},"{'source_path': '/Users/madhuram/tradebot-structural-edge-discovery-v3/runtime/upstox_candidate_replay.zip!upstox_candidate_replay/20240621/underlying/NIFTY_20240621.parquet', 'source_hash': '4357f109ed631802b3774c34db9c318f71742f8e99de307408af71bf00810707'}",{'completed_bar_only': True},"{'buy_ce_allowed': True, 'buy_pe_allowed': False, 'research_only': True}",2e59be5bddfe2fed08a81f64aa881f1934d45a8696c76da8d4d85ebb9b9edeff,23485.0,2024-06-21 13:51:00+05:30,276,-0.004450966213794845,73.0,0.0,181.40000000000146,7.9,7.943333333334158,0.00023281447333536694,7.767857142857922,-50.53032490974874,182.09999999999854,62.599999999998545,0.7272727272727495,0.20538720538717653,0.06734006734007394,6,0,0.0004579486032567637,14.849999999998545,10.799999999999272,0.0,2024-06-21T13:52:00+05:30,23485.45,30,100.25,2.350000000002183,52.099999999998545,50.599999999998545,True,True,0.5197007481296613
NIFTY:2024-06-21,2024-06-21,NIFTY,compression_expansion_up,2024-06-21T13:53:00+05:30,2024-06-21T13:53:00+05:30,UP,{},"{'source_path': '/Users/madhuram/tradebot-structural-edge-discovery-v3/runtime/upstox_candidate_replay.zip!upstox_candidate_replay/20240621/underlying/NIFTY_20240621.parquet', 'source_hash': '4357f109ed631802b3774c34db9c318f71742f8e99de307408af71bf00810707'}",{'completed_bar_only': True},"{'buy_ce_allowed': True, 'buy_pe_allowed': False, 'research_only': True}",e5ab97bd796fdda62a94973dd08dab3c8d42d9ff81e8733a122c6873ce2245d8,23498.2,2024-06-21 13:52:00+05:30,277,-0.003973849778299927,73.0,0.0,181.40000000000146,10.140000000000146,8.25666666666754,0.0002568480115270333,8.496428571429663,-37.19604316546611,168.89999999999782,75.79999999999927,0.8443708609270303,0.0,0.15562913907296974,0,0,0.0005620608899297164,15.100000000002183,12.75,0.0,2024-06-21T13:53:00+05:30,23498.65,30,87.04999999999927,2.2000000000007276,18.799999999999272,17.299999999999272,True,True,0.2159678345778223
NIFTY:2024-06-21,2024-06-21,NIFTY,compression_expansion_up,2024-06-21T14:04:00+05:30,2024-06-21T14:04:00+05:30,UP,{},"{'source_path': '/Users/madhuram/tradebot-structural-edge-discovery-v3/runtime/upstox_candidate_replay.zip!upstox_candidate_replay/20240621/underlying/NIFTY_20240621.parquet', 'source_hash': '4357f109ed631802b3774c34db9c318f71742f8e99de307408af71bf00810707'}",{'completed_bar_only': True},"{'buy_ce_allowed': True, 'buy_pe_allowed': False, 'research_only': True}",2a1a1eaa2b9587731795e1743b55e4400e484bee62e1cf890f50ab4f2ecb249e,23565.65,2024-06-21 14:03:00+05:30,288,-0.0019254298819084425,73.0,0.0,181.40000000000146,17.889999999999418,14.936666666666618,0.0004752756862330839,15.496428571428364,30.42179930795828,101.44999999999709,143.25,0.8644986449864552,0.09078590785903558,0.044715447154509216,0,0,0.001344862751763376,36.900000000001455,31.900000000001455,0.0,2024-06-21T14:04:00+05:30,23564.25,30,21.450000000000728,137.54999999999927,-137.54999999999927,-139.04999999999927,False,False,-6.412587412587161
NIFTY:2024-06-21,2024-06-21,NIFTY,compression_expansion_up,2024-06-21T14:43:00+05:30,2024-06-21T14:43:00+05:30,UP,{},"{'source_path': '/Users/madhuram/tradebot-structural-edge-discovery-v3/runtime/upstox_candidate_replay.zip!upstox_candidate_replay/20240621/underlying/NIFTY_20240621.parquet', 'source_hash': '4357f109ed631802b3774c34db9c318f71742f8e99de307408af71bf00810707'}",{'completed_bar_only': True},"{'buy_ce_allowed': True, 'buy_pe_allowed': False, 'research_only': True}",8da4bae76ad3dbeafe66505070b852afc6f0b4cdf0e7859df988ce5fd386b8cd,23463.55,2024-06-21 14:42:00+05:30,327,-0.005557876344143148,73.0,0.0,181.40000000000146,18.080000000001018,18.443333333333673,0.0005477507832568317,18.878571428571895,-68.00960365853825,203.54999999999927,65.34999999999854,0.5775700934579712,0.0,0.4224299065420289,13,0,0.0006759724834417558,26.75,15.450000000000728,0.0,2024-06-21T14:43:00+05:30,23467.1,30,99.05000000000291,9.399999999997817,7.400000000001455,5.900000000001455,True,True,0.07470974255427802
NIFTY:2024-06-21,2024-06-21,NIFTY,compression_expansion_up,2024-06-21T14:52:00+05:30,2024-06-21T14:52:00+05:30,UP,{},"{'source_path': '/Users/madhuram/tradebot-structural-edge-discovery-v3/runtime/upstox_candidate_replay.zip!upstox_candidate_replay/20240621/underlying/NIFTY_20240621.parquet', 'source_hash': '4357f109ed631802b3774c34db9c318f71742f8e99de307408af71bf00810707'}",{'completed_bar_only': True},"{'buy_ce_allowed': True, 'buy_pe_allowed': False, 'research_only': True}",5834fd9cfa06069ce26307a93578a39ee40b241a6293441a49b9a2730ade0285,23496.95,2024-06-21 14:51:00+05:30,336,-0.004815695222262164,73.0,0.0,181.40000000000146,16.19999999999927,17.45,0.0005144141235974862,17.596428571428728,-33.17685459940549,170.14999999999782,98.75,0.9543378995434877,0.02739726027390737,0.01826484018260491,5,0,0.0012826604337610181,32.849999999998545,31.350000000002183,0.0,2024-06-21T14:52:00+05:30,23496.9,30,69.25,35.25,-22.950000000000728,-24.450000000000728,True,True,-0.33140794223827763
NIFTY:2024-06-24,2024-06-24,NIFTY,compression_expansion_up,2024-06-24T10:10:00+05:30,2024-06-24T10:10:00+05:30,UP,{},"{'source_path': '/Users/madhuram/tradebot-structural-edge-discovery-v3/runtime/upstox_candidate_replay.zip!upstox_candidate_replay/20240624/underlying/NIFTY_20240624.parquet', 'source_hash': '4357f109ed631802b3774c34db9c318f71742f8e99de307408af71bf00810707'}",{'completed_bar_only': True},"{'buy_ce_allowed': True, 'buy_pe_allowed': False, 'research_only': True}",f0974d8404a9ab3e6b9cded0d1b3158ff8452508a59e3d2a58524b598993b39e,23449.75,2024-06-24 10:09:00+05:30,54,-0.0008612915535866494,87.70000000000073,0.0,268.8999999999978,11.71999999999971,11.559999999999855,0.00033819389705813235,11.232142857142597,45.529999999998836,4.849999999998545,99.75,0.7550561797752482,0.21797752808982224,0.026966292134929563,0,5,0.0007212097546820395,22.25,16.799999999999272,0.0,2024-06-24T10:10:00+05:30,23449.95,30,23.399999999997817,19.200000000000728,21.700000000000728,20.200000000000728,True,True,0.927350427350545
NIFTY:2024-06-24,2024-06-24,NIFTY,compression_expansion_up,2024-06-24T10:33:00+05:30,2024-06-24T10:33:00+05:30,UP,{},"{'source_path': '/Users/madhuram/tradebot-structural-edge-discovery-v3/runtime/upstox_candidate_replay.zip!upstox_candidate_replay/20240624/underlying/NIFTY_20240624.parquet', 'source_hash': '4357f109ed631802b3774c34db9c318f71742f8e99de307408af71bf00810707'}",{'completed_bar_only': True},"{'buy_ce_allowed': True, 'buy_pe_allowed': False, 'research_only': True}",1e8ec00d3bdff93566a9bed285e25a12ebe32ac95429904b73ab2989350287d0,23460.3,2024-06-24 10:32:00+05:30,77,1.4923368502676391e-05,87.70000000000073,0.0,268.8999999999978,7.05,8.173333333333236,0.00023640840099598378,8.110714285713973,43.733333333333576,4.400000000001455,110.29999999999927,0.5836909871243282,0.37768240343355414,0.03862660944211772,13,8,0.0002750081543114735,11.650000000001455,6.799999999999272,0.0,2024-06-24T10:33:00+05:30,23458.9,30,50.94999999999709,17.100000000002183,48.54999999999927,47.04999999999927,True,True,0.9528949950932688
NIFTY:2024-06-24,2024-06-24,NIFTY,compression_expansion_up,2024-06-24T11:01:00+05:30,2024-06-24T11:01:00+05:30,UP,{},"{'source_path': '/Users/madhuram/tradebot-structural-edge-discovery-v3/runtime/upstox_candidate_replay.zip!upstox_candidate_replay/20240624/underlying/NIFTY_20240624.parquet', 'source_hash': '4357f109ed631802b3774c34db9c318f71742f8e99de307408af71bf00810707'}",{'completed_bar_only': True},"{'buy_ce_allowed': True, 'buy_pe_allowed': False, 'research_only': True}",3b1ce8e41240f29e71c5dfd4a6e15beb3b63c508168a4bf457798d8efc161957,23484.45,2024-06-24 11:00:00+05:30,105,0.0007227174174896374,87.70000000000073,0.0,268.8999999999978,8.75,9.323333333333478,0.00031933711729518555,9.221428571428728,53.638207547173806,9.549999999999272,134.45000000000073,0.9598662207358852,0.0,0.04013377926411476,7,10,0.0006263381586937289,14.950000000000728,14.350000000002183,0.0,2024-06-24T11:01:00+05:30,23484.65,30,60.25,2.400000000001455,47.04999999999927,45.54999999999927,True,True,0.7809128630705273
NIFTY:2024-06-24,2024-06-24,NIFTY,compression_expansion_up,2024-06-24T11:16:00+05:30,2024-06-24T11:16:00+05:30,UP,{},"{'source_path': '/Users/madhuram/tradebot-structural-edge-discovery-v3/runtime/upstox_candidate_replay.zip!upstox_candidate_replay/20240624/underlying/NIFTY_20240624.parquet', 'source_hash': '4357f109ed631802b3774c34db9c318f71742f8e99de307408af71bf00810707'}",{'completed_bar_only': True},"{'buy_ce_allowed': True, 'buy_pe_allowed': False, 'research_only': True}",d4d1834b450c94247d11427ef675bbd09a36fc4b0a3ed590665d3ef5574793d7,23508.65,2024-06-24 11:15:00+05:30,120,0.00188460825091713,87.70000000000073,0.0,268.8999999999978,8.609999999999854,10.193333333333431,0.00028679176790911623,10.296428571428676,68.50371900826576,16.549999999999272,158.65000000000146,0.7385620915034933,0.16993464052278878,0.0915032679737179,4,11,0.0004936789937461938,15.299999999999272,11.30000000000291,0.0,2024-06-24T11:16:00+05:30,23508.7,30,36.20000000000073,17.200000000000728,-2.600000000002183,-4.100000000002183,True,True,-0.07182320441994836
NIFTY:2024-06-24,2024-06-24,NIFTY,compression_expansion_up,2024-06-24T11:19:00+05:30,2024-06-24T11:19:00+05:30,UP,{},"{'source_path': '/Users/madhuram/tradebot-structural-edge-discovery-v3/runtime/upstox_candidate_replay.zip!upstox_candidate_replay/20240624/underlying/NIFTY_20240624.parquet', 'source_hash': '4357f109ed631802b3774c34db9c318f71742f8e99de307408af71bf00810707'}",{'completed_bar_only': True},"{'buy_ce_allowed': True, 'buy_pe_allowed': False, 'research_only': True}",3ea926a26ef13ee370e91dc38f81efc11d4290f632c9ccaf94fafb6fb5468f5c,23533.05,2024-06-24 11:18:00+05:30,123,0.002713921157712197,87.70000000000073,0.0,268.8999999999978,11.419999999998982,10.296666666666715,0.00032531027923936344,10.149999999999896,90.90846774193778,1.6000000000021828,183.04999999999927,0.9027777777777778,0.08888888888901016,0.008333333333212067,0,11,0.0007101442188095497,18.0,16.25,0.0,2024-06-24T11:19:00+05:30,23533.15,30,11.75,41.650000000001455,-23.950000000000728,-25.450000000000728,False,False,-2.0382978723404874
NIFTY:2024-06-24,2024-06-24,NIFTY,compression_expansion_up,2024-06-24T13:06:00+05:30,2024-06-24T13:06:00+05:30,UP,{},"{'source_path': '/Users/madhuram/tradebot-structural-edge-discovery-v3/runtime/upstox_candidate_replay.zip!upstox_candidate_replay/20240624/underlying/NIFTY_20240624.parquet', 'source_hash': '4357f109ed631802b3774c34db9c318f71742f8e99de307408af71bf00810707'}",{'completed_bar_only': True},"{'buy_ce_allowed': True, 'buy_pe_allowed': False, 'research_only': True}",fc6a203047a793905b0e404963c6fadb759f3b07e427225e63a2e23f3000b43d,23522.1,2024-06-24 13:05:00+05:30,230,0.0026073256684069224,87.70000000000073,0.0,268.8999999999978,6.95,6.45,0.0001726143507574162,6.121428571428363,39.24523809523453,36.0,172.09999999999854,0.8478260869563756,0.08695652173943991,0.0652173913041845,0,15,0.00031469676415163406,9.200000000000728,7.799999999999272,0.0,2024-06-24T13:06:00+05:30,23522.65,30,32.599999999998545,0.0,14.299999999999272,12.799999999999272,True,True,0.4386503067484635
NIFTY:2024-06-24,2024-06-24,NIFTY,compression_expansion_up,2024-06-24T14:05:00+05:30,2024-06-24T14:05:00+05:30,UP,{},"{'source_path': '/Users/madhuram/tradebot-structural-edge-discovery-v3/runtime/upstox_candidate_replay.zip!upstox_candidate_replay/20240624/underlying/NIFTY_20240624.parquet', 'source_hash': '4357f109ed631802b3774c34db9c318f71742f8e99de307408af71bf00810707'}",{'completed_bar_only': True},"{'buy_ce_allowed': True, 'buy_pe_allowed': False, 'research_only': True}",f0e0a80a0be65af4d52fafdd2d4f43470a760578be47a80f377ad902f737ac0e,23530.4,2024-06-24 14:04:00+05:30,289,0.002839703835092452,87.70000000000073,0.0,268.8999999999978,8.390000000000873,7.380000000000534,0.00019427570776122747,7.557142857143325,36.447413793106534,27.69999999999709,180.40000000000146,0.7947761194030074,0.194029850746139,0.011194029850853649,0,15,0.0004400500849275346,13.400000000001455,10.650000000001455,0.0,2024-06-24T14:05:00+05:30,23529.95,30,2.0499999999992724,25.200000000000728,-14.850000000002183,-16.350000000002183,False,False,-7.243902439028026
NIFTY:2024-06-24,2024-06-24,NIFTY,compression_expansion_up,2024-06-24T14:14:00+05:30,2024-06-24T14:14:00+05:30,UP,{},"{'source_path': '/Users/madhuram/tradebot-structural-edge-discovery-v3/runtime/upstox_candidate_replay.zip!upstox_candidate_replay/20240624/underlying/NIFTY_20240624.parquet', 'source_hash': '4357f109ed631802b3774c34db9c318f71742f8e99de307408af71bf00810707'}",{'completed_bar_only': True},"{'buy_ce_allowed': True, 'buy_pe_allowed': False, 'research_only': True}",fa450d3ffcf3f67f772e20abd3ecf9803dd5820c8730278018f5ed1fc36e5fd0,23521.95,2024-06-24 14:13:00+05:30,298,0.0026520957739151066,87.70000000000073,0.0,268.8999999999978,7.550000000000727,7.146666666666958,0.00021968645525504595,7.203571428571844,27.121571906354802,36.14999999999782,171.95000000000073,0.6470588235295796,0.3529411764704204,0.0,0,15,0.000297682963391388,10.200000000000728,6.600000000002183,0.0,2024-06-24T14:14:00+05:30,23522.0,30,9.75,17.5,-2.099999999998545,-3.599999999998545,False,False,-0.21538461538446613
NIFTY:2024-06-25,2024-06-25,NIFTY,compression_expansion_up,2024-06-25T10:13:00+05:30,2024-06-25T10:13:00+05:30,UP,{},"{'source_path': '/Users/madhuram/tradebot-structural-edge-discovery-v3/runtime/upstox_candidate_replay.zip!upstox_candidate_replay/20240625/underlying/NIFTY_20240625.parquet', 'source_hash': '4357f109ed631802b3774c34db9c318f71742f8e99de307408af71bf00810707'}",{'completed_bar_only': True},"{'buy_ce_allowed': True, 'buy_pe_allowed': False, 'research_only': True}",85afc9b3bfd429e6a4cdd2531ab428a52e3fe48a87bb4eec2bdefa5a8f09cdbe,23598.2,2024-06-25 10:12:00+05:30,57,0.0015393663755671769,32.60000000000218,0.0,208.09999999999854,8.270000000000437,9.120000000000195,0.00031433212041918315,8.960714285714337,10.671551724139135,19.899999999997817,33.25,0.8692810457516278,0.09803921568627917,0.03267973856209306,7,3,0.0005511931211097387,15.299999999999272,13.299999999999272,0.0,2024-06-25T10:13:00+05:30,23597.55,30,6.850000000002183,12.299999999999272,-6.349999999998545,-7.849999999998545,False,False,-0.9270072992695652
NIFTY:2024-06-25,2024-06-25,NIFTY,compression_expansion_up,2024-06-25T11:33:00+05:30,2024-06-25T11:33:00+05:30,UP,{},"{'source_path': '/Users/madhuram/tradebot-structural-edge-discovery-v3/runtime/upstox_candidate_replay.zip!upstox_candidate_replay/20240625/underlying/NIFTY_20240625.parquet', 'source_hash': '4357f109ed631802b3774c34db9c318f71742f8e99de307408af71bf00810707'}",{'completed_bar_only': True},"{'buy_ce_allowed': True, 'buy_pe_allowed': False, 'research_only': True}",bcc7cdb294dde68066c7ae67589b0a9649683f77b567895dfaed3ea71b7462c2,23578.5,2024-06-25 11:32:00+05:30,137,0.0008620451703175881,32.60000000000218,0.0,208.09999999999854,6.069999999999709,6.789999999999903,0.00022241380932911303,6.432142857142805,-10.343478260867414,39.599999999998545,16.450000000000728,0.8842592592592514,0.07407407407401169,0.041666666666736844,8,3,0.00036699427446507116,10.799999999999272,9.549999999999272,0.0,2024-06-25T11:33:00+05:30,23578.95,30,14.399999999997817,12.600000000002183,2.599999999998545,1.0999999999985448,True,False,0.18055555555548186
NIFTY:2024-06-25,2024-06-25,NIFTY,compression_expansion_up,2024-06-25T11:49:00+05:30,2024-06-25T11:49:00+05:30,UP,{},"{'source_path': '/Users/madhuram/tradebot-structural-edge-discovery-v3/runtime/upstox_candidate_replay.zip!upstox_candidate_replay/20240625/underlying/NIFTY_20240625.parquet', 'source_hash': '4357f109ed631802b3774c34db9c318f71742f8e99de307408af71bf00810707'}",{'completed_bar_only': True},"{'buy_ce_allowed': True, 'buy_pe_allowed': False, 'research_only': True}",767deea6eba143f36618b1bf47ee6e532bf8f507d8d83f55d82df5d6afac41ef,23587.2,2024-06-25 11:48:00+05:30,153,0.0012866979635774989,32.60000000000218,0.0,208.09999999999854,5.199999999999273,5.4,0.0001670783713113692,5.078571428571585,-0.30681818181619747,30.899999999997817,25.150000000001455,0.84183673469394,0.061224489795774426,0.09693877551028553,12,3,0.0003307972213033583,9.799999999999272,8.25,0.0,2024-06-25T11:49:00+05:30,23586.8,30,12.25,7.25,-2.75,-4.25,True,False,-0.22448979591836735
NIFTY:2024-06-25,2024-06-25,NIFTY,compression_expansion_up,2024-06-25T12:26:00+05:30,2024-06-25T12:26:00+05:30,UP,{},"{'source_path': '/Users/madhuram/tradebot-structural-edge-discovery-v3/runtime/upstox_candidate_replay.zip!upstox_candidate_replay/20240625/underlying/NIFTY_20240625.parquet', 'source_hash': '4357f109ed631802b3774c34db9c318f71742f8e99de307408af71bf00810707'}",{'completed_bar_only': True},"{'buy_ce_allowed': True, 'buy_pe_allowed': False, 'research_only': True}",81993bd1f373f317c126694a58988203b3184ff856055b6ef657fe337df0a83f,23599.8,2024-06-25 12:25:00+05:30,190,0.0016158038783539298,32.60000000000218,0.0,208.09999999999854,6.240000000000146,5.796666666666472,0.00019555520290351472,5.846428571428468,12.156806282724574,18.299999999999272,37.75,0.9703703703702625,0.0,0.029629629629737423,0,3,0.0004705642956159828,13.5,13.099999999998545,0.0,2024-06-25T12:26:00+05:30,23601.6,30,67.05000000000291,0.0,54.35000000000218,52.85000000000218,True,True,0.8105891126025327
NIFTY:2024-06-25,2024-06-25,NIFTY,compression_expansion_up,2024-06-25T13:01:00+05:30,2024-06-25T13:01:00+05:30,UP,{},"{'source_path': '/Users/madhuram/tradebot-structural-edge-discovery-v3/runtime/upstox_candidate_replay.zip!upstox_candidate_replay/20240625/underlying/NIFTY_20240625.parquet', 'source_hash': '4357f109ed631802b3774c34db9c318f71742f8e99de307408af71bf00810707'}",{'completed_bar_only': True},"{'buy_ce_allowed': True, 'buy_pe_allowed': False, 'research_only': True}",e421f4fcc7519ca7707b995d028fcf6ec6d95d2251002d14ec9d87addd65ec77,23666.0,2024-06-25 13:00:00+05:30,225,0.004501319608555055,32.60000000000218,0.0,208.09999999999854,8.760000000000582,8.556666666667297,0.00023977495798299008,8.435714285714962,68.85376106194599,2.650000000001455,103.95000000000073,0.8194945848373109,0.10469314079425986,0.07581227436842923,0,7,0.0004544445736147651,13.850000000002183,11.349999999998545,0.0,2024-06-25T13:01:00+05:30,23665.95,30,26.299999999999272,19.549999999999272,-1.1000000000021828,-2.600000000002183,True,True,-0.04182509505711837
NIFTY:2024-06-25,2024-06-25,NIFTY,compression_expansion_up,2024-06-25T13:25:00+05:30,2024-06-25T13:25:00+05:30,UP,{},"{'source_path': '/Users/madhuram/tradebot-structural-edge-discovery-v3/runtime/upstox_candidate_replay.zip!upstox_candidate_replay/20240625/underlying/NIFTY_20240625.parquet', 'source_hash': '4357f109ed631802b3774c34db9c318f71742f8e99de307408af71bf00810707'}",{'completed_bar_only': True},"{'buy_ce_allowed': True, 'buy_pe_allowed': False, 'research_only': True}",c5fdbdbbc978f1aea59dc5a2f47b5dab40c4327bada163b9717f591c3811e296,23687.6,2024-06-25 13:24:00+05:30,249,0.005514116520479881,32.60000000000218,0.0,208.09999999999854,8.890000000000146,8.966666666666423,0.00021074423433148994,9.121428571428364,83.81439999999566,4.600000000002183,125.54999999999927,0.6642335766421943,0.3357664233578057,0.0,6,10,0.0003822024574984262,13.700000000000728,9.099999999998545,0.0,2024-06-25T13:25:00+05:30,23687.5,30,4.75,26.0,-8.5,-10.0,False,False,-1.7894736842105263
NIFTY:2024-06-25,2024-06-25,NIFTY,compression_expansion_up,2024-06-25T15:23:00+05:30,2024-06-25T15:23:00+05:30,UP,{},"{'source_path': '/Users/madhuram/tradebot-structural-edge-discovery-v3/runtime/upstox_candidate_replay.zip!upstox_candidate_replay/20240625/underlying/NIFTY_20240625.parquet', 'source_hash': '4357f109ed631802b3774c34db9c318f71742f8e99de307408af71bf00810707'}",{'completed_bar_only': True},"{'buy_ce_allowed': True, 'buy_pe_allowed': False, 'research_only': True}",fd7dce2d9573c41774b55779f8a5763ed2d04e94036ee6534a93d24843240ee7,23751.85,2024-06-25 15:22:00+05:30,367,0.008195798909916278,32.60000000000218,0.0,208.09999999999854,9.160000000000583,9.186666666666861,0.000292937608169246,8.678571428571688,119.81915760869379,2.3000000000029104,189.79999999999927,0.7472527472524544,0.16849816849836374,0.08424908424918187,11,20,0.0004612293552475055,13.650000000001455,10.19999999999709,0.0,2024-06-25T15:23:00+05:30,23753.15,30,0.0,37.85000000000218,-31.25,-32.75,False,False,0.0
NIFTY:2024-06-26,2024-06-26,NIFTY,compression_expansion_up,2024-06-26T10:16:00+05:30,2024-06-26T10:16:00+05:30,UP,{},"{'source_path': '/Users/madhuram/tradebot-structural-edge-discovery-v3/runtime/upstox_candidate_replay.zip!upstox_candidate_replay/20240626/underlying/NIFTY_20240626.parquet', 'source_hash': '4357f109ed631802b3774c34db9c318f71742f8e99de307408af71bf00810707'}",{'completed_bar_only': True},"{'buy_ce_allowed': True, 'buy_pe_allowed': False, 'research_only': True}",d9b6a4584530aed4e176554ae9fb33824e46d5f7e11197234ab2ab8826c75954,23705.75,2024-06-26 10:15:00+05:30,60,-0.0012119602561346265,60.20000000000073,0.0,192.10000000000218,7.639999999999418,8.456666666665843,0.0002661923770082623,8.478571428570701,1.4721311475404946,43.75,35.29999999999927,0.903225806451697,0.09677419354830297,0.0,5,0,0.0005275764194443422,13.94999999999709,12.599999999998545,0.0,2024-06-26T10:16:00+05:30,23706.6,30,44.400000000001455,1.0999999999985448,32.70000000000073,31.200000000000728,True,True,0.7364864864864787
NIFTY:2024-06-26,2024-06-26,NIFTY,compression_expansion_up,2024-06-26T10:17:00+05:30,2024-06-26T10:17:00+05:30,UP,{},"{'source_path': '/Users/madhuram/tradebot-structural-edge-discovery-v3/runtime/upstox_candidate_replay.zip!upstox_candidate_replay/20240626/underlying/NIFTY_20240626.parquet', 'source_hash': '4357f109ed631802b3774c34db9c318f71742f8e99de307408af71bf00810707'}",{'completed_bar_only': True},"{'buy_ce_allowed': True, 'buy_pe_allowed': False, 'research_only': True}",fc4e0cd87a05a4e574df115e3bacdbaa58bd967e597d5941190fc9112b284d2d,23721.8,2024-06-26 10:16:00+05:30,61,-0.0006449736319604631,60.20000000000073,0.0,192.10000000000218,10.229999999999563,9.093333333332703,0.0003049563015236445,9.15714285714239,17.23951612903329,27.700000000000728,51.349999999998545,0.8587570621468985,0.07909604519781907,0.06214689265528246,0,0,0.0006770509264628632,17.700000000000728,15.200000000000728,0.0,2024-06-26T10:17:00+05:30,23721.05,30,29.950000000000728,9.549999999999272,13.150000000001455,11.650000000001455,True,True,0.43906510851422825
NIFTY:2024-06-26,2024-06-26,NIFTY,compression_expansion_up,2024-06-26T10:42:00+05:30,2024-06-26T10:42:00+05:30,UP,{},"{'source_path': '/Users/madhuram/tradebot-structural-edge-discovery-v3/runtime/upstox_candidate_replay.zip!upstox_candidate_replay/20240626/underlying/NIFTY_20240626.parquet', 'source_hash': '4357f109ed631802b3774c34db9c318f71742f8e99de307408af71bf00810707'}",{'completed_bar_only': True},"{'buy_ce_allowed': True, 'buy_pe_allowed': False, 'research_only': True}",8550edfc591b4c53b07a8ea233c95cfd16191d22ffd47d2916b4ae3a622ddf70,23734.05,2024-06-26 10:41:00+05:30,86,0.0001285731749985993,60.20000000000073,0.0,192.10000000000218,7.4099999999998545,7.350000000000728,0.0002304320582046229,7.11428571428639,22.591379310346383,16.950000000000728,63.599999999998545,0.7844827586206626,0.1681034482759459,0.0474137931033915,0,1,0.0004025374612741661,11.599999999998545,9.099999999998545,0.0,2024-06-26T10:42:00+05:30,23734.15,30,56.349999999998545,11.80000000000291,38.44999999999709,36.94999999999709,True,True,0.6823425022182446
NIFTY:2024-06-26,2024-06-26,NIFTY,compression_expansion_up,2024-06-26T10:58:00+05:30,2024-06-26T10:58:00+05:30,UP,{},"{'source_path': '/Users/madhuram/tradebot-structural-edge-discovery-v3/runtime/upstox_candidate_replay.zip!upstox_candidate_replay/20240626/underlying/NIFTY_20240626.parquet', 'source_hash': '4357f109ed631802b3774c34db9c318f71742f8e99de307408af71bf00810707'}",{'completed_bar_only': True},"{'buy_ce_allowed': True, 'buy_pe_allowed': False, 'research_only': True}",fda80a2cff0d795875ee3564410c3c95c1c3e06fb2f18c9950df5528c44174e2,23763.0,2024-06-26 10:57:00+05:30,102,0.0011318654913813203,60.20000000000073,0.0,192.10000000000218,9.119999999998981,8.169999999999709,0.00023314738094244993,8.11428571428535,47.336407766990305,3.25,92.54999999999927,0.7872928176796213,0.1795580110497382,0.0331491712706405,0,1,0.0005873919167294073,18.099999999998545,14.25,0.0,2024-06-26T10:58:00+05:30,23763.15,30,44.599999999998545,1.75,39.94999999999709,38.44999999999709,True,True,0.8957399103138654
NIFTY:2024-06-26,2024-06-26,NIFTY,compression_expansion_up,2024-06-26T11:28:00+05:30,2024-06-26T11:28:00+05:30,UP,{},"{'source_path': '/Users/madhuram/tradebot-structural-edge-discovery-v3/runtime/upstox_candidate_replay.zip!upstox_candidate_replay/20240626/underlying/NIFTY_20240626.parquet', 'source_hash': '4357f109ed631802b3774c34db9c318f71742f8e99de307408af71bf00810707'}",{'completed_bar_only': True},"{'buy_ce_allowed': True, 'buy_pe_allowed': False, 'research_only': True}",46e9d62b3639b990ea9004b1077e501037c7de2a071bc56e204de9f3d08e5fb2,23805.55,2024-06-26 11:27:00+05:30,132,0.002923458913493377,60.20000000000073,0.0,192.10000000000218,8.129999999999564,7.726666666666278,0.00023679140307325582,7.664285714285403,75.3026315789466,0.2000000000007276,135.09999999999854,0.9377049180327391,0.013114754098408368,0.04918032786885246,0,9,0.000636811486986355,15.25,14.299999999999272,0.0,2024-06-26T11:28:00+05:30,23805.5,30,22.0,14.349999999998545,20.400000000001455,18.900000000001455,True,True,0.9272727272727934
NIFTY:2024-06-26,2024-06-26,NIFTY,compression_expansion_up,2024-06-26T11:58:00+05:30,2024-06-26T11:58:00+05:30,UP,{},"{'source_path': '/Users/madhuram/tradebot-structural-edge-discovery-v3/runtime/upstox_candidate_replay.zip!upstox_candidate_replay/20240626/underlying/NIFTY_20240626.parquet', 'source_hash': '4357f109ed631802b3774c34db9c318f71742f8e99de307408af71bf00810707'}",{'completed_bar_only': True},"{'buy_ce_allowed': True, 'buy_pe_allowed': False, 'research_only': True}",7bfb9134a126ccac91f189dd53cf04cd929ec1fd7f1183b1dc0b73a2896ce3af,23822.85,2024-06-26 11:57:00+05:30,162,0.003962583098318431,60.20000000000073,0.0,192.10000000000218,7.139999999999418,6.730000000000291,0.00019734266545607014,6.34285714285735,77.73865030674642,2.900000000001455,152.39999999999782,0.6289592760178776,0.19004524886898833,0.1809954751131341,0,13,0.00028342171892115076,11.049999999999272,6.94999999999709,0.0,2024-06-26T11:58:00+05:30,23822.6,30,36.900000000001455,4.75,25.700000000000728,24.200000000000728,True,True,0.6964769647696399
NIFTY:2024-06-26,2024-06-26,NIFTY,compression_expansion_up,2024-06-26T12:10:00+05:30,2024-06-26T12:10:00+05:30,UP,{},"{'source_path': '/Users/madhuram/tradebot-structural-edge-discovery-v3/runtime/upstox_candidate_replay.zip!upstox_candidate_replay/20240626/underlying/NIFTY_20240626.parquet', 'source_hash': '4357f109ed631802b3774c34db9c318f71742f8e99de307408af71bf00810707'}",{'completed_bar_only': True},"{'buy_ce_allowed': True, 'buy_pe_allowed': False, 'research_only': True}",b0046ee94a30bb5da6534ddd40ddc9a9861ffd49a480c4d23538d2feba804864,23832.65,2024-06-26 12:09:00+05:30,174,0.00421551393438131,60.20000000000073,0.0,192.10000000000218,7.460000000000582,8.296666666666715,0.00029386992319000105,8.421428571428676,81.88114285714619,10.25,162.20000000000073,0.823754789271847,0.11494252873560655,0.06130268199254651,5,14,0.0003924729151714157,13.05000000000291,10.75,0.0,2024-06-26T12:10:00+05:30,23832.7,30,26.799999999999272,5.5,10.0,8.5,True,True,0.3731343283582191
NIFTY:2024-06-26,2024-06-26,NIFTY,compression_expansion_up,2024-06-26T12:19:00+05:30,2024-06-26T12:19:00+05:30,UP,{},"{'source_path': '/Users/madhuram/tradebot-structural-edge-discovery-v3/runtime/upstox_candidate_replay.zip!upstox_candidate_replay/20240626/underlying/NIFTY_20240626.parquet', 'source_hash': '4357f109ed631802b3774c34db9c318f71742f8e99de307408af71bf00810707'}",{'completed_bar_only': True},"{'buy_ce_allowed': True, 'buy_pe_allowed': False, 'research_only': True}",74cb788a929cca363760a5ac97d4706bfce8d2a6e03785270131add34d1c8cca,23845.45,2024-06-26 12:18:00+05:30,183,0.0048141169130633335,60.20000000000073,0.0,192.10000000000218,6.8400000000001455,6.420000000000194,0.00016905268940661577,6.528571428571793,90.59483695652307,1.5,175.0,0.7192307692309371,0.11538461538461539,0.1653846153844475,0,14,0.0004216417597355804,13.0,9.350000000002183,0.0,2024-06-26T12:19:00+05:30,23845.75,30,13.75,16.0,-3.7999999999992724,-5.299999999999272,False,False,-0.27636363636358346
NIFTY:2024-06-27,2024-06-27,NIFTY,compression_expansion_up,2024-06-27T09:57:00+05:30,2024-06-27T09:57:00+05:30,UP,{},"{'source_path': '/Users/madhuram/tradebot-structural-edge-discovery-v3/runtime/upstox_candidate_replay.zip!upstox_candidate_replay/20240627/underlying/NIFTY_20240627.parquet', 'source_hash': '4357f109ed631802b3774c34db9c318f71742f8e99de307408af71bf00810707'}",{'completed_bar_only': True},"{'buy_ce_allowed': True, 'buy_pe_allowed': False, 'research_only': True}",35b78bf4f2fbcc09591222446820e1e2c0d17c297fbcec3ca62a666a262731b7,23888.95,2024-06-27 09:56:00+05:30,41,0.0011639978607606884,74.0,0.0,219.45000000000073,14.069999999999709,11.649999999999757,0.0004172657838307852,11.574999999999688,42.140476190477784,0.3999999999978172,83.54999999999927,0.7730627306273746,0.014760147601396262,0.2121771217712291,0,0,0.0009070988339694441,27.099999999998545,20.950000000000728,0.0,2024-06-27T09:57:00+05:30,23890.2,30,76.34999999999854,0.8500000000021828,71.70000000000073,70.20000000000073,True,True,0.9390962671905971
NIFTY:2024-06-27,2024-06-27,NIFTY,compression_expansion_up,2024-06-27T10:28:00+05:30,2024-06-27T10:28:00+05:30,UP,{},"{'source_path': '/Users/madhuram/tradebot-structural-edge-discovery-v3/runtime/upstox_candidate_replay.zip!upstox_candidate_replay/20240627/underlying/NIFTY_20240627.parquet', 'source_hash': '4357f109ed631802b3774c34db9c318f71742f8e99de307408af71bf00810707'}",{'completed_bar_only': True},"{'buy_ce_allowed': True, 'buy_pe_allowed': False, 'research_only': True}",ad3c7c589e645f26bda289eb3341c59ff3c0ce919f4cf87675df5b93c0aa1d8a,23961.9,2024-06-27 10:27:00+05:30,72,0.004488207967617789,74.0,0.0,219.45000000000073,10.479999999998835,11.009999999999613,0.00032516624130410533,10.382142857142233,73.88287671233047,4.649999999997817,156.5,0.7398989898990905,0.23484848484838325,0.025252525252526182,10,7,0.0006431002442945921,19.799999999999272,14.650000000001455,0.0,2024-06-27T10:28:00+05:30,23962.25,30,12.450000000000728,127.95000000000073,-78.40000000000146,-79.90000000000146,False,False,-6.297188755019829
NIFTY:2024-06-27,2024-06-27,NIFTY,compression_expansion_up,2024-06-27T11:52:00+05:30,2024-06-27T11:52:00+05:30,UP,{},"{'source_path': '/Users/madhuram/tradebot-structural-edge-discovery-v3/runtime/upstox_candidate_replay.zip!upstox_candidate_replay/20240627/underlying/NIFTY_20240627.parquet', 'source_hash': '4357f109ed631802b3774c34db9c318f71742f8e99de307408af71bf00810707'}",{'completed_bar_only': True},"{'buy_ce_allowed': True, 'buy_pe_allowed': False, 'research_only': True}",b7098660e4f5c811b4e775b9feb027e86c229e73ed4910152bdc3fb981d148e1,23944.65,2024-06-27 11:51:00+05:30,156,0.004001635888885455,74.0,0.0,219.45000000000073,8.929999999999563,9.553333333333285,0.00030022811300380617,8.932142857142805,45.785987261147966,30.049999999999272,139.25,0.6716417910448855,0.029850746268498686,0.29850746268661577,5,7,0.0003780978960210568,13.399999999997817,9.0,0.0,2024-06-27T11:52:00+05:30,23944.65,30,70.59999999999854,13.400000000001455,42.64999999999782,41.14999999999782,True,True,0.604107648725194
NIFTY:2024-06-27,2024-06-27,NIFTY,compression_expansion_up,2024-06-27T12:38:00+05:30,2024-06-27T12:38:00+05:30,UP,{},"{'source_path': '/Users/madhuram/tradebot-structural-edge-discovery-v3/runtime/upstox_candidate_replay.zip!upstox_candidate_replay/20240627/underlying/NIFTY_20240627.parquet', 'source_hash': '4357f109ed631802b3774c34db9c318f71742f8e99de307408af71bf00810707'}",{'completed_bar_only': True},"{'buy_ce_allowed': True, 'buy_pe_allowed': False, 'research_only': True}",6bd1a23478be81163ca46a38512e6c73823a79141a56140b8a69f009e0fdc7af,23996.55,2024-06-27 12:37:00+05:30,202,0.006363188305491793,74.0,0.0,219.45000000000073,9.330000000000291,9.506666666666327,0.0002605380058294248,9.524999999999636,80.73497536945797,18.700000000000728,191.14999999999782,0.3297491039425308,0.060931899641730354,0.6093189964157388,6,8,0.00020215324466366091,13.950000000000728,4.599999999998545,0.0,2024-06-27T12:38:00+05:30,23996.65,30,39.94999999999709,55.150000000001455,-24.5,-26.0,False,False,-0.613266583229081
NIFTY:2024-06-27,2024-06-27,NIFTY,compression_expansion_up,2024-06-27T12:50:00+05:30,2024-06-27T12:50:00+05:30,UP,{},"{'source_path': '/Users/madhuram/tradebot-structural-edge-discovery-v3/runtime/upstox_candidate_replay.zip!upstox_candidate_replay/20240627/underlying/NIFTY_20240627.parquet', 'source_hash': '4357f109ed631802b3774c34db9c318f71742f8e99de307408af71bf00810707'}",{'completed_bar_only': True},"{'buy_ce_allowed': True, 'buy_pe_allowed': False, 'research_only': True}",08e6adc1d89f0bdd1a14bcf6554a48f5516a910b65f9b8d9f62732f25b90dd26,24002.2,2024-06-27 12:49:00+05:30,214,0.006170237308752993,74.0,0.0,219.45000000000073,10.399999999999272,10.20666666666657,0.0002542812950298521,10.571428571428571,82.45511627907035,13.049999999999272,196.79999999999927,0.8813056379822112,0.0,0.11869436201778878,0,8,0.0006482772708986673,16.850000000002183,14.850000000002183,0.0,2024-06-27T12:50:00+05:30,24004.25,30,32.349999999998545,62.75,-14.25,-15.75,False,False,-0.44049459041733047
NIFTY:2024-06-27,2024-06-27,NIFTY,compression_expansion_up,2024-06-27T13:09:00+05:30,2024-06-27T13:09:00+05:30,UP,{},"{'source_path': '/Users/madhuram/tradebot-structural-edge-discovery-v3/runtime/upstox_candidate_replay.zip!upstox_candidate_replay/20240627/underlying/NIFTY_20240627.parquet', 'source_hash': '4357f109ed631802b3774c34db9c318f71742f8e99de307408af71bf00810707'}",{'completed_bar_only': True},"{'buy_ce_allowed': True, 'buy_pe_allowed': False, 'research_only': True}",394887961c8252edbf61d87ad3be7cba709618e22f7eb833c08cd63f8a1b9d12,23972.15,2024-06-27 13:08:00+05:30,233,0.004683256257799371,74.0,0.0,219.45000000000073,9.71999999999971,14.149999999999515,0.000544741303360503,13.53214285714239,47.725213675214036,64.44999999999709,166.75,0.9597156398103273,0.0,0.04028436018967274,5,8,0.0008746952136009511,21.100000000002183,20.25,0.0,2024-06-27T13:09:00+05:30,23972.5,30,19.650000000001455,41.29999999999927,-24.049999999999272,-25.549999999999272,False,False,-1.2239185750634856
NIFTY:2024-06-27,2024-06-27,NIFTY,compression_expansion_up,2024-06-27T13:18:00+05:30,2024-06-27T13:18:00+05:30,UP,{},"{'source_path': '/Users/madhuram/tradebot-structural-edge-discovery-v3/runtime/upstox_candidate_replay.zip!upstox_candidate_replay/20240627/underlying/NIFTY_20240627.parquet', 'source_hash': '4357f109ed631802b3774c34db9c318f71742f8e99de307408af71bf00810707'}",{'completed_bar_only': True},"{'buy_ce_allowed': True, 'buy_pe_allowed': False, 'research_only': True}",9180833d8831449241aef202848833d210e9c644c7ed59de9c8f65a6dbfdf4aa,23970.4,2024-06-27 13:17:00+05:30,242,0.005067060957833885,74.0,0.0,219.45000000000073,9.899999999999272,9.519999999999467,0.0003532325022861384,9.253571428570856,44.6261316872442,66.19999999999709,165.0,0.5451895043733745,0.11078717201154863,0.34402332361507687,0,8,0.00042361828445036664,17.149999999997817,9.350000000002183,0.0,2024-06-27T13:18:00+05:30,23970.6,30,21.55000000000291,39.39999999999782,-11.649999999997817,-13.149999999997817,False,False,-0.5406032482596865
NIFTY:2024-06-27,2024-06-27,NIFTY,compression_expansion_up,2024-06-27T14:01:00+05:30,2024-06-27T14:01:00+05:30,UP,{},"{'source_path': '/Users/madhuram/tradebot-structural-edge-discovery-v3/runtime/upstox_candidate_replay.zip!upstox_candidate_replay/20240627/underlying/NIFTY_20240627.parquet', 'source_hash': '4357f109ed631802b3774c34db9c318f71742f8e99de307408af71bf00810707'}",{'completed_bar_only': True},"{'buy_ce_allowed': True, 'buy_pe_allowed': False, 'research_only': True}",040b6f10123ba7b8789a8005f7e910a500a0f22fc9aca9f6087f8ef6fe0e8b67,23983.9,2024-06-27 14:00:00+05:30,285,0.005616551839850734,74.0,0.0,219.45000000000073,10.8,10.11333333333314,0.0002842478331161918,10.242857142856987,52.94283216783515,52.69999999999709,178.5,0.5555555555555786,0.05413105413089054,0.39031339031353085,0,8,0.0005423242348012725,17.549999999999272,9.75,0.0,2024-06-27T14:01:00+05:30,23986.1,30,9.25,61.0,-57.349999999998545,-58.849999999998545,False,False,-6.199999999999843
NIFTY:2024-06-28,2024-06-28,NIFTY,compression_expansion_up,2024-06-28T10:28:00+05:30,2024-06-28T10:28:00+05:30,UP,{},"{'source_path': '/Users/madhuram/tradebot-structural-edge-discovery-v3/runtime/upstox_candidate_replay.zip!upstox_candidate_replay/20240628/underlying/NIFTY_20240628.parquet', 'source_hash': '4357f109ed631802b3774c34db9c318f71742f8e99de307408af71bf00810707'}",{'completed_bar_only': True},"{'buy_ce_allowed': True, 'buy_pe_allowed': False, 'research_only': True}",16704443ac887575d25dee0e5fb48dd492e8c9ec3f1572da6abc5ebb65a46428,24131.85,2024-06-28 10:27:00+05:30,72,0.003413615353572456,74.65000000000146,0.0,282.0499999999993,10.140000000000146,9.483333333333333,0.00030340692024201745,9.067857142857195,-1.4130136986314028,42.150000000001455,69.0,0.9042904290428425,0.0,0.09570957095715753,0,5,0.0005804829203266415,15.149999999997817,13.69999999999709,0.0,2024-06-28T10:28:00+05:30,24132.5,30,18.400000000001455,8.450000000000728,-4.25,-5.75,True,False,-0.23097826086954695
NIFTY:2024-06-28,2024-06-28,NIFTY,compression_expansion_up,2024-06-28T13:28:00+05:30,2024-06-28T13:28:00+05:30,UP,{},"{'source_path': '/Users/madhuram/tradebot-structural-edge-discovery-v3/runtime/upstox_candidate_replay.zip!upstox_candidate_replay/20240628/underlying/NIFTY_20240628.parquet', 'source_hash': '4357f109ed631802b3774c34db9c318f71742f8e99de307408af71bf00810707'}",{'completed_bar_only': True},"{'buy_ce_allowed': True, 'buy_pe_allowed': False, 'research_only': True}",5759388200e39e5f6ec6da32cc8fe68c9ffbb42b8778ec99dc6630923c7b26de,24066.4,2024-06-28 13:27:00+05:30,252,0.0007759162260101038,74.65000000000146,0.0,282.0499999999993,11.269999999999708,10.786666666666617,0.0003513174378288582,10.857142857142858,-41.68162055336143,107.59999999999854,57.25,0.7125382262996881,0.076452599388369,0.21100917431194294,0,5,0.0005467036679036585,16.350000000002183,11.650000000001455,0.0,2024-06-28T13:28:00+05:30,24067.25,30,25.849999999998545,22.450000000000728,19.549999999999272,18.049999999999272,True,True,0.7562862669245792
NIFTY:2024-06-28,2024-06-28,NIFTY,compression_expansion_up,2024-06-28T13:36:00+05:30,2024-06-28T13:36:00+05:30,UP,{},"{'source_path': '/Users/madhuram/tradebot-structural-edge-discovery-v3/runtime/upstox_candidate_replay.zip!upstox_candidate_replay/20240628/underlying/NIFTY_20240628.parquet', 'source_hash': '4357f109ed631802b3774c34db9c318f71742f8e99de307408af71bf00810707'}",{'completed_bar_only': True},"{'buy_ce_allowed': True, 'buy_pe_allowed': False, 'research_only': True}",a98c121312332bfae98eb8536212778c39c02f70a565f507fb2fe37dc2c6c264,24059.35,2024-06-28 13:35:00+05:30,260,0.0007135100952318161,74.65000000000146,0.0,282.0499999999993,8.769999999999708,9.07666666666652,0.0002956098795297562,9.328571428571324,-47.31570881226071,114.65000000000146,50.19999999999709,0.4192439862542165,0.0,0.5807560137457836,4,5,0.00027023824619543113,14.549999999999272,6.099999999998545,0.0,2024-06-28T13:36:00+05:30,24058.95,30,50.64999999999782,2.650000000001455,50.29999999999927,48.79999999999927,True,True,0.9930898321816671
NIFTY:2024-06-28,2024-06-28,NIFTY,compression_expansion_up,2024-06-28T13:43:00+05:30,2024-06-28T13:43:00+05:30,UP,{},"{'source_path': '/Users/madhuram/tradebot-structural-edge-discovery-v3/runtime/upstox_candidate_replay.zip!upstox_candidate_replay/20240628/underlying/NIFTY_20240628.parquet', 'source_hash': '4357f109ed631802b3774c34db9c318f71742f8e99de307408af71bf00810707'}",{'completed_bar_only': True},"{'buy_ce_allowed': True, 'buy_pe_allowed': False, 'research_only': True}",09c55a63f1c500f118d2645ec0a2a216d09ab38a1be58009ab03a1d43adef9c5,24085.9,2024-06-28 13:42:00+05:30,267,0.0014998273430383013,74.65000000000146,0.0,282.0499999999993,10.18000000000102,8.713333333333624,0.00026285829169731277,8.778571428571793,-19.762686567162746,88.09999999999854,76.75,0.8333333333333334,0.0393939393938071,0.12727272727285957,0,5,0.0005878259785849771,16.5,13.75,0.0,2024-06-28T13:43:00+05:30,24085.75,30,49.70000000000073,11.799999999999272,34.95000000000073,33.45000000000073,True,True,0.7032193158953766
NIFTY:2024-07-01,2024-07-01,NIFTY,compression_expansion_up,2024-07-01T10:04:00+05:30,2024-07-01T10:04:00+05:30,UP,{},"{'source_path': '/Users/madhuram/tradebot-structural-edge-discovery-v3/runtime/upstox_candidate_replay.zip!upstox_candidate_replay/20240701/underlying/NIFTY_20240701.parquet', 'source_hash': '4357f109ed631802b3774c34db9c318f71742f8e99de307408af71bf00810707'}",{'completed_bar_only': True},"{'buy_ce_allowed': True, 'buy_pe_allowed': False, 'research_only': True}",1f6e9852ad3fd59bd028b296aa26fc20ed6327820d87a37f5fa69e8f12b03afd,24089.75,2024-07-01 10:03:00+05:30,48,0.002957125840281885,56.89999999999782,0.0,188.20000000000073,8.480000000000292,7.773333333332994,0.00019784065855239736,7.639285714285506,33.09489795918125,2.150000000001455,97.04999999999927,0.7489539748954128,0.17991631799174262,0.07112970711284461,0,11,0.0002968948535457816,11.950000000000728,8.950000000000728,0.0,2024-07-01T10:04:00+05:30,24090.5,30,6.099999999998545,36.349999999998545,-0.049999999999272404,-1.5499999999992724,False,False,-0.008196721311358087
NIFTY:2024-07-01,2024-07-01,NIFTY,compression_expansion_up,2024-07-01T11:18:00+05:30,2024-07-01T11:18:00+05:30,UP,{},"{'source_path': '/Users/madhuram/tradebot-structural-edge-discovery-v3/runtime/upstox_candidate_replay.zip!upstox_candidate_replay/20240701/underlying/NIFTY_20240701.parquet', 'source_hash': '4357f109ed631802b3774c34db9c318f71742f8e99de307408af71bf00810707'}",{'completed_bar_only': True},"{'buy_ce_allowed': True, 'buy_pe_allowed': False, 'research_only': True}",241348ad539d7bb3d694a0c02205fd2f552420158514829dd5e0cc008660ddd5,24093.2,2024-07-01 11:17:00+05:30,122,0.002809269548267821,56.89999999999782,0.0,188.20000000000073,9.079999999999563,7.293333333332702,0.0002592631091016116,7.482142857142078,22.515447154470166,4.549999999999272,100.5,0.7613365155131347,0.21718377088301263,0.0214797136038526,0,13,0.0006707632371907302,20.950000000000728,15.950000000000728,0.0,2024-07-01T11:18:00+05:30,24092.4,30,26.849999999998545,4.25,21.599999999998545,20.099999999998545,True,True,0.8044692737430061
NIFTY:2024-07-01,2024-07-01,NIFTY,compression_expansion_up,2024-07-01T11:30:00+05:30,2024-07-01T11:30:00+05:30,UP,{},"{'source_path': '/Users/madhuram/tradebot-structural-edge-discovery-v3/runtime/upstox_candidate_replay.zip!upstox_candidate_replay/20240701/underlying/NIFTY_20240701.parquet', 'source_hash': '4357f109ed631802b3774c34db9c318f71742f8e99de307408af71bf00810707'}",{'completed_bar_only': True},"{'buy_ce_allowed': True, 'buy_pe_allowed': False, 'research_only': True}",a85f54bcc5cf2669bdaea13d8113cb49f269048f02cb378d1ec8a8f7ea52367a,24115.1,2024-07-01 11:29:00+05:30,134,0.0037172321302134962,56.89999999999782,0.0,188.20000000000073,9.240000000000146,8.286666666666617,0.0002799826747891937,8.36428571428561,42.14259259259052,1.3500000000021828,122.39999999999782,0.8106060606060537,0.06818181818193093,0.12121212121201543,0,16,0.000715831495340824,19.799999999999272,16.049999999999272,0.0,2024-07-01T11:30:00+05:30,24114.7,30,5.5,18.299999999999272,-2.850000000002183,-4.350000000002183,False,False,-0.5181818181822151
NIFTY:2024-07-01,2024-07-01,NIFTY,compression_expansion_up,2024-07-01T12:18:00+05:30,2024-07-01T12:18:00+05:30,UP,{},"{'source_path': '/Users/madhuram/tradebot-structural-edge-discovery-v3/runtime/upstox_candidate_replay.zip!upstox_candidate_replay/20240701/underlying/NIFTY_20240701.parquet', 'source_hash': '4357f109ed631802b3774c34db9c318f71742f8e99de307408af71bf00810707'}",{'completed_bar_only': True},"{'buy_ce_allowed': True, 'buy_pe_allowed': False, 'research_only': True}",d6e424a00a509ce73a03d1af661a001e671c9606a60302084f0b68f3a4b42ae4,24114.7,2024-07-01 12:17:00+05:30,182,0.004119151346533559,56.89999999999782,0.0,188.20000000000073,4.330000000000291,4.683333333333576,0.00012718651715441329,4.792857142857299,31.629508196718234,9.700000000000728,122.0,0.9022556390980405,0.015037593984748516,0.08270676691721096,5,22,0.0002302030556862178,6.649999999997817,6.0,0.0,2024-07-01T12:18:00+05:30,24114.0,30,14.0,15.0,3.9500000000007276,2.4500000000007276,False,False,0.2821428571429091
NIFTY:2024-07-01,2024-07-01,NIFTY,compression_expansion_up,2024-07-01T12:26:00+05:30,2024-07-01T12:26:00+05:30,UP,{},"{'source_path': '/Users/madhuram/tradebot-structural-edge-discovery-v3/runtime/upstox_candidate_replay.zip!upstox_candidate_replay/20240701/underlying/NIFTY_20240701.parquet', 'source_hash': '4357f109ed631802b3774c34db9c318f71742f8e99de307408af71bf00810707'}",{'completed_bar_only': True},"{'buy_ce_allowed': True, 'buy_pe_allowed': False, 'research_only': True}",68924dd55a317e6b09c44cbc95a52bfe8055c1099b412176ababdc43487236d6,24124.0,2024-07-01 12:25:00+05:30,190,0.004612699814242518,56.89999999999782,0.0,188.20000000000073,4.45,4.223333333333479,9.352728934990038e-05,4.117857142857247,39.370157068064145,4.0,131.29999999999927,0.460000000000097,0.5333333333333333,0.0066666666665696536,0,23,0.00013059241278812195,7.5,3.4500000000007276,0.0,2024-07-01T12:26:00+05:30,24123.4,30,3.649999999997817,24.400000000001455,-0.8000000000029104,-2.3000000000029104,False,False,-0.21917808219270926
NIFTY:2024-07-01,2024-07-01,NIFTY,compression_expansion_up,2024-07-01T13:02:00+05:30,2024-07-01T13:02:00+05:30,UP,{},"{'source_path': '/Users/madhuram/tradebot-structural-edge-discovery-v3/runtime/upstox_candidate_replay.zip!upstox_candidate_replay/20240701/underlying/NIFTY_20240701.parquet', 'source_hash': '4357f109ed631802b3774c34db9c318f71742f8e99de307408af71bf00810707'}",{'completed_bar_only': True},"{'buy_ce_allowed': True, 'buy_pe_allowed': False, 'research_only': True}",1d6e15e8a113d62bafcb6370fd5ef6fbd49fdcf2c42ffb3a963f23f7b6dc75dd,24121.15,2024-07-01 13:01:00+05:30,226,0.004535647943756361,56.89999999999782,0.0,188.20000000000073,4.5599999999991265,4.299999999999757,9.820243022853508e-05,4.221428571428207,31.582819383260357,6.849999999998545,128.45000000000073,0.35000000000010395,0.6214285714283635,0.028571428571532515,0,23,9.743436655229587e-05,7.0,2.4500000000007276,0.0,2024-07-01T13:02:00+05:30,24120.45,30,10.599999999998545,12.200000000000728,10.25,8.75,False,False,0.9669811320756044
NIFTY:2024-07-01,2024-07-01,NIFTY,compression_expansion_up,2024-07-01T13:38:00+05:30,2024-07-01T13:38:00+05:30,UP,{},"{'source_path': '/Users/madhuram/tradebot-structural-edge-discovery-v3/runtime/upstox_candidate_replay.zip!upstox_candidate_replay/20240701/underlying/NIFTY_20240701.parquet', 'source_hash': '4357f109ed631802b3774c34db9c318f71742f8e99de307408af71bf00810707'}",{'completed_bar_only': True},"{'buy_ce_allowed': True, 'buy_pe_allowed': False, 'research_only': True}",f21d4f7731ecd47f38740d8b834726f71cb2e8ebb29fd2dde5d2275abcc96d22,24136.05,2024-07-01 13:37:00+05:30,262,0.005060433656257028,56.89999999999782,0.0,188.20000000000073,5.759999999999854,5.156666666666327,0.00010119482822759701,5.199999999999688,42.035551330798626,2.650000000001455,143.34999999999854,0.5757575757575758,0.3212121212122976,0.10303030303012664,0,28,0.00020305704452527884,8.25,4.75,0.0,2024-07-01T13:38:00+05:30,24135.6,30,16.75,8.94999999999709,-2.599999999998545,-4.099999999998545,True,False,-0.15522388059692804
NIFTY:2024-07-02,2024-07-02,NIFTY,compression_expansion_up,2024-07-02T10:02:00+05:30,2024-07-02T10:02:00+05:30,UP,{},"{'source_path': '/Users/madhuram/tradebot-structural-edge-discovery-v3/runtime/upstox_candidate_replay.zip!upstox_candidate_replay/20240702/underlying/NIFTY_20240702.parquet', 'source_hash': '4357f109ed631802b3774c34db9c318f71742f8e99de307408af71bf00810707'}",{'completed_bar_only': True},"{'buy_ce_allowed': True, 'buy_pe_allowed': False, 'research_only': True}",6c81441306c4237f52a779e6b09cdd6d478a08bca1f851d6d9c9468a26e80901,24140.05,2024-07-02 10:01:00+05:30,46,0.00010156219233379925,96.39999999999782,0.0,171.29999999999927,10.129999999998835,11.449999999999758,0.000248425776295894,10.742857142856726,2.2159574468096253,96.29999999999927,66.39999999999782,0.8280802292265408,0.11747851002863119,0.05444126074482797,10,0,0.0006093175850299115,17.44999999999709,14.450000000000728,0.0,2024-07-02T10:02:00+05:30,24139.55,30,20.049999999999272,18.75,-0.8999999999978172,-2.399999999997817,True,True,-0.04488778054852119
NIFTY:2024-07-02,2024-07-02,NIFTY,compression_expansion_up,2024-07-02T10:20:00+05:30,2024-07-02T10:20:00+05:30,UP,{},"{'source_path': '/Users/madhuram/tradebot-structural-edge-discovery-v3/runtime/upstox_candidate_replay.zip!upstox_candidate_replay/20240702/underlying/NIFTY_20240702.parquet', 'source_hash': '4357f109ed631802b3774c34db9c318f71742f8e99de307408af71bf00810707'}",{'completed_bar_only': True},"{'buy_ce_allowed': True, 'buy_pe_allowed': False, 'research_only': True}",071f8e315ee19468492d9cf6629f70f8be6153cca46678586305d51c63522f69,24136.35,2024-07-02 10:19:00+05:30,64,8.083521430646866e-05,96.39999999999782,0.0,171.29999999999927,10.18000000000102,9.263333333333625,0.00030204986205465534,9.382142857143274,-0.5969230769260321,100.0,62.69999999999709,0.79225352112672,0.13732394366201603,0.070422535211264,0,0,0.00047046632124336796,14.200000000000728,11.25,0.0,2024-07-02T10:20:00+05:30,24137.85,30,21.75,7.049999999999272,10.400000000001455,8.900000000001455,True,True,0.47816091954029677
NIFTY:2024-07-02,2024-07-02,NIFTY,compression_expansion_up,2024-07-02T10:49:00+05:30,2024-07-02T10:49:00+05:30,UP,{},"{'source_path': '/Users/madhuram/tradebot-structural-edge-discovery-v3/runtime/upstox_candidate_replay.zip!upstox_candidate_replay/20240702/underlying/NIFTY_20240702.parquet', 'source_hash': '4357f109ed631802b3774c34db9c318f71742f8e99de307408af71bf00810707'}",{'completed_bar_only': True},"{'buy_ce_allowed': True, 'buy_pe_allowed': False, 'research_only': True}",de01a7e771a532d526afe63c1ccce3d2cae687a5a59de7cbc8909cf36157c05b,24150.5,2024-07-02 10:48:00+05:30,93,0.000810424840868596,96.39999999999782,0.0,171.29999999999927,7.6800000000010185,7.556666666667055,0.00019192404200724087,7.685714285714702,10.966489361704589,85.84999999999854,76.84999999999854,0.712328767123174,0.21004566210037623,0.0776255707764499,0,0,0.0003230790259580729,10.950000000000728,7.799999999999272,0.0,2024-07-02T10:49:00+05:30,24151.1,30,39.150000000001455,9.049999999999272,31.350000000002183,29.850000000002183,True,True,0.8007662835249302
NIFTY:2024-07-02,2024-07-02,NIFTY,compression_expansion_up,2024-07-02T10:58:00+05:30,2024-07-02T10:58:00+05:30,UP,{},"{'source_path': '/Users/madhuram/tradebot-structural-edge-discovery-v3/runtime/upstox_candidate_replay.zip!upstox_candidate_replay/20240702/underlying/NIFTY_20240702.parquet', 'source_hash': '4357f109ed631802b3774c34db9c318f71742f8e99de307408af71bf00810707'}",{'completed_bar_only': True},"{'buy_ce_allowed': True, 'buy_pe_allowed': False, 'research_only': True}",26f8bd12e3d40a4fb6598095dbf6e57367c345714c3bdd448230860a40ca86ae,24156.5,2024-07-02 10:57:00+05:30,102,0.0008995508463860271,96.39999999999782,0.0,171.29999999999927,6.9099999999998545,6.520000000000194,0.00020446889658314347,6.639285714285767,16.23592233009549,79.84999999999854,82.84999999999854,0.9708333333334546,0.0,0.0291666666665454,0,0,0.000463858390659988,12.0,11.650000000001455,0.0,2024-07-02T10:58:00+05:30,24156.6,30,33.650000000001455,2.7999999999992724,27.900000000001455,26.400000000001455,True,True,0.8291233283803937
NIFTY:2024-07-02,2024-07-02,NIFTY,compression_expansion_up,2024-07-02T12:09:00+05:30,2024-07-02T12:09:00+05:30,UP,{},"{'source_path': '/Users/madhuram/tradebot-structural-edge-discovery-v3/runtime/upstox_candidate_replay.zip!upstox_candidate_replay/20240702/underlying/NIFTY_20240702.parquet', 'source_hash': '4357f109ed631802b3774c34db9c318f71742f8e99de307408af71bf00810707'}",{'completed_bar_only': True},"{'buy_ce_allowed': True, 'buy_pe_allowed': False, 'research_only': True}",0b540fbfbea6df2430f8c1c9ee71689c7d85aeb6862ef2976d183f588bd38e3f,24160.85,2024-07-02 12:08:00+05:30,173,0.00128092724208894,96.39999999999782,0.0,171.29999999999927,7.990000000000873,7.190000000000388,0.00020396674394967154,7.296428571428935,10.653448275857954,75.5,87.19999999999709,0.5690376569036701,0.16317991631804257,0.2677824267782873,0,0,0.00030016229464768784,11.950000000000728,6.799999999999272,0.0,2024-07-02T12:09:00+05:30,24161.95,30,6.349999999998545,60.79999999999927,-57.54999999999927,-59.04999999999927,False,False,-9.062992125986215
NIFTY:2024-07-02,2024-07-02,NIFTY,compression_expansion_up,2024-07-02T13:12:00+05:30,2024-07-02T13:12:00+05:30,UP,{},"{'source_path': '/Users/madhuram/tradebot-structural-edge-discovery-v3/runtime/upstox_candidate_replay.zip!upstox_candidate_replay/20240702/underlying/NIFTY_20240702.parquet', 'source_hash': '4357f109ed631802b3774c34db9c318f71742f8e99de307408af71bf00810707'}",{'completed_bar_only': True},"{'buy_ce_allowed': True, 'buy_pe_allowed': False, 'research_only': True}",65c62e46074953a376adc42f6d4792bf9b7a70ba241756422b87f520467fd1f0,24096.45,2024-07-02 13:11:00+05:30,236,-0.0017991016927723558,96.39999999999782,0.0,171.29999999999927,14.190000000000145,13.409999999999611,0.0004179126199987808,13.746428571428103,-45.87573839662582,139.89999999999782,40.04999999999927,0.7590909090909421,0.08181818181814875,0.1590909090909091,0,0,0.0006997624545259651,22.0,16.700000000000728,0.0,2024-07-02T13:12:00+05:30,24097.25,30,39.650000000001455,4.400000000001455,25.849999999998545,24.349999999998545,True,True,0.6519546027742142
NIFTY:2024-07-02,2024-07-02,NIFTY,compression_expansion_up,2024-07-02T13:41:00+05:30,2024-07-02T13:41:00+05:30,UP,{},"{'source_path': '/Users/madhuram/tradebot-structural-edge-discovery-v3/runtime/upstox_candidate_replay.zip!upstox_candidate_replay/20240702/underlying/NIFTY_20240702.parquet', 'source_hash': '4357f109ed631802b3774c34db9c318f71742f8e99de307408af71bf00810707'}",{'completed_bar_only': True},"{'buy_ce_allowed': True, 'buy_pe_allowed': False, 'research_only': True}",12b6b47da7d2640cc1da5c731584675d41f5d4490175c4ec93f5a3415ee0d334,24135.6,2024-07-02 13:40:00+05:30,265,-9.741679672854427e-05,96.39999999999782,0.0,171.29999999999927,9.269999999998982,8.883333333332606,0.00030823063061366767,8.77142857142774,-3.496804511280061,100.75,79.19999999999709,0.8554913294797627,0.02890173410404746,0.11560693641618984,0,0,0.000638469001086106,17.299999999999272,14.799999999999272,0.0,2024-07-02T13:41:00+05:30,24136.05,30,0.4000000000014552,40.79999999999927,-22.899999999997817,-24.399999999997817,False,False,-57.24999999978627
NIFTY:2024-07-02,2024-07-02,NIFTY,compression_expansion_up,2024-07-02T14:42:00+05:30,2024-07-02T14:42:00+05:30,UP,{},"{'source_path': '/Users/madhuram/tradebot-structural-edge-discovery-v3/runtime/upstox_candidate_replay.zip!upstox_candidate_replay/20240702/underlying/NIFTY_20240702.parquet', 'source_hash': '4357f109ed631802b3774c34db9c318f71742f8e99de307408af71bf00810707'}",{'completed_bar_only': True},"{'buy_ce_allowed': True, 'buy_pe_allowed': False, 'research_only': True}",9d212677398a246ef137140e76fbdf788bdf9369fdba5d6803097a0a70540442,24147.7,2024-07-02 14:41:00+05:30,326,0.0006694813902826877,96.39999999999782,0.0,171.29999999999927,8.709999999999855,8.203333333333042,0.0002271753841565942,8.210714285714078,12.322171253825218,88.64999999999782,91.29999999999927,0.6720000000001164,0.1239999999999418,0.20399999999994178,0,0,0.0003376202124729666,12.5,8.400000000001455,0.0,2024-07-02T14:42:00+05:30,24146.8,30,3.4500000000007276,28.649999999997817,-20.099999999998545,-21.599999999998545,False,False,-5.826086956520089
NIFTY:2024-07-03,2024-07-03,NIFTY,compression_expansion_up,2024-07-03T09:31:00+05:30,2024-07-03T09:31:00+05:30,UP,{},"{'source_path': '/Users/madhuram/tradebot-structural-edge-discovery-v3/runtime/upstox_candidate_replay.zip!upstox_candidate_replay/20240703/underlying/NIFTY_20240703.parquet', 'source_hash': '4357f109ed631802b3774c34db9c318f71742f8e99de307408af71bf00810707'}",{'completed_bar_only': True},"{'buy_ce_allowed': True, 'buy_pe_allowed': False, 'research_only': True}",85d63855323b8ecbb26abaa8c3338f74c4d690406341a07f5192d5717d952134,24253.95,2024-07-03 09:30:00+05:30,15,0.00469984824486488,85.05000000000291,0.0,179.9499999999971,14.470000000001164,14.323333333334206,0.0004199741386768752,14.282142857143688,12.650000000001455,38.20000000000073,46.85000000000218,0.894117647058795,0.035294117646973225,0.07058823529423178,0,0,0.0009595265510282669,25.5,22.799999999999272,0.0,2024-07-03T09:31:00+05:30,24252.75,30,54.5,1.9500000000007276,35.599999999998545,34.099999999998545,True,True,0.6532110091742852
NIFTY:2024-07-03,2024-07-03,NIFTY,compression_expansion_up,2024-07-03T09:44:00+05:30,2024-07-03T09:44:00+05:30,UP,{},"{'source_path': '/Users/madhuram/tradebot-structural-edge-discovery-v3/runtime/upstox_candidate_replay.zip!upstox_candidate_replay/20240703/underlying/NIFTY_20240703.parquet', 'source_hash': '4357f109ed631802b3774c34db9c318f71742f8e99de307408af71bf00810707'}",{'completed_bar_only': True},"{'buy_ce_allowed': True, 'buy_pe_allowed': False, 'research_only': True}",57c7ba6d93b26f6ad8986488ba6e179d5ecd4b724c5344457d95ab0e257f0cd1,24274.45,2024-07-03 09:43:00+05:30,28,0.005829719128610494,85.05000000000291,0.0,179.9499999999971,12.1,11.776666666667007,0.0004115680665410447,11.596428571428728,24.313793103450735,17.700000000000728,67.35000000000218,0.86290322580648,0.00537634408594369,0.1317204301075763,0,0,0.0006657515159760319,18.599999999998545,16.049999999999272,0.0,2024-07-03T09:44:00+05:30,24273.6,30,33.650000000001455,9.099999999998545,-5.75,-7.25,True,True,-0.1708766716196063
NIFTY:2024-07-03,2024-07-03,NIFTY,compression_expansion_up,2024-07-03T09:52:00+05:30,2024-07-03T09:52:00+05:30,UP,{},"{'source_path': '/Users/madhuram/tradebot-structural-edge-discovery-v3/runtime/upstox_candidate_replay.zip!upstox_candidate_replay/20240703/underlying/NIFTY_20240703.parquet', 'source_hash': '4357f109ed631802b3774c34db9c318f71742f8e99de307408af71bf00810707'}",{'completed_bar_only': True},"{'buy_ce_allowed': True, 'buy_pe_allowed': False, 'research_only': True}",cca1c0f53546e8588b2e9250cc2e5237f5ad6edb34c0f094319d889a745b81b6,24303.5,2024-07-03 09:51:00+05:30,36,0.007293368383517629,85.05000000000291,0.0,179.9499999999971,11.75,11.379999999999805,0.0003145226878437795,11.317857142856935,44.32567567567821,3.75,96.40000000000146,0.5505617977527906,0.2106741573033794,0.23876404494383,0,1,0.00046311066286564007,17.799999999999272,9.799999999999272,0.0,2024-07-03T09:52:00+05:30,24303.15,30,3.0,43.25,-42.75,-44.25,False,False,-14.25
NIFTY:2024-07-03,2024-07-03,NIFTY,compression_expansion_up,2024-07-03T10:27:00+05:30,2024-07-03T10:27:00+05:30,UP,{},"{'source_path': '/Users/madhuram/tradebot-structural-edge-discovery-v3/runtime/upstox_candidate_replay.zip!upstox_candidate_replay/20240703/underlying/NIFTY_20240703.parquet', 'source_hash': '4357f109ed631802b3774c34db9c318f71742f8e99de307408af71bf00810707'}",{'completed_bar_only': True},"{'buy_ce_allowed': True, 'buy_pe_allowed': False, 'research_only': True}",fcac3b94d614ea3f2b4e311faa2366f162eea9fbcbe3426b9f625d9e6520f9c0,24280.85,2024-07-03 10:26:00+05:30,71,0.0064081300947847345,85.05000000000291,0.0,179.9499999999971,9.7,8.426666666666522,0.0002297822828296926,8.032142857142649,13.368055555554747,26.400000000001455,73.75,0.5985915492958973,0.10563380281692306,0.2957746478871796,0,1,0.0003811038415266754,14.19999999999709,8.5,0.0,2024-07-03T10:27:00+05:30,24282.05,30,11.700000000000728,17.849999999998545,-9.049999999999272,-10.549999999999272,False,False,-0.7735042735041632
NIFTY:2024-07-03,2024-07-03,NIFTY,compression_expansion_up,2024-07-03T13:37:00+05:30,2024-07-03T13:37:00+05:30,UP,{},"{'source_path': '/Users/madhuram/tradebot-structural-edge-discovery-v3/runtime/upstox_candidate_replay.zip!upstox_candidate_replay/20240703/underlying/NIFTY_20240703.parquet', 'source_hash': '4357f109ed631802b3774c34db9c318f71742f8e99de307408af71bf00810707'}",{'completed_bar_only': True},"{'buy_ce_allowed': True, 'buy_pe_allowed': False, 'research_only': True}",9c1ef254b238136dfd76f01a25e2d041cb1f1084ea7f0d941fab1a39a0924304,24287.9,2024-07-03 13:36:00+05:30,261,0.006665201635306703,85.05000000000291,0.0,179.9499999999971,5.860000000000582,5.070000000000194,0.0001588115723659911,5.075000000000208,17.66125954198651,19.349999999998545,80.80000000000291,0.8423423423426494,0.03603603603584411,0.12162162162150647,0,1,0.0004139575786159533,11.099999999998545,9.350000000002183,0.0,2024-07-03T13:37:00+05:30,24287.3,30,6.25,25.950000000000728,-22.649999999997817,-24.149999999997817,False,False,-3.6239999999996506
NIFTY:2024-07-04,2024-07-04,NIFTY,compression_expansion_up,2024-07-04T10:42:00+05:30,2024-07-04T10:42:00+05:30,UP,{},"{'source_path': '/Users/madhuram/tradebot-structural-edge-discovery-v3/runtime/upstox_candidate_replay.zip!upstox_candidate_replay/20240704/underlying/NIFTY_20240704.parquet', 'source_hash': '4357f109ed631802b3774c34db9c318f71742f8e99de307408af71bf00810707'}",{'completed_bar_only': True},"{'buy_ce_allowed': True, 'buy_pe_allowed': False, 'research_only': True}",fe4d7ff9615e409631e1d292745f4f36fcd14846ded5f71f470a3a9e31cbfd8f,24329.95,2024-07-04 10:41:00+05:30,86,0.0015458527508356774,53.0,0.0,102.05000000000291,9.560000000000581,10.063333333333382,0.00024535947714217685,9.875,-33.809770114941784,71.04999999999927,17.25,0.10884353741510909,0.0,0.8911564625848909,4,1,5.549024604789565e-05,14.700000000000728,1.6000000000021828,0.0,2024-07-04T10:42:00+05:30,24329.95,30,14.849999999998545,29.600000000002183,9.149999999997817,7.649999999997817,False,False,0.6161616161615295
NIFTY:2024-07-04,2024-07-04,NIFTY,compression_expansion_up,2024-07-04T12:08:00+05:30,2024-07-04T12:08:00+05:30,UP,{},"{'source_path': '/Users/madhuram/tradebot-structural-edge-discovery-v3/runtime/upstox_candidate_replay.zip!upstox_candidate_replay/20240704/underlying/NIFTY_20240704.parquet', 'source_hash': '4357f109ed631802b3774c34db9c318f71742f8e99de307408af71bf00810707'}",{'completed_bar_only': True},"{'buy_ce_allowed': True, 'buy_pe_allowed': False, 'research_only': True}",bfd815b1f6fbea780175c55f45397235c6c878c5d6cd07a72d60c1c446467321,24331.65,2024-07-04 12:07:00+05:30,172,0.0015520279282691689,53.0,0.0,102.05000000000291,4.270000000001164,4.25333333333377,0.00011192753120394834,4.307142857143325,-16.37312138728157,69.34999999999854,31.30000000000291,0.5080645161292073,0.2177419354836107,0.27419354838718196,0,1,0.00013153324605563732,6.200000000000728,3.150000000001455,0.0,2024-07-04T12:08:00+05:30,24331.75,30,19.349999999998545,4.349999999998545,13.150000000001455,11.650000000001455,True,False,0.6795865633076199
NIFTY:2024-07-04,2024-07-04,NIFTY,compression_expansion_up,2024-07-04T12:24:00+05:30,2024-07-04T12:24:00+05:30,UP,{},"{'source_path': '/Users/madhuram/tradebot-structural-edge-discovery-v3/runtime/upstox_candidate_replay.zip!upstox_candidate_replay/20240704/underlying/NIFTY_20240704.parquet', 'source_hash': '4357f109ed631802b3774c34db9c318f71742f8e99de307408af71bf00810707'}",{'completed_bar_only': True},"{'buy_ce_allowed': True, 'buy_pe_allowed': False, 'research_only': True}",648dbc6073135dea8bbc11b141b613483961090838280c5c497873082486b1b3,24340.1,2024-07-04 12:23:00+05:30,188,0.00194518089153095,53.0,0.0,102.05000000000291,4.9099999999998545,4.929999999999806,0.00010500373142840054,4.89642857142826,-6.8275132275120995,60.900000000001455,39.75,0.25949367088593606,0.39873417721530063,0.3417721518987633,7,1,0.00010272171454861478,7.900000000001455,2.0499999999992724,0.0,2024-07-04T12:24:00+05:30,24340.75,30,16.799999999999272,4.25,12.099999999998545,10.599999999998545,True,False,0.7202380952380398
NIFTY:2024-07-04,2024-07-04,NIFTY,compression_expansion_up,2024-07-04T14:08:00+05:30,2024-07-04T14:08:00+05:30,UP,{},"{'source_path': '/Users/madhuram/tradebot-structural-edge-discovery-v3/runtime/upstox_candidate_replay.zip!upstox_candidate_replay/20240704/underlying/NIFTY_20240704.parquet', 'source_hash': '4357f109ed631802b3774c34db9c318f71742f8e99de307408af71bf00810707'}",{'completed_bar_only': True},"{'buy_ce_allowed': True, 'buy_pe_allowed': False, 'research_only': True}",84813361d3a4f9af247f070cfb727300c1e8971400531c7ca35bf1e61dd34bfd,24332.65,2024-07-04 14:07:00+05:30,292,0.0013317799331435023,53.0,0.0,102.05000000000291,5.550000000000727,5.273333333333479,0.0001487196103601963,5.232142857142857,-12.078498293514713,68.34999999999854,32.30000000000291,0.8675799086757414,0.09132420091323594,0.04109589041102262,0,1,0.00039263087353180737,10.950000000000728,9.5,0.0,2024-07-04T14:08:00+05:30,24332.7,30,18.599999999998545,16.049999999999272,-0.6500000000014552,-2.150000000001455,True,False,-0.03494623655922076
NIFTY:2024-07-04,2024-07-04,NIFTY,compression_expansion_up,2024-07-04T14:45:00+05:30,2024-07-04T14:45:00+05:30,UP,{},"{'source_path': '/Users/madhuram/tradebot-structural-edge-discovery-v3/runtime/upstox_candidate_replay.zip!upstox_candidate_replay/20240704/underlying/NIFTY_20240704.parquet', 'source_hash': '4357f109ed631802b3774c34db9c318f71742f8e99de307408af71bf00810707'}",{'completed_bar_only': True},"{'buy_ce_allowed': True, 'buy_pe_allowed': False, 'research_only': True}",16d8980f1fad74272b2a0ade7fed251c5909419c124a75ce3bb3bb16818b3765,24338.75,2024-07-04 14:44:00+05:30,329,0.0015582031057026604,53.0,0.0,102.05000000000291,9.269999999999708,9.74333333333343,0.0003904897697321362,8.95714285714296,-4.9730303030301,62.25,38.400000000001455,0.6601307189541846,0.062091503268024366,0.277777777777791,9,1,0.0005159046624627628,15.299999999999272,10.099999999998545,0.0,2024-07-04T14:45:00+05:30,24338.9,30,6.44999999999709,57.900000000001455,-35.85000000000218,-37.35000000000218,False,False,-5.558139534886568
NIFTY:2024-07-05,2024-07-05,NIFTY,compression_expansion_up,2024-07-05T09:33:00+05:30,2024-07-05T09:33:00+05:30,UP,{},"{'source_path': '/Users/madhuram/tradebot-structural-edge-discovery-v3/runtime/upstox_candidate_replay.zip!upstox_candidate_replay/20240705/underlying/NIFTY_20240705.parquet', 'source_hash': '4357f109ed631802b3774c34db9c318f71742f8e99de307408af71bf00810707'}",{'completed_bar_only': True},"{'buy_ce_allowed': True, 'buy_pe_allowed': False, 'research_only': True}",2e9fa5e7b65ed672695173fab179404f5605e72b1caf51e90a5e99d210ccb2ab,24201.5,2024-07-05 09:32:00+05:30,17,-0.005140991538656213,77.10000000000218,0.0,120.0,16.889999999999418,16.84333333333343,0.00042598324824259825,16.86428571428587,0.7916666666678793,59.45000000000073,31.150000000001455,0.9064449064449036,0.004158004157943777,0.08939708939715262,0,0,0.0009512583493600513,24.049999999999272,21.799999999999272,0.0,2024-07-05T09:33:00+05:30,24200.7,30,26.799999999999272,31.850000000002183,-14.299999999999272,-15.799999999999272,False,False,-0.5335820895522262
NIFTY:2024-07-05,2024-07-05,NIFTY,compression_expansion_up,2024-07-05T09:40:00+05:30,2024-07-05T09:40:00+05:30,UP,{},"{'source_path': '/Users/madhuram/tradebot-structural-edge-discovery-v3/runtime/upstox_candidate_replay.zip!upstox_candidate_replay/20240705/underlying/NIFTY_20240705.parquet', 'source_hash': '4357f109ed631802b3774c34db9c318f71742f8e99de307408af71bf00810707'}",{'completed_bar_only': True},"{'buy_ce_allowed': True, 'buy_pe_allowed': False, 'research_only': True}",f82edc9e762e60d0312f67e132db889037e79968c2ade3db5bcd08a8626ed2c1,24200.5,2024-07-05 09:39:00+05:30,24,-0.004902354076277644,77.10000000000218,0.0,120.0,14.4,14.86999999999971,0.0004096041334932993,15.13571428571387,2.0099999999983993,60.45000000000073,30.150000000001455,0.6802721088435598,0.3197278911564401,0.0,5,0,0.0005767668394212055,22.049999999999272,15.0,0.0,2024-07-05T09:40:00+05:30,24201.05,30,26.450000000000728,32.20000000000073,9.799999999999272,8.299999999999272,False,False,0.3705103969753876
NIFTY:2024-07-05,2024-07-05,NIFTY,compression_expansion_up,2024-07-05T10:00:00+05:30,2024-07-05T10:00:00+05:30,UP,{},"{'source_path': '/Users/madhuram/tradebot-structural-edge-discovery-v3/runtime/upstox_candidate_replay.zip!upstox_candidate_replay/20240705/underlying/NIFTY_20240705.parquet', 'source_hash': '4357f109ed631802b3774c34db9c318f71742f8e99de307408af71bf00810707'}",{'completed_bar_only': True},"{'buy_ce_allowed': True, 'buy_pe_allowed': False, 'research_only': True}",a74db1853381d502e1ea88d1f0b27e3353a80e7a2a67de7639b5bc50a9027e82,24187.4,2024-07-05 09:59:00+05:30,44,-0.005066931636538746,77.10000000000218,0.0,120.0,9.289999999999418,9.133333333333091,0.00017801117871035272,9.37499999999974,-11.067777777778247,73.54999999999927,18.55000000000291,0.4609375000001399,0.31640624999996114,0.22265624999989897,0,0,0.00023157912148819015,12.799999999999272,5.900000000001455,0.0,2024-07-05T10:00:00+05:30,24187.75,30,66.20000000000073,3.7000000000007276,63.95000000000073,62.45000000000073,True,True,0.9660120845921454
NIFTY:2024-07-05,2024-07-05,NIFTY,compression_expansion_up,2024-07-05T10:13:00+05:30,2024-07-05T10:13:00+05:30,UP,{},"{'source_path': '/Users/madhuram/tradebot-structural-edge-discovery-v3/runtime/upstox_candidate_replay.zip!upstox_candidate_replay/20240705/underlying/NIFTY_20240705.parquet', 'source_hash': '4357f109ed631802b3774c34db9c318f71742f8e99de307408af71bf00810707'}",{'completed_bar_only': True},"{'buy_ce_allowed': True, 'buy_pe_allowed': False, 'research_only': True}",097f85a1d292cfa6f6e026c3d5b843ecb7e3ce127aa65e501976798d6bf45fc5,24220.85,2024-07-05 10:12:00+05:30,57,-0.003875801544148989,77.10000000000218,0.0,120.0,8.709999999999855,9.106666666666085,0.00027252187712545247,9.332142857142442,21.8405172413768,40.10000000000218,52.0,0.7172413793101943,0.0,0.28275862068980573,6,0,0.0004584929625459644,14.5,10.399999999997817,0.0,2024-07-05T10:13:00+05:30,24220.95,30,37.849999999998545,6.0,34.39999999999782,32.89999999999782,True,True,0.9088507265521569
NIFTY:2024-07-05,2024-07-05,NIFTY,compression_expansion_up,2024-07-05T10:27:00+05:30,2024-07-05T10:27:00+05:30,UP,{},"{'source_path': '/Users/madhuram/tradebot-structural-edge-discovery-v3/runtime/upstox_candidate_replay.zip!upstox_candidate_replay/20240705/underlying/NIFTY_20240705.parquet', 'source_hash': '4357f109ed631802b3774c34db9c318f71742f8e99de307408af71bf00810707'}",{'completed_bar_only': True},"{'buy_ce_allowed': True, 'buy_pe_allowed': False, 'research_only': True}",52586a8d351cdf08e37cea144df52b1bb375f3e1c51527f16177bb2875fd9305,24229.75,2024-07-05 10:26:00+05:30,71,-0.003371782765849363,77.10000000000218,0.0,120.0,9.519999999999708,8.506666666666327,0.00021525847356142425,8.078571428571065,25.992361111111677,31.200000000000728,60.900000000001455,0.530075187969899,0.42105263157886097,0.04887218045123991,0,0,0.0003261518009567421,13.299999999999272,7.049999999999272,0.0,2024-07-05T10:27:00+05:30,24229.55,30,32.5,7.049999999999272,19.049999999999272,17.549999999999272,True,True,0.5861538461538238
NIFTY:2024-07-05,2024-07-05,NIFTY,compression_expansion_up,2024-07-05T11:26:00+05:30,2024-07-05T11:26:00+05:30,UP,{},"{'source_path': '/Users/madhuram/tradebot-structural-edge-discovery-v3/runtime/upstox_candidate_replay.zip!upstox_candidate_replay/20240705/underlying/NIFTY_20240705.parquet', 'source_hash': '4357f109ed631802b3774c34db9c318f71742f8e99de307408af71bf00810707'}",{'completed_bar_only': True},"{'buy_ce_allowed': True, 'buy_pe_allowed': False, 'research_only': True}",840487095268d5f979bdba03a9f996d5f686b707b42e130c831cbabf46e546b3,24254.1,2024-07-05 11:25:00+05:30,130,-0.002499521696465491,77.10000000000218,0.0,120.0,7.369999999998981,6.666666666666182,0.00018945731080312035,6.185714285713662,31.893129770989617,7.950000000000728,85.25,0.9189189189187772,0.0,0.0810810810812228,0,1,0.0004392939123762929,11.099999999998545,10.19999999999709,0.0,2024-07-05T11:26:00+05:30,24253.65,30,29.799999999999272,8.100000000002183,22.44999999999709,20.94999999999709,True,True,0.7533557046979074
NIFTY:2024-07-05,2024-07-05,NIFTY,compression_expansion_up,2024-07-05T11:56:00+05:30,2024-07-05T11:56:00+05:30,UP,{},"{'source_path': '/Users/madhuram/tradebot-structural-edge-discovery-v3/runtime/upstox_candidate_replay.zip!upstox_candidate_replay/20240705/underlying/NIFTY_20240705.parquet', 'source_hash': '4357f109ed631802b3774c34db9c318f71742f8e99de307408af71bf00810707'}",{'completed_bar_only': True},"{'buy_ce_allowed': True, 'buy_pe_allowed': False, 'research_only': True}",1cf643fe8d2799ac61da20ecb01899e8de3c9cb13787f53cb747b21b0ff1c240,24273.8,2024-07-05 11:55:00+05:30,160,-0.0016375467245980876,77.10000000000218,0.0,120.0,8.03000000000029,6.756666666667055,0.00021954903735331088,6.664285714286182,42.97515527950236,9.650000000001455,104.95000000000073,0.9274611398963086,0.0725388601036914,0.0,0,3,0.0003853373968911722,9.650000000001455,8.950000000000728,0.0,2024-07-05T11:56:00+05:30,24273.7,30,14.200000000000728,8.5,9.649999999997817,8.149999999997817,True,False,0.6795774647885439
NIFTY:2024-07-05,2024-07-05,NIFTY,compression_expansion_up,2024-07-05T12:50:00+05:30,2024-07-05T12:50:00+05:30,UP,{},"{'source_path': '/Users/madhuram/tradebot-structural-edge-discovery-v3/runtime/upstox_candidate_replay.zip!upstox_candidate_replay/20240705/underlying/NIFTY_20240705.parquet', 'source_hash': '4357f109ed631802b3774c34db9c318f71742f8e99de307408af71bf00810707'}",{'completed_bar_only': True},"{'buy_ce_allowed': True, 'buy_pe_allowed': False, 'research_only': True}",afefdc6b58d75b2fdd75a0737d72989920649323eb4f929a57dca45b8e6d94c9,24279.9,2024-07-05 12:49:00+05:30,214,-0.0010964979952396538,77.10000000000218,0.0,120.0,5.529999999999563,6.070000000000194,0.00011495395059305044,6.078571428571585,37.07488372092848,8.94999999999709,111.05000000000291,0.2111111111112728,0.0,0.7888888888887272,9,7,4.324751790152348e-05,9.0,1.9000000000014552,0.0,2024-07-05T12:50:00+05:30,24279.7,30,3.349999999998545,35.79999999999927,-27.0,-28.5,False,False,-8.059701492540814
NIFTY:2024-07-08,2024-07-08,NIFTY,compression_expansion_up,2024-07-08T10:02:00+05:30,2024-07-08T10:02:00+05:30,UP,{},"{'source_path': '/Users/madhuram/tradebot-structural-edge-discovery-v3/runtime/upstox_candidate_replay.zip!upstox_candidate_replay/20240708/underlying/NIFTY_20240708.parquet', 'source_hash': '4357f109ed631802b3774c34db9c318f71742f8e99de307408af71bf00810707'}",{'completed_bar_only': True},"{'buy_ce_allowed': True, 'buy_pe_allowed': False, 'research_only': True}",5ec7a746fbb6eced1299d5a398d6fd3dce23f91643eadf1865209312fdd5898c,24290.85,2024-07-08 10:01:00+05:30,46,-0.0014228875158069456,55.75,0.0,194.15000000000146,10.930000000000291,10.189999999999904,0.00030304631735567485,9.571428571428571,-9.151063829791383,48.0,28.299999999999272,0.5437499999998181,0.41562500000009095,0.04062500000009095,0,1,0.0004221477228734116,16.0,8.69999999999709,0.0,2024-07-08T10:02:00+05:30,24292.05,30,37.10000000000218,2.0,17.900000000001455,16.400000000001455,True,True,0.48247978436658767
NIFTY:2024-07-08,2024-07-08,NIFTY,compression_expansion_up,2024-07-08T10:24:00+05:30,2024-07-08T10:24:00+05:30,UP,{},"{'source_path': '/Users/madhuram/tradebot-structural-edge-discovery-v3/runtime/upstox_candidate_replay.zip!upstox_candidate_replay/20240708/underlying/NIFTY_20240708.parquet', 'source_hash': '4357f109ed631802b3774c34db9c318f71742f8e99de307408af71bf00810707'}",{'completed_bar_only': True},"{'buy_ce_allowed': True, 'buy_pe_allowed': False, 'research_only': True}",880b54450402d4733b7a3eb5708ed6a31c6eabd0de245cc14a7044c618c3cc9b,24307.45,2024-07-08 10:23:00+05:30,68,-0.0005346109163436725,55.75,0.0,194.15000000000146,7.269999999999709,7.893333333333673,0.00023657072223356684,7.925000000000312,6.65144927536312,31.399999999997817,44.900000000001455,0.31092436974792226,0.2899159663865803,0.3991596638654974,17,1,0.0002180877000594883,11.900000000001455,3.7000000000007276,0.0,2024-07-08T10:24:00+05:30,24308.25,30,20.900000000001455,34.70000000000073,-15.599999999998545,-17.099999999998545,False,False,-0.746411483253467
NIFTY:2024-07-08,2024-07-08,NIFTY,compression_expansion_up,2024-07-08T11:34:00+05:30,2024-07-08T11:34:00+05:30,UP,{},"{'source_path': '/Users/madhuram/tradebot-structural-edge-discovery-v3/runtime/upstox_candidate_replay.zip!upstox_candidate_replay/20240708/underlying/NIFTY_20240708.parquet', 'source_hash': '4357f109ed631802b3774c34db9c318f71742f8e99de307408af71bf00810707'}",{'completed_bar_only': True},"{'buy_ce_allowed': True, 'buy_pe_allowed': False, 'research_only': True}",f24e6e713f652e509f5c03193690904e06d722c478dfad3fa6cfa5c136b48c82,24294.65,2024-07-08 11:33:00+05:30,138,-0.00139204457832558,55.75,0.0,194.15000000000146,7.720000000000437,8.303333333333041,0.00026133566200756033,7.935714285713922,-1.1615107913639804,44.19999999999709,46.85000000000218,0.8103448275862069,0.027586206896401188,0.16206896551739192,14,1,0.0005168416240770579,14.5,11.75,0.0,2024-07-08T11:34:00+05:30,24295.25,30,4.549999999999272,32.099999999998545,-4.25,-5.75,False,False,-0.9340659340660834
NIFTY:2024-07-08,2024-07-08,NIFTY,compression_expansion_up,2024-07-08T13:19:00+05:30,2024-07-08T13:19:00+05:30,UP,{},"{'source_path': '/Users/madhuram/tradebot-structural-edge-discovery-v3/runtime/upstox_candidate_replay.zip!upstox_candidate_replay/20240708/underlying/NIFTY_20240708.parquet', 'source_hash': '4357f109ed631802b3774c34db9c318f71742f8e99de307408af71bf00810707'}",{'completed_bar_only': True},"{'buy_ce_allowed': True, 'buy_pe_allowed': False, 'research_only': True}",d58a007b154aa58e73f6d2bc712ee685f34b6b2ee4ee593e451b40f19de48bbb,24306.65,2024-07-08 13:18:00+05:30,243,-0.0006456454912766191,55.75,0.0,194.15000000000146,5.420000000001164,5.5933333333334305,0.00014253077272263691,5.732142857142857,16.029918032789283,32.19999999999709,66.10000000000218,0.687116564417323,0.18404907975456836,0.1288343558281086,6,1,0.00022838472332531445,8.150000000001455,5.600000000002183,0.0,2024-07-08T13:19:00+05:30,24306.55,30,5.299999999999272,38.54999999999927,-16.149999999997817,-17.649999999997817,False,False,-3.047169811320761
NIFTY:2024-07-08,2024-07-08,NIFTY,compression_expansion_up,2024-07-08T13:50:00+05:30,2024-07-08T13:50:00+05:30,UP,{},"{'source_path': '/Users/madhuram/tradebot-structural-edge-discovery-v3/runtime/upstox_candidate_replay.zip!upstox_candidate_replay/20240708/underlying/NIFTY_20240708.parquet', 'source_hash': '4357f109ed631802b3774c34db9c318f71742f8e99de307408af71bf00810707'}",{'completed_bar_only': True},"{'buy_ce_allowed': True, 'buy_pe_allowed': False, 'research_only': True}",20a41f92a0e21efd3a148aed8d4b1b4470265e9ffc9b448d037a44dabaa36964,24290.4,2024-07-08 13:49:00+05:30,274,-0.0013550330533480307,55.75,0.0,194.15000000000146,5.599999999998545,5.696666666665988,0.00013644201444530893,5.585714285713558,0.29854545454509207,48.44999999999709,49.85000000000218,0.8000000000002646,0.10303030303012664,0.09696969696960878,12,1,0.0003191579172783232,8.25,6.600000000002183,0.0,2024-07-08T13:50:00+05:30,24290.35,30,21.150000000001455,3.899999999997817,-0.5499999999992724,-2.0499999999992724,True,True,-0.026004728132351516
NIFTY:2024-07-08,2024-07-08,NIFTY,compression_expansion_up,2024-07-08T14:39:00+05:30,2024-07-08T14:39:00+05:30,UP,{},"{'source_path': '/Users/madhuram/tradebot-structural-edge-discovery-v3/runtime/upstox_candidate_replay.zip!upstox_candidate_replay/20240708/underlying/NIFTY_20240708.parquet', 'source_hash': '4357f109ed631802b3774c34db9c318f71742f8e99de307408af71bf00810707'}",{'completed_bar_only': True},"{'buy_ce_allowed': True, 'buy_pe_allowed': False, 'research_only': True}",31d5ee315c27465eb3b60562d3a0b7a29c83f3f2aca2c4767f3f7050387c408a,24314.15,2024-07-08 14:38:00+05:30,323,-0.0003989019914256933,55.75,0.0,194.15000000000146,5.130000000001019,5.483333333334061,0.00013827803692758301,5.517857142857922,22.665895061731135,24.69999999999709,73.60000000000218,0.8255813953488815,0.17441860465111853,0.0,4,1,0.0003147306276098938,8.600000000002183,7.100000000002183,0.0,2024-07-08T14:39:00+05:30,24314.15,30,24.149999999997817,24.200000000000728,4.75,3.25,False,False,0.19668737060043184
NIFTY:2024-07-08,2024-07-08,NIFTY,compression_expansion_up,2024-07-08T15:01:00+05:30,2024-07-08T15:01:00+05:30,UP,{},"{'source_path': '/Users/madhuram/tradebot-structural-edge-discovery-v3/runtime/upstox_candidate_replay.zip!upstox_candidate_replay/20240708/underlying/NIFTY_20240708.parquet', 'source_hash': '4357f109ed631802b3774c34db9c318f71742f8e99de307408af71bf00810707'}",{'completed_bar_only': True},"{'buy_ce_allowed': True, 'buy_pe_allowed': False, 'research_only': True}",57751b067b6bf8d9b1af05e648d839f0a22b60b301842b923c004aa502f64a34,24325.8,2024-07-08 15:00:00+05:30,345,-0.0009150071452805165,55.75,0.0,194.15000000000146,12.019999999999708,8.460000000000097,0.00037797921223254395,8.575000000000207,33.711994219655026,13.049999999999272,85.25,0.9842767295597481,0.015723270440251933,0.0,0,1,0.0012656899244907205,31.799999999999272,31.299999999999272,0.0,2024-07-08T15:01:00+05:30,24328.95,30,15.649999999997817,27.450000000000728,2.099999999998545,0.5999999999985448,False,False,0.13418530351430272
NIFTY:2024-07-09,2024-07-09,NIFTY,compression_expansion_up,2024-07-09T10:02:00+05:30,2024-07-09T10:02:00+05:30,UP,{},"{'source_path': '/Users/madhuram/tradebot-structural-edge-discovery-v3/runtime/upstox_candidate_replay.zip!upstox_candidate_replay/20240709/underlying/NIFTY_20240709.parquet', 'source_hash': '4357f109ed631802b3774c34db9c318f71742f8e99de307408af71bf00810707'}",{'completed_bar_only': True},"{'buy_ce_allowed': True, 'buy_pe_allowed': False, 'research_only': True}",67f63da4be20a2c00f59169ad83a354fe38fc489dd5084f548cdcf1678d14702,24383.05,2024-07-09 10:01:00+05:30,46,0.0015700103365864082,41.64999999999782,0.0,104.04999999999927,7.739999999999418,8.133333333333091,0.0002648958705255336,7.553571428571169,16.679787234043033,0.9500000000007276,51.14999999999782,0.9550173010382043,0.020761245674694312,0.024221453287101406,6,2,0.0005827111250633621,14.44999999999709,13.799999999999272,0.0,2024-07-09T10:02:00+05:30,24382.6,30,2.9500000000007276,42.64999999999782,-27.19999999999709,-28.69999999999709,False,False,-9.220338983047586
NIFTY:2024-07-09,2024-07-09,NIFTY,compression_expansion_up,2024-07-09T10:37:00+05:30,2024-07-09T10:37:00+05:30,UP,{},"{'source_path': '/Users/madhuram/tradebot-structural-edge-discovery-v3/runtime/upstox_candidate_replay.zip!upstox_candidate_replay/20240709/underlying/NIFTY_20240709.parquet', 'source_hash': '4357f109ed631802b3774c34db9c318f71742f8e99de307408af71bf00810707'}",{'completed_bar_only': True},"{'buy_ce_allowed': True, 'buy_pe_allowed': False, 'research_only': True}",b8909ad72f8ddb4d33991c69cf9387708f8d175f0a35eb8ec43aa35ebe456742,24362.8,2024-07-09 10:36:00+05:30,81,0.0005404616734584597,41.64999999999782,0.0,104.04999999999927,9.230000000001018,8.456666666667054,0.0002759460188717706,8.460714285714857,-0.9640243902431394,22.75,30.899999999997817,0.8985507246375792,0.10144927536242072,0.0,0,3,0.0007249903984982708,20.700000000000728,18.599999999998545,0.0,2024-07-09T10:37:00+05:30,24362.9,30,23.649999999997817,1.8000000000029104,16.69999999999709,15.19999999999709,True,True,0.7061310782240436
NIFTY:2024-07-09,2024-07-09,NIFTY,compression_expansion_up,2024-07-09T10:52:00+05:30,2024-07-09T10:52:00+05:30,UP,{},"{'source_path': '/Users/madhuram/tradebot-structural-edge-discovery-v3/runtime/upstox_candidate_replay.zip!upstox_candidate_replay/20240709/underlying/NIFTY_20240709.parquet', 'source_hash': '4357f109ed631802b3774c34db9c318f71742f8e99de307408af71bf00810707'}",{'completed_bar_only': True},"{'buy_ce_allowed': True, 'buy_pe_allowed': False, 'research_only': True}",6d42ce2eafbf12b2ef09673ecf15f63fc12282fff5e1dd04842f112990f4bc26,24381.15,2024-07-09 10:51:00+05:30,96,0.0018392136796398018,41.64999999999782,0.0,104.04999999999927,6.419999999999709,5.899999999999758,0.0001306121659247912,5.842857142856831,15.817010309281613,4.399999999997817,49.25,0.6369047619049114,0.3630952380950886,0.0,0,3,0.00016408809069146102,8.400000000001455,5.350000000002183,0.0,2024-07-09T10:52:00+05:30,24380.45,30,14.899999999997817,11.549999999999272,6.099999999998545,4.599999999998545,True,False,0.40939597315432474
NIFTY:2024-07-09,2024-07-09,NIFTY,compression_expansion_up,2024-07-09T11:12:00+05:30,2024-07-09T11:12:00+05:30,UP,{},"{'source_path': '/Users/madhuram/tradebot-structural-edge-discovery-v3/runtime/upstox_candidate_replay.zip!upstox_candidate_replay/20240709/underlying/NIFTY_20240709.parquet', 'source_hash': '4357f109ed631802b3774c34db9c318f71742f8e99de307408af71bf00810707'}",{'completed_bar_only': True},"{'buy_ce_allowed': True, 'buy_pe_allowed': False, 'research_only': True}",62cad3f6ef8a2fba319e8dae9180c594b49bde8c76652b769cc44f0078a386e2,24384.6,2024-07-09 11:11:00+05:30,116,0.0020652622883106154,41.64999999999782,0.0,104.04999999999927,6.499999999999273,6.399999999999272,0.00015810446581117775,6.446428571427792,16.990598290598427,3.150000000001455,52.69999999999709,0.36065573770478115,0.3442622950820715,0.29508196721314733,0,5,0.00011278881627108106,9.150000000001455,3.2999999999992724,0.0,2024-07-09T11:12:00+05:30,24382.3,30,18.900000000001455,6.799999999999272,11.5,10.0,True,False,0.6084656084655616
NIFTY:2024-07-09,2024-07-09,NIFTY,compression_expansion_up,2024-07-09T11:37:00+05:30,2024-07-09T11:37:00+05:30,UP,{},"{'source_path': '/Users/madhuram/tradebot-structural-edge-discovery-v3/runtime/upstox_candidate_replay.zip!upstox_candidate_replay/20240709/underlying/NIFTY_20240709.parquet', 'source_hash': '4357f109ed631802b3774c34db9c318f71742f8e99de307408af71bf00810707'}",{'completed_bar_only': True},"{'buy_ce_allowed': True, 'buy_pe_allowed': False, 'research_only': True}",81aee760ff80a5dc6d942251c877fa56475bd4071c6b87e74a634b01d9af8522,24389.85,2024-07-09 11:36:00+05:30,141,0.002233771251138039,41.64999999999782,0.0,104.04999999999927,4.969999999999709,4.85666666666657,0.00010917698675356963,4.824999999999948,18.891549295771256,5.5,57.94999999999709,0.6013513513511355,0.0,0.39864864864886457,0,7,0.0001517254671195012,7.399999999997817,4.44999999999709,0.0,2024-07-09T11:37:00+05:30,24389.05,30,12.150000000001455,2.75,2.7000000000007276,1.2000000000007276,True,False,0.2222222222222555
NIFTY:2024-07-09,2024-07-09,NIFTY,compression_expansion_up,2024-07-09T14:43:00+05:30,2024-07-09T14:43:00+05:30,UP,{},"{'source_path': '/Users/madhuram/tradebot-structural-edge-discovery-v3/runtime/upstox_candidate_replay.zip!upstox_candidate_replay/20240709/underlying/NIFTY_20240709.parquet', 'source_hash': '4357f109ed631802b3774c34db9c318f71742f8e99de307408af71bf00810707'}",{'completed_bar_only': True},"{'buy_ce_allowed': True, 'buy_pe_allowed': False, 'research_only': True}",d398bdff40ad675e2e6887ce58199a57e77f63b215f0a3ab5a163480344b402b,24425.15,2024-07-09 14:42:00+05:30,327,0.00356745804229572,41.64999999999782,0.0,104.04999999999927,5.8,5.620000000000194,0.00014991669414673105,5.767857142857403,33.32271341463638,12.75,93.25,0.7891891891895039,0.15135135135111538,0.0594594594593808,0,10,0.0003071548654354217,9.25,7.30000000000291,0.0,2024-07-09T14:43:00+05:30,24425.55,30,15.900000000001455,12.700000000000728,12.700000000000728,11.200000000000728,True,False,0.7987421383647525
NIFTY:2024-07-10,2024-07-10,NIFTY,compression_expansion_up,2024-07-10T14:31:00+05:30,2024-07-10T14:31:00+05:30,UP,{},"{'source_path': '/Users/madhuram/tradebot-structural-edge-discovery-v3/runtime/upstox_candidate_replay.zip!upstox_candidate_replay/20240710/underlying/NIFTY_20240710.parquet', 'source_hash': '4357f109ed631802b3774c34db9c318f71742f8e99de307408af71bf00810707'}",{'completed_bar_only': True},"{'buy_ce_allowed': True, 'buy_pe_allowed': False, 'research_only': True}",db787300dacbecacf9acf2615503e79960054509368ee624b0b75ec5ef4e3434,24277.9,2024-07-10 14:30:00+05:30,315,-0.006321350684454578,77.45000000000073,0.0,111.69999999999709,8.710000000000582,9.876666666666278,0.000279772393073287,10.167857142856779,0.16455696202683612,183.14999999999782,136.10000000000218,0.8310249307479559,0.13019390581709914,0.03878116343494492,5,0,0.0006388485887629525,18.049999999999272,15.0,0.0,2024-07-10T14:31:00+05:30,24279.45,30,43.39999999999782,9.75,42.79999999999927,41.29999999999927,True,True,0.9861751152074061
NIFTY:2024-07-10,2024-07-10,NIFTY,compression_expansion_up,2024-07-10T14:39:00+05:30,2024-07-10T14:39:00+05:30,UP,{},"{'source_path': '/Users/madhuram/tradebot-structural-edge-discovery-v3/runtime/upstox_candidate_replay.zip!upstox_candidate_replay/20240710/underlying/NIFTY_20240710.parquet', 'source_hash': '4357f109ed631802b3774c34db9c318f71742f8e99de307408af71bf00810707'}",{'completed_bar_only': True},"{'buy_ce_allowed': True, 'buy_pe_allowed': False, 'research_only': True}",f2f80c14c82a28219494dd1d01945d7ddfb8f442fe3bc8ea4a657e2eee65f7a8,24308.65,2024-07-10 14:38:00+05:30,323,-0.00503537458149467,77.45000000000073,0.0,111.69999999999709,10.899999999999272,9.836666666666618,0.0002762886744020621,9.746428571428623,30.752932098766905,152.39999999999782,166.85000000000218,0.813031161473312,0.05382436260607406,0.1331444759206139,0,0,0.0006256830544859593,17.649999999997817,14.350000000002183,0.0,2024-07-10T14:39:00+05:30,24308.05,30,28.700000000000728,28.549999999999272,28.150000000001455,26.650000000001455,True,True,0.9808362369338237
NIFTY:2024-07-11,2024-07-11,NIFTY,compression_expansion_up,2024-07-11T09:48:00+05:30,2024-07-11T09:48:00+05:30,UP,{},"{'source_path': '/Users/madhuram/tradebot-structural-edge-discovery-v3/runtime/upstox_candidate_replay.zip!upstox_candidate_replay/20240711/underlying/NIFTY_20240711.parquet', 'source_hash': '4357f109ed631802b3774c34db9c318f71742f8e99de307408af71bf00810707'}",{'completed_bar_only': True},"{'buy_ce_allowed': True, 'buy_pe_allowed': False, 'research_only': True}",2797dbe87c269104a2cbf7b3da2e7f31b37c44f6648a85874f919cc26379f59a,24348.3,2024-07-11 09:47:00+05:30,32,0.0008781527121961856,67.10000000000218,0.0,319.25,9.61999999999971,11.999999999999757,0.0003822550139649231,11.892857142856883,4.157575757577433,54.35000000000218,38.14999999999782,0.8083333333332929,0.041666666666666664,0.15000000000004043,5,0,0.0005917670410413578,18.0,14.549999999999272,0.0,2024-07-11T09:48:00+05:30,24348.85,30,14.30000000000291,96.94999999999709,-91.59999999999854,-93.09999999999854,False,False,-6.405594405593
NIFTY:2024-07-11,2024-07-11,NIFTY,compression_expansion_up,2024-07-11T10:06:00+05:30,2024-07-11T10:06:00+05:30,UP,{},"{'source_path': '/Users/madhuram/tradebot-structural-edge-discovery-v3/runtime/upstox_candidate_replay.zip!upstox_candidate_replay/20240711/underlying/NIFTY_20240711.parquet', 'source_hash': '4357f109ed631802b3774c34db9c318f71742f8e99de307408af71bf00810707'}",{'completed_bar_only': True},"{'buy_ce_allowed': True, 'buy_pe_allowed': False, 'research_only': True}",de8e942f11c21d21f2f630e64e2aa867adf53af53c7b955642e4b22a4c2214a7,24360.4,2024-07-11 10:05:00+05:30,50,0.0016452509830374622,67.10000000000218,0.0,319.25,8.05,8.233333333333333,0.00018649432682697016,8.232142857142858,15.059803921569255,42.25,50.25,0.6866952789700858,0.09871244635176246,0.21459227467815178,9,0,0.0003264558596773881,11.649999999997817,8.0,0.0,2024-07-11T10:06:00+05:30,24359.5,30,3.650000000001455,117.29999999999927,-102.29999999999927,-103.79999999999927,False,False,-28.0273972602626
NIFTY:2024-07-11,2024-07-11,NIFTY,compression_expansion_up,2024-07-11T10:40:00+05:30,2024-07-11T10:40:00+05:30,UP,{},"{'source_path': '/Users/madhuram/tradebot-structural-edge-discovery-v3/runtime/upstox_candidate_replay.zip!upstox_candidate_replay/20240711/underlying/NIFTY_20240711.parquet', 'source_hash': '4357f109ed631802b3774c34db9c318f71742f8e99de307408af71bf00810707'}",{'completed_bar_only': True},"{'buy_ce_allowed': True, 'buy_pe_allowed': False, 'research_only': True}",8113d96cd5e133ece137149793cdb8ab26ca3d5326ce52b49fc7bd67b9bbbde0,24259.45,2024-07-11 10:39:00+05:30,84,-0.002426745199980257,67.10000000000218,0.0,319.25,10.440000000000145,11.213333333333624,0.00028835742520850907,11.067857142857454,-59.500588235292525,143.20000000000073,17.25,0.3507246376811172,0.03478260869556782,0.6144927536233149,5,0,0.00030100424086110245,17.25,6.049999999999272,0.0,2024-07-11T10:40:00+05:30,24260.5,30,8.099999999998545,26.0,-8.349999999998545,-9.849999999998545,False,False,-1.0308641975308697
NIFTY:2024-07-11,2024-07-11,NIFTY,compression_expansion_up,2024-07-11T11:01:00+05:30,2024-07-11T11:01:00+05:30,UP,{},"{'source_path': '/Users/madhuram/tradebot-structural-edge-discovery-v3/runtime/upstox_candidate_replay.zip!upstox_candidate_replay/20240711/underlying/NIFTY_20240711.parquet', 'source_hash': '4357f109ed631802b3774c34db9c318f71742f8e99de307408af71bf00810707'}",{'completed_bar_only': True},"{'buy_ce_allowed': True, 'buy_pe_allowed': False, 'research_only': True}",7d5988e87845119e196a27d8bf069a066606b241c7eca8b31e18694c312611be,24256.9,2024-07-11 11:00:00+05:30,105,-0.003029318372517787,67.10000000000218,0.0,319.25,9.839999999999417,8.849999999999758,0.00022378846460365502,8.914285714285402,-48.77877358490514,145.75,22.400000000001455,0.8102678571428694,0.0,0.18973214285713053,0,0,0.0006476577067142664,22.400000000001455,18.150000000001455,0.0,2024-07-11T11:01:00+05:30,24258.8,30,10.549999999999272,12.649999999997817,-3.0,-4.5,False,False,-0.2843601895734793
NIFTY:2024-07-11,2024-07-11,NIFTY,compression_expansion_up,2024-07-11T11:42:00+05:30,2024-07-11T11:42:00+05:30,UP,{},"{'source_path': '/Users/madhuram/tradebot-structural-edge-discovery-v3/runtime/upstox_candidate_replay.zip!upstox_candidate_replay/20240711/underlying/NIFTY_20240711.parquet', 'source_hash': '4357f109ed631802b3774c34db9c318f71742f8e99de307408af71bf00810707'}",{'completed_bar_only': True},"{'buy_ce_allowed': True, 'buy_pe_allowed': False, 'research_only': True}",3adb561f5d1e464bcda0fb23fe4bab81a066acfeba7afedd7b74fae9373efc10,24282.9,2024-07-11 11:41:00+05:30,146,-0.0020935818759152307,67.10000000000218,0.0,319.25,8.140000000000873,7.043333333333431,0.00025991351955370384,7.171428571428676,-9.78639455782104,119.75,48.400000000001455,0.9661399548532753,0.022573363431149757,0.011286681715574879,0,0,0.0008634920111532107,22.150000000001455,21.400000000001455,0.0,2024-07-11T11:42:00+05:30,24282.75,30,0.0,89.0,-19.5,-21.0,False,False,0.0
NIFTY:2024-07-11,2024-07-11,NIFTY,compression_expansion_up,2024-07-11T12:40:00+05:30,2024-07-11T12:40:00+05:30,UP,{},"{'source_path': '/Users/madhuram/tradebot-structural-edge-discovery-v3/runtime/upstox_candidate_replay.zip!upstox_candidate_replay/20240711/underlying/NIFTY_20240711.parquet', 'source_hash': '4357f109ed631802b3774c34db9c318f71742f8e99de307408af71bf00810707'}",{'completed_bar_only': True},"{'buy_ce_allowed': True, 'buy_pe_allowed': False, 'research_only': True}",f864b8ab734c1d2a339ac986bfe6646001746ea803788010477b044561378c0c,24279.8,2024-07-11 12:39:00+05:30,204,-0.0016000065810039918,67.10000000000218,0.0,319.25,7.899999999999272,7.973333333333236,0.00016783597855922147,7.76071428571413,-4.362926829271601,122.85000000000218,86.04999999999927,0.5431034482758674,0.08189655172421093,0.3749999999999216,5,0,0.00026778394367465985,11.599999999998545,6.299999999999272,0.0,2024-07-11T12:40:00+05:30,24279.45,30,27.75,2.0,19.549999999999272,18.049999999999272,True,True,0.7045045045044783
NIFTY:2024-07-11,2024-07-11,NIFTY,compression_expansion_up,2024-07-11T12:49:00+05:30,2024-07-11T12:49:00+05:30,UP,{},"{'source_path': '/Users/madhuram/tradebot-structural-edge-discovery-v3/runtime/upstox_candidate_replay.zip!upstox_candidate_replay/20240711/underlying/NIFTY_20240711.parquet', 'source_hash': '4357f109ed631802b3774c34db9c318f71742f8e99de307408af71bf00810707'}",{'completed_bar_only': True},"{'buy_ce_allowed': True, 'buy_pe_allowed': False, 'research_only': True}",12219f386a2cfdd217c28c8a4041cfa5de1fa2e8b8e1dac9816ed7f913d29aac,24296.8,2024-07-11 12:48:00+05:30,213,-0.001011829354568129,67.10000000000218,0.0,319.25,6.529999999999563,7.183333333332606,0.00016177481525035065,7.117857142856208,12.538317757007462,105.85000000000218,103.04999999999927,0.8144796380091034,0.14027149321261306,0.045248868778283526,5,0,0.00036231884057968955,11.049999999999272,9.0,0.0,2024-07-11T12:49:00+05:30,24296.75,30,11.049999999999272,14.599999999998545,3.5499999999992724,2.0499999999992724,False,False,0.32126696832574714
NIFTY:2024-07-11,2024-07-11,NIFTY,compression_expansion_up,2024-07-11T13:12:00+05:30,2024-07-11T13:12:00+05:30,UP,{},"{'source_path': '/Users/madhuram/tradebot-structural-edge-discovery-v3/runtime/upstox_candidate_replay.zip!upstox_candidate_replay/20240711/underlying/NIFTY_20240711.parquet', 'source_hash': '4357f109ed631802b3774c34db9c318f71742f8e99de307408af71bf00810707'}",{'completed_bar_only': True},"{'buy_ce_allowed': True, 'buy_pe_allowed': False, 'research_only': True}",2c7d6659f83fc115c0c56e2f5747443d021da6fc80f3244f6a9b783c6ffb8978,24303.0,2024-07-11 13:11:00+05:30,236,-0.0005100278047416732,67.10000000000218,0.0,319.25,7.299999999999272,6.813333333332654,0.00013066707669152775,6.592857142856571,17.64641350210877,99.65000000000146,109.25,0.2955665024631178,0.39901477832513726,0.30541871921174496,0,0,0.0001646158278119092,10.149999999997817,3.0,0.0,2024-07-11T13:12:00+05:30,24304.5,30,5.25,26.200000000000728,-15.150000000001455,-16.650000000001455,False,False,-2.885714285714563
NIFTY:2024-07-12,2024-07-12,NIFTY,compression_expansion_up,2024-07-12T09:27:00+05:30,2024-07-12T09:27:00+05:30,UP,{},"{'source_path': '/Users/madhuram/tradebot-structural-edge-discovery-v3/runtime/upstox_candidate_replay.zip!upstox_candidate_replay/20240712/underlying/NIFTY_20240712.parquet', 'source_hash': '4357f109ed631802b3774c34db9c318f71742f8e99de307408af71bf00810707'}",{'completed_bar_only': True},"{'buy_ce_allowed': True, 'buy_pe_allowed': False, 'research_only': True}",10f4160d87ebab61155ccd1a0af179b34dcc275299153b378d482da722fe40d1,24413.7,2024-07-12 09:26:00+05:30,11,0.0020132711547548123,73.59999999999854,0.0,208.90000000000146,14.669999999998254,14.47916666666606,0.0005233462678421472,14.47916666666606,37.704166666666424,2.349999999998545,71.25,0.9176882661996986,0.08231173380030139,0.0,0,0,0.0010681635991987015,28.549999999999272,26.200000000000728,0.0,2024-07-12T09:27:00+05:30,24413.25,30,27.5,82.09999999999854,-62.04999999999927,-63.54999999999927,False,False,-2.2563636363636097
NIFTY:2024-07-12,2024-07-12,NIFTY,compression_expansion_up,2024-07-12T10:18:00+05:30,2024-07-12T10:18:00+05:30,UP,{},"{'source_path': '/Users/madhuram/tradebot-structural-edge-discovery-v3/runtime/upstox_candidate_replay.zip!upstox_candidate_replay/20240712/underlying/NIFTY_20240712.parquet', 'source_hash': '4357f109ed631802b3774c34db9c318f71742f8e99de307408af71bf00810707'}",{'completed_bar_only': True},"{'buy_ce_allowed': True, 'buy_pe_allowed': False, 'research_only': True}",de9e15b4cc404b938385f5a23aacc348ed8cea7d404c43a7377c8f0d9d6ad4d6,24376.9,2024-07-12 10:17:00+05:30,62,0.0011874191096411634,91.95000000000073,0.0,208.90000000000146,9.950000000000728,10.766666666667152,0.00031898362829033513,10.846428571428987,-14.973809523809905,63.849999999998545,45.75,0.5367231638417859,0.3135593220338443,0.14971751412436984,6,3,0.0004021816301489345,17.700000000000728,9.5,0.0,2024-07-12T10:18:00+05:30,24378.45,30,16.0,21.299999999999272,14.25,12.75,False,False,0.890625
NIFTY:2024-07-12,2024-07-12,NIFTY,compression_expansion_up,2024-07-12T10:22:00+05:30,2024-07-12T10:22:00+05:30,UP,{},"{'source_path': '/Users/madhuram/tradebot-structural-edge-discovery-v3/runtime/upstox_candidate_replay.zip!upstox_candidate_replay/20240712/underlying/NIFTY_20240712.parquet', 'source_hash': '4357f109ed631802b3774c34db9c318f71742f8e99de307408af71bf00810707'}",{'completed_bar_only': True},"{'buy_ce_allowed': True, 'buy_pe_allowed': False, 'research_only': True}",d890f43f0800d573dfd34200d6212de658d0c447ef78bf73cde843f44453fa36,24389.75,2024-07-12 10:21:00+05:30,66,0.0015510405324896768,91.95000000000073,0.0,208.90000000000146,10.390000000000146,10.656666666667055,0.00034517058984262196,9.789285714286182,-1.4835820895496,51.0,58.599999999998545,0.7941176470588235,0.0,0.20588235294117646,10,3,0.000520981825118394,17.0,13.5,0.0,2024-07-12T10:22:00+05:30,24390.0,30,4.950000000000728,32.849999999998545,3.75,2.25,False,False,0.7575757575756462
NIFTY:2024-07-12,2024-07-12,NIFTY,compression_expansion_up,2024-07-12T10:43:00+05:30,2024-07-12T10:43:00+05:30,UP,{},"{'source_path': '/Users/madhuram/tradebot-structural-edge-discovery-v3/runtime/upstox_candidate_replay.zip!upstox_candidate_replay/20240712/underlying/NIFTY_20240712.parquet', 'source_hash': '4357f109ed631802b3774c34db9c318f71742f8e99de307408af71bf00810707'}",{'completed_bar_only': True},"{'buy_ce_allowed': True, 'buy_pe_allowed': False, 'research_only': True}",158ea6d1fc47891cbb4540ccb47fe98613eadbdc0b9fa636f61e3b12d01689d8,24375.5,2024-07-12 10:42:00+05:30,87,0.0012552129342399603,91.95000000000073,0.0,208.90000000000146,7.939999999999418,7.016666666666667,0.00021535747025794164,6.925000000000052,-11.413636363635305,65.25,44.349999999998545,0.6515151515151293,0.1262626262626077,0.22222222222226307,0,3,0.0003118857185067103,9.900000000001455,6.450000000000728,0.0,2024-07-12T10:43:00+05:30,24375.15,30,217.04999999999927,0.0,165.0,163.5,True,True,0.7601935038009701
NIFTY:2024-07-12,2024-07-12,NIFTY,compression_expansion_up,2024-07-12T11:44:00+05:30,2024-07-12T11:44:00+05:30,UP,{},"{'source_path': '/Users/madhuram/tradebot-structural-edge-discovery-v3/runtime/upstox_candidate_replay.zip!upstox_candidate_replay/20240712/underlying/NIFTY_20240712.parquet', 'source_hash': '4357f109ed631802b3774c34db9c318f71742f8e99de307408af71bf00810707'}",{'completed_bar_only': True},"{'buy_ce_allowed': True, 'buy_pe_allowed': False, 'research_only': True}",6a7163284826bcc5fcccda447febc49cd2cfe56525bdad58b19030534b3ddfc9,24499.15,2024-07-12 11:43:00+05:30,148,0.006105552930542085,91.95000000000073,0.0,208.90000000000146,11.249999999998545,10.6033333333328,0.00023956638165460888,10.41785714285652,69.43053691275054,93.04999999999927,168.0,0.7699680511185042,0.12460063897746719,0.10543130990402859,0,6,0.0004859671870054427,15.649999999997817,12.05000000000291,0.0,2024-07-12T11:44:00+05:30,24501.4,30,24.099999999998545,13.75,15.0,13.5,True,True,0.6224066390041869
NIFTY:2024-07-12,2024-07-12,NIFTY,compression_expansion_up,2024-07-12T11:53:00+05:30,2024-07-12T11:53:00+05:30,UP,{},"{'source_path': '/Users/madhuram/tradebot-structural-edge-discovery-v3/runtime/upstox_candidate_replay.zip!upstox_candidate_replay/20240712/underlying/NIFTY_20240712.parquet', 'source_hash': '4357f109ed631802b3774c34db9c318f71742f8e99de307408af71bf00810707'}",{'completed_bar_only': True},"{'buy_ce_allowed': True, 'buy_pe_allowed': False, 'research_only': True}",9177f773dfd615c208c31fc3be5a4ac41b233d71129884e1a3da209f67174272,24501.2,2024-07-12 11:52:00+05:30,157,0.006569837911128519,91.95000000000073,0.0,208.90000000000146,9.079999999999563,9.286666666666132,0.00019944284773127594,9.339285714284935,67.23227848101305,91.0,170.04999999999927,0.19999999999994802,0.14642857142851945,0.6535714285715325,7,6,9.184067072265378e-05,14.0,2.7999999999992724,0.0,2024-07-12T11:53:00+05:30,24500.9,30,24.599999999998545,13.25,5.049999999999272,3.5499999999992724,True,True,0.20528455284551103
NIFTY:2024-07-12,2024-07-12,NIFTY,compression_expansion_up,2024-07-12T12:10:00+05:30,2024-07-12T12:10:00+05:30,UP,{},"{'source_path': '/Users/madhuram/tradebot-structural-edge-discovery-v3/runtime/upstox_candidate_replay.zip!upstox_candidate_replay/20240712/underlying/NIFTY_20240712.parquet', 'source_hash': '4357f109ed631802b3774c34db9c318f71742f8e99de307408af71bf00810707'}",{'completed_bar_only': True},"{'buy_ce_allowed': True, 'buy_pe_allowed': False, 'research_only': True}",bc903f3988448e4e42137446e171fe99e0bf4c44037b9998ad59bc6fa5808618,24514.25,2024-07-12 12:09:00+05:30,174,0.006791708609815694,91.95000000000073,0.0,208.90000000000146,7.980000000001018,7.970000000000679,0.00021749511029073036,8.142857142857663,73.94914285714185,77.95000000000073,183.09999999999854,0.8293650793649935,0.03174603174614174,0.13888888888886483,0,6,0.0004223817433142152,12.600000000002183,10.450000000000728,0.0,2024-07-12T12:10:00+05:30,24513.6,30,11.900000000001455,35.349999999998545,-20.099999999998545,-21.599999999998545,False,False,-1.689075630251772
NIFTY:2024-07-12,2024-07-12,NIFTY,compression_expansion_up,2024-07-12T12:29:00+05:30,2024-07-12T12:29:00+05:30,UP,{},"{'source_path': '/Users/madhuram/tradebot-structural-edge-discovery-v3/runtime/upstox_candidate_replay.zip!upstox_candidate_replay/20240712/underlying/NIFTY_20240712.parquet', 'source_hash': '4357f109ed631802b3774c34db9c318f71742f8e99de307408af71bf00810707'}",{'completed_bar_only': True},"{'buy_ce_allowed': True, 'buy_pe_allowed': False, 'research_only': True}",236d8b6220c3cf89784cd4d2120ecade91ed15e1b7793d63fb978f700189a742,24501.4,2024-07-12 12:28:00+05:30,193,0.006382891303901166,91.95000000000073,0.0,208.90000000000146,8.810000000000581,8.679999999999806,0.00018071335577143937,8.76071428571413,54.25412371134371,90.79999999999927,170.25,0.48709677419373615,0.13548387096764805,0.3774193548386158,0,6,0.0002286106189632875,15.5,7.55000000000291,0.0,2024-07-12T12:29:00+05:30,24501.05,30,8.549999999999272,22.799999999999272,3.7999999999992724,2.2999999999992724,False,False,0.4444444444443972
NIFTY:2024-07-15,2024-07-15,NIFTY,compression_expansion_up,2024-07-15T10:11:00+05:30,2024-07-15T10:11:00+05:30,UP,{},"{'source_path': '/Users/madhuram/tradebot-structural-edge-discovery-v3/runtime/upstox_candidate_replay.zip!upstox_candidate_replay/20240715/underlying/NIFTY_20240715.parquet', 'source_hash': '4357f109ed631802b3774c34db9c318f71742f8e99de307408af71bf00810707'}",{'completed_bar_only': True},"{'buy_ce_allowed': True, 'buy_pe_allowed': False, 'research_only': True}",ac3993a4970549da5288c0287c31dd13af67d19e900d0a6c5da0ca17540c4fdb,24566.55,2024-07-15 10:10:00+05:30,55,0.0016318271568675445,61.849999999998545,0.0,261.0499999999993,9.240000000000872,9.443333333333916,0.00025674320035283207,9.607142857143376,13.46964285714057,31.450000000000728,43.79999999999927,0.8422619047616289,0.13988095238105808,0.017857142857313,5,0,0.0005579800308315175,16.80000000000291,14.149999999997817,0.0,2024-07-15T10:11:00+05:30,24566.05,30,37.35000000000218,20.349999999998545,35.10000000000218,33.60000000000218,True,True,0.9397590361445818
NIFTY:2024-07-15,2024-07-15,NIFTY,compression_expansion_up,2024-07-15T10:40:00+05:30,2024-07-15T10:40:00+05:30,UP,{},"{'source_path': '/Users/madhuram/tradebot-structural-edge-discovery-v3/runtime/upstox_candidate_replay.zip!upstox_candidate_replay/20240715/underlying/NIFTY_20240715.parquet', 'source_hash': '4357f109ed631802b3774c34db9c318f71742f8e99de307408af71bf00810707'}",{'completed_bar_only': True},"{'buy_ce_allowed': True, 'buy_pe_allowed': False, 'research_only': True}",f023040f2208dfb464a6ac5563c15b5e80ec2c5c9a49f8a216b1071bde59dcf4,24573.7,2024-07-15 10:39:00+05:30,84,0.002188688174148505,61.849999999998545,0.0,261.0499999999993,7.000000000000727,6.456666666667298,0.00016191796923100375,6.160714285715065,17.523529411766503,24.299999999999272,50.95000000000073,0.7727272727273061,0.1767676767676508,0.05050505050504308,0,0,0.0003256573189447387,9.900000000001455,7.650000000001455,0.0,2024-07-15T10:40:00+05:30,24574.2,30,29.200000000000728,1.3500000000021828,14.299999999999272,12.799999999999272,True,True,0.48972602739722315
NIFTY:2024-07-15,2024-07-15,NIFTY,compression_expansion_up,2024-07-15T11:06:00+05:30,2024-07-15T11:06:00+05:30,UP,{},"{'source_path': '/Users/madhuram/tradebot-structural-edge-discovery-v3/runtime/upstox_candidate_replay.zip!upstox_candidate_replay/20240715/underlying/NIFTY_20240715.parquet', 'source_hash': '4357f109ed631802b3774c34db9c318f71742f8e99de307408af71bf00810707'}",{'completed_bar_only': True},"{'buy_ce_allowed': True, 'buy_pe_allowed': False, 'research_only': True}",73717dc68145f6bb3c4effcf8d2a07a2d3c9f28260bf0cb9755a11cc12eeada3,24583.5,2024-07-15 11:05:00+05:30,110,0.002661918049640182,61.849999999998545,0.0,261.0499999999993,5.729999999999563,6.173333333332751,0.00014343211728477337,6.264285714285246,20.847747747749963,19.900000000001455,60.75,0.6125654450260724,0.1675392670155672,0.2198952879583605,9,0,0.0002156382485292152,9.549999999999272,5.849999999998545,0.0,2024-07-15T11:06:00+05:30,24583.45,30,7.099999999998545,9.75,4.5,3.0,False,False,0.6338028169015384
NIFTY:2024-07-15,2024-07-15,NIFTY,compression_expansion_up,2024-07-15T11:49:00+05:30,2024-07-15T11:49:00+05:30,UP,{},"{'source_path': '/Users/madhuram/tradebot-structural-edge-discovery-v3/runtime/upstox_candidate_replay.zip!upstox_candidate_replay/20240715/underlying/NIFTY_20240715.parquet', 'source_hash': '4357f109ed631802b3774c34db9c318f71742f8e99de307408af71bf00810707'}",{'completed_bar_only': True},"{'buy_ce_allowed': True, 'buy_pe_allowed': False, 'research_only': True}",dc2427c70e5f5bd5e635dd5d54d883a4455e83c38294391a5f19988291e94513,24609.1,2024-07-15 11:48:00+05:30,153,0.003596139096946762,61.849999999998545,0.0,261.0499999999993,5.3400000000001455,5.596666666666958,0.0001766414126500373,5.310714285714702,39.97435064934689,0.10000000000218279,86.34999999999854,0.8028169014082727,0.009389671361706022,0.1877934272300213,9,0,0.000371951975512097,10.650000000001455,8.549999999999272,0.0,2024-07-15T11:49:00+05:30,24608.95,30,2.899999999997817,61.400000000001455,-11.350000000002183,-12.850000000002183,False,False,-3.9137931034519746
NIFTY:2024-07-15,2024-07-15,NIFTY,compression_expansion_up,2024-07-15T12:49:00+05:30,2024-07-15T12:49:00+05:30,UP,{},"{'source_path': '/Users/madhuram/tradebot-structural-edge-discovery-v3/runtime/upstox_candidate_replay.zip!upstox_candidate_replay/20240715/underlying/NIFTY_20240715.parquet', 'source_hash': '4357f109ed631802b3774c34db9c318f71742f8e99de307408af71bf00810707'}",{'completed_bar_only': True},"{'buy_ce_allowed': True, 'buy_pe_allowed': False, 'research_only': True}",dbc7bd2b928611ccbdc120935e1b90d5c414bfb18a5be9cfc04cda0a56ff1d14,24594.3,2024-07-15 12:48:00+05:30,213,0.0030963920301560767,61.849999999998545,0.0,261.0499999999993,4.959999999999854,5.043333333333188,0.00011768769680546458,5.057142857142545,19.346028037380165,17.549999999999272,71.54999999999927,0.7317073170734304,0.12804878048776158,0.14024390243880797,11,2,0.0002399505457857387,8.19999999999709,6.0,0.0,2024-07-15T12:49:00+05:30,24593.15,30,41.89999999999782,7.600000000002183,36.39999999999782,34.89999999999782,True,True,0.8687350835322127
NIFTY:2024-07-15,2024-07-15,NIFTY,compression_expansion_up,2024-07-15T12:58:00+05:30,2024-07-15T12:58:00+05:30,UP,{},"{'source_path': '/Users/madhuram/tradebot-structural-edge-discovery-v3/runtime/upstox_candidate_replay.zip!upstox_candidate_replay/20240715/underlying/NIFTY_20240715.parquet', 'source_hash': '4357f109ed631802b3774c34db9c318f71742f8e99de307408af71bf00810707'}",{'completed_bar_only': True},"{'buy_ce_allowed': True, 'buy_pe_allowed': False, 'research_only': True}",0cf9f0af4d243ac42447d6ad8e01dda2c45a381dbbd98985cc094af13ac40c58,24596.35,2024-07-15 12:57:00+05:30,222,0.0031902220916759307,61.849999999998545,0.0,261.0499999999993,5.530000000001019,4.916666666666667,0.00012620991699362484,4.792857142857299,20.56681614349509,15.5,73.59999999999854,0.7324840764332567,0.1783439490448044,0.08917197452193877,0,2,0.00023382918676251307,7.849999999998545,5.75,0.0,2024-07-15T12:58:00+05:30,24594.4,30,40.64999999999782,8.850000000002183,29.299999999999272,27.799999999999272,True,True,0.7207872078720995
NIFTY:2024-07-16,2024-07-16,NIFTY,compression_expansion_up,2024-07-16T09:31:00+05:30,2024-07-16T09:31:00+05:30,UP,{},"{'source_path': '/Users/madhuram/tradebot-structural-edge-discovery-v3/runtime/upstox_candidate_replay.zip!upstox_candidate_replay/20240716/underlying/NIFTY_20240716.parquet', 'source_hash': '4357f109ed631802b3774c34db9c318f71742f8e99de307408af71bf00810707'}",{'completed_bar_only': True},"{'buy_ce_allowed': True, 'buy_pe_allowed': False, 'research_only': True}",a5af131e8f9e720e864a5ba1051fbfd11e1d8feea09c08400842c12644ab5dfd,24630.5,2024-07-16 09:30:00+05:30,15,0.0014173378856247852,50.29999999999927,0.0,112.29999999999927,10.670000000000437,11.116666666666667,0.000257039323454183,10.889285714285766,8.75,19.549999999999272,30.75,0.4478527607361717,0.06748466257660085,0.48466257668722745,11,0,0.0003249060818357741,16.299999999999272,7.299999999999272,0.0,2024-07-16T09:31:00+05:30,24630.45,30,13.299999999999272,16.600000000002183,4.950000000000728,3.4500000000007276,False,False,0.3721804511278946
NIFTY:2024-07-16,2024-07-16,NIFTY,compression_expansion_up,2024-07-16T10:26:00+05:30,2024-07-16T10:26:00+05:30,UP,{},"{'source_path': '/Users/madhuram/tradebot-structural-edge-discovery-v3/runtime/upstox_candidate_replay.zip!upstox_candidate_replay/20240716/underlying/NIFTY_20240716.parquet', 'source_hash': '4357f109ed631802b3774c34db9c318f71742f8e99de307408af71bf00810707'}",{'completed_bar_only': True},"{'buy_ce_allowed': True, 'buy_pe_allowed': False, 'research_only': True}",dab7bd2341dac5d104549dd9a1131cd18f7664eb86b4fcd97c5c140f6ae09942,24639.6,2024-07-16 10:25:00+05:30,70,0.0019338426531264974,50.29999999999927,0.0,112.29999999999927,4.849999999999272,5.593333333333188,0.00012308976374555275,5.392857142856883,8.948591549295088,10.450000000000728,39.849999999998545,0.4512195121949272,0.4268292682928344,0.1219512195122384,12,0,0.00014409777541435353,8.19999999999709,3.6999999999970896,0.0,2024-07-16T10:26:00+05:30,24639.65,30,21.599999999998545,10.900000000001455,17.25,15.75,True,True,0.7986111111111649
NIFTY:2024-07-16,2024-07-16,NIFTY,compression_expansion_up,2024-07-16T10:56:00+05:30,2024-07-16T10:56:00+05:30,UP,{},"{'source_path': '/Users/madhuram/tradebot-structural-edge-discovery-v3/runtime/upstox_candidate_replay.zip!upstox_candidate_replay/20240716/underlying/NIFTY_20240716.parquet', 'source_hash': '4357f109ed631802b3774c34db9c318f71742f8e99de307408af71bf00810707'}",{'completed_bar_only': True},"{'buy_ce_allowed': True, 'buy_pe_allowed': False, 'research_only': True}",ab2a3a3c90ed34edd42ab08f5431a67cbc43b06097172ad523428877b77715ad,24655.4,2024-07-16 10:55:00+05:30,100,0.0024503474206280618,50.29999999999927,0.0,112.29999999999927,6.280000000000291,5.4933333333331875,0.00013448280564285858,5.585714285714078,19.4217821782222,5.849999999998545,55.650000000001455,0.8292682926832081,0.06097560975609215,0.10975609756069968,0,2,0.0003022563742622886,8.200000000000728,6.80000000000291,0.0,2024-07-16T10:56:00+05:30,24655.45,30,2.599999999998545,15.350000000002183,-0.2000000000007276,-1.7000000000007276,False,False,-0.07692307692339982
NIFTY:2024-07-16,2024-07-16,NIFTY,compression_expansion_up,2024-07-16T13:13:00+05:30,2024-07-16T13:13:00+05:30,UP,{},"{'source_path': '/Users/madhuram/tradebot-structural-edge-discovery-v3/runtime/upstox_candidate_replay.zip!upstox_candidate_replay/20240716/underlying/NIFTY_20240716.parquet', 'source_hash': '4357f109ed631802b3774c34db9c318f71742f8e99de307408af71bf00810707'}",{'completed_bar_only': True},"{'buy_ce_allowed': True, 'buy_pe_allowed': False, 'research_only': True}",539851a503b5c3189f0d3fb446a47918ac8b72c971579aee9588d164bd6486c8,24649.25,2024-07-16 13:12:00+05:30,237,0.0022714008870055205,50.29999999999927,0.0,112.29999999999927,5.55,5.466666666666909,0.00011526900892742001,5.400000000000156,7.666176470585924,12.0,49.5,0.6196319018402909,0.3312883435583123,0.04907975460139678,0,2,0.00022926845103810045,8.150000000001455,5.049999999999272,0.0,2024-07-16T13:13:00+05:30,24649.75,30,5.150000000001455,39.0,-29.700000000000728,-31.200000000000728,False,False,-5.766990291260647
NIFTY:2024-07-16,2024-07-16,NIFTY,compression_expansion_up,2024-07-16T13:55:00+05:30,2024-07-16T13:55:00+05:30,UP,{},"{'source_path': '/Users/madhuram/tradebot-structural-edge-discovery-v3/runtime/upstox_candidate_replay.zip!upstox_candidate_replay/20240716/underlying/NIFTY_20240716.parquet', 'source_hash': '4357f109ed631802b3774c34db9c318f71742f8e99de307408af71bf00810707'}",{'completed_bar_only': True},"{'buy_ce_allowed': True, 'buy_pe_allowed': False, 'research_only': True}",8e8b8d7f755a7397f2ed85c7f2e1b4e510ed52e58020b5b60ed51e24fd48e316,24634.3,2024-07-16 13:54:00+05:30,279,0.0014498736190106884,50.29999999999927,0.0,112.29999999999927,6.490000000000146,5.646666666666473,0.00016437882732577122,5.678571428571169,-5.783571428572031,26.950000000000728,34.54999999999927,0.949308755760429,0.0,0.050691244239571075,0,2,0.00044469984790862505,10.849999999998545,10.299999999999272,0.0,2024-07-16T13:55:00+05:30,24633.7,30,0.7999999999992724,30.25,-21.5,-23.0,False,False,-26.875000000024443
NIFTY:2024-07-18,2024-07-18,NIFTY,compression_expansion_up,2024-07-18T09:42:00+05:30,2024-07-18T09:42:00+05:30,UP,{},"{'source_path': '/Users/madhuram/tradebot-structural-edge-discovery-v3/runtime/upstox_candidate_replay.zip!upstox_candidate_replay/20240718/underlying/NIFTY_20240718.parquet', 'source_hash': '4357f109ed631802b3774c34db9c318f71742f8e99de307408af71bf00810707'}",{'completed_bar_only': True},"{'buy_ce_allowed': True, 'buy_pe_allowed': False, 'research_only': True}",1b54d4edc8b4bf3e4173df720203f34855271ae587720bd43101509362b32ae3,24564.65,2024-07-18 09:41:00+05:30,26,-0.002944990264662844,51.650000000001455,0.0,73.59999999999854,15.149999999999272,13.32666666666652,0.0004639498814015394,13.264285714285506,21.262962962966412,21.299999999999272,49.55000000000291,0.9849521203829585,0.0,0.015047879617041493,0,1,0.00147992017400278,36.55000000000291,36.0,0.0,2024-07-18T09:42:00+05:30,24564.05,30,114.85000000000218,17.25,93.29999999999927,91.79999999999927,True,True,0.8123639529821288
NIFTY:2024-07-18,2024-07-18,NIFTY,compression_expansion_up,2024-07-18T10:11:00+05:30,2024-07-18T10:11:00+05:30,UP,{},"{'source_path': '/Users/madhuram/tradebot-structural-edge-discovery-v3/runtime/upstox_candidate_replay.zip!upstox_candidate_replay/20240718/underlying/NIFTY_20240718.parquet', 'source_hash': '4357f109ed631802b3774c34db9c318f71742f8e99de307408af71bf00810707'}",{'completed_bar_only': True},"{'buy_ce_allowed': True, 'buy_pe_allowed': False, 'research_only': True}",e506d6b8d15e14d4fdfc0d2bde09e97d49e38d77b80baea9b74919ded140ab79,24665.55,2024-07-18 10:10:00+05:30,55,0.0014999329298284003,51.650000000001455,0.0,73.59999999999854,11.75,10.056666666667054,0.00034895529035861294,10.189285714286077,77.64642857142462,3.350000000002183,150.45000000000073,0.8858520900320688,0.10771704180070571,0.006430868167225517,0,4,0.0011100648586341855,31.100000000002183,27.549999999999272,0.0,2024-07-18T10:11:00+05:30,24667.8,30,11.100000000002183,48.5,-35.0,-36.5,False,False,-3.153153153152533
NIFTY:2024-07-18,2024-07-18,NIFTY,compression_expansion_up,2024-07-18T10:39:00+05:30,2024-07-18T10:39:00+05:30,UP,{},"{'source_path': '/Users/madhuram/tradebot-structural-edge-discovery-v3/runtime/upstox_candidate_replay.zip!upstox_candidate_replay/20240718/underlying/NIFTY_20240718.parquet', 'source_hash': '4357f109ed631802b3774c34db9c318f71742f8e99de307408af71bf00810707'}",{'completed_bar_only': True},"{'buy_ce_allowed': True, 'buy_pe_allowed': False, 'research_only': True}",f1a08747d44c9a139a68e4cb0e982e2c9e673b48e089a734bc9e70750841b348,24634.9,2024-07-18 10:38:00+05:30,83,0.001256041396522979,51.650000000001455,0.0,73.59999999999854,9.120000000000436,8.210000000000582,0.00015744117799264154,8.310714285714962,28.400595238097594,44.0,119.80000000000291,0.18181818181826476,0.021943573667619364,0.7962382445141158,0,5,5.8863050039770215e-05,15.950000000000728,2.900000000001455,0.0,2024-07-18T10:39:00+05:30,24633.55,30,22.350000000002183,53.14999999999782,-37.14999999999782,-38.64999999999782,False,False,-1.662192393735758
NIFTY:2024-07-18,2024-07-18,NIFTY,compression_expansion_up,2024-07-18T10:58:00+05:30,2024-07-18T10:58:00+05:30,UP,{},"{'source_path': '/Users/madhuram/tradebot-structural-edge-discovery-v3/runtime/upstox_candidate_replay.zip!upstox_candidate_replay/20240718/underlying/NIFTY_20240718.parquet', 'source_hash': '4357f109ed631802b3774c34db9c318f71742f8e99de307408af71bf00810707'}",{'completed_bar_only': True},"{'buy_ce_allowed': True, 'buy_pe_allowed': False, 'research_only': True}",d6954ab1105d1be239b195c322e7ceba22b0c4154c426689817fd9b0627375ef,24622.05,2024-07-18 10:57:00+05:30,102,0.0005020100727204142,51.650000000001455,0.0,73.59999999999854,7.929999999999564,10.090000000000389,0.00033412293102791173,9.235714285714494,11.738349514562287,56.85000000000218,106.95000000000073,0.5810810810808685,0.32770270270278573,0.09121621621634576,4,5,0.000404272695137875,14.80000000000291,8.599999999998545,0.0,2024-07-18T10:58:00+05:30,24622.05,30,1.7999999999992724,93.39999999999782,-67.20000000000073,-68.70000000000073,False,False,-37.333333333348826
NIFTY:2024-07-18,2024-07-18,NIFTY,compression_expansion_up,2024-07-18T12:00:00+05:30,2024-07-18T12:00:00+05:30,UP,{},"{'source_path': '/Users/madhuram/tradebot-structural-edge-discovery-v3/runtime/upstox_candidate_replay.zip!upstox_candidate_replay/20240718/underlying/NIFTY_20240718.parquet', 'source_hash': '4357f109ed631802b3774c34db9c318f71742f8e99de307408af71bf00810707'}",{'completed_bar_only': True},"{'buy_ce_allowed': True, 'buy_pe_allowed': False, 'research_only': True}",4e2c194fa3219858178de6f5dab985bf645ab4bf744fd847ed4e5a593f459e96,24553.2,2024-07-18 11:59:00+05:30,164,-0.0023230668547340495,51.650000000001455,0.0,73.59999999999854,6.210000000000582,6.906666666667054,0.00014140875082621222,6.703571428571844,-36.16939393939538,125.70000000000073,48.75,0.9203980099503154,0.024875621890549066,0.05472636815913554,10,5,0.00037891288670510725,10.049999999999272,9.25,0.0,2024-07-18T12:00:00+05:30,24553.0,30,88.34999999999854,11.549999999999272,61.599999999998545,60.099999999998545,True,True,0.6972269383135208
NIFTY:2024-07-18,2024-07-18,NIFTY,compression_expansion_up,2024-07-18T12:01:00+05:30,2024-07-18T12:01:00+05:30,UP,{},"{'source_path': '/Users/madhuram/tradebot-structural-edge-discovery-v3/runtime/upstox_candidate_replay.zip!upstox_candidate_replay/20240718/underlying/NIFTY_20240718.parquet', 'source_hash': '4357f109ed631802b3774c34db9c318f71742f8e99de307408af71bf00810707'}",{'completed_bar_only': True},"{'buy_ce_allowed': True, 'buy_pe_allowed': False, 'research_only': True}",730aa41aee7762d63e4eed09a2dfcbf792129c0527cb9261cd5a569f0c92fe15,24564.3,2024-07-18 12:00:00+05:30,165,-0.001955197125331735,51.650000000001455,0.0,73.59999999999854,8.609999999999854,7.400000000000243,0.00017559468166673253,7.307142857143065,-24.918373493976105,114.60000000000218,59.849999999998545,0.6588921282799248,0.24781341107874874,0.09329446064132645,0,5,0.00045207956600346044,17.149999999997817,11.299999999999272,0.0,2024-07-18T12:01:00+05:30,24563.4,30,77.94999999999709,21.950000000000728,58.19999999999709,56.69999999999709,True,True,0.7466324567030053
NIFTY:2024-07-18,2024-07-18,NIFTY,compression_expansion_up,2024-07-18T12:13:00+05:30,2024-07-18T12:13:00+05:30,UP,{},"{'source_path': '/Users/madhuram/tradebot-structural-edge-discovery-v3/runtime/upstox_candidate_replay.zip!upstox_candidate_replay/20240718/underlying/NIFTY_20240718.parquet', 'source_hash': '4357f109ed631802b3774c34db9c318f71742f8e99de307408af71bf00810707'}",{'completed_bar_only': True},"{'buy_ce_allowed': True, 'buy_pe_allowed': False, 'research_only': True}",ef37b8204052ceefac93b68c3772ff6da5b07af2f53008c443ba2adec05ab83d,24601.5,2024-07-18 12:12:00+05:30,177,-0.001589359825373603,51.650000000001455,0.0,73.59999999999854,14.38000000000029,10.880000000000049,0.00045701233883403767,11.33214285714296,14.311235955057782,77.40000000000146,97.04999999999927,0.9438470728793638,0.032258064516095385,0.023894862604540854,0,5,0.0016163310506558393,41.849999999998545,39.5,0.0,2024-07-18T12:13:00+05:30,24602.85,30,38.5,12.149999999997817,28.80000000000291,27.30000000000291,True,True,0.7480519480520237
NIFTY:2024-07-18,2024-07-18,NIFTY,compression_expansion_up,2024-07-18T12:28:00+05:30,2024-07-18T12:28:00+05:30,UP,{},"{'source_path': '/Users/madhuram/tradebot-structural-edge-discovery-v3/runtime/upstox_candidate_replay.zip!upstox_candidate_replay/20240718/underlying/NIFTY_20240718.parquet', 'source_hash': '4357f109ed631802b3774c34db9c318f71742f8e99de307408af71bf00810707'}",{'completed_bar_only': True},"{'buy_ce_allowed': True, 'buy_pe_allowed': False, 'research_only': True}",dc5e53540a1de1f44718a31b1615d00ea3d27816e7064d134d1cb0862afee90a,24635.05,2024-07-18 12:27:00+05:30,192,0.0010629605993228537,51.650000000001455,0.0,73.59999999999854,10.36999999999971,11.083333333332606,0.0002648376381716289,10.685714285713662,45.71217616580179,43.85000000000218,130.59999999999854,0.4874999999999545,0.375,0.13750000000004547,7,5,0.0003715600242020223,16.0,7.799999999999272,0.0,2024-07-18T12:28:00+05:30,24634.15,30,14.299999999999272,24.150000000001455,-7.450000000000728,-8.950000000000728,False,False,-0.5209790209790983
NIFTY:2024-07-19,2024-07-19,NIFTY,compression_expansion_up,2024-07-19T09:41:00+05:30,2024-07-19T09:41:00+05:30,UP,{},"{'source_path': '/Users/madhuram/tradebot-structural-edge-discovery-v3/runtime/upstox_candidate_replay.zip!upstox_candidate_replay/20240719/underlying/NIFTY_20240719.parquet', 'source_hash': '4357f109ed631802b3774c34db9c318f71742f8e99de307408af71bf00810707'}",{'completed_bar_only': True},"{'buy_ce_allowed': True, 'buy_pe_allowed': False, 'research_only': True}",fd5a31194f4b96f2bf7853ea5233d5d9a1135bdb492917f275e3dd169d50b55d,24750.15,2024-07-19 09:40:00+05:30,25,-0.0012106855103140317,127.04999999999927,0.0,333.2999999999993,9.200000000000728,9.710000000000097,0.0002501330961718685,9.38571428571439,-1.9576923076929234,104.64999999999782,22.400000000001455,0.043478260869719954,0.8885869565215898,0.06793478260869028,21,0,2.8283456804167884e-05,18.400000000001455,0.8000000000029104,0.0,2024-07-19T09:41:00+05:30,24748.5,30,11.700000000000728,61.95000000000073,-57.349999999998545,-58.849999999998545,False,False,-4.901709401708972
NIFTY:2024-07-19,2024-07-19,NIFTY,compression_expansion_up,2024-07-19T10:09:00+05:30,2024-07-19T10:09:00+05:30,UP,{},"{'source_path': '/Users/madhuram/tradebot-structural-edge-discovery-v3/runtime/upstox_candidate_replay.zip!upstox_candidate_replay/20240719/underlying/NIFTY_20240719.parquet', 'source_hash': '4357f109ed631802b3774c34db9c318f71742f8e99de307408af71bf00810707'}",{'completed_bar_only': True},"{'buy_ce_allowed': True, 'buy_pe_allowed': False, 'research_only': True}",3e73dfc1da9ebdb8f2e1f0eb5ad832aecbba6ee990959f82923cd553ea2aa983,24711.7,2024-07-19 10:08:00+05:30,53,-0.0033253495349957855,127.04999999999927,0.0,333.2999999999993,12.21999999999971,11.439999999999904,0.00032190683968612484,11.460714285714078,-25.070370370372984,143.09999999999854,24.299999999999272,0.6689342403628339,0.3310657596371661,0.0,0,0,0.000591162525154898,22.049999999999272,14.75,0.0,2024-07-19T10:09:00+05:30,24711.8,30,13.900000000001455,33.39999999999782,-24.049999999999272,-25.549999999999272,False,False,-1.730215827337896
NIFTY:2024-07-19,2024-07-19,NIFTY,compression_expansion_up,2024-07-19T11:09:00+05:30,2024-07-19T11:09:00+05:30,UP,{},"{'source_path': '/Users/madhuram/tradebot-structural-edge-discovery-v3/runtime/upstox_candidate_replay.zip!upstox_candidate_replay/20240719/underlying/NIFTY_20240719.parquet', 'source_hash': '4357f109ed631802b3774c34db9c318f71742f8e99de307408af71bf00810707'}",{'completed_bar_only': True},"{'buy_ce_allowed': True, 'buy_pe_allowed': False, 'research_only': True}",9279d1612c6bb1039096df6ebb269556e0080e430412be46613fb21039c500d9,24670.55,2024-07-19 11:08:00+05:30,113,-0.004846777659623782,127.04999999999927,0.0,333.2999999999993,9.480000000001018,9.239999999999903,0.00024690133392830325,9.164285714285663,-40.3807017543877,184.25,26.599999999998545,0.8370370370369832,0.12222222222233002,0.04074074074068684,0,0,0.0004359321648998993,13.5,11.299999999999272,0.0,2024-07-19T11:09:00+05:30,24669.15,30,6.099999999998545,28.75,-17.25,-18.75,False,False,-2.827868852459691
NIFTY:2024-07-19,2024-07-19,NIFTY,compression_expansion_up,2024-07-19T11:24:00+05:30,2024-07-19T11:24:00+05:30,UP,{},"{'source_path': '/Users/madhuram/tradebot-structural-edge-discovery-v3/runtime/upstox_candidate_replay.zip!upstox_candidate_replay/20240719/underlying/NIFTY_20240719.parquet', 'source_hash': '4357f109ed631802b3774c34db9c318f71742f8e99de307408af71bf00810707'}",{'completed_bar_only': True},"{'buy_ce_allowed': True, 'buy_pe_allowed': False, 'research_only': True}",fbf85000534b5f3321096455062e59a0fd1948a936feb2d4fd209ac0597c5385,24660.4,2024-07-19 11:23:00+05:30,128,-0.005371408047426528,127.04999999999927,0.0,333.2999999999993,10.180000000000291,8.453333333333527,0.00024141821067596295,8.421428571428676,-44.46976744186031,194.39999999999782,20.0,0.8323529411765562,0.10588235294113367,0.061764705882310145,0,0,0.000602542852563781,17.0,14.150000000001455,0.0,2024-07-19T11:24:00+05:30,24660.1,30,15.150000000001455,38.25,-28.799999999999272,-30.299999999999272,False,False,-1.9009900990096704
NIFTY:2024-07-19,2024-07-19,NIFTY,compression_expansion_up,2024-07-19T11:32:00+05:30,2024-07-19T11:32:00+05:30,UP,{},"{'source_path': '/Users/madhuram/tradebot-structural-edge-discovery-v3/runtime/upstox_candidate_replay.zip!upstox_candidate_replay/20240719/underlying/NIFTY_20240719.parquet', 'source_hash': '4357f109ed631802b3774c34db9c318f71742f8e99de307408af71bf00810707'}",{'completed_bar_only': True},"{'buy_ce_allowed': True, 'buy_pe_allowed': False, 'research_only': True}",ea952bbcea684f93470dab46edc734a27457fd27f3f22759a0e50c0feb16bdea,24668.2,2024-07-19 11:31:00+05:30,136,-0.004953721546368246,127.04999999999927,0.0,333.2999999999993,7.769999999999709,8.220000000000194,0.0002646727819485099,8.28214285714291,-34.01897810218725,186.59999999999854,27.799999999999272,0.9280000000001746,0.07199999999982537,0.0,4,0,0.0004866930021658611,12.5,11.600000000002183,0.0,2024-07-19T11:32:00+05:30,24667.6,30,7.650000000001455,45.75,-26.94999999999709,-28.44999999999709,False,False,-3.5228758169924137
NIFTY:2024-07-19,2024-07-19,NIFTY,compression_expansion_up,2024-07-19T13:36:00+05:30,2024-07-19T13:36:00+05:30,UP,{},"{'source_path': '/Users/madhuram/tradebot-structural-edge-discovery-v3/runtime/upstox_candidate_replay.zip!upstox_candidate_replay/20240719/underlying/NIFTY_20240719.parquet', 'source_hash': '4357f109ed631802b3774c34db9c318f71742f8e99de307408af71bf00810707'}",{'completed_bar_only': True},"{'buy_ce_allowed': True, 'buy_pe_allowed': False, 'research_only': True}",34f4d3e9446738a4394fab2c2da4ad9d59282f44c93c6a4b2ccec36c1ee36f42,24643.85,2024-07-19 13:35:00+05:30,260,-0.005932359000538756,127.04999999999927,0.0,333.2999999999993,8.390000000000873,8.506666666667297,0.00021222131775584837,8.617857142857767,-25.446360153255227,210.95000000000073,53.75,0.92,0.06,0.02,11,0,0.0003917318199899711,12.5,11.5,0.0,2024-07-19T13:36:00+05:30,24642.8,30,3.350000000002183,42.45000000000073,-35.0,-36.5,False,False,-10.447761194023043
NIFTY:2024-07-22,2024-07-22,NIFTY,compression_expansion_up,2024-07-22T10:25:00+05:30,2024-07-22T10:25:00+05:30,UP,{},"{'source_path': '/Users/madhuram/tradebot-structural-edge-discovery-v3/runtime/upstox_candidate_replay.zip!upstox_candidate_replay/20240722/underlying/NIFTY_20240722.parquet', 'source_hash': '4357f109ed631802b3774c34db9c318f71742f8e99de307408af71bf00810707'}",{'completed_bar_only': True},"{'buy_ce_allowed': True, 'buy_pe_allowed': False, 'research_only': True}",481d20bdc88eb7b8fb50bc37e1d4de88a48ddc52ef34c63cd3f7854b40710d77,24574.6,2024-07-22 10:24:00+05:30,69,0.0013862924220771147,107.15000000000146,0.0,346.6499999999978,8.399999999999272,8.643333333333187,0.0001906055496450626,8.439285714285559,75.17499999999927,0.0,212.29999999999927,0.960912052117355,0.0,0.03908794788264506,17,15,0.0005842774401725315,15.349999999998545,14.75,0.0,2024-07-22T10:25:00+05:30,24575.0,30,20.200000000000728,23.599999999998545,-3.5499999999992724,-5.049999999999272,False,False,-0.1757425742573834
NIFTY:2024-07-22,2024-07-22,NIFTY,compression_expansion_up,2024-07-22T10:34:00+05:30,2024-07-22T10:34:00+05:30,UP,{},"{'source_path': '/Users/madhuram/tradebot-structural-edge-discovery-v3/runtime/upstox_candidate_replay.zip!upstox_candidate_replay/20240722/underlying/NIFTY_20240722.parquet', 'source_hash': '4357f109ed631802b3774c34db9c318f71742f8e99de307408af71bf00810707'}",{'completed_bar_only': True},"{'buy_ce_allowed': True, 'buy_pe_allowed': False, 'research_only': True}",cc70564de5c323f64f01edc1ae2daf4590c7f51c7d145f600a78acf83fc78315,24575.2,2024-07-22 10:33:00+05:30,78,0.0014392977205684172,107.15000000000146,0.0,346.6499999999978,7.6299999999988355,8.446666666665987,0.0002743189050562754,8.235714285713714,67.89240506329224,4.200000000000728,212.90000000000146,0.9790940766551008,0.02090592334489915,0.0,5,16,0.000608707158925581,14.349999999998545,14.049999999999272,0.0,2024-07-22T10:34:00+05:30,24573.7,30,21.5,33.650000000001455,-23.0,-24.5,False,False,-1.069767441860465
NIFTY:2024-07-22,2024-07-22,NIFTY,compression_expansion_up,2024-07-22T11:17:00+05:30,2024-07-22T11:17:00+05:30,UP,{},"{'source_path': '/Users/madhuram/tradebot-structural-edge-discovery-v3/runtime/upstox_candidate_replay.zip!upstox_candidate_replay/20240722/underlying/NIFTY_20240722.parquet', 'source_hash': '4357f109ed631802b3774c34db9c318f71742f8e99de307408af71bf00810707'}",{'completed_bar_only': True},"{'buy_ce_allowed': True, 'buy_pe_allowed': False, 'research_only': True}",d4d35706dae9443d171780d3dadb6290db6d2440cb1deb4034d3f0be56ec6b5c,24530.05,2024-07-22 11:16:00+05:30,121,-0.00048112501707379247,107.15000000000146,0.0,346.6499999999978,12.620000000000436,11.606666666667298,0.0003947309577761597,11.700000000000728,3.4540983606530062,65.15000000000146,167.75,0.9356725146199627,0.0,0.06432748538003734,0,17,0.0006241140537839307,17.099999999998545,16.0,0.0,2024-07-22T11:17:00+05:30,24531.15,30,23.75,23.80000000000291,14.94999999999709,13.44999999999709,False,False,0.6294736842104037
NIFTY:2024-07-22,2024-07-22,NIFTY,compression_expansion_up,2024-07-22T11:27:00+05:30,2024-07-22T11:27:00+05:30,UP,{},"{'source_path': '/Users/madhuram/tradebot-structural-edge-discovery-v3/runtime/upstox_candidate_replay.zip!upstox_candidate_replay/20240722/underlying/NIFTY_20240722.parquet', 'source_hash': '4357f109ed631802b3774c34db9c318f71742f8e99de307408af71bf00810707'}",{'completed_bar_only': True},"{'buy_ce_allowed': True, 'buy_pe_allowed': False, 'research_only': True}",415e2112ec217dffaec6d63bc52f82eb9c4259543715573077bb80b948b4392c,24537.55,2024-07-22 11:26:00+05:30,131,0.00017328655275963934,107.15000000000146,0.0,346.6499999999978,9.330000000000291,10.656666666667055,0.00036421341267631386,11.078571428571845,11.292803030301002,57.650000000001455,175.25,0.4641744548287268,0.48286604361372903,0.052959501557544135,6,17,0.00028128076508360245,16.049999999999272,7.450000000000728,0.0,2024-07-22T11:27:00+05:30,24537.95,30,16.950000000000728,17.25,0.8999999999978172,-0.6000000000021828,False,False,0.05309734513261231
NIFTY:2024-07-22,2024-07-22,NIFTY,compression_expansion_up,2024-07-22T11:44:00+05:30,2024-07-22T11:44:00+05:30,UP,{},"{'source_path': '/Users/madhuram/tradebot-structural-edge-discovery-v3/runtime/upstox_candidate_replay.zip!upstox_candidate_replay/20240722/underlying/NIFTY_20240722.parquet', 'source_hash': '4357f109ed631802b3774c34db9c318f71742f8e99de307408af71bf00810707'}",{'completed_bar_only': True},"{'buy_ce_allowed': True, 'buy_pe_allowed': False, 'research_only': True}",8eb19e13f73522571e9254f777001f16c86c2ce85ebe096e3a67e8ff9c85666c,24548.35,2024-07-22 11:43:00+05:30,148,0.000519859658278918,107.15000000000146,0.0,346.6499999999978,7.700000000000728,6.763333333333382,0.0001619276855648396,6.707142857142961,21.054362416107324,46.85000000000218,186.04999999999927,1.0,0.0,0.0,0,17,0.0003993716010113335,9.75,9.75,0.0,2024-07-22T11:44:00+05:30,24547.35,30,7.55000000000291,33.14999999999782,-24.399999999997817,-25.899999999997817,False,False,-3.231788079468664
NIFTY:2024-07-22,2024-07-22,NIFTY,compression_expansion_up,2024-07-22T11:56:00+05:30,2024-07-22T11:56:00+05:30,UP,{},"{'source_path': '/Users/madhuram/tradebot-structural-edge-discovery-v3/runtime/upstox_candidate_replay.zip!upstox_candidate_replay/20240722/underlying/NIFTY_20240722.parquet', 'source_hash': '4357f109ed631802b3774c34db9c318f71742f8e99de307408af71bf00810707'}",{'completed_bar_only': True},"{'buy_ce_allowed': True, 'buy_pe_allowed': False, 'research_only': True}",1b507340ea0a7b7e4665cf8b6efbca24396ddf3c20d5a388a4d48c501509fb3a,24539.7,2024-07-22 11:55:00+05:30,160,0.0002466785045167817,107.15000000000146,0.0,346.6499999999978,7.4,7.0,0.00019993383640029756,7.057142857142805,11.205900621120236,55.5,177.40000000000146,0.5735294117647137,0.15441176470579188,0.2720588235294944,0,17,0.00030979818278908944,13.599999999998545,7.799999999999272,0.0,2024-07-22T11:56:00+05:30,24539.4,30,6.19999999999709,54.0,-52.900000000001455,-54.400000000001455,False,False,-8.532258064520368
NIFTY:2024-07-22,2024-07-22,NIFTY,compression_expansion_up,2024-07-22T12:43:00+05:30,2024-07-22T12:43:00+05:30,UP,{},"{'source_path': '/Users/madhuram/tradebot-structural-edge-discovery-v3/runtime/upstox_candidate_replay.zip!upstox_candidate_replay/20240722/underlying/NIFTY_20240722.parquet', 'source_hash': '4357f109ed631802b3774c34db9c318f71742f8e99de307408af71bf00810707'}",{'completed_bar_only': True},"{'buy_ce_allowed': True, 'buy_pe_allowed': False, 'research_only': True}",b7862279ee0284145d2f7b7a1b6456237022796af2390dd953a74c5a5a1746ad,24481.3,2024-07-22 12:42:00+05:30,207,-0.00231796247632594,107.15000000000146,0.0,346.6499999999978,8.740000000000146,9.180000000000534,0.00027566135723666095,9.357142857143376,-42.752884615383664,113.90000000000146,119.0,0.8338983050846964,0.10508474576266254,0.06101694915264103,7,17,0.00047609998508346685,14.75,12.299999999999272,0.0,2024-07-22T12:43:00+05:30,24480.4,30,31.799999999999272,0.0,4.849999999998545,3.349999999998545,True,True,0.15251572327039797
NIFTY:2024-07-22,2024-07-22,NIFTY,compression_expansion_up,2024-07-22T13:22:00+05:30,2024-07-22T13:22:00+05:30,UP,{},"{'source_path': '/Users/madhuram/tradebot-structural-edge-discovery-v3/runtime/upstox_candidate_replay.zip!upstox_candidate_replay/20240722/underlying/NIFTY_20240722.parquet', 'source_hash': '4357f109ed631802b3774c34db9c318f71742f8e99de307408af71bf00810707'}",{'completed_bar_only': True},"{'buy_ce_allowed': True, 'buy_pe_allowed': False, 'research_only': True}",ca4fa3651d7de8610c3f86fe46233dd725a59373c278e697eeb74618618749ee,24501.8,2024-07-22 13:21:00+05:30,246,-0.0012517405105224525,107.15000000000146,0.0,346.6499999999978,5.890000000000145,6.123333333332994,0.00012753849885002773,6.307142857142545,-17.742307692307804,93.40000000000146,139.5,0.6519607843134649,0.2598039215687516,0.08823529411778343,4,17,0.0002469816192605112,10.200000000000728,6.649999999997817,0.0,2024-07-22T13:22:00+05:30,24500.7,30,35.75,0.0,32.29999999999927,30.799999999999272,True,True,0.9034965034964831
NIFTY:2024-07-23,2024-07-23,NIFTY,compression_expansion_up,2024-07-23T10:34:00+05:30,2024-07-23T10:34:00+05:30,UP,{},"{'source_path': '/Users/madhuram/tradebot-structural-edge-discovery-v3/runtime/upstox_candidate_replay.zip!upstox_candidate_replay/20240723/underlying/NIFTY_20240723.parquet', 'source_hash': '4357f109ed631802b3774c34db9c318f71742f8e99de307408af71bf00810707'}",{'completed_bar_only': True},"{'buy_ce_allowed': True, 'buy_pe_allowed': False, 'research_only': True}",06e9d9ab0aff34eb663c5a7d3d244858776d994350bd4be56c149450cb74962e,24485.9,2024-07-23 10:33:00+05:30,78,-0.0028328554122019067,79.95000000000073,0.0,232.90000000000146,14.0,10.823333333333478,0.00045357367629624603,11.103571428571481,-3.636075949365477,96.64999999999782,62.150000000001455,0.9740740740740921,0.012345679012345678,0.013580246913562282,0,0,0.0016219256532188364,40.5,39.45000000000073,0.0,2024-07-23T10:34:00+05:30,24487.15,30,37.94999999999709,43.35000000000218,21.5,20.0,False,False,0.5665349143610448
NIFTY:2024-07-23,2024-07-23,NIFTY,compression_expansion_up,2024-07-23T11:44:00+05:30,2024-07-23T11:44:00+05:30,UP,{},"{'source_path': '/Users/madhuram/tradebot-structural-edge-discovery-v3/runtime/upstox_candidate_replay.zip!upstox_candidate_replay/20240723/underlying/NIFTY_20240723.parquet', 'source_hash': '4357f109ed631802b3774c34db9c318f71742f8e99de307408af71bf00810707'}",{'completed_bar_only': True},"{'buy_ce_allowed': True, 'buy_pe_allowed': False, 'research_only': True}",bcdc2c6938928ec24fc5b0b40ddbc4ce8acc3b7cc1cbb7e973b9c409a6939463,24487.5,2024-07-23 11:43:00+05:30,148,-0.0016315941898930896,79.95000000000073,0.0,232.90000000000146,15.8,16.053333333333526,0.0003732794043807044,16.53928571428592,-0.44026845637563383,95.04999999999927,107.20000000000073,0.5110132158589503,0.0,0.4889867841410496,4,0,0.0005045934345651037,22.700000000000728,11.599999999998545,0.0,2024-07-23T11:44:00+05:30,24487.45,30,13.099999999998545,57.95000000000073,-18.150000000001455,-19.650000000001455,False,False,-1.385496183206372
NIFTY:2024-07-23,2024-07-23,NIFTY,compression_expansion_up,2024-07-23T12:09:00+05:30,2024-07-23T12:09:00+05:30,UP,{},"{'source_path': '/Users/madhuram/tradebot-structural-edge-discovery-v3/runtime/upstox_candidate_replay.zip!upstox_candidate_replay/20240723/underlying/NIFTY_20240723.parquet', 'source_hash': '4357f109ed631802b3774c34db9c318f71742f8e99de307408af71bf00810707'}",{'completed_bar_only': True},"{'buy_ce_allowed': True, 'buy_pe_allowed': False, 'research_only': True}",251d9eec1346e293c247b9e841097c09ef1cc1c34af38b0147108d6202384518,24486.6,2024-07-23 12:08:00+05:30,173,-0.0025085760669606256,79.95000000000073,0.0,232.90000000000146,19.859999999999854,17.576666666666522,0.0005523100591101809,17.182142857142804,1.8649425287330814,95.95000000000073,106.29999999999927,0.933333333333249,0.06666666666675103,0.0,0,0,0.001419112625194563,34.5,32.19999999999709,0.0,2024-07-23T12:09:00+05:30,24486.25,30,0.0,412.0499999999993,-190.75,-192.25,False,False,0.0
NIFTY:2024-07-23,2024-07-23,NIFTY,compression_expansion_up,2024-07-23T12:35:00+05:30,2024-07-23T12:35:00+05:30,UP,{},"{'source_path': '/Users/madhuram/tradebot-structural-edge-discovery-v3/runtime/upstox_candidate_replay.zip!upstox_candidate_replay/20240723/underlying/NIFTY_20240723.parquet', 'source_hash': '4357f109ed631802b3774c34db9c318f71742f8e99de307408af71bf00810707'}",{'completed_bar_only': True},"{'buy_ce_allowed': True, 'buy_pe_allowed': False, 'research_only': True}",75f942e26cb50d43fdc92731593585c571f828853926ebe635573499f47f1a43,24291.55,2024-07-23 12:34:00+05:30,199,-0.014961718721319751,79.95000000000073,0.0,232.90000000000146,68.03999999999942,66.40999999999961,0.0024769760748167744,66.75357142857085,-168.82900000000154,291.0,217.34999999999854,0.9490339773484254,0.0023317788141384256,0.04863424383743615,0,0,0.005967503815102582,150.10000000000218,142.45000000000073,0.0,2024-07-23T12:35:00+05:30,24285.9,30,109.5,27.75,92.19999999999709,90.69999999999709,True,True,0.8420091324200647
NIFTY:2024-07-23,2024-07-23,NIFTY,compression_expansion_up,2024-07-23T13:29:00+05:30,2024-07-23T13:29:00+05:30,UP,{},"{'source_path': '/Users/madhuram/tradebot-structural-edge-discovery-v3/runtime/upstox_candidate_replay.zip!upstox_candidate_replay/20240723/underlying/NIFTY_20240723.parquet', 'source_hash': '4357f109ed631802b3774c34db9c318f71742f8e99de307408af71bf00810707'}",{'completed_bar_only': True},"{'buy_ce_allowed': True, 'buy_pe_allowed': False, 'research_only': True}",f023ff463cd9b2666cc385138bddc60b59331d54806a93445d2c92cb60c7d5e9,24354.55,2024-07-23 13:28:00+05:30,253,-0.007680729648921839,79.95000000000073,0.0,232.90000000000146,16.920000000000435,20.040000000000873,0.0005681354862529512,19.378571428572418,-78.85905511811143,228.0,280.34999999999854,0.9456140350877448,0.045614035087693766,0.008771929824561403,10,0,0.0011283712403040713,28.5,26.950000000000728,0.0,2024-07-23T13:29:00+05:30,24353.0,30,91.5,42.25,86.59999999999854,85.09999999999854,True,True,0.9464480874316781
NIFTY:2024-07-23,2024-07-23,NIFTY,compression_expansion_up,2024-07-23T13:44:00+05:30,2024-07-23T13:44:00+05:30,UP,{},"{'source_path': '/Users/madhuram/tradebot-structural-edge-discovery-v3/runtime/upstox_candidate_replay.zip!upstox_candidate_replay/20240723/underlying/NIFTY_20240723.parquet', 'source_hash': '4357f109ed631802b3774c34db9c318f71742f8e99de307408af71bf00810707'}",{'completed_bar_only': True},"{'buy_ce_allowed': True, 'buy_pe_allowed': False, 'research_only': True}",a433616a3239bd90dd916cd21717cb457fcc1b3733bcdeedb29d48427d2c1e8e,24346.6,2024-07-23 13:43:00+05:30,268,-0.007625663345012857,79.95000000000073,0.0,232.90000000000146,20.039999999999417,19.78333333333285,0.0005463577727523693,19.13571428571387,-81.18568773234074,235.95000000000073,272.3999999999978,0.6054888507717645,0.15608919382513492,0.23842195540310054,0,0,0.0007193032212453598,29.150000000001455,17.649999999997817,0.0,2024-07-23T13:44:00+05:30,24349.45,30,164.20000000000073,30.5,110.45000000000073,108.95000000000073,True,True,0.6726552984165666
NIFTY:2024-07-23,2024-07-23,NIFTY,compression_expansion_up,2024-07-23T13:53:00+05:30,2024-07-23T13:53:00+05:30,UP,{},"{'source_path': '/Users/madhuram/tradebot-structural-edge-discovery-v3/runtime/upstox_candidate_replay.zip!upstox_candidate_replay/20240723/underlying/NIFTY_20240723.parquet', 'source_hash': '4357f109ed631802b3774c34db9c318f71742f8e99de307408af71bf00810707'}",{'completed_bar_only': True},"{'buy_ce_allowed': True, 'buy_pe_allowed': False, 'research_only': True}",ea03a40eef57ce9ea4631e8ebc857d3d3b47e581a6869a95440a9ebf064522f4,24355.7,2024-07-23 13:52:00+05:30,277,-0.00735441081094322,79.95000000000073,0.0,232.90000000000146,16.26000000000058,18.00999999999961,0.00047834004447373286,17.57142857142831,-69.18273381295148,226.84999999999854,281.5,0.759924385633332,0.020793950850633545,0.2192816635160345,5,0,0.0008136128107034679,26.450000000000728,20.100000000002183,0.0,2024-07-23T13:53:00+05:30,24356.0,30,157.65000000000146,0.9500000000007276,103.70000000000073,102.20000000000073,True,True,0.6577862353314289
NIFTY:2024-07-23,2024-07-23,NIFTY,compression_expansion_up,2024-07-23T13:54:00+05:30,2024-07-23T13:54:00+05:30,UP,{},"{'source_path': '/Users/madhuram/tradebot-structural-edge-discovery-v3/runtime/upstox_candidate_replay.zip!upstox_candidate_replay/20240723/underlying/NIFTY_20240723.parquet', 'source_hash': '4357f109ed631802b3774c34db9c318f71742f8e99de307408af71bf00810707'}",{'completed_bar_only': True},"{'buy_ce_allowed': True, 'buy_pe_allowed': False, 'research_only': True}",619a687b31808979aa0ab865d86eb0a46ac9dcb6da7a723a989b0f4957c736e4,24385.4,2024-07-23 13:53:00+05:30,278,-0.006522297774097685,79.95000000000073,0.0,232.90000000000146,21.040000000000873,18.759999999999856,0.0005608169006032827,18.792857142857038,-39.341218637990096,197.14999999999782,311.2000000000007,0.8305084745762782,0.142655367231612,0.026836158192109844,0,0,0.0012194270745657931,35.400000000001455,29.400000000001455,0.0,2024-07-23T13:54:00+05:30,24384.15,30,129.5,16.75,77.29999999999927,75.79999999999927,True,True,0.5969111969111913
NIFTY:2024-07-24,2024-07-24,NIFTY,compression_expansion_up,2024-07-24T09:54:00+05:30,2024-07-24T09:54:00+05:30,UP,{},"{'source_path': '/Users/madhuram/tradebot-structural-edge-discovery-v3/runtime/upstox_candidate_replay.zip!upstox_candidate_replay/20240724/underlying/NIFTY_20240724.parquet', 'source_hash': '4357f109ed631802b3774c34db9c318f71742f8e99de307408af71bf00810707'}",{'completed_bar_only': True},"{'buy_ce_allowed': True, 'buy_pe_allowed': False, 'research_only': True}",ddbf9c6e2f0c8802ae065fa0ccf57c253f3a085cfc95eca938f15595bfae8cdd,24422.15,2024-07-24 09:53:00+05:30,38,-0.002964079684921104,81.40000000000146,0.0,508.34999999999854,21.410000000000583,20.603333333333044,0.0006631568515307673,19.039285714285402,-17.29871794871724,82.09999999999854,48.70000000000073,0.6140939597316563,0.37583892617440817,0.010067114093935561,0,1,0.0007580833195033332,29.799999999999272,18.30000000000291,0.0,2024-07-24T09:54:00+05:30,24424.5,30,60.849999999998545,10.700000000000728,35.29999999999927,33.79999999999927,True,True,0.5801150369761728
NIFTY:2024-07-24,2024-07-24,NIFTY,compression_expansion_up,2024-07-24T10:17:00+05:30,2024-07-24T10:17:00+05:30,UP,{},"{'source_path': '/Users/madhuram/tradebot-structural-edge-discovery-v3/runtime/upstox_candidate_replay.zip!upstox_candidate_replay/20240724/underlying/NIFTY_20240724.parquet', 'source_hash': '4357f109ed631802b3774c34db9c318f71742f8e99de307408af71bf00810707'}",{'completed_bar_only': True},"{'buy_ce_allowed': True, 'buy_pe_allowed': False, 'research_only': True}",6b976abb96b1c087cca28f1b86545651648b0038e703523b0107534481569781,24474.8,2024-07-24 10:16:00+05:30,61,-0.0011868575444102445,81.40000000000146,0.0,508.34999999999854,13.209999999999855,13.616666666666667,0.00048147978251780646,13.642857142857142,32.00725806451737,29.450000000000728,101.34999999999854,0.9803571428571688,0.0,0.019642857142831156,6,1,0.0010982515916466706,28.0,27.450000000000728,0.0,2024-07-24T10:17:00+05:30,24475.6,30,9.75,78.34999999999854,-35.39999999999782,-36.89999999999782,False,False,-3.630769230769007
NIFTY:2024-07-24,2024-07-24,NIFTY,compression_expansion_up,2024-07-24T10:39:00+05:30,2024-07-24T10:39:00+05:30,UP,{},"{'source_path': '/Users/madhuram/tradebot-structural-edge-discovery-v3/runtime/upstox_candidate_replay.zip!upstox_candidate_replay/20240724/underlying/NIFTY_20240724.parquet', 'source_hash': '4357f109ed631802b3774c34db9c318f71742f8e99de307408af71bf00810707'}",{'completed_bar_only': True},"{'buy_ce_allowed': True, 'buy_pe_allowed': False, 'research_only': True}",2c8da76c9008912716514fda1b44880c5da26fe080d575615be87e6ebffa4d26,24440.8,2024-07-24 10:38:00+05:30,83,-0.0025126244055498357,81.40000000000146,0.0,508.34999999999854,16.090000000000146,15.886666666666134,0.0005421512114937502,16.23928571428535,-1.366071428572468,63.45000000000073,67.34999999999854,0.8093749999999318,0.1437500000000682,0.046875,0,1,0.0010874796481563642,32.0,25.899999999997817,0.0,2024-07-24T10:39:00+05:30,24440.9,30,51.19999999999709,15.150000000001455,10.549999999999272,9.049999999999272,True,True,0.2060546874999975
NIFTY:2024-07-24,2024-07-24,NIFTY,compression_expansion_up,2024-07-24T10:53:00+05:30,2024-07-24T10:53:00+05:30,UP,{},"{'source_path': '/Users/madhuram/tradebot-structural-edge-discovery-v3/runtime/upstox_candidate_replay.zip!upstox_candidate_replay/20240724/underlying/NIFTY_20240724.parquet', 'source_hash': '4357f109ed631802b3774c34db9c318f71742f8e99de307408af71bf00810707'}",{'completed_bar_only': True},"{'buy_ce_allowed': True, 'buy_pe_allowed': False, 'research_only': True}",93eb5feea466029aed0148ebb9422a32512ff1a12215224825489a75280312b9,24458.9,2024-07-24 10:52:00+05:30,97,-0.0014238204964783293,81.40000000000146,0.0,508.34999999999854,14.429999999999563,14.560000000000096,0.00038588117905173056,13.314285714285818,16.560204081637494,45.349999999998545,85.45000000000073,0.8401937046005308,0.050847457627079824,0.10895883777238942,10,1,0.0007262342402054589,20.650000000001455,17.350000000002183,0.0,2024-07-24T10:53:00+05:30,24459.3,30,32.79999999999927,41.14999999999782,-32.79999999999927,-34.29999999999927,False,False,-1.0
NIFTY:2024-07-24,2024-07-24,NIFTY,compression_expansion_up,2024-07-24T10:55:00+05:30,2024-07-24T10:55:00+05:30,UP,{},"{'source_path': '/Users/madhuram/tradebot-structural-edge-discovery-v3/runtime/upstox_candidate_replay.zip!upstox_candidate_replay/20240724/underlying/NIFTY_20240724.parquet', 'source_hash': '4357f109ed631802b3774c34db9c318f71742f8e99de307408af71bf00810707'}",{'completed_bar_only': True},"{'buy_ce_allowed': True, 'buy_pe_allowed': False, 'research_only': True}",e9e1e945c06d4940a07c197169c2c576b5305bfd9955a5517bfa94b9e9e49026,24492.1,2024-07-24 10:54:00+05:30,99,-0.0008477553888643754,81.40000000000146,0.0,508.34999999999854,18.329999999999565,14.566666666666666,0.00047711766756668324,15.089285714285714,49.13799999999537,12.150000000001455,118.64999999999782,0.9430789133246869,0.0,0.056921086675313114,0,1,0.001525262934066074,38.64999999999782,36.44999999999709,0.0,2024-07-24T10:55:00+05:30,24491.45,30,0.0,73.29999999999927,-63.900000000001455,-65.40000000000146,False,False,0.0
NIFTY:2024-07-24,2024-07-24,NIFTY,compression_expansion_up,2024-07-24T11:52:00+05:30,2024-07-24T11:52:00+05:30,UP,{},"{'source_path': '/Users/madhuram/tradebot-structural-edge-discovery-v3/runtime/upstox_candidate_replay.zip!upstox_candidate_replay/20240724/underlying/NIFTY_20240724.parquet', 'source_hash': '4357f109ed631802b3774c34db9c318f71742f8e99de307408af71bf00810707'}",{'completed_bar_only': True},"{'buy_ce_allowed': True, 'buy_pe_allowed': False, 'research_only': True}",6c161c0056d94132ea87a408df89a8abbab2010e79aa4296068b3d7958de8138,24419.3,2024-07-24 11:51:00+05:30,156,-0.0029620369008514324,81.40000000000146,0.0,508.34999999999854,11.049999999998544,13.106666666666326,0.00045656601431431925,13.149999999999636,-20.27961783439605,84.95000000000073,45.849999999998545,0.8213333333332169,0.10933333333329452,0.06933333333348855,5,1,0.000600295435500886,18.75,15.399999999997817,0.0,2024-07-24T11:52:00+05:30,24418.65,30,2.399999999997817,111.40000000000146,-93.15000000000146,-94.65000000000146,False,False,-38.812500000035904
NIFTY:2024-07-24,2024-07-24,NIFTY,compression_expansion_up,2024-07-24T13:01:00+05:30,2024-07-24T13:01:00+05:30,UP,{},"{'source_path': '/Users/madhuram/tradebot-structural-edge-discovery-v3/runtime/upstox_candidate_replay.zip!upstox_candidate_replay/20240724/underlying/NIFTY_20240724.parquet', 'source_hash': '4357f109ed631802b3774c34db9c318f71742f8e99de307408af71bf00810707'}",{'completed_bar_only': True},"{'buy_ce_allowed': True, 'buy_pe_allowed': False, 'research_only': True}",b108bcafe92ab76109ddc2cca20258ab7ecdf4fdd09ca9a3ce81ef5781c04164,24352.25,2024-07-24 13:00:00+05:30,225,-0.00557475772580938,81.40000000000146,0.0,508.34999999999854,9.440000000000145,8.859999999999854,0.00023271769315789446,8.957142857142701,-61.57522123893796,152.0,45.0,0.7500000000000555,0.17378048780481245,0.0762195121951321,0,1,0.000527950565749391,16.399999999997817,12.299999999999272,0.0,2024-07-24T13:01:00+05:30,24351.15,30,13.299999999999272,21.5,-7.100000000002183,-8.600000000002183,False,False,-0.5338345864663587
NIFTY:2024-07-24,2024-07-24,NIFTY,compression_expansion_up,2024-07-24T14:18:00+05:30,2024-07-24T14:18:00+05:30,UP,{},"{'source_path': '/Users/madhuram/tradebot-structural-edge-discovery-v3/runtime/upstox_candidate_replay.zip!upstox_candidate_replay/20240724/underlying/NIFTY_20240724.parquet', 'source_hash': '4357f109ed631802b3774c34db9c318f71742f8e99de307408af71bf00810707'}",{'completed_bar_only': True},"{'buy_ce_allowed': True, 'buy_pe_allowed': False, 'research_only': True}",fcf7ab35accb10158ae3414213493eb4378823245bcb6f568a1336696605ced8,24340.6,2024-07-24 14:17:00+05:30,302,-0.005789250053112415,81.40000000000146,0.0,508.34999999999854,9.96999999999971,9.609999999999854,0.00023326709367525516,9.59285714285709,-54.926897689772886,163.65000000000146,33.349999999998545,0.3676012461057997,0.37071651090348895,0.2616822429907114,0,1,0.0002876680803498566,16.049999999999272,5.899999999997817,0.0,2024-07-24T14:18:00+05:30,24342.4,30,111.54999999999927,20.150000000001455,101.25,99.75,True,True,0.9076647243388675
NIFTY:2024-07-25,2024-07-25,NIFTY,compression_expansion_up,2024-07-25T09:39:00+05:30,2024-07-25T09:39:00+05:30,UP,{},"{'source_path': '/Users/madhuram/tradebot-structural-edge-discovery-v3/runtime/upstox_candidate_replay.zip!upstox_candidate_replay/20240725/underlying/NIFTY_20240725.parquet', 'source_hash': '4357f109ed631802b3774c34db9c318f71742f8e99de307408af71bf00810707'}",{'completed_bar_only': True},"{'buy_ce_allowed': True, 'buy_pe_allowed': False, 'research_only': True}",22c66363d7c8a2f154d0e00412c7035206016cad9e728735fda6ab8b24040ba6,24281.0,2024-07-25 09:38:00+05:30,23,-0.0073889509408025635,65.65000000000146,0.0,197.0,16.43000000000029,15.316666666667151,0.00033451558965033644,14.846428571428987,32.8125,3.2000000000007276,70.20000000000073,0.8225469728601307,0.13361169102299084,0.043841336116878515,0,0,0.0008553085809090977,23.950000000000728,19.700000000000728,0.0,2024-07-25T09:39:00+05:30,24281.7,30,21.299999999999272,36.54999999999927,12.599999999998545,11.099999999998545,False,False,0.5915492957745998
NIFTY:2024-07-25,2024-07-25,NIFTY,compression_expansion_up,2024-07-25T09:58:00+05:30,2024-07-25T09:58:00+05:30,UP,{},"{'source_path': '/Users/madhuram/tradebot-structural-edge-discovery-v3/runtime/upstox_candidate_replay.zip!upstox_candidate_replay/20240725/underlying/NIFTY_20240725.parquet', 'source_hash': '4357f109ed631802b3774c34db9c318f71742f8e99de307408af71bf00810707'}",{'completed_bar_only': True},"{'buy_ce_allowed': True, 'buy_pe_allowed': False, 'research_only': True}",d3a41979f67cde0c200d45b7cbe634771cd2a809c7db9bb314b8e4b451451f84,24274.35,2024-07-25 09:57:00+05:30,42,-0.007125059835773874,65.65000000000146,0.0,197.0,13.55,13.41666666666691,0.000497180966855174,13.392857142857403,15.338372093021462,25.75,63.54999999999927,0.31730769230763345,0.6201923076923993,0.06249999999996721,0,1,0.0003399804665769057,20.799999999999272,6.599999999998545,0.0,2024-07-25T09:58:00+05:30,24274.25,30,33.650000000001455,6.549999999999272,4.349999999998545,2.849999999998545,True,True,0.1292719167904415
NIFTY:2024-07-25,2024-07-25,NIFTY,compression_expansion_up,2024-07-25T10:16:00+05:30,2024-07-25T10:16:00+05:30,UP,{},"{'source_path': '/Users/madhuram/tradebot-structural-edge-discovery-v3/runtime/upstox_candidate_replay.zip!upstox_candidate_replay/20240725/underlying/NIFTY_20240725.parquet', 'source_hash': '4357f109ed631802b3774c34db9c318f71742f8e99de307408af71bf00810707'}",{'completed_bar_only': True},"{'buy_ce_allowed': True, 'buy_pe_allowed': False, 'research_only': True}",5ca65125466a23b7694e97792011ea9c3dbe085d9470b4df50dcac0fb3953743,24300.35,2024-07-25 10:15:00+05:30,60,-0.006018353728638206,65.65000000000146,0.0,197.0,8.580000000000291,9.596666666666716,0.000262329234334831,9.75000000000026,32.15737704917774,3.650000000001455,89.54999999999927,0.4080882352941078,0.2683823529413122,0.32352941176458,8,3,0.00022226841380601492,13.599999999998545,5.549999999999272,0.0,2024-07-25T10:16:00+05:30,24301.2,30,26.0,30.350000000002183,12.950000000000728,11.450000000000728,False,False,0.49807692307695106
NIFTY:2024-07-25,2024-07-25,NIFTY,compression_expansion_up,2024-07-25T10:32:00+05:30,2024-07-25T10:32:00+05:30,UP,{},"{'source_path': '/Users/madhuram/tradebot-structural-edge-discovery-v3/runtime/upstox_candidate_replay.zip!upstox_candidate_replay/20240725/underlying/NIFTY_20240725.parquet', 'source_hash': '4357f109ed631802b3774c34db9c318f71742f8e99de307408af71bf00810707'}",{'completed_bar_only': True},"{'buy_ce_allowed': True, 'buy_pe_allowed': False, 'research_only': True}",3d3d396451395862c811d39187f7b24d88a61c22b10aa01786b028e4bbb685f4,24302.75,2024-07-25 10:31:00+05:30,76,-0.00649703991915534,65.65000000000146,0.0,197.0,9.420000000000437,9.150000000000485,0.00029298787013873855,8.642857142857663,31.36103896104032,5.150000000001455,91.95000000000073,0.8713968957870918,0.12860310421290824,0.0,0,4,0.0007659316879526923,22.55000000000291,19.650000000001455,0.0,2024-07-25T10:32:00+05:30,24303.6,30,28.850000000002183,5.44999999999709,15.100000000002183,13.600000000002183,True,True,0.5233968804159806
NIFTY:2024-07-25,2024-07-25,NIFTY,compression_expansion_up,2024-07-25T10:57:00+05:30,2024-07-25T10:57:00+05:30,UP,{},"{'source_path': '/Users/madhuram/tradebot-structural-edge-discovery-v3/runtime/upstox_candidate_replay.zip!upstox_candidate_replay/20240725/underlying/NIFTY_20240725.parquet', 'source_hash': '4357f109ed631802b3774c34db9c318f71742f8e99de307408af71bf00810707'}",{'completed_bar_only': True},"{'buy_ce_allowed': True, 'buy_pe_allowed': False, 'research_only': True}",93cb535cfcdd67b425d8d9d66012ddeafd4f83030a534c16da8ae17927f26e5f,24321.25,2024-07-25 10:56:00+05:30,101,-0.0051796300614928535,65.65000000000146,0.0,197.0,7.2,6.49333333333343,0.0001588891663743764,6.407142857142909,40.12990196078317,5.950000000000728,110.45000000000073,0.6329787234042348,0.26063829787237747,0.10638297872338778,0,4,0.00024470189551428767,9.400000000001455,5.950000000000728,0.0,2024-07-25T10:57:00+05:30,24320.75,30,11.700000000000728,25.650000000001455,7.200000000000728,5.700000000000728,False,False,0.6153846153846393
NIFTY:2024-07-25,2024-07-25,NIFTY,compression_expansion_up,2024-07-25T11:35:00+05:30,2024-07-25T11:35:00+05:30,UP,{},"{'source_path': '/Users/madhuram/tradebot-structural-edge-discovery-v3/runtime/upstox_candidate_replay.zip!upstox_candidate_replay/20240725/underlying/NIFTY_20240725.parquet', 'source_hash': '4357f109ed631802b3774c34db9c318f71742f8e99de307408af71bf00810707'}",{'completed_bar_only': True},"{'buy_ce_allowed': True, 'buy_pe_allowed': False, 'research_only': True}",e1f014427c299cf0bf32fa37f4a8563f7edabd672f46df65f430c5bf6a48af7d,24331.8,2024-07-25 11:34:00+05:30,139,-0.0046007061644144165,65.65000000000146,0.0,197.0,5.68999999999869,6.716666666665697,0.00012859378594938883,6.210714285713299,39.68035714285725,9.25,121.0,0.1828793774318141,0.7198443579767352,0.09727626459145071,11,8,0.00012331064417470117,12.849999999998545,2.349999999998545,0.0,2024-07-25T11:35:00+05:30,24332.45,30,34.04999999999927,3.900000000001455,28.700000000000728,27.200000000000728,True,True,0.8428781204111995
NIFTY:2024-07-25,2024-07-25,NIFTY,compression_expansion_up,2024-07-25T11:50:00+05:30,2024-07-25T11:50:00+05:30,UP,{},"{'source_path': '/Users/madhuram/tradebot-structural-edge-discovery-v3/runtime/upstox_candidate_replay.zip!upstox_candidate_replay/20240725/underlying/NIFTY_20240725.parquet', 'source_hash': '4357f109ed631802b3774c34db9c318f71742f8e99de307408af71bf00810707'}",{'completed_bar_only': True},"{'buy_ce_allowed': True, 'buy_pe_allowed': False, 'research_only': True}",c0c9ce7455770f238f21f8cbac51cb51786e250c43411e780e229254d23a26ce,24351.4,2024-07-25 11:49:00+05:30,154,-0.003966549245353296,65.65000000000146,0.0,197.0,6.5900000000001455,7.293333333333431,0.00017757862018407116,7.210714285714338,54.63129032258439,3.349999999998545,140.60000000000218,0.5972222222223298,0.3101851851850713,0.09259259259259883,5,10,0.00023412758721264026,10.799999999999272,6.450000000000728,0.0,2024-07-25T11:50:00+05:30,24351.95,30,26.450000000000728,9.799999999999272,23.049999999999272,21.549999999999272,True,True,0.8714555765594948
NIFTY:2024-07-25,2024-07-25,NIFTY,compression_expansion_up,2024-07-25T12:14:00+05:30,2024-07-25T12:14:00+05:30,UP,{},"{'source_path': '/Users/madhuram/tradebot-structural-edge-discovery-v3/runtime/upstox_candidate_replay.zip!upstox_candidate_replay/20240725/underlying/NIFTY_20240725.parquet', 'source_hash': '4357f109ed631802b3774c34db9c318f71742f8e99de307408af71bf00810707'}",{'completed_bar_only': True},"{'buy_ce_allowed': True, 'buy_pe_allowed': False, 'research_only': True}",2eb50629e5ab7f33abe8acb2e049ddc85840ba4966db9cdeac2cdf5c5e003bd6,24362.85,2024-07-25 12:13:00+05:30,178,-0.0034080820230834308,65.65000000000146,0.0,197.0,8.11999999999971,7.653333333332315,0.00017534012045186486,7.810714285713402,58.28296089385185,5.80000000000291,152.04999999999927,0.36324786324784064,0.4957264957267136,0.14102564102544568,0,11,0.0001313647774083826,11.700000000000728,4.25,0.0,2024-07-25T12:14:00+05:30,24362.25,30,16.950000000000728,7.549999999999272,-3.7999999999992724,-5.299999999999272,True,False,-0.22418879056041943
NIFTY:2024-07-26,2024-07-26,NIFTY,compression_expansion_up,2024-07-26T09:32:00+05:30,2024-07-26T09:32:00+05:30,UP,{},"{'source_path': '/Users/madhuram/tradebot-structural-edge-discovery-v3/runtime/upstox_candidate_replay.zip!upstox_candidate_replay/20240726/underlying/NIFTY_20240726.parquet', 'source_hash': '4357f109ed631802b3774c34db9c318f71742f8e99de307408af71bf00810707'}",{'completed_bar_only': True},"{'buy_ce_allowed': True, 'buy_pe_allowed': False, 'research_only': True}",a7b2be1d5045a937de94be37b51cb4c3edac094a1e0e9af2d061500de3f98202,24484.5,2024-07-26 09:31:00+05:30,16,0.00225885725988128,81.79999999999927,0.0,215.35000000000218,14.1,12.963333333333868,0.00034182339153793705,12.76071428571491,10.450000000000728,8.200000000000728,73.59999999999854,0.6522727272726612,0.3022727272727934,0.045454545454545456,0,1,0.0005557621501455223,22.0,14.349999999998545,0.0,2024-07-26T09:32:00+05:30,24485.15,30,105.75,5.600000000002183,87.25,85.75,True,True,0.8250591016548463
NIFTY:2024-07-26,2024-07-26,NIFTY,compression_expansion_up,2024-07-26T11:00:00+05:30,2024-07-26T11:00:00+05:30,UP,{},"{'source_path': '/Users/madhuram/tradebot-structural-edge-discovery-v3/runtime/upstox_candidate_replay.zip!upstox_candidate_replay/20240726/underlying/NIFTY_20240726.parquet', 'source_hash': '4357f109ed631802b3774c34db9c318f71742f8e99de307408af71bf00810707'}",{'completed_bar_only': True},"{'buy_ce_allowed': True, 'buy_pe_allowed': False, 'research_only': True}",98b4b1f2f8a7d665c53f69d840a188e4d7f40a8e069f4b2e8c287e18406b855a,24613.25,2024-07-26 10:59:00+05:30,104,0.00773295105467947,81.79999999999927,0.0,215.35000000000218,7.009999999999854,7.560000000000825,0.00020711279148951926,7.382142857143533,59.2195238095228,1.8499999999985448,202.34999999999854,0.7714285714286309,0.15102040816314652,0.07755102040822266,7,7,0.00039221902485819804,12.25,9.450000000000728,0.0,2024-07-26T11:00:00+05:30,24613.35,30,42.20000000000073,2.75,27.600000000002183,26.100000000002183,True,True,0.6540284360189978
NIFTY:2024-07-26,2024-07-26,NIFTY,compression_expansion_up,2024-07-26T11:01:00+05:30,2024-07-26T11:01:00+05:30,UP,{},"{'source_path': '/Users/madhuram/tradebot-structural-edge-discovery-v3/runtime/upstox_candidate_replay.zip!upstox_candidate_replay/20240726/underlying/NIFTY_20240726.parquet', 'source_hash': '4357f109ed631802b3774c34db9c318f71742f8e99de307408af71bf00810707'}",{'completed_bar_only': True},"{'buy_ce_allowed': True, 'buy_pe_allowed': False, 'research_only': True}",23a975f8090ac0ee845db7e524a408b780a084c6fbda5a427cbb5d14b2b4504f,24630.55,2024-07-26 11:00:00+05:30,105,0.008124104034405019,81.79999999999927,0.0,215.35000000000218,10.020000000000437,8.296666666667443,0.0002479553839036249,8.128571428572156,75.79764150943447,1.1500000000014552,219.64999999999782,0.8151658767772013,0.05450236966830977,0.1303317535544889,0,7,0.0007028734523071289,21.100000000002183,17.200000000000728,0.0,2024-07-26T11:01:00+05:30,24630.3,30,25.25,5.5,10.950000000000728,9.450000000000728,True,True,0.43366336633666247
NIFTY:2024-07-26,2024-07-26,NIFTY,compression_expansion_up,2024-07-26T11:58:00+05:30,2024-07-26T11:58:00+05:30,UP,{},"{'source_path': '/Users/madhuram/tradebot-structural-edge-discovery-v3/runtime/upstox_candidate_replay.zip!upstox_candidate_replay/20240726/underlying/NIFTY_20240726.parquet', 'source_hash': '4357f109ed631802b3774c34db9c318f71742f8e99de307408af71bf00810707'}",{'completed_bar_only': True},"{'buy_ce_allowed': True, 'buy_pe_allowed': False, 'research_only': True}",9ffab9fffbe68ccb6ab025bf8dd7c7bb3a72becd33f7f013af6ec90de3eaac5e,24651.1,2024-07-26 11:57:00+05:30,162,0.009488019660045114,81.79999999999927,0.0,215.35000000000218,5.899999999999272,5.456666666666569,0.00011278603736935467,5.574999999999688,66.0325153374215,4.450000000000728,240.1999999999971,0.4564102564099579,0.15384615384615385,0.38974358974388823,0,11,0.0002069301306499849,9.75,4.44999999999709,0.0,2024-07-26T11:58:00+05:30,24651.3,30,5.549999999999272,14.200000000000728,-0.7000000000007276,-2.2000000000007276,False,False,-0.12612612612627375
NIFTY:2024-07-26,2024-07-26,NIFTY,compression_expansion_up,2024-07-26T12:17:00+05:30,2024-07-26T12:17:00+05:30,UP,{},"{'source_path': '/Users/madhuram/tradebot-structural-edge-discovery-v3/runtime/upstox_candidate_replay.zip!upstox_candidate_replay/20240726/underlying/NIFTY_20240726.parquet', 'source_hash': '4357f109ed631802b3774c34db9c318f71742f8e99de307408af71bf00810707'}",{'completed_bar_only': True},"{'buy_ce_allowed': True, 'buy_pe_allowed': False, 'research_only': True}",f3b84ef848ad2c51391207065464408daa2e1fb33a6572626ecdb191e5c5dcd7,24644.7,2024-07-26 12:16:00+05:30,181,0.009131681343436442,81.79999999999927,0.0,215.35000000000218,4.760000000000582,4.773333333333237,0.00012563734621980185,4.632142857142753,53.28708791208555,12.149999999997817,233.79999999999927,0.854430379746678,0.037974683544204704,0.10759493670911724,13,12,0.0002942674668036105,7.900000000001455,6.75,0.0,2024-07-26T12:17:00+05:30,24644.6,30,84.90000000000146,0.3499999999985448,76.65000000000146,75.15000000000146,True,True,0.9028268551236766
NIFTY:2024-07-26,2024-07-26,NIFTY,compression_expansion_up,2024-07-26T13:10:00+05:30,2024-07-26T13:10:00+05:30,UP,{},"{'source_path': '/Users/madhuram/tradebot-structural-edge-discovery-v3/runtime/upstox_candidate_replay.zip!upstox_candidate_replay/20240726/underlying/NIFTY_20240726.parquet', 'source_hash': '4357f109ed631802b3774c34db9c318f71742f8e99de307408af71bf00810707'}",{'completed_bar_only': True},"{'buy_ce_allowed': True, 'buy_pe_allowed': False, 'research_only': True}",c389d3c5ffb9f8df97ed0e6de53e41ff744cb70f247a50358ee4696d925d0a45,24743.8,2024-07-26 13:09:00+05:30,234,0.012842514847429829,81.79999999999927,0.0,215.35000000000218,8.059999999999127,7.863333333333625,0.0002494532314462467,7.964285714285974,128.71468085106244,0.3500000000021828,332.8999999999978,0.8495821727019154,0.019498607242460646,0.13091922005562392,0,16,0.0006247889568047338,17.950000000000728,15.25,0.0,2024-07-26T13:10:00+05:30,24742.65,30,71.59999999999854,4.5,64.25,62.75,True,True,0.897346368715102
NIFTY:2024-07-26,2024-07-26,NIFTY,compression_expansion_up,2024-07-26T13:38:00+05:30,2024-07-26T13:38:00+05:30,UP,{},"{'source_path': '/Users/madhuram/tradebot-structural-edge-discovery-v3/runtime/upstox_candidate_replay.zip!upstox_candidate_replay/20240726/underlying/NIFTY_20240726.parquet', 'source_hash': '4357f109ed631802b3774c34db9c318f71742f8e99de307408af71bf00810707'}",{'completed_bar_only': True},"{'buy_ce_allowed': True, 'buy_pe_allowed': False, 'research_only': True}",819c22c2f8a51057e30cde19635ef420ad2b6801aa2042ac0b4a1f81f4737309,24804.75,2024-07-26 13:37:00+05:30,262,0.015486381322957139,81.79999999999927,0.0,215.35000000000218,7.480000000001018,9.210000000000582,0.000251062165663852,9.067857142857974,172.0315589353595,1.9500000000007276,393.84999999999854,0.7467948717948606,0.12500000000002914,0.12820512820511026,6,19,0.00044567773264980737,15.600000000002183,11.650000000001455,0.0,2024-07-26T13:38:00+05:30,24805.9,30,12.349999999998545,47.55000000000291,-21.450000000000728,-22.950000000000728,False,False,-1.7368421052634215
NIFTY:2024-07-26,2024-07-26,NIFTY,compression_expansion_up,2024-07-26T14:35:00+05:30,2024-07-26T14:35:00+05:30,UP,{},"{'source_path': '/Users/madhuram/tradebot-structural-edge-discovery-v3/runtime/upstox_candidate_replay.zip!upstox_candidate_replay/20240726/underlying/NIFTY_20240726.parquet', 'source_hash': '4357f109ed631802b3774c34db9c318f71742f8e99de307408af71bf00810707'}",{'completed_bar_only': True},"{'buy_ce_allowed': True, 'buy_pe_allowed': False, 'research_only': True}",9109415148e74560f6d300309906c0026ac95e2d364ce9e442bd955828a7a0f9,24801.0,2024-07-26 14:34:00+05:30,319,0.015273397501536001,81.79999999999927,0.0,215.35000000000218,8.5,9.429999999999806,0.0002936384865560575,9.699999999999688,139.89390624999942,17.25,390.09999999999854,0.8534201954395233,0.07491856677532845,0.0716612377851483,6,21,0.0005042660911309671,15.350000000002183,13.099999999998545,0.0,2024-07-26T14:35:00+05:30,24799.35,30,44.5,20.75,28.55000000000291,27.05000000000291,True,True,0.6415730337079306
NIFTY:2024-07-29,2024-07-29,NIFTY,compression_expansion_up,2024-07-29T10:04:00+05:30,2024-07-29T10:04:00+05:30,UP,{},"{'source_path': '/Users/madhuram/tradebot-structural-edge-discovery-v3/runtime/upstox_candidate_replay.zip!upstox_candidate_replay/20240729/underlying/NIFTY_20240729.parquet', 'source_hash': '4357f109ed631802b3774c34db9c318f71742f8e99de307408af71bf00810707'}",{'completed_bar_only': True},"{'buy_ce_allowed': True, 'buy_pe_allowed': False, 'research_only': True}",73b5a0a138b61037e43e2ceba616f597e5f545d5ee6796efbc6d932507e95754,24922.55,2024-07-29 10:03:00+05:30,48,0.0022936010542517126,75.90000000000146,0.0,450.25,9.78000000000029,11.673333333333236,0.00035561154089862817,11.996428571428364,5.383673469390487,57.900000000001455,28.5,0.7840909090907705,0.12215909090915844,0.09375000000007105,7,0,0.0006022270355776627,17.600000000002183,13.799999999999272,0.0,2024-07-29T10:04:00+05:30,24923.4,30,0.0,53.60000000000218,-34.55000000000291,-36.05000000000291,False,False,0.0
NIFTY:2024-07-29,2024-07-29,NIFTY,compression_expansion_up,2024-07-29T10:29:00+05:30,2024-07-29T10:29:00+05:30,UP,{},"{'source_path': '/Users/madhuram/tradebot-structural-edge-discovery-v3/runtime/upstox_candidate_replay.zip!upstox_candidate_replay/20240729/underlying/NIFTY_20240729.parquet', 'source_hash': '4357f109ed631802b3774c34db9c318f71742f8e99de307408af71bf00810707'}",{'completed_bar_only': True},"{'buy_ce_allowed': True, 'buy_pe_allowed': False, 'research_only': True}",12611d5a082e410484a914381594e28ebdc36c3717e8541f657e96fc47ac82a3,24904.95,2024-07-29 10:28:00+05:30,73,0.00158942529198145,75.90000000000146,0.0,450.25,7.139999999999418,9.013333333332897,0.00024603487029262877,8.817857142856676,-4.168918918920099,75.5,35.150000000001455,0.9448275862069467,0.04482758620674601,0.010344827586307255,6,0,0.0005664732220878044,14.5,13.700000000000728,0.0,2024-07-29T10:29:00+05:30,24904.95,30,27.25,38.5,24.349999999998545,22.849999999998545,False,False,0.8935779816513227
NIFTY:2024-07-29,2024-07-29,NIFTY,compression_expansion_up,2024-07-29T11:32:00+05:30,2024-07-29T11:32:00+05:30,UP,{},"{'source_path': '/Users/madhuram/tradebot-structural-edge-discovery-v3/runtime/upstox_candidate_replay.zip!upstox_candidate_replay/20240729/underlying/NIFTY_20240729.parquet', 'source_hash': '4357f109ed631802b3774c34db9c318f71742f8e99de307408af71bf00810707'}",{'completed_bar_only': True},"{'buy_ce_allowed': True, 'buy_pe_allowed': False, 'research_only': True}",a118d945afefa27d408e2ba3b07988a719b2c3a7d4b7cc802a471aaccfbf4006,24966.85,2024-07-29 11:31:00+05:30,136,0.004180792097136075,75.90000000000146,0.0,450.25,7.55,7.173333333333479,0.00021474533440204584,7.367857142857247,53.469343065691646,13.600000000002183,100.39999999999782,0.8327137546465787,0.05204460966547879,0.11524163568794249,0,0,0.00044077841468026513,13.450000000000728,11.19999999999709,0.0,2024-07-29T11:32:00+05:30,24967.2,30,32.54999999999927,1.0499999999992724,11.75,10.25,True,True,0.36098310291859487
NIFTY:2024-07-29,2024-07-29,NIFTY,compression_expansion_up,2024-07-29T12:40:00+05:30,2024-07-29T12:40:00+05:30,UP,{},"{'source_path': '/Users/madhuram/tradebot-structural-edge-discovery-v3/runtime/upstox_candidate_replay.zip!upstox_candidate_replay/20240729/underlying/NIFTY_20240729.parquet', 'source_hash': '4357f109ed631802b3774c34db9c318f71742f8e99de307408af71bf00810707'}",{'completed_bar_only': True},"{'buy_ce_allowed': True, 'buy_pe_allowed': False, 'research_only': True}",ae7f24c046fd26942492f0dc27e12a59323fa3c93f607ab00ad0d2ce55fd64f2,24883.25,2024-07-29 12:39:00+05:30,204,0.000607603086301711,75.90000000000146,0.0,450.25,15.880000000001019,15.486666666667588,0.00045982296344064554,15.646428571429558,-35.16512195121686,116.5,92.79999999999927,0.7240618101545431,0.20529801324508418,0.07064017660037272,0,2,0.0006414045754867814,22.650000000001455,16.400000000001455,0.0,2024-07-29T12:40:00+05:30,24884.6,30,11.650000000001455,29.0,-12.349999999998545,-13.849999999998545,False,False,-1.060085836909614
NIFTY:2024-07-29,2024-07-29,NIFTY,compression_expansion_up,2024-07-29T13:33:00+05:30,2024-07-29T13:33:00+05:30,UP,{},"{'source_path': '/Users/madhuram/tradebot-structural-edge-discovery-v3/runtime/upstox_candidate_replay.zip!upstox_candidate_replay/20240729/underlying/NIFTY_20240729.parquet', 'source_hash': '4357f109ed631802b3774c34db9c318f71742f8e99de307408af71bf00810707'}",{'completed_bar_only': True},"{'buy_ce_allowed': True, 'buy_pe_allowed': False, 'research_only': True}",7029c70fed18dd15700c22fa55dda7a898e654bb54ff3f08edbe11f1e83fef27,24867.35,2024-07-29 13:32:00+05:30,257,0.000271610651161387,75.90000000000146,0.0,450.25,6.200000000000728,7.6833333333338185,0.00023883189109708285,7.667857142857558,-40.443023255815206,132.40000000000146,76.89999999999782,0.8082191780820052,0.17351598173528118,0.018264840182713637,14,2,0.0003962586744443719,10.950000000000728,8.849999999998545,0.0,2024-07-29T13:33:00+05:30,24867.2,30,17.649999999997817,60.650000000001455,-42.70000000000073,-44.20000000000073,False,False,-2.419263456090992
NIFTY:2024-07-29,2024-07-29,NIFTY,compression_expansion_up,2024-07-29T14:30:00+05:30,2024-07-29T14:30:00+05:30,UP,{},"{'source_path': '/Users/madhuram/tradebot-structural-edge-discovery-v3/runtime/upstox_candidate_replay.zip!upstox_candidate_replay/20240729/underlying/NIFTY_20240729.parquet', 'source_hash': '4357f109ed631802b3774c34db9c318f71742f8e99de307408af71bf00810707'}",{'completed_bar_only': True},"{'buy_ce_allowed': True, 'buy_pe_allowed': False, 'research_only': True}",4da46c680d9324c036072357fdbad9a6edeeb1e270928f81c4f6b6c7590d70e6,24824.4,2024-07-29 14:29:00+05:30,314,-0.0019032864888790235,75.90000000000146,0.0,450.25,12.290000000000873,12.266666666666667,0.00042045673744859474,11.978571428571481,-70.12999999999738,175.34999999999854,49.80000000000291,0.9432624113474872,0.0,0.056737588652512765,0,2,0.000816395643471024,21.150000000001455,19.950000000000728,0.0,2024-07-29T14:30:00+05:30,24824.5,30,41.349999999998545,5.5,18.650000000001455,17.150000000001455,True,True,0.4510278113664356
NIFTY:2024-07-29,2024-07-29,NIFTY,compression_expansion_up,2024-07-29T14:48:00+05:30,2024-07-29T14:48:00+05:30,UP,{},"{'source_path': '/Users/madhuram/tradebot-structural-edge-discovery-v3/runtime/upstox_candidate_replay.zip!upstox_candidate_replay/20240729/underlying/NIFTY_20240729.parquet', 'source_hash': '4357f109ed631802b3774c34db9c318f71742f8e99de307408af71bf00810707'}",{'completed_bar_only': True},"{'buy_ce_allowed': True, 'buy_pe_allowed': False, 'research_only': True}",80f7c3269c58fb347e46f36e4cfe8641c64e5347b437dc84784af7f92e9dd56e,24857.5,2024-07-29 14:47:00+05:30,332,-0.00013278742945664883,75.90000000000146,0.0,450.25,10.630000000001019,9.286666666666617,0.000270983959423582,9.29285714285704,-33.956006006006646,142.25,82.90000000000146,0.6198630136984876,0.04794520547949472,0.33219178082201767,0,2,0.0003843375409238181,14.600000000002183,9.049999999999272,0.0,2024-07-29T14:48:00+05:30,24858.2,30,7.649999999997817,61.54999999999927,-25.549999999999272,-27.049999999999272,False,False,-3.3398692810466093
NIFTY:2024-07-30,2024-07-30,NIFTY,compression_expansion_up,2024-07-30T09:45:00+05:30,2024-07-30T09:45:00+05:30,UP,{},"{'source_path': '/Users/madhuram/tradebot-structural-edge-discovery-v3/runtime/upstox_candidate_replay.zip!upstox_candidate_replay/20240730/underlying/NIFTY_20240730.parquet', 'source_hash': '4357f109ed631802b3774c34db9c318f71742f8e99de307408af71bf00810707'}",{'completed_bar_only': True},"{'buy_ce_allowed': True, 'buy_pe_allowed': False, 'research_only': True}",b810383fcb29642fca8a5ab34a6084be12d270064e3f835bcde717fff3bd93ef,24883.25,2024-07-30 09:44:00+05:30,29,0.0011412607005770127,59.64999999999782,0.0,225.15000000000146,8.519999999999708,9.243333333332703,0.00027306094098539707,9.299999999999272,38.47333333333154,2.0499999999992724,84.59999999999854,0.8691588785047576,0.12772585669777978,0.0031152647974625964,25,0,0.0007057915120023406,16.049999999999272,13.950000000000728,0.0,2024-07-30T09:45:00+05:30,24884.05,30,3.400000000001455,67.75,-31.349999999998545,-32.849999999998545,False,False,-9.220588235289743
NIFTY:2024-07-30,2024-07-30,NIFTY,compression_expansion_up,2024-07-30T10:47:00+05:30,2024-07-30T10:47:00+05:30,UP,{},"{'source_path': '/Users/madhuram/tradebot-structural-edge-discovery-v3/runtime/upstox_candidate_replay.zip!upstox_candidate_replay/20240730/underlying/NIFTY_20240730.parquet', 'source_hash': '4357f109ed631802b3774c34db9c318f71742f8e99de307408af71bf00810707'}",{'completed_bar_only': True},"{'buy_ce_allowed': True, 'buy_pe_allowed': False, 'research_only': True}",5342ed0261cd4dd8f3848f9c7ef017058b7d3ad139fbef17e074efd6ba17bcdb,24900.95,2024-07-30 10:46:00+05:30,91,0.00197657496995882,59.64999999999782,0.0,225.15000000000146,9.030000000001019,9.273333333334206,0.00023366251297232113,8.892857142857922,43.914130434786784,3.149999999997817,102.29999999999927,0.7009646302252067,0.20257234726675014,0.0964630225080431,6,4,0.0003856761485416804,15.549999999999272,10.900000000001455,0.0,2024-07-30T10:47:00+05:30,24900.95,30,39.5,1.75,33.849999999998545,32.349999999998545,True,True,0.8569620253164189
NIFTY:2024-07-30,2024-07-30,NIFTY,compression_expansion_up,2024-07-30T11:23:00+05:30,2024-07-30T11:23:00+05:30,UP,{},"{'source_path': '/Users/madhuram/tradebot-structural-edge-discovery-v3/runtime/upstox_candidate_replay.zip!upstox_candidate_replay/20240730/underlying/NIFTY_20240730.parquet', 'source_hash': '4357f109ed631802b3774c34db9c318f71742f8e99de307408af71bf00810707'}",{'completed_bar_only': True},"{'buy_ce_allowed': True, 'buy_pe_allowed': False, 'research_only': True}",29ff25a6264d73c54aafae5664fdb0f874dd114b17b98f245b3cf8838fd093b3,24935.35,2024-07-30 11:22:00+05:30,127,0.003574742511860427,59.64999999999782,0.0,225.15000000000146,6.280000000000291,6.113333333333625,0.00012958198775648173,6.025000000000416,59.12617187499927,5.100000000002183,136.6999999999971,0.6399999999998337,0.17714285714318975,0.18285714285697655,0,5,0.00026274830717887276,8.75,5.599999999998545,0.0,2024-07-30T11:23:00+05:30,24935.2,30,21.5,20.350000000002183,-15.0,-16.5,True,True,-0.6976744186046512
NIFTY:2024-07-30,2024-07-30,NIFTY,compression_expansion_up,2024-07-30T11:47:00+05:30,2024-07-30T11:47:00+05:30,UP,{},"{'source_path': '/Users/madhuram/tradebot-structural-edge-discovery-v3/runtime/upstox_candidate_replay.zip!upstox_candidate_replay/20240730/underlying/NIFTY_20240730.parquet', 'source_hash': '4357f109ed631802b3774c34db9c318f71742f8e99de307408af71bf00810707'}",{'completed_bar_only': True},"{'buy_ce_allowed': True, 'buy_pe_allowed': False, 'research_only': True}",97082f0d478b744e2f48fa6707b2fdf4eb73fc73cda2800ab6ee6327725163c2,24952.45,2024-07-30 11:46:00+05:30,151,0.00427721162032853,59.64999999999782,0.0,225.15000000000146,5.770000000000437,6.106666666666812,0.0001017954795672177,6.007142857143013,65.48486842105194,1.7999999999992724,153.79999999999927,0.5737704918031874,0.19672131147529903,0.22950819672151354,6,14,0.000172357469391482,9.150000000001455,5.25,0.0,2024-07-30T11:47:00+05:30,24951.1,30,5.600000000002183,36.25,-12.349999999998545,-13.849999999998545,False,False,-2.2053571428560232
NIFTY:2024-07-30,2024-07-30,NIFTY,compression_expansion_up,2024-07-30T13:45:00+05:30,2024-07-30T13:45:00+05:30,UP,{},"{'source_path': '/Users/madhuram/tradebot-structural-edge-discovery-v3/runtime/upstox_candidate_replay.zip!upstox_candidate_replay/20240730/underlying/NIFTY_20240730.parquet', 'source_hash': '4357f109ed631802b3774c34db9c318f71742f8e99de307408af71bf00810707'}",{'completed_bar_only': True},"{'buy_ce_allowed': True, 'buy_pe_allowed': False, 'research_only': True}",643189bb72a8c65e25462c9decea233fa2e8c5b0cb5e86fcde2dca1288cbba71,24917.75,2024-07-30 13:44:00+05:30,269,0.0025542501393868077,59.64999999999782,0.0,225.15000000000146,8.190000000000145,8.870000000000195,0.000266504820013405,8.960714285714598,11.707592592592846,51.099999999998545,119.09999999999854,0.9535714285713246,0.04642857142867537,0.0,7,17,0.0005742176284810885,14.0,13.349999999998545,0.0,2024-07-30T13:45:00+05:30,24916.5,30,24.950000000000728,13.900000000001455,23.150000000001455,21.650000000001455,True,True,0.9278557114228769
NIFTY:2024-07-30,2024-07-30,NIFTY,compression_expansion_up,2024-07-30T14:09:00+05:30,2024-07-30T14:09:00+05:30,UP,{},"{'source_path': '/Users/madhuram/tradebot-structural-edge-discovery-v3/runtime/upstox_candidate_replay.zip!upstox_candidate_replay/20240730/underlying/NIFTY_20240730.parquet', 'source_hash': '4357f109ed631802b3774c34db9c318f71742f8e99de307408af71bf00810707'}",{'completed_bar_only': True},"{'buy_ce_allowed': True, 'buy_pe_allowed': False, 'research_only': True}",d6720231ac1fd9e0689adefd11093d7dd339f5487d88912ef909f5c61833c243,24933.5,2024-07-30 14:08:00+05:30,293,0.003558640068113249,59.64999999999782,0.0,225.15000000000146,7.969999999999709,7.923333333333236,0.0001722762536420271,7.814285714285818,26.24965986394818,35.349999999998545,134.84999999999854,0.37387387387393145,0.28828828828829717,0.3378378378377714,0,17,0.000178506601735684,11.100000000002183,4.150000000001455,0.0,2024-07-30T14:09:00+05:30,24933.7,30,32.25,12.450000000000728,30.399999999997817,28.899999999997817,True,True,0.942635658914661
NIFTY:2024-07-30,2024-07-30,NIFTY,compression_expansion_up,2024-07-30T14:16:00+05:30,2024-07-30T14:16:00+05:30,UP,{},"{'source_path': '/Users/madhuram/tradebot-structural-edge-discovery-v3/runtime/upstox_candidate_replay.zip!upstox_candidate_replay/20240730/underlying/NIFTY_20240730.parquet', 'source_hash': '4357f109ed631802b3774c34db9c318f71742f8e99de307408af71bf00810707'}",{'completed_bar_only': True},"{'buy_ce_allowed': True, 'buy_pe_allowed': False, 'research_only': True}",cadf94b8b37fc72101790ae039b670472224cce23a75e647aa98cdb0cb8536d3,24939.65,2024-07-30 14:15:00+05:30,300,0.0035505888462398064,59.64999999999782,0.0,225.15000000000146,8.610000000000582,7.896666666666473,0.00020073856218641366,7.889285714285506,31.84966777408772,29.19999999999709,141.0,0.7720588235292879,0.13235294117639584,0.0955882352943163,0,17,0.0004211936628404356,13.600000000002183,10.5,0.0,2024-07-30T14:16:00+05:30,24939.1,30,32.650000000001455,1.1499999999978172,24.700000000000728,23.200000000000728,True,True,0.7565084226646134
NIFTY:2024-07-30,2024-07-30,NIFTY,compression_expansion_up,2024-07-30T15:13:00+05:30,2024-07-30T15:13:00+05:30,UP,{},"{'source_path': '/Users/madhuram/tradebot-structural-edge-discovery-v3/runtime/upstox_candidate_replay.zip!upstox_candidate_replay/20240730/underlying/NIFTY_20240730.parquet', 'source_hash': '4357f109ed631802b3774c34db9c318f71742f8e99de307408af71bf00810707'}",{'completed_bar_only': True},"{'buy_ce_allowed': True, 'buy_pe_allowed': False, 'research_only': True}",d6803702a86ad0644c6c223af11332bff6e86a0c0108afd867aa4a76a09a522c,24855.15,2024-07-30 15:12:00+05:30,357,-6.038416405169689e-05,59.64999999999782,0.0,225.15000000000146,12.819999999999709,14.069999999999709,0.00046849411417032767,14.039285714285402,-56.336312849158276,116.59999999999854,56.5,0.7810945273632768,0.13184079601980145,0.08706467661692173,7,18,0.0006703303339574695,20.099999999998545,15.700000000000728,0.0,2024-07-30T15:13:00+05:30,24855.15,30,6.599999999998545,22.55000000000291,-14.25,-15.75,False,False,-2.1590909090913852
NIFTY:2024-07-31,2024-07-31,NIFTY,compression_expansion_up,2024-07-31T09:49:00+05:30,2024-07-31T09:49:00+05:30,UP,{},"{'source_path': '/Users/madhuram/tradebot-structural-edge-discovery-v3/runtime/upstox_candidate_replay.zip!upstox_candidate_replay/20240731/underlying/NIFTY_20240731.parquet', 'source_hash': '4357f109ed631802b3774c34db9c318f71742f8e99de307408af71bf00810707'}",{'completed_bar_only': True},"{'buy_ce_allowed': True, 'buy_pe_allowed': False, 'research_only': True}",7c1a688379350227ec9809d45db70ab675a16a467ecd6fb8568ddaed576f199b,24891.6,2024-07-31 09:48:00+05:30,33,0.001642452568143637,51.04999999999927,0.0,173.09999999999854,10.419999999998982,10.71333333333314,0.00030220827948355136,10.72857142857122,-3.686764705882524,37.5,35.099999999998545,0.6407766990291056,0.22653721682852163,0.13268608414237273,13,1,0.0004581956736682269,15.44999999999709,9.899999999997817,0.0,2024-07-31T09:49:00+05:30,24891.8,30,55.650000000001455,12.549999999999272,54.900000000001455,53.400000000001455,True,True,0.9865229110512133
NIFTY:2024-07-31,2024-07-31,NIFTY,compression_expansion_up,2024-07-31T09:59:00+05:30,2024-07-31T09:59:00+05:30,UP,{},"{'source_path': '/Users/madhuram/tradebot-structural-edge-discovery-v3/runtime/upstox_candidate_replay.zip!upstox_candidate_replay/20240731/underlying/NIFTY_20240731.parquet', 'source_hash': '4357f109ed631802b3774c34db9c318f71742f8e99de307408af71bf00810707'}",{'completed_bar_only': True},"{'buy_ce_allowed': True, 'buy_pe_allowed': False, 'research_only': True}",de319c210c42d72cfaad3a6eb5e21d0e8b3ab0fcbdcfa9a9cae4770b4bc74957,24912.45,2024-07-31 09:58:00+05:30,43,0.002232205757440233,51.04999999999927,0.0,173.09999999999854,8.529999999999564,9.27999999999932,0.00027502698057620015,9.064285714285038,17.90227272727134,16.649999999997817,55.95000000000073,0.9669669669670136,0.0,0.03303303303298644,7,1,0.0006386427035072195,16.650000000001455,16.100000000002183,0.0,2024-07-31T09:59:00+05:30,24913.6,30,40.85000000000218,4.44999999999709,21.600000000002183,20.100000000002183,True,True,0.5287637698898661
NIFTY:2024-07-31,2024-07-31,NIFTY,compression_expansion_up,2024-07-31T10:02:00+05:30,2024-07-31T10:02:00+05:30,UP,{},"{'source_path': '/Users/madhuram/tradebot-structural-edge-discovery-v3/runtime/upstox_candidate_replay.zip!upstox_candidate_replay/20240731/underlying/NIFTY_20240731.parquet', 'source_hash': '4357f109ed631802b3774c34db9c318f71742f8e99de307408af71bf00810707'}",{'completed_bar_only': True},"{'buy_ce_allowed': True, 'buy_pe_allowed': False, 'research_only': True}",236d4b35ee16a7736d2169193dad7a66c1285e7ae79157d46f945eb533c10db3,24923.35,2024-07-31 10:01:00+05:30,46,0.003031291136794531,51.04999999999927,0.0,173.09999999999854,9.769999999998982,9.229999999999078,0.0002442326909788642,9.153571428570492,27.326595744678343,6.150000000001455,66.84999999999854,0.5375939849622713,0.4624060150377287,0.0,0,2,0.00031105010515508624,13.299999999999272,7.149999999997817,0.0,2024-07-31T10:02:00+05:30,24923.4,30,31.049999999999272,6.55000000000291,17.44999999999709,15.94999999999709,True,True,0.5619967793880032
NIFTY:2024-07-31,2024-07-31,NIFTY,compression_expansion_up,2024-07-31T12:49:00+05:30,2024-07-31T12:49:00+05:30,UP,{},"{'source_path': '/Users/madhuram/tradebot-structural-edge-discovery-v3/runtime/upstox_candidate_replay.zip!upstox_candidate_replay/20240731/underlying/NIFTY_20240731.parquet', 'source_hash': '4357f109ed631802b3774c34db9c318f71742f8e99de307408af71bf00810707'}",{'completed_bar_only': True},"{'buy_ce_allowed': True, 'buy_pe_allowed': False, 'research_only': True}",cba1c39de0aa0fa29f73372cb284171141ce6fde965bd08ab8019928fc292bd5,24944.25,2024-07-31 12:48:00+05:30,213,0.003691492659283564,51.04999999999927,0.0,173.09999999999854,6.539999999999418,6.466666666666424,0.00014057930134870242,5.921428571428156,18.95373831775578,10.200000000000728,87.75,0.7792642140470718,0.1739130434781974,0.04682274247473083,0,6,0.00042111595728688833,14.94999999999709,11.650000000001455,0.0,2024-07-31T12:49:00+05:30,24946.2,30,3.25,42.10000000000218,-4.549999999999272,-6.049999999999272,False,False,-1.399999999999776
NIFTY:2024-07-31,2024-07-31,NIFTY,compression_expansion_up,2024-07-31T13:14:00+05:30,2024-07-31T13:14:00+05:30,UP,{},"{'source_path': '/Users/madhuram/tradebot-structural-edge-discovery-v3/runtime/upstox_candidate_replay.zip!upstox_candidate_replay/20240731/underlying/NIFTY_20240731.parquet', 'source_hash': '4357f109ed631802b3774c34db9c318f71742f8e99de307408af71bf00810707'}",{'completed_bar_only': True},"{'buy_ce_allowed': True, 'buy_pe_allowed': False, 'research_only': True}",36efec1316a1aa2cb571b6fb60e771fb424b29f7bc98afbfe1fa86d5da59ec20,24932.9,2024-07-31 13:13:00+05:30,238,0.0032466617554113503,51.04999999999927,0.0,173.09999999999854,8.149999999999272,8.356666666666813,0.00025387696915139005,8.503571428571636,7.1705020920526295,21.549999999999272,76.40000000000146,0.8470149253734351,0.145522388059508,0.007462686567056799,4,6,0.00038518173757084995,13.399999999997817,11.350000000002183,0.0,2024-07-31T13:14:00+05:30,24931.85,30,20.600000000002183,9.099999999998545,2.650000000001455,1.1500000000014552,True,True,0.12864077669908613
NIFTY:2024-07-31,2024-07-31,NIFTY,compression_expansion_up,2024-07-31T14:25:00+05:30,2024-07-31T14:25:00+05:30,UP,{},"{'source_path': '/Users/madhuram/tradebot-structural-edge-discovery-v3/runtime/upstox_candidate_replay.zip!upstox_candidate_replay/20240731/underlying/NIFTY_20240731.parquet', 'source_hash': '4357f109ed631802b3774c34db9c318f71742f8e99de307408af71bf00810707'}",{'completed_bar_only': True},"{'buy_ce_allowed': True, 'buy_pe_allowed': False, 'research_only': True}",56e3b0f465078b4d8e29155182771ddca1414f228e0439c0d57a9b646849bc64,24940.5,2024-07-31 14:24:00+05:30,309,0.003796158754312415,51.04999999999927,0.0,173.09999999999854,6.509999999999854,6.373333333333236,0.00015717592783128767,6.242857142857247,12.028548387093906,13.950000000000728,84.0,0.44166666666660603,0.4791666666666667,0.0791666666667273,0,6,0.0001704346082509467,12.0,5.299999999999272,0.0,2024-07-31T14:25:00+05:30,24939.1,30,30.25,0.8499999999985448,9.950000000000728,8.450000000000728,True,True,0.3289256198347348
NIFTY:2024-08-01,2024-08-01,NIFTY,compression_expansion_up,2024-08-01T09:35:00+05:30,2024-08-01T09:35:00+05:30,UP,{},"{'source_path': '/Users/madhuram/tradebot-structural-edge-discovery-v3/runtime/upstox_candidate_replay.zip!upstox_candidate_replay/20240801/underlying/NIFTY_20240801.parquet', 'source_hash': '4357f109ed631802b3774c34db9c318f71742f8e99de307408af71bf00810707'}",{'completed_bar_only': True},"{'buy_ce_allowed': True, 'buy_pe_allowed': False, 'research_only': True}",3ff052139a7e6ffd8ebc6b05db5210b238d7372c423ce88a8c4a0a075b789d49,25064.35,2024-08-01 09:34:00+05:30,19,0.002824338552321293,69.5,0.0,128.09999999999854,11.0599999999984,10.77999999999932,0.00031149239470528047,10.935714285713662,11.07499999999709,13.950000000000728,55.54999999999927,0.889570552147279,0.0,0.11042944785272103,0,1,0.0006747193826117659,16.299999999999272,14.5,0.0,2024-08-01T09:35:00+05:30,25062.3,30,0.0,36.099999999998545,-18.899999999997817,-20.399999999997817,False,False,0.0
NIFTY:2024-08-01,2024-08-01,NIFTY,compression_expansion_up,2024-08-01T09:58:00+05:30,2024-08-01T09:58:00+05:30,UP,{},"{'source_path': '/Users/madhuram/tradebot-structural-edge-discovery-v3/runtime/upstox_candidate_replay.zip!upstox_candidate_replay/20240801/underlying/NIFTY_20240801.parquet', 'source_hash': '4357f109ed631802b3774c34db9c318f71742f8e99de307408af71bf00810707'}",{'completed_bar_only': True},"{'buy_ce_allowed': True, 'buy_pe_allowed': False, 'research_only': True}",3389734a6a7ca67b4a2112120f1ed235af3bd41454cc0eac38e739e2a94acd7a,25050.4,2024-08-01 09:57:00+05:30,42,0.002319920894500676,69.5,0.0,128.09999999999854,9.429999999999563,7.886666666666133,0.00017837580826061332,7.924999999999533,1.0604651162793743,27.899999999997817,41.60000000000218,0.9195804195805681,0.0629370629369135,0.017482517482518372,0,1,0.0005192232420299092,14.299999999999272,13.150000000001455,0.0,2024-08-01T09:58:00+05:30,25050.7,30,5.899999999997817,24.549999999999272,-23.549999999999272,-25.049999999999272,False,False,-3.991525423730167
NIFTY:2024-08-01,2024-08-01,NIFTY,compression_expansion_up,2024-08-01T10:36:00+05:30,2024-08-01T10:36:00+05:30,UP,{},"{'source_path': '/Users/madhuram/tradebot-structural-edge-discovery-v3/runtime/upstox_candidate_replay.zip!upstox_candidate_replay/20240801/underlying/NIFTY_20240801.parquet', 'source_hash': '4357f109ed631802b3774c34db9c318f71742f8e99de307408af71bf00810707'}",{'completed_bar_only': True},"{'buy_ce_allowed': True, 'buy_pe_allowed': False, 'research_only': True}",ac2f10957a25386cc1c86fab582c4acd8fcad462a550d1e724e706de015ef179,25028.35,2024-08-01 10:35:00+05:30,80,0.001647364017406471,69.5,0.0,128.09999999999854,5.05,6.160000000000097,0.00018982607434997432,5.910714285714286,-15.933333333334303,49.95000000000073,19.549999999999272,0.8729281767954091,0.1270718232045909,0.0,6,1,0.0003077458019673518,9.049999999999272,7.899999999997817,0.0,2024-08-01T10:36:00+05:30,25028.5,30,3.7999999999992724,24.900000000001455,-14.400000000001455,-15.900000000001455,False,False,-3.789473684211635
NIFTY:2024-08-01,2024-08-01,NIFTY,compression_expansion_up,2024-08-01T10:47:00+05:30,2024-08-01T10:47:00+05:30,UP,{},"{'source_path': '/Users/madhuram/tradebot-structural-edge-discovery-v3/runtime/upstox_candidate_replay.zip!upstox_candidate_replay/20240801/underlying/NIFTY_20240801.parquet', 'source_hash': '4357f109ed631802b3774c34db9c318f71742f8e99de307408af71bf00810707'}",{'completed_bar_only': True},"{'buy_ce_allowed': True, 'buy_pe_allowed': False, 'research_only': True}",17d50ec31645992a0ec20dbe7f777098214d2259cedcb768c0461c17e249cf92,25022.8,2024-08-01 10:46:00+05:30,91,0.001477223140760608,69.5,0.0,128.09999999999854,6.119999999999709,6.1666666666664245,0.000206391353833149,6.299999999999792,-18.94402173913477,55.5,14.0,0.6226415094339105,0.09905660377352986,0.2783018867925597,5,1,0.00027582457556984963,10.599999999998545,6.599999999998545,0.0,2024-08-01T10:47:00+05:30,25022.35,30,18.850000000002183,18.75,4.950000000000728,3.4500000000007276,True,False,0.2625994694960294
NIFTY:2024-08-01,2024-08-01,NIFTY,compression_expansion_up,2024-08-01T12:49:00+05:30,2024-08-01T12:49:00+05:30,UP,{},"{'source_path': '/Users/madhuram/tradebot-structural-edge-discovery-v3/runtime/upstox_candidate_replay.zip!upstox_candidate_replay/20240801/underlying/NIFTY_20240801.parquet', 'source_hash': '4357f109ed631802b3774c34db9c318f71742f8e99de307408af71bf00810707'}",{'completed_bar_only': True},"{'buy_ce_allowed': True, 'buy_pe_allowed': False, 'research_only': True}",319845abaf5b8b5935a3793d4b4f3329780cc59f520c7876b04dfa10968b07db,24994.0,2024-08-01 12:48:00+05:30,213,5.80480637968529e-05,69.5,0.0,128.09999999999854,6.709999999999854,7.046666666666715,0.00020642498080602052,7.171428571428676,-26.01542056074686,84.29999999999927,29.650000000001455,0.828125,0.171875,0.0,4,1,0.0005103827870902578,16.0,13.25,0.0,2024-08-01T12:49:00+05:30,24994.8,30,13.549999999999272,13.049999999999272,7.799999999999272,6.299999999999272,True,False,0.5756457564575418
NIFTY:2024-08-01,2024-08-01,NIFTY,compression_expansion_up,2024-08-01T13:03:00+05:30,2024-08-01T13:03:00+05:30,UP,{},"{'source_path': '/Users/madhuram/tradebot-structural-edge-discovery-v3/runtime/upstox_candidate_replay.zip!upstox_candidate_replay/20240801/underlying/NIFTY_20240801.parquet', 'source_hash': '4357f109ed631802b3774c34db9c318f71742f8e99de307408af71bf00810707'}",{'completed_bar_only': True},"{'buy_ce_allowed': True, 'buy_pe_allowed': False, 'research_only': True}",4f33dc12f8830c375d73263c9892ebafbb1abc20484ad598249e59ba1461ea14,24994.45,2024-08-01 13:02:00+05:30,227,0.0002942436337288148,69.5,0.0,128.09999999999854,5.390000000000145,5.886666666667103,0.000181516853798493,5.164285714286182,-23.556359649122896,83.84999999999854,30.100000000002183,0.7609756097560266,0.12682926829261193,0.11219512195136148,10,1,0.00033618759267683984,10.25,7.799999999999272,0.0,2024-08-01T13:03:00+05:30,24994.9,30,13.44999999999709,18.700000000000728,-10.950000000000728,-12.450000000000728,False,False,-0.8141263940522748
NIFTY:2024-08-01,2024-08-01,NIFTY,compression_expansion_up,2024-08-01T13:59:00+05:30,2024-08-01T13:59:00+05:30,UP,{},"{'source_path': '/Users/madhuram/tradebot-structural-edge-discovery-v3/runtime/upstox_candidate_replay.zip!upstox_candidate_replay/20240801/underlying/NIFTY_20240801.parquet', 'source_hash': '4357f109ed631802b3774c34db9c318f71742f8e99de307408af71bf00810707'}",{'completed_bar_only': True},"{'buy_ce_allowed': True, 'buy_pe_allowed': False, 'research_only': True}",43ad5d541616f554db8d9a94f1085c69829dafb00e39641bf196f4f28ba19e9e,24986.5,2024-08-01 13:58:00+05:30,283,8.406960963686663e-05,69.5,0.0,128.09999999999854,5.95,5.326666666666279,0.00011639264094194639,5.239285714285351,-25.836443661970407,91.79999999999927,22.150000000001455,0.49514563106785486,0.37378640776687544,0.13106796116526973,0,1,0.00021616341954522333,10.299999999999272,5.099999999998545,0.0,2024-08-01T13:59:00+05:30,24986.65,30,9.799999999999272,20.75,-13.600000000002183,-15.100000000002183,False,False,-1.387755102041142
NIFTY:2024-08-01,2024-08-01,NIFTY,compression_expansion_up,2024-08-01T14:24:00+05:30,2024-08-01T14:24:00+05:30,UP,{},"{'source_path': '/Users/madhuram/tradebot-structural-edge-discovery-v3/runtime/upstox_candidate_replay.zip!upstox_candidate_replay/20240801/underlying/NIFTY_20240801.parquet', 'source_hash': '4357f109ed631802b3774c34db9c318f71742f8e99de307408af71bf00810707'}",{'completed_bar_only': True},"{'buy_ce_allowed': True, 'buy_pe_allowed': False, 'research_only': True}",eb688b0807f88815705bf54a454b8397e3208a50e718cbe25fd4d13b952c6c86,24977.75,2024-08-01 14:23:00+05:30,308,-9.808121124293826e-05,69.5,0.0,128.09999999999854,5.459999999999854,5.94333333333343,0.00010887059830343416,5.935714285714441,-32.304368932036596,100.54999999999927,13.400000000001455,0.08612440191400886,0.6172248803828018,0.29665071770318935,7,1,-2.2019112589699574e-05,10.450000000000728,0.9000000000014552,0.0,2024-08-01T14:24:00+05:30,24978.15,30,32.099999999998545,21.75,6.599999999998545,5.099999999998545,True,True,0.20560747663547801
NIFTY:2024-08-02,2024-08-02,NIFTY,compression_expansion_up,2024-08-02T10:31:00+05:30,2024-08-02T10:31:00+05:30,UP,{},"{'source_path': '/Users/madhuram/tradebot-structural-edge-discovery-v3/runtime/upstox_candidate_replay.zip!upstox_candidate_replay/20240802/underlying/NIFTY_20240802.parquet', 'source_hash': '4357f109ed631802b3774c34db9c318f71742f8e99de307408af71bf00810707'}",{'completed_bar_only': True},"{'buy_ce_allowed': True, 'buy_pe_allowed': False, 'research_only': True}",9c3f574c4741495ba905677f39f5fbdb4136e606702e1eece872aa1484111c7d,24769.0,2024-08-02 10:30:00+05:30,75,-0.010043589538510816,100.80000000000291,0.0,121.89999999999782,8.470000000000436,9.873333333333722,0.00029243087120792215,9.832142857143221,-10.00789473684199,82.90000000000146,45.29999999999927,0.9826388888888906,0.017361111111109356,0.0,6,2,0.0006019204899390118,14.400000000001455,14.150000000001455,0.0,2024-08-02T10:31:00+05:30,24768.45,30,55.29999999999927,3.5,41.45000000000073,39.95000000000073,True,True,0.7495479204340194
NIFTY:2024-08-02,2024-08-02,NIFTY,compression_expansion_up,2024-08-02T10:34:00+05:30,2024-08-02T10:34:00+05:30,UP,{},"{'source_path': '/Users/madhuram/tradebot-structural-edge-discovery-v3/runtime/upstox_candidate_replay.zip!upstox_candidate_replay/20240802/underlying/NIFTY_20240802.parquet', 'source_hash': '4357f109ed631802b3774c34db9c318f71742f8e99de307408af71bf00810707'}",{'completed_bar_only': True},"{'buy_ce_allowed': True, 'buy_pe_allowed': False, 'research_only': True}",da888f2f8299018a22440ac5c238d9e45d5acea413fb5ddcff37596c6faae3b8,24785.5,2024-08-02 10:33:00+05:30,78,-0.009353755098776352,100.80000000000291,0.0,121.89999999999782,11.05,10.59333333333343,0.00032256478609712534,10.742857142857247,6.592405063292972,66.40000000000146,61.79999999999927,0.6504854368932056,0.20388349514564477,0.1456310679611496,0,2,0.0005086203068676021,20.600000000002183,13.400000000001455,0.0,2024-08-02T10:34:00+05:30,24785.75,30,38.0,4.799999999999272,6.400000000001455,4.900000000001455,True,True,0.16842105263161725
NIFTY:2024-08-02,2024-08-02,NIFTY,compression_expansion_up,2024-08-02T10:49:00+05:30,2024-08-02T10:49:00+05:30,UP,{},"{'source_path': '/Users/madhuram/tradebot-structural-edge-discovery-v3/runtime/upstox_candidate_replay.zip!upstox_candidate_replay/20240802/underlying/NIFTY_20240802.parquet', 'source_hash': '4357f109ed631802b3774c34db9c318f71742f8e99de307408af71bf00810707'}",{'completed_bar_only': True},"{'buy_ce_allowed': True, 'buy_pe_allowed': False, 'research_only': True}",83c9224d2b41251c9ecc50e6277d305ba8e0951074095b12dbc5c0db24a5ed89,24809.9,2024-08-02 10:48:00+05:30,93,-0.008389986403263187,100.80000000000291,0.0,121.89999999999782,8.800000000000727,9.45333333333377,0.000243627154483385,9.428571428571948,27.70478723404449,42.0,86.20000000000073,0.8353658536585068,0.12499999999994454,0.03963414634154863,9,2,0.000560574286175175,16.400000000001455,13.700000000000728,0.0,2024-08-02T10:49:00+05:30,24809.15,30,14.599999999998545,30.400000000001455,-3.5500000000029104,-5.05000000000291,False,False,-0.24315068493173042
NIFTY:2024-08-02,2024-08-02,NIFTY,compression_expansion_up,2024-08-02T11:27:00+05:30,2024-08-02T11:27:00+05:30,UP,{},"{'source_path': '/Users/madhuram/tradebot-structural-edge-discovery-v3/runtime/upstox_candidate_replay.zip!upstox_candidate_replay/20240802/underlying/NIFTY_20240802.parquet', 'source_hash': '4357f109ed631802b3774c34db9c318f71742f8e99de307408af71bf00810707'}",{'completed_bar_only': True},"{'buy_ce_allowed': True, 'buy_pe_allowed': False, 'research_only': True}",d0300490a61c391e08526944dddd36d9923f52386eb09f34e51201c49200a269,24818.2,2024-08-02 11:26:00+05:30,131,-0.008066064144605324,100.80000000000291,0.0,121.89999999999782,8.339999999999417,7.556666666666327,0.00026070552431665223,7.592857142856571,29.735984848484804,33.70000000000073,94.5,1.0,0.0,0.0,0,2,0.0005664374711489284,13.900000000001455,13.900000000001455,0.0,2024-08-02T11:27:00+05:30,24818.15,30,16.94999999999709,20.350000000002183,-15.450000000000728,-16.950000000000728,False,False,-0.9115044247789605
NIFTY:2024-08-02,2024-08-02,NIFTY,compression_expansion_up,2024-08-02T11:43:00+05:30,2024-08-02T11:43:00+05:30,UP,{},"{'source_path': '/Users/madhuram/tradebot-structural-edge-discovery-v3/runtime/upstox_candidate_replay.zip!upstox_candidate_replay/20240802/underlying/NIFTY_20240802.parquet', 'source_hash': '4357f109ed631802b3774c34db9c318f71742f8e99de307408af71bf00810707'}",{'completed_bar_only': True},"{'buy_ce_allowed': True, 'buy_pe_allowed': False, 'research_only': True}",2d59fe79f48f9ead875cf440013fc51edf11946c8459946067a2bee94c8b8840,24825.75,2024-08-02 11:42:00+05:30,147,-0.007456210509477755,100.80000000000291,0.0,121.89999999999782,7.330000000001019,6.983333333333818,0.0001813549179758182,7.196428571429091,34.20371621621598,26.150000000001455,102.04999999999927,0.6326530612243761,0.04081632653074861,0.32653061224487523,0,2,0.00024778803848568565,9.80000000000291,6.200000000000728,0.0,2024-08-02T11:43:00+05:30,24825.75,30,9.349999999998545,45.849999999998545,-34.75,-36.25,False,False,-3.7165775401075303
NIFTY:2024-08-02,2024-08-02,NIFTY,compression_expansion_up,2024-08-02T12:59:00+05:30,2024-08-02T12:59:00+05:30,UP,{},"{'source_path': '/Users/madhuram/tradebot-structural-edge-discovery-v3/runtime/upstox_candidate_replay.zip!upstox_candidate_replay/20240802/underlying/NIFTY_20240802.parquet', 'source_hash': '4357f109ed631802b3774c34db9c318f71742f8e99de307408af71bf00810707'}",{'completed_bar_only': True},"{'buy_ce_allowed': True, 'buy_pe_allowed': False, 'research_only': True}",bbe6db5f43e523743d1e4443c67b978b1bff44e14a025db6273ef957c3116363,24780.4,2024-08-02 12:58:00+05:30,223,-0.009421738782692096,100.80000000000291,0.0,121.89999999999782,6.829999999999563,6.880000000000049,0.0001822581663630847,6.824999999999948,-8.737723214282596,71.5,56.70000000000073,0.8298755186722493,0.004149377593300865,0.16597510373444985,4,2,0.0004037076510674531,12.049999999999272,10.0,0.0,2024-08-02T12:59:00+05:30,24780.3,30,3.900000000001455,24.899999999997817,-4.799999999999272,-6.299999999999272,False,False,-1.230769230768585
NIFTY:2024-08-02,2024-08-02,NIFTY,compression_expansion_up,2024-08-02T14:20:00+05:30,2024-08-02T14:20:00+05:30,UP,{},"{'source_path': '/Users/madhuram/tradebot-structural-edge-discovery-v3/runtime/upstox_candidate_replay.zip!upstox_candidate_replay/20240802/underlying/NIFTY_20240802.parquet', 'source_hash': '4357f109ed631802b3774c34db9c318f71742f8e99de307408af71bf00810707'}",{'completed_bar_only': True},"{'buy_ce_allowed': True, 'buy_pe_allowed': False, 'research_only': True}",0f52b769cbe79fc6be68ecdc318138d8be890ffa3802c1cef7925a2984723393,24774.7,2024-08-02 14:19:00+05:30,304,-0.009853635127569442,100.80000000000291,0.0,121.89999999999782,10.579999999999563,9.943333333333431,0.00026609218414067466,9.764285714285766,-12.543934426230408,77.20000000000073,51.0,0.8830409356727175,0.05263157894724525,0.06432748538003734,0,2,0.0006341128478533076,17.099999999998545,15.100000000002183,0.0,2024-08-02T14:20:00+05:30,24774.75,30,17.799999999999272,55.79999999999927,-48.29999999999927,-49.79999999999927,False,False,-2.7134831460674858
NIFTY:2024-08-05,2024-08-05,NIFTY,compression_expansion_up,2024-08-05T12:14:00+05:30,2024-08-05T12:14:00+05:30,UP,{},"{'source_path': '/Users/madhuram/tradebot-structural-edge-discovery-v3/runtime/upstox_candidate_replay.zip!upstox_candidate_replay/20240805/underlying/NIFTY_20240805.parquet', 'source_hash': '4357f109ed631802b3774c34db9c318f71742f8e99de307408af71bf00810707'}",{'completed_bar_only': True},"{'buy_ce_allowed': True, 'buy_pe_allowed': False, 'research_only': True}",021039ee33a2f849862a8bb4ae2c84b092c0a6e59b4a94c8bc54d87d48937ff0,24038.75,2024-08-05 12:13:00+05:30,178,-0.027605877863677214,140.45000000000073,0.0,165.0500000000029,12.78000000000029,15.213333333333383,0.0005070489194819129,14.300000000000052,-111.87849162011116,311.2999999999993,145.04999999999927,0.937915742793735,0.028824833702943295,0.03325942350332165,11,0,0.0008618518156136012,22.55000000000291,21.150000000001455,0.0,2024-08-05T12:14:00+05:30,24037.65,30,19.149999999997817,105.15000000000146,-91.25,-92.75,False,False,-4.76501305483083
NIFTY:2024-08-05,2024-08-05,NIFTY,compression_expansion_up,2024-08-05T13:26:00+05:30,2024-08-05T13:26:00+05:30,UP,{},"{'source_path': '/Users/madhuram/tradebot-structural-edge-discovery-v3/runtime/upstox_candidate_replay.zip!upstox_candidate_replay/20240805/underlying/NIFTY_20240805.parquet', 'source_hash': '4357f109ed631802b3774c34db9c318f71742f8e99de307408af71bf00810707'}",{'completed_bar_only': True},"{'buy_ce_allowed': True, 'buy_pe_allowed': False, 'research_only': True}",7316b4c3f5410e8db9b643f132b2de2ffc3d55ad3842152c0a36ecc9868ddd3d,24038.3,2024-08-05 13:25:00+05:30,250,-0.027763776116472228,140.45000000000073,0.0,165.0500000000029,15.279999999999564,17.166666666666423,0.0006613917642775084,17.707142857142703,-64.6249003984085,311.75,144.59999999999854,0.982035928143683,0.0,0.01796407185631699,6,0,0.0010014886994180738,25.049999999999272,24.599999999998545,0.0,2024-08-05T13:26:00+05:30,24037.2,30,90.14999999999782,16.650000000001455,71.25,69.75,True,True,0.7903494176372904
NIFTY:2024-08-05,2024-08-05,NIFTY,compression_expansion_up,2024-08-05T13:48:00+05:30,2024-08-05T13:48:00+05:30,UP,{},"{'source_path': '/Users/madhuram/tradebot-structural-edge-discovery-v3/runtime/upstox_candidate_replay.zip!upstox_candidate_replay/20240805/underlying/NIFTY_20240805.parquet', 'source_hash': '4357f109ed631802b3774c34db9c318f71742f8e99de307408af71bf00810707'}",{'completed_bar_only': True},"{'buy_ce_allowed': True, 'buy_pe_allowed': False, 'research_only': True}",9f65eb97b5ef4bf82977e99457be7a49d4b37a28837cfdd951c7e88170cc1537,24105.9,2024-08-05 13:47:00+05:30,272,-0.024919583229586085,140.45000000000073,0.0,165.0500000000029,14.559999999999855,15.033333333333577,0.0005234009767313956,14.785714285714546,5.960439560440136,244.14999999999782,212.20000000000073,1.0,0.0,0.0,4,0,0.000921785273857445,21.950000000000728,21.950000000000728,0.0,2024-08-05T13:48:00+05:30,24105.95,30,21.399999999997817,34.75,-18.900000000001455,-20.400000000001455,False,False,-0.8831775700936161
NIFTY:2024-08-05,2024-08-05,NIFTY,compression_expansion_up,2024-08-05T14:44:00+05:30,2024-08-05T14:44:00+05:30,UP,{},"{'source_path': '/Users/madhuram/tradebot-structural-edge-discovery-v3/runtime/upstox_candidate_replay.zip!upstox_candidate_replay/20240805/underlying/NIFTY_20240805.parquet', 'source_hash': '4357f109ed631802b3774c34db9c318f71742f8e99de307408af71bf00810707'}",{'completed_bar_only': True},"{'buy_ce_allowed': True, 'buy_pe_allowed': False, 'research_only': True}",412cb39a701efcfe8eaac3713e8eb73adc4b09f5e39beb1851fbe4c429b917c8,24078.0,2024-08-05 14:43:00+05:30,328,-0.025986408604240264,140.45000000000073,0.0,165.0500000000029,13.940000000000873,15.520000000000922,0.0005115569602738969,15.61428571428665,-18.412158054710744,272.0499999999993,184.29999999999927,0.8482328482328061,0.1517671517671939,0.0,8,0,0.0008687663932893663,24.05000000000291,20.400000000001455,0.0,2024-08-05T14:44:00+05:30,24078.35,30,36.650000000001455,46.94999999999709,-29.5,-31.0,False,False,-0.8049113233287538
NIFTY:2024-08-05,2024-08-05,NIFTY,compression_expansion_up,2024-08-05T15:00:00+05:30,2024-08-05T15:00:00+05:30,UP,{},"{'source_path': '/Users/madhuram/tradebot-structural-edge-discovery-v3/runtime/upstox_candidate_replay.zip!upstox_candidate_replay/20240805/underlying/NIFTY_20240805.parquet', 'source_hash': '4357f109ed631802b3774c34db9c318f71742f8e99de307408af71bf00810707'}",{'completed_bar_only': True},"{'buy_ce_allowed': True, 'buy_pe_allowed': False, 'research_only': True}",5fd69682200932dcadf4d97769ca201d2d6838cd4b92b69da1029cb803be9500,24110.95,2024-08-05 14:59:00+05:30,344,-0.024816342064297007,140.45000000000073,0.0,165.0500000000029,13.38000000000029,11.906666666666812,0.0003757910420136676,12.02142857142878,14.546231884058216,239.09999999999854,217.25,0.8890909090909356,0.07636363636358345,0.034545454545481004,0,0,0.0009714562087053125,27.5,24.450000000000728,0.0,2024-08-05T15:00:00+05:30,24107.7,30,2.5499999999992724,76.29999999999927,-55.900000000001455,-57.400000000001455,False,False,-21.921568627457805
NIFTY:2024-08-06,2024-08-06,NIFTY,compression_expansion_up,2024-08-06T09:46:00+05:30,2024-08-06T09:46:00+05:30,UP,{},"{'source_path': '/Users/madhuram/tradebot-structural-edge-discovery-v3/runtime/upstox_candidate_replay.zip!upstox_candidate_replay/20240806/underlying/NIFTY_20240806.parquet', 'source_hash': '4357f109ed631802b3774c34db9c318f71742f8e99de307408af71bf00810707'}",{'completed_bar_only': True},"{'buy_ce_allowed': True, 'buy_pe_allowed': False, 'research_only': True}",5bc9a303a695bc0fd661cc81cd1c6205dacea293bdebec52611410fcfaa7b0a5,24290.4,2024-08-06 09:45:00+05:30,30,0.008980616835330413,193.09999999999854,0.0,456.34999999999854,15.170000000000437,17.773333333333238,0.0005675299146867624,17.964285714285715,-23.66129032257959,92.19999999999709,100.90000000000146,0.859315589353719,0.09125475285163055,0.04942965779465051,26,1,0.0010797800875363972,26.299999999999272,22.600000000002183,0.0,2024-08-06T09:46:00+05:30,24290.1,30,57.70000000000073,12.25,9.5,8.0,True,True,0.16464471403812617
NIFTY:2024-08-06,2024-08-06,NIFTY,compression_expansion_up,2024-08-06T11:16:00+05:30,2024-08-06T11:16:00+05:30,UP,{},"{'source_path': '/Users/madhuram/tradebot-structural-edge-discovery-v3/runtime/upstox_candidate_replay.zip!upstox_candidate_replay/20240806/underlying/NIFTY_20240806.parquet', 'source_hash': '4357f109ed631802b3774c34db9c318f71742f8e99de307408af71bf00810707'}",{'completed_bar_only': True},"{'buy_ce_allowed': True, 'buy_pe_allowed': False, 'research_only': True}",23e8e52a0aff9405ece3cb824e72e44b9ebce5278af54cafdbdf86b4e483d792,24253.25,2024-08-06 11:15:00+05:30,120,0.007267647327850692,193.09999999999854,0.0,456.34999999999854,15.099999999999273,14.816666666666425,0.0005798744563778248,13.764285714285506,-16.083057851239573,129.34999999999854,122.25,0.9925512104284134,0.0,0.00744878957158661,0,1,0.0011330895161356658,26.849999999998545,26.650000000001455,0.0,2024-08-06T11:16:00+05:30,24253.75,30,6.599999999998545,41.150000000001455,-21.400000000001455,-22.900000000001455,False,False,-3.242424242425178
NIFTY:2024-08-06,2024-08-06,NIFTY,compression_expansion_up,2024-08-06T12:05:00+05:30,2024-08-06T12:05:00+05:30,UP,{},"{'source_path': '/Users/madhuram/tradebot-structural-edge-discovery-v3/runtime/upstox_candidate_replay.zip!upstox_candidate_replay/20240806/underlying/NIFTY_20240806.parquet', 'source_hash': '4357f109ed631802b3774c34db9c318f71742f8e99de307408af71bf00810707'}",{'completed_bar_only': True},"{'buy_ce_allowed': True, 'buy_pe_allowed': False, 'research_only': True}",18f30877a1234f8cf99fc0dfed23dd4f814bb2901550e124ae9403d50906a697,24246.55,2024-08-06 12:04:00+05:30,169,0.007658470467906798,193.09999999999854,0.0,456.34999999999854,8.690000000000145,8.383333333333576,0.000274399376041133,8.628571428571636,-11.623529411765048,136.04999999999927,115.54999999999927,0.8828451882844042,0.02928870292905117,0.08786610878654465,0,1,0.0004249832379183971,11.950000000000728,10.549999999999272,0.0,2024-08-06T12:05:00+05:30,24247.15,30,1.7999999999992724,79.05000000000291,-66.80000000000291,-68.30000000000291,False,False,-37.11111111112773
NIFTY:2024-08-06,2024-08-06,NIFTY,compression_expansion_up,2024-08-06T14:46:00+05:30,2024-08-06T14:46:00+05:30,UP,{},"{'source_path': '/Users/madhuram/tradebot-structural-edge-discovery-v3/runtime/upstox_candidate_replay.zip!upstox_candidate_replay/20240806/underlying/NIFTY_20240806.parquet', 'source_hash': '4357f109ed631802b3774c34db9c318f71742f8e99de307408af71bf00810707'}",{'completed_bar_only': True},"{'buy_ce_allowed': True, 'buy_pe_allowed': False, 'research_only': True}",e906efe518cc1f7198ec672c3c603fbcbfd816f121cfcdf763109319b792e485,23994.3,2024-08-06 14:45:00+05:30,330,-0.0030247216424550347,193.09999999999854,0.0,456.34999999999854,14.109999999999854,12.493333333332945,0.0003488103316579458,12.589285714285454,-200.5909365558946,388.2999999999993,17.899999999997817,0.6559139784946236,0.23010752688181432,0.11397849462356203,0,1,0.0006255395278427223,23.25,15.25,0.0,2024-08-06T14:46:00+05:30,23995.4,30,53.94999999999709,35.0,-27.700000000000728,-29.200000000000728,True,True,-0.5134383688600967
NIFTY:2024-08-06,2024-08-06,NIFTY,compression_expansion_up,2024-08-06T15:28:00+05:30,2024-08-06T15:28:00+05:30,UP,{},"{'source_path': '/Users/madhuram/tradebot-structural-edge-discovery-v3/runtime/upstox_candidate_replay.zip!upstox_candidate_replay/20240806/underlying/NIFTY_20240806.parquet', 'source_hash': '4357f109ed631802b3774c34db9c318f71742f8e99de307408af71bf00810707'}",{'completed_bar_only': True},"{'buy_ce_allowed': True, 'buy_pe_allowed': False, 'research_only': True}",191707ede9382663d7df752d9dbf8e7de5cf95bac50d32f4c2f5fabe9800192e,24028.2,2024-08-06 15:27:00+05:30,372,-0.0014364829243549038,193.09999999999854,0.0,456.34999999999854,10.439999999999419,11.066666666666425,0.0002646224827185,10.753571428571117,-143.91809651474614,354.3999999999978,67.79999999999927,0.4910313901345778,0.5044843049327519,0.0044843049326703174,11,1,0.0004600878955245413,22.299999999999272,10.950000000000728,0.0,2024-08-06T15:28:00+05:30,24028.65,30,5.349999999998545,3.75,4.399999999997817,2.899999999997817,False,False,0.8224299065418718
NIFTY:2024-08-07,2024-08-07,NIFTY,compression_expansion_up,2024-08-07T11:37:00+05:30,2024-08-07T11:37:00+05:30,UP,{},"{'source_path': '/Users/madhuram/tradebot-structural-edge-discovery-v3/runtime/upstox_candidate_replay.zip!upstox_candidate_replay/20240807/underlying/NIFTY_20240807.parquet', 'source_hash': '4357f109ed631802b3774c34db9c318f71742f8e99de307408af71bf00810707'}",{'completed_bar_only': True},"{'buy_ce_allowed': True, 'buy_pe_allowed': False, 'research_only': True}",445c3d8091bfe888d05d6d5d60ccc8853b23b71020a9a2d251aca22ed77030a4,24249.4,2024-08-07 11:36:00+05:30,141,0.008386367939150432,63.75,0.0,422.1999999999971,10.78000000000029,11.819999999999952,0.0003331737182289903,11.953571428571324,-1.365492957746028,88.29999999999927,64.5,0.8554913294797931,0.1445086705202069,0.0,8,2,0.0006540519238824594,17.30000000000291,14.80000000000291,0.0,2024-08-07T11:37:00+05:30,24249.25,30,4.700000000000728,30.75,-13.549999999999272,-15.049999999999272,False,False,-2.8829787234036544
NIFTY:2024-08-07,2024-08-07,NIFTY,compression_expansion_up,2024-08-07T13:36:00+05:30,2024-08-07T13:36:00+05:30,UP,{},"{'source_path': '/Users/madhuram/tradebot-structural-edge-discovery-v3/runtime/upstox_candidate_replay.zip!upstox_candidate_replay/20240807/underlying/NIFTY_20240807.parquet', 'source_hash': '4357f109ed631802b3774c34db9c318f71742f8e99de307408af71bf00810707'}",{'completed_bar_only': True},"{'buy_ce_allowed': True, 'buy_pe_allowed': False, 'research_only': True}",05423d73f8d27f65f4ced61722884f64976a94d9fe914b834ceef019999ac80b,24211.25,2024-08-07 13:35:00+05:30,260,0.0069071549387198046,63.75,0.0,422.1999999999971,10.880000000001019,10.923333333333964,0.0003123835977131015,11.285714285714805,-31.391379310345656,126.45000000000073,26.349999999998545,0.7554179566563237,0.05882352941180446,0.18575851393187182,4,2,0.0005392963112957894,16.150000000001455,12.200000000000728,0.0,2024-08-07T13:36:00+05:30,24212.8,30,26.299999999999272,3.75,10.25,8.75,True,True,0.3897338403041933
NIFTY:2024-08-07,2024-08-07,NIFTY,compression_expansion_up,2024-08-07T13:42:00+05:30,2024-08-07T13:42:00+05:30,UP,{},"{'source_path': '/Users/madhuram/tradebot-structural-edge-discovery-v3/runtime/upstox_candidate_replay.zip!upstox_candidate_replay/20240807/underlying/NIFTY_20240807.parquet', 'source_hash': '4357f109ed631802b3774c34db9c318f71742f8e99de307408af71bf00810707'}",{'completed_bar_only': True},"{'buy_ce_allowed': True, 'buy_pe_allowed': False, 'research_only': True}",990ca9ff5c60c262b4329a4fdf25ff2905fad501bd684709254d9bfcce57754b,24225.6,2024-08-07 13:41:00+05:30,266,0.007749744622509419,63.75,0.0,422.1999999999971,10.28000000000029,10.523333333333964,0.00023580364342737134,10.242857142857767,-16.46273408239722,112.10000000000218,40.69999999999709,0.34146341463409347,0.44444444444446635,0.21409214092144022,10,2,0.0002828387096773799,18.450000000000728,6.299999999999272,0.0,2024-08-07T13:42:00+05:30,24227.7,30,11.399999999997817,18.650000000001455,6.700000000000728,5.200000000000728,False,False,0.5877192982457904
NIFTY:2024-08-07,2024-08-07,NIFTY,compression_expansion_up,2024-08-07T14:58:00+05:30,2024-08-07T14:58:00+05:30,UP,{},"{'source_path': '/Users/madhuram/tradebot-structural-edge-discovery-v3/runtime/upstox_candidate_replay.zip!upstox_candidate_replay/20240807/underlying/NIFTY_20240807.parquet', 'source_hash': '4357f109ed631802b3774c34db9c318f71742f8e99de307408af71bf00810707'}",{'completed_bar_only': True},"{'buy_ce_allowed': True, 'buy_pe_allowed': False, 'research_only': True}",9b56eb4fa293840e98bd1c658e1c1bd244b0a8200839c0893923a0b9be3c5ab8,24274.65,2024-08-07 14:57:00+05:30,342,0.009266406053330756,63.75,0.0,422.1999999999971,9.660000000000583,8.876666666667006,0.00030353384352535166,8.996428571428883,30.794314868806396,63.04999999999927,89.75,0.9152542372881416,0.029055690072566708,0.055690072639291724,0,2,0.0008204578484627412,20.650000000001455,18.900000000001455,0.0,2024-08-07T14:58:00+05:30,24272.1,30,44.80000000000291,9.849999999998545,37.0,35.5,True,True,0.8258928571428035
NIFTY:2024-08-07,2024-08-07,NIFTY,compression_expansion_up,2024-08-07T15:11:00+05:30,2024-08-07T15:11:00+05:30,UP,{},"{'source_path': '/Users/madhuram/tradebot-structural-edge-discovery-v3/runtime/upstox_candidate_replay.zip!upstox_candidate_replay/20240807/underlying/NIFTY_20240807.parquet', 'source_hash': '4357f109ed631802b3774c34db9c318f71742f8e99de307408af71bf00810707'}",{'completed_bar_only': True},"{'buy_ce_allowed': True, 'buy_pe_allowed': False, 'research_only': True}",2bfb32379b6203c7adff7b43e8d1e3db3e0460a01c4c4e2b37fc682fd1b0ad1d,24305.6,2024-08-07 15:10:00+05:30,355,0.011005677598140895,63.75,0.0,422.1999999999971,8.030000000001019,8.273333333333479,0.0002650045523308524,8.421428571428676,60.29691011235627,32.10000000000218,120.69999999999709,0.5476190476189711,0.452380952381029,0.0,9,2,0.0003230751818583677,14.700000000000728,8.049999999999272,0.0,2024-08-07T15:11:00+05:30,24306.3,30,10.600000000002183,10.450000000000728,8.950000000000728,7.450000000000728,True,False,0.8443396226414042
NIFTY:2024-08-07,2024-08-07,NIFTY,compression_expansion_up,2024-08-07T15:27:00+05:30,2024-08-07T15:27:00+05:30,UP,{},"{'source_path': '/Users/madhuram/tradebot-structural-edge-discovery-v3/runtime/upstox_candidate_replay.zip!upstox_candidate_replay/20240807/underlying/NIFTY_20240807.parquet', 'source_hash': '4357f109ed631802b3774c34db9c318f71742f8e99de307408af71bf00810707'}",{'completed_bar_only': True},"{'buy_ce_allowed': True, 'buy_pe_allowed': False, 'research_only': True}",0724df0a0ed7649a9d3a17f5bed82611db66ee4e07ad0953aa0bd2c7dd6c3556,24306.8,2024-08-07 15:26:00+05:30,371,0.011043126028531604,63.75,0.0,422.1999999999971,7.189999999999418,6.949999999999515,0.00021533883502026713,6.928571428570909,58.76787634408902,30.900000000001455,121.89999999999782,0.7106382978722166,0.0680851063829168,0.22127659574486663,0,2,0.00030041770406796786,11.75,8.349999999998545,0.0,2024-08-07T15:27:00+05:30,24306.75,30,9.299999999999272,1.7000000000007276,8.5,7.0,False,False,0.9139784946237274
NIFTY:2024-08-08,2024-08-08,NIFTY,compression_expansion_up,2024-08-08T09:26:00+05:30,2024-08-08T09:26:00+05:30,UP,{},"{'source_path': '/Users/madhuram/tradebot-structural-edge-discovery-v3/runtime/upstox_candidate_replay.zip!upstox_candidate_replay/20240808/underlying/NIFTY_20240808.parquet', 'source_hash': '4357f109ed631802b3774c34db9c318f71742f8e99de307408af71bf00810707'}",{'completed_bar_only': True},"{'buy_ce_allowed': True, 'buy_pe_allowed': False, 'research_only': True}",713e5fe7c3bcca3107d4d8c16c1a8dfac2ce26492c158d78c88ef4f1b2fb2d2c,24236.8,2024-08-08 09:25:00+05:30,10,-0.003545100297138657,61.64999999999782,0.0,152.79999999999927,14.520000000000437,17.381818181818247,0.0003751602189791858,17.381818181818247,7.731818181819108,23.25,38.39999999999782,0.31062124248496087,0.6893787575150391,0.0,6,0,0.0002682591631140152,24.950000000000728,7.75,0.0,2024-08-08T09:26:00+05:30,24237.4,30,26.099999999998545,44.55000000000291,2.6999999999970896,1.1999999999970896,False,False,0.10344827586196323
NIFTY:2024-08-08,2024-08-08,NIFTY,compression_expansion_up,2024-08-08T09:32:00+05:30,2024-08-08T09:32:00+05:30,UP,{},"{'source_path': '/Users/madhuram/tradebot-structural-edge-discovery-v3/runtime/upstox_candidate_replay.zip!upstox_candidate_replay/20240808/underlying/NIFTY_20240808.parquet', 'source_hash': '4357f109ed631802b3774c34db9c318f71742f8e99de307408af71bf00810707'}",{'completed_bar_only': True},"{'buy_ce_allowed': True, 'buy_pe_allowed': False, 'research_only': True}",2943ed2b91ec5d2bff0a3e86d07e387bfb995ba5b432fd5327be49cf7eeb45c3,24260.15,2024-08-08 09:31:00+05:30,16,-0.003981040704907384,61.64999999999782,0.0,152.79999999999927,16.470000000000436,15.726666666667006,0.0005745270488137404,15.582142857143221,29.976470588237135,3.349999999998545,61.75,0.8510204081632802,0.06836734693874581,0.08061224489797403,0,0,0.0017590549002686195,49.0,41.70000000000073,0.0,2024-08-08T09:32:00+05:30,24260.5,30,1.4500000000007276,67.65000000000146,-48.650000000001455,-50.150000000001455,False,False,-33.5517241379152
NIFTY:2024-08-08,2024-08-08,NIFTY,compression_expansion_up,2024-08-08T10:28:00+05:30,2024-08-08T10:28:00+05:30,UP,{},"{'source_path': '/Users/madhuram/tradebot-structural-edge-discovery-v3/runtime/upstox_candidate_replay.zip!upstox_candidate_replay/20240808/underlying/NIFTY_20240808.parquet', 'source_hash': '4357f109ed631802b3774c34db9c318f71742f8e99de307408af71bf00810707'}",{'completed_bar_only': True},"{'buy_ce_allowed': True, 'buy_pe_allowed': False, 'research_only': True}",1517d8584611839b4498661bcc824fdb90a84193a13ea41daccb18f2b3ec7971,24235.6,2024-08-08 10:27:00+05:30,72,-0.005874913891487792,61.64999999999782,0.0,152.79999999999927,22.620000000001163,17.66333333333411,0.0007255384289195411,17.628571428572155,26.965753424654395,27.900000000001455,116.29999999999927,0.9738058551617207,0.020801232665672614,0.005392912172606702,0,0,0.002620773821220501,64.90000000000146,63.19999999999709,0.0,2024-08-08T10:28:00+05:30,24234.85,30,24.75,100.44999999999709,-87.09999999999854,-88.59999999999854,False,False,-3.5191919191918606
NIFTY:2024-08-08,2024-08-08,NIFTY,compression_expansion_up,2024-08-08T10:50:00+05:30,2024-08-08T10:50:00+05:30,UP,{},"{'source_path': '/Users/madhuram/tradebot-structural-edge-discovery-v3/runtime/upstox_candidate_replay.zip!upstox_candidate_replay/20240808/underlying/NIFTY_20240808.parquet', 'source_hash': '4357f109ed631802b3774c34db9c318f71742f8e99de307408af71bf00810707'}",{'completed_bar_only': True},"{'buy_ce_allowed': True, 'buy_pe_allowed': False, 'research_only': True}",3ef64076550febf6f811037b1ae36bac358f19a20223dd8f340f37821f8fd1bd,24191.2,2024-08-08 10:49:00+05:30,94,-0.005149031986099288,61.64999999999782,0.0,152.79999999999927,11.839999999999417,13.14333333333343,0.000371370942156791,12.90714285714291,-14.772631578944129,72.29999999999927,71.90000000000146,0.04862579281190534,0.025369978858291762,0.9260042283298029,12,0,5.5808531264300854e-05,23.649999999997817,1.1500000000014552,0.0,2024-08-08T10:50:00+05:30,24190.95,30,62.0,56.54999999999927,37.95000000000073,36.45000000000073,True,True,0.6120967741935601
NIFTY:2024-08-08,2024-08-08,NIFTY,compression_expansion_up,2024-08-08T10:52:00+05:30,2024-08-08T10:52:00+05:30,UP,{},"{'source_path': '/Users/madhuram/tradebot-structural-edge-discovery-v3/runtime/upstox_candidate_replay.zip!upstox_candidate_replay/20240808/underlying/NIFTY_20240808.parquet', 'source_hash': '4357f109ed631802b3774c34db9c318f71742f8e99de307408af71bf00810707'}",{'completed_bar_only': True},"{'buy_ce_allowed': True, 'buy_pe_allowed': False, 'research_only': True}",70e3f2572199f9f1587a1b8777e0edbfad114f4584ce7e9f53eaf91009d5db13,24213.05,2024-08-08 10:51:00+05:30,96,-0.005284749282857466,61.64999999999782,0.0,152.79999999999927,16.289999999999417,13.563333333333382,0.000443784213940133,12.535714285714286,7.200515463919146,50.45000000000073,93.75,0.8900169204737706,0.10998307952622945,0.0,0,0,0.0010790943049867607,29.549999999999272,26.299999999999272,0.0,2024-08-08T10:52:00+05:30,24212.85,30,40.10000000000218,78.44999999999709,-6.0,-7.5,False,False,-0.1496259351620866
NIFTY:2024-08-08,2024-08-08,NIFTY,compression_expansion_up,2024-08-08T11:36:00+05:30,2024-08-08T11:36:00+05:30,UP,{},"{'source_path': '/Users/madhuram/tradebot-structural-edge-discovery-v3/runtime/upstox_candidate_replay.zip!upstox_candidate_replay/20240808/underlying/NIFTY_20240808.parquet', 'source_hash': '4357f109ed631802b3774c34db9c318f71742f8e99de307408af71bf00810707'}",{'completed_bar_only': True},"{'buy_ce_allowed': True, 'buy_pe_allowed': False, 'research_only': True}",6aca5aac424205a3e2128c0b5d9bdd5f94fdca617d1b21a52defc4105f58f1f7,24205.5,2024-08-08 11:35:00+05:30,140,-0.00526418605607592,61.64999999999782,0.0,152.79999999999927,14.840000000000146,13.163333333333382,0.0004206754421390725,12.067857142857195,4.361702127658646,58.0,86.20000000000073,0.7749469214437607,0.0,0.22505307855623932,0,0,0.0006966077065069243,23.549999999999272,18.25,0.0,2024-08-08T11:36:00+05:30,24204.5,30,44.25,22.900000000001455,30.0,28.5,True,True,0.6779661016949152
NIFTY:2024-08-08,2024-08-08,NIFTY,compression_expansion_up,2024-08-08T11:49:00+05:30,2024-08-08T11:49:00+05:30,UP,{},"{'source_path': '/Users/madhuram/tradebot-structural-edge-discovery-v3/runtime/upstox_candidate_replay.zip!upstox_candidate_replay/20240808/underlying/NIFTY_20240808.parquet', 'source_hash': '4357f109ed631802b3774c34db9c318f71742f8e99de307408af71bf00810707'}",{'completed_bar_only': True},"{'buy_ce_allowed': True, 'buy_pe_allowed': False, 'research_only': True}",24d898ec7c15d6121f587ea58992445187ae81565350fd6a9bc2808facf35630,24212.65,2024-08-08 11:48:00+05:30,153,-0.004910498555433378,61.64999999999782,0.0,152.79999999999927,10.150000000000727,12.226666666666764,0.0003504366397220056,12.628571428571377,11.814935064936435,50.849999999998545,93.35000000000218,0.8506329113925524,0.012658227848101266,0.13670886075934632,8,0,0.000679858820806567,19.75,16.80000000000291,0.0,2024-08-08T11:49:00+05:30,24212.0,30,113.70000000000073,0.0,91.79999999999927,90.29999999999927,True,True,0.8073878627968222
NIFTY:2024-08-08,2024-08-08,NIFTY,compression_expansion_up,2024-08-08T11:50:00+05:30,2024-08-08T11:50:00+05:30,UP,{},"{'source_path': '/Users/madhuram/tradebot-structural-edge-discovery-v3/runtime/upstox_candidate_replay.zip!upstox_candidate_replay/20240808/underlying/NIFTY_20240808.parquet', 'source_hash': '4357f109ed631802b3774c34db9c318f71742f8e99de307408af71bf00810707'}",{'completed_bar_only': True},"{'buy_ce_allowed': True, 'buy_pe_allowed': False, 'research_only': True}",72fd88115f89838208804b97d8c704274a0061256129d2248a9c427f9b747328,24231.55,2024-08-08 11:49:00+05:30,154,-0.004246306330389364,61.64999999999782,0.0,152.79999999999927,13.620000000000436,13.203333333333285,0.000395297879174881,12.464285714285714,30.516774193547462,31.950000000000728,112.25,0.9199999999999657,0.08000000000003424,0.0,0,0,0.0007805837031467089,21.25,19.549999999999272,0.0,2024-08-08T11:50:00+05:30,24232.35,30,102.80000000000291,15.299999999999272,102.15000000000146,100.65000000000146,True,True,0.9936770428015425
NIFTY:2024-08-09,2024-08-09,NIFTY,compression_expansion_up,2024-08-09T10:51:00+05:30,2024-08-09T10:51:00+05:30,UP,{},"{'source_path': '/Users/madhuram/tradebot-structural-edge-discovery-v3/runtime/upstox_candidate_replay.zip!upstox_candidate_replay/20240809/underlying/NIFTY_20240809.parquet', 'source_hash': '4357f109ed631802b3774c34db9c318f71742f8e99de307408af71bf00810707'}",{'completed_bar_only': True},"{'buy_ce_allowed': True, 'buy_pe_allowed': False, 'research_only': True}",c8201e66eed3b7e53f2ce67737f3258cae60f25eaaeda4e586af67daebc86505,24347.6,2024-08-09 10:50:00+05:30,95,0.01009598028109397,89.5,0.0,260.7999999999993,12.15,10.136666666666619,0.00023866130844085108,9.567857142856935,-14.785416666669335,72.15000000000146,36.39999999999782,0.27518427518422334,0.7248157248157766,0.0,0,3,0.00020951011605219172,20.349999999998545,5.599999999998545,0.0,2024-08-09T10:51:00+05:30,24347.45,30,22.25,10.200000000000728,2.099999999998545,0.5999999999985448,True,True,0.09438202247184471
NIFTY:2024-08-09,2024-08-09,NIFTY,compression_expansion_up,2024-08-09T11:26:00+05:30,2024-08-09T11:26:00+05:30,UP,{},"{'source_path': '/Users/madhuram/tradebot-structural-edge-discovery-v3/runtime/upstox_candidate_replay.zip!upstox_candidate_replay/20240809/underlying/NIFTY_20240809.parquet', 'source_hash': '4357f109ed631802b3774c34db9c318f71742f8e99de307408af71bf00810707'}",{'completed_bar_only': True},"{'buy_ce_allowed': True, 'buy_pe_allowed': False, 'research_only': True}",f280ffec41fe47aee066e7050a3a526a544cbdafefc7b14bf56ddccb2a8b7414,24359.35,2024-08-09 11:25:00+05:30,130,0.010510940424172228,89.5,0.0,260.7999999999993,5.410000000000582,6.356666666667055,0.00019414266141221353,6.360714285714754,-0.018320610688533634,60.400000000001455,48.14999999999782,0.816666666666505,0.1055555555556364,0.07777777777785862,5,3,0.0002874465913966784,9.0,7.349999999998545,0.0,2024-08-09T11:26:00+05:30,24359.45,30,11.950000000000728,14.600000000002183,11.799999999999272,10.299999999999272,False,False,0.9874476987446489
NIFTY:2024-08-09,2024-08-09,NIFTY,compression_expansion_up,2024-08-09T11:43:00+05:30,2024-08-09T11:43:00+05:30,UP,{},"{'source_path': '/Users/madhuram/tradebot-structural-edge-discovery-v3/runtime/upstox_candidate_replay.zip!upstox_candidate_replay/20240809/underlying/NIFTY_20240809.parquet', 'source_hash': '4357f109ed631802b3774c34db9c318f71742f8e99de307408af71bf00810707'}",{'completed_bar_only': True},"{'buy_ce_allowed': True, 'buy_pe_allowed': False, 'research_only': True}",745a4561d5ce94dd186a9abe1d2cd7e75edfc23ba77c5be49e84da613e6edee4,24360.65,2024-08-09 11:42:00+05:30,147,0.010589782851357157,89.5,0.0,260.7999999999993,5.05,5.309999999999855,0.0001234499833024079,5.26071428571413,2.2334459459489153,59.099999999998545,49.45000000000073,0.6553398058250576,0.0,0.3446601941749425,7,3,0.0002915386052546598,10.30000000000291,6.75,0.0,2024-08-09T11:43:00+05:30,24360.15,30,14.75,10.80000000000291,-4.950000000000728,-6.450000000000728,True,False,-0.3355932203390324
NIFTY:2024-08-09,2024-08-09,NIFTY,compression_expansion_up,2024-08-09T12:18:00+05:30,2024-08-09T12:18:00+05:30,UP,{},"{'source_path': '/Users/madhuram/tradebot-structural-edge-discovery-v3/runtime/upstox_candidate_replay.zip!upstox_candidate_replay/20240809/underlying/NIFTY_20240809.parquet', 'source_hash': '4357f109ed631802b3774c34db9c318f71742f8e99de307408af71bf00810707'}",{'completed_bar_only': True},"{'buy_ce_allowed': True, 'buy_pe_allowed': False, 'research_only': True}",9825757576bfa8bf16261306f8623f00b4cfc9bc1409e91bb0d4636d32302fb7,24357.1,2024-08-09 12:17:00+05:30,182,0.010606381257080197,89.5,0.0,260.7999999999993,5.269999999999709,5.270000000000437,0.00013209391997979594,5.367857142857507,-1.9196721311454894,62.650000000001455,45.89999999999782,0.3544303797468413,0.5000000000002303,0.14556962025292847,7,3,9.033089850496445e-05,7.899999999997817,2.7999999999992724,0.0,2024-08-09T12:18:00+05:30,24357.0,30,14.150000000001455,12.299999999999272,-1.2000000000007276,-2.7000000000007276,True,False,-0.08480565371029004
NIFTY:2024-08-09,2024-08-09,NIFTY,compression_expansion_up,2024-08-09T13:11:00+05:30,2024-08-09T13:11:00+05:30,UP,{},"{'source_path': '/Users/madhuram/tradebot-structural-edge-discovery-v3/runtime/upstox_candidate_replay.zip!upstox_candidate_replay/20240809/underlying/NIFTY_20240809.parquet', 'source_hash': '4357f109ed631802b3774c34db9c318f71742f8e99de307408af71bf00810707'}",{'completed_bar_only': True},"{'buy_ce_allowed': True, 'buy_pe_allowed': False, 'research_only': True}",18e03726a9ad77c7b817645b8ee3cbe77fff1db7412682812134b5a4563fd222,24347.7,2024-08-09 13:10:00+05:30,235,0.010122952690394118,89.5,0.0,260.7999999999993,6.790000000000146,5.9033333333332845,0.0001263161359497292,5.967857142857091,-9.587288135589915,72.04999999999927,36.5,0.46543778801842856,0.26267281105980894,0.2718894009217625,0,3,0.00021978157408808485,10.849999999998545,5.049999999999272,0.0,2024-08-09T13:11:00+05:30,24350.7,30,24.200000000000728,3.0499999999992724,9.450000000000728,7.950000000000728,True,True,0.3904958677686134
NIFTY:2024-08-09,2024-08-09,NIFTY,compression_expansion_up,2024-08-09T13:28:00+05:30,2024-08-09T13:28:00+05:30,UP,{},"{'source_path': '/Users/madhuram/tradebot-structural-edge-discovery-v3/runtime/upstox_candidate_replay.zip!upstox_candidate_replay/20240809/underlying/NIFTY_20240809.parquet', 'source_hash': '4357f109ed631802b3774c34db9c318f71742f8e99de307408af71bf00810707'}",{'completed_bar_only': True},"{'buy_ce_allowed': True, 'buy_pe_allowed': False, 'research_only': True}",44b61de4763b079c2104fd491ebff8941e27a4753ffddf3442e347e1e217e0c3,24366.2,2024-08-09 13:27:00+05:30,252,0.010824235332196282,89.5,0.0,260.7999999999993,5.529999999998836,5.839999999998933,0.00011790548563621657,5.774999999998856,8.938339920947328,53.54999999999927,55.0,0.8109756097562031,0.08536585365861774,0.10365853658517919,11,3,0.00028531256093677904,8.200000000000728,6.650000000001455,0.0,2024-08-09T13:28:00+05:30,24366.6,30,8.30000000000291,16.349999999998545,-6.0,-7.5,False,False,-0.7228915662648068
NIFTY:2024-08-09,2024-08-09,NIFTY,compression_expansion_up,2024-08-09T13:57:00+05:30,2024-08-09T13:57:00+05:30,UP,{},"{'source_path': '/Users/madhuram/tradebot-structural-edge-discovery-v3/runtime/upstox_candidate_replay.zip!upstox_candidate_replay/20240809/underlying/NIFTY_20240809.parquet', 'source_hash': '4357f109ed631802b3774c34db9c318f71742f8e99de307408af71bf00810707'}",{'completed_bar_only': True},"{'buy_ce_allowed': True, 'buy_pe_allowed': False, 'research_only': True}",c763c863a2e5a69ee70a5e3f47a6e82e8be59a8008a104fc49362d2024dd6b78,24368.85,2024-08-09 13:56:00+05:30,281,0.011013042197296858,89.5,0.0,260.7999999999993,5.860000000000582,6.136666666666618,0.0001244010949483467,6.232142857142857,10.859574468086066,50.900000000001455,57.64999999999782,0.4679802955664354,0.16256157635479987,0.36945812807876477,9,3,0.00022164348645192788,10.150000000001455,4.75,0.0,2024-08-09T13:57:00+05:30,24368.1,30,21.5,10.69999999999709,-1.25,-2.75,True,True,-0.05813953488372093
NIFTY:2024-08-09,2024-08-09,NIFTY,compression_expansion_up,2024-08-09T15:11:00+05:30,2024-08-09T15:11:00+05:30,UP,{},"{'source_path': '/Users/madhuram/tradebot-structural-edge-discovery-v3/runtime/upstox_candidate_replay.zip!upstox_candidate_replay/20240809/underlying/NIFTY_20240809.parquet', 'source_hash': '4357f109ed631802b3774c34db9c318f71742f8e99de307408af71bf00810707'}",{'completed_bar_only': True},"{'buy_ce_allowed': True, 'buy_pe_allowed': False, 'research_only': True}",fa47980011c226a930b2f5810c0d11436cff930eb790ff6481aa68791aa93579,24380.6,2024-08-09 15:10:00+05:30,355,0.011556639984729467,89.5,0.0,260.7999999999993,7.780000000000291,7.05,0.00023628408058202273,7.22857142857148,19.98735955055963,39.150000000001455,69.39999999999782,0.2969432314408385,0.4628820960700938,0.2401746724890677,0,3,0.00013742321221621445,11.450000000000728,3.399999999997817,0.0,2024-08-09T15:11:00+05:30,24381.1,30,0.0,24.149999999997817,-16.69999999999709,-18.19999999999709,False,False,0.0
NIFTY:2024-08-12,2024-08-12,NIFTY,compression_expansion_up,2024-08-12T10:36:00+05:30,2024-08-12T10:36:00+05:30,UP,{},"{'source_path': '/Users/madhuram/tradebot-structural-edge-discovery-v3/runtime/upstox_candidate_replay.zip!upstox_candidate_replay/20240812/underlying/NIFTY_20240812.parquet', 'source_hash': '4357f109ed631802b3774c34db9c318f71742f8e99de307408af71bf00810707'}",{'completed_bar_only': True},"{'buy_ce_allowed': True, 'buy_pe_allowed': False, 'research_only': True}",dc26484aa89fc6d860925bd56f7ecef287666c0858b73c59d0f5dd14cd99ad9a,24309.75,2024-08-12 10:35:00+05:30,80,-0.002698609446569585,64.45000000000073,0.0,108.54999999999927,10.169999999999709,8.740000000000387,0.00021752973238212613,8.785714285714546,38.7135802469129,13.950000000000728,97.65000000000146,0.6361031518623542,0.272206303724917,0.09169054441272871,0,0,0.0004547568388431067,17.450000000000728,11.099999999998545,0.0,2024-08-12T10:36:00+05:30,24310.65,30,100.54999999999927,5.80000000000291,82.59999999999854,81.09999999999854,True,True,0.8214818498259487
NIFTY:2024-08-12,2024-08-12,NIFTY,compression_expansion_up,2024-08-12T10:44:00+05:30,2024-08-12T10:44:00+05:30,UP,{},"{'source_path': '/Users/madhuram/tradebot-structural-edge-discovery-v3/runtime/upstox_candidate_replay.zip!upstox_candidate_replay/20240812/underlying/NIFTY_20240812.parquet', 'source_hash': '4357f109ed631802b3774c34db9c318f71742f8e99de307408af71bf00810707'}",{'completed_bar_only': True},"{'buy_ce_allowed': True, 'buy_pe_allowed': False, 'research_only': True}",d2ddc468b8f25d708e9471a5bc36f888a6972c463af060fbcfd87f400e7e8327,24350.35,2024-08-12 10:43:00+05:30,88,-0.0012128351200933701,64.45000000000073,0.0,108.54999999999927,9.890000000000873,8.830000000000533,0.0002103398267694224,9.053571428571948,74.48651685392906,1.5500000000029104,138.25,0.8031088082900343,0.08031088082915423,0.11658031088081143,0,0,0.0006163872720137409,19.30000000000291,15.5,0.0,2024-08-12T10:44:00+05:30,24349.9,30,85.64999999999782,11.05000000000291,84.89999999999782,83.39999999999782,True,True,0.9912434325744306
NIFTY:2024-08-12,2024-08-12,NIFTY,compression_expansion_up,2024-08-12T10:56:00+05:30,2024-08-12T10:56:00+05:30,UP,{},"{'source_path': '/Users/madhuram/tradebot-structural-edge-discovery-v3/runtime/upstox_candidate_replay.zip!upstox_candidate_replay/20240812/underlying/NIFTY_20240812.parquet', 'source_hash': '4357f109ed631802b3774c34db9c318f71742f8e99de307408af71bf00810707'}",{'completed_bar_only': True},"{'buy_ce_allowed': True, 'buy_pe_allowed': False, 'research_only': True}",03db7c1c80706f287ecb08c6cc56ba6514575228fabddcfece7d51b9d06ada1e,24375.6,2024-08-12 10:55:00+05:30,100,-0.00012723481801325633,64.45000000000073,0.0,108.54999999999927,11.370000000000436,10.906666666666812,0.00033117971284405345,11.289285714285922,90.54752475247733,1.4500000000007276,163.5,0.7132169576059746,0.07231920199505139,0.21446384039897398,0,2,0.000543871999211909,20.049999999999272,14.299999999999272,0.0,2024-08-12T10:56:00+05:30,24376.65,30,96.14999999999782,0.0,52.29999999999927,50.79999999999927,True,True,0.5439417576703116
NIFTY:2024-08-12,2024-08-12,NIFTY,compression_expansion_up,2024-08-12T11:13:00+05:30,2024-08-12T11:13:00+05:30,UP,{},"{'source_path': '/Users/madhuram/tradebot-structural-edge-discovery-v3/runtime/upstox_candidate_replay.zip!upstox_candidate_replay/20240812/underlying/NIFTY_20240812.parquet', 'source_hash': '4357f109ed631802b3774c34db9c318f71742f8e99de307408af71bf00810707'}",{'completed_bar_only': True},"{'buy_ce_allowed': True, 'buy_pe_allowed': False, 'research_only': True}",cf44fefa3b845930d94268aeb23e1555d2928a52e150146faa8a458c87131716,24428.8,2024-08-12 11:12:00+05:30,117,0.0017299830900821614,64.45000000000073,0.0,108.54999999999927,13.550000000000727,11.206666666667054,0.00039028579734758784,10.950000000000468,127.52415254237349,0.0,216.70000000000073,0.9100204498977235,0.0,0.08997955010227657,0,5,0.000921893117760586,24.450000000000728,22.25,0.0,2024-08-12T11:13:00+05:30,24427.9,30,44.89999999999782,18.700000000000728,-6.600000000002183,-8.100000000002183,True,True,-0.14699331848557914
NIFTY:2024-08-12,2024-08-12,NIFTY,compression_expansion_up,2024-08-12T13:01:00+05:30,2024-08-12T13:01:00+05:30,UP,{},"{'source_path': '/Users/madhuram/tradebot-structural-edge-discovery-v3/runtime/upstox_candidate_replay.zip!upstox_candidate_replay/20240812/underlying/NIFTY_20240812.parquet', 'source_hash': '4357f109ed631802b3774c34db9c318f71742f8e99de307408af71bf00810707'}",{'completed_bar_only': True},"{'buy_ce_allowed': True, 'buy_pe_allowed': False, 'research_only': True}",e4c5e47902dfbb3d3046b93aa4f651cefa53d13c9d8ad13a073dfe7df0640145,24423.9,2024-08-12 13:00:00+05:30,225,0.0017135656942095844,64.45000000000073,0.0,108.54999999999927,10.750000000000728,8.573333333333478,0.00032532255132842325,8.757142857143013,64.89115044247956,48.89999999999782,211.8000000000029,0.7995495495495234,0.06081081081074327,0.1396396396397334,0,10,0.0008646548756701122,22.200000000000728,17.75,0.0,2024-08-12T13:01:00+05:30,24427.15,30,11.94999999999709,34.400000000001455,-6.850000000002183,-8.350000000002183,False,False,-0.573221757322498
NIFTY:2024-08-12,2024-08-12,NIFTY,compression_expansion_up,2024-08-12T13:24:00+05:30,2024-08-12T13:24:00+05:30,UP,{},"{'source_path': '/Users/madhuram/tradebot-structural-edge-discovery-v3/runtime/upstox_candidate_replay.zip!upstox_candidate_replay/20240812/underlying/NIFTY_20240812.parquet', 'source_hash': '4357f109ed631802b3774c34db9c318f71742f8e99de307408af71bf00810707'}",{'completed_bar_only': True},"{'buy_ce_allowed': True, 'buy_pe_allowed': False, 'research_only': True}",b6efb256cbbe2cc20efa14dcc38e90102684d5bd6c0ebcc8376e514032847d63,24407.95,2024-08-12 13:23:00+05:30,248,0.0013913743002084112,64.45000000000073,0.0,108.54999999999927,7.15,6.699999999999758,0.00016667723754048612,6.853571428571221,44.21405622490056,64.84999999999854,195.85000000000218,0.8212765957448047,0.02127659574468085,0.15744680851051446,0,10,0.00039756949781244444,11.75,9.650000000001455,0.0,2024-08-12T13:24:00+05:30,24407.7,30,24.950000000000728,7.600000000002183,17.299999999999272,15.799999999999272,True,True,0.6933867735470448
NIFTY:2024-08-13,2024-08-13,NIFTY,compression_expansion_up,2024-08-13T09:33:00+05:30,2024-08-13T09:33:00+05:30,UP,{},"{'source_path': '/Users/madhuram/tradebot-structural-edge-discovery-v3/runtime/upstox_candidate_replay.zip!upstox_candidate_replay/20240813/underlying/NIFTY_20240813.parquet', 'source_hash': '4357f109ed631802b3774c34db9c318f71742f8e99de307408af71bf00810707'}",{'completed_bar_only': True},"{'buy_ce_allowed': True, 'buy_pe_allowed': False, 'research_only': True}",ad360f105ceb582afc2aa39e89f0ac95b110b23ba08d42246fc15cff3a11380f,24335.35,2024-08-13 09:32:00+05:30,17,-0.0011602214482849258,51.60000000000218,0.0,260.7000000000007,11.61999999999971,13.699999999999514,0.00045878633006340167,13.599999999999584,6.472222222222626,24.600000000002183,27.0,0.7047619047618701,0.050000000000138586,0.24523809523799128,13,0,0.0006085388693923832,21.0,14.799999999999272,0.0,2024-08-13T09:33:00+05:30,24334.1,30,23.900000000001455,34.69999999999709,-3.7999999999992724,-5.299999999999272,False,False,-0.15899581589954145
NIFTY:2024-08-13,2024-08-13,NIFTY,compression_expansion_up,2024-08-13T09:42:00+05:30,2024-08-13T09:42:00+05:30,UP,{},"{'source_path': '/Users/madhuram/tradebot-structural-edge-discovery-v3/runtime/upstox_candidate_replay.zip!upstox_candidate_replay/20240813/underlying/NIFTY_20240813.parquet', 'source_hash': '4357f109ed631802b3774c34db9c318f71742f8e99de307408af71bf00810707'}",{'completed_bar_only': True},"{'buy_ce_allowed': True, 'buy_pe_allowed': False, 'research_only': True}",8c7f5cf8338f910b634d980421d32d2b74d42d3c0676a800dab33574fe077cde,24331.85,2024-08-13 09:41:00+05:30,26,-0.0014908332238138748,51.60000000000218,0.0,260.7000000000007,12.529999999998836,11.4533333333328,0.0003681214770344203,11.482142857142337,7.248148148148175,28.100000000002183,32.44999999999709,0.9822335025381423,0.0,0.01776649746185769,0,0,0.0008473443364696021,19.69999999999709,19.349999999998545,0.0,2024-08-13T09:42:00+05:30,24332.95,30,25.049999999999272,26.950000000000728,-2.100000000002183,-3.600000000002183,False,False,-0.0838323353294309
NIFTY:2024-08-13,2024-08-13,NIFTY,compression_expansion_up,2024-08-13T10:34:00+05:30,2024-08-13T10:34:00+05:30,UP,{},"{'source_path': '/Users/madhuram/tradebot-structural-edge-discovery-v3/runtime/upstox_candidate_replay.zip!upstox_candidate_replay/20240813/underlying/NIFTY_20240813.parquet', 'source_hash': '4357f109ed631802b3774c34db9c318f71742f8e99de307408af71bf00810707'}",{'completed_bar_only': True},"{'buy_ce_allowed': True, 'buy_pe_allowed': False, 'research_only': True}",961e6db0a9e802127a1e3afa09322470bd6710ab76d8e3c9d84da238c6cbc130,24287.55,2024-08-13 10:33:00+05:30,78,-0.002881045472466726,51.60000000000218,0.0,260.7000000000007,9.930000000000291,9.023333333333236,0.00028336933242099487,9.199999999999948,-34.912658227847714,72.40000000000146,10.399999999997817,0.6592592592590976,0.2296296296297913,0.1111111111111111,0,0,0.00033979562837482824,13.5,8.899999999997817,0.0,2024-08-13T10:34:00+05:30,24287.6,30,30.350000000002183,0.2999999999992724,9.350000000002183,7.850000000002183,True,True,0.3080724876442013
NIFTY:2024-08-13,2024-08-13,NIFTY,compression_expansion_up,2024-08-13T10:49:00+05:30,2024-08-13T10:49:00+05:30,UP,{},"{'source_path': '/Users/madhuram/tradebot-structural-edge-discovery-v3/runtime/upstox_candidate_replay.zip!upstox_candidate_replay/20240813/underlying/NIFTY_20240813.parquet', 'source_hash': '4357f109ed631802b3774c34db9c318f71742f8e99de307408af71bf00810707'}",{'completed_bar_only': True},"{'buy_ce_allowed': True, 'buy_pe_allowed': False, 'research_only': True}",6c60a3f22c4edb3b4c3c3c183b6c543a8eef97a66b2cb1fd94f31a6f19b71c12,24309.45,2024-08-13 10:48:00+05:30,93,-0.0019569752924167854,51.60000000000218,0.0,260.7000000000007,8.130000000001019,7.300000000000727,0.0002112232853243926,7.00000000000078,-9.544680851064186,50.5,32.29999999999927,0.515527950310444,0.0776397515527845,0.4068322981367716,0,0,0.00035389708590449764,16.100000000002183,8.299999999999272,0.0,2024-08-13T10:49:00+05:30,24309.8,30,8.150000000001455,18.849999999998545,5.049999999999272,3.5499999999992724,False,False,0.6196319018402909
NIFTY:2024-08-13,2024-08-13,NIFTY,compression_expansion_up,2024-08-13T11:14:00+05:30,2024-08-13T11:14:00+05:30,UP,{},"{'source_path': '/Users/madhuram/tradebot-structural-edge-discovery-v3/runtime/upstox_candidate_replay.zip!upstox_candidate_replay/20240813/underlying/NIFTY_20240813.parquet', 'source_hash': '4357f109ed631802b3774c34db9c318f71742f8e99de307408af71bf00810707'}",{'completed_bar_only': True},"{'buy_ce_allowed': True, 'buy_pe_allowed': False, 'research_only': True}",453667fd2e19ca5c773af471a9685851cd43ea0d8088f07fe284a861c8d24cae,24309.65,2024-08-13 11:13:00+05:30,118,-0.0020781311604678074,51.60000000000218,0.0,260.7000000000007,5.990000000000146,6.413333333333382,0.00021764757304821542,6.539285714285922,-6.41470588235461,50.29999999999927,32.5,1.0,0.0,0.0,5,0,0.00046299344812816834,11.450000000000728,11.450000000000728,0.0,2024-08-13T11:14:00+05:30,24309.9,30,19.399999999997817,6.650000000001455,1.8999999999978172,0.3999999999978172,True,False,0.09793814432979542
NIFTY:2024-08-13,2024-08-13,NIFTY,compression_expansion_up,2024-08-13T12:20:00+05:30,2024-08-13T12:20:00+05:30,UP,{},"{'source_path': '/Users/madhuram/tradebot-structural-edge-discovery-v3/runtime/upstox_candidate_replay.zip!upstox_candidate_replay/20240813/underlying/NIFTY_20240813.parquet', 'source_hash': '4357f109ed631802b3774c34db9c318f71742f8e99de307408af71bf00810707'}",{'completed_bar_only': True},"{'buy_ce_allowed': True, 'buy_pe_allowed': False, 'research_only': True}",37c61002929106cd487fe493ee50d4264da630f88e4c4da2f8d77156381388fa,24291.0,2024-08-13 12:19:00+05:30,184,-0.0028071198580627604,51.60000000000218,0.0,260.7000000000007,8.390000000000873,8.390000000000388,0.00024162467787931994,7.582142857143221,-22.906216216219036,68.95000000000073,22.200000000000728,0.8146718146717127,0.1853281853282873,0.0,0,0,0.00038712440695842787,12.950000000000728,10.549999999999272,0.0,2024-08-13T12:20:00+05:30,24291.0,30,3.150000000001455,72.79999999999927,-51.349999999998545,-52.849999999998545,False,False,-16.30158730157931
NIFTY:2024-08-13,2024-08-13,NIFTY,compression_expansion_up,2024-08-13T12:49:00+05:30,2024-08-13T12:49:00+05:30,UP,{},"{'source_path': '/Users/madhuram/tradebot-structural-edge-discovery-v3/runtime/upstox_candidate_replay.zip!upstox_candidate_replay/20240813/underlying/NIFTY_20240813.parquet', 'source_hash': '4357f109ed631802b3774c34db9c318f71742f8e99de307408af71bf00810707'}",{'completed_bar_only': True},"{'buy_ce_allowed': True, 'buy_pe_allowed': False, 'research_only': True}",5fe5fe261d5c10b9510aba15046ee0ea4f6c147f36c4284103226111b1e56d16,24235.05,2024-08-13 12:48:00+05:30,213,-0.005174793008279669,51.60000000000218,0.0,260.7000000000007,12.180000000000291,10.163333333333139,0.00026557580402924975,9.903571428571272,-72.54836448598144,124.90000000000146,16.849999999998545,0.716374269005909,0.014619883040936917,0.2690058479531542,0,0,0.0004582241954758093,17.099999999998545,12.25,0.0,2024-08-13T12:49:00+05:30,24234.15,30,18.649999999997817,30.950000000000728,14.149999999997817,12.649999999997817,False,False,0.7587131367291943
NIFTY:2024-08-13,2024-08-13,NIFTY,compression_expansion_up,2024-08-13T13:27:00+05:30,2024-08-13T13:27:00+05:30,UP,{},"{'source_path': '/Users/madhuram/tradebot-structural-edge-discovery-v3/runtime/upstox_candidate_replay.zip!upstox_candidate_replay/20240813/underlying/NIFTY_20240813.parquet', 'source_hash': '4357f109ed631802b3774c34db9c318f71742f8e99de307408af71bf00810707'}",{'completed_bar_only': True},"{'buy_ce_allowed': True, 'buy_pe_allowed': False, 'research_only': True}",64a1dd1ac294e9bb29f54b51e59dab817795eafb6bd9602b981534733d4b0581,24249.2,2024-08-13 13:26:00+05:30,251,-0.004343129846234722,51.60000000000218,0.0,260.7000000000007,6.700000000000728,6.5066666666663275,0.00016743812371196199,5.957142857142442,-47.78670634920854,110.75,46.0,0.6612903225805947,0.20967741935485132,0.12903225806455398,0,0,0.0002124232543656568,9.30000000000291,6.150000000001455,0.0,2024-08-13T13:27:00+05:30,24247.95,30,9.349999999998545,84.45000000000073,-83.40000000000146,-84.90000000000146,False,False,-8.919786096258228
NIFTY:2024-08-14,2024-08-14,NIFTY,compression_expansion_up,2024-08-14T09:46:00+05:30,2024-08-14T09:46:00+05:30,UP,{},"{'source_path': '/Users/madhuram/tradebot-structural-edge-discovery-v3/runtime/upstox_candidate_replay.zip!upstox_candidate_replay/20240814/underlying/NIFTY_20240814.parquet', 'source_hash': '4357f109ed631802b3774c34db9c318f71742f8e99de307408af71bf00810707'}",{'completed_bar_only': True},"{'buy_ce_allowed': True, 'buy_pe_allowed': False, 'research_only': True}",bc74b60077196a36e78309c247312d5e0df3edbedfce06559e408c695809f277,24150.1,2024-08-14 09:45:00+05:30,30,-0.0005281427600947757,66.20000000000073,0.0,243.45000000000073,16.030000000000292,14.686666666667103,0.00047249579747440636,14.567857142857454,16.143548387095507,46.400000000001455,50.39999999999782,0.6047486033519066,0.3952513966480934,0.0,0,0,0.0009014292315885353,35.79999999999927,21.649999999997817,0.0,2024-08-14T09:46:00+05:30,24149.4,30,25.0,39.5,-7.950000000000728,-9.450000000000728,False,False,-0.3180000000000291
NIFTY:2024-08-14,2024-08-14,NIFTY,compression_expansion_up,2024-08-14T10:35:00+05:30,2024-08-14T10:35:00+05:30,UP,{},"{'source_path': '/Users/madhuram/tradebot-structural-edge-discovery-v3/runtime/upstox_candidate_replay.zip!upstox_candidate_replay/20240814/underlying/NIFTY_20240814.parquet', 'source_hash': '4357f109ed631802b3774c34db9c318f71742f8e99de307408af71bf00810707'}",{'completed_bar_only': True},"{'buy_ce_allowed': True, 'buy_pe_allowed': False, 'research_only': True}",b88c61dfa6c89c44c68e14e90eeec911cf61768f2de4f315521d27043f59a9ab,24153.35,2024-08-14 10:34:00+05:30,79,0.00035416632147529007,66.20000000000073,0.0,243.45000000000073,8.149999999999272,7.413333333333382,0.00018221689688654595,7.59285714285735,14.084374999998545,43.150000000001455,53.64999999999782,0.3228699551568834,0.30941704035887024,0.36771300448424643,0,0,0.0001511405938789956,11.149999999997817,3.599999999998545,0.0,2024-08-14T10:35:00+05:30,24153.3,30,17.25,32.79999999999927,-27.450000000000728,-28.950000000000728,False,False,-1.591304347826129
NIFTY:2024-08-14,2024-08-14,NIFTY,compression_expansion_up,2024-08-14T10:48:00+05:30,2024-08-14T10:48:00+05:30,UP,{},"{'source_path': '/Users/madhuram/tradebot-structural-edge-discovery-v3/runtime/upstox_candidate_replay.zip!upstox_candidate_replay/20240814/underlying/NIFTY_20240814.parquet', 'source_hash': '4357f109ed631802b3774c34db9c318f71742f8e99de307408af71bf00810707'}",{'completed_bar_only': True},"{'buy_ce_allowed': True, 'buy_pe_allowed': False, 'research_only': True}",7aac1de7610024f1320f96bbd6cd17687a754efb3e30fea50e24aee775eb37c8,24160.2,2024-08-14 10:47:00+05:30,92,0.0007373287160538528,66.20000000000073,0.0,243.45000000000073,6.690000000000145,7.229999999999321,0.00017654726136454637,7.103571428570701,17.83978494623807,36.29999999999927,60.5,0.10762331838570144,0.8520179372196197,0.04035874439467882,4,0,6.415921419455906e-05,11.150000000001455,1.2000000000007276,0.0,2024-08-14T10:48:00+05:30,24160.35,30,3.100000000002183,42.04999999999927,-17.19999999999709,-18.69999999999709,False,False,-5.548387096769348
NIFTY:2024-08-14,2024-08-14,NIFTY,compression_expansion_up,2024-08-14T11:14:00+05:30,2024-08-14T11:14:00+05:30,UP,{},"{'source_path': '/Users/madhuram/tradebot-structural-edge-discovery-v3/runtime/upstox_candidate_replay.zip!upstox_candidate_replay/20240814/underlying/NIFTY_20240814.parquet', 'source_hash': '4357f109ed631802b3774c34db9c318f71742f8e99de307408af71bf00810707'}",{'completed_bar_only': True},"{'buy_ce_allowed': True, 'buy_pe_allowed': False, 'research_only': True}",94617d2de01dc4c4bb166d55a5fc01babcdc4875d43b56e1d8393b0287be5968,24145.95,2024-08-14 11:13:00+05:30,118,-1.035574039401521e-05,66.20000000000073,0.0,243.45000000000073,8.930000000000291,8.179999999999321,0.00021183174727932243,8.132142857142233,4.200000000000728,50.54999999999927,46.25,0.4273504273504008,0.10256410256415838,0.4700854700854408,0,0,0.0002278333668179755,11.700000000000728,5.0,0.0,2024-08-14T11:14:00+05:30,24145.65,30,10.549999999999272,18.5,-9.200000000000728,-10.700000000000728,False,False,-0.8720379146920723
NIFTY:2024-08-14,2024-08-14,NIFTY,compression_expansion_up,2024-08-14T11:51:00+05:30,2024-08-14T11:51:00+05:30,UP,{},"{'source_path': '/Users/madhuram/tradebot-structural-edge-discovery-v3/runtime/upstox_candidate_replay.zip!upstox_candidate_replay/20240814/underlying/NIFTY_20240814.parquet', 'source_hash': '4357f109ed631802b3774c34db9c318f71742f8e99de307408af71bf00810707'}",{'completed_bar_only': True},"{'buy_ce_allowed': True, 'buy_pe_allowed': False, 'research_only': True}",792f2e9722e1e30a4dbe831dc75104559eebd7560d910af3102fd7d430ce48f7,24144.7,2024-08-14 11:50:00+05:30,155,-0.00024232432522004635,66.20000000000073,0.0,243.45000000000073,6.179999999998836,6.493333333332703,0.00018937292399228307,6.403571428570753,3.438461538462434,51.79999999999927,45.0,0.7450199203189423,0.17131474103569258,0.0836653386453652,8,0,0.0004101960654325776,12.549999999999272,9.350000000002183,0.0,2024-08-14T11:51:00+05:30,24144.9,30,21.25,7.850000000002183,13.94999999999709,12.44999999999709,True,True,0.6564705882351571
NIFTY:2024-08-14,2024-08-14,NIFTY,compression_expansion_up,2024-08-14T12:06:00+05:30,2024-08-14T12:06:00+05:30,UP,{},"{'source_path': '/Users/madhuram/tradebot-structural-edge-discovery-v3/runtime/upstox_candidate_replay.zip!upstox_candidate_replay/20240814/underlying/NIFTY_20240814.parquet', 'source_hash': '4357f109ed631802b3774c34db9c318f71742f8e99de307408af71bf00810707'}",{'completed_bar_only': True},"{'buy_ce_allowed': True, 'buy_pe_allowed': False, 'research_only': True}",df9694d9f909aa4e1029215295c5d7c6bf83db9406ea314a5c0ab0c2a95a80cc,24149.15,2024-08-14 12:05:00+05:30,170,0.00023403973290465332,66.20000000000073,0.0,243.45000000000073,5.850000000000728,6.203333333333528,0.000135835065660167,6.007142857143013,7.352046783627884,47.349999999998545,49.45000000000073,0.25555555555587894,0.7222222222222222,0.022222222221898846,8,0,0.00010974675418795599,9.0,2.3000000000029104,0.0,2024-08-14T12:06:00+05:30,24149.85,30,16.30000000000291,4.399999999997817,4.600000000002183,3.100000000002183,True,False,0.28220858895713874
NIFTY:2024-08-14,2024-08-14,NIFTY,compression_expansion_up,2024-08-14T12:07:00+05:30,2024-08-14T12:07:00+05:30,UP,{},"{'source_path': '/Users/madhuram/tradebot-structural-edge-discovery-v3/runtime/upstox_candidate_replay.zip!upstox_candidate_replay/20240814/underlying/NIFTY_20240814.parquet', 'source_hash': '4357f109ed631802b3774c34db9c318f71742f8e99de307408af71bf00810707'}",{'completed_bar_only': True},"{'buy_ce_allowed': True, 'buy_pe_allowed': False, 'research_only': True}",ef779e5f446ca94f527ae5ab4a20429e341eba247443a55459f1e83b076a242c,24156.9,2024-08-14 12:06:00+05:30,171,0.0003583086176328359,66.20000000000073,0.0,243.45000000000073,6.720000000001164,6.233333333333576,0.0001388752914089544,6.267857142857403,15.014244186048018,39.599999999998545,57.20000000000073,0.7500000000001935,0.07978723404254084,0.17021276595726564,0,0,0.0003209222684856794,9.400000000001455,7.05000000000291,0.0,2024-08-14T12:07:00+05:30,24157.4,30,8.75,11.950000000000728,-2.600000000002183,-4.100000000002183,False,False,-0.2971428571431066
NIFTY:2024-08-14,2024-08-14,NIFTY,compression_expansion_up,2024-08-14T14:11:00+05:30,2024-08-14T14:11:00+05:30,UP,{},"{'source_path': '/Users/madhuram/tradebot-structural-edge-discovery-v3/runtime/upstox_candidate_replay.zip!upstox_candidate_replay/20240814/underlying/NIFTY_20240814.parquet', 'source_hash': '4357f109ed631802b3774c34db9c318f71742f8e99de307408af71bf00810707'}",{'completed_bar_only': True},"{'buy_ce_allowed': True, 'buy_pe_allowed': False, 'research_only': True}",772d9d93d9eba9233dd38a59f6d739b2f8e0f74c48d471d6a34926f10cd924ef,24172.75,2024-08-14 14:10:00+05:30,295,0.001035574039401521,66.20000000000073,0.0,243.45000000000073,7.1,6.876666666667006,0.00013487971339639192,6.828571428571585,22.0126689189201,23.75,73.04999999999927,0.6009174311927141,0.3715596330275306,0.027522935779755273,0,0,0.0003020841738927693,10.899999999997817,6.549999999999272,0.0,2024-08-14T14:11:00+05:30,24172.7,30,5.049999999999272,44.29999999999927,-37.29999999999927,-38.79999999999927,False,False,-7.386138613862307
NIFTY:2024-08-16,2024-08-16,NIFTY,compression_expansion_up,2024-08-16T11:46:00+05:30,2024-08-16T11:46:00+05:30,UP,{},"{'source_path': '/Users/madhuram/tradebot-structural-edge-discovery-v3/runtime/upstox_candidate_replay.zip!upstox_candidate_replay/20240816/underlying/NIFTY_20240816.parquet', 'source_hash': '4357f109ed631802b3774c34db9c318f71742f8e99de307408af71bf00810707'}",{'completed_bar_only': True},"{'buy_ce_allowed': True, 'buy_pe_allowed': False, 'research_only': True}",5f8d5a1b46b57cc924df99c2da2c97473ee4dd6cd91e968bd3418aaaad3cea3e,24352.65,2024-08-16 11:45:00+05:30,150,0.007763672886164581,100.75,0.0,96.79999999999927,12.340000000000146,11.966666666666423,0.0003131307604005857,11.22857142857122,58.17913907284674,50.89999999999782,148.15000000000146,0.8483606557378106,0.09836065573762426,0.05327868852456511,0,2,0.0008013759007772236,24.399999999997817,20.700000000000728,0.0,2024-08-16T11:46:00+05:30,24352.65,30,87.75,3.600000000002183,72.54999999999927,71.04999999999927,True,True,0.8267806267806185
NIFTY:2024-08-16,2024-08-16,NIFTY,compression_expansion_up,2024-08-16T12:00:00+05:30,2024-08-16T12:00:00+05:30,UP,{},"{'source_path': '/Users/madhuram/tradebot-structural-edge-discovery-v3/runtime/upstox_candidate_replay.zip!upstox_candidate_replay/20240816/underlying/NIFTY_20240816.parquet', 'source_hash': '4357f109ed631802b3774c34db9c318f71742f8e99de307408af71bf00810707'}",{'completed_bar_only': True},"{'buy_ce_allowed': True, 'buy_pe_allowed': False, 'research_only': True}",15f4d23277eaaf276cf3a399eae7db407f260fe806c8536bcc0b46302843d2a4,24385.85,2024-08-16 11:59:00+05:30,164,0.009349955476402494,100.75,0.0,96.79999999999927,12.600000000000728,11.510000000000097,0.0003470278601677372,10.589285714285975,85.67272727272575,17.700000000000728,181.34999999999854,0.666666666666563,0.1239316239316784,0.20940170940175856,0,2,0.0007181446425383875,23.400000000001455,15.599999999998545,0.0,2024-08-16T12:00:00+05:30,24385.1,30,55.30000000000291,9.399999999997817,38.60000000000218,37.10000000000218,True,True,0.6980108499095868
NIFTY:2024-08-16,2024-08-16,NIFTY,compression_expansion_up,2024-08-16T12:26:00+05:30,2024-08-16T12:26:00+05:30,UP,{},"{'source_path': '/Users/madhuram/tradebot-structural-edge-discovery-v3/runtime/upstox_candidate_replay.zip!upstox_candidate_replay/20240816/underlying/NIFTY_20240816.parquet', 'source_hash': '4357f109ed631802b3774c34db9c318f71742f8e99de307408af71bf00810707'}",{'completed_bar_only': True},"{'buy_ce_allowed': True, 'buy_pe_allowed': False, 'research_only': True}",e1dc3e05ababd4d5cfa309d6ce1f947f717602212d9b624409b4a94a541d59c6,24406.05,2024-08-16 12:25:00+05:30,190,0.010385387976557808,100.75,0.0,96.79999999999927,8.71999999999971,8.626666666666521,0.0002691358160858956,8.160714285714025,90.90602094240603,34.35000000000218,201.54999999999927,0.8888888888889886,0.10699588477362189,0.004115226337389415,0,3,0.0004673155794405748,12.149999999997817,10.799999999999272,0.0,2024-08-16T12:26:00+05:30,24404.9,30,47.349999999998545,2.4500000000007276,21.0,19.5,True,True,0.4435058078141636
NIFTY:2024-08-16,2024-08-16,NIFTY,compression_expansion_up,2024-08-16T12:31:00+05:30,2024-08-16T12:31:00+05:30,UP,{},"{'source_path': '/Users/madhuram/tradebot-structural-edge-discovery-v3/runtime/upstox_candidate_replay.zip!upstox_candidate_replay/20240816/underlying/NIFTY_20240816.parquet', 'source_hash': '4357f109ed631802b3774c34db9c318f71742f8e99de307408af71bf00810707'}",{'completed_bar_only': True},"{'buy_ce_allowed': True, 'buy_pe_allowed': False, 'research_only': True}",b3fdd1170746af46de0cea7fa5f94fe53a05a61b39cf9a4ac78df22d3b833dc1,24423.7,2024-08-16 12:30:00+05:30,195,0.010956946716643512,100.75,0.0,96.79999999999927,9.440000000000145,8.763333333333382,0.0002797789504212031,8.98928571428561,106.11224489795859,16.700000000000728,219.20000000000073,0.718137254902109,0.24999999999995542,0.03186274509793562,0,3,0.0005899390805963467,20.399999999997817,14.650000000001455,0.0,2024-08-16T12:31:00+05:30,24424.0,30,28.25,10.650000000001455,17.099999999998545,15.599999999998545,True,True,0.6053097345132228
NIFTY:2024-08-16,2024-08-16,NIFTY,compression_expansion_up,2024-08-16T13:19:00+05:30,2024-08-16T13:19:00+05:30,UP,{},"{'source_path': '/Users/madhuram/tradebot-structural-edge-discovery-v3/runtime/upstox_candidate_replay.zip!upstox_candidate_replay/20240816/underlying/NIFTY_20240816.parquet', 'source_hash': '4357f109ed631802b3774c34db9c318f71742f8e99de307408af71bf00810707'}",{'completed_bar_only': True},"{'buy_ce_allowed': True, 'buy_pe_allowed': False, 'research_only': True}",9ed7d8cdd413e42944fe5d26e4a3dbe6ecdb779f3bffafba8530bba0ba70e74e,24452.0,2024-08-16 13:18:00+05:30,243,0.01249767027687465,100.75,0.0,96.79999999999927,5.719999999999709,6.103333333333042,0.0001956966087587958,6.174999999999533,111.0397540983613,7.099999999998545,247.5,0.6318681318682329,0.30219780219785053,0.06593406593391657,12,5,0.0002515764434454226,9.099999999998545,5.75,0.0,2024-08-16T13:19:00+05:30,24451.65,30,44.0,24.0,30.25,28.75,True,True,0.6875
NIFTY:2024-08-16,2024-08-16,NIFTY,compression_expansion_up,2024-08-16T13:48:00+05:30,2024-08-16T13:48:00+05:30,UP,{},"{'source_path': '/Users/madhuram/tradebot-structural-edge-discovery-v3/runtime/upstox_candidate_replay.zip!upstox_candidate_replay/20240816/underlying/NIFTY_20240816.parquet', 'source_hash': '4357f109ed631802b3774c34db9c318f71742f8e99de307408af71bf00810707'}",{'completed_bar_only': True},"{'buy_ce_allowed': True, 'buy_pe_allowed': False, 'research_only': True}",030b6b97a223a3cc49033b43b847cbd76646f8957cd9ec9ceeef0fbceb3cfc7a,24479.95,2024-08-16 13:47:00+05:30,272,0.013290811571993681,100.75,0.0,96.79999999999927,7.970000000000437,7.350000000000728,0.0002088608888475419,7.642857142857922,127.31831501831402,0.5,275.4500000000007,0.95409836065569,0.03278688524590164,0.013114754098408368,0,9,0.0005783583614678012,15.25,14.549999999999272,0.0,2024-08-16T13:48:00+05:30,24478.0,30,40.20000000000073,11.150000000001455,33.849999999998545,32.349999999998545,True,True,0.8420398009949734
NIFTY:2024-08-16,2024-08-16,NIFTY,compression_expansion_up,2024-08-16T15:04:00+05:30,2024-08-16T15:04:00+05:30,UP,{},"{'source_path': '/Users/madhuram/tradebot-structural-edge-discovery-v3/runtime/upstox_candidate_replay.zip!upstox_candidate_replay/20240816/underlying/NIFTY_20240816.parquet', 'source_hash': '4357f109ed631802b3774c34db9c318f71742f8e99de307408af71bf00810707'}",{'completed_bar_only': True},"{'buy_ce_allowed': True, 'buy_pe_allowed': False, 'research_only': True}",626c8fed58d93a5ffd1139a5aad8f1e8a21864e6bbabfd92b57629388415c6ae,24533.0,2024-08-16 15:03:00+05:30,348,0.015432085982314752,100.75,0.0,96.79999999999927,11.219999999998981,10.849999999999758,0.00027962133149193045,11.09285714285683,148.7199140401135,1.7999999999992724,328.5,0.7930174563592036,0.08977556109722383,0.11720698254357258,0,16,0.0006750569515570071,20.049999999999272,15.900000000001455,0.0,2024-08-16T15:04:00+05:30,24532.7,30,31.200000000000728,8.299999999999272,6.5,5.0,True,True,0.20833333333332849
NIFTY:2024-08-19,2024-08-19,NIFTY,compression_expansion_up,2024-08-19T09:42:00+05:30,2024-08-19T09:42:00+05:30,UP,{},"{'source_path': '/Users/madhuram/tradebot-structural-edge-discovery-v3/runtime/upstox_candidate_replay.zip!upstox_candidate_replay/20240819/underlying/NIFTY_20240819.parquet', 'source_hash': '4357f109ed631802b3774c34db9c318f71742f8e99de307408af71bf00810707'}",{'completed_bar_only': True},"{'buy_ce_allowed': True, 'buy_pe_allowed': False, 'research_only': True}",cd2d860562c6a323e46085d0f9e9f0b4c30036ff27f66cfbffa04046cf478fc5,24622.7,2024-08-19 09:41:00+05:30,26,0.0027914520440764164,62.54999999999927,0.0,359.40000000000146,11.909999999999854,12.093333333332703,0.00031431989669097063,12.139285714284986,18.87037037036862,16.099999999998545,46.45000000000073,0.8450704225352113,0.028169014084507043,0.1267605633802817,22,1,0.0005912675272217172,17.75,15.0,0.0,2024-08-19T09:42:00+05:30,24622.2,30,3.75,56.20000000000073,-40.85000000000218,-42.35000000000218,False,False,-10.893333333333915
NIFTY:2024-08-19,2024-08-19,NIFTY,compression_expansion_up,2024-08-19T10:49:00+05:30,2024-08-19T10:49:00+05:30,UP,{},"{'source_path': '/Users/madhuram/tradebot-structural-edge-discovery-v3/runtime/upstox_candidate_replay.zip!upstox_candidate_replay/20240819/underlying/NIFTY_20240819.parquet', 'source_hash': '4357f109ed631802b3774c34db9c318f71742f8e99de307408af71bf00810707'}",{'completed_bar_only': True},"{'buy_ce_allowed': True, 'buy_pe_allowed': False, 'research_only': True}",c9fc33e5ff245ec84f5f92975fa9b6f15d066fdab7d5e8728185649fbb635c94,24561.0,2024-08-19 10:48:00+05:30,93,0.0004401121470952302,62.54999999999927,0.0,359.40000000000146,9.599999999999273,8.083333333333576,0.00020502174176862477,7.98928571428587,-24.559042553188192,77.79999999999927,19.400000000001455,0.8695652173912043,0.0,0.13043478260879568,0,1,0.00044399004484718674,12.650000000001455,11.0,0.0,2024-08-19T10:49:00+05:30,24560.25,30,16.650000000001455,37.29999999999927,11.400000000001455,9.900000000001455,False,False,0.6846846846847122
NIFTY:2024-08-19,2024-08-19,NIFTY,compression_expansion_up,2024-08-19T11:17:00+05:30,2024-08-19T11:17:00+05:30,UP,{},"{'source_path': '/Users/madhuram/tradebot-structural-edge-discovery-v3/runtime/upstox_candidate_replay.zip!upstox_candidate_replay/20240819/underlying/NIFTY_20240819.parquet', 'source_hash': '4357f109ed631802b3774c34db9c318f71742f8e99de307408af71bf00810707'}",{'completed_bar_only': True},"{'buy_ce_allowed': True, 'buy_pe_allowed': False, 'research_only': True}",df59eb4fbaabb8e311ebca05f530dec62cf03d6ff525f687615ab5d4c79be0a1,24559.75,2024-08-19 11:16:00+05:30,121,0.00033823433526762375,62.54999999999927,0.0,359.40000000000146,8.289999999999418,9.610000000000097,0.00028124841090511777,9.792857142857299,-16.452049180326867,79.04999999999927,36.79999999999927,0.8249158249159058,0.15488215488212106,0.020202020201973186,8,1,0.0005112599400338702,14.849999999998545,12.25,0.0,2024-08-19T11:17:00+05:30,24560.25,30,37.75,0.4500000000007276,17.599999999998545,16.099999999998545,True,True,0.46622516556287535
NIFTY:2024-08-19,2024-08-19,NIFTY,compression_expansion_up,2024-08-19T11:18:00+05:30,2024-08-19T11:18:00+05:30,UP,{},"{'source_path': '/Users/madhuram/tradebot-structural-edge-discovery-v3/runtime/upstox_candidate_replay.zip!upstox_candidate_replay/20240819/underlying/NIFTY_20240819.parquet', 'source_hash': '4357f109ed631802b3774c34db9c318f71742f8e99de307408af71bf00810707'}",{'completed_bar_only': True},"{'buy_ce_allowed': True, 'buy_pe_allowed': False, 'research_only': True}",7ee8a59a1b46ff178abb5f7a275881a4edb0abf06d3e4cfaf4d4ac936f26417c,24576.9,2024-08-19 11:17:00+05:30,122,0.0008578111755884165,62.54999999999927,0.0,359.40000000000146,10.680000000000291,10.28000000000029,0.0003191499287774673,9.660714285714546,0.6922764227674634,61.89999999999782,53.95000000000073,0.9736842105262766,0.0,0.0263157894737234,0,1,0.0006982970103524,17.100000000002183,16.650000000001455,0.0,2024-08-19T11:18:00+05:30,24576.6,30,21.400000000001455,8.69999999999709,-3.5499999999992724,-5.049999999999272,True,True,-0.16588785046724444
NIFTY:2024-08-19,2024-08-19,NIFTY,compression_expansion_up,2024-08-19T13:04:00+05:30,2024-08-19T13:04:00+05:30,UP,{},"{'source_path': '/Users/madhuram/tradebot-structural-edge-discovery-v3/runtime/upstox_candidate_replay.zip!upstox_candidate_replay/20240819/underlying/NIFTY_20240819.parquet', 'source_hash': '4357f109ed631802b3774c34db9c318f71742f8e99de307408af71bf00810707'}",{'completed_bar_only': True},"{'buy_ce_allowed': True, 'buy_pe_allowed': False, 'research_only': True}",b052e3f591d520bb2f0a91605ed517912441b39c85238ed6e6ca75f3b05bfbcd,24586.3,2024-08-19 13:03:00+05:30,228,0.0016524581078437468,62.54999999999927,0.0,359.40000000000146,6.870000000000436,6.736666666666376,0.00016067833912784943,6.767857142856883,9.775545851527568,52.5,63.349999999998545,0.6390243902438315,0.2536585365855788,0.10731707317058974,0,1,0.0002339247901288477,10.25,6.549999999999272,0.0,2024-08-19T13:04:00+05:30,24585.95,30,19.149999999997817,24.150000000001455,-16.100000000002183,-17.600000000002183,False,False,-0.8407310704962934
NIFTY:2024-08-19,2024-08-19,NIFTY,compression_expansion_up,2024-08-19T13:16:00+05:30,2024-08-19T13:16:00+05:30,UP,{},"{'source_path': '/Users/madhuram/tradebot-structural-edge-discovery-v3/runtime/upstox_candidate_replay.zip!upstox_candidate_replay/20240819/underlying/NIFTY_20240819.parquet', 'source_hash': '4357f109ed631802b3774c34db9c318f71742f8e99de307408af71bf00810707'}",{'completed_bar_only': True},"{'buy_ce_allowed': True, 'buy_pe_allowed': False, 'research_only': True}",66c3a911b0eed351e1d36df2bf9f3a3a2c36215ff6b177d59768131d93f09b5e,24604.25,2024-08-19 13:15:00+05:30,240,0.002106833148594931,62.54999999999927,0.0,359.40000000000146,7.189999999999418,6.123333333333236,0.00017461142475344037,6.089285714285454,27.22676348547975,34.54999999999927,81.29999999999927,0.9401408450702718,0.0035211267605119606,0.05633802816921615,0,1,0.0005611934714493394,14.200000000000728,13.349999999998545,0.0,2024-08-19T13:16:00+05:30,24604.15,30,0.9499999999970896,59.5,-57.55000000000291,-59.05000000000291,False,False,-60.578947368609704
NIFTY:2024-08-19,2024-08-19,NIFTY,compression_expansion_up,2024-08-19T14:07:00+05:30,2024-08-19T14:07:00+05:30,UP,{},"{'source_path': '/Users/madhuram/tradebot-structural-edge-discovery-v3/runtime/upstox_candidate_replay.zip!upstox_candidate_replay/20240819/underlying/NIFTY_20240819.parquet', 'source_hash': '4357f109ed631802b3774c34db9c318f71742f8e99de307408af71bf00810707'}",{'completed_bar_only': True},"{'buy_ce_allowed': True, 'buy_pe_allowed': False, 'research_only': True}",fa755468aa8b365147ed3fb870874bd05a669099b15cfa4194d2d74e66770a95,24580.0,2024-08-19 14:06:00+05:30,291,0.0012918106539740793,62.54999999999927,0.0,359.40000000000146,6.3400000000001455,6.419999999999709,0.00017831408184608812,6.514285714285246,4.065753424656577,58.79999999999927,57.04999999999927,0.8625592417060827,0.0,0.1374407582939173,17,1,0.00036424979803473256,10.549999999999272,9.099999999998545,0.0,2024-08-19T14:07:00+05:30,24580.7,30,7.299999999999272,13.799999999999272,1.8999999999978172,0.3999999999978172,False,False,0.26027397260246665
NIFTY:2024-08-19,2024-08-19,NIFTY,compression_expansion_up,2024-08-19T14:49:00+05:30,2024-08-19T14:49:00+05:30,UP,{},"{'source_path': '/Users/madhuram/tradebot-structural-edge-discovery-v3/runtime/upstox_candidate_replay.zip!upstox_candidate_replay/20240819/underlying/NIFTY_20240819.parquet', 'source_hash': '4357f109ed631802b3774c34db9c318f71742f8e99de307408af71bf00810707'}",{'completed_bar_only': True},"{'buy_ce_allowed': True, 'buy_pe_allowed': False, 'research_only': True}",8d6d4b3b0558fbcd6758ba635f08bcbb6492ddc8007658855851fb4ddd01ee91,24585.4,2024-08-19 14:48:00+05:30,333,0.0017196974636500264,62.54999999999927,0.0,359.40000000000146,5.85,6.086666666666618,0.00012261141454396587,6.182142857142805,9.012275449102162,53.39999999999782,62.45000000000073,0.46783625730998135,0.3625730994150653,0.16959064327495332,5,1,0.00016679345681480662,8.549999999999272,4.0,0.0,2024-08-19T14:49:00+05:30,24586.25,30,6.099999999998545,23.799999999999272,2.599999999998545,1.0999999999985448,False,False,0.42622950819658445
NIFTY:2024-08-20,2024-08-20,NIFTY,compression_expansion_up,2024-08-20T09:58:00+05:30,2024-08-20T09:58:00+05:30,UP,{},"{'source_path': '/Users/madhuram/tradebot-structural-edge-discovery-v3/runtime/upstox_candidate_replay.zip!upstox_candidate_replay/20240820/underlying/NIFTY_20240820.parquet', 'source_hash': '4357f109ed631802b3774c34db9c318f71742f8e99de307408af71bf00810707'}",{'completed_bar_only': True},"{'buy_ce_allowed': True, 'buy_pe_allowed': False, 'research_only': True}",0bc69a84c845d4bf5bd4c93b66bcfb2ccbbdb89cadcb6ce25119c1cd86d11b3e,24687.25,2024-08-20 09:57:00+05:30,42,0.0038284714593758307,53.099999999998545,0.0,115.84999999999854,10.000000000000728,10.056666666666812,0.00029041661536479313,9.675000000000052,37.638372093020735,3.0,80.04999999999927,0.825072886297391,0.17492711370260908,0.0,8,3,0.0005816097823927446,17.150000000001455,14.150000000001455,0.0,2024-08-20T09:58:00+05:30,24687.25,30,42.0,1.2000000000007276,29.049999999999272,27.549999999999272,True,True,0.6916666666666493
NIFTY:2024-08-20,2024-08-20,NIFTY,compression_expansion_up,2024-08-20T10:15:00+05:30,2024-08-20T10:15:00+05:30,UP,{},"{'source_path': '/Users/madhuram/tradebot-structural-edge-discovery-v3/runtime/upstox_candidate_replay.zip!upstox_candidate_replay/20240820/underlying/NIFTY_20240820.parquet', 'source_hash': '4357f109ed631802b3774c34db9c318f71742f8e99de307408af71bf00810707'}",{'completed_bar_only': True},"{'buy_ce_allowed': True, 'buy_pe_allowed': False, 'research_only': True}",57d2f0b783eb6059c7a914488989372d6ac6b53f23df79407d0f643f572b3183,24722.6,2024-08-20 10:14:00+05:30,59,0.005372472435819166,53.099999999998545,0.0,115.84999999999854,8.599999999999273,9.029999999999806,0.00024802149956730475,8.97857142857122,56.91749999999956,3.2000000000007276,115.39999999999782,0.7649006622516812,0.21192052980139311,0.02317880794692573,6,3,0.00041072414916354383,15.099999999998545,11.549999999999272,0.0,2024-08-20T10:15:00+05:30,24722.95,30,11.349999999998545,25.450000000000728,-21.350000000002183,-22.850000000002183,False,False,-1.8810572687229004
NIFTY:2024-08-20,2024-08-20,NIFTY,compression_expansion_up,2024-08-20T10:34:00+05:30,2024-08-20T10:34:00+05:30,UP,{},"{'source_path': '/Users/madhuram/tradebot-structural-edge-discovery-v3/runtime/upstox_candidate_replay.zip!upstox_candidate_replay/20240820/underlying/NIFTY_20240820.parquet', 'source_hash': '4357f109ed631802b3774c34db9c318f71742f8e99de307408af71bf00810707'}",{'completed_bar_only': True},"{'buy_ce_allowed': True, 'buy_pe_allowed': False, 'research_only': True}",83cafe3cf842eb0847bb8eb8df596b56a9c8f981ad5342ba017a6f3fd5574ffe,24731.0,2024-08-20 10:33:00+05:30,78,0.005903413483054581,53.099999999998545,0.0,115.84999999999854,7.290000000000146,6.759999999999854,0.00017494209231558953,6.953571428571324,52.76202531645686,3.2999999999992724,123.79999999999927,0.6764705882353885,0.3235294117646115,0.0,0,5,0.0002770570474617262,10.200000000000728,6.900000000001455,0.0,2024-08-20T10:34:00+05:30,24731.1,30,1.4000000000014552,56.54999999999927,-52.849999999998545,-54.349999999998545,False,False,-37.74999999995972
NIFTY:2024-08-20,2024-08-20,NIFTY,compression_expansion_up,2024-08-20T11:32:00+05:30,2024-08-20T11:32:00+05:30,UP,{},"{'source_path': '/Users/madhuram/tradebot-structural-edge-discovery-v3/runtime/upstox_candidate_replay.zip!upstox_candidate_replay/20240820/underlying/NIFTY_20240820.parquet', 'source_hash': '4357f109ed631802b3774c34db9c318f71742f8e99de307408af71bf00810707'}",{'completed_bar_only': True},"{'buy_ce_allowed': True, 'buy_pe_allowed': False, 'research_only': True}",ad078eb95054d15e4b896ac6ec6fe743a143bbae5a51497fa94f3cd52234c529,24711.4,2024-08-20 11:31:00+05:30,136,0.0051141218113023605,53.099999999998545,0.0,115.84999999999854,6.81000000000131,5.953333333333285,0.00014653012391776637,6.046428571428415,23.093430656936107,22.899999999997817,104.20000000000073,0.7570621468925508,0.14124293785307251,0.10169491525437663,0,5,0.00030157120622420486,8.850000000002183,6.700000000000728,0.0,2024-08-20T11:32:00+05:30,24710.7,30,6.599999999998545,22.650000000001455,0.25,-1.25,False,False,0.03787878787879623
NIFTY:2024-08-20,2024-08-20,NIFTY,compression_expansion_up,2024-08-20T12:17:00+05:30,2024-08-20T12:17:00+05:30,UP,{},"{'source_path': '/Users/madhuram/tradebot-structural-edge-discovery-v3/runtime/upstox_candidate_replay.zip!upstox_candidate_replay/20240820/underlying/NIFTY_20240820.parquet', 'source_hash': '4357f109ed631802b3774c34db9c318f71742f8e99de307408af71bf00810707'}",{'completed_bar_only': True},"{'buy_ce_allowed': True, 'buy_pe_allowed': False, 'research_only': True}",bc091f3149872ed40113fd190c67cc550272e67c6988ee07e72ae93de73c9f7d,24712.6,2024-08-20 12:16:00+05:30,181,0.005189389316082806,53.099999999998545,0.0,115.84999999999854,5.019999999998982,5.349999999999757,0.00013813548380853095,5.214285714285454,19.347527472524234,21.700000000000728,105.39999999999782,0.7857142857144882,0.1623376623377237,0.05194805194778811,8,5,0.00023880162061296062,7.69999999999709,6.049999999999272,0.0,2024-08-20T12:17:00+05:30,24712.55,30,11.100000000002183,11.0,0.3500000000021828,-1.1499999999978172,True,False,0.03153153153172198
NIFTY:2024-08-20,2024-08-20,NIFTY,compression_expansion_up,2024-08-20T13:14:00+05:30,2024-08-20T13:14:00+05:30,UP,{},"{'source_path': '/Users/madhuram/tradebot-structural-edge-discovery-v3/runtime/upstox_candidate_replay.zip!upstox_candidate_replay/20240820/underlying/NIFTY_20240820.parquet', 'source_hash': '4357f109ed631802b3774c34db9c318f71742f8e99de307408af71bf00810707'}",{'completed_bar_only': True},"{'buy_ce_allowed': True, 'buy_pe_allowed': False, 'research_only': True}",62a797b566f4c82420386d2e60229eba0b7bab0048edc345614aa59692fcb54f,24724.15,2024-08-20 13:13:00+05:30,238,0.005714227592660431,53.099999999998545,0.0,115.84999999999854,5.089999999999418,4.783333333333576,0.00010099648599508587,4.653571428571532,24.94414225941364,10.149999999997817,116.95000000000073,0.6811594202898169,0.11594202898537735,0.20289855072480578,0,5,0.0001355134138054659,6.900000000001455,4.700000000000728,0.0,2024-08-20T13:14:00+05:30,24724.4,30,3.6999999999970896,21.900000000001455,-11.55000000000291,-13.05000000000291,False,False,-3.121621621624864
NIFTY:2024-08-20,2024-08-20,NIFTY,compression_expansion_up,2024-08-20T14:59:00+05:30,2024-08-20T14:59:00+05:30,UP,{},"{'source_path': '/Users/madhuram/tradebot-structural-edge-discovery-v3/runtime/upstox_candidate_replay.zip!upstox_candidate_replay/20240820/underlying/NIFTY_20240820.parquet', 'source_hash': '4357f109ed631802b3774c34db9c318f71742f8e99de307408af71bf00810707'}",{'completed_bar_only': True},"{'buy_ce_allowed': True, 'buy_pe_allowed': False, 'research_only': True}",f4d2fe77ba8a96ff1d002dd1e5120cc46ddcbf0f70aa0414c2198752689efbbb,24721.65,2024-08-20 14:58:00+05:30,343,0.005510801904064475,53.099999999998545,0.0,115.84999999999854,5.6299999999988355,5.276666666666278,9.173241017492042e-05,5.199999999999688,16.91380813953583,12.649999999997817,114.45000000000073,0.8275862068965661,0.17241379310343385,0.0,0,5,0.0002427611654962636,8.700000000000728,7.200000000000728,0.0,2024-08-20T14:59:00+05:30,24722.1,30,3.4500000000007276,51.25,-49.25,-50.75,False,False,-14.27536231883757
NIFTY:2024-08-21,2024-08-21,NIFTY,compression_expansion_up,2024-08-21T09:35:00+05:30,2024-08-21T09:35:00+05:30,UP,{},"{'source_path': '/Users/madhuram/tradebot-structural-edge-discovery-v3/runtime/upstox_candidate_replay.zip!upstox_candidate_replay/20240821/underlying/NIFTY_20240821.parquet', 'source_hash': '4357f109ed631802b3774c34db9c318f71742f8e99de307408af71bf00810707'}",{'completed_bar_only': True},"{'buy_ce_allowed': True, 'buy_pe_allowed': False, 'research_only': True}",2c599ec5b807702d95324390fa113098aa01f3232b5cca7dc72b8ee023ea1309,24680.35,2024-08-21 09:34:00+05:30,19,-0.00026952703072396654,53.599999999998545,0.0,127.09999999999854,9.86999999999971,8.923333333332751,0.0002763305522082718,9.071428571428052,-6.23750000000291,27.75,25.849999999998545,0.9158576051778091,0.02588996763763342,0.05825242718455746,0,2,0.0005736595016661017,15.450000000000728,14.149999999997817,0.0,2024-08-21T09:35:00+05:30,24681.15,30,32.44999999999709,12.600000000002183,17.899999999997817,16.399999999997817,True,True,0.5516178736517542
NIFTY:2024-08-21,2024-08-21,NIFTY,compression_expansion_up,2024-08-21T10:24:00+05:30,2024-08-21T10:24:00+05:30,UP,{},"{'source_path': '/Users/madhuram/tradebot-structural-edge-discovery-v3/runtime/upstox_candidate_replay.zip!upstox_candidate_replay/20240821/underlying/NIFTY_20240821.parquet', 'source_hash': '4357f109ed631802b3774c34db9c318f71742f8e99de307408af71bf00810707'}",{'completed_bar_only': True},"{'buy_ce_allowed': True, 'buy_pe_allowed': False, 'research_only': True}",033c0c2ffc95edc692d25d5f9ad440a6aef2453ebe01e77c9288c810636394d4,24740.65,2024-08-21 10:23:00+05:30,68,0.0021298714984285525,53.599999999998545,0.0,127.09999999999854,8.540000000000145,8.35666666666657,0.0002674675690369034,8.389285714285506,44.71014492753602,0.3499999999985448,86.15000000000146,0.8543417366947476,0.019607843137174976,0.1260504201680775,0,6,0.0006228450672896013,17.849999999998545,15.25,0.0,2024-08-21T10:24:00+05:30,24744.15,30,9.799999999999272,32.150000000001455,-23.450000000000728,-24.950000000000728,False,False,-2.3928571428573946
NIFTY:2024-08-21,2024-08-21,NIFTY,compression_expansion_up,2024-08-21T11:26:00+05:30,2024-08-21T11:26:00+05:30,UP,{},"{'source_path': '/Users/madhuram/tradebot-structural-edge-discovery-v3/runtime/upstox_candidate_replay.zip!upstox_candidate_replay/20240821/underlying/NIFTY_20240821.parquet', 'source_hash': '4357f109ed631802b3774c34db9c318f71742f8e99de307408af71bf00810707'}",{'completed_bar_only': True},"{'buy_ce_allowed': True, 'buy_pe_allowed': False, 'research_only': True}",b2be8ee5edaefd409ee76eb5cd9679fa21ad79875fe44ddb61094cc076c306a6,24736.45,2024-08-21 11:25:00+05:30,130,0.0019150604814603908,53.599999999998545,0.0,127.09999999999854,8.139999999999418,7.096666666666473,0.00022136135379601708,7.096428571428207,29.19580152671915,17.5,81.95000000000073,0.9790419161677527,0.0,0.02095808383224728,0,6,0.0006775972200310232,16.700000000000728,16.350000000002183,0.0,2024-08-21T11:26:00+05:30,24736.75,30,5.549999999999272,39.150000000001455,-18.950000000000728,-20.450000000000728,False,False,-3.4144144144149933
NIFTY:2024-08-21,2024-08-21,NIFTY,compression_expansion_up,2024-08-21T12:05:00+05:30,2024-08-21T12:05:00+05:30,UP,{},"{'source_path': '/Users/madhuram/tradebot-structural-edge-discovery-v3/runtime/upstox_candidate_replay.zip!upstox_candidate_replay/20240821/underlying/NIFTY_20240821.parquet', 'source_hash': '4357f109ed631802b3774c34db9c318f71742f8e99de307408af71bf00810707'}",{'completed_bar_only': True},"{'buy_ce_allowed': True, 'buy_pe_allowed': False, 'research_only': True}",e1f388a3858cf9f2b1a9503d60aa7ce7ddd44b48997bffa19ec6e3b653f06158,24725.75,2024-08-21 12:04:00+05:30,169,0.0019029013672924179,53.599999999998545,0.0,127.09999999999854,6.3,6.10666666666657,0.00015698903141094284,5.878571428571377,16.11735294117898,28.200000000000728,71.25,0.4817813765183343,0.4129554655869754,0.10526315789469033,0,6,0.00024069774027291047,12.349999999998545,5.950000000000728,0.0,2024-08-21T12:05:00+05:30,24727.2,30,11.899999999997817,8.100000000002183,5.950000000000728,4.450000000000728,True,False,0.5000000000001529
NIFTY:2024-08-21,2024-08-21,NIFTY,compression_expansion_up,2024-08-21T15:02:00+05:30,2024-08-21T15:02:00+05:30,UP,{},"{'source_path': '/Users/madhuram/tradebot-structural-edge-discovery-v3/runtime/upstox_candidate_replay.zip!upstox_candidate_replay/20240821/underlying/NIFTY_20240821.parquet', 'source_hash': '4357f109ed631802b3774c34db9c318f71742f8e99de307408af71bf00810707'}",{'completed_bar_only': True},"{'buy_ce_allowed': True, 'buy_pe_allowed': False, 'research_only': True}",ecfb449b8b63e543a660e450817f18c7071b7fd44044d8c33c1ab68dd593633a,24769.55,2024-08-21 15:01:00+05:30,346,0.003507904437468834,53.599999999998545,0.0,127.09999999999854,6.740000000000146,6.446666666666473,0.00015596749932495825,6.424999999999792,49.89697406340201,0.6000000000021828,115.04999999999927,0.8903508771926774,0.05263157894755317,0.057017543859769496,0,6,0.0004584339733906262,11.400000000001455,10.149999999997817,0.0,2024-08-21T15:02:00+05:30,24769.25,30,18.700000000000728,14.5,12.650000000001455,11.150000000001455,True,False,0.6764705882353456
NIFTY:2024-08-22,2024-08-22,NIFTY,compression_expansion_up,2024-08-22T11:12:00+05:30,2024-08-22T11:12:00+05:30,UP,{},"{'source_path': '/Users/madhuram/tradebot-structural-edge-discovery-v3/runtime/upstox_candidate_replay.zip!upstox_candidate_replay/20240822/underlying/NIFTY_20240822.parquet', 'source_hash': '4357f109ed631802b3774c34db9c318f71742f8e99de307408af71bf00810707'}",{'completed_bar_only': True},"{'buy_ce_allowed': True, 'buy_pe_allowed': False, 'research_only': True}",f94415debd025f06acd1c30cd2c4a15ee424aee6c52a789071adaf85b8ca16a8,24819.8,2024-08-22 11:11:00+05:30,116,0.0014304795031856753,68.5,0.0,133.45000000000073,5.0599999999991265,4.876666666666764,0.00010829594541653394,4.910714285714286,3.1162393162376247,47.54999999999927,35.349999999998545,0.30817610062913514,0.19496855345909936,0.4968553459117655,0,0,0.00011484086481217126,7.94999999999709,2.4500000000007276,0.0,2024-08-22T11:12:00+05:30,24819.85,30,27.850000000002183,2.75,24.700000000000728,23.200000000000728,True,True,0.8868940754039063
NIFTY:2024-08-22,2024-08-22,NIFTY,compression_expansion_up,2024-08-22T11:37:00+05:30,2024-08-22T11:37:00+05:30,UP,{},"{'source_path': '/Users/madhuram/tradebot-structural-edge-discovery-v3/runtime/upstox_candidate_replay.zip!upstox_candidate_replay/20240822/underlying/NIFTY_20240822.parquet', 'source_hash': '4357f109ed631802b3774c34db9c318f71742f8e99de307408af71bf00810707'}",{'completed_bar_only': True},"{'buy_ce_allowed': True, 'buy_pe_allowed': False, 'research_only': True}",3f95e3ca3aa862e345b999a6e2cbbd557ce03920e5f23982e7658f51948fba35,24825.75,2024-08-22 11:36:00+05:30,141,0.0016140812447794559,68.5,0.0,133.45000000000073,4.129999999999564,4.183333333333334,7.676074084764091e-05,4.128571428571637,7.882746478873742,41.599999999998545,41.29999999999927,0.6416666666664241,0.16666666666666666,0.1916666666669092,7,0,0.00014704638205476073,6.0,3.849999999998545,0.0,2024-08-22T11:37:00+05:30,24826.0,30,21.799999999999272,5.349999999998545,12.299999999999272,10.799999999999272,True,True,0.5642201834862239
NIFTY:2024-08-22,2024-08-22,NIFTY,compression_expansion_up,2024-08-22T12:55:00+05:30,2024-08-22T12:55:00+05:30,UP,{},"{'source_path': '/Users/madhuram/tradebot-structural-edge-discovery-v3/runtime/upstox_candidate_replay.zip!upstox_candidate_replay/20240822/underlying/NIFTY_20240822.parquet', 'source_hash': '4357f109ed631802b3774c34db9c318f71742f8e99de307408af71bf00810707'}",{'completed_bar_only': True},"{'buy_ce_allowed': True, 'buy_pe_allowed': False, 'research_only': True}",8e0cdf351e09322fd54ad9e09d4428e7cab2aa2ab0bb73636b1e53757e274ce1,24833.1,2024-08-22 12:54:00+05:30,219,0.0019086510719516772,68.5,0.0,133.45000000000073,4.329999999999563,4.106666666665842,8.564985729874544e-05,4.053571428570649,9.601136363635305,34.25,48.64999999999782,0.5234899328855619,0.2818791946311379,0.19463087248330013,0,0,0.0001892993507432994,7.450000000000728,3.899999999997817,0.0,2024-08-22T12:55:00+05:30,24833.55,30,2.0499999999992724,32.70000000000073,-16.549999999999272,-18.049999999999272,False,False,-8.073170731709828
NIFTY:2024-08-22,2024-08-22,NIFTY,compression_expansion_up,2024-08-22T13:45:00+05:30,2024-08-22T13:45:00+05:30,UP,{},"{'source_path': '/Users/madhuram/tradebot-structural-edge-discovery-v3/runtime/upstox_candidate_replay.zip!upstox_candidate_replay/20240822/underlying/NIFTY_20240822.parquet', 'source_hash': '4357f109ed631802b3774c34db9c318f71742f8e99de307408af71bf00810707'}",{'completed_bar_only': True},"{'buy_ce_allowed': True, 'buy_pe_allowed': False, 'research_only': True}",33048ec03af32aefcf5bb503924780dea52c7640040201a75f01b8d55c0ce7a0,24816.25,2024-08-22 13:44:00+05:30,269,0.0011157336604537109,68.5,0.0,133.45000000000073,4.859999999999127,5.146666666666473,0.00010826186212609802,5.167857142857039,-5.312407407407591,51.099999999998545,31.799999999999272,0.8121212121213003,0.10909090909108547,0.0787878787876142,4,0,0.00029424864816918195,8.25,6.700000000000728,0.0,2024-08-22T13:45:00+05:30,24817.35,30,20.350000000002183,1.8999999999978172,12.700000000000728,11.200000000000728,True,True,0.6240786240785929
NIFTY:2024-08-22,2024-08-22,NIFTY,compression_expansion_up,2024-08-22T13:47:00+05:30,2024-08-22T13:47:00+05:30,UP,{},"{'source_path': '/Users/madhuram/tradebot-structural-edge-discovery-v3/runtime/upstox_candidate_replay.zip!upstox_candidate_replay/20240822/underlying/NIFTY_20240822.parquet', 'source_hash': '4357f109ed631802b3774c34db9c318f71742f8e99de307408af71bf00810707'}",{'completed_bar_only': True},"{'buy_ce_allowed': True, 'buy_pe_allowed': False, 'research_only': True}",7f3e9cb458fbe123c61f3e3d55a2103624ea172b6f11e032bf38f41c53de4ab8,24824.0,2024-08-22 13:46:00+05:30,271,0.0014667963311932718,68.5,0.0,133.45000000000073,5.829999999998836,5.443333333332945,0.0001244511979708623,5.335714285713818,2.4441176470572827,43.349999999998545,39.54999999999927,0.6020942408377422,0.17801047120427824,0.21989528795797955,0,0,0.00026795769894860655,9.549999999999272,5.75,0.0,2024-08-22T13:47:00+05:30,24825.1,30,12.600000000002183,9.25,4.25,2.75,True,False,0.33730158730152887
NIFTY:2024-08-23,2024-08-23,NIFTY,compression_expansion_up,2024-08-23T10:29:00+05:30,2024-08-23T10:29:00+05:30,UP,{},"{'source_path': '/Users/madhuram/tradebot-structural-edge-discovery-v3/runtime/upstox_candidate_replay.zip!upstox_candidate_replay/20240823/underlying/NIFTY_20240823.parquet', 'source_hash': '4357f109ed631802b3774c34db9c318f71742f8e99de307408af71bf00810707'}",{'completed_bar_only': True},"{'buy_ce_allowed': True, 'buy_pe_allowed': False, 'research_only': True}",79cdb1fbcf9374319c16d890cf5116d662228c54101aac158ca037b1dc0d5b54,24817.2,2024-08-23 10:28:00+05:30,73,-0.0001289755712207428,66.10000000000218,0.0,82.89999999999782,6.459999999999854,6.936666666666861,0.00019941454243547165,7.050000000000312,9.368243243243342,41.20000000000073,45.54999999999927,0.7392996108950254,0.2373540856030831,0.023346303501891548,5,0,0.0003829456176913659,12.849999999998545,9.5,0.0,2024-08-23T10:29:00+05:30,24816.7,30,32.25,2.850000000002183,20.25,18.75,True,True,0.627906976744186
NIFTY:2024-08-23,2024-08-23,NIFTY,compression_expansion_up,2024-08-23T10:32:00+05:30,2024-08-23T10:32:00+05:30,UP,{},"{'source_path': '/Users/madhuram/tradebot-structural-edge-discovery-v3/runtime/upstox_candidate_replay.zip!upstox_candidate_replay/20240823/underlying/NIFTY_20240823.parquet', 'source_hash': '4357f109ed631802b3774c34db9c318f71742f8e99de307408af71bf00810707'}",{'completed_bar_only': True},"{'buy_ce_allowed': True, 'buy_pe_allowed': False, 'research_only': True}",7520f958eb960bedd650c974e2f34867f67c58faaa297e2139c7d5d5cc4539ed,24819.7,2024-08-23 10:31:00+05:30,76,0.0002740730888439868,66.10000000000218,0.0,82.89999999999782,7.6,6.930000000000291,0.00019824080871672713,6.800000000000312,11.466883116885583,38.70000000000073,48.04999999999927,0.18867924528304478,0.6037735849055373,0.20754716981141788,0,0,0.00011685632313596095,10.599999999998545,2.0,0.0,2024-08-23T10:32:00+05:30,24819.9,30,29.049999999999272,5.700000000000728,17.69999999999709,16.19999999999709,True,True,0.6092943201376088
NIFTY:2024-08-23,2024-08-23,NIFTY,compression_expansion_up,2024-08-23T10:47:00+05:30,2024-08-23T10:47:00+05:30,UP,{},"{'source_path': '/Users/madhuram/tradebot-structural-edge-discovery-v3/runtime/upstox_candidate_replay.zip!upstox_candidate_replay/20240823/underlying/NIFTY_20240823.parquet', 'source_hash': '4357f109ed631802b3774c34db9c318f71742f8e99de307408af71bf00810707'}",{'completed_bar_only': True},"{'buy_ce_allowed': True, 'buy_pe_allowed': False, 'research_only': True}",679a99e362ead15711780f45ec5cadc38326656b381b88b165d36bf1c6f1d87a,24836.5,2024-08-23 10:46:00+05:30,91,0.000640847369502832,66.10000000000218,0.0,82.89999999999782,7.18999999999869,6.476666666666278,0.00016638805695141465,6.667857142856779,25.76521739130476,21.900000000001455,64.84999999999854,0.9417475728156711,0.019417475728227353,0.0388349514561015,0,0,0.00040682499274957706,10.299999999999272,9.700000000000728,0.0,2024-08-23T10:47:00+05:30,24836.65,30,14.0,4.0,4.049999999999272,2.5499999999992724,True,False,0.2892857142856623
NIFTY:2024-08-23,2024-08-23,NIFTY,compression_expansion_up,2024-08-23T12:21:00+05:30,2024-08-23T12:21:00+05:30,UP,{},"{'source_path': '/Users/madhuram/tradebot-structural-edge-discovery-v3/runtime/upstox_candidate_replay.zip!upstox_candidate_replay/20240823/underlying/NIFTY_20240823.parquet', 'source_hash': '4357f109ed631802b3774c34db9c318f71742f8e99de307408af71bf00810707'}",{'completed_bar_only': True},"{'buy_ce_allowed': True, 'buy_pe_allowed': False, 'research_only': True}",d3194651ad5e202a67e8beb8784f8b47b5f707951af4defc496def5e36ce8023,24845.35,2024-08-23 12:20:00+05:30,185,0.0011567496543856567,66.10000000000218,0.0,82.89999999999782,5.05,4.543333333333673,0.00011024370687980361,4.439285714286078,19.567204301074526,13.05000000000291,73.69999999999709,0.7516339869279616,0.019607843137441395,0.22875816993459702,0,0,0.00019725890634014753,7.650000000001455,5.75,0.0,2024-08-23T12:21:00+05:30,24845.3,30,0.0,13.899999999997817,-9.349999999998545,-10.849999999998545,False,False,0.0
NIFTY:2024-08-23,2024-08-23,NIFTY,compression_expansion_up,2024-08-23T12:30:00+05:30,2024-08-23T12:30:00+05:30,UP,{},"{'source_path': '/Users/madhuram/tradebot-structural-edge-discovery-v3/runtime/upstox_candidate_replay.zip!upstox_candidate_replay/20240823/underlying/NIFTY_20240823.parquet', 'source_hash': '4357f109ed631802b3774c34db9c318f71742f8e99de307408af71bf00810707'}",{'completed_bar_only': True},"{'buy_ce_allowed': True, 'buy_pe_allowed': False, 'research_only': True}",ddf56fba2e6f089e3676e1469ce0e45c384329ffb53fa3faa83da223372bc348,24839.55,2024-08-23 12:29:00+05:30,194,0.0010358350563662378,66.10000000000218,0.0,82.89999999999782,4.3799999999988355,4.3866666666658904,8.885426821922924e-05,4.407142857142129,13.068461538459815,18.850000000002183,67.89999999999782,0.43065693430676705,0.29927007299265806,0.2700729927005749,5,0,0.00010669608526026053,6.849999999998545,2.9500000000007276,0.0,2024-08-23T12:30:00+05:30,24839.25,30,5.200000000000728,9.299999999999272,-5.099999999998545,-6.599999999998545,False,False,-0.9807692307688137
NIFTY:2024-08-23,2024-08-23,NIFTY,compression_expansion_up,2024-08-23T12:46:00+05:30,2024-08-23T12:46:00+05:30,UP,{},"{'source_path': '/Users/madhuram/tradebot-structural-edge-discovery-v3/runtime/upstox_candidate_replay.zip!upstox_candidate_replay/20240823/underlying/NIFTY_20240823.parquet', 'source_hash': '4357f109ed631802b3774c34db9c318f71742f8e99de307408af71bf00810707'}",{'completed_bar_only': True},"{'buy_ce_allowed': True, 'buy_pe_allowed': False, 'research_only': True}",76e4c83ae3a8451bae1d8bd337e293e15017d68ac77971f0c5ff7d73c81965ce,24837.35,2024-08-23 12:45:00+05:30,210,0.0009592558109540271,66.10000000000218,0.0,82.89999999999782,4.639999999999418,4.516666666666667,8.574757217578122e-05,4.332142857142961,9.873696682461741,21.05000000000291,65.69999999999709,0.39552238805933276,0.3507462686570041,0.25373134328366315,0,0,0.00010871906791498631,6.700000000000728,2.649999999997817,0.0,2024-08-23T12:46:00+05:30,24837.2,30,5.849999999998545,13.950000000000728,-9.450000000000728,-10.950000000000728,False,False,-1.6153846153851417
NIFTY:2024-08-23,2024-08-23,NIFTY,compression_expansion_up,2024-08-23T14:47:00+05:30,2024-08-23T14:47:00+05:30,UP,{},"{'source_path': '/Users/madhuram/tradebot-structural-edge-discovery-v3/runtime/upstox_candidate_replay.zip!upstox_candidate_replay/20240823/underlying/NIFTY_20240823.parquet', 'source_hash': '4357f109ed631802b3774c34db9c318f71742f8e99de307408af71bf00810707'}",{'completed_bar_only': True},"{'buy_ce_allowed': True, 'buy_pe_allowed': False, 'research_only': True}",833abbe6c7116769c34825a218ddd53f092d06b772b69b7073974125440aa4cd,24834.7,2024-08-23 14:46:00+05:30,331,0.0008383412129346082,66.10000000000218,0.0,82.89999999999782,5.929999999999564,5.489999999999175,7.8654335785513e-05,5.482142857142078,5.273042168675602,23.700000000000728,63.04999999999927,0.35294117647058826,0.4647058823530268,0.18235294117638498,0,0,8.255260715217538e-05,8.5,3.0,0.0,2024-08-23T14:47:00+05:30,24832.1,30,4.200000000000728,37.39999999999782,-13.75,-15.25,False,False,-3.2738095238089566
NIFTY:2024-08-26,2024-08-26,NIFTY,compression_expansion_up,2024-08-26T09:48:00+05:30,2024-08-26T09:48:00+05:30,UP,{},"{'source_path': '/Users/madhuram/tradebot-structural-edge-discovery-v3/runtime/upstox_candidate_replay.zip!upstox_candidate_replay/20240826/underlying/NIFTY_20240826.parquet', 'source_hash': '4357f109ed631802b3774c34db9c318f71742f8e99de307408af71bf00810707'}",{'completed_bar_only': True},"{'buy_ce_allowed': True, 'buy_pe_allowed': False, 'research_only': True}",45d7c63a62c250c867491a2c1a79820052f4a0cb533500d96d5524e6c8c750bc,24982.2,2024-08-26 09:47:00+05:30,32,0.005458715319237307,45.29999999999927,0.0,86.75,12.320000000000437,12.143333333332945,0.000311855004691138,12.153571428571013,52.003030303032574,5.349999999998545,107.5,0.6836027713626219,0.2471131639722441,0.06928406466513401,0,5,0.0005807503294257277,21.649999999997817,14.799999999999272,0.0,2024-08-26T09:48:00+05:30,24981.6,30,57.20000000000073,15.349999999998545,56.60000000000218,55.10000000000218,True,True,0.9895104895105151
NIFTY:2024-08-26,2024-08-26,NIFTY,compression_expansion_up,2024-08-26T09:56:00+05:30,2024-08-26T09:56:00+05:30,UP,{},"{'source_path': '/Users/madhuram/tradebot-structural-edge-discovery-v3/runtime/upstox_candidate_replay.zip!upstox_candidate_replay/20240826/underlying/NIFTY_20240826.parquet', 'source_hash': '4357f109ed631802b3774c34db9c318f71742f8e99de307408af71bf00810707'}",{'completed_bar_only': True},"{'buy_ce_allowed': True, 'buy_pe_allowed': False, 'research_only': True}",3285976561412b6b55cab2d827b9aa0cc2bb02f14fa99ee8deb4ed4a8be9a600,24988.05,2024-08-26 09:55:00+05:30,40,0.006048683444850091,45.29999999999927,0.0,86.75,7.980000000001018,9.996666666666716,0.0002605042049192882,9.767857142857403,48.42439024390114,9.350000000002183,113.34999999999854,0.38216560509552366,0.5955414012739968,0.022292993630479527,6,5,0.0002161500081054868,15.700000000000728,6.0,0.0,2024-08-26T09:56:00+05:30,24988.25,30,55.54999999999927,22.0,22.549999999999272,21.049999999999272,True,True,0.40594059405939814
NIFTY:2024-08-26,2024-08-26,NIFTY,compression_expansion_up,2024-08-26T10:14:00+05:30,2024-08-26T10:14:00+05:30,UP,{},"{'source_path': '/Users/madhuram/tradebot-structural-edge-discovery-v3/runtime/upstox_candidate_replay.zip!upstox_candidate_replay/20240826/underlying/NIFTY_20240826.parquet', 'source_hash': '4357f109ed631802b3774c34db9c318f71742f8e99de307408af71bf00810707'}",{'completed_bar_only': True},"{'buy_ce_allowed': True, 'buy_pe_allowed': False, 'research_only': True}",db23eb5de5704a8a9ffbb9d63a572e349d3a765cbddb26fe8b8ad4b1df56bc9d,25008.25,2024-08-26 10:13:00+05:30,58,0.006350714908474429,45.29999999999927,0.0,86.75,9.4,8.153333333333284,0.0002506285070269191,8.189285714285818,55.74830508474406,1.3499999999985448,133.54999999999927,0.9280397022333873,0.06699751861035688,0.004962779156255863,0,5,0.0007362989373687068,20.149999999997817,18.700000000000728,0.0,2024-08-26T10:14:00+05:30,25009.65,30,34.14999999999782,22.05000000000291,-2.600000000002183,-4.100000000002183,True,True,-0.0761346998536559
NIFTY:2024-08-26,2024-08-26,NIFTY,compression_expansion_up,2024-08-26T11:17:00+05:30,2024-08-26T11:17:00+05:30,UP,{},"{'source_path': '/Users/madhuram/tradebot-structural-edge-discovery-v3/runtime/upstox_candidate_replay.zip!upstox_candidate_replay/20240826/underlying/NIFTY_20240826.parquet', 'source_hash': '4357f109ed631802b3774c34db9c318f71742f8e99de307408af71bf00810707'}",{'completed_bar_only': True},"{'buy_ce_allowed': True, 'buy_pe_allowed': False, 'research_only': True}",edd0d0bcee8b9205e97c70fb7811b14fe7c9981f11d410b53167604209836c1b,24988.65,2024-08-26 11:16:00+05:30,121,0.006113116823756704,45.29999999999927,0.0,86.75,4.570000000000436,5.10666666666657,0.00010878621388741013,5.049999999999792,13.79631147541295,55.14999999999782,113.95000000000073,0.6666666666666666,0.05999999999961195,0.2733333333337214,5,9,0.00018011419239805093,7.5,5.0,0.0,2024-08-26T11:17:00+05:30,24988.45,30,31.799999999999272,8.450000000000728,16.0,14.5,True,True,0.5031446540880619
NIFTY:2024-08-26,2024-08-26,NIFTY,compression_expansion_up,2024-08-26T12:42:00+05:30,2024-08-26T12:42:00+05:30,UP,{},"{'source_path': '/Users/madhuram/tradebot-structural-edge-discovery-v3/runtime/upstox_candidate_replay.zip!upstox_candidate_replay/20240826/underlying/NIFTY_20240826.parquet', 'source_hash': '4357f109ed631802b3774c34db9c318f71742f8e99de307408af71bf00810707'}",{'completed_bar_only': True},"{'buy_ce_allowed': True, 'buy_pe_allowed': False, 'research_only': True}",cf7f44233d63faa79e516378aafe125b2526c47eb10d11d0041c7d7096fb1252,25029.6,2024-08-26 12:41:00+05:30,206,0.007703815865511547,45.29999999999927,0.0,86.75,5.859999999999127,5.726666666666521,0.00013311186207141032,5.88571428571413,42.578743961348664,14.200000000000728,154.89999999999782,0.8012422360245556,0.12422360248448328,0.07453416149096112,0,9,0.0002397736536710049,8.049999999999272,6.44999999999709,0.0,2024-08-26T12:42:00+05:30,25030.45,30,4.299999999999272,18.5,-8.450000000000728,-9.950000000000728,False,False,-1.9651162790702692
NIFTY:2024-08-26,2024-08-26,NIFTY,compression_expansion_up,2024-08-26T13:23:00+05:30,2024-08-26T13:23:00+05:30,UP,{},"{'source_path': '/Users/madhuram/tradebot-structural-edge-discovery-v3/runtime/upstox_candidate_replay.zip!upstox_candidate_replay/20240826/underlying/NIFTY_20240826.parquet', 'source_hash': '4357f109ed631802b3774c34db9c318f71742f8e99de307408af71bf00810707'}",{'completed_bar_only': True},"{'buy_ce_allowed': True, 'buy_pe_allowed': False, 'research_only': True}",3e392a30ac95e91d06c415403e818ea7ffb2bbb4e5091538e668f032201a5a2b,25022.45,2024-08-26 13:22:00+05:30,247,0.007496420927156111,45.29999999999927,0.0,86.75,5.669999999998981,5.333333333333091,9.384663460732414e-05,5.435714285713922,29.547782258065126,21.349999999998545,147.75,0.5816993464052133,0.30065359477108955,0.11764705882369725,0,9,0.0002038585221857403,7.650000000001455,4.450000000000728,0.0,2024-08-26T13:23:00+05:30,25022.55,30,5.75,20.899999999997817,-3.0499999999992724,-4.549999999999272,False,False,-0.5304347826085691
NIFTY:2024-08-26,2024-08-26,NIFTY,compression_expansion_up,2024-08-26T15:17:00+05:30,2024-08-26T15:17:00+05:30,UP,{},"{'source_path': '/Users/madhuram/tradebot-structural-edge-discovery-v3/runtime/upstox_candidate_replay.zip!upstox_candidate_replay/20240826/underlying/NIFTY_20240826.parquet', 'source_hash': '4357f109ed631802b3774c34db9c318f71742f8e99de307408af71bf00810707'}",{'completed_bar_only': True},"{'buy_ce_allowed': True, 'buy_pe_allowed': False, 'research_only': True}",7932bc1045ed62546bbc4c4252f3705bfa918a10f76dd5a5581b094d46d96da5,25014.15,2024-08-26 15:16:00+05:30,361,0.007242714497711696,45.29999999999927,0.0,86.75,5.530000000000291,5.790000000000388,0.00011237948104818433,5.814285714286078,12.979972375691432,29.649999999997817,139.45000000000073,0.29696969696978515,0.23636363636328359,0.46666666666693124,9,9,8.795795609706225e-05,8.25,2.4500000000007276,0.0,2024-08-26T15:17:00+05:30,25015.7,30,1.0499999999992724,11.100000000002183,-4.25,-5.75,False,False,-4.047619047621852
